Frequency_Hz,Y11_Real,Y11_Imag,Y12_Real,Y12_Imag,Y21_Real,Y21_Imag,Y22_Real,Y22_Imag
0.1,0.689928244954155,-0.00766953090191393,-0.418819044047379,-0.000777832861789804,0.160147743911413,-0.000778163960498199,-0.932047517995251,-7.34900561296936e-05
0.100693514841637,0.689927402279693,-0.00772274155159514,-0.418819245504522,-0.000783232397278962,0.160147812618099,-0.000783570425154269,-0.932049058738572,-7.3925077989298e-05
0.10139183931163,0.689926547810245,-0.00777632166688874,-0.418819449778859,-0.00078866948648468,0.160147882264352,-0.000789014588435306,-0.932050620829314,-7.43615575900664e-05
0.102095006765465,0.689925681379799,-0.00783027381918675,-0.418819656909968,-0.000794144392066196,0.160147952862783,-0.000794496716027355,-0.932052204561884,-7.47994725364687e-05
0.102803050789954,0.68992480281998,-0.00788460059789895,-0.418819866937992,-0.000799657378549888,0.160148024426165,-0.000800017075546726,-0.932053810234709,-7.52387996022646e-05
0.103516005204838,0.689923911960016,-0.0079393046105816,-0.41882007990364,-0.000805208712343182,0.160148096967437,-0.000805575936555169,-0.93205543815029,-7.56795147108177e-05
0.104233904064403,0.689923008626707,-0.00799438848306689,-0.418820295848201,-0.000810798661748503,0.160148170499703,-0.000811173570575182,-0.932057088615261,-7.61215929149586e-05
0.104956781659108,0.689922092644384,-0.00804985485959351,-0.418820514813549,-0.000816427496977393,0.160148245036234,-0.000816810251105494,-0.93205876194044,-7.65650083763975e-05
0.105684672517218,0.689921163834875,-0.00810570640293832,-0.418820736842152,-0.000822095490164736,0.160148320590474,-0.00082248625363669,-0.932060458440887,-7.70097343446852e-05
0.106417611406461,0.689920222017474,-0.00816194579454877,-0.41882096197708,-0.000827802915383087,0.160148397176038,-0.000828201855666938,-0.932062178435961,-7.74557431359041e-05
0.10715563333568,0.689919267008895,-0.00821857573467641,-0.418821190262018,-0.000833550048657118,0.160148474806715,-0.000833957336717922,-0.932063922249374,-7.79030061105607e-05
0.107898773556513,0.689918298623243,-0.00827559894251147,-0.418821421741267,-0.000839337167978222,0.160148553496471,-0.000839752978350893,-0.932065690209256,-7.83514936513255e-05
0.108647067565072,0.689917316671967,-0.00833301815631836,-0.41882165645976,-0.000845164553319176,0.160148633259448,-0.000845589064182881,-0.932067482648204,-7.88011751401557e-05
0.109400551103639,0.689916320963831,-0.00839083613357215,-0.418821894463069,-0.000851032486648981,0.160148714109972,-0.000851465879903051,-0.932069299903354,-7.92520189349111e-05
0.110159260162376,0.689915311304868,-0.00844905565109636,-0.418822135797413,-0.000856941251947824,0.160148796062547,-0.000857383713289239,-0.932071142316429,-7.97039923456158e-05
0.11092323098104,0.689914287498342,-0.00850767950520129,-0.418822380509666,-0.000862891135222103,0.160148879131866,-0.000863342854224613,-0.932073010233808,-8.01570616099159e-05
0.111692500050717,0.68991324934471,-0.00856671051182391,-0.418822628647373,-0.000868882424519653,0.160148963332804,-0.000869343594714516,-0.932074904006587,-8.06111918684599e-05
0.112467104115564,0.689912196641575,-0.00862615150666846,-0.418822880258752,-0.000874915409945075,0.160149048680427,-0.000875386228903473,-0.932076823990638,-8.10663471393289e-05
0.113247080174565,0.689911129183651,-0.0086860053453482,-0.41882313539271,-0.000880990383675164,0.160149135189991,-0.000881471053092339,-0.932078770546676,-8.15224902921477e-05
0.114032465483296,0.689910046762718,-0.00874627490352838,-0.418823394098846,-0.00088710763997451,0.160149222876947,-0.000887598365755638,-0.932080744040324,-8.19795830216824e-05
0.114823297555707,0.689908949167577,-0.00880696307707001,-0.41882365642747,-0.000893267475211213,0.160149311756937,-0.00089376846755906,-0.932082744842173,-8.24375858206189e-05
0.115619614165913,0.68990783618401,-0.008868072782175,-0.418823922429606,-0.000899470187872721,0.160149401845802,-0.000899981661377113,-0.932084773327854,-8.2896457952189e-05
0.116421453349997,0.689906707594732,-0.00892960695553214,-0.418824192157005,-0.000905716078581813,0.160149493159583,-0.000906238252310969,-0.9320868298781,-8.33561574218114e-05
0.117228853407829,0.689905563179349,-0.00899156855446442,-0.418824465662157,-0.000912005450112728,0.160149585714522,-0.000912538547706478,-0.932088914878819,-8.38166409483365e-05
0.118041852904894,0.689904402714312,-0.00905396055707737,-0.418824742998298,-0.000918338607407409,0.160149679527064,-0.000918882857172353,-0.932091028721154,-8.42778639346675e-05
0.118860490674132,0.68990322597287,-0.00911678596240839,-0.418825024219426,-0.000924715857591899,0.160149774613861,-0.00092527149259853,-0.932093171801563,-8.47397804377217e-05
0.1196848058178,0.689902032725022,-0.00918004779057751,-0.418825309380307,-0.000931137509992879,0.160149870991771,-0.000931704768174723,-0.932095344521879,-8.52023431377816e-05
0.120514837709331,0.689900822737469,-0.00924374908293901,-0.41882559853649,-0.000937603876154341,0.160149968677865,-0.000938183000409147,-0.932097547289388,-8.56655033072279e-05
0.12135062599522,0.689899595773571,-0.00930789290223429,-0.418825891744317,-0.000944115269854397,0.160150067689424,-0.000944706508147432,-0.932099780516897,-8.61292107785447e-05
0.122192210596917,0.689898351593289,-0.00937248233274608,-0.418826189060933,-0.000950672007122261,0.160150168043946,-0.00095127561259173,-0.932102044622811,-8.65934139117619e-05
0.123039631712731,0.689897089953143,-0.00943752048045344,-0.418826490544301,-0.000957274406255341,0.160150269759146,-0.000957890637320001,-0.932104340031201,-8.70580595610099e-05
0.123892929819754,0.689895810606154,-0.0095030104731884,-0.418826796253211,-0.000963922787836495,0.160150372852957,-0.0009645519083055,-0.932106667171884,-8.75230930406784e-05
0.124752145675793,0.689894513301798,-0.00956895546079328,-0.418827106247295,-0.000970617474751441,0.160150477343534,-0.000971259753936447,-0.932109026480494,-8.79884580905904e-05
0.125617320321316,0.689893197785953,-0.00963535861527988,-0.418827420587036,-0.000977358792206319,0.160150583249258,-0.000978014505035931,-0.932111418398561,-8.8454096840565e-05
0.126488495081411,0.689891863800843,-0.00970222313098913,-0.418827739333782,-0.000984147067745393,0.160150690588734,-0.000984816494881943,-0.932113843373591,-8.89199497742521e-05
0.127365711567764,0.689890511084985,-0.00976955222475242,-0.418828062549762,-0.000990982631268881,0.160150799380797,-0.000991666059227684,-0.932116301859138,-8.93859556921409e-05
0.128249011680643,0.689889139373135,-0.00983734913605429,-0.418828390298091,-0.000997865815051034,0.160150909644512,-0.000998563536322041,-0.932118794314887,-8.98520516739096e-05
0.129138437610901,0.689887748396235,-0.00990561712719579,-0.418828722642791,-0.00100479695375826,0.16015102139918,-0.00100550926693027,-0.932121321206737,-9.03181730398661e-05
0.130034031841991,0.689886337881349,-0.00997435948345982,-0.4188290596488,-0.00101177638446748,0.160151134664334,-0.00101250359435492,-0.932123883006876,-9.07842533116321e-05
0.130935837151994,0.689884907551613,-0.010043579513277,-0.418829401381988,-0.00101880444668458,0.160151249459749,-0.0010195468644569,-0.932126480193868,-9.125022417205e-05
0.131843896615665,0.689883457126172,-0.0101132805483935,-0.418829747909168,-0.00102588148236313,0.160151365805438,-0.00102663942567686,-0.932129113252735,-9.17160154241883e-05
0.132758253606487,0.689881986320124,-0.0101834659440396,-0.41883009929811,-0.00103300783592316,0.160151483721658,-0.00103378162905669,-0.93213178267504,-9.21815549495206e-05
0.133678951798747,0.689880494844458,-0.0102541390790999,-0.418830455617559,-0.00104018385427014,0.160151603228911,-0.00104097382826136,-0.932134488958975,-9.26467686652444e-05
0.134606035169616,0.689878982405994,-0.0103253033562846,-0.418830816937245,-0.00104740988681414,0.160151724347948,-0.00104821637960081,-0.932137232609444,-9.31115804807259e-05
0.135539548001256,0.689877448707317,-0.0103969622023024,-0.418831183327899,-0.00105468628548915,0.160151847099767,-0.00105550964205227,-0.932140014138154,-9.357591225298e-05
0.136479534882933,0.689875893446722,-0.0104691190680344,-0.418831554861268,-0.00106201340477257,0.160151971505623,-0.00106285397728264,-0.932142834063699,-9.40396837413038e-05
0.137426040713143,0.689874316318141,-0.0105417774287094,-0.418831931610132,-0.00106939160170486,0.160152097587023,-0.0010702497496712,-0.932145692911653,-9.45028125609107e-05
0.138379110701763,0.689872717011085,-0.0106149407840809,-0.418832313648314,-0.00107682123590942,0.160152225365733,-0.00107769732633256,-0.93214859121466,-9.49652141355867e-05
0.139338790372205,0.689871095210574,-0.010688612658605,-0.418832701050701,-0.00108430266961251,0.160152354863777,-0.00108519707713976,-0.932151529512524,-9.54268016495341e-05
0.140305125563594,0.68986945059707,-0.0107627966016198,-0.418833093893255,-0.00109183626766355,0.160152486103444,-0.00109274937474768,-0.932154508352304,-9.58874859979947e-05
0.141278162432955,0.689867782846413,-0.0108374961875266,-0.418833492253035,-0.0010994223975554,0.160152619107285,-0.00110035459461675,-0.932157528288404,-9.63471757368523e-05
0.14225794745742,0.689866091629746,-0.0109127150159715,-0.418833896208207,-0.00110706142944499,0.160152753898121,-0.00110801311503677,-0.932160589882674,-9.68057770315556e-05
0.143244527436446,0.689864376613448,-0.01098845671203,-0.418834305838063,-0.00111475373617397,0.16015289049904,-0.00111572531715109,-0.932163693704498,-9.7263193604466e-05
0.14423794949405,0.689862637459064,-0.0110647249263912,-0.418834721223039,-0.00112249969328973,0.160153028933405,-0.001123491584981,-0.932166840330898,-9.77193266815668e-05
0.145238261081064,0.689860873823228,-0.0111415233355447,-0.418835142444729,-0.00113029967906642,0.16015316922485,-0.00113131230545041,-0.932170030346631,-9.8174074937743e-05
0.146245509977397,0.689859085357593,-0.0112188556419686,-0.418835569585905,-0.00113815407452629,0.16015331139729,-0.00113918786841079,-0.932173264344286,-9.86273344411037e-05
0.147259744294318,0.689857271708755,-0.0112967255743188,-0.418836002730535,-0.00114606326346118,0.160153455474916,-0.00114711866666628,-0.932176542924383,-9.90789985963192e-05
0.148281012476756,0.689855432518177,-0.0113751368876198,-0.418836441963796,-0.00115402763245422,0.160153601482203,-0.00115510509599921,-0.932179866695483,-9.9528958086334e-05
0.149309363305612,0.689853567422112,-0.0114540933634573,-0.418836887372098,-0.00116204757090166,0.160153749443909,-0.00116314755519587,-0.932183236274281,-9.99771008132894e-05
0.150344845900091,0.689851676051522,-0.0115335988101719,-0.418837339043098,-0.001170123471035,0.160153899385078,-0.0011712464460724,-0.932186652285717,-0.000100423311838224
0.151387509720044,0.689849758032005,-0.0116136570630544,-0.418837797065722,-0.00117825572794325,0.160154051331046,-0.0011794021735012,-0.932190115363079,-0.00010086747331918
0.152437404568337,0.689847812983706,-0.0116942719845427,-0.418838261530181,-0.00118644473959538,0.160154205307438,-0.00118761514543742,-0.932193626148107,-0.000101309464448432
0.153494580593225,0.689845840521238,-0.0117754474644204,-0.418838732527992,-0.00119469090686308,0.160154361340173,-0.00119588577294584,-0.932197185291106,-0.000101749161388331
0.154559088290748,0.6898438402536,-0.0118571874200163,-0.418839210151997,-0.00120299463354356,0.160154519455466,-0.00120421447022804,-0.932200793451053,-0.000102186437205665
0.155630978507143,0.689841811784092,-0.0119394957964064,-0.418839694496382,-0.00121135632638271,0.160154679679833,-0.00121260165464983,-0.932204451295702,-0.000102621161804789
0.156710302441275,0.689839754710224,-0.0120223765666167,-0.418840185656701,-0.0012197763950984,0.160154842040088,-0.00122104774676898,-0.932208159501704,-0.00010305320185959
0.15779711164708,0.689837668623633,-0.0121058337318277,-0.418840683729889,-0.001228255252404,0.160155006563349,-0.00122955317036332,-0.932211918754714,-0.000103482420743678
0.158891458036027,0.689835553109995,-0.012189871321581,-0.418841188814291,-0.00123679331403209,0.160155173277041,-0.00123811835245901,-0.932215729749509,-0.000103908678459497
0.159993393879601,0.689833407748928,-0.0122744933939868,-0.418841701009679,-0.0012453909987585,0.160155342208896,-0.0012467437233593,-0.932219593190096,-0.000104331831565774
0.161102971811794,0.689831232113905,-0.0123597040359336,-0.418842220417272,-0.00125404872842636,0.160155513386954,-0.00125542971667343,-0.932223509789839,-0.00010475173310362
0.162220244831628,0.689829025772164,-0.0124455073632992,-0.418842747139762,-0.00126276692797064,0.160155686839571,-0.001264176769346,-0.932227480271567,-0.000105168232521075
0.163345266305675,0.689826788284602,-0.0125319075211632,-0.418843281281333,-0.00127154602544266,0.160155862595415,-0.00127298532168656,-0.932231505367701,-0.000105581175596142
0.164478089970617,0.689824519205687,-0.0126189086840218,-0.418843822947684,-0.00128038645203502,0.160156040683472,-0.00128185581739957,-0.932235585820369,-0.000105990404358228
0.165618769935804,0.689822218083362,-0.0127065150560038,-0.418844372246052,-0.00128928864210662,0.160156221133046,-0.0012907887036147,-0.932239722381529,-0.000106395757007993
0.166767360685846,0.689819884458935,-0.0127947308710879,-0.418844929285239,-0.00129825303320802,0.160156403973763,-0.00129978443091743,-0.932243915813095,-0.000106797067835784
0.167923917083208,0.689817517866988,-0.0128835603933225,-0.418845494175627,-0.00130728006610695,0.160156589235572,-0.00130884345338004,-0.932248166887059,-0.00010719416713792
0.169088494370839,0.689815117835269,-0.0129730079170471,-0.418846067029211,-0.00131637018481413,0.160156776948747,-0.00131796622859293,-0.932252476385616,-0.000107586881132007
0.170261148174801,0.689812683884587,-0.0130630777671146,-0.418846647959618,-0.00132552383660928,0.160156967143889,-0.00132715321769627,-0.932256845101294,-0.000107975031869711
0.171441934506935,0.689810215528709,-0.0131537742991163,-0.418847237082135,-0.00133474147206737,0.160157159851929,-0.001336404885412,-0.932261273837079,-0.00010835843714864
0.172630909767531,0.689807712274248,-0.0132451018996082,-0.41884783451373,-0.00134402354508515,0.160157355104129,-0.00134572170007629,-0.932265763406549,-0.000108736910421584
0.173828130748022,0.689805173620556,-0.0133370649863389,-0.418848440373082,-0.00135337051290788,0.160157552932084,-0.00135510413367219,-0.932270314634001,-0.000109110260704814
0.1750336546337,0.689802599059612,-0.0134296680084799,-0.418849054780605,-0.00136278283615638,0.160157753367724,-0.0013645526618628,-0.932274928354588,-0.000109478292483756
0.176247539006444,0.689799988075906,-0.0135229154468572,-0.418849677858474,-0.00137226097885425,0.160157956443315,-0.00137406776402478,-0.93227960541445,-0.000109840805617267
0.177469841847474,0.689797340146328,-0.0136168118141844,-0.418850309730652,-0.0013818054084554,0.160158162191465,-0.00138364992328219,-0.93228434667085,-0.000110197595239683
0.178700621540116,0.689794654740048,-0.0137113616552985,-0.418850950522918,-0.00139141659587182,0.160158370645117,-0.00139329962654076,-0.932289152992313,-0.000110548451661363
0.179939936872594,0.689791931318394,-0.013806569547397,-0.418851600362896,-0.0014010950155016,0.160158581837562,-0.00140301736452254,-0.932294025258761,-0.000110893160266523
0.181187847040838,0.68978916933474,-0.0139024401002767,-0.41885225938008,-0.00141084114525723,0.160158795802429,-0.00141280363180096,-0.932298964361655,-0.00011123150140982
0.182444411651309,0.689786368234371,-0.0139989779565745,-0.418852927705864,-0.00142065546659419,0.160159012573696,-0.00142265892683627,-0.932303971204137,-0.00011156325031024
0.183709690723849,0.689783527454368,-0.0140961877920106,-0.418853605473571,-0.0014305384645397,0.160159232185686,-0.00143258375201138,-0.93230904670117,-0.000111888176943228
0.184983744694544,0.689780646423475,-0.0141940743156326,-0.418854292818485,-0.0014404906277219,0.16015945467307,-0.00144257861366817,-0.932314191779684,-0.000112206045930541
0.186266634418617,0.689777724561972,-0.0142926422700626,-0.418854989877878,-0.00145051244839919,0.16015968007087,-0.00145264402214413,-0.93231940737872,-0.000112516616427916
0.187558421173328,0.689774761281543,-0.0143918964317449,-0.41885569679104,-0.00146060442248984,0.160159908414455,-0.00146278049180949,-0.93232469444958,-0.000112819642010584
0.188859166660905,0.689771755985142,-0.0144918416111971,-0.418856413699313,-0.00147076704960201,0.160160139739551,-0.00147298854110477,-0.932330053955972,-0.000113114870556402
0.190168933011491,0.689768708066857,-0.014592482653262,-0.418857140746122,-0.00148100083306383,0.160160374082231,-0.00148326869257871,-0.932335486874161,-0.000113402044126673
0.191487782786108,0.689765616911773,-0.014693824437362,-0.418857878077005,-0.00149130627995403,0.160160611478928,-0.00149362147292675,-0.932340994193123,-0.000113680898844754
0.192815778979652,0.68976248189583,-0.0147958718777553,-0.418858625839646,-0.00150168390113261,0.160160851966425,-0.00150404741302982,-0.932346576914693,-0.000113951164772058
0.194152985023894,0.689759302385684,-0.0148986299237944,-0.418859384183912,-0.00151213421127202,0.160161095581863,-0.00151454704799372,-0.932352236053725,-0.000114212565781743
0.195499464790516,0.689756077738555,-0.0150021035601859,-0.418860153261881,-0.00152265772888838,0.160161342362739,-0.00152512091718881,-0.932357972638243,-0.000114464819429894
0.196855282594159,0.689752807302086,-0.0151062978072529,-0.418860933227879,-0.00153325497637328,0.160161592346907,-0.00153576956429034,-0.9323637877096,-0.000114707636824085
0.198220503195496,0.689749490414191,-0.0152112177211994,-0.418861724238518,-0.00154392648002569,0.160161845572579,-0.00154649353731908,-0.932369682322638,-0.000114940722489465
0.199595191804325,0.689746126402899,-0.0153168683943767,-0.418862526452726,-0.00155467277008421,0.160162102078325,-0.00155729338868255,-0.932375657545848,-0.000115163774232083
0.200979414082682,0.689742714586205,-0.0154232549555514,-0.418863340031784,-0.00156549438075964,0.160162361903072,-0.00156816967521666,-0.932381714461531,-0.000115376482999668
0.202373236147981,0.689739254271907,-0.0155303825701761,-0.418864165139366,-0.00157639185026786,0.160162625086108,-0.00157912295822786,-0.932387854165961,-0.000115578532739621
0.203776724576168,0.689735744757448,-0.0156382564406617,-0.418865001941573,-0.00158736572086304,0.160162891667078,-0.00159015380353583,-0.93239407776955,-0.00011576960025407
0.205189946404906,0.689732185329753,-0.0157468818066523,-0.418865850606974,-0.00159841653887109,0.160163161685985,-0.00160126278151661,-0.932400386397016,-0.000115949355052464
0.206612969136771,0.689728575265064,-0.0158562639453015,-0.418866711306639,-0.00160954485472351,0.160163435183192,-0.00161245046714623,-0.93240678118755,-0.000116117459200912
0.208045860742482,0.689724913828768,-0.0159664081715518,-0.418867584214184,-0.00162075122299156,0.160163712199418,-0.00162371744004499,-0.932413263294984,-0.000116273567168659
0.209488689664142,0.689721200275228,-0.0160773198384147,-0.418868469505809,-0.0016320362024206,0.160163992775743,-0.00163506428452202,-0.932419833887963,-0.00011641732567183
0.210941524818514,0.689717433847611,-0.0161890043372546,-0.418869367360334,-0.00164340035596501,0.1601642769536,-0.00164649158962065,-0.932426494150116,-0.000116548373513756
0.212404435600306,0.689713613777705,-0.0163014670980738,-0.418870277959249,-0.00165484425082323,0.160164564774781,-0.00165799994916408,-0.932433245280233,-0.000116666341422642
0.21387749188549,0.689709739285744,-0.0164147135897995,-0.418871201486745,-0.00166636845847321,0.160164856281431,-0.00166958996180174,-0.932440088492438,-0.000116770851885398
0.215360764034637,0.689705809580221,-0.0165287493205742,-0.418872138129767,-0.00167797355470818,0.160165151516052,-0.00168126223105614,-0.932447025016364,-0.000116861518979106
0.21685432289628,0.689701823857704,-0.0166435798380466,-0.418873088078051,-0.00168966011967277,0.160165450521495,-0.00169301736537028,-0.932454056097335,-0.000116937948198545
0.218358239810298,0.689697781302643,-0.0167592107296664,-0.418874051524168,-0.00170142873789951,0.160165753340966,-0.00170485597815563,-0.932461182996544,-0.000116999736280862
0.21987258661132,0.689693681087184,-0.0168756476229797,-0.418875028663571,-0.00171327999834552,0.160166060018019,-0.0017167786878407,-0.932468406991234,-0.000117046471026241
0.22139743563216,0.689689522370962,-0.0169928961859283,-0.418876019694641,-0.00172521449442976,0.160166370596557,-0.00172878611792016,-0.932475729374881,-0.00011707773111598
0.222932859707273,0.689685304300913,-0.0171109621271497,-0.418877024818729,-0.00173723282407046,0.160166685120826,-0.00174087889700456,-0.932483151457379,-0.000117093085926279
0.224478932176229,0.689681026011063,-0.0172298511962804,-0.418878044240208,-0.00174933558972299,0.160167003635419,-0.00175305765887067,-0.932490674565224,-0.000117092095338861
0.22603572688722,0.689676686622324,-0.0173495691842608,-0.418879078166519,-0.00176152339841801,0.16016732618527,-0.00176532304251232,-0.932498300041701,-0.000117074309547952
0.227603318200585,0.689672285242287,-0.0174701219236429,-0.418880126808218,-0.00177379686180011,0.160167652815649,-0.00177767569219201,-0.932506029247076,-0.000117039268863375
0.229181780992365,0.689667820965003,-0.0175915152888998,-0.418881190379028,-0.0017861565961666,0.160167983572163,-0.00179011625749301,-0.932513863558781,-0.000116986503509983
0.230771190657875,0.68966329287077,-0.0177137551967382,-0.418882269095886,-0.00179860322250693,0.160168318500753,-0.00180264539337211,-0.93252180437161,-0.000116915533423523
0.23237162311531,0.68965870002591,-0.0178368476064118,-0.418883363179,-0.00181113736654219,0.160168657647687,-0.001815263760213,-0.932529853097908,-0.000116825868041889
0.233983154809368,0.689654041482546,-0.0179607985200388,-0.418884472851894,-0.00182375965876521,0.160169001059559,-0.00182797202388037,-0.932538011167766,-0.000116717006093336
0.235605862714901,0.689649316278371,-0.0180856139829207,-0.418885598341467,-0.00183647073448091,0.160169348783284,-0.00184077085577453,-0.93254628002922,-0.000116588435380038
0.237239824340596,0.689644523436419,-0.018211300083863,-0.418886739878043,-0.00184927123384708,0.160169700866097,-0.00185366093288677,-0.932554661148443,-0.000116439632557655
0.238885117732672,0.689639661964823,-0.0183378629554994,-0.418887897695427,-0.00186216180191543,0.160170057355543,-0.00186664293785533,-0.932563156009945,-0.000116270062910873
0.240541821478611,0.68963473085658,-0.0184653087746175,-0.418889072030962,-0.0018751430886732,0.160170418299477,-0.00187971755902212,-0.932571766116775,-0.000116079180124559
0.242210014710909,0.689629729089305,-0.0185936437624871,-0.418890263125583,-0.00188821574908498,0.160170783746056,-0.00189288549049004,-0.932580492990717,-0.000115866426050715
0.24388977711086,0.689624655624979,-0.0187228741851907,-0.418891471223878,-0.00190138044313501,0.160171153743735,-0.00190614743218099,-0.9325893381725,-0.000115631230471064
0.24558118891236,0.689619509409697,-0.0188530063539569,-0.418892696574144,-0.00191463783586979,0.160171528341264,-0.00191950408989466,-0.932598303221991,-0.000115373010854958
0.247284330905736,0.689614289373414,-0.018984046625495,-0.418893939428447,-0.00192798859744124,0.160171907587674,-0.0019329561753679,-0.93260738971841,-0.000115091172113058
0.24899928444161,0.689608994429675,-0.0191160014023336,-0.418895200042687,-0.00194143340314997,0.160172291532281,-0.00194650440633493,-0.932616599260528,-0.000114785106346035
0.250726131434783,0.689603623475358,-0.0192488771331601,-0.418896478676651,-0.00195497293348925,0.160172680224671,-0.00196014950658815,-0.932625933466878,-0.000114454192589014
0.252464954368146,0.689598175390394,-0.0193826803131634,-0.418897775594086,-0.00196860787418919,0.160173073714697,-0.00197389220603977,-0.932635393975966,-0.000114097796550916
0.254215836296621,0.689592649037498,-0.0195174174843786,-0.418899091062756,-0.0019823389162613,0.160173472052473,-0.00198773324078415,-0.932644982446473,-0.000113715270348938
0.25597886085113,0.689587043261883,-0.0196530952360345,-0.418900425354509,-0.00199616675604361,0.16017387528836,-0.00200167335316083,-0.932654700557474,-0.000113305952238504
0.257754112242586,0.689581356890976,-0.0197897202049027,-0.418901778745344,-0.002010092095246,0.160174283472965,-0.0020157132918184,-0.932664550008642,-0.000112869166337778
0.259541675265918,0.689575588734127,-0.0199272990756504,-0.418903151515479,-0.0020241156409961,0.160174696657128,-0.00202985381177911,-0.932674532520469,-0.000112404222347054
0.261341635304121,0.689569737582315,-0.0200658385811937,-0.418904543949418,-0.00203823810588542,0.160175114891914,-0.00204409567450416,-0.932684649834472,-0.000111910415263608
0.263154078332332,0.689563802207846,-0.0202053455030555,-0.41890595633602,-0.00205246020801609,0.160175538228606,-0.0020584396479599,-0.932694903713414,-0.000111387025090379
0.26497909092194,0.689557781364046,-0.0203458266717238,-0.418907388968573,-0.00206678267104783,0.160175966718689,-0.00207288650668478,-0.932705295941515,-0.000110833316540035
0.266816760244719,0.689551673784949,-0.0204872889670134,-0.418908842144864,-0.00208120622424539,0.160176400413848,-0.00208743703185698,-0.932715828324673,-0.000110248538733176
0.268667174076992,0.689545478184984,-0.0206297393184302,-0.418910316167255,-0.00209573160252646,0.160176839365949,-0.00210209201136306,-0.932726502690679,-0.000109631924891357
0.270530420803823,0.689539193258647,-0.0207731847055368,-0.418911811342752,-0.00211035954650989,0.160177283627034,-0.00211685223986719,-0.932737320889436,-0.000108982692024251
0.27240658942324,0.689532817680177,-0.020917632158322,-0.41891332798309,-0.00212509080256441,0.160177733249306,-0.00213171851888141,-0.932748284793181,-0.000108300040611187
0.274295769550488,0.689526350103221,-0.0210630887575705,-0.418914866404804,-0.00213992612285767,0.160178188285116,-0.00214669165683654,-0.932759396296701,-0.000107583154276822
0.276198051422303,0.689519789160495,-0.0212095616352378,-0.418916426929307,-0.00215486626540581,0.160178648786954,-0.00216177246915407,-0.932770657317555,-0.000106831199461407
0.278113525901229,0.689513133463435,-0.0213570579748245,-0.418918009882977,-0.00216991199412332,0.16017911480743,-0.00217696177831882,-0.932782069796299,-0.000106043325084099
0.280042284479955,0.689506381601849,-0.0215055850117554,-0.418919615597232,-0.00218506407887344,0.160179586399267,-0.00219226041395248,-0.932793635696705,-0.000105218662201451
0.281984419285683,0.689499532143561,-0.0216551500337589,-0.418921244408617,-0.00220032329551884,0.160180063615278,-0.00220766921288799,-0.932805357005981,-0.000104356323658725
0.283940023084533,0.689492583634039,-0.0218057603812503,-0.418922896658888,-0.0022156904259728,0.16018054650836,-0.00222318901924479,-0.932817235735003,-0.000103455403735464
0.285909189285972,0.689485534596034,-0.0219574234477167,-0.418924572695096,-0.00223116625825089,0.16018103513147,-0.00223882068450506,-0.93282927391853,-0.000102514977784796
0.287892011947275,0.689478383529195,-0.0221101466801038,-0.418926272869678,-0.00224675158652278,0.160181529537614,-0.00225456506759067,-0.932841473615433,-0.000101534101865725
0.289888585778017,0.689471128909693,-0.0222639375792059,-0.418927997540544,-0.00226244721116481,0.160182029779829,-0.00227042303494115,-0.932853836908918,-0.000100511812369808
0.291899006144599,0.689463769189823,-0.0224188037000576,-0.418929747071167,-0.00227825393881274,0.160182535911163,-0.00228639546059253,-0.93286636590675,-9.94471256399732e-05
0.293923369074803,0.689456302797612,-0.0225747526523273,-0.41893152183068,-0.00229417258241493,0.160183047984658,-0.00230248322625708,-0.932879062741482,-9.83390375841331e-05
0.295961771262377,0.689448728136414,-0.0227317921007139,-0.418933322193964,-0.00231020396128612,0.160183566053333,-0.00231868722140401,-0.932891929570676,-9.71865232803903e-05
0.298014310071653,0.689441043584499,-0.0228899297653451,-0.418935148541749,-0.00232634890116136,0.160184090170161,-0.00233500834334107,-0.932904968577129,-9.5988536576469e-05
0.300081083542203,0.689433247494631,-0.0230491734221779,-0.418937001260709,-0.00234260823425048,0.160184620388049,-0.00235144749729706,-0.932918181969101,-9.47440096816798e-05
0.302162190393513,0.68942533819365,-0.0232095309034014,-0.41893888074356,-0.00235898279929305,0.160185156759819,-0.00236800559650541,-0.932931571980538,-9.34518527513084e-05
0.304257730029708,0.689417313982029,-0.0233710100978414,-0.418940787389165,-0.00237547344161353,0.160185699338181,-0.0023846835622885,-0.932945140871297,-9.21109534649522e-05
0.306367802544292,0.689409173133442,-0.0235336189513677,-0.418942721602633,-0.00239208101317699,0.160186248175719,-0.00240148232414312,-0.932958890927374,-9.0720176596365e-05
0.308492508724934,0.68940091389431,-0.0236973654673025,-0.418944683795428,-0.00240880637264522,0.160186803324855,-0.00241840281982688,-0.932972824461123,-8.92783635759453e-05
0.31063195005828,0.689392534483346,-0.023862257706832,-0.41894667438547,-0.00242565038543308,0.160187364837835,-0.00243544599544548,-0.932986943811489,-8.77843320465921e-05
0.312786228734801,0.689384033091092,-0.0240283037894192,-0.418948693797248,-0.00244261392376547,0.160187932766698,-0.00245261280554106,-0.933001251344224,-8.62368754111498e-05
0.314955447653674,0.689375407879445,-0.0241955118932184,-0.418950742461928,-0.00245969786673446,0.160188507163252,-0.00246990421318158,-0.933015749452114,-8.46347623719157e-05
0.317139710427697,0.689366656981177,-0.0243638902554929,-0.41895282081747,-0.00247690310035701,0.160189088079044,-0.00248732119005101,-0.933030440555199,-8.29767364629863e-05
0.319339121388238,0.689357778499443,-0.024533447173033,-0.418954929308735,-0.00249423051763292,0.160189675565334,-0.0025048647165408,-0.933045327101001,-8.12615155739438e-05
0.321553785590219,0.68934877050729,-0.0247041910025771,-0.418957068387608,-0.0025116810186032,0.160190269673067,-0.00252253578184205,-0.933060411564738,-7.94877914660486e-05
0.323783808817133,0.689339631047142,-0.0248761301612336,-0.418959238513114,-0.00252925551040878,0.160190870452838,-0.00254033538403895,-0.93307569644955,-7.76542292798277e-05
0.326029297586097,0.689330358130291,-0.0250492731269052,-0.41896144015154,-0.00254695490734971,0.160191477954866,-0.00255826453020312,-0.933091184286715,-7.57594670344752e-05
0.328290359152942,0.689320949736368,-0.0252236284387152,-0.418963673776557,-0.00256478013094454,0.160192092228957,-0.00257632423648901,-0.933106877635866,-7.38021151185375e-05
0.330567101517332,0.689311403812814,-0.0253992046974341,-0.418965939869345,-0.00258273210999016,0.160192713324475,-0.0025945155282303,-0.933122779085213,-7.17807557732153e-05
0.332859633427924,0.689301718274335,-0.0255760105659091,-0.418968238918722,-0.00260081178062189,0.160193341290304,-0.00261283944003736,-0.933138891251752,-6.96939425653409e-05
0.335168064387565,0.689291891002347,-0.025754054769495,-0.418970571421274,-0.0026190200863741,0.160193976174816,-0.00263129701589585,-0.933155216781484,-6.75401998530278e-05
0.337492504658521,0.689281919844418,-0.0259333460964852,-0.418972937881485,-0.00263735797824086,0.160194618025828,-0.00264988930926611,-0.933171758349625,-6.53180222417449e-05
0.339833065267741,0.689271802613694,-0.0261138933985461,-0.418975338811874,-0.00265582641473719,0.160195266890571,-0.00266861738318394,-0.933188518660816,-6.30258740316747e-05
0.342189858012163,0.68926153708832,-0.0262957055911517,-0.418977774733132,-0.00267442636196045,0.160195922815647,-0.00268748231036216,-0.933205500449334,-6.06621886559411e-05
0.344562995464054,0.689251121010845,-0.0264787916540195,-0.418980246174258,-0.00269315879365208,0.16019658584699,-0.00270648517329344,-0.933222706479295,-5.82253681097877e-05
0.346952590976386,0.689240552087617,-0.0266631606315474,-0.418982753672708,-0.00271202469125962,0.160197256029821,-0.00272562706435394,-0.933240139544864,-5.57137823702369e-05
0.349358758688252,0.689229827988181,-0.0268488216332526,-0.418985297774531,-0.00273102504399902,0.160197933408609,-0.00274490908590836,-0.933257802470451,-5.31257688065334e-05
0.351781613530314,0.689218946344643,-0.027035783834211,-0.418987879034525,-0.00275016084891722,0.160198618027025,-0.00276433235041576,-0.933275698110918,-5.04596315810124e-05
0.354221271230298,0.689207904751046,-0.0272240564754975,-0.418990498016382,-0.00276943311095499,0.160199309927896,-0.00278389798053663,-0.933293829351768,-4.77136410405865e-05
0.356677848318515,0.689196700762719,-0.0274136488646267,-0.418993155292841,-0.00278884284300991,0.160200009153157,-0.00280360710924095,-0.933312199109345,-4.48860330978795e-05
0.359151462133436,0.689185331895621,-0.0276045703759959,-0.418995851445844,-0.00280839106599973,0.160200715743804,-0.00282346087991736,-0.933330810331027,-4.19750086035342e-05
0.361642230827288,0.689173795625679,-0.0277968304513272,-0.418998587066696,-0.00282807880892592,0.160201429739842,-0.00284346044648347,-0.93334966599541,-3.89787327074176e-05
0.364150273371703,0.689162089388101,-0.027990438600111,-0.419001362756226,-0.00284790710893721,0.160202151180236,-0.00286360697349708,-0.933368769112493,-3.58953342107504e-05
0.366675709563398,0.689150210576691,-0.02818540440005,-0.419004179124947,-0.00286787701139369,0.160202880102853,-0.00288390163626872,-0.933388122723866,-3.27229049077171e-05
0.369218660029898,0.689138156543145,-0.0283817374975032,-0.419007036793231,-0.00288798956993066,0.160203616544412,-0.00290434562097506,-0.933407729902884,-2.94594989165842e-05
0.371779246235299,0.689125924596334,-0.0285794476079306,-0.41900993639147,-0.00290824584652297,0.160204360540426,-0.0029249401247735,-0.933427593754841,-2.61031320010485e-05
0.374357590486067,0.68911351200158,-0.0287785445163377,-0.419012878560259,-0.00292864691154925,0.160205112125142,-0.00294568635591784,-0.933447717417142,-2.2651780880234e-05
0.376953815936883,0.689100915979914,-0.0289790380777208,-0.419015863950564,-0.00294919384385641,0.160205871331482,-0.00296658553387503,-0.933468104059471,-1.91033825292231e-05
0.379568046596523,0.689088133707328,-0.0291809382175107,-0.419018893223907,-0.00296988773082415,0.160206638190983,-0.00298763888944293,-0.933488756883952,-1.54558334681532e-05
0.382200407333782,0.689075162314003,-0.0293842549320187,-0.419021967052548,-0.00299072966842956,0.160207412733733,-0.00300884766486928,-0.933509679125305,-1.17069890404886e-05
0.384851023883439,0.689061998883537,-0.0295889982888792,-0.41902508611967,-0.00301172076131174,0.160208194988304,-0.00303021311397151,-0.933530874051002,-7.8546626812448e-06
0.387520022852263,0.689048640452154,-0.0297951784274946,-0.419028251119571,-0.00303286212283652,0.160208984981685,-0.00305173650225795,-0.933552344961413,-3.89662517319422e-06
0.390207531725059,0.689035084007895,-0.0300028055594778,-0.419031462757854,-0.00305415487516108,0.160209782739215,-0.00307341910704972,-0.933574095189952,1.69396107307929e-07
0.392913678870758,0.689021326489801,-0.0302118899690954,-0.419034721751627,-0.00307560014929863,0.160210588284511,-0.00309526221760401,-0.933596128103209,4.34571795554506e-06
0.395638593548549,0.689007364787086,-0.030422442013708,-0.419038028829702,-0.00309719908518298,0.160211401639394,-0.00311726713523817,-0.933618447101089,8.63470211562301e-06
0.398382405914052,0.688993195738283,-0.0306344721242123,-0.419041384732799,-0.00311895283173309,0.160212222823814,-0.00313943517345504,-0.933641055616931,1.30387560682566e-05
0.401145247025537,0.688978816130388,-0.030847990805479,-0.419044790213754,-0.00314086254691744,0.160213051855776,-0.00316176765806911,-0.933663957117634,1.75603338303243e-05
0.403927248850181,0.688964222697985,-0.0310630086367914,-0.419048246037728,-0.00316292939781837,0.160213888751256,-0.00318426592733382,-0.933687155103769,2.22019367655812e-05
0.406728544270374,0.688949412122357,-0.0312795362722819,-0.419051752982428,-0.00318515456069609,0.160214733524122,-0.00320693133206998,-0.933710653109685,2.69661144077227e-05
0.409549267090063,0.68893438103058,-0.0314975844413664,-0.419055311838321,-0.00320753922105264,0.160215586186051,-0.00322976523579492,-0.93373445470361,3.18554652943281e-05
0.412389552041149,0.688919125994603,-0.0317171639491774,-0.419058923408858,-0.00323008457369561,0.160216446746438,-0.00325276901485299,-0.933758563487746,3.68726378126849e-05
0.415249534789915,0.688903643530316,-0.0319382856769945,-0.419062588510704,-0.00325279182280149,0.160217315212317,-0.00327594405854664,-0.933782983098355,4.20203310577405e-05
0.418129351943512,0.688887930096599,-0.032160960582673,-0.419066307973966,-0.00327566218197874,0.160218191588261,-0.00329929176926891,-0.933807717205832,4.73012957020458e-05
0.421029141056481,0.688871982094353,-0.0323851997010699,-0.419070082642433,-0.00329869687433067,0.160219075876294,-0.00332281356263646,-0.933832769514787,5.27183348767168e-05
0.423949040637325,0.688855795865524,-0.0326110141444672,-0.419073913373809,-0.00332189713251765,0.160219968075792,-0.00334651086762389,-0.933858143764096,5.82743050658863e-05
0.426889190155123,0.688839367692097,-0.0328384151029921,-0.419077801039965,-0.00334526419881922,0.160220868183389,-0.00337038512669873,-0.933883843726962,6.39721170115903e-05
0.429849730046193,0.688822693795092,-0.0330674138450347,-0.419081746527182,-0.00336879932519553,0.160221776192873,-0.0033944377959575,-0.933909873210959,6.98147366322843e-05
0.432830801720801,0.688805770333523,-0.0332980217176617,-0.419085750736406,-0.00339250377334824,0.160222692095082,-0.00341867034526261,-0.933936236058066,7.58051859527653e-05
0.435832547569911,0.688788593403356,-0.0335302501470269,-0.419089814583507,-0.0034163788147811,0.160223615877802,-0.00344308425838008,-0.933962936144699,8.19465440461409e-05
0.438855110971994,0.688771159036447,-0.0337641106387782,-0.419093938999538,-0.00344042573085968,0.160224547525652,-0.00346768103311831,-0.933989977381723,8.82419479888152e-05
0.441898636299867,0.688753463199451,-0.0339996147784592,-0.419098124931004,-0.00346464581287054,0.16022548701998,-0.00349246218146734,-0.934017363714463,9.46945938270494e-05
0.444963268927599,0.688735501792733,-0.0342367742319083,-0.419102373340136,-0.00348904036207974,0.16022643433874,-0.00351742922973924,-0.934045099122701,0.000101307737556455
0.448049155237445,0.688717270649242,-0.0344756007456522,-0.419106685205164,-0.00351361068979056,0.160227389456382,-0.00354258371870915,-0.934073187620662,0.000108084696113592
0.451156442626847,0.688698765533385,-0.0347161061472948,-0.419111061520599,-0.00353835811740044,0.160228352343727,-0.00356792720375711,-0.934101633256989,0.000115028848380022
0.454285279515466,0.688679982139868,-0.0349583023459003,-0.419115503297522,-0.00356328397645686,0.160229322967845,-0.0035934612550105,-0.934130440114709,0.000122143636198724
0.457435815352278,0.688660916092527,-0.0352022013323726,-0.419120011563876,-0.00358838960871273,0.160230301291929,-0.00361918745748747,-0.934159612311185,0.000129432565403154
0.46060820062271,0.688641562943138,-0.0354478151798274,-0.41912458736476,-0.00361367636618033,0.160231287275164,-0.00364510741124072,-0.934189153998057,0.000136899206858498
0.463802586855826,0.688621918170212,-0.0356951560439588,-0.419129231762732,-0.00363914561118439,0.160232280872596,-0.00367122273150216,-0.934219069361172,0.00014454719751561
0.467019126631568,0.688601977177763,-0.0359442361633999,-0.419133945838121,-0.00366479871641417,0.160233282034995,-0.00369753504882804,-0.934249362620495,0.000152380241477595
0.470257973588042,0.688581735294063,-0.036195067860077,-0.419138730689334,-0.00369063706497418,0.160234290708713,-0.00372404600924482,-0.934280038030018,0.000160402111077901
0.473519282428857,0.688561187770381,-0.0364476635395559,-0.419143587433178,-0.00371666205043377,0.160235306835548,-0.00375075727439537,-0.934311099877648,0.000168616647972131
0.476803208930514,0.688540329779692,-0.0367020356913815,-0.419148517205185,-0.00374287507687524,0.160236330352588,-0.00377767052168585,-0.934342552485078,0.000177027764241222
0.480109909949849,0.688519156415376,-0.0369581968894109,-0.419153521159941,-0.0037692775589408,0.160237361192073,-0.00380478744443308,-0.934374400207654,0.000185639443507662
0.483439543431522,0.68849766268989,-0.0372161597921362,-0.419158600471422,-0.00379587092187781,0.160238399281229,-0.0038321097520121,-0.934406647434216,0.000194455742063504
0.486792268415562,0.688475843533429,-0.0374759371430014,-0.419163756333334,-0.0038226566015826,0.160239444542122,-0.00385963917000444,-0.934439298586938,0.000203480790010896
0.490168245044966,0.688453693792554,-0.0377375417707091,-0.419168989959465,-0.00384963604464263,0.16024049689149,-0.00388737744034649,-0.934472358121134,0.000212718792415051
0.493567634573345,0.688431208228811,-0.0380009865895187,-0.419174302584035,-0.003876810708377,0.160241556240583,-0.00391532632147832,-0.934505830525067,0.000222174030469036
0.496990599372628,0.688408381517324,-0.0382662845995353,-0.419179695462059,-0.0039041820608749,0.160242622494994,-0.00394348758849264,-0.934539720319728,0.000231850862670885
0.500437302940819,0.688385208245363,-0.0385334488869888,-0.419185169869709,-0.00393175158103246,0.160243695554484,-0.00397186303328402,-0.934574032058606,0.000241753726012206
0.503907909909802,0.688361682910906,-0.0388024926245028,-0.419190727104694,-0.00395952075858755,0.160244775312809,-0.00400045446469835,-0.934608770327437,0.000251887137179413
0.50740258605321,0.688337799921158,-0.0390734290713517,-0.41919636848663,-0.00398749109415222,0.16024586165754,-0.00402926370868214,-0.934643939743939,0.000262255693766533
0.510921498294339,0.688313553591066,-0.0393462715737097,-0.419202095357434,-0.00401566409924338,0.160246954469878,-0.00405829260843222,-0.934679544957523,0.00027286407549923
0.514464814714125,0.688288938141808,-0.0396210335648851,-0.419207909081712,-0.00404404129631086,0.160248053624466,-0.00408754302454511,-0.934715590648993,0.000283717045470894
0.518032704559168,0.688263947699254,-0.0398977285655447,-0.419213811047158,-0.00407262421876315,0.160249158989196,-0.00411701683516653,-0.934752081530222,0.000294819451390205
0.52162533824982,0.688238576292413,-0.0401763701839255,-0.419219802664961,-0.00410141441099082,0.160250270425013,-0.00414671593614071,-0.934789022343809,0.000306176226839677
0.525242887388322,0.688212817851852,-0.0404569721160326,-0.41922588537022,-0.00413041342838705,0.160251387785714,-0.00417664224115941,-0.934826417862721,0.000317792392545507
0.528885524767003,0.688186666208099,-0.0407395481458261,-0.41923206062236,-0.00415962283736562,0.160252510917746,-0.00420679768191088,-0.934864272889908,0.000329673057658186
0.532553424376533,0.688160115090015,-0.0410241121453919,-0.41923832990556,-0.00418904421537599,0.160253639659987,-0.00423718420822836,-0.934902592257898,0.00034182342104444
0.536246761414231,0.688133158123154,-0.0413106780750994,-0.419244694729189,-0.0042186791509154,0.160254773843542,-0.00426780378823818,-0.934941380828381,0.000354248772589077
0.539965712292437,0.688105788828089,-0.0415992599837447,-0.419251156628248,-0.00424852924353793,0.160255913291519,-0.00429865840850746,-0.934980643491754,0.000366954494507715
0.543710454646936,0.688078000618727,-0.0418898720086785,-0.419257717163815,-0.00427859610386025,0.160257057818806,-0.00432975007419124,-0.935020385166661,0.000379946062669501
0.547481167345445,0.688049786800589,-0.0421825283759176,-0.419264377923505,-0.00430888135356409,0.160258207231842,-0.00436108080917896,-0.935060610799496,0.000393229047929905
0.551278030496154,0.688021140569078,-0.0424772434002411,-0.419271140521935,-0.00433938662539516,0.160259361328386,-0.00439265265624028,-0.935101325363895,0.000406809117472817
0.55510122545633,0.687992055007716,-0.04277403148527,-0.419278006601192,-0.00437011356315854,0.16026051989728,-0.0044244676771702,-0.935142533860194,0.00042069203616299
0.558950934840979,0.687962523086361,-0.0430729071235278,-0.419284977831316,-0.00440106382171008,0.160261682718201,-0.0044565279529331,-0.935184241314871,0.000434883667906338
0.56282734253157,0.6879325376594,-0.0433738848964855,-0.419292055910784,-0.00443223906694414,0.16026284956142,-0.00448883558380604,-0.935226452779957,0.000449389977020292
0.566730633684818,0.687902091463921,-0.0436769794745873,-0.41929924256701,-0.00446364097577705,0.160264020187546,-0.00452139268952099,-0.935269173332426,0.000464217029612302
0.570660994741526,0.687871177117855,-0.0439822056172565,-0.419306539556846,-0.00449527123612644,0.160265194347266,-0.00455420140940586,-0.935312408073559,0.000479370994966505
0.574618613435493,0.687839787118104,-0.0442895781728832,-0.419313948667094,-0.00452713154688615,0.160266371781087,-0.00458726390252437,-0.935356162128278,0.000494858146938393
0.578603678802477,0.687807913838635,-0.0445991120787909,-0.419321471715024,-0.00455922361789643,0.160267552219067,-0.00462058234781446,-0.93540044064446,0.000510684865356964
0.582616381189231,0.687775549528561,-0.0449108223611842,-0.419329110548908,-0.00459154916990982,0.160268735380536,-0.0046541589442257,-0.935445248792214,0.000526857637434819
0.586656912262587,0.687742686310187,-0.045224724135072,-0.41933686704855,-0.0046241099345516,0.160269920973828,-0.00468799591085457,-0.935490591763141,0.000543383059183722
0.590725465018618,0.68770931617704,-0.0455408326041721,-0.419344743125839,-0.00465690765427562,0.160271108695985,-0.00472209548707867,-0.93553647476956,0.000560267836837963
0.594822233791852,0.687675430991876,-0.0458591630607908,-0.419352740725294,-0.00468994408231446,0.160272298232476,-0.00475645993268883,-0.935582903043705,0.000577518788282938
0.598947414264556,0.687641022484657,-0.0461797308856812,-0.419360861824636,-0.00472322098262451,0.160273489256902,-0.00479109152801964,-0.935629881836893,0.000595142844489666
0.603101203476082,0.687606082250508,-0.0465025515478767,-0.419369108435353,-0.00475674012982523,0.160274681430689,-0.00482599257407786,-0.935677416418666,0.000613147050953999
0.607283799832281,0.687570601747653,-0.0468276406045,-0.419377482603284,-0.00479050330913245,0.16027587440279,-0.00486116539266885,-0.935725512075897,0.000631538569141443
0.611495403114975,0.687534572295319,-0.0471550137005475,-0.419385986409207,-0.00482451231628589,0.160277067809368,-0.00489661232652075,-0.935774174111868,0.00065032467793491
0.615736214491506,0.687497985071627,-0.0474846865686479,-0.419394621969438,-0.0048587689574703,0.160278261273482,-0.00493233573940649,-0.93582340784532,0.000669512775087061
0.620006436524339,0.68746083111145,-0.0478166750287941,-0.419403391436439,-0.00489327504923004,0.160279454404761,-0.00496833801626321,-0.935873218609463,0.000689110378675417
0.624306273180741,0.687423101304254,-0.0481509949880481,-0.419412296999436,-0.00492803241837721,0.160280646799078,-0.00500462156330927,-0.935923611750963,0.000709125128560528
0.628635929842521,0.68738478639191,-0.0484876624402185,-0.419421340885043,-0.00496304290189276,0.160281838038217,-0.00504118880815844,-0.935974592628887,0.000729564787844694
0.632995613315842,0.687345876966488,-0.0488266934655088,-0.419430525357899,-0.00499830834682033,0.160283027689526,-0.0050780421999314,-0.936026166613624,0.000750437244334323
0.637385531841099,0.687306363468024,-0.049168104230138,-0.419439852721315,-0.00503383061015317,0.160284215305579,-0.00511518420936431,-0.936078339085764,0.000771750512001734
0.641805895102865,0.687266236182265,-0.0495119109859289,-0.419449325317924,-0.00506961155871294,0.160285400423817,-0.00515261732891409,-0.936131115434949,0.000793512732446877
0.646256914239905,0.687225485238394,-0.0498581300698691,-0.419458945530352,-0.00510565306902109,0.160286582566195,-0.00519034407286074,-0.936184501058686,0.000815732176359274
0.650738801855265,0.687184100606722,-0.0502067779036374,-0.419468715781885,-0.00514195702716186,0.160287761238814,-0.00522836697740611,-0.936238501361121,0.000838417244979406
0.655251772026422,0.687142072096374,-0.0505578709931012,-0.41947863853716,-0.00517852532863732,0.160288935931555,-0.0052666886007693,-0.936293121751791,0.000861576471556436
0.659796040315516,0.687099389352934,-0.0509114259277784,-0.419488716302851,-0.00521535987821328,0.160290106117698,-0.0053053115232782,-0.93634836764432,0.000885218522805542
0.664371823779638,0.687056041856083,-0.0512674593802691,-0.419498951628379,-0.00525246258975703,0.160291271253545,-0.00534423834745746,-0.936404244455095,0.000909352200360092
0.668979340981204,0.687012018917206,-0.0516259881056491,-0.419509347106623,-0.00528983538606521,0.160292430778026,-0.00538347169811228,-0.936460757601898,0.000933986442221368
0.673618811998395,0.68696730967698,-0.0519870289408332,-0.419519905374643,-0.005327480198683,0.16029358411231,-0.00542301422240821,-0.936517912502501,0.000959130324201862
0.678290458435663,0.686921903102939,-0.0523505988038981,-0.419530629114412,-0.00536539896771303,0.160294730659402,-0.00546286858994664,-0.936575714573223,0.000984793061364952
0.682994503434323,0.686875787987022,-0.0527167146933731,-0.419541521053565,-0.00540359364161475,0.160295869803734,-0.00550303749283581,-0.936634169227449,0.0010109840094561
0.687731171683206,0.686828952943091,-0.0530853936874906,-0.419552583966146,-0.00544206617699338,0.160297000910757,-0.00554352364575724,-0.936693281874113,0.00103771266632779
0.692500689429393,0.686781386404442,-0.0534566529434006,-0.419563820673374,-0.00548081853837824,0.160298123326518,-0.0055843297860274,-0.936753057916136,0.00106498867335675
0.697303284489026,0.68673307662128,-0.0538305096963454,-0.419575234044422,-0.00551985269799041,0.160299236377236,-0.00562545867365432,-0.93681350274883,0.00109282181685083
0.70213918625818,0.686684011658184,-0.0542069812587962,-0.419586826997192,-0.00555917063549898,0.160300339368872,-0.00566691309138934,-0.936874621758261,0.00112122202944709
0.70700862572383,0.68663417939155,-0.0545860850195483,-0.419598602499118,-0.0055987743377662,0.160301431586689,-0.00570869584477327,-0.936936420319569,0.00115019939149819
0.71191183547488,0.686583567507016,-0.0549678384427757,-0.419610563567965,-0.00563866579858038,0.160302512294809,-0.00575080976217722,-0.936998903795254,0.00117976413244747
0.716849049713269,0.686532163496862,-0.0553522590670456,-0.419622713272646,-0.00567884701837711,0.160303580735765,-0.00579325769483784,-0.937062077533411,0.00120992663219033
0.721820504265165,0.686479954657399,-0.0557393645042876,-0.419635054734048,-0.00571932000394765,0.160304636130043,-0.0058360425168866,-0.937125946865937,0.001240697422423
0.726826436592224,0.686426928086337,-0.0561291724387225,-0.419647591125867,-0.00576008676813478,0.160305677675621,-0.0058791671253731,-0.937190517106684,0.00127208718797489
0.731867085802933,0.686373070680129,-0.0565217006257464,-0.419660325675453,-0.00580114932951552,0.160306704547497,-0.00592263444028228,-0.93725579354958,0.00130410676812642
0.736942692664033,0.686318369131313,-0.0569169668907691,-0.419673261664666,-0.00584250971207017,0.160307715897222,-0.00596644740454504,-0.937321781466704,0.00133676715790881
0.742053499612018,0.68626280992582,-0.0573149891280083,-0.419686402430745,-0.00588416994483778,0.160308710852413,-0.00601060898404245,-0.93738848610632,0.00137007950938595
0.747199750764715,0.686206379340277,-0.0577157852992378,-0.41969975136718,-0.00592613206155723,0.160309688516268,-0.00605512216760312,-0.937455912690866,0.0014040551329173
0.752381691932944,0.686149063439291,-0.058119373432488,-0.419713311924604,-0.00596839810029392,0.160310647967078,-0.00609998996699358,-0.93752406641491,0.00143870549839992
0.757599570632259,0.686090848072716,-0.0585257716206994,-0.419727087611685,-0.00601097010305137,0.160311588257721,-0.00614521541690151,-0.937592952443051,0.00147404223648934
0.762853636094773,0.686031718872911,-0.0589349980203277,-0.419741081996037,-0.00605385011536774,0.160312508415165,-0.00619080157491174,-0.937662575907786,0.00151007713979789
0.768144139281058,0.685971661251976,-0.0593470708498998,-0.419755298705136,-0.00609704018589642,0.160313407439953,-0.00623675152147433,-0.937732941907334,0.00154682216406765
0.773471332892138,0.68591066039898,-0.0597620083885206,-0.419769741427245,-0.0061405423659708,0.160314284305692,-0.00628306835986544,-0.937804055503415,0.00158428942932048
0.778835471381553,0.685848701277177,-0.0601798289743278,-0.419784413912354,-0.0061843587091524,0.160315137958526,-0.00632975521613962,-0.937875921718984,0.00162249122097957
0.784236810967519,0.685785768621208,-0.0606005510028976,-0.419799319973128,-0.00622849127076229,0.160315967316611,-0.00637681523907442,-0.937948545535932,0.00166143999096413
0.78967560964516,0.685721846934286,-0.0610241929255974,-0.419814463485861,-0.00627294210739524,0.160316771269587,-0.00642425160010637,-0.938021931892737,0.00170114835875523
0.795152127198837,0.685656920485384,-0.061450773247886,-0.419829848391444,-0.00631771327641603,0.160317548678031,-0.00647206749325853,-0.938096085682067,0.00174162911243131
0.800666625214554,0.685590973306399,-0.0618803105275611,-0.41984547869634,-0.00636280683543813,0.160318298372921,-0.00652026613505905,-0.938171011748359,0.00178289520967162
0.806219367092452,0.685523989189313,-0.0623128233729518,-0.419861358473574,-0.00640822484178322,0.160319019155082,-0.00656885076445101,-0.938246714885336,0.00182495977872738
0.811810618059391,0.685455951683347,-0.0627483304410588,-0.419877491863724,-0.00645396935192267,0.160319709794635,-0.00661782464269282,-0.938323199833498,0.00186783611935781
0.817440645181619,0.685386844092103,-0.0631868504356374,-0.419893883075926,-0.00650004242089891,0.160320369030438,-0.0066671910532494,-0.938400471277558,0.00191153770373115
0.823109717377527,0.685316649470699,-0.0636284021052248,-0.419910536388891,-0.00654644610172749,0.160320995569519,-0.00671695330167354,-0.938478533843847,0.00195607817728866
0.828818105430497,0.685245350622905,-0.0640730042411125,-0.419927456151925,-0.00659318244477886,0.16032158808651,-0.00676711471547771,-0.938557392097676,0.00200147135956985
0.834566082001833,0.685172930098261,-0.0645206756752609,-0.419944646785961,-0.0066402534971396,0.160322145223068,-0.00681767864399559,-0.938637050540651,0.00204773124499785
0.840353921643785,0.685099370189202,-0.0649714352781553,-0.4199621127846,-0.00668766130195226,0.160322665587304,-0.00686864845823342,-0.938717513607954,0.00209487200362335
0.846181900812664,0.685024652928174,-0.0654253019566054,-0.41997985871516,-0.0067354078977342,0.160323147753195,-0.006920027550711,-0.938798785665583,0.00214290798182665
0.852050297882047,0.684948760084745,-0.0658822946514854,-0.419997889219733,-0.00678349531767415,0.160323590259996,-0.00697181933529196,-0.938880871007554,0.00219185370297442
0.857959393156072,0.68487167316272,-0.0663424323354142,-0.420016209016251,-0.00683192558890632,0.160323991611653,-0.00702402724700314,-0.938963773853059,0.00224172386803206
0.863909468882829,0.684793373397246,-0.066805734010377,-0.420034822899559,-0.00688070073176195,0.1603243502762,-0.00707665474184297,-0.939047498343591,0.00229253335612761
0.86990080926784,0.684713841751928,-0.0672722187052854,-0.420053735742494,-0.00692982275899732,0.160324664685167,-0.00712970529657851,-0.93913204854003,0.00234429722506824
0.875933700487633,0.684633058915935,-0.0677419054734772,-0.42007295249698,-0.00697929367499785,0.160324933232973,-0.00718318240853104,-0.939217428419692,0.00239703071180697
0.882008430703416,0.684551005301114,-0.0682148133901555,-0.420092478195116,-0.00702911547495852,0.160325154276318,-0.00723708959534995,-0.939303641873341,0.00245074923285626
0.888125290074835,0.684467661039105,-0.068690961549765,-0.420112317950286,-0.00707929014403891,0.160325326133575,-0.00729143039477484,-0.939390692702164,0.00250546838465054
0.894284570773836,0.684383005978457,-0.0691703690633063,-0.420132476958263,-0.00712981965649347,0.160325447084174,-0.00734620836438538,-0.939478584614722,0.00256120394385378
0.900486566998624,0.684297019681751,-0.0696530550555885,-0.42015296049833,-0.00718070597477623,0.160325515367988,-0.00740142708133903,-0.939567321223849,0.00261797186761042
0.906731574987708,0.684209681422729,-0.0701390386624177,-0.420173773934399,-0.00723195104861903,0.160325529184712,-0.0074570901420962,-0.939656906043535,0.00267578829373971
0.913019893034057,0.684120970183429,-0.0706283390277223,-0.42019492271614,-0.00728355681408363,0.160325486693242,-0.00751320116213283,-0.939747342485768,0.00273466954087159
0.919351821499347,0.684030864651323,-0.0711209753006147,-0.420216412380118,-0.00733552519258632,0.160325386011048,-0.00756976377563997,-0.939838633857351,0.00279463210852132
0.925727662828307,0.683939343216469,-0.0716169666323894,-0.420238248550927,-0.00738785808989552,0.160325225213549,-0.00762678163521056,-0.939930783356682,0.00285569267710328
0.932147721563161,0.683846383968672,-0.0721163321734548,-0.420260436942339,-0.00744055739510086,0.160325002333488,-0.00768425841151271,-0.940023794070516,0.00291786810788108
0.938612304358183,0.683751964694649,-0.0726190910702031,-0.420282983358447,-0.00749362497955433,0.160324715360292,-0.00774219779294977,-0.940117668970689,0.00298117544285392
0.945121719994339,0.683656062875217,-0.0731252624618119,-0.420305893694824,-0.00754706269578205,0.160324362239452,-0.00780060348530667,-0.940212410910822,0.00304563190457519
0.951676279394036,0.683558655682477,-0.0736348654769829,-0.420329173939676,-0.00760087237636686,0.160323940871879,-0.00785947921138276,-0.940308022623003,0.00311125489590658
0.958276295635973,0.683459719977032,-0.0741479192306139,-0.420352830175,-0.007655055832801,0.160323449113277,-0.00791882871061033,-0.940404506714436,0.00317806199970105
0.964922083970099,0.683359232305202,-0.0746644428204057,-0.420376868577754,-0.00770961485430881,0.160322884773506,-0.00797865573865947,-0.940501865664081,0.003246070978416
0.971613961832666,0.68325716889626,-0.0751844553234017,-0.420401295421013,-0.0077645512066376,0.160322245615944,-0.00803896406702833,-0.940600101819263,0.00331529977365708
0.978352248861393,0.683153505659693,-0.0757079757924628,-0.420426117075144,-0.00781986663081852,0.160321529356854,-0.00809975748261915,-0.940699217392267,0.00338576650564593
0.985137266910738,0.683048218182463,-0.0762350232526746,-0.420451340008973,-0.00787556284189484,0.16032073366475,-0.00816103978729971,-0.940799214456919,0.00345748947261748
0.991969340067262,0.68294128172631,-0.0767656166976894,-0.420476970790953,-0.00793164152761841,0.160319856159756,-0.00822281479745012,-0.940900094945142,0.00353048715013954
0.998848794665118,0.682832671225049,-0.0772997750860011,-0.42050301609034,-0.00798810434711335,0.160318894412977,-0.00828508634349465,-0.94100186064351,0.00360477819035632
1.00577595930163,0.682722361281913,-0.0778375173371514,-0.420529482678359,-0.00804495292950654,0.160317845945862,-0.00834785826941857,-0.941104513189782,0.00368038142115573
1.01275116485301,0.682610326166894,-0.0783788623278731,-0.42055637742938,-0.00810218887252488,0.160316708229571,-0.00841113443227012,-0.941208054069427,0.0037573158452559
1.01977474449012,0.682496539814129,-0.078923828888163,-0.420583707322084,-0.00815981374105823,0.160315478684346,-0.00847491870164695,-0.941312484612148,0.00383560063921373
1.02684703369442,0.682380975819291,-0.0794724357972889,-0.420611479440634,-0.00821782906568805,0.160314154678882,-0.00853921495916741,-0.941417805988388,0.00391525515235119
1.033968370274,0.68226360743702,-0.0800247017797314,-0.420639700975842,-0.00827623634118128,0.160312733529697,-0.00860402709792627,-0.941524019205844,0.00399629890559949
1.04113909437969,0.68214440757837,-0.0805806455010549,-0.420668379226332,-0.00833503702494864,0.160311212500509,-0.00866935902193493,-0.941631125105967,0.00407875159026189
1.0483595485213,0.682023348808287,-0.081140285563716,-0.420697521599703,-0.00839423253546754,0.160309588801615,-0.008735214645546,-0.941739124360477,0.00416263306669107
1.05563007758401,0.681900403343113,-0.0817036405028011,-0.420727135613685,-0.00845382425066862,0.160307859589269,-0.00880159789286196,-0.941848017467863,0.00424796336288236
1.06295102884484,0.681775543048123,-0.0822707287817,-0.420757228897293,-0.0085138135062858,0.160306021965073,-0.00886851269712828,-0.941957804749904,0.00433476267298161
1.07032275198921,0.68164873943509,-0.0828415687877103,-0.420787809191974,-0.00857420159416949,0.160304072975356,-0.00893596300011028,-0.942068486348184,0.00442305135570642
1.07774559912768,0.681519963659875,-0.0834161788275766,-0.42081888435275,-0.00863498976056229,0.160302009610576,-0.0090039527514543,-0.942180062220628,0.00451284993268058
1.08521992481272,0.681389186520062,-0.083994577122962,-0.420850462349358,-0.00869617920433702,0.160299828804713,-0.00907248590803263,-0.942292532138036,0.00460417908668098
1.0927460860557,0.68125637845261,-0.0845767818058542,-0.420882551267372,-0.00875777107519683,0.160297527434668,-0.00914156643327257,-0.942405895680645,0.00469705965979611
1.1003244423439,0.681121509531555,-0.0851628109139022,-0.420915159309332,-0.00881976647183638,0.160295102319676,-0.00921119829646903,-0.942520152234698,0.00479151265149574
1.10795535565772,0.680984549465734,-0.0857526823856906,-0.420948294795851,-0.00888216644006476,0.160292550220714,-0.00928138547208129,-0.942635300989037,0.00488755921661227
1.11563919048792,0.680845467596549,-0.0863464140559443,-0.420981966166723,-0.00894497197088873,0.160289867839923,-0.00935213193901335,-0.942751340931718,0.00498522066323143
1.12337631385307,0.680704232895772,-0.0869440236506681,-0.421016181982019,-0.00900818399855663,0.160287051820031,-0.00942344167987811,-0.942868270846646,0.00508451845049418
1.13116709531708,0.680560813963383,-0.0875455287822203,-0.421050950923164,-0.00907180339856253,0.160284098743785,-0.00949531868024537,-0.942986089310241,0.00518547418630838
1.13901190700682,0.680415179025443,-0.0881509469443213,-0.421086281794017,-0.00913583098561,0.160281005133389,-0.0095677669278736,-0.943104794688136,0.00528810962497012
1.14691112362992,0.680267295932016,-0.0887602955069936,-0.421122183521925,-0.00920026751153551,0.160277767449953,-0.00964079041192534,-0.943224385131901,0.00539244666469518
1.15486512249268,0.680117132155123,-0.0893735917114399,-0.421158665158776,-0.00926511366319105,0.160274382092943,-0.00971439312216664,-0.94334485857581,0.0054985073450613
1.16287428351806,0.679964654786739,-0.0899908526648525,-0.421195735882027,-0.00933037006028561,0.160270845399644,-0.00978857904815009,-0.943466212733641,0.00560631384435795
1.17093898926384,0.679809830536834,-0.0906120953351593,-0.421233404995726,-0.00939603725318539,0.160267153644634,-0.00986335217838193,-0.943588445095515,0.0057158884768499
1.1790596249409,0.679652625731454,-0.0912373365457039,-0.421271681931517,-0.00946211572067246,0.160263303039259,-0.0099387164994728,-0.943711552924792,0.00582725368994874
1.18723657843162,0.679493006310849,-0.0918665929698604,-0.421310576249623,-0.00952860586766133,0.160259289731125,-0.0100146759952727,-0.943835533254996,0.00594043206129669
1.19547024030838,0.679330937827638,-0.0924998811255845,-0.42135009763982,-0.00959550802287382,0.160255109803596,-0.0100912346459899,-0.943960382886803,0.00605544629576205
1.20376100385228,0.679166385445027,-0.0931372173698979,-0.421390255922387,-0.00966282243647136,0.160250759275301,-0.0101683964272937,-0.944086098385078,0.0061723192223459
1.21210926507183,0.678999313935073,-0.0937786178933102,-0.421431061049041,-0.0097305492776448,0.160246234099656,-0.010246165309402,-0.944212676075964,0.00629107379100308
1.22051542272196,0.678829687676983,-0.0944240987141749,-0.42147252310385,-0.00979868863216182,0.160241530164391,-0.0103245452561523,-0.944340112044036,0.00641173306937592
1.22897987832301,0.678657470655473,-0.0950736756729803,-0.421514652304124,-0.00986724049987106,0.160236643291094,-0.0104035402240577,-0.944468402129515,0.00653432023944217
1.23750303617991,0.678482626459171,-0.0957273644265797,-0.421557459001288,-0.0099362047921636,0.160231569234765,-0.0104831541613473,-0.944597541925543,0.00665885859408172
1.24608530340153,0.678305118279065,-0.0963851804423523,-0.421600953681732,-0.0100055813293911,0.160226303683376,-0.0105633910069909,-0.944727526775527,0.00678537153355485
1.25472708992008,0.678124908907007,-0.097047138992304,-0.421645146967633,-0.0100753698382405,0.160220842257453,-0.010644254689709,-0.944858351770561,0.00691388256190401
1.26342880851072,0.677941960734257,-0.0977132551471027,-0.421690049617758,-0.010145569949066,0.160215180509665,-0.0107257491269671,-0.944990011746908,0.0070444152832716
1.27219087481126,0.677756235750092,-0.0983835437700485,-0.42173567252824,-0.0102161811931764,0.160209313924427,-0.0108078782239552,-0.945122501283573,0.00717699339813971
1.28101370734203,0.677567695540452,-0.0990580195109827,-0.421782026733324,-0.0102872030000801,0.160203237917518,-0.0108906458725532,-0.945255814699944,0.00731164069949264
1.28989772752585,0.677376301286649,-0.0997366968001293,-0.421829123406092,-0.0103586346946856,0.160196947835709,-0.0109740559502802,-0.945389946053524,0.00744838106890339
1.29884335970818,0.677182013764119,-0.100419589841876,-0.421876973859153,-0.0104304754944585,0.160190438956413,-0.0110581123192314,-0.945524889137739,0.00758723847254628
1.30785103117738,0.676984793341238,-0.101106712608487,-0.421925589545311,-0.0105027245065353,0.160183706487341,-0.0111428188249984,-0.94566063747985,0.00772823695713765
1.31692117218509,0.676784599978185,-0.101798078833758,-0.421974982058195,-0.0105753807247926,0.160176745566177,-0.0112281792955776,-0.945797184338932,0.00787140064580555
1.32605421596686,0.676581393225859,-0.102493702006598,-0.422025163132862,-0.0106484430268738,0.160169551260271,-0.0113141975402633,-0.945934522703974,0.00801675373389349
1.33525059876274,0.676375132224858,-0.103193595364557,-0.422076144646369,-0.0107219101711704,0.160162118566344,-0.0114008773485281,-0.946072645292053,0.00816432048469701
1.34451075983821,0.676165775704505,-0.103897771887279,-0.422127938618305,-0.0107957807937615,0.160154442410206,-0.0114882224888891,-0.946211544546623,0.00831412522513791
1.3538351415051,0.675953281981942,-0.1046062442899,-0.4221805572113,-0.0108700534053087,0.160146517646502,-0.0115762367077617,-0.946351212635894,0.00846619234137719
1.36322418914273,0.675737608961268,-0.105319025016375,-0.422234012731482,-0.0109447263879072,0.16013833905846,-0.0116649237282998,-0.946491641451325,0.00862054627437053
1.37267835121923,0.675518714132746,-0.106036126232738,-0.422288317628914,-0.0110197979918948,0.160129901357669,-0.0117542872492243,-0.946632822606219,0.00877721151536826
1.38219807931287,0.675296554572065,-0.106757559820305,-0.422343484497985,-0.0110952663326158,0.160121199183866,-0.0118443309436379,-0.946774747434427,0.00893621260136251
1.39178382813373,0.67507108693966,-0.107483337368805,-0.422399526077761,-0.0111711293871436,0.160112227104743,-0.0119350584578289,-0.946917406989169,0.00909757411048573
1.40143605554534,0.674842267480093,-0.108213470169444,-0.4224564552523,-0.0112473849909589,0.160102979615776,-0.0120264734100626,-0.947060792041962,0.00926132065736085
1.4111552225866,0.674610052021498,-0.108947969207907,-0.422514285050926,-0.0113240308345856,0.160093451140066,-0.0121185793893612,-0.94720489308167,0.00942747688841111
1.42094179349378,0.674374395975084,-0.109686845157293,-0.422573028648457,-0.0114010644601843,0.160083636028204,-0.0122113799542727,-0.947349700313672,0.00959606747712638
1.43079623572268,0.6741352543347,-0.110430108370974,-0.422632699365396,-0.0114784832581028,0.16007352855815,-0.0123048786316283,-0.947495203659146,0.00976711711929595
1.440719019971,0.673892581676468,-0.111177768875404,-0.422693310668076,-0.0115562844633847,0.160063122935138,-0.01239907891529,-0.947641392754482,0.0099406505282057
1.45071062020079,0.673646332158476,-0.111929836362837,-0.422754876168752,-0.011634465152236,0.160052413291595,-0.0124939842648866,-0.947788256950816,0.0101166924298072
1.46077151366109,0.673396459520538,-0.112686320184,-0.422817409625661,-0.0117130222384499,0.160041393687081,-0.0125895981045409,-0.947935785313688,0.01029526755786
1.47090218091073,0.673142917084018,-0.113447229340675,-0.422880924943023,-0.0117919524697903,0.16003005810825,-0.0126859238215863,-0.948083966622834,0.010476400649053
1.48110310584131,0.672885657751724,-0.114212572478227,-0.422945436170998,-0.0118712524243337,0.160018400468832,-0.012782964765275,-0.948232789372101,0.0106601164381052
1.49137477570027,0.672624634007869,-0.114982357878052,-0.423010957505594,-0.0119509185067711,0.160006414609635,-0.0128807242454756,-0.948382241769496,0.0108464396528545
1.50171768111418,0.672359797918099,-0.11575659344996,-0.423077503288523,-0.0120309469446684,0.159994094298568,-0.0129792055313639,-0.948532311737371,0.0110353950093339
1.5121323161122,0.672091101129594,-0.11653528672448,-0.423145088007003,-0.0121113337846874,0.159981433230681,-0.0130784118501038,-0.948682986912728,0.0112270072068439
1.52261917814963,0.671818494871236,-0.117318444845099,-0.423213726293516,-0.0121920748887666,0.159968425028237,-0.013178346385521,-0.948834254647674,0.0114213009230203
1.53317876813171,0.671541929953858,-0.118106074560417,-0.423283432925496,-0.0122731659302628,0.159955063240795,-0.0132790122767688,-0.948986102010002,0.0116183008089057
1.54381159043753,0.671261356770556,-0.118898182216243,-0.423354222824982,-0.0123546023900536,0.159941341345316,-0.0133804126169867,-0.949138515783911,0.0118180314840274
1.55451815294413,0.670976725297083,-0.1196947737476,-0.423426111058196,-0.0124363795526009,0.1599272527463,-0.013482550451952,-0.949291482470857,0.0120205175314842
1.56529896705074,0.670687985092318,-0.120495854670662,-0.423499112835075,-0.0125184925019775,0.159912790775935,-0.0135854287787249,-0.949444988290551,0.0122257834930516
1.57615454770323,0.670395085298815,-0.121301430074618,-0.423573243508741,-0.012600936117854,0.159897948694274,-0.0136890505442871,-0.949599019182086,0.012433853864304
1.58708541341869,0.670097974643423,-0.122111504613446,-0.423648518574912,-0.0126837050714506,0.159882719689431,-0.0137934186441754,-0.9497535608052,0.012644753089762
1.5980920863102,0.669796601438,-0.12292608249762,-0.423724953671252,-0.0127667938214504,0.159867096877803,-0.0138985359211087,-0.949908598541687,0.0128585055580693
1.60917509211179,0.6694909135802,-0.123745167485731,-0.423802564576657,-0.0128501966098775,0.159851073304315,-0.0140044051636108,-0.950064117496934,0.013075135597201
1.62033496020352,0.669180858554346,-0.124568762876029,-0.423881367210483,-0.0129339074579389,0.159834641942684,-0.0141110291046279,-0.950220102501599,0.0132946674697121
1.63157222363676,0.668866383432394,-0.12539687149788,-0.423961377631704,-0.0130179201618312,0.159817795695711,-0.0142184104201427,-0.950376538113428,0.0135171253680269
1.64288741915971,0.66854743487498,-0.126229495703146,-0.424042612038008,-0.0131022282885129,0.159800527395594,-0.0143265517277829,-0.950533408619202,0.0137425334097767
1.65428108724297,0.668223959132562,-0.12706663735748,-0.424125086764829,-0.0131868251714424,0.159782829804266,-0.0144354555854281,-0.950690698036823,0.0139709156331883
1.6657537721054,0.667895902046648,-0.127908297831528,-0.424208818284305,-0.0132717039062825,0.159764695613752,-0.0145451244898117,-0.950848390117538,0.0142022959925308
1.67730602174008,0.667563209051129,-0.128754477992057,-0.42429382320417,-0.013356857346572,0.159746117446557,-0.0146555608751214,-0.951006468348279,0.0144366983536219
1.68893838794052,0.667225825173696,-0.129605178192989,-0.424380118266581,-0.0134422780993649,0.159727087856075,-0.0147667671115961,-0.95116491595416,0.0146741464894016
1.70065142632699,0.666883695037367,-0.130460398266349,-0.424467720346867,-0.0135279585208383,0.159707599327015,-0.0148787455041218,-0.951323715901078,0.0149146640755746
1.71244569637308,0.666536762862115,-0.131320137513124,-0.424556646452208,-0.013613890711869,0.159687644275864,-0.0149914982908244,-0.951482850898463,0.0151582746863305
1.72432176143241,0.66618497246659,-0.13218439469403,-0.424646913720243,-0.0137000665135796,0.159667215051365,-0.0151050276416629,-0.951642303402137,0.0154050017901408
1.73628018876552,0.665828267269965,-0.133053168020195,-0.424738539417602,-0.0137864775028553,0.159646303935022,-0.0152193356570202,-0.951802055617315,0.0156548687456428
1.74832154956701,0.665466590293878,-0.13392645514374,-0.424831540938358,-0.0138731149878314,0.159624903141627,-0.015334424366294,-0.951962089501709,0.015907898797611
1.7604464189928,0.665099884164492,-0.134804253148277,-0.424925935802411,-0.0139599700033527,0.159603004819815,-0.0154502957264871,-0.952122386768769,0.0161641150730211
1.77265537618758,0.66472809111468,-0.135686558539307,-0.425021741653787,-0.0140470333064055,0.159580601052645,-0.0155669516207984,-0.95228292889103,0.0164235405772138
1.78494900431252,0.66435115298631,-0.136573367234529,-0.42511897625886,-0.0141342953715223,0.159557683858195,-0.0156843938572137,-0.952443697103579,0.0166861981901584
1.79732789057308,0.663969011232676,-0.137464674554045,-0.425217657504492,-0.0142217463861614,0.159534245190198,-0.0158026241670977,-0.952604672407626,0.0169521106628245
1.80979262624709,0.663581606921033,-0.138360475210479,-0.425317803396096,-0.0143093762460604,0.159510276938685,-0.0159216442037875,-0.952765835574199,0.0172213006136612
1.82234380671297,0.663188880735282,-0.139260763298996,-0.425419432055608,-0.0143971745505656,0.15948577093067,-0.0160414555411869,-0.952927167147925,0.0174937905251961
1.83498203147818,0.662790772978774,-0.140165532287218,-0.425522561719386,-0.0144851305979378,0.159460718930842,-0.0161620596723634,-0.953088647450928,0.0177696027407466
1.84770790420785,0.66238722357726,-0.141074775005049,-0.425627210736011,-0.0145732333806356,0.1594351126423,-0.0162834580081469,-0.953250256586815,0.0180487594612583
1.86052203275364,0.661978172081974,-0.141988483634402,-0.425733397564014,-0.0146614715805763,0.159408943707297,-0.0164056518757314,-0.953411974444765,0.0183312827422682
1.87342502918271,0.661563557672875,-0.14290664969882,-0.425841140769502,-0.0147498335643762,0.159382203708018,-0.0165286425172791,-0.953573780703705,0.0186171944909959
1.88641750980704,0.661143319162022,-0.143829264053004,-0.425950459023711,-0.0148383073785708,0.159354884167382,-0.0166524310885284,-0.953735654836569,0.0189065164635721
1.89950009521279,0.660717394997117,-0.14475631687224,-0.426061371100454,-0.014926880744815,0.159326976549865,-0.0167770186574053,-0.953897576114649,0.0191992702624011
1.91267341029,0.6602857232652,-0.145687797641728,-0.426173895873482,-0.0150155410550668,0.159298472262351,-0.0169024062026383,-0.954059523612013,0.0194954773336645
1.92593808426241,0.659848241696506,-0.146623695145805,-0.426288052313759,-0.0151042753667518,0.159269362655009,-0.017028594612378,-0.954221476210007,0.0197951589649679
1.93929475071751,0.659404887668498,-0.147563997457075,-0.426403859486632,-0.0151930703979127,0.159239639022191,-0.0171555846828215,-0.954383412601821,0.0200983362831363
1.95274404763682,0.658955598210057,-0.14850869192544,-0.426521336548917,-0.015281912522343,0.159209292603359,-0.0172833771168409,-0.954545311297122,0.0204050302521548
1.96628661742637,0.658500310005869,-0.149457765167024,-0.426640502745876,-0.0153707877647072,0.159178314584037,-0.0174119725226179,-0.954707150626742,0.0207152616712649
1.97992310694735,0.658038959400981,-0.150411203053007,-0.426761377408103,-0.0154596817956465,0.159146696096783,-0.0175413714122835,-0.954868908747429,0.0210290511732147
1.99365416754703,0.65757148240555,-0.151368990698357,-0.426883979948315,-0.0155485799268743,0.159114428222191,-0.0176715742005631,-0.955030563646642,0.0213464192226646
2.00748045508988,0.657097814699784,-0.152331112450462,-0.42700832985803,-0.0156374671062594,0.159081501989921,-0.0178025812034291,-0.955192093147393,0.0216673861147547
2.0214026299889,0.656617891639084,-0.15329755187767,-0.427134446704154,-0.0157263279129,0.159047908379743,-0.0179343926367583,-0.955353474913129,0.0219919719738318
2.03542135723711,0.656131648259387,-0.15426829175773,-0.427262350125458,-0.0158151465521893,0.159013638322622,-0.0180670086149972,-0.955514686452644,0.0223201967523397
2.0495373064394,0.655639019282723,-0.155243314066143,-0.427392059828957,-0.0159039068508738,0.158978682701811,-0.0182004291498341,-0.955675705125028,0.0226520802298768
2.06375115184445,0.655139939122985,-0.15622259996441,-0.427523595586169,-0.0159925922521053,0.158943032353985,-0.0183346541488785,-0.955836508144633,0.0229876420124169
2.07806357237695,0.654634341891919,-0.157206129788202,-0.427656977229283,-0.0160811858104887,0.158906678070391,-0.0184696834143481,-0.955997072586055,0.0233269015317003
2.09247525167004,0.654122161405351,-0.158193883035428,-0.427792224647209,-0.0161696701871259,0.158869610598025,-0.0186055166417639,-0.956157375389138,0.0236698780447933
2.10698687809795,0.653603331189635,-0.159185838354222,-0.427929357781515,-0.0162580276446578,0.158831820640838,-0.0187421534186536,-0.956317393363975,0.0240165906338169
2.12159914480891,0.65307778448835,-0.160181973530842,-0.428068396622258,-0.0163462400423061,0.158793298860962,-0.0188795932232635,-0.956477103195911,0.0243670582058474
2.1363127497582,0.652545454269238,-0.161182265477482,-0.428209361203698,-0.0164342888309159,0.158754035879967,-0.0190178354232795,-0.956636481450548,0.0247212994929878
2.15112839574156,0.652006273231404,-0.162186690220014,-0.428352271599898,-0.0165221550480006,0.158714022280142,-0.0191568792745569,-0.95679550457873,0.02507933305261
2.1660467904287,0.651460173812762,-0.163195222885633,-0.42849714792021,-0.01660981931279,0.158673248605799,-0.0192967239198604,-0.956954148921518,0.0254411772677705
2.18106864639712,0.650907088197755,-0.164207837690446,-0.428644010304633,-0.0166972618212859,0.158631705364606,-0.0194373683876128,-0.95711239071514,0.0258068503477967
2.19619468116618,0.650346948325346,-0.165224507926976,-0.428792878919069,-0.016784462341323,0.158589383028946,-0.0195788115906553,-0.957270206095912,0.0261763703290444
2.21142561723131,0.649779685897288,-0.166245205951604,-0.428943773950438,-0.0168714002076393,0.158546272037301,-0.019721052325017,-0.957427571105128,0.0265497550758281
2.22676218209858,0.649205232386681,-0.167269903171938,-0.429096715601686,-0.0169580543169582,0.158502362795661,-0.0198640892686956,-0.957584461693905,0.0269270222815194
2.24220510831939,0.648623519046813,-0.168298570034132,-0.429251724086662,-0.0170444031230814,0.15845764567896,-0.0200079209804497,-0.957740853727987,0.0273081894698162
2.25775513352553,0.648034476920313,-0.169331176010139,-0.429408819624869,-0.0171304246319975,0.158412111032544,-0.020152545898602,-0.957896722992495,0.0276932739961809
2.27341300046436,0.647438036848601,-0.170367689584914,-0.429568022436091,-0.0172160963970062,0.158365749173653,-0.0202979623398541,-0.958052045196618,0.0280822930494444
2.28917945703428,0.646834129481654,-0.171408078243572,-0.429729352734887,-0.0173013955138612,0.158318550392942,-0.0204441684981141,-0.958206795978245,0.0284752636535768
2.30505525632052,0.646222685288091,-0.172452308458497,-0.429892830724959,-0.0173862986159333,0.158270504956024,-0.0205911624433367,-0.958360950908523,0.0288722026696219
2.32104115663104,0.645603634565583,-0.173500345676425,-0.430058476593383,-0.0174707818693959,0.158221603105038,-0.020738942120375,-0.958514485496347,0.0292731267977938
2.33713792153279,0.644976907451603,-0.174552154305479,-0.430226310504716,-0.0175548209684353,0.158171835060245,-0.0208875053478473,-0.958667375192759,0.0296780525797334
2.35334631988814,0.644342433934506,-0.175607697702192,-0.430396352594952,-0.0176383911304876,0.158121191021654,-0.021036849817016,-0.958819595395275,0.030086996400923
2.36966712589169,0.643700143864965,-0.176666938158504,-0.43056862296536,-0.0177214670915057,0.158069661170673,-0.0211869730906819,-0.958971121452107,0.0304999744932569
2.38610111910714,0.643049966967755,-0.177729836888745,-0.430743141676168,-0.0178040231012571,0.158017235671787,-0.0213378726020915,-0.959121928666301,0.0309170029377634
2.40264908450462,0.642391832853906,-0.178796354016615,-0.430919928740117,-0.0178860329186561,0.157963904674266,-0.0214895456538606,-0.959271992299761,0.0313380976674778
2.41931181249812,0.641725671033212,-0.179866448562161,-0.431099004115869,-0.0179674698071332,0.157909658313896,-0.0216419894169124,-0.959421287577177,0.031763274470462
2.43609009898327,0.641051410927122,-0.180940078428764,-0.431280387701278,-0.0180483065300428,0.157854486714747,-0.0217952009294312,-0.959569789689831,0.0321925489929669
2.45298474537537,0.640368981882011,-0.182017200390143,-0.431464099326503,-0.0181285153461147,0.157798379990958,-0.0219491770958333,-0.959717473799295,0.032625936742738
2.46999655864764,0.639678313182839,-0.183097770077376,-0.431650158746996,-0.0182080680049483,0.157741328248559,-0.0221039146857538,-0.959864315040995,0.0330634530924535
2.48712635136979,0.638979334067198,-0.184181741965963,-0.431838585636321,-0.0182869357425566,0.157683321587318,-0.0222594103330509,-0.960010288527663,0.0335051132832996
2.50437494174681,0.638271973739765,-0.185269069362922,-0.432029399578842,-0.0183650892769599,0.157624350102617,-0.0224156605348281,-0.960155369352643,0.0339509324286733
2.52174315365806,0.637556161387163,-0.186359704393939,-0.432222620062248,-0.0184424988038334,0.157564403887359,-0.0225726616504742,-0.960299532593072,0.0344009255180097
2.53923181669665,0.636831826193225,-0.187453597990575,-0.432418266469933,-0.0185191339922118,0.1575034730339,-0.0227304099007233,-0.96044275331291,0.0348551074207319
2.55684176620901,0.636098897354688,-0.188550699877544,-0.432616358073221,-0.0185949639802551,0.157441547636012,-0.0228889013667329,-0.960585006565836,0.0353134928903176
2.57457384333485,0.635357304097304,-0.189650958560066,-0.432816914023439,-0.0186699573710762,0.15737861779088,-0.0230481319891829,-0.960726267397989,0.035776096568477
2.59242889504728,0.634606975692379,-0.190754321311317,-0.433019953343826,-0.0187440822286372,0.157314673601122,-0.0232080975673952,-0.960866510850557,0.0362429329894397
2.61040777419332,0.633847841473758,-0.191860734159969,-0.433225494921301,-0.0188173060737157,0.157249705176843,-0.023368793758474,-0.961005711962206,0.0367140165843435
2.6285113395346,0.633079830855236,-0.192970141877849,-0.43343355749805,-0.0188895958799447,0.157183702637716,-0.0235302160764694,-0.96114384577136,0.0371893616857238
2.64674045578839,0.632302873348427,-0.194082487967717,-0.433644159662979,-0.0189609180699316,0.157116656115099,-0.023692359891562,-0.961280887318303,0.0376689825320928
2.6650959936689,0.63151689858108,-0.195197714651181,-0.433857319842984,-0.0190312385114578,0.157048555754173,-0.0238552204292724,-0.961416811647123,0.0381528932726111
2.68357882992886,0.630721836315842,-0.196315762856751,-0.434073056294076,-0.0191005225137653,0.15697939171612,-0.0240187927696939,-0.961551593807483,0.038641107971839
2.70218984740145,0.629917616469496,-0.197436572208063,-0.43429138709233,-0.0191687348239322,0.156909154180328,-0.0241830718467506,-0.961685208856224,0.0391336406145684
2.72092993504239,0.629104169132646,-0.198560081012266,-0.434512330124684,-0.0192358396233417,0.156837833346623,-0.0243480524474812,-0.961817631858777,0.0396305051107256
2.73979998797246,0.628281424589885,-0.199686226248594,-0.43473590307956,-0.0193018005242506,0.156765419437539,-0.0245137292113486,-0.961948837890419,0.0401317153003428
2.75880090752022,0.627449313340421,-0.200814943557139,-0.434962123437331,-0.0193665805664593,0.156691902700615,-0.0246800966295783,-0.962078802037325,0.0406372849585892
2.77793360126509,0.626607766119186,-0.201946167227834,-0.435191008460612,-0.0194301422140892,0.156617273410721,-0.0248471490445236,-0.962207499397456,0.0411472278008617
2.79719898308069,0.625756713918419,-0.203079830189662,-0.435422575184395,-0.0194924473524707,0.156541521872423,-0.0250148806490605,-0.962334905081249,0.0416615574879233
2.81659797317847,0.624896088009726,-0.204215864000105,-0.435656840406006,-0.0195534572851491,0.15646463842237,-0.0251832854860134,-0.962460994212124,0.0421802876310869
2.83613149815172,0.624025819966629,-0.205354198834843,-0.435893820674906,-0.0196131327310095,0.156386613431721,-0.0253523574476104,-0.962585741926801,0.042703431797441
2.85580049101974,0.623145841687597,-0.206494763477732,-0.436133532282308,-0.0196714338215286,0.156307437308597,-0.025522090274972,-0.962709123375433,0.043231003515105
2.87560589127251,0.622256085419553,-0.207637485311057,-0.436375991250646,-0.0197283200981574,0.156227100500567,-0.0256924775576318,-0.962831113721533,0.0437630162785153
2.89554864491548,0.621356483781883,-0.208782290306094,-0.436621213322855,-0.0197837505098389,0.156145593497167,-0.0258635127330918,-0.962951688141725,0.0442994835537317
2.91562970451479,0.620446969790923,-0.209929103013976,-0.436869213951502,-0.0198376834106667,0.156062906832446,-0.0260351890864127,-0.963070821825284,0.0448404187837614
2.93585002924278,0.619527476884933,-0.211077846556907,-0.437120008287729,-0.0198900765576911,0.155979031087553,-0.0262074997498405,-0.963188489973498,0.0453858353938912
2.95621058492378,0.618597938949566,-0.21222844261971,-0.437373611170046,-0.0199408871088757,0.155893956893339,-0.0263804377024704,-0.96330466779882,0.0459357467970267
2.97671234408028,0.617658290343814,-0.21338081144175,-0.437630037112943,-0.0199900716212106,0.15580767493301,-0.026553995769949,-0.963419330523832,0.0464901663990274
2.99735628597932,0.616708465926449,-0.214534871809233,-0.437889300295343,-0.0200375860489892,0.155720175944794,-0.0267281666242163,-0.963532453380013,0.0470491076040365
3.01814339667932,0.615748401082944,-0.215690541047906,-0.438151414548882,-0.0200833857422532,0.155631450724649,-0.0269029427832888,-0.963644011606307,0.0476125838197973
3.03907466907719,0.614778031752876,-0.216847735016179,-0.438416393346029,-0.0201274254454102,0.155541490128998,-0.0270783166110847,-0.963753980447496,0.04818060846295
3.06015110295567,0.61379729445781,-0.218006368098667,-0.438684249788034,-0.0201696592960323,0.155450285077497,-0.0272542803172914,-0.963862335152378,0.0487531949643038
3.08137370503119,0.612806126329662,-0.219166353200203,-0.438954996592721,-0.0202100408238399,0.155357826555829,-0.0274308259572796,-0.963969050971752,0.0493303567740794
3.10274348900188,0.611804465139528,-0.220327601740301,-0.439228646082109,-0.0202485229498767,0.155264105618531,-0.0276079454320611,-0.964074103156201,0.0499121073671144
3.12426147559604,0.610792249326993,-0.221490023648122,-0.439505210169879,-0.0202850579858823,0.15516911339185,-0.0277856304882956,-0.964177466953691,0.0504984602480271
3.14592869262085,0.609769418029894,-0.222653527357938,-0.439784700348678,-0.0203195976338694,0.155072841076632,-0.0279638727183454,-0.964279117606966,0.0510894289563333
3.16774617501149,0.608735911114548,-0.223818019805122,-0.440067127677262,-0.0203520929859095,0.154975279951227,-0.0281426635603796,-0.964379030350759,0.0516850270715085
3.18971496488059,0.607691669206429,-0.224983406422686,-0.440352502767493,-0.0203824945241353,0.154876421374439,-0.0283219942985305,-0.964477180408807,0.0522852682179931
3.21183611156796,0.606636633721297,-0.22614959113837,-0.440640835771169,-0.0204107521209656,0.154776256788493,-0.028501856063102,-0.964573542990685,0.0528901660701316
3.23411067169074,0.605570746896762,-0.227316476372324,-0.440932136366715,-0.0204368150395588,0.154674777722029,-0.028682239830833,-0.964668093288438,0.0534997343570444
3.25653970919388,0.60449395182428,-0.228483963035381,-0.441226413745714,-0.0204606319345009,0.154571975793131,-0.0288631364252151,-0.964760806473043,0.0541139868674218
3.27912429540095,0.603406192481572,-0.22965195052795,-0.441523676599302,-0.020482150852736,0.154467842712368,-0.0290445365168686,-0.964851657690674,0.0547329374542406
3.30186550906528,0.602307413765464,-0.230820336739549,-0.441823933104412,-0.0205013192347437,0.154362370285875,-0.0292264306239765,-0.964940622058792,0.0553566000393932
3.32476443642155,0.601197561525118,-0.231989018048992,-0.442127190909882,-0.0205180839159722,0.154255550418447,-0.0294088091127781,-0.965027674662053,0.0559849886182264
3.3478221712376,0.600076582595671,-0.233157889325251,-0.442433457122426,-0.0205323911285306,0.154147375116662,-0.0295916621981247,-0.965112790548038,0.0566181172639856
3.37103981486675,0.598944424832247,-0.234326843929011,-0.44274273829247,-0.0205441865031505,0.154037836492023,-0.0297749799440978,-0.965195944722805,0.0572560001321575
3.39441847630035,0.597801037144343,-0.235495773714944,-0.443055040399862,-0.0205534150714207,0.153926926764125,-0.0299587522646919,-0.965277112146277,0.0578986514647067
3.41795927222076,0.596646369530578,-0.236664569034707,-0.443370368839455,-0.0205600212683018,0.153814638263841,-0.030142968924563,-0.965356267727446,0.0585460855942032
3.44166332705473,0.595480373113779,-0.237833118740699,-0.443688728406567,-0.0205639489349297,0.153700963436524,-0.0303276195398448,-0.965433386319424,0.0591983169478353
3.46553177302703,0.594303000176405,-0.239001310190577,-0.444010123282332,-0.0205651413217111,0.153585894845231,-0.0305126935790339,-0.965508442714319,0.0598553600513005
3.48956575021462,0.593114204196285,-0.24016902925257,-0.444334557018935,-0.0205635410917197,0.153469425173966,-0.0306981803639446,-0.965581411637953,0.0605172295325753
3.51376640660105,0.591913939882656,-0.241336160311597,-0.444662032524737,-0.0205590903243988,0.153351547230929,-0.0308840690707369,-0.965652267744424,0.0611839401255545
3.53813489813128,0.590702163212488,-0.242502586276202,-0.444992552049307,-0.0205517305195769,0.153232253951793,-0.0310703487310167,-0.965720985610508,0.0618555066735595
3.56267238876697,0.589478831467075,-0.243668188586344,-0.445326117168357,-0.0205414026018033,0.15311153840298,-0.0312570082330111,-0.965787539729915,0.0625319441327077
3.58738005054197,0.588243903268881,-0.244832847222035,-0.445662728768579,-0.0205280469250081,0.152989393784956,-0.0314440363228207,-0.965851904507389,0.063213267575143
3.61225906361841,0.586997338618607,-0.245996440712864,-0.446002387032413,-0.0205116032774952,0.152865813435538,-0.0316314216057485,-0.965914054252668,0.0638994921921194
3.63731061634298,0.585739098932487,-0.247158846148414,-0.446345091422728,-0.0204920108872732,0.152740790833199,-0.0318191525477087,-0.965973963174303,0.0645906332969388
3.66253590530377,0.584469147079756,-0.248319939189585,-0.446690840667434,-0.0204692084277301,0.15261431960039,-0.0320072174767158,-0.966031605373335,0.0652867063277328
3.68793613538733,0.583187447420312,-0.249479594080855,-0.447039632744032,-0.0204431340236585,0.152486393506861,-0.0321956045844555,-0.966086954836844,0.0659877268500916
3.71351251983634,0.581893965842508,-0.250637683663477,-0.447391464864112,-0.0204137252576368,0.152357006472981,-0.0323843019279392,-0.966139985431357,0.0666937105595305
3.73926628030746,0.580588669801088,-0.251794079389642,-0.447746333457793,-0.0203809191767727,0.152226152573072,-0.0325732974312419,-0.966190670896144,0.0674046732837962
3.76519864692972,0.579271528355216,-0.252948651337608,-0.448104234158129,-0.0203446522998132,0.152093826038723,-0.0327625788873276,-0.966238984836378,0.0681206309850047
3.7913108583633,0.577942512206592,-0.254101268227833,-0.448465161785481,-0.0203048606246287,0.151960021262116,-0.0329521339599606,-0.966284900716184,0.0688415997616119
3.81760416185865,0.576601593737625,-0.255251797440098,-0.448829110331862,-0.0202614796360744,0.151824732799338,-0.0331419501857048,-0.966328391851572,0.0695675958502088
3.84407981331609,0.575248747049635,-0.256400105031656,-0.449196072945267,-0.0202144443142371,0.151687955373692,-0.0333320149760135,-0.966369431403256,0.0702986356271444
3.87073907734582,0.57388394800106,-0.257546055756414,-0.449566041913996,-0.0201636891430671,0.151549683878985,-0.0335223156194086,-0.96640799236937,0.0710347356099693
3.89758322732826,0.572507174245644,-0.258689513085148,-0.449939008650976,-0.0201091481194079,0.151409913382822,-0.0337128392837518,-0.966444047578083,0.0717759124586973
3.92461354547494,0.571118405270572,-0.259830339226786,-0.450314963678097,-0.0200507547624204,0.151268639129867,-0.0339035730186083,-0.966477569680111,0.0725221829768862
3.95183132288971,0.569717622434528,-0.260968395150748,-0.450693896610566,-0.0199884421234118,0.151125856545097,-0.0340945037577038,-0.966508531141139,0.0732735641125299
3.97923785963041,0.568304809005653,-0.26210354061037,-0.451075796141291,-0.0199221427960697,0.150981561237035,-0.0342856183214763,-0.966536904234152,0.0740300729587641
4.00683446477099,0.566879950199361,-0.263235634167413,-0.451460650025309,-0.0198517889271078,0.150835749000955,-0.0344769034197218,-0.96656266103168,0.0747917267543813
4.03462245646401,0.565443033215986,-0.264364533217661,-0.451848445064257,-0.0197773122273265,0.150688415822066,-0.0346683456543375,-0.966585773397964,0.0755585428841519
4.06260316200361,0.563994047278243,-0.265490094017638,-0.452239167090914,-0.0196986439830896,0.150539557878667,-0.0348599315221604,-0.966606212981044,0.0763305388789532
4.09077791788892,0.562532983668447,-0.266612171712422,-0.452632800953804,-0.019615715068224,0.15038917154527,-0.0350516474179033,-0.966623951204774,0.0771077324156993
4.11914806988789,0.561059835765484,-0.267730620364586,-0.453029330501888,-0.0195284559563433,0.150237253395687,-0.0352434796371885,-0.966638959260772,0.0778901413170748
4.14771497310157,0.559574599081476,-0.268845292984261,-0.453428738569352,-0.0194367967335966,0.150083800206084,-0.0354354143796795,-0.966651208100302,0.0786777835510668
4.17647999202884,0.558077271298133,-0.269956041560322,-0.453831006960494,-0.0193406671118491,0.149928808957992,-0.0356274377523114,-0.966660668426102,0.0794706772302969
4.20544450063156,0.556567852302727,-0.271062717092717,-0.454236116434733,-0.0192399964422911,0.149772276841274,-0.0358195357726191,-0.96666731068415,0.0802688406111494
4.23460988240025,0.55504634422369,-0.27216516962592,-0.454644046691747,-0.0191347137294819,0.149614201257045,-0.0360116943721655,-0.966671105055392,0.0810722920926951
4.26397753042013,0.553512751465766,-0.273263248283525,-0.455054776356743,-0.0190247476458271,0.149454579820552,-0.0362038994000673,-0.96667202144741,0.0818810502154102
4.29354884743766,0.551967080744706,-0.274356801303981,-0.455468282965899,-0.0189100265464919,0.14929341036398,-0.0363961366266208,-0.966670029486054,0.0826951336596875
4.32332524592758,0.55040934112146,-0.275445676077458,-0.455884542951949,-0.0187904784847495,0.149130690939229,-0.0365883917470255,-0.966665098507046,0.083514561244141
4.35330814816033,0.548839544035831,-0.276529719183849,-0.456303531629966,-0.018666031227767,0.148966419820605,-0.0367806503852062,-0.966657197547534,0.0843393519236998
4.38349898627002,0.547257703339555,-0.277608776431909,-0.45672522318332,-0.0185366122728267,0.148800595507466,-0.036972898097734,-0.966646295337633,0.0851695247874954
4.41389920232282,0.545663835328769,-0.278682692899518,-0.457149590649851,-0.018402148863984,0.148633216726796,-0.0371651203778439,-0.96663236029193,0.0860050990565353
4.44451024838583,0.544057958775836,-0.279751312975067,-0.457576605908253,-0.0182625680091598,0.148464282435706,-0.0373573026595498,-0.966615360500982,0.086846094081168
4.47533358659646,0.542440094960475,-0.280814480399967,-0.458006239664689,-0.0181177964976669,0.148293791823866,-0.0375494303218556,-0.966595263722786,0.0876925293383355
4.50637068923228,0.540810267700178,-0.281872038312264,-0.458438461439651,-0.0179677609181689,0.148121744315856,-0.0377414886930624,-0.966572037374249,0.0885444244286139
4.53762303878129,0.53916850337986,-0.282923829291351,-0.45887323955507,-0.0178123876770689,0.147948139573442,-0.0379334630551693,-0.966545648522642,0.0894017990730407
4.56909212801278,0.537514830980709,-0.283969695403778,-0.459310541121704,-0.0176516030173251,0.147772977497762,-0.038125338648368,-0.966516063877058,0.0902646731097314
4.60077946004862,0.535849282108198,-0.285009478250138,-0.459750332026803,-0.0174853330376926,0.147596258231429,-0.0383171006756301,-0.96648324977987,0.0911330664902802
4.63268654843505,0.534171891019235,-0.286043019013019,-0.460192576922073,-0.0173135037123852,0.147417982160539,-0.0385087343073842,-0.966447172198194,0.0920069992759507
4.66481491721498,0.532482694648375,-0.287070158506011,-0.460637239211948,-0.0171360409111544,0.147238149916589,-0.0387002246862835,-0.966407796715366,0.0928864916336506
4.69716610100076,0.530781732633102,-0.288090737223747,-0.461084281042189,-0.0169528704197827,0.147056762378289,-0.0388915569320606,-0.966365088522427,0.0937715638316953
4.72974164504755,0.52906904733811,-0.289104595392965,-0.461533663288814,-0.0167639179609837,0.146873820673283,-0.0390827161464683,-0.966319012409632,0.0946622362353573
4.76254310532705,0.52734468387856,-0.290111573024574,-0.461985345547386,-0.0165691092157065,0.146689326179753,-0.0392736874183045,-0.966269532757982,0.0955585293022033
4.79557204860185,0.525608690142271,-0.291111509966702,-0.462439286122659,-0.0163683698448373,0.146503280527923,-0.0394644558285201,-0.966216613530777,0.0964604635772182
4.82883005250031,0.52386111681081,-0.292104245958705,-0.462895442018601,-0.0161616255112907,0.146315685601444,-0.0396550064554057,-0.96616021826521,0.0973680596877173
4.86231870559183,0.522102017379435,-0.29308962068611,-0.463353768928814,-0.0159488019024875,0.146126543538668,-0.0398453243798562,-0.966100310063982,0.0982813383380459
4.89603960746281,0.520331448175872,-0.294067473836482,-0.46381422122735,-0.0157298247532085,0.145935856733799,-0.0400353946907116,-0.966036851586969,0.0992003203040691
4.92999436879299,0.518549468377872,-0.295037645156177,-0.464276751959948,-0.0155046198688182,0.145743627837922,-0.0402252024901691,-0.965969805042925,0.100125026427447
4.96418461143244,0.516756140029518,-0.295999974507951,-0.464741312835702,-0.0152731131488509,0.145549859759907,-0.040414732899266,-0.965899132181231,0.101055477609705
4.99861196847899,0.514951528056255,-0.296954301929416,-0.465207854219165,-0.0150352306109478,0.145354555667181,-0.040603971063429,-0.965824794283702,0.101991694806089
5.03327808435624,0.513135700278592,-0.297900467692294,-0.46567632512292,-0.0147908984151407,0.145157718986371,-0.0407929021580879,-0.965746752156433,0.102933699019216
5.06818461489212,0.511308727424458,-0.298838312362443,-0.466146673200604,-0.0145400428884674,0.144959353403804,-0.0409815113943504,-0.965664966121722,0.103881511292511
5.10333322739797,0.509470683140164,-0.299767676860634,-0.466618844740426,-0.0142825905499128,0.144759462865875,-0.0411697840247334,-0.965579396010042,0.104835152703446
5.13872560074817,0.507621643999955,-0.300688402524025,-0.467092784659167,-0.0140184681356634,0.14455805157927,-0.0413577053489492,-0.96549000115208,0.105794644356559
5.17436342546036,0.505761689514101,-0.301600331168317,-0.467568436496691,-0.0137476026246643,0.14435512401104,-0.0415452607197422,-0.96539674037085,0.106760007376282
5.21024840377617,0.503890902135512,-0.302503305150541,-0.468045742410965,-0.0134699212644674,0.144150684888534,-0.0417324355487721,-0.965299571973876,0.107731262899551
5.24638224974252,0.502009367264837,-0.303397167432445,-0.468524643173612,-0.0131853515973591,0.143944739199174,-0.0419192153125398,-0.965198453745447,0.108708432068222
5.2827666892935,0.500117173254025,-0.304281761644442,-0.469005078165992,-0.0128938214867549,0.143737292190082,-0.0421055855583527,-0.965093342938962,0.10969153602128
5.31940346033281,0.498214411408309,-0.305156932150075,-0.469486985375847,-0.0125952591438483,0.143528349367544,-0.0422915319103245,-0.964984196269346,0.110680595886847
5.35629431281677,0.496301175986608,-0.306022524110955,-0.469970301394486,-0.0122895931544992,0.143317916496325,-0.0424770400754056,-0.964870969905563,0.111675632773991
5.39344100883792,0.494377564200287,-0.306878383552147,-0.47045496141455,-0.0119767525063516,0.14310599959881,-0.0426620958494395,-0.96475361946321,0.112676667764334
5.43084532270915,0.492443676210285,-0.307724357427924,-0.470940899228353,-0.0116566666161627,0.142892604953995,-0.0428466851232411,-0.964632099997215,0.113683721903462
5.4685090410485,0.490499615122571,-0.308560293687888,-0.471428047226806,-0.0113292653573306,0.142677739096298,-0.0430307938886918,-0.964506365994621,0.114696816192141
5.50643396286443,0.488545486981898,-0.309386041343372,-0.471916336398941,-0.0109944790876063,0.14246140881422,-0.043214408244847,-0.964376371367475,0.115715971577334
5.54462189964184,0.486581400763859,-0.3102014505341,-0.472405696332034,-0.0106522386769735,0.14224362114882,-0.0433975144040508,-0.96424206944582,0.116741208943026
5.58307467542852,0.484607468365194,-0.311006372595047,-0.472896055212344,-0.0103024755356807,0.142024383392026,-0.0435800986980533,-0.964103412970791,0.117772549100855
5.6217941269223,0.482623804592366,-0.311800660123453,-0.473387339826466,-0.0099451216424111,0.141803703084775,-0.0437621475841253,-0.963960354087824,0.118810012780554
5.66078210355879,0.480630527148356,-0.312584167045931,-0.473879475563317,-0.00958010957257099,0.141581588014979,-0.0439436476511651,-0.963812844339974,0.119853620620198
5.70004046759971,0.478627756617689,-0.313356748685634,-0.474372386416742,-0.00920737252668372,0.141358046215309,-0.0441245856257926,-0.963660834661346,0.120903393156266
5.73957109422183,0.476615616449656,-0.314118261829412,-0.474865994988769,-0.00882684435886846,0.14113308596081,-0.0443049483784241,-0.963504275370654,0.121959350813515
5.77937587160657,0.474594232939743,-0.314868564794914,-0.475360222493502,-0.00843845960538994,0.140906715766335,-0.0444847229293243,-0.963343116164887,0.12302151389467
5.81945670103016,0.472563735209241,-0.315607517497585,-0.475854988761659,-0.00804215351325899,0.140678944383806,-0.0446638964546283,-0.963177306113114,0.124089902569923
5.85981549695445,0.470524255183033,-0.316334981517489,-0.476350212245762,-0.00763786206886782,0.140449780799285,-0.0448424562923293,-0.963006793650401,0.125164536866255
5.90045418711838,0.468475927565556,-0.317050820165921,-0.476845810025989,-0.00722552202664142,0.140219234229881,-0.0450203899482244,-0.962831526571872,0.126245436656575
5.94137471263004,0.466418889814936,-0.317754898551736,-0.477341697816674,-0.00680507093768676,0.139987314120469,-0.0451976851018159,-0.962651452026892,0.127332621648677
5.9825790280594,0.46435328211528,-0.318447083647349,-0.477837789973472,-0.0063764471784219,0.13975403014023,-0.0453743296121592,-0.96246651651339,0.128426111374023
6.02406910153166,0.462279247347143,-0.319127244354345,-0.478333999501185,-0.00593958997916655,0.139519392179015,-0.0455503115236534,-0.962276665872319,0.129525925176338
6.06584691482126,0.460196931056162,-0.319795251568644,-0.478830238062252,-0.00549443945267467,0.139283410343529,-0.0457256190717681,-0.962081845282253,0.130632082200046
6.10791446344653,0.458106481419854,-0.320450978245156,-0.479326415985896,-0.00504093662259134,0.139046094953343,-0.0459002406887008,-0.961881999254137,0.131744601378512
6.15027375676503,0.456008049212605,-0.321094299461887,-0.479822442277946,-0.00457902345181463,0.138807456536716,-0.0460741650089586,-0.961677071626169,0.132863501422129
6.19292681806951,0.45390178776883,-0.321725092483408,-0.480318224631307,-0.00410864287074345,0.138567505826257,-0.046247380874859,-0.961467005558844,0.133988800806222
6.23587568468454,0.451787852944337,-0.322343236823666,-0.480813669437099,-0.00362973880539325,0.138326253754403,-0.0464198773419424,-0.961251743530136,0.135120517758783
6.27912240806387,0.449666403075898,-0.322948614308045,-0.481308681796452,-0.00314225620535924,0.138083711448722,-0.0465916436842932,-0.961031227330845,0.136258670248048
6.32266905388835,0.447537598939032,-0.323541109134642,-0.481803165532958,-0.00264614107161054,0.137839890227056,-0.04676266939976,-0.960805398060092,0.137403275969889
6.36651770216467,0.445401603704032,-0.324120607934691,-0.482297023205769,-0.00214134048409387,0.137594801592479,-0.0469329442150717,-0.960574196120975,0.138554352335054
6.41067044732463,0.443258582890247,-0.32468699983208,-0.482790156123349,-0.00162780262912957,0.137348457228102,-0.047102458090843,-0.960337561216385,0.139711916456241
6.45512939832527,0.441108704318629,-0.325240176501899,-0.483282464357867,-0.0011054768265813,0.137100868991706,-0.0472712012264629,-0.960095432344989,0.140875985135002
6.49989667874954,0.438952138062586,-0.325780032227979,-0.483773846760223,-0.000574313556780559,0.13685204891021,-0.0474391640648605,-0.95984774779737,0.14204657484849
6.54497442690774,0.436789056397153,-0.326306463959337,-0.484264200975711,-3.42644871876296e-05,0.136602009173984,-0.0476063372971433,-0.959594445152346,0.143223701736047
6.5903647959397,0.434619633746503,-0.326819371365505,-0.484753423460301,0.000514717501228806,0.136350762131005,-0.047772711867101,-0.959335461273449,0.14440738158563
6.63606995391757,0.432444046629844,-0.327318656890662,-0.485241409497539,0.00107267828791213,0.136098320280857,-0.0479382789755705,-0.959070732305586,0.145597629820078
6.68209208394941,0.43026247360571,-0.327804225806527,-0.485728053216058,0.00163966248695427,0.135844696268583,-0.0481030300846555,-0.958800193671866,0.14679446148323
6.72843338428345,0.428075095214696,-0.328275986263957,-0.486213247607682,0.00221571342166851,0.135589902878387,-0.0482669569217953,-0.958523780070615,0.147997891225874
6.77509606841313,0.425882093920663,-0.328733849343205,-0.486696884546129,0.0028008730995121,0.135333953027197,-0.0484300514836794,-0.958241425472561,0.149207933291558
6.82208236518274,0.423683654050447,-0.329177729102771,-0.487178854806285,0.00339518218737878,0.135076859758089,-0.0485923060399987,-0.957953063118205,0.150424601502236
6.86939451889399,0.421479961732122,-0.329607542626809,-0.487659048084053,0.00399867998727527,0.134818636233573,-0.048753713137033,-0.957658625515383,0.151647909243765
6.91703478941313,0.419271204831837,-0.33002321007104,-0.488137353016761,0.00461140441239957,0.134559295728751,-0.0489142656010656,-0.957358044437004,0.152877869451258
6.96500545227891,0.417057572889291,-0.330424654707116,-0.488613657204106,0.00523339196363506,0.134298851624349,-0.0490739565416224,-0.957051250918986,0.154114494594277
7.0133087988113,0.41483925705187,-0.330811802965394,-0.489087847229649,0.00586467770647733,0.134037317399633,-0.0492327793545307,-0.956738175258381,0.155357796661885
7.06194713622089,0.41261645000751,-0.331184584476079,-0.489559808682815,0.00650529524840648,0.133774706625199,-0.0493907277247916,-0.956418747011695,0.156607787147549
7.11092278771915,0.410389345916312,-0.331542932108674,-0.490029426181407,0.00715527671672156,0.13351103295566,-0.0495477956292634,-0.956092894993406,0.157864477033894
7.16023809262934,0.408158140340978,-0.331886782009728,-0.490496583394619,0.0078146527368485,0.133246310122228,-0.0497039773391503,-0.955760547274677,0.159127876777315
7.20989540649828,0.405923030176106,-0.3322160736388,-0.490961163066513,0.00848345241113721,0.132980551925191,-0.0498592674222928,-0.955421631182282,0.160397996292446
7.25989710120885,0.403684213576397,-0.33253074980264,-0.491423047039978,0.00916170329815807,0.132713772226303,-0.0500136607452561,-0.955076073297721,0.161674844936477
7.31024556509332,0.401441889883834,-0.33283075668752,-0.491882116281124,0.00984943139251226,0.132445984941078,-0.0501671524752118,-0.954723799456561,0.16295843149334
7.36094320304735,0.399196259553877,-0.333116043889698,-0.492338250904112,0.0105466611051659,0.132177204031006,-0.0503197380816108,-0.954364734747967,0.164248764157745
7.41199243664497,0.396947524080742,-0.33338656444397,-0.492791330196409,0.0112534152443202,0.131907443495695,-0.0504714133376424,-0.953998803514467,0.16554585051908
7.46339570425412,0.394695885921815,-0.333642274850291,-0.493241232644429,0.0119697149968262,0.131636717364936,-0.0506221743214771,-0.953625929351914,0.166849697545167
7.51515546115323,0.392441548421252,-0.333883135098418,-0.493687835959569,0.0126955799101558,0.131365039690714,-0.0507720174172904,-0.95324603510968,0.168160311565886
7.56727417964842,0.390184715732844,-0.334109108690568,-0.494131017104604,0.0134310278749374,0.131092424539152,-0.0509209393160642,-0.952859042891064,0.169477698256652
7.61975434919166,0.387925592742187,-0.334320162662045,-0.494570652320434,0.0141760751080638,0.130818885982414,-0.0510689370161638,-0.952464874053929,0.170801862621762
7.67259847649959,0.385664384988235,-0.33451626759983,-0.495006617153158,0.0149307361363805,0.130544438090557,-0.0512160078236875,-0.952063449211563,0.172132808977601
7.72580908567334,0.383401298584285,-0.334697397659104,-0.495438786481466,0.015695023780963,0.130269094923351,-0.051362149352587,-0.951654688233775,0.173470540935716
7.77938871831903,0.381136540138469,-0.334863530577682,-0.49586703454432,0.0164689491419858,0.129992870522065,-0.0515073595245566,-0.951238510248222,0.174815061385755
7.83333993366922,0.378870316673809,-0.33501464768835,-0.49629123496891,0.017252521584193,0.129715778901236,-0.05165163656869,-0.950814833641973,0.176166372478264
7.8876653087051,0.376602835547905,-0.335150733929085,-0.496711260798875,0.0180457487229721,0.129437834040417,-0.0517949790209026,-0.950383576063317,0.177524475607364
7.94236743827963,0.374334304372312,-0.335271777851143,-0.497126984522755,0.0188486364110363,0.129159049875919,-0.0519373857231177,-0.949944654423812,0.178889371393286
7.99744893524145,0.372064930931689,-0.335377771625016,-0.497538278102663,0.0196611887257198,0.12887944029255,-0.0520788558222174,-0.949497984900587,0.180261059664777
8.0529124305597,0.369794923102767,-0.335468711044234,-0.497945013003165,0.020483407956887,0.128599019115364,-0.052219388768755,-0.949043482938886,0.181639539441376
8.10876057344967,0.367524488773214,-0.335544595527019,-0.498347060220335,0.0213152945954579,0.128317800101418,-0.0523589843154314,-0.948581063254878,0.18302480891556
8.16499603149936,0.365253835760458,-0.335605428115789,-0.498744290310975,0.0221568473225529,0.12803579693155,-0.0524976425153315,-0.948110639838721,0.18441686543476
8.22162149079689,0.36298317173054,-0.335651215474497,-0.499136573421986,0.0230080629992546,0.127753023202192,-0.0526353637199246,-0.947632125957891,0.185815705483252
8.27863965605879,0.360712704117058,-0.335681967883822,-0.49952377931985,0.0238689366569885,0.12746949241721,-0.0527721485768261,-0.947145434160774,0.187221324663913
8.33605325075921,0.358442640040271,-0.335697699234213,-0.49990577742024,0.0247394614885205,0.127185217979789,-0.0529079980273224,-0.946650476280537,0.188633717679862
8.39386501726,0.356173186226425,-0.335698427016779,-0.5002824368177,0.0256196288395707,0.12690021318437,-0.0530429133036593,-0.946147163439274,0.190052878315968
8.45207771694168,0.353904548927381,-0.335684172312052,-0.500653626315408,0.0265094282010397,0.126614491208643,-0.053176895926095,-0.94563540605242,0.191478799420236
8.51069413033537,0.351636933840587,-0.335654959776627,-0.501019214454983,0.0274088472018447,0.126328065105605,-0.0533099476997192,-0.945115113833473,0.19291147288507
8.56971705725559,0.349370546029487,-0.335610817627681,-0.501379069546338,0.0283178716023629,0.126040947795687,-0.0534420707110396,-0.944586195798983,0.194350889628414
8.62914931693396,0.347105589844401,-0.335551777625406,-0.501733059697537,0.0292364852884758,0.125753152058966,-0.0535732673243369,-0.944048560273854,0.195797039574775
8.68899374815392,0.34484226884397,-0.335477875053361,-0.502081052844661,0.030164670266211,0.125464690527457,-0.0537035401777915,-0.94350211489693,0.197249911636122
8.74925320938629,0.342580785717207,-0.335389148696761,-0.502422916781658,0.0311024066569739,0.125175575677505,-0.0538328921793832,-0.942946766626903,0.198709493692672
8.80993057892579,0.340321342206225,-0.335285640818736,-0.502758519190149,0.0320496726933648,0.124885819822268,-0.0539613265025668,-0.942382421748514,0.200175772573559
8.87102875502857,0.33806413902971,-0.335167397134574,-0.503087727669198,0.0330064447155728,0.124595435104317,-0.0540888465817262,-0.941808985879081,0.201648734037383
8.93255065605059,0.335809375807182,-0.335034466783981,-0.503410409765009,0.0339726971683397,0.124304433488346,-0.0542154561074093,-0.941226363975345,0.203128362752655
8.99449922058705,0.333557250984119,-0.334886902301378,-0.50372643300054,0.0349484025984852,0.124012826754001,-0.054341159021348,-0.940634460340645,0.204614642278123
9.05687740761275,0.331307961758,-0.334724759584277,-0.504035664905029,0.0359335316529849,0.123720626488839,-0.0544659595112657,-0.940033178632417,0.206107555042993
9.11968819662343,0.329061704005316,-0.334548097859758,-0.504337973043404,0.0369280530775917,0.123427844081424,-0.0545898620054764,-0.939422421870047,0.207607082327045
9.18293458777804,0.326818672209614,-0.334356979649087,-0.504633225045573,0.0379319337159902,0.123134490714556,-0.054712871167279,-0.938802092443052,0.209113204240636
9.2466196020421,0.324579059390617,-0.334151470730505,-0.504921288635568,0.0389451385094748,0.122840577358652,-0.0548349918891504,-0.938172092119625,0.210625899704611
9.31074628133199,0.322343057034494,-0.333931640100237,-0.505202031660557,0.0399676304971395,0.122546114765282,-0.0549562292867424,-0.93753232205553,0.212145146430106
9.3753176886602,0.320110855025304,-0.333697559931745,-0.505475322119671,0.0409993708165688,0.122251113460859,-0.0550765886926867,-0.936882682803364,0.213670920898257
9.44033690828169,0.317882641577687,-0.33344930553328,-0.505741028192678,0.0420403187050177,0.121955583740497,-0.0551960756502111,-0.936223074322189,0.215203198339815
9.50580704584117,0.315658603170836,-0.333186955303769,-0.505999018268455,0.0430904315010691,0.121659535662036,-0.0553146959065742,-0.935553395987541,0.216741952714669
9.57173122852146,0.313438924483807,-0.332910590687078,-0.506249160973277,0.0441496646467552,0.12136297904025,-0.055432455406321,-0.934873546601822,0.218287156691279
9.63811260519287,0.311223788332203,-0.332620296124711,-0.506491325198896,0.0452179716901323,0.121065923441231,-0.0555493602843667,-0.93418342440509,0.21983878162603
9.70495434656358,0.309013375606282,-0.332316159006967,-0.506725380130404,0.0462953042882923,0.120768378176958,-0.055665416858912,-0.933482927086236,0.221396797542496
9.7722596453311,0.306807865210525,-0.331998269622635,-0.506951195273878,0.0473816122108009,0.120470352300065,-0.0557806316241969,-0.932771951794575,0.222961173110636
9.84003171633479,0.304607434004712,-0.331666721107246,-0.507168640483789,0.0484768433435475,0.120171854598798,-0.0558950112430981,-0.93205039515185,0.22453187562591
9.90827379670937,0.302412256746532,-0.331321609389953,-0.507377585990183,0.0495809436929931,0.119872893592182,-0.0560085625395744,-0.931318153264656,0.226108870988333
9.97698914603959,0.300222506035772,-0.330963033139089,-0.507577902425604,0.0506938573908013,0.11957347752538,-0.0561212924909688,-0.930575121737288,0.227692123681454
10.0461810465159,0.29803835226012,-0.330591093706436,-0.507769460851782,0.0518155266988411,0.119273614365279,-0.0562332082201706,-0.92982119568503,0.229281596751292
10.1158528030912,0.295859963542598,-0.330205895070291,-0.50795213278606,0.0529458920145433,0.118973311796276,-0.0563443169876447,-0.929056269747889,0.230877251785198
10.1860077436388,0.293687505690685,-0.329807543777359,-0.508125790227559,0.0540848918765994,0.118672577216289,-0.0564546261833342,-0.928280238104774,0.232479048890687
10.2566492191112,0.29152114214712,-0.329396148883527,-0.508290305683089,0.055232462970987,0.118371417732992,-0.0565641433184433,-0.927492994488144,0.234086946674214
10.3277806037004,0.289361033942447,-0.328971821893603,-0.508445552192786,0.056388540137308,0.118069840160264,-0.0566728760171057,-0.92669443219912,0.235700902219918
10.3994052949988,0.287207339649301,-0.328534676700035,-0.508591403355493,0.057553056375425,0.11776785101488,-0.0567808320079453,-0.925884444123066,0.237320871068336
10.4715267141616,0.285060215338465,-0.328084829520704,-0.508727733353861,0.0587259428523814,0.117465456513425,-0.0568880191155372,-0.925062922745673,0.238946807195087
10.5441483060703,0.282919814536723,-0.327622398835827,-0.50885441697919,0.0599071289095916,0.117162662569447,-0.0569944452517733,-0.924229760169512,0.240578662989549
10.6172735394972,0.280786288186519,-0.327147505324037,-0.508971329655994,0.0610965420702858,0.116859474790839,-0.0571001184071411,-0.923384848131111,0.242216389233514
10.6909059072708,0.27865978460744,-0.326660271797688,-0.509078347466302,0.0622941080471979,0.116555898477472,-0.0572050466419223,-0.922528078018524,0.243859935079849
10.7650489264432,0.276540449459535,-0.326160823137458,-0.509175347173695,0.0634997507504802,0.116251938619061,-0.0573092380773166,-0.921659340889431,0.245509248031159
10.8397061384575,0.274428425708491,-0.325649286226296,-0.509262206247065,0.0647133922958327,0.115947599893277,-0.0574127008864991,-0.920778527489753,0.247164273918465
10.9148811093176,0.272323853592658,-0.325125789882773,-0.509338802884131,0.0659349530128333,0.115642886664107,-0.0575154432856182,-0.919885528272813,0.248824956879904
10.9905774297578,0.270226870591951,-0.324590464793906,-0.509405016034679,0.0671643514534565,0.115337802980455,-0.0576174735247398,-0.918980233419033,0.25049123933946
11.0667987154147,0.268137611398613,-0.324043443447493,-0.509460725423559,0.0684015044007669,0.115032352574999,-0.0577187998787454,-0.918062532856184,0.252163061985738
11.1435486070002,0.266056207889863,-0.323484860064036,-0.509505811573425,0.0696463268777756,0.11472653886329,-0.0578194306381919,-0.917132316280198,0.253840363750787
11.2208307704748,0.263982789102414,-0.322914850528302,-0.509540155827233,0.0708987321564474,0.11442036494311,-0.0579193741001386,-0.91618947317655,0.255523081788986
11.2986488972231,0.261917481208877,-0.322333552320576,-0.509563640370505,0.0721586317668477,0.114113833594071,-0.0580186385589494,-0.915233892842213,0.257211151455999
11.3770067042298,0.259860407496027,-0.321741104447665,-0.509576148253346,0.0734259355064173,0.113806947277474,-0.0581172322970769,-0.914265464408202,0.258904506287817
11.4559079342577,0.257811688344949,-0.321137647373713,-0.509577563412257,0.0747005514493635,0.113499708136417,-0.0582151635758359,-0.913284076862708,0.260603077979891
11.535356356026,0.255771441213047,-0.320523322950882,-0.50956777069171,0.0759823859561602,0.113192117996157,-0.0583124406261716,-0.912289619074835,0.262306796366374
11.6153557643908,0.253739780617906,-0.319898274349943,-0.509546655865524,0.0772713436831433,0.112884178364721,-0.0584090716394321,-0.911281979818951,0.264015589399482
11.6959099805258,0.251716818123004,-0.319262645990853,-0.509514105658041,0.0785673275921941,0.112575890433769,-0.0585050647581496,-0.910261047799648,0.265729383128982
11.7770228521052,0.249702662325262,-0.318616583473343,-0.509470007765101,0.0798702389605042,0.112267255079716,-0.0586004280668388,-0.909226711677334,0.267448101681834
11.8586982534876,0.247697418844411,-0.317960233507605,-0.509414250874845,0.0811799773904083,0.111958272865093,-0.0586951695828183,-0.908178860094453,0.269171667241982
11.9409400859005,0.245701190314175,-0.317293743845096,-0.509346724688335,0.0824964408192826,0.111648944040168,-0.0587892972470629,-0.907117381702353,0.270900000030325
12.0237522776272,0.243714076375244,-0.316617263209528,-0.509267319940018,0.083819525529499,0.111339268544813,-0.0588828189150921,-0.906042165188787,0.272633018284875
12.1071387841942,0.241736173670019,-0.315930941228098,-0.509175928418037,0.0851491261584293,0.111029246010614,-0.0589757423479033,-0.904953099306086,0.274370638241112
12.1911035885602,0.239767575839115,-0.315234928362995,-0.509072442984397,0.086485135708494,0.110718875763235,-0.0590680752029545,-0.903850072899976,0.276112774112566
12.2756507013062,0.237808373519606,-0.314529375843238,-0.508956757595005,0.0878274455572505,0.110408156825026,-0.0591598250252044,-0.902732974939078,0.277859338071626
12.3607841608273,0.235858654344971,-0.313814435596892,-0.508828767319589,0.0891759454675165,0.110097087917866,-0.0592509992382156,-0.90160169454507,0.279610240230607
12.4465080335254,0.233918502946743,-0.313090260183712,-0.508688368361516,0.0905305235975238,0.109785667466258,-0.0593416051353279,-0.900456121023535,0.281365388623077
12.5328264140034,0.231988000957816,-0.312357002728246,-0.508535458077502,0.0918910665111016,0.109473893600658,-0.0594316498709077,-0.899296143895491,0.283124689185479
12.6197434252612,0.230067227017394,-0.311614816853463,-0.508369934997256,0.0932574591878846,0.109161764161041,-0.0595211404516797,-0.898121652929619,0.28488804573905
12.7072632188919,0.22815625677756,-0.310863856614927,-0.508191698843043,0.0946295850335467,0.108849276700705,-0.0596100837281476,-0.896932538175176,0.286655359972062
12.7953899752808,0.226255162911418,-0.310104276435567,-0.508000650549189,0.0960073258900568,0.108536428490304,-0.0596984863861093,-0.895728689995616,0.288426531422409
12.8841279038047,0.224364015122807,-0.309336231041088,-0.507796692281545,0.0973905620459589,0.108223216522112,-0.0597863549382729,-0.894509999102916,0.290201457460553
12.9734812430331,0.222482880157527,-0.308559875396051,-0.507579727456919,0.0987791722466767,0.107909637514514,-0.0598736957159794,-0.893276356592605,0.291980033272843
13.0634542609305,0.220611821816075,-0.30777536464067,-0.507349660762478,0.100173033704842,0.107595687916724,-0.059960514861038,-0.892027653979513,0.293762151845247
13.1540512550606,0.218750900967833,-0.306982854028354,-0.507106398175154,0.10157202211065,0.107281363913718,-0.06004681831768,-0.890763783234224,0.295547703947496
13.2452765527909,0.216900175566694,-0.306182498864028,-0.506849846981045,0.10297601164225,0.106966661431388,-0.0601326118246358,-0.88948463682026,0.297336578117674
13.3371345115004,0.215059700668089,-0.305374454443276,-0.506579915794839,0.104384874976163,0.106651576141913,-0.0602179009073419,-0.888190107731973,0.299128660647274
13.4296295187868,0.213229528447368,-0.304558875992331,-0.506296514579265,0.105798483297741,0.10633610346934,-0.0603026908702831,-0.886880089533162,0.300923835566737
13.5227659926764,0.211409708219525,-0.303735918608938,-0.505999554664585,0.107216706311668,0.106020238595365,-0.0603869867894742,-0.885554476396415,0.302721984631502
13.6165483818355,0.209600286460205,-0.302905737204127,-0.505688948768136,0.108639412252513,0.105703976465333,-0.0604707935050876,-0.884213163143168,0.304522987308594
13.7109811657822,0.207801306827973,-0.302068486444926,-0.505364611013943,0.110066467895336,0.10538731179442,-0.0605541156142313,-0.882856045284487,0.306326720763753
13.806068855101,0.206012810187813,-0.301224320698027,-0.505026456952406,0.111497738566356,0.105070239074031,-0.0606369574638828,-0.881483019062575,0.308133059849159
13.9018159916578,0.204234834635801,-0.300373393974445,-0.50467440358007,0.11293308815369,0.104752752578369,-0.0607193231439831,-0.880093981492993,0.30994187709175
13.998227148817,0.202467415524932,-0.299515859875185,-0.5043083693595,0.114372379118176,0.104434846371215,-0.0608012164806964,-0.878688830407604,0.311753042682174
14.0953069316601,0.200710585492065,-0.298651871537939,-0.503928274239258,0.115815472504276,0.104116514312868,-0.0608826410298396,-0.877267464498225,0.313566424464388
14.1930599772055,0.198964374485927,-0.297781581584845,-0.503534039674008,0.117262227951087,0.103797750067287,-0.0609636000704863,-0.875829783360998,0.315381887925943
14.2914909546299,0.197228809796165,-0.296905142071307,-0.503125588644736,0.118712503703453,0.103478547109392,-0.0610440965987502,-0.874375687541461,0.31719929618897
14.3906045654914,0.195503916083391,-0.296022704435913,-0.502702845679122,0.120166156623207,0.103158898732547,-0.0611241333217516,-0.872905078580323,0.319018510001895
14.4904055439544,0.193789715410187,-0.295134419451462,-0.502265736872048,0.121623042200536,0.102838798056198,-0.0612037126517718,-0.871417859059936,0.320839387731912
14.5908986570152,0.192086227273031,-0.294240437177111,-0.50181418990627,0.123083014565499,0.102518238033687,-0.0612828367005991,-0.869913932651458,0.32266178535824
14.6920887047298,0.190393468635105,-0.293340906911662,-0.501348134073238,0.124545926499702,0.102197211460208,-0.0613615072740712,-0.868393204162691,0.324485556466187
14.7939805204436,0.188711453959952,-0.292435977147998,-0.500867500294104,0.12601162944814,0.101875710980929,-0.0614397258668163,-0.866855579586602,0.326310552242058
14.8965789710218,0.187040195245934,-0.29152579552868,-0.500372221140893,0.127479973531239,0.101553729099249,-0.0615174936571993,-0.865300966150501,0.328136621468918
14.999888957082,0.185379702061462,-0.290610508802723,-0.499862230857858,0.128950807557084,0.101231258185207,-0.0615948115024735,-0.863729272365878,0.329963610523255
15.1039154132284,0.183729981580956,-0.289690262783546,-0.499337465383029,0.130423979033876,0.100908290484024,-0.0616716799341449,-0.86214040807888,0.331791363372558
15.2086633082875,0.182091038621496,-0.288765202308117,-0.498797862369945,0.131899334182615,0.100584818124774,-0.0617480991535494,-0.860534284521424,0.333619721573845
15.3141376455451,0.180462875680128,-0.287835471197294,-0.49824336120959,0.133376717950041,0.100260833129194,-0.0618240690276484,-0.858910814362925,0.335448524273165
15.4203434629857,0.178845492971794,-0.286901212217365,-0.497673903052522,0.134855974021832,0.0999363274205988,-0.0618995890850455,-0.857269911762632,0.337277608206105
15.5272858335329,0.177238888467829,-0.285962567042798,-0.497089430831202,0.136336944836095,0.0996112928329294,-0.0619746585122263,-0.855611492422552,0.339106807699327
15.6349698652918,0.17564305793502,-0.285019676220201,-0.49648988928254,0.137819471597148,0.0992857211198997,-0.0620492761500263,-0.85393547364095,0.340935954673169
15.7434007017931,0.174057994975153,-0.284072679133497,-0.495875224970623,0.139303394289633,0.0989596039642567,-0.0621234404903283,-0.852241774366409,0.342764878645324
15.8525835222385,0.172483691065048,-0.2831217139703,-0.495245386309666,0.140788551692959,0.0986329329871383,-0.0621971496729925,-0.850530315252421,0.34459340673565
15.9625235417481,0.170920135597021,-0.282166917689527,-0.494600323587155,0.142274781396106,0.0983056997575266,-0.0622704014830221,-0.848801018712512,0.346421363672113
16.07322601161,0.169367315919748,-0.281208425990199,-0.493939988987198,0.143761919812799,0.0979778958017898,-0.0623431933479671,-0.847053808975858,0.348248571797903
16.1846962195303,0.167825217379492,-0.280246373281473,-0.493264336614069,0.145249802197084,0.0976495126133094,-0.0624155223355681,-0.845288612143383,0.350074851079757
16.2969394898867,0.16629382336167,-0.279280892653872,-0.492573322515955,0.146738262659312,0.0973205416621835,-0.0624873851516434,-0.84350535624432,0.351900019117504
16.4099611839816,0.164773115332709,-0.278312115851722,-0.491866904708884,0.148227134182557,0.0969909744050038,-0.0625587781382207,-0.841703971293197,0.353723891154867
16.5237667002994,0.163263072882168,-0.277340173246791,-0.491145043200849,0.149716248639495,0.0966608022946983,-0.0626296972719163,-0.839884389347241,0.355546280091545
16.6383614747635,0.161763673765095,-0.276365193813122,-0.490407700016108,0.15120543680974,0.0963300167904347,-0.0627001381625629,-0.838046544564167,0.357366996496611
16.7537509809962,0.160274893944582,-0.275387305103058,-0.489654839219652,0.15269452839769,0.0959986093675789,-0.0627700960520886,-0.836190373260312,0.359185848623239
16.8699407305804,0.158796707634483,-0.274406633224442,-0.488886426941846,0.154183352050874,0.0956665715277018,-0.062839565813649,-0.834315813969118,0.361002642424799
16.9869362733223,0.157329087342277,-0.273423302819004,-0.488102431403219,0.155671735378833,0.0953338948086288,-0.0629085419510128,-0.832422807499901,0.362817181572332
17.1047431975172,0.15587200391203,-0.272437437041895,-0.487302822939404,0.157159504972557,0.0950005707945266,-0.0629770185982041,-0.830511296996894,0.364629267473451
17.2233671302159,0.154425426567435,-0.2714491575424,-0.486487574026205,0.158646486424489,0.0946665911260199,-0.0630449895194015,-0.828581227998534,0.366438699292669
17.3428137374936,0.152989322954902,-0.270458584445778,-0.485656659304801,0.160132504349122,0.0943319475103332,-0.0631124481090956,-0.826632548496952,0.368245273973193
17.4630887247206,0.151563659186664,-0.269465836336252,-0.484810055607041,0.161617382404206,0.0939966317314501,-0.0631793873925069,-0.824665208997636,0.370048786260211
17.5841978368348,0.150148399883873,-0.268471030241117,-0.483947741980851,0.163100943312583,0.0936606356602855,-0.0632458000262632,-0.82267916257923,0.371849028725679
17.7061468586161,0.14874350821966,-0.267474281615964,-0.483069699715713,0.164583008884668,0.0933239512648631,-0.0633116782993396,-0.820674364953442,0.373645791794644
17.8289416149627,0.147348945962128,-0.266475704331005,-0.482175912368208,0.166063400041604,0.0929865706204922,-0.0633770141342605,-0.81865077452501,0.375438863773125
17.9525879711692,0.145964673517265,-0.265475410658487,-0.481266365787615,0.167541936839096,0.0926484859199382,-0.0634417990885642,-0.816608352451699,0.377228030877561
18.0770918332073,0.14459064997173,-0.264473511261179,-0.480341048141534,0.169018438491942,0.0923096894835792,-0.0635060243565319,-0.814547062704279,0.379013077265856
18.2024591480069,0.143226833135504,-0.263470115181927,-0.479399949941519,0.170492723399297,0.0919701737695434,-0.0635696807711792,-0.812466872126462,0.380793785070044
18.3286959037413,0.141873179584383,-0.262465329834243,-0.478443064068706,0.171964609170659,0.0916299313838198,-0.0636327588065129,-0.810367750494725,0.382569934430576
18.4558081301122,0.140529644702272,-0.261459260993942,-0.477470385799413,0.173433912652621,0.0912889550903367,-0.0636952485800513,-0.808249670578017,0.384341303532261
18.5838018986386,0.13919618272328,-0.260452012791784,-0.476481912830685,0.174900449956378,0.0909472378210007,-0.0637571398556088,-0.806112608197263,0.386107668641877
18.7126833229461,0.137872746773573,-0.259443687707128,-0.475477645305768,0.176364036486031,0.0906047726856896,-0.0638184220463443,-0.803956542284654,0.387868804147453
18.8424585590593,0.136559288912984,-0.25843438656256,-0.474457585839488,0.177824486967677,0.0902615529821939,-0.0638790842180732,-0.801781454942663,0.38962448259925
18.9731338056957,0.135255760176341,-0.257424208519506,-0.473421739543502,0.179281615479321,0.0899175722060981,-0.0639391150928426,-0.799587331502733,0.391374474752452
19.1047153045619,0.133962110614502,-0.256413251074784,-0.47237011405141,0.180735235481604,0.0895728240605971,-0.0639985030527688,-0.797374160583609,0.39311854961157
19.2372093406515,0.132678289335079,-0.255401610058103,-0.47130271954369,0.182185159849377,0.08922730246624,-0.0640572361441368,-0.79514193414924,0.394856474476582
19.3706222425457,0.131404244542825,-0.25438937963048,-0.470219568772435,0.183631200904113,0.088881001570595,-0.0641153020817597,-0.792890647566221,0.396588014990797
19.5049603827152,0.130139923579674,-0.253376652283551,-0.469120677085858,0.185073170447194,0.0885339157578281,-0.0641726882535989,-0.790620299660718,0.398312935190485
19.6402301778248,0.128885272964413,-0.252363518839782,-0.468006062452549,0.186510879794048,0.0881860396581901,-0.0642293817256414,-0.788330892774821,0.400030997556235
19.7764380890397,0.127640238431963,-0.251350068453536,-0.466875745485441,0.187944139809181,0.0878373681574036,-0.0642853692470352,-0.786022432822272,0.401741963066087
19.9135906223344,0.126404764972266,-0.250336388612991,-0.465729749465455,0.189372760942084,0.0874878964059443,-0.0643406372554791,-0.783694929343522,0.403445591250413
20.0516943288031,0.12517879686875,-0.249322565142897,-0.464568100364815,0.190796553264038,0.0871376198282099,-0.0643951718828663,-0.781348395560056,0.405141640248557
20.1907558049731,0.123962277736363,-0.248308682208138,-0.463390826869967,0.192215326505815,0.0867865341315695,-0.0644489589611801,-0.778982848427934,0.40682986686724
20.3307816931193,0.122755150559164,-0.247294822318091,-0.462197960404101,0.193628890096281,0.0864346353152856,-0.0645019840286389,-0.77659830869049,0.408510026640722
20.4717786815819,0.121557357727444,-0.24628106633177,-0.460989535149222,0.195037053201911,0.086081919679305,-0.0645542323360877,-0.774194800930138,0.410181873892709
20.6137535050858,0.120368841074388,-0.245267493463714,-0.459765588067753,0.19643962476721,0.0857283838329085,-0.0646056888536356,-0.771772353619223,0.411845161800018
20.756712945062,0.119189541912234,-0.244254181290629,-0.458526158923621,0.19783641355604,0.0853740247032147,-0.0646563382775348,-0.769330999169861,0.413499642457979
20.900663829972,0.118019401067951,-0.243241205758741,-0.457271290302803,0.199227228193865,0.0850188395435306,-0.0647061650372985,-0.766870773982718,0.415145066947569
21.0456130356336,0.116858358918391,-0.242228641191856,-0.456001027633297,0.200611877210902,0.0846628259415426,-0.0647551533030563,-0.764391718494653,0.416781185404266
21.1915674855492,0.115706355424934,-0.241216560300102,-0.454715419204468,0.201990169086176,0.0843059818273404,-0.0648032869931413,-0.761893877225188,0.418407747088606
21.338534151237,0.11456333016759,-0.24020503418934,-0.453414516185762,0.203361912292487,0.0839483054812681,-0.0648505497819082,-0.75937729882173,0.420024500458443
21.4865200525637,0.11342922237857,-0.239194132371214,-0.452098372644719,0.204726915342259,0.0835897955415962,-0.0648969251077763,-0.756842036103491,0.421631193242875
21.6355322580795,0.1123039709753,-0.238183922773834,-0.450767045564274,0.206084986834301,0.083230451012006,-0.064942396181496,-0.754288146104055,0.423227572517828
21.7855778853565,0.111187514592882,-0.237174471753066,-0.449420594859303,0.207435935501431,0.0828702712688828,-0.0649869459946329,-0.751715690112517,0.424813384783274
21.9366641013278,0.110079791615979,-0.236165844104411,-0.448059083392367,0.20877957025899,0.0825092560684085,-0.0650305573282666,-0.749124733713157,0.426388376042067
22.0887981226306,0.108980740210132,-0.235158103075457,-0.446682576988636,0.210115700254211,0.0821474055534501,-0.0650732127618987,-0.746515346823564,0.427952291880359
22.2419872159503,0.107890298352495,-0.234151310378879,-0.445291144449942,0.211444134916443,0.0817847202602354,-0.065114894682567,-0.743887603731179,0.429504877549573
22.396238698368,0.106808403861976,-0.23314552620598,-0.443884857567931,0.212764684008212,0.0814212011248109,-0.0651555852941594,-0.741241583128173,0.431045878049911
22.5515599377096,0.105734994428783,-0.232140809240737,-0.442463791136272,0.214077157677102,0.0810568494892754,-0.0651952666269239,-0.738577368144624,0.432575038215358
22.7079583528983,0.104670007643377,-0.231137216674358,-0.4410280229619,0.215381366508451,0.0806916671077842,-0.0652339205471686,-0.735895046379922,0.434092102800141
22.8654414143084,0.103613381024805,-0.2301348042203,-0.439577633875238,0.216677121578826,0.0803256561523158,-0.0652715287671471,-0.733194709932346,0.435596816566629
23.0240166441225,0.102565052048433,-0.229133626129759,-0.438112707739377,0.217964234510269,0.079958819218198,-0.0653080728551232,-0.730476455426764,0.437088924374607
23.1836916166905,0.101524958173058,-0.228133735207601,-0.436633331458177,0.219242517525298,0.0795911593293848,-0.065343534245609,-0.727740384040394,0.438568171271906
23.3444739588916,0.100493036867398,-0.227135182828705,-0.435139594983239,0.220511783502626,0.079222679943481,-0.0653778942497713,-0.724986601526572,0.440034302586337
23.5063713504986,0.0994692256359666,-0.226138018954728,-0.433631591319736,0.221771846033581,0.0788533849565079,-0.0654111340659992,-0.722215218236473,0.441487064018881
23.6693915245447,0.0984534620443083,-0.22514229215124,-0.432109416531054,0.223022519479211,0.0784832787074039,-0.065443234790627,-0.719426349138736,0.442926201738093
23.8335422676926,0.0974456837436165,-0.224148049605244,-0.430573169742208,0.224263619028027,0.0781123659822567,-0.0654741774288056,-0.716620113836933,0.444351462475672
23.9988314206069,0.0964458284947128,-0.223155337143033,-0.429022953142009,0.225494960754377,0.0777406520182602,-0.0655039429055162,-0.713796636584837,0.445762593623136
24.1652668783283,0.0954538341913944,-0.222164199248392,-0.427458871983947,0.2267163616774,0.0773681425073929,-0.0655325120767186,-0.710956046299441,0.44715934332956
24.3328565906507,0.0944696388831466,-0.22117467908111,-0.42588103458575,0.227927639820552,0.0769948435998109,-0.0655598657406276,-0.708098476571667,0.44854146060031
24.5016085625011,0.0934931807972185,-0.220186818495795,-0.424289552327601,0.229128614271649,0.0766207619069534,-0.0655859846491095,-0.705224065674741,0.449908695396727
24.6715308543219,0.0925243983600614,-0.219200658060964,-0.422684539648972,0.230319105243406,0.0762459045043545,-0.0656108495191924,-0.702332956570159,0.45126079873669
24.8426315824557,0.0915632302181304,-0.218216237078406,-0.421066114044052,0.231498934134436,0.0758702789341574,-0.065634441044681,-0.69942529691123,0.452597522795998
25.0149189195333,0.0906096152580479,-0.217233593602786,-0.419434396055746,0.23266792359066,0.0754938932073285,-0.0656567399078698,-0.696501239044128,0.453918621010515
25.1884010948637,0.0896634926261304,-0.216252764461481,-0.417789509268196,0.233825897567114,0.0751167558055646,-0.0656777267913451,-0.693560940006429,0.455223848179003
25.3630863948277,0.088724801747278,-0.215273785274634,-0.416131580297829,0.23497268139008,0.0747388756828933,-0.0656973823898688,-0.69060456152309,0.456512960566575
25.538983163273,0.0877934823432299,-0.214296690475402,-0.414460738782886,0.236108101819533,0.0743602622669599,-0.0657156874223348,-0.687632269999831,0.457785716008706
25.7160998019135,0.0868694744501846,-0.213321513330382,-0.41277711737141,0.237231987111839,0.0739809254599999,-0.0657326226437907,-0.684644236513884,0.459041874015727
25.89444477073,0.0859527184357892,-0.212348285960209,-0.411080851707686,0.238344167082674,0.0736008756394935,-0.0657481688575142,-0.681640636802083,0.460281195877718
26.0740265883745,0.0850431550154973,-0.2113770393603,-0.409372080417088,0.239444473170106,0.0732201236584988,-0.0657623069271383,-0.678621651246263,0.461503444769742
26.2548538325773,0.0841407252682995,-0.210407803421726,-0.407650945089336,0.240532738497814,0.0728386808456621,-0.0657750177888127,-0.675587464855926,0.46270838585734
26.4369351405564,0.0832453706518304,-0.209440606952215,-0.405917590260136,0.241608797938376,0.0724565590049037,-0.0657862824633962,-0.672538267248175,0.463895786402188
26.6202792094301,0.0823570330168519,-0.208475477697237,-0.404172163391179,0.242672488176595,0.072073770414775,-0.0657960820686681,-0.669474252624869,0.465065415867872
26.8048947966327,0.0814756546211183,-0.207512442361198,-0.402414814848502,0.243723647772801,0.0716903278274886,-0.065804397831551,-0.666395619746987,0.466217046025668
26.9907907203326,0.0806011781426274,-0.206551526628686,-0.400645697879175,0.244762117226095,0.0713062444676169,-0.0658112111003343,-0.663302571906184,0.467350451060265
27.1779758598533,0.0797335466922603,-0.205592755185789,-0.398864968586327,0.245787739037462,0.0709215340304603,-0.0658165033568906,-0.660195316893527,0.468465407675333
27.3664591560979,0.0788727038258143,-0.204636151741443,-0.397072785902481,0.246800357772734,0.0705362106800833,-0.0658202562288739,-0.657074066965382,0.469561695198867
27.556249611976,0.0780185935554343,-0.203681739048818,-0.395269311561199,0.247799820125311,0.0701502890470182,-0.0658224515018908,-0.653939038806464,0.470639095688209
27.7473562928336,0.0771711603604469,-0.202729538926709,-0.393454710067027,0.248785974978624,0.0697637842256361,-0.0658230711316352,-0.650790453490031,0.471697394034664
27.9397883268864,0.0763303491976028,-0.201779572280931,-0.391629148663749,0.249758673468268,0.0693767117711862,-0.0658220972559757,-0.647628536435209,0.472736378067628
28.1335549056553,0.0754961055107318,-0.200831859125698,-0.389792797300916,0.250717769043746,0.0689890876965022,-0.0658195122069879,-0.644453517361469,0.473755838658136
28.3286652844062,0.0746683752398185,-0.199886418604973,-0.387945828598689,0.251663117529792,0.0686009284683777,-0.0658152985229189,-0.641265630240242,0.474755569821741
28.5251287825912,0.0738471048295016,-0.198943269013778,-0.386088417810966,0.252594577187193,0.0682122510036124,-0.0658094389600777,-0.638065113243669,0.475735368820636
28.7229547842946,0.0730322412370057,-0.198002427819448,-0.384220742786809,0.253512008773068,0.0678230726647282,-0.0658019165046383,-0.634852208690524,0.476695036264928
28.9221527386804,0.0722237319395105,-0.197063911682818,-0.382342983930181,0.254415275600559,0.0674334112553593,-0.0657927143843482,-0.631627162989285,0.477634376212983
29.1227321604441,0.0714215249409645,-0.196127736479327,-0.38045532415798,0.255304243597847,0.0670432850153165,-0.0657818160801306,-0.62839022657839,0.478553196270734
29.324702630267,0.0706255687783513,-0.195193917320031,-0.378557948856411,0.256178781366475,0.0666527126153295,-0.0657692053375725,-0.625141653863692,0.479451307689885
29.5280737952738,0.0698358125274136,-0.194262468572514,-0.376651045835674,0.257038760238897,0.0662617131514692,-0.0657548661782865,-0.621881703153126,0.480328525464901
29.7328553694936,0.0690522058078444,-0.193333403881673,-0.374734805283001,0.257884054335204,0.0658703061392526,-0.0657387829111387,-0.618610636588612,0.481184668428707
29.9390571343235,0.0682746987879522,-0.192406736190385,-0.372809419714058,0.258714540618977,0.0654785115074344,-0.0657209401433323,-0.615328720075239,0.482019559347004
30.1466889389963,0.067503242188808,-0.191482477760022,-0.370875083922713,0.25953009895221,0.0650863495914889,-0.0657013227913367,-0.612036223207725,0.482833025011109
30.3557607010504,0.0667377872878828,-0.190560640190826,-0.368931994929209,0.260330612149239,0.0646938411267853,-0.0656799160916537,-0.608733419194229,0.483624896329241
30.566282406804,0.0659782859221839,-0.189641234442113,-0.366980351926753,0.261115966029634,0.0643010072414627,-0.0656567056114103,-0.605420584777509,0.48439500841615
30.7782641118319,0.0652246904908979,-0.188724270852304,-0.365020356226539,0.261886049470003,0.0639078694490063,-0.0656316772587704,-0.6020980001535,0.485143200681025
30.9917159414457,0.0644769539575504,-0.187809759158782,-0.363052211201249,0.262640754454636,0.0635144496405332,-0.0656048172931536,-0.598765948887337,0.485869316913568
31.2066480911777,0.0637350298516901,-0.18689770851754,-0.361076122227036,0.263379976124961,0.063120770076791,-0.0655761123352554,-0.595424717826869,0.486573205368174
31.4230708272674,0.0629988722701077,-0.185988127522639,-0.359092296624042,0.264103612827734,0.0627268533798748,-0.0655455493768573,-0.592074597013717,0.487254718846127
31.6409944871527,0.062268435877598,-0.185081024225445,-0.357100943595462,0.264811566161942,0.0623327225246698,-0.0655131157904189,-0.588715879591936,0.487913714775717
31.8604294799627,0.0615436759072754,-0.184176406153646,-0.355102274165199,0.265503741024338,0.0619384008300246,-0.0654787993384441,-0.585348861714318,0.488550055290218
32.0813862870155,0.060824548160452,-0.18327428033004,-0.35309650111415,0.266180045653582,0.0615439119496617,-0.0654425881826121,-0.581973842446409,0.489163607303637
32.3038754623189,0.0601110090060889,-0.182374653291076,-0.351083838915139,0.266840391672933,0.0611492798628329,-0.0654044708926658,-0.578591123668293,0.489754242584158
32.5279076330741,0.0594030153798299,-0.181477531105157,-0.349064503666565,0.267484694131432,0.060754528864726,-0.0653644364550489,-0.575201009974218,0.490321837825212
32.7534935001834,0.0587005247826284,-0.180582919390677,-0.347038713024785,0.268112871543561,0.0603596835566301,-0.0653224742812846,-0.571803808570111,0.490866274714092
32.9806438387618,0.0580034952789778,-0.179690823333797,-0.345006686135274,0.268724845927296,0.0599647688358679,-0.0652785742160886,-0.568399829169073,0.491387439998047
33.2093694986511,0.0573118854947552,-0.178801247705955,-0.342968643562632,0.26932054284054,0.0595698098855019,-0.0652327265452074,-0.564989383884913,0.491885225547792
33.4396814049384,0.05662565461469,-0.177914196881088,-0.340924807219446,0.269899891415885,0.0591748321638235,-0.0651849220029784,-0.561572787123801,0.492359528418352
33.6715905584778,0.0559447623794675,-0.177029674852573,-0.338875400294087,0.270462824393656,0.0587798613936332,-0.0651351517796004,-0.558150355474113,0.492810250907197
33.9051080364161,0.0552691690824782,-0.17614768524988,-0.336820647177476,0.271009278153211,0.0583849235513203,-0.0650834075281129,-0.554722407594551,0.493237300609587
34.1402449927217,0.054598835566224,-0.17526823135492,-0.334760773388869,0.27153919274245,0.0579900448557513,-0.0650296813710741,-0.551289264100626,0.493640590471088
34.3770126587175,0.0539337232183926,-0.174391316118093,-0.332696005500725,0.272052511905504,0.057595251756976,-0.0649739659069338,-0.54785124744957,0.494020038837182
34.6154223436172,0.0532737939676103,-0.173516942174025,-0.330626571062694,0.272549183108571,0.0572005709247612,-0.0649162542160959,-0.544408681823786,0.49437556949994
34.8554854350656,0.0526190102788852,-0.172645111856992,-0.328552698524795,0.273029157563859,0.0568060292369597,-0.064856539866663,-0.540961893012905,0.49470711174169
35.0972133996824,0.0519693351487518,-0.171775827216027,-0.326474617159833,0.273492390251624,0.0564116537677273,-0.0647948169198612,-0.537511208294558,0.495014600375648
35.3406177836102,0.0513247321001278,-0.170909090029693,-0.324392556985109,0.27393883994025,0.0560174717755943,-0.0647310799351379,-0.534056956313935,0.495297975783453
35.5857102130658,0.0506851651768955,-0.170044901820543,-0.322306748683495,0.274368469204377,0.0556235106914046,-0.06466532397493,-0.530599466962246,0.49555718394958
35.8325023948954,0.0500505989382177,-0.169183263869234,-0.320217423523912,0.274781244441021,0.0552297981061305,-0.0645975446090979,-0.527139071254158,0.495792176492589
36.081006117134,0.049420998452601,-0.168324177228318,-0.318124813281297,0.27517713588369,0.0548363617585743,-0.0645277379190216,-0.523676101204327,0.496002910693165
36.3312332495683,0.0487963292917163,-0.167467642735682,-0.316029150156098,0.275556117614467,0.0544432295229675,-0.0644559005013559,-0.520210889703099,0.496189349518937
36.5831957443038,0.0481765575239905,-0.166613661027661,-0.31393066669337,0.275918167574035,0.0540504293964774,-0.064382029471442,-0.516743770391506,0.496351461646041
36.8369056363357,0.0475616497079764,-0.165762232551793,-0.311829595701533,0.276263267569645,0.053657989486632,-0.0643061224663731,-0.513275077535622,0.496489221477388
37.0923750441235,0.0469515728855179,-0.164913357579241,-0.309726170170858,0.276591403281004,0.0532659379986749,-0.0642281776477105,-0.509805145900422,0.496602609157652
37.3496161701702,0.0463462945747165,-0.164067036216854,-0.307620623191736,0.276902564264076,0.0528743032228592,-0.064148193703851,-0.506334310623212,0.49669161058492
37.6086413016048,0.0457457827627145,-0.163223268418894,-0.305513187872808,0.27719674395278,0.0524831135216928,-0.0640661698520417,-0.50286290708674,0.496756217419027
37.8694628107695,0.045150005898303,-0.162382053998401,-0.303404097258998,0.277473939658599,0.0520923973171449,-0.0639821058400425,-0.49939127079211,0.496796427086539
38.1320931558105,0.0445589328843689,-0.161543392638209,-0.301293584249548,0.277734152568072,0.0517021830778264,-0.0638960019474355,-0.495919737231571,0.496812242782399
38.3965448812729,0.0439725330701897,-0.160707283901615,-0.299181881516081,0.277977387738181,0.0513124993061518,-0.0638078589865813,-0.492448641761307,0.49680367346822
38.6628306187004,0.0433907762435887,-0.159873727242695,-0.297069221420786,0.278203654089641,0.050923374525498,-0.0637176783032208,-0.48897831947433,0.496770733867234
38.9309630872381,0.0428136326229605,-0.159042722016262,-0.294955835934778,0.278412964398074,0.0505348372673663,-0.0636254617767255,-0.485509105073559,0.496713444455893
39.2009550942403,0.0422410728491791,-0.158214267487482,-0.292841956556695,0.278605335283097,0.0501469160585621,-0.0635312118199952,-0.482041332745215,0.496631831452146
39.4728195358824,0.0416730679773981,-0.157388362841135,-0.290727814231607,0.278780787195317,0.0497596394084014,-0.0634349313790047,-0.478575336032614,0.496525926800393
39.7465693977764,0.0411095894687546,-0.156565007190523,-0.288613639270286,0.278939344401247,0.0493730357959543,-0.0633366239320019,-0.475111447710473,0.496395768153128
40.0222177555915,0.0405506091819871,-0.15574419958604,-0.286499661268917,0.279081034966157,0.0489871336573384,-0.0632362934883587,-0.471649999659814,0.496241398849301
40.2997777756789,0.0399960993649776,-0.154925939023387,-0.284386109029303,0.279205890734873,0.04860196137307,-0.0631339445870767,-0.468191322743591,0.496062867889425
40.5792627157,0.0394460326462294,-0.154110224451445,-0.282273210479621,0.27931394731054,0.0482175472554857,-0.0630295822949513,-0.46473574668311,0.495860229907431
40.8606859252603,0.0389003820262887,-0.153297054779808,-0.280161192595813,0.279405244031373,0.0478339195362431,-0.0629232122043965,-0.461283599935368,0.495633545139333
41.1440608465467,0.0383591208691229,-0.152486428885978,-0.278050281323643,0.279479823945414,0.047451106353913,-0.0628148404309345,-0.457835209571384,0.495382879388711
41.4294010149697,0.0378222228934622,-0.151678345622214,-0.27594070150151,0.279537733783312,0.0470691357416701,-0.0627044736103526,-0.454390901155636,0.495108303989061
41.7167200598098,0.0372896621641175,-0.150872803822062,-0.27383267678405,0.279579023929166,0.0466880356150951,-0.0625921188955336,-0.450950998626686,0.494809895763045
42.0060317048688,0.0367614130832815,-0.150069802306542,-0.271726429566605,0.279603748389445,0.0463078337600959,-0.0624777839529618,-0.447515824179097,0.494487736978697
42.2973497691249,0.0362374503818241,-0.149269339890014,-0.269622180910603,0.279611964760023,0.0459285578209591,-0.0623614769589111,-0.444085698146714,0.494141915302614
42.5906881673929,0.0357177491105903,-0.148471415385722,-0.267520150469917,0.279603734191352,0.0455502352885391,-0.0622432065953188,-0.440660938887419,0.49377252375019
42.8860609109892,0.0352022846317095,-0.14767602761102,-0.265420556418242,0.279579121351822,0.0451728934885961,-0.0621229820453527,-0.437241862669438,0.493379660632947
43.1834821084004,0.0346910326099268,-0.146883175392274,-0.263323615377562,0.279538194389321,0.0447965595702905,-0.0620008129886738,-0.433828783559275,0.492963429503019
43.4829659659579,0.0341839690039611,-0.146092857569472,-0.261229542347741,0.279481024891054,0.0444212604948434,-0.0618767095964043,-0.430422013311374,0.492523939094833
43.7845267885158,0.0336810700579028,-0.145305073000511,-0.2591385506373,0.279407687841637,0.0440470230243698,-0.0617506825258038,-0.427021861259576,0.492061303264071
44.0881789801347,0.0331823122926557,-0.144519820565196,-0.257050851795431,0.279318261579537,0.0436738737108959,-0.0616227429146627,-0.423628634210454,0.491575640923952
44.3939370447695,0.0326876724974329,-0.143737099168935,-0.25496665554528,0.279212827751863,0.0433018388855655,-0.061492902375418,-0.420242636338599,0.491067075978921
44.701815586962,0.0321971277213136,-0.142956907746154,-0.252886169718564,0.279091471267583,0.0429309446480442,-0.0613611729889994,-0.416864169083931,0.490535737255792
45.0118293125388,0.031710655264868,-0.142179245263422,-0.250809600191552,0.278954280249191,0.0425612168561291,-0.0612275672984118,-0.413493531051107,0.489981758432437
45.3239930293136,0.0312282326718588,-0.141404110722296,-0.248737150822464,0.278801345982887,0.0421926811155716,-0.0610920983020634,-0.410131017911092,0.489405277964076
45.6383216477945,0.0307498377210239,-0.140631503161895,-0.246669023390312,0.278632762867296,0.0418253627701186,-0.0609547794468451,-0.406776922304953,0.48880643900725
45.954830181896,0.0302754484179495,-0.139861421661213,-0.244605417535244,0.278448628360802,0.0414592868917795,-0.0608156246209707,-0.403431533749951,0.488185389341554
46.2735337496566,0.0298050429870384,-0.139093865341164,-0.242546530700408,0.278249042927522,0.0410944782713263,-0.0606746481465847,-0.400095138547967,0.487542281289205
46.5944475739604,0.0293385998635798,-0.138328833366375,-0.240492558075381,0.278034109981984,0.0407309614090301,-0.0605318647721466,-0.396768019696351,0.486877271632529
46.9175869832646,0.0288760976859272,-0.137566324946733,-0.238443692541197,0.277803935832563,0.040368760505643,-0.0603872896646002,-0.393450456801207,0.486190521529441
47.2429674123316,0.0284175152877894,-0.136806339338688,-0.236400124617001,0.277558629623714,0.0400078994536273,-0.0602409384013353,-0.390142725993204,0.485482196427009
47.5706044029659,0.0279628316906405,-0.136048875846327,-0.234362042408355,0.277298303277073,0.0396484018286395,-0.0600928269619522,-0.386845099845922,0.484752465973185
47.9005136047569,0.0275120260962531,-0.13529393382221,-0.232329631557237,0.277023071431469,0.0392902908812726,-0.0599429717198363,-0.383557847296813,0.484001503926779
48.2327107758263,0.0270650778793611,-0.134541512667994,-0.230303075193743,0.276733051381907,0.0389335895290613,-0.0597913894335516,-0.380281233570783,0.483229488065775
48.5672117835806,0.0266219665804549,-0.133791611834842,-0.228282553889522,0.27642836301757,0.0385783203487541,-0.0596380972380641,-0.37701552010646,0.482436600094068
48.904032605469,0.0261826718987146,-0.133044230823616,-0.226268245612965,0.276109128758912,0.0382245055688557,-0.0594831126358013,-0.373760964485164,0.481623025546712
49.243189329747,0.0257471736850851,-0.132299369184881,-0.224260325686171,0.275775473493879,0.0378721670624435,-0.0593264534875587,-0.370517820362618,0.480788953693768
49.5846981562442,0.025315451935496,-0.131557026518707,-0.222258966743689,0.275427524513333,0.0375213263402612,-0.0591681380032626,-0.367286337403429,0.479934577442845
49.9285753971387,0.0248874867842308,-0.130817202474288,-0.220264338693084,0.275065411445718,0.0371720045440911,-0.0590081847325968,-0.364066761218354,0.47906009324041
50.2748374777359,0.0244632584974486,-0.130079896749383,-0.218276608677306,0.274689266191048,0.0368242224404095,-0.0588466125555045,-0.360859333304384,0.478165700971976
50.6235009372529,0.0240427474668609,-0.129345109089583,-0.216295941038891,0.274299222854245,0.036478000414325,-0.0586834406725731,-0.357664290987653,0.477251603861245
50.974582429609,0.023625934203566,-0.128612839287412,-0.214322497286003,0.273895417677917,0.0361333584638031,-0.0585186885953116,-0.3544818673692,0.476318008368297
51.3280987242209,0.0232127993320442,-0.127883087181274,-0.212356436060314,0.273477988974607,0.0357903161941769,-0.0583523761363304,-0.351312291273577,0.475365124086916
51.6840667068035,0.0228033235843163,-0.127155852654242,-0.210397913106744,0.273047077058582,0.0354488928129472,-0.0581845233994316,-0.348155787200334,0.474393163641152
52.0425033801768,0.022397487794266,-0.126431135632713,-0.208447081245037,0.272602824177222,0.0351091071248701,-0.0580151507696204,-0.345012575278369,0.473402342581192
52.4034258650778,0.0219952728921293,-0.125708936084917,-0.206504090343208,0.272145374442053,0.0347709775273341,-0.0578442789030451,-0.341882871223146,0.472392879278637
52.7668514009784,0.0215966598991515,-0.124989254019302,-0.204569087292826,0.271674873759498,0.0344345220060267,-0.0576719287168763,-0.338766886296797,0.471364994821278
53.1327973469088,0.0212016299224143,-0.124272089482795,-0.202642215986162,0.271191469761382,0.03409975813089,-0.0574981213791338,-0.335664827271086,0.47031891290745
53.5012811822866,0.020810164149832,-0.123557442558945,-0.200723617295166,0.270695311735268,0.0337667030523647,-0.0573228782984692,-0.332576896393238,0.469254859740056
53.8723205077517,0.0204222438453202,-0.122845313365961,-0.198813429052296,0.270186550554654,0.0334353734979217,-0.0571462211139145,-0.329503291354617,0.468173063920343
54.2459330460073,0.0200378503441351,-0.122135702054643,-0.196911786033169,0.269665338609113,0.033105785768881,-0.056968171684605,-0.326444205262252,0.467073756341526
54.6221366426659,0.0196569650483852,-0.121428608806223,-0.195018819941034,0.269131829734407,0.0327779557375152,-0.0567887520794841,-0.323399826613188,0.465957170082322
55.0009492671021,0.0192795694227155,-0.120724033830114,-0.193134659393056,0.268586179142633,0.032451898844437,-0.0566079845670004,-0.320370339271639,0.464823540300502
55.3823890133107,0.0189056449901638,-0.120021977361576,-0.191259429908391,0.268028543352467,0.0321276300962685,-0.0564258916048036,-0.317355922448938,0.463673104126525
55.7664741007712,0.0185351733281879,-0.119322439659308,-0.189393253898042,0.267459080119535,0.0318051640635901,-0.0562424958294489,-0.314356750686251,0.462506100557341
56.1532228753178,0.0181681360648659,-0.118625421002973,-0.187536250656481,0.266877948366979,0.0314845148791662,-0.0560578200461172,-0.311372993840027,0.461322770350441
56.5426538100157,0.0178045148752656,-0.117930921690655,-0.185688536355015,0.26628530811626,0.0311656962364457,-0.0558718872183592,-0.308404817070169,0.460123355918232
56.9347855060436,0.0174442914779846,-0.11723894203626,-0.183850224036876,0.265681320418241,0.0308487213883341,-0.0556847204578717,-0.305452380830883,0.458908101222808
57.3296366935823,0.0170874476318592,-0.116549482366872,-0.182021423614016,0.265066147284612,0.0305336031462338,-0.055496343014313,-0.302515840864182,0.457677251671197
57.7272262327089,0.0167339651328407,-0.115862543020058,-0.18020224186559,0.264439951619687,0.0302203538793501,-0.055306778265165,-0.299595348196004,0.456431054011153
58.1275731142982,0.016383825811038,-0.115178124341136,-0.17839278243809,0.263802897152627,0.0299089855142574,-0.0551160497056503,-0.296691049134913,0.455169756227568
58.5306964609293,0.0160370115279249,-0.114496226680407,-0.17659314584712,0.263155148370133,0.0295995095347247,-0.0549241809387095,-0.293803085273346,0.453893607439561
58.9366155277994,0.0156935041737103,-0.113816850390369,-0.174803429480771,0.262496870449644,0.0292919369817939,-0.0547311956650474,-0.290931593491357,0.452602857798325
59.3453497036433,0.0153532856648699,-0.113139995822893,-0.173023727604586,0.261828229193093,0.0289862784541079,-0.0545371176732539,-0.288076705962828,0.451297758385791
59.7569185116595,0.0150163379418363,-0.112465663326397,-0.171254131368072,0.26114939096125,0.0286825441084841,-0.0543419708300061,-0.285238550164091,0.44997856111417
60.1713416104428,0.0146826429668472,-0.111793853242999,-0.169494728812735,0.260460522608697,0.0283807436607285,-0.0541457790703586,-0.282417248884928,0.44864551862643
60.5886387949234,0.0143521827219471,-0.111124565905666,-0.167745604881608,0.259761791419471,0.0280808863866863,-0.0539485663881265,-0.279612920241894,0.447298884197784
61.0088299973121,0.0140249392071425,-0.110457801635363,-0.166006841430243,0.259053365043411,0.0277829811235234,-0.0537503568263694,-0.276825677693917,0.445938911638226
61.4319352880526,0.0137008944387061,-0.1097935607382,-0.164278517239128,0.258335411433241,0.0274870362712346,-0.0535511744679797,-0.274055630060129,0.444565855196177
61.8579748767801,0.0133800304476286,-0.10913184350259,-0.162560708027508,0.257608098782431,0.0271930597943729,-0.053351043426382,-0.27130288153987,0.443179969463299
62.2869691132868,0.0130623292782152,-0.108472650196418,-0.160853486468558,0.256871595463855,0.0269010592239951,-0.0531499878363487,-0.268567531734817,0.441781509280523
62.7189384884933,0.0127477729868236,-0.107815981064228,-0.159156922205898,0.256126069969292,0.0266110416598182,-0.0529480318449361,-0.265849675673191,0.440370729645329
63.1539036354283,0.0124363436407405,-0.107161836324424,-0.157471081871389,0.255371690849781,0.0263230137725809,-0.0527451996025464,-0.263149403835981,0.438947885620348
63.5918853302131,0.0121280233171948,-0.106510216166502,-0.155796029104195,0.254608626656874,0.0260369818066058,-0.0525415152541206,-0.260466802185121,0.437513232243308
64.032904493055,0.0118227941025025,-0.105861120748307,-0.154131824571066,0.25383704588481,0.0257529515825549,-0.0523370029304651,-0.257801952193592,0.436067024438367
64.4769821892457,0.0115206380913417,-0.105214550193321,-0.152478525987807,0.253057116913623,0.0254709285003746,-0.0521316867397181,-0.255154930877364,0.434609516928895
64.9241396301678,0.0112215373861544,-0.104570504587986,-0.150836188141896,0.252269007953223,0.0251909175424235,-0.0519255907589575,-0.252525810829135,0.433140964151712
65.3743981743082,0.0109254740966707,-0.103928983979069,-0.149204862916211,0.251472886988468,0.024912923276777,-0.0517187390259561,-0.249914660253807,0.431661620172832
65.827779328278,0.0106324303395532,-0.103289988371065,-0.147584599313837,0.250668921725236,0.0246369498607039,-0.051511155531086,-0.247321543005646,0.430171738604754
66.2843047478397,0.0103423882381576,-0.102653517723643,-0.145975443483906,0.249857279537537,0.0243630010443076,-0.0513028642093763,-0.244746518627056,0.42867157252531
66.7439962389419,0.0100553299224069,-0.102019571949147,-0.144377438748439,0.249038127415664,0.0240910801743281,-0.0510938889327265,-0.24218964238892,0.427161374398119
67.2068757587607,0.00977123752877461,-0.101388150910139,-0.142790625630144,0.248211631915413,0.0238211901980962,-0.0508842535022788,-0.23965096533244,0.425641395994656
67.6729654167483,0.00949009320037419,-0.100759254417002,-0.141215041881144,0.247377959108377,0.0235533336676371,-0.0506739816409514,-0.237130534312428,0.424111888317976
68.1422874756894,0.00921187908715143,-0.100132882225592,-0.139650722512584,0.246537274533335,0.0232875127439142,-0.0504630969861361,-0.234628392041977,0.422573101528103
68.6148643527643,0.00893657734617554,-0.0995090340349533,-0.138097699825089,0.245689743148748,0.0230237292012096,-0.0502516230825612,-0.232144577138459,0.421025284869108
69.0907186206199,0.00866417014202612,-0.0988877094850884,-0.136556003440025,0.24483552928637,0.0227619844316347,-0.050039583375322,-0.229679124170797,0.419468686597895
69.5698730084476,0.00839463964727196,-0.0982689081547955,-0.135025660331542,0.243974796605982,0.0225022794497639,-0.049827001203081,-0.227232063707931,0.417903553914718
70.0523504030693,0.00812796804303837,-0.0976526295595651,-0.133506694859335,0.243107708051268,0.0222446148973869,-0.0496138997914395,-0.224803422368452,0.41633013289542
70.5381738500302,0.00786413751965949,-0.0970388731495444,-0.131999128802113,0.24223442580683,0.0219889910483736,-0.0494003022464805,-0.222393222871319,0.41474866842544
71.0273665547,0.00760313027741199,-0.0964276383075675,-0.130502981391723,0.24135511125635,0.0217354078136441,-0.0491862315484855,-0.220001484087604,0.413159404135563
71.5199518833807,0.0073449285273265,-0.0958189243472553,-0.12901826934789,0.240469924941912,0.0214838647462406,-0.0489717105458262,-0.217628221093228,0.411562582339451
72.0159533644237,0.00708951449207346,-0.0952127305111841,-0.127545006913546,0.239579026524473,0.0212343610464927,-0.0487567619490304,-0.215273445222602,0.40995844397294
72.5153946893524,0.0068368704069199,-0.0946090559691262,-0.126083205890707,0.238682574745504,0.0209868955672732,-0.048541408325024,-0.212937164123141,0.408347228535121
73.0182997139948,0.00658697852075339,-0.094007899816362,-0.124632875676861,0.237780727389788,0.0207414668193358,-0.0483256720915491,-0.21061938181058,0.406729174031203
73.5246924596224,0.00633982109716987,-0.0934092610720654,-0.123194023301829,0.236873641249381,0.0204980729767319,-0.0481095755117584,-0.208320098725042,0.405104516917153
74.0345971140979,0.00609538041562214,-0.0928131386777632,-0.121766653465073,0.235961472088734,0.0202567118822984,-0.0478931406889853,-0.206039311787806,0.403473492046132
74.5480380330304,0.00585363877262515,-0.0922195314958683,-0.120350768573404,0.235044374610982,0.0200173810532134,-0.0476763895616912,-0.203777014458713,0.401836332616693
75.0650397409388,0.00561457848301514,-0.0916284383082895,-0.118946368779065,0.234122502425379,0.0197800776866128,-0.0474593438985883,-0.201533196794163,0.400193270122779
75.585626932423,0.00537818188125905,-0.0910398578151158,-0.11755345201815,0.233196008015901,0.0195447986652628,-0.0472420252939369,-0.199307845505655,0.398544534305469
76.1098244733437,0.00514443132281111,-0.0904537886333768,-0.116172014049331,0.232265042710989,0.0193115405632839,-0.0470244551630196,-0.197100944018804,0.39689035310651
76.6376574020103,0.00491330918551311,-0.0898702292958804,-0.114802048492855,0.23132975665444,0.0190802996519198,-0.0468066547377876,-0.1949124725328,0.395230952623596
77.1691509303763,0.00468479787103546,-0.0892891782501257,-0.11344354686978,0.230390298777437,0.0188510719053482,-0.0465886450626817,-0.192742408080248,0.393566557067391
77.7043304452438,0.0044588798063556,-0.0887106338572934,-0.112096498641419,0.229446816771709,0.0186238530065263,-0.0463704469906251,-0.190590724587348,0.391897388720304
78.2432215094763,0.00423553744527089,-0.0881345943913124,-0.110760891248967,0.228499457063811,0.0183986383530674,-0.0461520811791868,-0.188457392934359,0.390223667896974
78.7858498632195,0.00401475326994275,-0.0875610580380023,-0.109436710153269,0.227548364790526,0.0181754230631446,-0.0459335680869161,-0.186342381016309,0.388545612906475
79.3322414251308,0.00379650979246925,-0.0869900228942932,-0.108123938874708,0.226593683775363,0.0179542019814144,-0.0457149279698444,-0.184245653803902,0.386863440016218
79.8824222936175,0.00358078955648302,-0.0864214869675206,-0.106822559033185,0.225635556506158,0.0177349696849592,-0.0454961808781549,-0.182167173404567,0.385177363417534
80.436418748083,0.00336757513877172,-0.0858554481747956,-0.105532550388157,0.224674124113751,0.0175177204892402,-0.0452773466530168,-0.180106899123626,0.383487595192924
80.9942572501823,0.00315684915091826,-0.0852919043424513,-0.104253890878706,0.223709526351739,0.0173024484540608,-0.0450584449235843,-0.17806478752552,0.381794345284955
81.555964445086,0.00294859424095787,-0.0847308532055622,-0.10298655666362,0.222741901577295,0.0170891473895317,-0.0448394951041565,-0.176040792495056,0.380097821466786
82.121567162753,0.00274279309504955,-0.0841722924075391,-0.10173052216145,0.221771386733018,0.0168778108620378,-0.0446205163914978,-0.174034865298644,0.378398229314307
82.6910924192116,0.00253942843915912,-0.0836162194997962,-0.100485760090527,0.220798117329841,0.0166684322001996,-0.0444015277623162,-0.172046954645471,0.376695772179866
83.2645674178507,0.00233848304075118,-0.0830626319414911,-0.099252241508899,0.219822227430932,0.0164610045008277,-0.0441825479708973,-0.17007700674858,0.374990651167561
83.8420195507184,0.00213993971048783,-0.0825115270993367,-0.0980299358541893,0.218843849636628,0.0162555206348644,-0.0439635955468927,-0.168124965385821,0.373283065110088
84.423476399831,0.00194378130393131,-0.0819629022474834,-0.0968188109833253,0.217863115070337,0.0160519732533105,-0.043744688793259,-0.166190771960629,0.371573210547102
85.0089657384898,0.00174999072324853,-0.0814167545674724,-0.0956188332121348,0.216880153365434,0.0158503547931336,-0.0435258457843465,-0.164274365562604,0.369861281705088
85.5985155326084,0.00155855091891488,-0.0808730811482563,-0.0944299673547796,0.215895092653106,0.0156506574831527,-0.0433070843641354,-0.162375683027848,0.368147470478703
86.1921539420481,0.00136944489141528,-0.0803318789862898,-0.0932521767630071,0.214908059551147,0.0154528733498982,-0.0430884221446152,-0.160494658999037,0.366431966413576
86.7899093219629,0.00118265569294028,-0.0797931449856848,-0.0920854233652005,0.213919179153679,0.0152569942234426,-0.0428698765043071,-0.158631225985195,0.364714956690529
87.3918102241541,0.00099816642907492,-0.0792568759584341,-0.0909296677052063,0.212928575021789,0.0150630117431991,-0.0426514645869251,-0.156785314421127,0.362996626111205
87.9978853984339,0.000815960260478612,-0.078723068624697,-0.0897848689809229,0.211936369175052,0.0148709173636854,-0.0424332033001749,-0.154956852726505,0.36127715708507
88.6081637939989,0.000636020404553728,-0.0781917196131508,-0.0886509850826298,0.210942682083942,0.0146807023602496,-0.0422151093146859,-0.153145767364558,0.359556729617766
89.2226745608124,0.000458330137101271,-0.0776628254614024,-0.087527972631041,0.209947632663096,0.0144923578347557,-0.0419971990630756,-0.151351982900345,0.357835521300782
89.8414470509972,0.000282872793961615,-0.0771363826164624,-0.0864157870150669,0.208951338265423,0.0143058747212256,-0.0417794887391429,-0.149575422058595,0.35611370730243
90.4645108202374,0.00010963177263857,-0.0766123874352783,-0.0853143824292675,0.207953914677037,0.014121243791436,-0.0415619942971868,-0.147816005781079,0.35439146036008
91.0918956291901,-6.14094660948677e-05,-0.0760908361853259,-0.0842237119109822,0.206955476113003,0.0139384556604664,-0.0413447314514497,-0.146073653283487,0.352668950773641
91.7236314449071,-0.000230267396610816,-0.075571725045258,-0.0831437273771221,0.205956135213857,0.0137575007921977,-0.0411277156756802,-0.144348282111807,0.350946346400253
92.3597484422661,-0.00039695842686242,-0.0750550501056084,-0.0820743796606107,0.204956003042917,0.0135783695047571,-0.0409109622028147,-0.142639808198156,0.349223812650168
93.0002770054119,-0.000561498896842845,-0.0745408073695506,-0.0810156185464597,0.203955189084328,0.0134010519759096,-0.0406944860247734,-0.140948145916073,0.347501512483779
93.645247729208,-0.000723905077068881,-0.0740289927537086,-0.0799673928074677,0.20295380124185,0.0132255382483916,-0.0404783018923691,-0.139273208135226,0.345779606409789
94.2946914206979,-0.000884193167090475,-0.0735196020890202,-0.0789296502395306,0.201951945838366,0.0130518182351875,-0.0402624243153249,-0.137614906275544,0.344058252484474
94.9486391005764,-0.00104237929402762,-0.073012631121649,-0.0779023376965515,0.200949727616074,0.0128798817247444,-0.0400468675623987,-0.135973150360726,0.342337606312015
95.6071220046713,-0.00119847951113572,-0.0725080755139455,-0.0768854011249403,0.19994724973737,0.0127097183861263,-0.0398316456616117,-0.134347849071138,0.340617821045884
96.2701715854358,-0.00135250979640088,-0.0720059308454557,-0.0758787855976932,0.198944613786388,0.0125413177741042,-0.0396167724005778,-0.132738909796068,0.338899047391232
96.9378195134503,-0.00150448605116596,-0.0715061926139739,-0.0748824353480431,0.197941919771178,0.0123746693341811,-0.0394022613269303,-0.131146238685324,0.337181433608279
97.6100976789355,-0.00165442409878878,-0.0710088562366411,-0.0738962938026717,0.196939266126512,0.0122097624075514,-0.0391881257488452,-0.129569740700172,0.335465125516647
98.2870381932754,-0.00180233968333332,-0.0705139170510849,-0.0729203036144755,0.195936749717296,0.0120465862359919,-0.0389743787356559,-0.128009319663591,0.33375026650064
98.9686733905512,-0.00194824846829506,-0.0700213703166005,-0.0719544066948789,0.194934465842568,0.0118851299666845,-0.0387610331185578,-0.126464878309838,0.332036997515414
99.6550358290861,-0.00209216603536114,-0.0695312112153719,-0.0709985442456865,0.193932508240062,0.0117253826569692,-0.0385481014914005,-0.124936318333319,0.330325457094025
100.346158292999,-0.00223410788320647,-0.0690434348537308,-0.0700526567904698,0.192930969091328,0.0115673332790259,-0.0383355962115629,-0.123423540436737,0.328615781355333
101.042073793774,-0.00237408942632656,-0.0685580362634516,-0.0691166842054806,0.191929939027386,0.0114109707244845,-0.0381235294009106,-0.121926444378534,0.326908104012712
101.742815571832,-0.00251212599390758,-0.0680750104030821,-0.0681905657500882,0.19092950713489,0.0112562838089623,-0.0379119129468313,-0.120444929019597,0.325202556383564
102.448417098122,-0.00264823282873472,-0.067594352159308,-0.0672742400967339,0.189929760962797,0.0111032612765287,-0.037700758503347,-0.118978892369236,0.323499267399593
103.15891207572,-0.00278242508613939,-0.0671160563483481,-0.0663676453603992,0.188930786529512,0.0109518918040947,-0.0374900774922982,-0.117528231630416,0.321798363617818
103.874334441436,-0.00291471783298572,-0.0666401177173815,-0.0654707191275846,0.187932668330497,0.010802164005729,-0.0372798811045993,-0.116092843244244,0.320099969232302
104.594718367439,-0.00304512604669717,-0.0661665309460033,-0.0645833984847952,0.18693548934633,0.0106540664368979,-0.0370701803015623,-0.11467262293371,0.318404206086563
105.320098262886,-0.00317366461432363,-0.0656952906477081,-0.0637056200465301,0.185939331051189,0.0105075875986302,-0.0368609858162854,-0.113267465746661,0.316711193686645
106.050508775566,-0.00330034833164954,-0.0652263913713989,-0.0628373199827747,0.184944273421754,0.0103627159416061,-0.0366523081551038,-0.111877266098032,0.315021049214832
106.785984793556,-0.00342519190234345,-0.0647598276029222,-0.061978434045992,0.183950394946501,0.0102194398701693,-0.0364441575991022,-0.110501917811299,0.313333887543958
107.526561446888,-0.00354820993714942,-0.0642955937666246,-0.0611288975976138,0.182957772635378,0.0100777477462634,-0.0362365442056832,-0.109141314159181,0.311649821252312
108.272274109224,-0.00366941695312067,-0.0638336842269327,-0.0602886456340283,0.181966482029848,0.00993762789329104,-0.0360294778101926,-0.10779534790357,0.309968960639099
109.023158399549,-0.00378882737289562,-0.0633740932899521,-0.0594576128120663,0.180976597213276,0.0097990685998959,-0.0358229680275963,-0.106463911334694,0.308291413740439
109.779250183872,-0.00390645552401684,-0.0629168152050867,-0.0586357334739832,0.179988190821653,0.00966205812366875,-0.0356170242542084,-0.105146896309521,0.306617286345871
110.540585576935,-0.00402231563829291,-0.0624618441666742,-0.0578229416719386,0.179001334054634,0.00952658469477585,-0.0354116556694666,-0.103844194289387,0.304946682015358
111.307200943943,-0.00413642185120358,-0.062009174315639,-0.0570191711919733,0.178016096686886,0.00939263651951087,-0.0352068712377539,-0.102555696376867,0.303279702096742
112.079132902301,-0.00424878820134823,-0.0615587997411587,-0.0562243555774847,0.177032547079714,0.00926020178377005,-0.0350026797102639,-0.101281293351876,0.301616445743658
112.856418323356,-0.0043594286299379,-0.0611107144823453,-0.0554384281522023,0.176050752192968,0.00912926865645081,-0.0347990896269063,-0.100020875707013,0.299957009933853
113.639094334169,-0.00446835698033085,-0.0606649125299373,-0.0546613220426634,0.175070777597207,0.0089998252927741,-0.0345961093182524,-0.0987743336821409,0.298301489487918
114.427198319278,-0.00457558699761179,-0.0602213878280037,-0.0538929702001929,0.17409268748611,0.00887185983753064,-0.0343937469075171,-0.0975415572982136,0.296649977088384
115.220767922492,-0.00468113232821485,-0.0597801342756563,-0.0531333054223872,0.173116544689113,0.00874536042825146,-0.0341920103125756,-0.0963224363903457,0.295002563299186
116.019841048683,-0.00478500651959015,-0.0593411457287712,-0.0523822603741059,0.172142410684274,0.00862031519830304,-0.0339909072480122,-0.0951168606401357,0.293359336585456
116.824455865599,-0.00488722301991403,-0.0589044160017162,-0.0516397676079737,0.17117034561133,0.00849671227990751,-0.0337904452272008,-0.0939247196072417,0.291720383333631
117.634650805689,-0.00498779517784292,-0.0584699388690849,-0.0509057595843949,0.170200408284961,0.0083745398070882,-0.0335906315644131,-0.0927459027602171,0.290085787871862
118.450464567934,-0.00508673624231065,-0.058037708067434,-0.0501801686910844,0.169232656208221,0.00825378591854122,-0.0333914733769538,-0.0915802995066093,0.288455632490696
119.271936119701,-0.0051840593623691,-0.0576077172970245,-0.0494629272621181,0.168267145586142,0.00813443876043343,-0.0331929775873202,-0.0904277992223281,0.286829997464016
120.099104698599,-0.00527977758707217,-0.0571799602235643,-0.0487539675965062,0.167303931339493,0.00801648648912743,-0.0329951509253854,-0.0892882912802889,0.285208961070223
120.932009814357,-0.00537390386540274,-0.0567544304799523,-0.0480532219762937,0.166343067118683,0.00789991727383404,-0.0327979999306017,-0.0881616650783359,0.283592599613636
121.77069125071,-0.00546645104624255,-0.0563311216680207,-0.0473606226841914,0.165384605317792,0.00778471929919304,-0.0326015309542239,-0.087047810066453,0.281980987446096
122.615189067297,-0.00555743187838464,-0.0559100273602769,-0.0466761020207427,0.164428597088727,0.00767088076778271,-0.0324057501615498,-0.085946615773268,0.280374196988763
123.46554360158,-0.00564685901058826,-0.0554911411016418,-0.0459995923210292,0.163475092355484,0.00755838990255882,-0.0322106635341766,-0.0848579718318568,0.278772298754074
124.321795470765,-0.00573474499167593,-0.0550744564111845,-0.0453310259709206,0.162524139828515,0.00744723494922385,-0.0320162768722718,-0.0837817680048549,0.277175361367865
125.183985573745,-0.0058211022706723,-0.0546599667838521,-0.0446703354228735,0.161575787019175,0.00733740417852707,-0.0318225957968561,-0.0827178942088839,0.275583451591619
126.052155093052,-0.00590594319698456,-0.0542476656921925,-0.0440174532112834,0.160630080254256,0.00722888588849633,-0.0316296257520979,-0.0816662405382998,0.273996634344851
126.926345496825,-0.00598928002062409,-0.0538375465880713,-0.0433723119673956,0.159687064690581,0.00712166840660219,-0.0314373720076171,-0.0806266972882715,0.272414972727587
127.806598540793,-0.00607112489246895,-0.053429602904379,-0.0427348444337798,0.158746784329671,0.00701574009185531,-0.0312458396607966,-0.0795991549771964,0.270838528042949
128.692956270265,-0.00615148986456691,-0.0530238280567299,-0.0421049834783728,0.157809282032441,0.00691108933683782,-0.0310550336391011,-0.0785835043684629,0.269267359819812
129.585461022141,-0.0062303868904785,-0.05262021544515,-0.0414826621080969,0.156874599533961,0.00680770456966952,-0.0308649587024002,-0.0775796364915663,0.267701525835523
130.484155426934,-0.00630782782565986,-0.0522187584557539,-0.0408678134820567,0.155942777458226,0.00670557425590974,-0.0306756194452963,-0.0765874426625873,0.266141082138687
131.389082410804,-0.00638382442788476,-0.0518194504624085,-0.0402603709243216,0.155013855332968,0.00660468690039578,-0.030487020299454,-0.0756068145040424,0.264586083071975
132.300285197614,-0.00645838835770559,-0.0514222848283848,-0.0396602679362994,0.154087871604471,0.00650503104901863,-0.0302991655359315,-0.0746376439641134,0.263036581294972
133.217807310988,-0.0065315311789526,-0.0510272549079936,-0.039067438208706,0.153164863652399,0.00640659529043707,-0.0301120592675119,-0.0736798233352657,0.261492627807031
134.141692576393,-0.00660326435927111,-0.050634354048207,-0.0384818156331382,0.152244867804624,0.00630936825773089,-0.0299257054510326,-0.0727332452722643,0.259954271970141
135.071985123233,-0.00667359927069612,-0.0502435755902634,-0.0379033343132537,0.15132791935204,0.00621333862999419,-0.0297401078897135,-0.0717978028095969,0.258421561531775
136.008729386957,-0.00674254719026382,-0.0498549128712554,-0.0373319285755659,0.150414052563368,0.00611849513386963,-0.0295552702354806,-0.0708733893783114,0.256894542647728
136.951970111177,-0.00681011930065943,-0.0494683592256994,-0.0367675329798588,0.14950330069994,0.00602482654502462,-0.0293711959912858,-0.0699598988222799,0.255373259904925
137.901752349813,-0.00687632669090102,-0.0490839079870863,-0.0362100823292279,0.148595696030442,0.00593232168957034,-0.0291878885134208,-0.0690572254138949,0.253857756344183
138.858121469236,-0.00694118035705844,-0.0487015524894126,-0.0356595116797524,0.147691269845639,0.00584096944542447,-0.0290053510138241,-0.0681652638692108,0.252348073482929
139.821123150444,-0.0070046912030071,-0.0483212860686907,-0.0351157563498071,0.146790052473041,0.00575075874361872,-0.0288235865623811,-0.0672839093625364,0.250844251337865
140.790803391236,-0.00706687004121584,-0.0479431020644375,-0.0345787519290174,0.145892073291535,0.00566167856955189,-0.0286425980892151,-0.0664130575404906,0.249346328447551
141.767208508414,-0.00712772759356832,-0.0475669938211408,-0.0340484342868647,0.144997360745951,0.0055737179641896,-0.0284623883869686,-0.0655526045355281,0.247854341894927
142.750385139995,-0.00718727449221743,-0.047192954689703,-0.0335247395809495,0.14410594236158,0.00548686602521159,-0.0282829601130755,-0.0647024469789479,0.246368327329737
143.740380247435,-0.00724552128047185,-0.0468209780288597,-0.0330076042649159,0.143217844758616,0.00540111190810744,-0.0281043157920204,-0.0638624820133897,0.244888318990875
144.737241117876,-0.00730247841371445,-0.0464510572065748,-0.0324969650960452,0.142333093666537,0.00531644482722178,-0.0279264578175878,-0.0630326073048318,0.243414349728614
145.741015366405,-0.00735815626035159,-0.0460831856014096,-0.0319927591425253,0.141451713938402,0.00523285405674994,-0.0277493884550967,-0.0622127210540963,0.241946451026739
146.751750938323,-0.0074125651027928,-0.0457173566038654,-0.0314949237904005,0.140573729565078,0.0051503289316849,-0.0275731098436234,-0.0614027220078737,0.240484653024565
147.769496111443,-0.00746571513846015,-0.0453535636176993,-0.0310033967502086,0.139699163689374,0.00506885884871656,-0.0273976239982089,-0.0606025094692747,0.239028984538825
148.794299498388,-0.0075176164808266,-0.0449918000612129,-0.0305181160633118,0.138828038620088,0.00498843326708435,-0.0272229328120524,-0.0598119833079191,0.237579473085439
149.826210048919,-0.00756827916048261,-0.0446320593685116,-0.0300390201079271,0.137960375845963,0.00490904170938396,-0.0270490380586881,-0.0590310439695709,0.236136144901145
150.865277052271,-0.0076177131262303,-0.0442743349907357,-0.0295660476048622,0.137096196049545,0.0048306737623293,-0.0268759413941472,-0.0582595924853287,0.234699024964986
151.911550139505,-0.00766592824620449,-0.0439186203972612,-0.0290991376229633,0.136235519120936,0.00475331907747052,-0.0267036443591021,-0.0574975304803813,0.233268137019664
152.965079285884,-0.00771293430901972,-0.0435649090768704,-0.0286382295842806,0.135378364171446,0.0046769673718691,-0.0265321483809939,-0.0567447601823365,0.231843503592725
154.025914813254,-0.00775874102494276,-0.0432131945388916,-0.0281832632689578,0.134524749547138,0.00460160842873094,-0.0263614547761418,-0.0560011844291333,0.230425146017606
155.094107392451,-0.00780335802708953,-0.0428634703143068,-0.0277341788198513,0.133674692842256,0.00452723209799834,-0.0261915647518343,-0.0552667066765459,0.229013084454509
156.169708045722,-0.00784679487264587,-0.0425157299568272,-0.0272909167468854,0.13282821091254,0.00445382829690181,-0.0260224794084016,-0.0545412310052885,0.227607337911118
157.25276814916,-0.00788906104411128,-0.0421699670439366,-0.0268534179311487,0.131985319888427,0.00438138701047266,-0.0258541997412682,-0.0538246621277303,0.226207924263137
158.34333943516,-0.00793016595056488,-0.0418261751778997,-0.0264216236287393,0.131146035188127,0.00430989829201731,-0.0256867266429868,-0.0531169053942284,0.224814860274667
159.441473994887,-0.00797011892895265,-0.0414843479867382,-0.0259954754743619,0.130310371530574,0.00423935226355409,-0.0255200609052507,-0.0524178667990888,0.223428161618393
160.547224280766,-0.00800892924539526,-0.0411444791251712,-0.0255749154846858,0.129478342948258,0.00416973911621364,-0.0253542032208871,-0.0517274529861633,0.222047842895602
161.66064310899,-0.00804660609651556,-0.0408065622755211,-0.0251598860614667,0.128649962799921,0.00410104911060358,-0.0251891541858283,-0.0510455712540906,0.220673917656009
162.781783662036,-0.00808315861078494,-0.0404705911485832,-0.0247503299944396,0.127825243783126,0.00403327257713858,-0.0250249143010625,-0.0503721295611907,0.2193063984174
163.910699491214,-0.00811859584988761,-0.0401365594844602,-0.024346190463989,0.127004197946694,0.00396639991633648,-0.0248614839745626,-0.0497070365300212,0.217945296685079
165.047444519217,-0.00815292681010189,-0.0398044610533597,-0.0239474110435999,0.126186836703004,0.00390042159908149,-0.0246988635231931,-0.0490502014516026,0.216590622971133
166.192073042701,-0.00818616042369793,-0.039474289656354,-0.0235539357020969,0.12537317084016,0.00383532816685527,-0.0245370531745954,-0.0484015342893224,0.215242386813493
167.344639734876,-0.00821830556035038,-0.0391460391261041,-0.0231657088056769,0.124563210534013,0.0037711102319368,-0.0243760530690499,-0.0477609456825247,0.213900596794797
168.505199648122,-0.00824937102856572,-0.0388197033275438,-0.0227826751197395,0.123756965360051,0.00370775847757178,-0.0242158632613163,-0.0471283469497947,0.212565260561063
169.673808216612,-0.00827936557712282,-0.0384952761585273,-0.0224047798105224,0.122954444305142,0.00364526365811251,-0.0240564837224505,-0.0465036500919438,0.21123638484015
170.850521258965,-0.00830829789652619,-0.0381727515504372,-0.0220319684465449,0.122155655779139,0.0035836165991291,-0.0238979143415983,-0.0458867677947065,0.20991397546002
172.03539498091,-0.00833617662047053,-0.0378521234687536,-0.0216641869998673,0.121360607626335,0.00352280819749265,-0.0237401549277668,-0.045277613431153,0.208598037366798
173.228485977972,-0.00836301032731613,-0.037533385913584,-0.0213013818471691,0.120569307136782,0.00346282942143146,-0.0235832052115713,-0.0446761010638285,0.207288574642622
174.429851238172,-0.00838880754157368,-0.0372165329201536,-0.0209434997706529,0.119781761057453,0.00340367131056092,-0.0234270648469592,-0.0440821454466238,0.205985590523287
175.639548144754,-0.00841357673539781,-0.0369015585592552,-0.0205904879587779,0.118997975603267,0.00334532497588783,-0.0232717334129104,-0.0434956620263867,0.20468908741568
176.857634478922,-0.00843732633008819,-0.0365884569376593,-0.0202422940068286,0.118217956467962,0.00328778159979019,-0.0231172104151135,-0.0429165669442806,0.203399066915009
178.084168422602,-0.00846006469759731,-0.0362772221984836,-0.0198988659173244,0.117441708834816,0.00323103243597286,-0.022963495287618,-0.0423447770368973,0.202115529821816
179.319208561219,-0.00848180016204382,-0.0359678485215214,-0.0195601521002729,0.116669237387231,0.00317506880940026,-0.0228105873944635,-0.0417802098371314,0.200838476158784
180.562813886497,-0.00850254100123047,-0.0356603301235293,-0.0192261013732744,0.115900546319152,0.00311988211620649,-0.0226584860312837,-0.0412227835748231,0.199567905187331
181.815043799277,-0.00852229544816558,-0.0353546612584741,-0.0188966629614802,0.115135639345348,0.00306546382358394,-0.0225071904268868,-0.0406724171771765,0.198303815423995
183.075958112354,-0.00854107169258695,-0.0350508362177374,-0.0185717864974108,0.11437451971154,0.0030118054696509,-0.022356699744812,-0.040129030268959,0.1970462046566
184.345617053333,-0.00855887788248734,-0.0347488493302797,-0.018251422020638,0.113617190204374,0.00295889866329899,-0.0222070130848613,-0.0395925431724908,0.195795069960219
185.624081267505,-0.00857572212564015,-0.0344486949627625,-0.0179355199773356,0.112863653161253,0.00290673508402118,-0.022058129484608,-0.0390628769074274,0.194550407712921
186.911411820748,-0.00859161249112451,-0.0341503675196285,-0.0176240312197036,0.112113910480007,0.00285530648172097,-0.0219100479208798,-0.0385399531903456,0.193312213611303
188.207670202438,-0.00860655701084858,-0.0338538614431407,-0.0173169070052701,0.111367963628423,0.00280460467650358,-0.021762767311219,-0.0380236944341357,0.192080482685814
189.512918328392,-0.00862056368106993,-0.0335591712133789,-0.0170140989960746,0.110625813653619,0.00275462155844968,-0.0216162865153178,-0.0375140237472077,0.190855209315872
190.827218543819,-0.00863364046391198,-0.0332662913481954,-0.016715559257739,0.109887461191268,0.00270534908737254,-0.0214706043364298,-0.0370108649325184,0.189636387244758
192.150633626303,-0.00864579528887537,-0.0329752164031276,-0.016421240258428,0.109152906474677,0.00265677929255902,-0.0213257195227573,-0.036514142486423,0.18842400959431
193.483226788801,-0.00865703605434316,-0.0326859409712702,-0.0161310948677052,0.108422149343709,0.00260890427249534,-0.021181630768815,-0.0360237815973586,0.187218068879407
194.82506168266,-0.00866737062907871,-0.0323984596831048,-0.0158450763552884,0.107695189253562,0.00256171619457795,-0.0210383367167694,-0.0355397081443661,0.186018557022235
196.176202400658,-0.00867680685371524,-0.0321127672062885,-0.0155631383897071,0.106972025283398,0.00251520729481049,-0.0208958359577545,-0.0350618486954529,0.184825465366355
197.536713480066,-0.00868535254223571,-0.0318288582454008,-0.0152852350368686,0.106252656144824,0.00246936987748722,-0.0207541270331639,-0.0345901305058061,0.183638784690556
198.906659905733,-0.00869301548344222,-0.0315467275416487,-0.0150113207585336,0.10553708019022,0.00242419631486354,-0.0206132084359193,-0.0341244815158578,0.182458505222507
200.286107113184,-0.00869980344241349,-0.0312663698725322,-0.0147413504107082,0.104825295420933,0.00237967904681442,-0.0204730786117153,-0.0336648303492104,0.181284616652199
201.675120991751,-0.00870572416194956,-0.0309877800514669,-0.0144752792419541,0.10411729949531,0.00233581058048115,-0.0203337359602409,-0.0332111063104257,0.180117108145186
203.073767887718,-0.00871078536400231,-0.0307109529273681,-0.0142130628916208,0.103413089736599,0.00229258348990694,-0.0201951788363782,-0.0327632393826828,0.17895596835562
204.482114607491,-0.00871499475109093,-0.0304358833841925,-0.0139546573880054,0.102712663140694,0.00224999041566223,-0.020057405551377,-0.032321160225311,0.177801185439086
205.900228420788,-0.00871836000770108,-0.0301625663404417,-0.0137000191464412,0.102016016383746,0.00220802406445999,-0.0199204143740074,-0.031884800171201,0.176652747065234
207.32817706385,-0.00872088880166653,-0.0298909967486246,-0.0134491049673199,0.101323145829627,0.00216667720876166,-0.0197842035316896,-0.0314540912240996,0.175510640430215
208.766028742684,-0.00872258878553238,-0.0296211695946814,-0.0132018720340513,0.100634047537253,0.00212594268637442,-0.0196487712115999,-0.0310289660557937,0.174374852268911
210.213852136311,-0.00872346759789854,-0.0293530798973683,-0.0129582779109624,0.0999487172677627,0.00208581340004005,-0.0195141155617559,-0.0306093580031865,0.173245368866983
211.671716400053,-0.00872353286474241,-0.0290867227076039,-0.0127182805411416,0.0992671504915681,0.00204628231701618,-0.0193802346920785,-0.0301952010652704,0.172122176072706
213.139691168835,-0.00872279220071973,-0.0288220931077778,-0.0124818382442283,0.0985893423952533,0.00200734246865029,-0.0192471266754315,-0.029786429900003,0.171005259308621
214.617846560511,-0.00872125321044237,-0.028559186211021,-0.0122489097141541,0.0979152878883454,0.00196898694994696,-0.0191147895486403,-0.0293829798210877,0.169894603582998
216.10625317921,-0.00871892348973203,-0.0282979971604409,-0.0120194540168368,0.0972449816099459,0.001931208919129,-0.0189832213134885,-0.0289847867946647,0.168790193501095
217.604982118714,-0.00871581062684879,-0.0280385211283181,-0.011793430587831,0.0965784179352286,0.00189400159719279,-0.0188524199376926,-0.0285917874359159,0.167692013276242
219.114104965849,-0.00871192220369335,-0.0277807533152691,-0.0115707992299383,0.0959155909818044,0.00185735826745843,-0.0187223833558559,-0.0282039190055881,0.166600046740729
220.633693803907,-0.00870726579698198,-0.0275246889493732,-0.0113515201107804,0.095256494615954,0.00182127227511505,-0.0185931094704019,-0.0278211194064373,0.165514277356515
222.163821216089,-0.00870184897939303,-0.0272703232852651,-0.0111355537603372,0.0946011224587301,0.00178573702676188,-0.0184645961524858,-0.0274433271795993,0.164434688225745
223.704560288971,-0.00869567932068414,-0.0270176516031941,-0.0109228610684535,0.0939494678919316,0.00175074598994539,-0.0183368412428861,-0.0270704815008889,0.163361262101092
225.255984615994,-0.00868876438877878,-0.0267666692080499,-0.0107134032823166,0.0933015240639487,0.00171629269269304,-0.0182098425528762,-0.0267025221770322,0.162293981395921
226.818168300982,-0.00868111175082157,-0.0265173714283574,-0.0105071420039084,0.0926572838954838,0.00168237072304397,-0.0180835978650753,-0.026339389641835,0.16123282819426
228.391185961678,-0.008672728974201,-0.0262697536152388,-0.0103040391874329,0.0920167400851471,0.00164897372857717,-0.0179581049342799,-0.0259810249522908,0.160177784260614
229.975112733314,-0.00866362362753871,-0.0260238111413465,-0.0101040571367242,0.0913798851149292,0.00161609541593743,-0.017833361488276,-0.0256273697846318,0.159128831049593
231.570024272191,-0.0086538032816445,-0.0257795393997661,-0.00990715850263471,0.0907467112555533,0.00158372955035948,-0.017709365228631,-0.0252783664303264,0.158085949715366
233.175996759301,-0.00864327551043595,-0.0255369338028902,-0.00971330628040861,0.0901172105717068,0.00155186995519078,-0.0175861138314682,-0.0249339577920251,0.15704912112095
234.793106903962,-0.00863204789182176,-0.0252959897812659,-0.00952246380704125,0.0894913749271562,0.00152051051141331,-0.0174636049482211,-0.0245940873794598,0.156018325847328
236.421431947482,-0.00862012800854813,-0.0250567027824144,-0.00933459475862763,0.0888691959897448,0.00148964515716461,-0.0173418362063704,-0.0242586993052976,0.154993544202397
238.061049666849,-0.00860752344900701,-0.0248190682696256,-0.00914966314770198,0.0882506652362765,0.0014592678872586,-0.0172208052101618,-0.0239277382809534,0.153974756229759
239.712038378445,-0.00859424180800565,-0.0245830817207282,-0.0089676333205707,0.087635773957287,0.00142937275270647,-0.017100509541307,-0.0236011496123632,0.152961941717337
241.374476941791,-0.00858029068749645,-0.0243487386268363,-0.00878846995464089,0.0870245132617032,0.0013999538602379,-0.0169809467596664,-0.0232788791957212,0.151955080205839
243.048444763306,-0.00856567769726652,-0.0241160344910735,-0.00861213805574648,0.0864168740813945,0.00137100537182302,-0.0168621144039146,-0.0229608735131833,0.150954150997065
244.734021800108,-0.00855041045558597,-0.0238849648272758,-0.00843860295547401,0.0858128471756163,0.00134252150419539,-0.0167440099921893,-0.0226470796285398,0.149959133162043
246.431288563827,-0.00853449658981445,-0.0236555251586748,-0.00826783030849004,0.0852124231353478,0.00131449652837635,-0.0166266310227233,-0.0223374451828594,0.148970005549027
248.140326124455,-0.00851794373696511,-0.023427711016562,-0.00809978608987209,0.0846155923875268,0.001286924769201,-0.0165099749744598,-0.0220319183901072,0.147986746791331
249.861216114214,-0.00850075954422534,-0.0232015179389353,-0.00793443659244498,0.084022345199182,0.00125980060484606,-0.0163940393076526,-0.0217304480327392,0.147009335315014
251.594040731461,-0.00848295166943376,-0.0229769414691294,-0.00777174842412428,0.0834326716814657,0.00123311846635995,-0.0162788214644491,-0.0214329834572751,0.146037749346418
253.338882744608,-0.00846452778151281,-0.0227539771544312,-0.00761168850526867,0.082846561793589,0.00120687283719541,-0.0161643188694595,-0.0211394745698522,0.145071966919557
255.09582549608,-0.0084454955608564,-0.0225326205446815,-0.00745422406604282,0.0822640053466602,0.00118105825274469,-0.0160505289303094,-0.0208498718317622,0.144111965883362
256.864952906292,-0.00842586269967219,-0.0223128671908642,-0.00729932264379236,0.0816849920074294,0.00115566929987787,-0.0159374490381789,-0.020564126254973,0.143157723908781
258.646349477661,-0.00840563690227795,-0.0220947126436848,-0.00714695208043256,0.0811095113019412,0.00113070061648427,-0.015825076568326,-0.0202821893976378,0.142209218495741
260.440100298641,-0.00838482588535164,-0.0218781524521389,-0.00699708051985207,0.0805375526190964,0.00110614689101735,-0.0157134088805969,-0.0200040133595934,0.141266426979967
262.246291047787,-0.00836343737813485,-0.0216631821620725,-0.00684967640533323,0.0799691052141265,0.00108200286204324,-0.0156024433199217,-0.0197295507778491,0.140329326539668
264.065007997846,-0.00834147912258917,-0.0214497973147362,-0.00670470847699023,0.0794041582119808,0.00105826331779314,-0.0154921772167974,-0.0194587548220685,0.139397894202084
265.896338019882,-0.00831895887350536,-0.0212379934453326,-0.00656214576922645,0.07884270061063,0.00103492309571974,-0.0153826078877563,-0.0191915791900465,0.138472106849901
267.740368587419,-0.00829588439856492,-0.0210277660815616,-0.00642195760821213,0.0782847212842867,0.00101197708205789,-0.0152737326358234,-0.0189279781031818,0.137551941227538
269.597187780627,-0.00827226347835393,-0.0208191107421612,-0.00628411360938369,0.0777302089865466,0.000989420211389757,-0.01516554875096,-0.018667906301948,0.136637373947299
271.466884290521,-0.00824810390632911,-0.0206120229354495,-0.00614858367496554,0.0771791523534497,0.000967247466214407,-0.0150580535104952,-0.0184113190413641,0.135728381495403
273.349547423206,-0.00822341348873574,-0.0204064981578649,-0.00601533799151573,0.0766315399064667,0.000945453876522285,-0.0149512441795459,-0.018158172086466,0.134824940237883
275.245267104134,-0.0081982000444777,-0.0202025318925105,-0.00588434702749614,0.0760873600554101,0.000924034519374492,-0.0148451180114253,-0.017908421707781,0.133927026426371
277.154133882404,-0.00817247140493938,-0.0200001196077,-0.00575558153086832,0.0755466011012725,0.0009029845184871,-0.0147396722480397,-0.0176620246768059,0.133034616203747
279.07623893509,-0.00814623541375964,-0.0197992567555102,-0.00562901252671576,0.0750092512389958,0.000882299043820633,-0.0146349041202748,-0.0174189382614913,0.132147685609684
281.011674071587,-0.00811949992655787,-0.0195999387703391,-0.00550461131489345,0.0744752985601702,0.000861973311174803,-0.0145308108483714,-0.0171791202217322,0.131266210586064
282.960531738006,-0.00809227281061229,-0.0194021610674722,-0.00538234946770534,0.0739447310556678,0.000842002581788627,-0.0144273896422906,-0.0169425288048664,0.130390166982284
284.922905021585,-0.00806456194449073,-0.0192059190416583,-0.00526219882761054,0.0734175366182113,0.000822382161946014,-0.0143246377020694,-0.0167091227411835,0.129519530560445
286.898887655133,-0.00803637521763403,-0.0190112080656967,-0.00514413150495886,0.0728937030448799,0.000803107402586927,-0.0142225522181664,-0.016478861239443,0.128654277000432
288.888574021513,-0.00800772052989257,-0.0188180234890367,-0.00502811987575612,0.0723732180395546,0.00078417369892418,-0.0141211303717985,-0.0162517039824049,0.127794381904878
290.892059158146,-0.007978605791016,-0.0186263606363907,-0.00491413657945992,0.0718560692153048,0.000765576490065953,-0.0140203693352684,-0.016027611122373,0.126939820804029
292.909438761552,-0.00794903892009685,-0.0184362148063638,-0.0048021545168063,0.0713422440967178,0.000747311258644087,-0.0139202662722837,-0.0158065432767521,0.126090569160494
294.940809191919,-0.00791902784496826,-0.0182475812700997,-0.00469214684766751,0.0708317301221737,0.000729373530448201,-0.0138208183382672,-0.0155884615236199,0.125246602373892
296.986267477709,-0.00788858050155647,-0.0180604552699453,-0.00458408698894153,0.0703245146460667,0.000711758874065688,-0.0137220226806599,-0.0153733273973145,0.124407895785397
299.045911320291,-0.00785770483318854,-0.0178748320181355,-0.00447794861247337,0.0698205849409762,0.000694462900527614,-0.0136238764392156,-0.0151611028840395,0.123574424682188
301.119839098607,-0.00782640878985599,-0.017690706695499,-0.00437370564300857,0.0693199281997866,0.000677481262960553,-0.0135263767462886,-0.0149517504174858,0.122746164301782
303.208149873869,-0.007794700327435,-0.0175080744501875,-0.00427133225617897,0.0688225315377618,0.00066080965624436,-0.0134295207271137,-0.0147452328744722,0.121923089836292
305.310943394298,-0.00776258740686376,-0.0173269303964283,-0.00417080287652099,0.0683283819945726,0.00064444381667592,-0.0133333055000802,-0.014541513570606,0.121105176436571
307.428320099879,-0.00773007799327789,-0.0171472696133036,-0.00407209217552638,0.0678374665362801,0.000628379521638843,-0.0132377281769986,-0.0143405562559623,0.120292399216268
309.560381127168,-0.00769718005510473,-0.016969087143556,-0.00397517506972563,0.0673497720572779,0.000612612589279111,-0.0131427858633616,-0.0141423251107854,0.119484733255795
311.707228314113,-0.00766390156311716,-0.0167923779924224,-0.00388002671880389,0.0668652853821925,0.000597138878186657,-0.0130484756585988,-0.013946784741211,0.118682153606197
313.868964204927,-0.00763025048944814,-0.0166171371264983,-0.0037866225237494,0.0663839932677462,0.000581954287082865,-0.0129547946563261,-0.0137539001750108,0.117884635292933
316.045692054981,-0.00759623480656664,-0.016443359472632,-0.00369493812503437,0.0659058824045822,0.000567054754513938,-0.0128617399445894,-0.0135636368573597,0.117092153319577
318.237515835737,-0.00756186248621621,-0.0162710399168513,-0.00360494940082801,0.065430939419054,0.000552436258550102,-0.0127693086061034,-0.0133759606466264,0.116304682671422
320.444540239715,-0.00752714149831703,-0.0161001733033246,-0.00351663246524173,0.0649591508749821,0.00053809481649062,-0.0126774977184853,-0.0131908378101884,0.115522198319006
322.666870685493,-0.00749207980983259,-0.0159307544333546,-0.00342996366660605,0.0644905032753778,0.000524026484574531,-0.0125863043544844,-0.0130082350202708,0.114744675221554
324.904613322743,-0.00745668538360224,-0.0157627780644097,-0.00334491958577905,0.0640249830641357,0.000510227357697069,-0.0124957255822068,-0.0128281193498107,0.113972088330339
327.1578750373,-0.00742096617714053,-0.0155962389091912,-0.00326147703448612,0.0635625766276987,0.000496693569131696,-0.0124057584653365,-0.0126504582683462,0.113204412591958
329.426763456268,-0.00738493014140485,-0.0154311316347383,-0.00317961305369037,0.0631032702966939,0.00048342129025768,-0.0123164000633522,-0.0124752196379324,0.112441622951538
331.711386953162,-0.00734858521953225,-0.0152674508615725,-0.00309930491199366,0.0626470503475429,0.000470406730293113,-0.0122276474317413,-0.0123023717090827,0.111683694355859
334.011854653082,-0.00731193934554718,-0.015105191162882,-0.00302053010406751,0.0621939030040481,0.000457646136033315,-0.0121394976222093,-0.0121318831167375,0.110930601756404
336.328276437929,-0.00727500044304096,-0.0149443470637463,-0.00294326634911356,0.0617438144389539,0.000445135791594509,-0.0120519476828876,-0.0119637228762592,0.11018232011233
338.660762951648,-0.00723777642382473,-0.0147849130404029,-0.0028674915893531,0.0612967707754877,0.000432872018162684,-0.011964994658537,-0.0117978603794554,0.109438824393378
341.009425605519,-0.0072002751865571,-0.0146268835195573,-0.00279318398854494,0.0608527580888795,0.000420851173747523,-0.0118786355907494,-0.0116342653906292,0.108700089582696
343.374376583475,-0.00716250461534784,-0.0144702528777348,-0.00272032193053139,0.0604117624078615,0.000409069652941317,-0.0117928675181466,-0.0114729080426576,0.107966090679608
345.75572884746,-0.00712447257833915,-0.0143150154406782,-0.00264888401781132,0.0599737697161506,0.00039752388668272,-0.0117076874765771,-0.011313758833098,0.1072368027023
348.153596142828,-0.00708618692626602,-0.0141611654827889,-0.00257884907014,0.0595387659539133,0.000386210342025253,-0.0116230924993105,-0.0111567886203237,0.106512200690452
350.568093003772,-0.00704765549099703,-0.0140086972266145,-0.00251019612315497,0.0591067370192148,0.000375125521910422,-0.0115390796172302,-0.0110019686196873,0.105792259707791
352.999334758797,-0.00700888608405713,-0.013857604842382,-0.00244290442702718,0.0586776687694536,0.000364265964945318,-0.0114556458590246,-0.0108492703997133,0.105076954844595
355.44743753623,-0.00696988649513407,-0.0137078824475775,-0.00237695344513674,0.0582515470227823,0.000353628245184586,-0.011372788251376,-0.0106986658783203,0.104366261220116
357.912518269762,-0.00693066449056981,-0.0135595241065737,-0.00231232285277264,0.0578283575595159,0.000343208971916619,-0.0112905038191491,-0.010550127319071,0.103660153984958
360.39469470404,-0.00689122781183867,-0.0134125238303038,-0.0022489925358555,0.0574080861235282,0.000333004789453833,-0.0112087895855775,-0.0104036273274532,0.10295860832338
362.894085400285,-0.00685158417401362,-0.0132668755759846,-0.00218694258968281,0.0569907184236378,0.000323012376926901,-0.0111276425724494,-0.010259138847189,0.102261599455551
365.410809741959,-0.00681174126422251,-0.0131225732468868,-0.00212615331769565,0.0565762401349847,0.000313228448082783,-0.0110470598002926,-0.010116635156574,0.101569102639739
367.944987940466,-0.00677170674009558,-0.0129796106921546,-0.00206660523026628,0.0561646369003965,0.000303649751086421,-0.0109670382885586,-0.0099760898648461,0.100881093174444
370.496741040893,-0.00673148822820607,-0.012837981706673,-0.00200827904350563,0.0557558943317485,0.00029427306832595,-0.0108875750558056,-0.00983747690858405,0.10019754640048
373.066190927794,-0.00669109332250543,-0.0126976800309854,-0.00195115567809001,0.055349998011315,0.000285095216221265,-0.0108086671198815,-0.00970077054813563,0.0995184377029946
375.653460331008,-0.00665052958275477,-0.0125586993512584,-0.00189521625810601,0.0549469334931141,0.000276113045035802,-0.0107303114981064,-0.00956594536407556,0.0988437425134409
378.258672831527,-0.00660980453295418,-0.0124210332992973,-0.001840442109913,0.0545466863042476,0.000267323438691384,-0.0106525052074545,-0.00943297625369336,0.0981734363114943
380.881952867393,-0.00656892565977143,-0.0122846754526092,-0.00178681476102211,0.0541492419462343,0.000258723314585963,-0.0105752452647362,-0.00930183842751084,0.0975074946269172
383.523425739646,-0.00652790041097179,-0.0121496193345157,-0.001734315938991,0.0537545858963395,0.00025030962341412,-0.0104985286867796,-0.00917250740582943,0.0968458930413745
386.183217618305,-0.00648673619385058,-0.0120158584143142,-0.00168292757033351,0.0533627036089,0.000242079348990158,-0.0104223524906125,-0.00904495901530741,0.0961886071901985
388.861455548399,-0.00644544037366976,-0.0118833861074875,-0.00163263177944326,0.052973580516645,0.000234029508073632,-0.0103467136936437,-0.00891916938556658,0.0955356127641058
391.558267456034,-0.00640402027210057,-0.0117521957759624,-0.00158341088753044,0.0525872020320152,0.000226157150197172,-0.0102716093138456,-0.00879511494582895,0.0948868855108669
394.273782154498,-0.00636248316567343,-0.011622280728415,-0.00153524741157087,0.0522035535484777,0.000218459357496427,-0.0101970363699355,-0.00867277242158286,0.0942424012369293
397.008129350424,-0.00632083628423681,-0.011493634220625,-0.00148812406326639,0.0518226204418392,0.000210933244541986,-0.0101229918815584,-0.00855211883127867,0.093602135808994
399.761439649975,-0.00627908680942661,-0.0113662494558767,-0.00144202374801581,0.0514443880715575,0.000203575958173121,-0.0100494728694692,-0.00843313148305408,0.0929660651555489
402.533844565089,-0.00623724187314747,-0.0112401195854063,-0.00139692956389558,0.0510688417820503,0.000196384677333191,-0.00997647635571618,-0.0083157879714887,0.0923341652683578
405.325476519761,-0.00619530855606762,-0.011115237708896,-0.00135282480064915,0.0506959669040036,0.000189356612906569,-0.00990399936382347,-0.00820006617438803,0.0917064122039061
408.136468856361,-0.00615329388612864,-0.0109915968750138,-0.00130969293868447,0.0503257487556784,0.000182489007556928,-0.00983203891897541,-0.00808594424959666,0.0910827820848057
410.966955842014,-0.00611120483707162,-0.0108691900819978,-0.00126751764807844,0.0499581726442166,0.000175779135566742,-0.00976059204820027,-0.00797340063184049,0.090463251101158
413.817072675003,-0.00606904832698115,-0.0107480102782857,-0.00122628278758776,0.0495932238669453,0.000169224302677856,-0.00968965578055484,-0.00786241402959802,0.089847795511877
416.686955491232,-0.00602683121684847,-0.010628050363187,-0.00118597240366526,0.0492308877126817,0.000162821845932981,-0.00961922714730946,-0.00775296342200042,0.0892363916459733
419.576741370729,-0.00598456030915526,-0.010509303187599,-0.00114657072948087,0.0488711494630357,0.000156569133517966,-0.00954930318213333,-0.00764502805576045,0.0886290159037991
422.486568344193,-0.00594224234647915,-0.0103917615547643,-0.00110806218394652,0.0485139943937134,0.000150463564604715,-0.00947988092128046,-0.00753858744212978,0.0880256447582559
425.416575399583,-0.00589988401012258,-0.0102754182210699,-0.00107043137074409,0.0481594077758188,0.000144502569194602,-0.0094109574037759,-0.00743362135388497,0.0874262547559649
428.366902488763,-0.00585749191876598,-0.0101602658968863,-0.00103366307735577,0.0478073748771554,0.000138683607962258,-0.00934252967160255,-0.00733010982234156,0.0868308225184013
431.337690534184,-0.00581507262714658,-0.0100462972474467,-0.000997742274095992,0.047457880963527,0.000133004172099591,-0.00927459476988823,-0.00722803313439642,0.0862393247429935
434.329081435613,-0.00577263262476411,-0.00993350489376343,-0.000962654113144266,0.0471109113000378,0.000127461783159921,-0.00920714974709328,-0.00712737182959802,0.0856517382041872
437.341218076915,-0.0057301783346144,-0.00982188141358333,-0.000928383927578183,0.0467664511523911,0.000122053992902095,-0.00914019165519839,-0.00702810669724459,0.0850680397544756
440.374244332875,-0.0056877161119521,-0.00971141934237835,-0.000894917230405909,0.0464244857881879,0.000116778383134462,-0.00907371754989288,-0.00693021877350982,0.0844882063253966
443.428305076071,-0.00564525224308342,-0.00960211117437203,-0.000862239713597493,0.0460850004782231,0.000111632565558598,-0.00900772449076318,-0.00683368933859617,0.0839122149284966
446.503546183793,-0.0056027929441901,-0.00949394936360003,-0.000830337247114392,0.0457479804977813,0.000106614181612662,-0.00894220954148159,-0.0067384999139154,0.0833400426562637
449.600114545014,-0.00556034436018543,-0.00938692632500382,-0.000799195877936518,0.0454134111279303,0.00010172090231427,-0.00887716976999523,-0.00664463225929625,0.0827716666830284
452.718158067401,-0.00551791256360328,-0.00928103443555616,-0.000768801829086257,0.0450812776568127,9.69504281027844e-05,-0.00881260224871517,-0.00655206837021908,0.0822070642658344
455.857825684385,-0.00547550355352102,-0.00917626603541738,-0.0007391414986489,0.0447515653809361,9.23004886809273e-05,-0.00874850405470562,-0.0064607904750773,0.081646212745279
459.01926736227,-0.00543312325451724,-0.00907261342912114,-0.000710201458788875,0.0444242596064597,8.77688428555985e-05,-0.00868487226987317,-0.00637078103246536,0.0810890895463247
462.202634107401,-0.00539077751566489,-0.00897006888678844,-0.000681968454761315,0.0440993456504792,8.33532783778249e-05,-0.00862170398115602,-0.0062820227284931,0.0805356721790811
465.408077973374,-0.00534847210956073,-0.00886862464536861,-0.000654429403918415,0.0437768088423077,7.90516117817446e-05,-0.0085589962807131,-0.00619449847412643,0.0799859382395596
468.635752068297,-0.00530621273139167,-0.00876827290990601,-0.00062757139471014,0.0434566345247537,7.4861688222542e-05,-0.00849674626611306,-0.00610819140255388,0.0794398654104
471.885810562108,-0.00526400499803871,-0.00866900585483126,-0.000601381685678805,0.0431388080553952,7.07813813132571e-05,-0.00843495104052299,-0.00602308486657913,0.0788974314615702
475.158408693936,-0.00522185444721906,-0.00857081562527541,-0.000575847704447126,0.0428233148078493,6.68085929603908e-05,-0.0083736077128969,-0.00593916243603905,0.0783586142510388
478.453702779515,-0.0051797665366669,-0.00847369433840605,-0.000550957046699321,0.0425101401730377,6.29412531982393e-05,-0.00831271339816381,-0.00585640789524729,0.0778233917254232
481.771850218653,-0.00513774664335338,-0.00837763408478386,-0.000526697475154915,0.0421992695604469,5.91773200218902e-05,-0.00825226521741534,-0.00577480524046309,0.0772917419206108
485.113009502749,-0.00509580006274624,-0.00828262692973821,-0.000503056918534899,0.0418906883993829,5.55147792188213e-05,-0.00819226029809283,-0.00569433867738514,0.0767636429623561
488.477340222363,-0.00505393200810946,-0.00818866491476064,-0.000480023470519904,0.04158438214022,5.19516441990441e-05,-0.00813269577417383,-0.00561499261867034,0.0762390730668529
491.865003074839,-0.00501214760984324,-0.00809574005891469,-0.000457585388700139,0.0412803362556439,4.84859558237433e-05,-0.00807356878635789,-0.00553675168147722,0.0757180105412834
495.276159871982,-0.00497045191486467,-0.00800384436026089,-0.00043573109351679,0.0409785362418873,4.51157822323618e-05,-0.00801487648225156,-0.00545960068503385,0.0752004337843429
498.710973547785,-0.00492884988602934,-0.00791296979729538,-0.000414449167194686,0.0406789676199589,4.18392186680957e-05,-0.00795661601655261,-0.00538352464823008,0.0746863212867426
502.169608166212,-0.00488734640159392,-0.00782310833040104,-0.000393728352665977,0.0403816159368642,3.86543873017555e-05,-0.00789878455123317,-0.00530850878723382,0.0741756516316887
505.652228929035,-0.00484594625472015,-0.00773425190330944,-0.000373557552484675,0.0400864667668188,3.5559437053964e-05,-0.00784137925572196,-0.0052345385131313,0.0736684034953406
509.159002183727,-0.00480465415302004,-0.00764639244457273,-0.000353925827731887,0.0397935057124528,3.25525434156657e-05,-0.00778439730708531,-0.005161599429591,0.0731645556472467
512.690095431402,-0.00476347471814254,-0.00755952186904368,-0.000334822396911619,0.039502718406006,2.96319082669187e-05,-0.00772783589020709,-0.00508967733055113,0.0726640869507601
516.245677334823,-0.00472241248540161,-0.00747363207936281,-0.000316236634837026,0.0392140905105142,2.67957596939552e-05,-0.00767169219796718,-0.00501875819793048,0.0721669763634319
519.825917726449,-0.00468147190344563,-0.00738871496745121,-0.000298158071507053,0.0389276077209845,2.40423518044934e-05,-0.00761596343141877,-0.00494882819936237,0.0716732029373861
523.430987616559,-0.00464065733396811,-0.0073047624160078,-0.000280576390973392,0.0386432557655615,2.1369964541293e-05,-0.00756064679996396,-0.00487987368595163,0.0711827458196731
527.061059201407,-0.00459997305145958,-0.00722176630000961,-0.000263481430197743,0.0383610204066814,1.87769034939461e-05,-0.00750573952152805,-0.00481188119005435,0.0706955842526043
530.716305871459,-0.00455942324300042,-0.00713971848821395,-0.00024686317789936,0.0380808874422153,1.6261499708906e-05,-0.007451238822732,-0.00474483742308016,0.0702116975740682
534.396902219665,-0.00451901200809449,-0.00705861084466112,-0.000230711773392896,0.0378028427066009,1.38221094977504e-05,-0.00739714193906328,-0.00467872927331703,0.0697310652178264
538.103024049808,-0.00447874335854331,-0.00697843523017641,-0.000215017505416615,0.0375268720719612,1.1457114243694e-05,-0.0073434461150449,-0.00461354380377825,0.0692536667137924
541.834848384891,-0.00443862121836042,-0.00689918350387027,-0.000199770810950997,0.0372529614492112,9.16492020635424e-06,-0.00729014860440249,-0.00454926825007148,0.068779481688292
545.592553475602,-0.00439864942372564,-0.00682084752463524,-0.000184962274027839,0.036981096789151,6.94395832478675e-06,-0.00723724667022951,-0.0044858900182896,0.0683084898643061
549.376318808822,-0.00435883172297892,-0.00674341915263875,-0.000170582624529993,0.0367112640835458,4.79268401881337e-06,-0.00718473758515036,-0.00442339668292345,0.0678406710616963
553.1863251162,-0.00431917177665326,-0.00666689025081034,-0.000156622736981791,0.0364434493661909,2.70957698865742e-06,-0.00713261863148136,-0.00436177598479585,0.0673760051974134
557.022754382788,-0.00427967315754628,-0.00659125268632228,-0.000143073629330369,0.0361776387139636,6.93141012915064e-07,-0.00708088710138953,-0.00430101582901715,0.0669144722856896
560.885789855729,-0.00424033935083009,-0.00651649833206264,-0.000129926461718056,0.0359138182478594,-1.25809625510352e-06,-0.00702954029704917,-0.00424110428296188,0.0664560524382145
564.775616053012,-0.00420117375419875,-0.00644261906809938,-0.000117172535245966,0.0356519741340129,-3.14558349264144e-06,-0.00697857553079595,-0.0041820295742664,0.0660007258642944
568.692418772287,-0.00416217967805297,-0.00636960678313473,-0.000104803290729049,0.0353920925847038,-4.97074591432404e-06,-0.00692799012527872,-0.00412378008884739,0.0655484728709974
572.636385099737,-0.00412336034572137,-0.00629745337594866,-9.28103074427887e-05,0.0351341598593462,-6.73498548052151e-06,-0.00687778141360874,-0.00406634436894104,0.0650992738632819
576.607703419018,-0.00408471889371769,-0.00622615075683042,-8.11853018618065e-05,0.0348781622654621,-8.43968110719403e-06,-0.00682794673950641,-0.00400971111116268,0.064653109344111
580.606563420252,-0.00404625837203342,-0.00615569084899735,-6.99201263906087e-05,0.0346240861596379,-1.00861888771846e-05,-0.00677848345744537,-0.00395386916458678,0.0642099599145516
584.633156109091,-0.00400798174446514,-0.00608606558999978,-5.90067680867603e-05,0.034371917948464,-1.16758422529046e-05,-0.00672938893279389,-0.00389880752884713,0.0637698062738598
588.687673815838,-0.00396989188897581,-0.00601726693311131,-4.8437347376759e-05,0.034121644089457,-1.32099522903688e-05,-0.00668066054195357,-0.00384451535225695,0.0633326292195516
592.77031020464,-0.00393199159808953,-0.00594928684870346,-3.82041167649046e-05,0.0338732510919644,-1.46898078545266e-05,-0.00663229567249519,-0.00379098192994896,0.0628984096474604
596.881260282727,-0.00389428357931878,-0.00588211732560397,-2.82994595354885e-05,0.0336267255180514,-1.61166758358327e-05,-0.00658429172329179,-0.00373819670203505,0.0624671285517806
601.020720409738,-0.00385677045562361,-0.00581575037243772,-1.8715888448608e-05,0.0333820539833694,-1.74918013680059e-05,-0.00653664610464875,-0.00368614925178551,0.0620387670250978
605.188888307094,-0.00381945476590194,-0.00575017801894979,-9.44604442993735e-06,0.0331392231580058,-1.88164080469147e-05,-0.00648935623843099,-0.0036348293038276,0.061613306258407
609.385963067442,-0.00378233896551013,-0.0056853923173096,-4.82695254822463e-07,0.0328982197673158,-2.00916981505319e-05,-0.00644241955818717,-0.00358422672236341,0.061190727541117
613.612145164168,-0.00374542542681313,-0.00562138534339564,8.18126577297341e-06,0.0326590305927345,-2.13188528598951e-05,-0.0063958335092708,-0.00353433150940671,0.0607710122610429
617.867636460969,-0.00370871643976339,-0.00555814919806003,1.65528211475145e-05,0.0324216424725704,-2.24990324810123e-05,-0.00634959554895834,-0.00348513380303873,0.0603541419043868
622.152640221499,-0.00367221421250755,-0.00549567600837214,2.46388304915267e-05,0.032186042302779,-2.36333766676466e-05,-0.00630370314656412,-0.00343662387568272,0.059940098055706
626.467361119072,-0.00363592087202037,-0.00543395792884092,3.24460318914723e-05,0.0319522170377179,-2.47230046449142e-05,-0.00625815378355212,-0.00338879213239711,0.0595288623978697
630.812005246445,-0.0035998384647647,-0.00537298714261509,3.99810432364753e-05,0.0317201536908808,-2.5769015433629e-05,-0.00621294495364464,-0.00334162910918709,0.059120416712005
635.186780125658,-0.00356396895737696,-0.00531275586266077,4.72503635607071e-05,0.031489839335613,-2.67724880753294e-05,-0.00616807416292761,-0.00329512547133462,0.0587147428774304
639.591894717946,-0.00352831423737703,-0.00525325633291607,5.42603743888329e-05,0.0312612611058059,-2.77344818579115e-05,-0.0061235389299528,-0.00324927201174643,0.0583118228715798
644.027559433723,-0.00349287611390179,-0.00519448082942202,6.10173410841212e-05,0.0310344061965722,-2.86560365418053e-05,-0.00607933678583668,-0.00320405964932023,0.0579116387699153
648.493986142629,-0.00345765631846145,-0.00513642166142952,6.75274141988297e-05,0.0308092618649002,-2.95381725866231e-05,-0.00603546527435603,-0.00315947942732868,0.0575141727458291
652.991388183652,-0.00342265650571769,-0.00507907117248182,7.37966308264365e-05,0.0305858154302886,-3.0381891378204e-05,-0.00599192195204021,-0.0031155225118211,0.0571194070705357
657.519980375318,-0.00338787825428286,-0.00502242174147222,7.98309159553265e-05,0.0303640542753602,-3.11881754559915e-05,-0.00594870438826021,-0.00307218019004287,0.0567273241129547
662.07997902595,-0.00335332306753918,-0.00496646578367645,8.56360838235256e-05,0.0301439658464558,-3.19579887406666e-05,-0.00590581016531418,-0.00302944386887218,0.0563379063395824
666.671601944003,-0.00331899237447728,-0.00491119575175975,9.12178392740535e-05,0.029925537654207,-3.26922767619676e-05,-0.00586323687850987,-0.00298730507327413,0.0559511363143551
671.295068448464,-0.00328488753055298,-0.00485660413675792,9.6581779110513e-05,0.0297087572740896,-3.3391966886624e-05,-0.00582098213624345,-0.00294575544477204,0.0555669966985027
675.950599379332,-0.00325100981856152,-0.00480268346903253,0.000101733393452474,0.0294936123469551,-3.40579685463338e-05,-0.00577904356007523,-0.00290478673993578,0.0551854702503934
680.638417108163,-0.00321736044952839,-0.00474942631919966,0.000106678067090273,0.0292800905795433,-3.46911734657127e-05,-0.00573741878480183,-0.00286439082888694,0.0548065398253688
685.358745548692,-0.00318394056361583,-0.00469682529903233,0.0001114210808388,0.0290681797449729,-3.52924558901419e-05,-0.00569610545852511,-0.00282455969382088,0.0544301883755714
690.11181016753,-0.00315075123104411,-0.00464487306233615,0.000115967612889872,0.0288578676832131,-3.58626728134483e-05,-0.00565510124271772,-0.00278528542754533,0.054056398949763
694.897837994932,-0.00311779345302677,-0.00459356230579822,0.000120322740162797,0.0286491423015338,-3.64026642053409e-05,-0.00561440381228528,-0.00274656023203549,0.0536851546931348
699.717057635642,-0.00308506816271892,-0.0045428857698092,0.000124491439652719,0.0284419915749362,-3.69132532385388e-05,-0.00557401085562526,-0.00270837641700555,0.0533164388471098
704.569699279812,-0.00305257622617778,-0.00449283623925826,0.000128478589776354,0.0282364035465626,-3.73952465155179e-05,-0.00553392007468253,-0.00267072639849638,0.0529502347491368
709.455994713995,-0.00302031844333461,-0.00444340654430115,0.000132288971714721,0.0280323663280868,-3.78494342948101e-05,-0.00549412918500154,-0.00263360269747933,0.0525865258324776
714.376177332221,-0.00298829554897706,-0.00439458956110106,0.000135927270752483,0.0278298681000836,-3.82765907167858e-05,-0.00545463591577534,-0.002596997938476,0.0522252956259859
719.33048214714,-0.00295650821374136,-0.00434637821254249,0.000139398077613515,0.0276288971123793,-3.8677474028853e-05,-0.00541543800989115,-0.00256090484819391,0.051866527753879
724.31914580125,-0.00292495704511336,-0.0042987654689181,0.000142705889792315,0.0274294416843818,-3.90528268100091e-05,-0.00537653322397279,-0.00252531625417774,0.0515102059355031
729.342406578201,-0.00289364258843753,-0.00425174434858841,0.000145855112880902,0.0272314902053909,-3.9403376194676e-05,-0.00533791932841985,-0.00249022508347626,0.051156313985091
734.400504414174,-0.00286256532793341,-0.00420530791861473,0.000148850061890815,0.0270350311348904,-3.97298340957606e-05,-0.00529959410744361,-0.00245562436132465,0.050804835811513
739.493680909344,-0.00283172568771846,-0.00415944929536518,0.000151694962569877,0.0268400530028188,-4.00328974268721e-05,-0.00526155535909982,-0.00242150720984217,0.0504557554180221
744.622179339418,-0.00280112403283658,-0.00411416164509393,0.000154393952713339,0.0266465444098231,-4.03132483236372e-05,-0.00522380089531827,-0.002387866846745,0.0501090569019917
749.786244667259,-0.00277076067029177,-0.00406943818449394,0.000156951083469109,0.0264544940274916,-4.05715543640555e-05,-0.00518632854192927,-0.00235469658407412,0.0497647244546479
754.98612355458,-0.00274063585008579,-0.00402527218122322,0.000159370320636671,0.0262638905985696,-4.08084687878299e-05,-0.00514913613868706,-0.00232198982693818,0.0494227423607956
760.222064373731,-0.00271074976625953,-0.00398165695440478,0.000161655545959414,0.0260747229371555,-4.10246307146198e-05,-0.00511222153929002,-0.00228974007227112,0.0490830949985386
765.494317219563,-0.00268110255793693,-0.00393858587510063,0.000163810558410012,0.0258869799288787,-4.12206653611575e-05,-0.00507558261139803,-0.00225794090760451,0.0487457668389936
770.803133921369,-0.00265169431037123,-0.00389605236675983,0.000165839075468565,0.0257006505310599,-4.13971842571751e-05,-0.0050392172366467,-0.00222658600985443,0.048410742446
776.148768054917,-0.00262252505599238,-0.00385404990564096,0.000167744734393189,0.025515723772853,-4.15547854600861e-05,-0.0050031233106587,-0.00219566914412275,0.0480780064758227
781.531474954562,-0.00259359477545531,-0.00381257202120922,0.000169531093482751,0.025332188755369,-4.16940537683715e-05,-0.00496729874305215,-0.00216518416251281,0.0477475436768511
786.951511725437,-0.00256490339868827,-0.00377161229650842,0.000171201633331473,0.0251500346517837,-4.18155609336195e-05,-0.00493174145744617,-0.00213512500295914,0.0474193388892916
792.40913725574,-0.00253645080594053,-0.00373116436850813,0.000172759758075113,0.0249692507074269,-4.19198658711691e-05,-0.00489644939146352,-0.00210548568807136,0.0470933770448568
797.904612229097,-0.00250823682882895,-0.00369122192842632,0.000174208796628467,0.0247898262398553,-4.20075148693106e-05,-0.00486142049673054,-0.00207626032399194,0.0467696431664488
803.438199137013,-0.00248026125138282,-0.00365177872202777,0.000175552003913922,0.0246117506389089,-4.20790417969994e-05,-0.00482665273887424,-0.00204744309926781,0.0464481223678381
809.01016229141,-0.00245252381108621,-0.00361282854989851,0.000176792562080805,0.0244350133667507,-4.21349683100328e-05,-0.00479214409751676,-0.0020190282837356,0.0461287998533388
814.620767837254,-0.0024250241999175,-0.00357436526769683,0.000177933581715299,0.02425960395789,-4.2175804055656e-05,-0.00475789256626714,-0.0019910102274205,0.0458116609174783
820.270283765263,-0.00239776206538535,-0.00353638278638089,0.000178978103040678,0.0240855120191911,-4.22020468755479e-05,-0.00472389615271049,-0.00196338335944852,0.045496690944664
825.958979924714,-0.00237073701156069,-0.00349887507241358,0.000179929097107646,0.0239127272298647,-4.22141830071528e-05,-0.00469015287839456,-0.00193614218697211,0.045183875408845
831.687128036326,-0.00234394860010414,-0.00346183614794482,0.000180789466974567,0.0237412393414457,-4.22126872833184e-05,-0.00465666077881381,-0.00190928129410889,0.0448731998731708
837.455001705243,-0.00231739635128849,-0.00342526009097174,0.000181562048877374,0.0235710381777547,-4.21980233302037e-05,-0.00462341790339106,-0.00188279534089358,0.0445646499896457
843.262876434102,-0.00229107974501554,-0.00338914103547708,0.00018224961338897,0.0234021136348458,-4.21706437634231e-05,-0.00459042231545663,-0.00185667906224277,0.0442582114987799
849.111029636188,-0.00226499822182703,-0.00335347317154628,0.000182854866567923,0.0232344556809394,-4.21309903823943e-05,-0.0045576720922252,-0.00183092726693254,0.0439538702292368
854.999740648693,-0.00223915118390919,-0.00331825074546353,0.000183380451096298,0.0230680543563415,-4.20794943628569e-05,-0.00452516532477027,-0.00180553483658889,0.0436516120974772
860.92929074605,-0.00221353799609035,-0.00328346805978734,0.000183828947406439,0.0229028997733484,-4.20165764475351e-05,-0.00449290011799639,-0.0017804967246906,0.0433514231074004
866.899963153375,-0.0021881579868314,-0.00324911947340591,0.000184202874796557,0.022738982116139,-4.1942647134914e-05,-0.00446087459060921,-0.0017558079555847,0.0430532893499821
872.91204305999,-0.00216301044920845,-0.00321519940157277,0.000184504692534966,0.0225762916406529,-4.18581068661043e-05,-0.00442908687508331,-0.00173146362351423,0.0427571970029092
878.965817633049,-0.00213809464188761,-0.00318170231592312,0.000184736800952838,0.0224148186744565,-4.17633462097717e-05,-0.00439753511762792,-0.0017074588916582,0.0424631323302119
885.061576031251,-0.00211340979009131,-0.0031486227444713,0.000184901542525333,0.022254553616596,-4.16587460451053e-05,-0.0043662174781506,-0.00168378899118376,0.0421710816818932
891.199609418655,-0.00208895508655586,-0.00311595527158972,0.000185001202941002,0.0220954869374384,-4.15446777428063e-05,-0.00433513213021891,-0.00166044922031026,0.0418810314935557
897.380210978585,-0.00206472969248001,-0.00308369453796987,0.000185038012159332,0.0219376091785006,-4.14215033440755e-05,-0.00430427726102015,-0.00163743494338527,0.0415929682860257
903.603675927636,-0.0020407327384641,-0.00305183524056564,0.000185014145456341,0.0217809109522668,-4.12895757375805e-05,-0.00427365107131908,-0.00161474158997227,0.0413068786649756
909.870301529772,-0.00201696332543956,-0.00302037213251951,0.000184931724458121,0.0216253829419946,-4.11492388343882e-05,-0.00424325177541396,-0.0015923646539501,0.041022749320543
916.18038711053,-0.00199342052558845,-0.00298930002307206,0.000184792818162257,0.0214710159015102,-4.10008277408437e-05,-0.00421307760109065,-0.00157029969262383,0.0407405670269488
922.534234071309,-0.00197010338325287,-0.00295861377745508,0.000184599443947023,0.0213178006549931,-4.08446689293849e-05,-0.00418312678957504,-0.00154854232584707,0.0404603186421125
928.932145903777,-0.00194701091583377,-0.00292830831676897,0.000184353568568302,0.0211657280967498,-4.06810804072776e-05,-0.00415339759548372,-0.00152708823515561,0.0401819911072658
935.374428204358,-0.00192414211467924,-0.00289837861784459,0.000184057109144169,0.0210147891909779,-4.05103718832618e-05,-0.00412388828677311,-0.00150593316291218,0.0399055714465645
941.861388688833,-0.00190149594596181,-0.00286881971309026,0.000183711934127069,0.0208649749715209,-4.03328449320984e-05,-0.00409459714468684,-0.00148507291146232,0.0396310467666985
948.39333720704,-0.00187907135154464,-0.0028396266903241,0.000183319864263561,0.0207162765416121,-4.01487931570086e-05,-0.00406552246370178,-0.00146450334230116,0.0393584042565001
954.970585757668,-0.00185686724983647,-0.00281079469259235,0.000182882673541585,0.0205686850736111,-3.9958502349998e-05,-0.00403666255147242,-0.00144422037525103,0.0390876311865513
961.593448503166,-0.00183488253663506,-0.00278231891797402,0.000182402090125213,0.0204221918087303,-3.97622506500613e-05,-0.00400801572877386,-0.00142421998764986,0.0388187149087889
968.262241784745,-0.00181311608595907,-0.00275419461937221,0.000181879797276875,0.020276788056753,-3.95603086992604e-05,-0.00397958032944348,-0.00140449821355008,0.0385516428561091
974.977284137491,-0.00179156675086807,-0.00272641710429271,0.00018131743426704,0.0201324651957435,-3.93529397966765e-05,-0.00395135470032117,-0.00138505114292807,0.0382864025419701
981.738896305574,-0.00177023336427077,-0.00269898173461021,0.000180716597271334,0.019989214671749,-3.91404000502299e-05,-0.0039233372011883,-0.001365874920904,0.0380229815599938
988.547401257578,-0.0017491147397211,-0.00267188392632244,0.000180078840255104,0.0198470279984943,-3.89229385263703e-05,-0.00389552620470551,-0.00134696574697191,0.0377613675835672
995.403124201917,-0.00172820967220226,-0.0026451191492929,0.000179405675845431,0.0197058967570682,-3.87007973976355e-05,-0.0038679200963492,-0.00132831987423996,0.0375015483654413
1002.30639260238,-0.0017075169388985,-0.00261868292698239,0.000178698576190601,0.0195658125956036,-3.84742120880816e-05,-0.00384051727434699,-0.0013099336086807,0.0372435117373307
1009.25753619375,-0.0016870352999546,-0.0025925708361698,0.000177958973807047,0.0194267672289503,-3.82434114165855e-05,-0.00381331614961199,-0.00129180330839136,0.0369872456095112
1016.2568869976,-0.00166676349922291,-0.00256677850666262,0.000177188262413794,0.0192887524383416,-3.80086177380251e-05,-0.00378631514567604,-0.00127392538286381,0.0367327379704174
1023.30477933808,-0.00164670026499809,-0.00254130162099759,0.000176387797754434,0.0191517600710542,-3.77700470823405e-05,-0.00375951269862202,-0.0012562962922644,0.0364799768862395
1030.40154985798,-0.00162684431073919,-0.00251613591413167,0.000175558898406662,0.0190157820400625,-3.75279092914818e-05,-0.00373290725701505,-0.00123891254672333,0.0362289505005192
1037.5475375347,-0.0016071943357793,-0.00249127717312412,0.000174702846579412,0.0188808103236867,-3.72824081542518e-05,-0.00370649728183295,-0.0012217707056335,0.0359796470337456
1044.74308369654,-0.0015877490260226,-0.00246672123680965,0.000173820888897654,0.0187468369652356,-3.70337415390479e-05,-0.0036802812463957,-0.00120486737695878,0.0357320547829503
1051.98853203895,-0.00156850705462887,-0.0024424639954633,0.00017291423717488,0.0186138540726447,-3.6782101524515e-05,-0.00365425763629412,-0.00118819921655161,0.0354861621213027
1059.28422864097,-0.00154946708268533,-0.00241850139045735,0.00017198406917335,0.0184818538181079,-3.65276745281152e-05,-0.00362842494931777,-0.00117176292747966,0.035241957497704
1066.63052198171,-0.00153062775986601,-0.00239482941391065,0.000171031529352163,0.0183508284377063,-3.62706414326285e-05,-0.00360278169538209,-0.00115555525936174,0.0349994294363823
1074.02776295709,-0.00151198772507836,-0.00237144410833057,0.000170057729603197,0.0182207702310309,-3.60111777105907e-05,-0.00357732639645486,-0.00113957300771245,0.0347585665364867
1081.4763048965,-0.00149354560709752,-0.00234834156624829,0.000169063749975013,0.0180916715608021,-3.57494535466836e-05,-0.003552057586482,-0.00112381301329596,0.0345193574716816
1088.97650357974,-0.00147530002518782,-0.00232551792984734,0.000168050639384777,0.0179635248524845,-3.54856339580879e-05,-0.00352697381131268,-0.00110827216148828,0.0342817909897407
1096.52871725401,-0.00145724958971199,-0.00230296939058612,0.00016701941631829,0.0178363225938985,-3.52198789128139e-05,-0.00350207362862401,-0.00109294738164843,0.034045855912142
1104.13330665098,-0.00143939290272771,-0.00228069218881446,0.000165971069518198,0.0177100573348276,-3.49523434460201e-05,-0.00347735560784497,-0.001077835646498,0.0338115411336616
1111.79063500406,-0.00142172855857189,-0.00225868261338478,0.000164906558660481,0.0175847216866234,-3.46831777743383e-05,-0.00345281833008003,-0.00106293397150924,0.0335788356219688
1119.50106806575,-0.00140425514443251,-0.00223693700125796,0.00016382681501929,0.0174603083218062,-3.44125274082167e-05,-0.00342846038803219,-0.00104823941430148,0.0333477284172207
1127.26497412507,-0.00138697124090819,-0.00221545173710442,0.000162732742120245,0.0173368099736641,-3.41405332622995e-05,-0.00340428038592561,-0.00103374907404581,0.0331182086316578
1135.0827240252,-0.00136987542255553,-0.00219422325290062,0.000161625216382273,0.017214219435848,-3.38673317638551e-05,-0.00338027693942787,-0.00101946009087793,0.032890265449199
1142.95469118117,-0.00135296625842427,-0.00217324802752133,0.000160505087748094,0.017092529561965,-3.35930549592748e-05,-0.00335644867557184,-0.00100536964531902,0.0326638881250382
1150.8812515977,-0.00133624231258042,-0.00215252258632792,0.00015937318030345,0.0169717332651694,-3.33178306186536e-05,-0.00333279423267721,-0.000991474957704591,0.0324390659852402
1158.86278388715,-0.00131970214461738,-0.00213204350075309,0.000158230292885188,0.0168518235177515,-3.30417823384748e-05,-0.0033093122602718,-0.000977773287621213,0.0322157884263384
1166.89966928762,-0.00130334431015513,-0.00211180738788214,0.000157077199678288,0.0167327933507241,-3.27650296424144e-05,-0.00328600141901245,-0.000964261933350953,0.0319940449149311
1174.99229168114,-0.00128716736132771,-0.00209181091003122,0.00015591465080197,0.016614635853408,-3.2487688080284e-05,-0.0032628603806059,-0.000950938231323555,0.0317738249872811
1183.14103761204,-0.00127116984725889,-0.00207205077432273,0.000154743372884961,0.0164973441730153,-3.2209869325131e-05,-0.00323988782772923,-0.000937799555576117,0.0315551182489133
1191.34629630538,-0.00125535031452634,-0.00205252373225825,0.00015356406963006,0.0163809115142319,-3.1931681268516e-05,-0.00321708245395034,-0.000924843317220319,0.0313379143742151
1199.60845968555,-0.00123970730761427,-0.00203322657928908,0.000152377422368095,0.0162653311387981,-3.16532281139847e-05,-0.0031944429636481,-0.000912066963916972,0.0311222031060358
1207.92792239501,-0.00122423936935474,-0.00201415615438484,0.000151184090601408,0.0161505963650892,-3.13746104687579e-05,-0.00317196807193256,-0.00089946797935792,0.0309079742552888
1216.3050818131,-0.00120894504135766,-0.00199530933960027,0.000149984712536971,0.0160367005676938,-3.10959254336547e-05,-0.00314965650456493,-0.000887043882755087,0.030695217700552
1224.74033807505,-0.00119382286442975,-0.00197668305964047,0.000148779905609255,0.0159236371769932,-3.0817266691274e-05,-0.0031275069978776,-0.000874792228336695,0.0304839233876721
1233.23409409112,-0.00117887137898238,-0.00195827428142479,0.000147570266992983,0.0158113996787382,-3.05387245924516e-05,-0.00310551829869401,-0.000862710604850433,0.0302740813293671
1241.78675556577,-0.00116408912542871,-0.00194008001364977,0.000146356374105875,0.0156999816136274,-3.02603862410151e-05,-0.00308368916424872,-0.000850796635073633,0.0300656816048317
1250.39873101711,-0.00114947464456986,-0.00192209730635103,0.000145138785101518,0.015589376576884,-2.99823355768569e-05,-0.0030620183621072,-0.000839047975330214,0.0298587143593426
1259.07043179635,-0.0011350264779707,-0.00190432325046468,0.000143918039352478,0.0154795782178328,-2.9704653457348e-05,-0.00304050467008596,-0.000827462315014449,0.0296531698038651
1267.80227210752,-0.00112074316832499,-0.0018867549773882,0.00014269465792379,0.0153705802394776,-2.94274177371108e-05,-0.00301914687617252,-0.000816037376121345,0.0294490382146611
1276.5946690272,-0.00110662325981023,-0.00186938965854106,0.000141469144036937,0.0152623763980782,-2.91507033461758e-05,-0.00299794377844555,-0.000804770912783631,0.0292463099328976
1285.44804252445,-0.00109266529843244,-0.00185222450492535,0.000140241983524453,0.0151549605027281,-2.8874582366542e-05,-0.00297689418499517,-0.000793660710815254,0.029044975364257
1294.36281548089,-0.00107886783236064,-0.00183525676668652,0.000139013645275283,0.0150483264149323,-2.85991241071617e-05,-0.00295599691384328,-0.000782704587261244,0.0288450249785478
1303.33941371088,-0.00106522941225166,-0.00181848373267445,0.000137784581671011,0.0149424680481858,-2.83243951773741e-05,-0.00293525079286409,-0.000771900389953966,0.0286464493093173
1312.37826598188,-0.00105174859156503,-0.00180190273000498,0.000136555229013095,0.0148373793675529,-2.80504595588064e-05,-0.00291465465970478,-0.00076124599707555,0.0284492389534648
1321.47980403488,-0.00103842392686833,-0.0017855111236222,0.00013532600794124,0.0147330543892468,-2.77773786757675e-05,-0.00289420736170642,-0.000750739316726555,0.0282533845708565
1330.6444626051,-0.00102525397813299,-0.00176930631586142,0.000134097323843026,0.0146294871802102,-2.75052114641523e-05,-0.00287390775582503,-0.000740378286500647,0.0280588768839415
1339.87267944269,-0.00101223730902084,-0.00175328574601331,0.000132869567254926,0.0145266718576977,-2.72340144388826e-05,-0.00285375470855288,-0.000730160873065335,0.0278657066773692
1349.16489533366,-0.000999372487161472,-0.00173744688988903,0.000131643114254842,0.0144246025888577,-2.6963841759903e-05,-0.00283374709583998,-0.000720085071748586,0.027673864797608
1358.52155412096,-0.000986658084420526,-0.00172178725938671,0.000130418326846286,0.0143232735903171,-2.66947452967558e-05,-0.00281388380301599,-0.000710148906131318,0.0274833421525651
1367.94310272563,-0.000974092677159139,-0.00170630440205939,0.000129195553334332,0.0142226791277658,-2.64267746917556e-05,-0.00279416372471216,-0.00070035042764562,0.0272941297112079
1377.42999116818,-0.000961674846484682,-0.00169099590068446,0.000127975128693469,0.0141228135155438,-2.61599774217864e-05,-0.00277458576478377,-0.000690687715178708,0.0271062185031873
1386.98267259009,-0.000949403178492869,-0.00167585937283484,0.000126757374927481,0.0140236711162291,-2.58943988587413e-05,-0.00275514883623272,-0.000681158874682437,0.0269195996184609
1396.60160327544,-0.000937276264501512,-0.00166089247045196,0.00012554260142148,0.0139252463402271,-2.56300823286286e-05,-0.00273585186113057,-0.000671762038788404,0.0267342642069199
1406.2872426727,-0.000925292701275929,-0.00164609287942069,0.00012433110528622,0.0138275336453615,-2.53670691693634e-05,-0.00271669377054175,-0.000662495366428465,0.026550203478015
1416.04005341668,-0.0009134510912463,-0.00163145831914631,0.000123123171694822,0.0137305275364676,-2.51053987872692e-05,-0.00269767350444728,-0.000653357042460677,0.0263674087003858
1425.86050135065,-0.000901750042716986,-0.00161698654213366,0.000121919074212015,0.0136342225649867,-2.48451087123067e-05,-0.00267879001166867,-0.000644345277300527,0.0261858712014902
1435.74905554856,-0.000890188170068091,-0.00160267533356858,0.000120719075116051,0.0135386133285623,-2.45862346520566e-05,-0.00266004224979238,-0.000635458306557426,0.0260055823672367
1445.70618833745,-0.000878764093949285,-0.00158852251090164,0.000119523425713382,0.0134436944706384,-2.43288105444717e-05,-0.00264142918509445,-0.000626694390676349,0.025826533641617
1455.73237532004,-0.000867476441466169,-0.00157452592343445,0.000118332366646257,0.0133494606800601,-2.40728686094237e-05,-0.00262294979246568,-0.000618051814584607,0.0256487165263409
1465.8280953974,-0.00085632384635921,-0.00156068345190842,0.00011714612819332,0.0132559066906752,-2.38184393990634e-05,-0.00260460305533711,-0.000609528887343612,0.0254721225804721
1475.99383079187,-0.000845304949175494,-0.00154699300809625,0.000115964930563379,0.0131630272809393,-2.35655518470158e-05,-0.00258638796560598,-0.000601123941805646,0.0252967434200668
1486.23006707006,-0.000834418397433359,-0.00153345253439605,0.000114788984182419,0.0130708172735217,-2.331423331643e-05,-0.00256830352356199,-0.000592835334275475,0.025122570717812
1496.53729316606,-0.000823662845780137,-0.00152006000342837,0.000113618489974014,0.0129792715349141,-2.30645096469058e-05,-0.00255034873781415,-0.000584661444176842,0.0249495962026677
1506.9160014048,-0.00081303695614306,-0.00150681341763605,0.000112453639633235,0.0128883849750417,-2.28164052003145e-05,-0.00253252262521791,-0.00057660067372367,0.0247778116595083
1517.36668752555,-0.00080253939787357,-0.00149371080888698,0.00011129461589418,0.0127981525468764,-2.25699429055378e-05,-0.00251482421080281,-0.000568651447595996,0.0246072089287677
1527.88985070559,-0.000792168847885081,-0.00148075023807996,0.000110141592791245,0.012708569246052,-2.23251443021405e-05,-0.00249725252770056,-0.000560812212620509,0.0244377799060847
1538.4859935841,-0.000781923990784424,-0.00146792979475357,0.000108994735914243,0.0126196301104822,-2.20820295830005e-05,-0.00247980661707359,-0.000553081437455671,0.0242695165419506
1549.15562228612,-0.000771803518997026,-0.00145524759669819,0.000107854202657488,0.0125313302199808,-2.18406176359124e-05,-0.00246248552804399,-0.000545457612281317,0.0241024108413586
1559.89924644673,-0.000761806132886062,-0.00144270178957122,0.000106720142462968,0.0124436646958849,-2.16009260841865e-05,-0.00244528831762304,-0.000537939248492722,0.0239364548634542
1570.71737923542,-0.000751930540865608,-0.00143029054651552,0.000105592697057691,0.0123566287006792,-2.13629713262607e-05,-0.0024282140506411,-0.000530524878399011,0.023771640721188
1581.61053738059,-0.000742175459508038,-0.00141801206778115,0.000104472000685354,0.0122702174376245,-2.11267685743453e-05,-0.00241126179967805,-0.000523213054925918,0.02360796058097
1592.57924119422,-0.000732539613645708,-0.00140586458035042,0.000103358180332401,0.0121844261503877,-2.0892331892118e-05,-0.00239443064499416,-0.000516002351322766,0.023445406662325
1603.62401459674,-0.000723021736467138,-0.00139384633756637,0.00010225135594862,0.0120992501226744,-2.06596742314895e-05,-0.00237771967446148,-0.000508891360873675,0.0232839712375507
1614.74538514202,-0.000713620569607752,-0.00138195561876455,0.000101151640662351,0.0120146846778649,-2.04288074684557e-05,-0.00236112798349572,-0.000501878696612875,0.0231236466313766
1625.94388404263,-0.000704334863235381,-0.00137019072890837,0.000100059140990428,0.0119307251786518,-2.01997424380569e-05,-0.00234465467498864,-0.000494962991044122,0.0229644252206253
1637.22004619516,-0.000695163376130581,-0.00135854999822784,9.89739570429634e-05,0.0118473670266806,-1.99724889684596e-05,-0.00232829885924086,-0.000488142895864116,0.022806299433875
1648.57441020578,-0.000686104875761968,-0.00134703178186185,9.78961827230594e-05,0.0117646056621938,-1.97470559141806e-05,-0.00231205965389531,-0.000481417081689901,0.0226492617511238
1660.00751841599,-0.00067715813835662,-0.00133563445950393,9.68259059215672e-05,0.0116824365636762,-1.95234511884683e-05,-0.00229593618387104,-0.000474784237790144,0.0224933047034564
1671.51991692849,-0.000668321948965751,-0.0013243564350517,9.57632087069828e-05,0.0116008552475042,-1.93016817948612e-05,-0.00227992758129765,-0.000468243071820308,0.0223384208727114
1683.11215563331,-0.000659595101525696,-0.0013131961362597,9.47081675105804e-05,0.0115198572675972,-1.90817538579376e-05,-0.00226403298545015,-0.000461792309561577,0.0221846028911511
1694.78478823403,-0.000650976398914407,-0.00130215201439598,9.36608533068845e-05,0.0114394382150715,-1.88636726532762e-05,-0.00224825154268441,-0.000455430694663565,0.0220318434411331
1706.53837227424,-0.000642464653003499,-0.00129122254390222,9.26213317895702e-05,0.0113595937178978,-1.86474426366405e-05,-0.00223258240637302,-0.000449156988390683,0.0218801352547829
1718.37346916419,-0.00063405868470605,-0.00128040622205748,9.15896635428961e-05,0.0112803194405609,-1.8433067472407e-05,-0.00221702473684182,-0.000442969969372173,0.0217294711136694
1730.2906442076,-0.000625757324020178,-0.00126970156864559,9.05659042087505e-05,0.0112016110837218,-1.82205500612499e-05,-0.00220157770130674,-0.000436868433355701,0.0215798438484809
1742.29046662864,-0.000617559410068594,-0.00125910712562619,8.9550104649417e-05,0.0111234643838834,-1.80098925671002e-05,-0.00218624047381138,-0.000430851192964514,0.0214312463387036
1754.37350959913,-0.000609463791134176,-0.00124862145680943,8.85423111061372e-05,0.0110458751130585,-1.78010964433937e-05,-0.00217101223516492,-0.000424917077458056,0.0212836715123019
1766.54035026596,-0.000601469324691709,-0.00123824314753427,8.7542565353569e-05,0.0109688390784406,-1.7594162458623e-05,-0.00215589217288068,-0.00041906493249603,0.0211371123453999
1778.79156977856,-0.000593574877435908,-0.00122797080435052,8.65509048502254e-05,0.0108923521220778,-1.73890907212101e-05,-0.00214087948111514,-0.000413293619905861,0.0209915618619652
1791.12775331676,-0.000585779325305779,-0.00121780305470445,8.55673628849773e-05,0.0108164101205488,-1.71858807037114e-05,-0.00212597336060744,-0.000407602017453463,0.020847013133494
1803.54949011869,-0.000578081553505495,-0.00120773854662815,8.45919687197103e-05,0.0107410089846428,-1.69845312663734e-05,-0.00211117301861954,-0.000401989018617331,0.0207034592786986
1816.05737350894,-0.000570480456521814,-0.00119777594843245,8.36247477282169e-05,0.010666144659041,-1.67850406800497e-05,-0.00209647766887671,-0.00039645353236585,0.0205608934631957
1828.65200092687,-0.000562974938138215,-0.00118791394840359,8.26657215314067e-05,0.0105918131220018,-1.6587406648497e-05,-0.00208188653150872,-0.000390994482937819,0.0204193088991972
1841.33397395519,-0.000555563911445775,-0.0011781512545034,8.17149081289144e-05,0.0105180103850481,-1.639162633006e-05,-0.00206739883299139,-0.000385610809626108,0.0202786988452026
1854.10389834867,-0.00054824629885096,-0.00116848659407328,8.07723220271907e-05,0.0104447324926583,-1.61976963587633e-05,-0.0020530138060888,-0.000380301466564437,0.0201390566056929
1866.9623840631,-0.000541021032080353,-0.00115891871354167,7.98379743641445e-05,0.010371975521959,-1.60056128648191e-05,-0.00203873068979588,-0.000375065422517203,0.0200003755308265
1879.91004528435,-0.000533887052182479,-0.00114944637813523,7.89118730304264e-05,0.0102997355824211,-1.58153714945683e-05,-0.00202454872928165,-0.000369901660672331,0.0198626490161368
1892.94750045783,-0.000526843309526758,-0.00114006837159353,7.79940227874161e-05,0.0102280088155589,-1.56269674298636e-05,-0.00201046717583282,-0.000364809178437093,0.0197258705022313
1906.0753723179,-0.000519888763799734,-0.00113078349588746,7.70844253819995e-05,0.0101567913946312,-1.54403954069116e-05,-0.00199648528679808,-0.000359786987236861,0.0195900334744927
1919.29428791772,-0.000513022383998611,-0.00112159057094109,7.61830796581988e-05,0.0100860795243459,-1.5255649734582e-05,-0.00198260232553273,-0.000354834112316747,0.0194551314627817
1932.60487865912,-0.000506243148422244,-0.00111248843435717,7.5289981665737e-05,0.0100158694405672,-1.50727243122011e-05,-0.00196881756134397,-0.00034994959254609,0.0193211580411418
1946.00778032282,-0.0004995500446596,-0.00110347594114615,7.44051247655978e-05,0.00994615741002478,-1.48916126468361e-05,-0.00195513026943654,-0.000345132480225743,0.0191881068275046
1959.50363309877,-0.00049294206957585,-0.00109455196345872,7.3528499732659e-05,0.00987693973002708,-1.47123078700873e-05,-0.00194153973085899,-0.000340381840898135,0.0190559714833988
1973.09308161673,-0.000486418229296093,-0.0010857153903219,7.26600948554583e-05,0.00980821272817602,-1.45348027543961e-05,-0.00192804523245043,-0.00033569675316005,0.0189247457136592
1986.77677497706,-0.000479977539186867,-0.00107696512737853,7.17998960331691e-05,0.00973997276208526,-1.43590897288817e-05,-0.00191464606678772,-0.000331076308478093,0.0187944232661386
2000.55536678172,-0.000473619023835461,-0.00106830009663033,7.09478868698395e-05,0.00967221621910067,-1.41851608947178e-05,-0.00190134153213321,-0.000326519611006803,0.0186649979314202
2014.42951516552,-0.000467341717027158,-0.00105971923618435,7.01040487659704e-05,0.00960493951602386,-1.40130080400599e-05,-0.00188813093238297,-0.00032202577740938,0.018536463542533
2028.39988282751,-0.000461144661720436,-0.00105122150000285,6.92683610074863e-05,0.00953813909883798,-1.38426226545335e-05,-0.00187501357701548,-0.00031759393668097,0.0184088139746681
2042.46713706267,-0.000455026910020246,-0.00104280585765658,6.84408008521672e-05,0.00947181144243663,-1.36739959432948e-05,-0.0018619887810409,-0.000313223229974499,0.0182820431448972
2056.63194979376,-0.00044898752314939,-0.00103447129408143,6.76213436135985e-05,0.00940595305035496,-1.35071188406736e-05,-0.00184905586495065,-0.000308912810428989,0.0181561450118918
2070.89499760343,-0.000443025571418124,-0.00102621680933848,6.68099627427005e-05,0.00934056045450381,-1.33419820234088e-05,-0.00183621415466772,-0.000304661843000348,0.0180311135756456
2085.25696176653,-0.000437140134191995,-0.00101804141837727,6.60066299068935e-05,0.00927563021490609,-1.31785759234856e-05,-0.0018234629814972,-0.000300469504294574,0.0179069428771976
2099.71852828265,-0.000431330299858039,-0.00100994415080251,6.52113150669587e-05,0.00921115891943611,-1.30168907405859e-05,-0.00181080168207751,-0.000296334982403357,0.0177836269983566
2114.2803879089,-0.000425595165789343,-0.00100192405064394,6.44239865516476e-05,0.00914714318356115,-1.28569164541592e-05,-0.00179822959833197,-0.00029225747674203,0.0176611600614286
2128.94323619287,-0.000419933838308098,-0.000993980176129495,6.36446111300986e-05,0.00908357965008593,-1.26986428351262e-05,-0.00178574607742089,-0.000288236197889847,0.0175395362289444
2143.7077735059,-0.000414345432647147,-0.000986111599461694,6.28731540821088e-05,0.00902046498889929,-1.25420594572206e-05,-0.00177335047169413,-0.000284270367432541,0.0174187497033902
2158.57470507649,-0.000408829072910141,-0.000978317406597193,6.21095792663229e-05,0.00895779589672372,-1.23871557079823e-05,-0.0017610421386441,-0.000280359217807146,0.0172987947269391
2173.54474102402,-0.000403383892030311,-0.000970596697029504,6.13538491863784e-05,0.00889556909686713,-1.22339207994064e-05,-0.00174882044085926,-0.000276501992149031,0.0171796655811839
2188.61859639264,-0.000398009031727969,-0.000962948583574872,6.06059250550712e-05,0.00883378133897735,-1.20823437782609e-05,-0.00173668474597808,-0.00027269794414113,0.017061356586873
2203.79699118545,-0.000392703642466734,-0.000955372192161216,5.98657668565791e-05,0.00877242939879888,-1.19324135360781e-05,-0.00172463442664337,-0.000268946337865324,0.0169438621036461
2219.08065039887,-0.000387466883408601,-0.000947866661620183,5.91333334068011e-05,0.00871151007793232,-1.17841188188302e-05,-0.0017126688604572,-0.000265246447655957,0.0168271765297731
2234.47030405729,-0.000382297922367848,-0.000940431143482211,5.84085824118522e-05,0.00865102020359601,-1.16374482362953e-05,-0.00170078742993615,-0.000261597557955435,0.0167112943018935
2249.9666872479,-0.000377195935763882,-0.000933064801774633,5.76914705247674e-05,0.00859095662839035,-1.14923902711241e-05,-0.00168898952246709,-0.000257998963171909,0.0165962098947582
2265.57054015586,-0.000372160108573041,-0.000925766812822743,5.69819534004538e-05,0.00853131623006423,-1.13489332876127e-05,-0.00167727453026334,-0.000254449967538967,0.0164819178209726
2281.28260809959,-0.00036718963427942,-0.000918536365053832,5.62799857489403e-05,0.00847209591128414,-1.12070655401904e-05,-0.00166564185032128,-0.00025094988497736,0.0163684126307412
2297.10364156645,-0.000362283714824759,-0.000911372658804125,5.55855213869657e-05,0.00841329259940535,-1.10667751816294e-05,-0.00165409088437745,-0.00024749803895868,0.0162556889116138
2313.0343962485,-0.000357441560557455,-0.000904274906128631,5.4898513287949e-05,0.00835490324624572,-1.09280502709846e-05,-0.00164262103886601,-0.000244093762371,0.016143741288234
2329.07563307866,-0.000352662390180722,-0.000897242330613826,5.42189136303822e-05,0.00829692482786155,-1.07908787812687e-05,-0.00163123172487665,-0.000240736397386429,0.0160325644220878
2345.22811826701,-0.000347945430699966,-0.000890274167193191,5.35466738446889e-05,0.008239354344326,-1.06552486068715e-05,-0.00161992235811295,-0.00023742529533056,0.0159221530112557
2361.49262333744,-0.000343289917369398,-0.000883369661965515,5.28817446585858e-05,0.00818218881950953,-1.05211475707292e-05,-0.00160869235885112,-0.000234159816553775,0.0158125017901648
2377.86992516445,-0.000338695093637953,-0.000876528072015995,5.22240761409881e-05,0.00812542530086287,-1.03885634312504e-05,-0.00159754115189919,-0.0002309393303044,0.015703605529343
2394.36080601029,-0.000334160211094521,-0.000869748665240036,5.15736177444954e-05,0.008069060859202,-1.02574838890053e-05,-0.00158646816655661,-0.000227763214603657,0.0155954590351753
2410.96605356231,-0.00032968452941257,-0.000863030720169781,5.09303183464975e-05,0.00801309258849551,-1.0127896593185e-05,-0.0015754728365742,-0.000224630856122408,0.0154880571496605
2427.6864609706,-0.000325267316294162,-0.000856373525803282,5.02941262889335e-05,0.00795751760565404,-9.9997891478363e-06,-0.0015645546001146,-0.000221541650059654,0.0153813947501709
2444.52282688584,-0.000320907847413435,-0.000849776381436338,4.96649894167435e-05,0.00790233305032204,-9.87314911787809e-06,-0.00155371289971306,-0.000218495000022772,0.015275466749212
2461.4759554975,-0.000316605406359551,-0.000843238596496908,4.90428551150438e-05,0.00784753608467153,-9.74796403490621e-06,-0.00154294718223863,-0.000215490317909447,0.0151702680941851
2478.54665657221,-0.000312359284579183,-0.000836759490382115,4.84276703450629e-05,0.00779312389319814,-9.62422140279148e-06,-0.00153225689885575,-0.000212527023791298,0.0150657937671505
2495.73574549243,-0.00030816878131855,-0.000830338392297803,4.78193816788709e-05,0.0077390936825192,-9.50190870307719e-06,-0.00152164150498628,-0.000209604545799163,0.0149620387845927
2513.04404329547,-0.000304033203565039,-0.000823974641100568,4.72179353329318e-05,0.00768544268117391,-9.38101340018109e-06,-0.00151110046027181,-0.000206722320010006,0.0148589981971869
2530.47237671259,-0.000299951865988455,-0.000817667585142314,4.66232772005152e-05,0.00763216813942571,-9.26152294640791e-06,-0.00150063322853645,-0.00020387979033545,0.014756667089567
2548.02157820863,-0.000295924090881918,-0.000811416582117211,4.60353528829949e-05,0.00757926732906644,-9.14342478677685e-06,-0.00149023927774995,-0.000201076408411883,0.0146550405800953
2565.69248602162,-0.000291949208102457,-0.00080522099891111,4.54541077200661e-05,0.00752673754322295,-9.02670636367026e-06,-0.00147991807999123,-0.00019831163349214,0.0145541138206336
2583.48594420295,-0.000288026555011298,-0.000799080211453307,4.48794868189099e-05,0.00747457609616528,-8.91135512130707e-06,-0.00146966911141224,-0.000195584932338715,0.0144538819963155
2601.4028026576,-0.000284155476413921,-0.000792993604570693,4.43114350823356e-05,0.0074227803231172,-8.7973585100476e-06,-0.00145949185220218,-0.000192895779118506,0.0143543403253206
2619.4439171848,-0.000280335324499864,-0.000786960571844197,4.3749897235927e-05,0.00737134758006845,-8.68470399053284e-06,-0.00144938578655219,-0.000190243655299041,0.01425548405865
2637.61014951883,-0.000276565458782346,-0.00078098051546755,4.31948178542219e-05,0.00732027524358922,-8.57337903766435e-06,-0.00143935040262024,-0.000187628049546192,0.0141573084799033
2655.90236737027,-0.000272845246037695,-0.000775052846108279,4.26461413859504e-05,0.00726956071064623,-8.46337114442809e-06,-0.00142938519249649,-0.000185048457623337,0.0140598089050566
2674.32144446737,-0.000269174060244652,-0.000769176982770964,4.21038121783594e-05,0.00721920139842106,-8.35466782556766e-06,-0.00141948965216899,-0.000182504382291959,0.0139629806822429
2692.86826059784,-0.000265551282523516,-0.000763352352662664,4.15677745006474e-05,0.00716919474413009,-8.24725662111032e-06,-0.00140966328148969,-0.000179995333213647,0.013866819191533
2711.54370165082,-0.000261976301075226,-0.000757578391060548,4.10379725665369e-05,0.00711953820484658,-8.14112509975117e-06,-0.00139990558414082,-0.000177520826853508,0.0137713198447183
2730.34865965925,-0.000258448511120331,-0.000751854541181624,4.05143505560056e-05,0.00707022925732436,-8.03626086209826e-06,-0.00139021606760159,-0.000175080386384927,0.0136764780850952
2749.28403284242,-0.000254967314837928,-0.000746180254054624,3.99968526362042e-05,0.00702126539782354,-7.93265154378406e-06,-0.0013805942431153,-0.000172673541595699,0.0135822893872501
2768.35072564895,-0.000251532121304551,-0.000740554988393932,3.94854229815793e-05,0.0069726441419379,-7.83028481844592e-06,-0.00137103962565666,-0.000170299828795477,0.0134887492568468
2787.54964879989,-0.000248142346433057,-0.000734978210475588,3.89800057932288e-05,0.00692436302442428,-7.72914840058048e-06,-0.00136155173389959,-0.000167958790724551,0.0133958532304149
2806.88171933232,-0.000244797412911509,-0.0007294493940153,3.84805453175079e-05,0.0068764195990334,-7.62923004827487e-06,-0.00135213009018521,-0.000165649976463899,0.0133035968751391
2826.34786064308,-0.000241496750142097,-0.000723968020048467,3.79869858639103e-05,0.00682881143834288,-7.53051756581906e-06,-0.00134277422049023,-0.000163372941346534,0.0132119757886508
2845.94900253294,-0.000238239794180089,-0.000718533576812138,3.74992718222434e-05,0.00678153613359159,-7.43299880620222e-06,-0.00133348365439568,-0.00016112724687009,0.0131209855988203
2865.68608125093,-0.000235025987672859,-0.000713145559628946,3.70173476791191e-05,0.00673459129451602,-7.33666167349732e-06,-0.00132425792505589,-0.000158912460610665,0.0130306219635508
2885.56003953913,-0.000231854779798985,-0.000707803470792915,3.65411580337803e-05,0.00668797454918814,-7.24149412513647e-06,-0.00131509656916782,-0.000156728156137865,0.0129408805705736
2905.57182667768,-0.000228725626207455,-0.000702506819457172,3.60706476132818e-05,0.00664168354385514,-7.14748417408138e-06,-0.00130599912694073,-0.000154573912931067,0.0128517571372449
2925.72239853012,-0.00022563798895697,-0.000697255121523496,3.56057612870449e-05,0.00659571594278061,-7.05461989089078e-06,-0.00129696514206606,-0.000152449316296859,0.0127632474103433
2946.01271758903,-0.000222591336455397,-0.000692047899533711,3.51464440808058e-05,0.0065500694280876,-6.96288940568942e-06,-0.00128799416168776,-0.000150353957287654,0.0126753471658695
2966.44375302203,-0.000219585143399343,-0.00068688468256285,3.46926411899713e-05,0.00650474169960308,-6.8722809100403e-06,-0.0012790857363728,-0.000148287432621447,0.0125880522088466
2987.01648071805,-0.000216618890713911,-0.000681765006114123,3.42442979924061e-05,0.00645973047470422,-6.78278265872426e-06,-0.00127023942008201,-0.000146249344602723,0.0125013583731222
3007.73188333398,-0.000213692065492604,-0.000676688412015603,3.38013600606623e-05,0.00641503348816611,-6.69438297142899e-06,-0.00126145477014121,-0.000144239301044461,0.0124152615211715
3028.59095034155,-0.00021080416093744,-0.00067165444831865,3.33637731736725e-05,0.00637064849201109,-6.6070702343507e-06,-0.00125273134721272,-0.000142256915191266,0.0123297575439022
3049.59467807464,-0.00020795467629924,-0.000666662669198008,3.29314833279196e-05,0.00632657325535969,-6.52083290171102e-06,-0.00124406871526695,-0.000140301805643566,0.0122448423604597
3070.74406977686,-0.000205143116818148,-0.000661712634853594,3.25044367481023e-05,0.00628280556428303,-6.43565949719202e-06,-0.00123546644155455,-0.000138373596282896,0.0121605119180349
3092.04013564946,-0.000202368993664358,-0.000656803911413903,3.20825798973073e-05,0.00623934322165679,-6.35153861529154e-06,-0.00122692409657856,-0.000136471916198226,0.0120767621916722
3113.48389289956,-0.000199631823879087,-0.000651936070841049,3.16658594867088e-05,0.00619618404701668,-6.26845892260191e-06,-0.00121844125406707,-0.000134596399613338,0.0119935891840793
3135.07636578881,-0.000196931130315778,-0.000647108690837382,3.12542224848046e-05,0.00615332587641535,-6.18640915901386e-06,-0.00121001749094599,-0.000132746685815221,0.0119109889254384
3156.8185856822,-0.000194266441581579,-0.000642321354753685,3.08476161262074e-05,0.00611076656228083,-6.10537813884886e-06,-0.00120165238731222,-0.000130922419083487,0.0118289574732181
3178.71159109747,-0.000191637291979061,-0.0006375736514989,3.04459879200016e-05,0.00606850397327637,-6.0253547519212e-06,-0.00119334552640697,-0.000129123248620769,0.0117474909119869
3200.75642775457,-0.000189043221448232,-0.000632865175451384,3.00492856576821e-05,0.00602653599416177,-5.94632796453317e-06,-0.00118509649458945,-0.000127348828484118,0.0116665853532282
3222.9541486257,-0.000186483775508824,-0.00062819552637165,2.96574574206864e-05,0.00598486052565603,-5.86828682040459e-06,-0.00117690488131072,-0.000125598817517349,0.0115862369351562
3245.30581398558,-0.000183958505202873,-0.000623564309316585,2.92704515875335e-05,0.00594347548430154,-5.7912204415396e-06,-0.00116877027908794,-0.000123872879284359,0.0115064418225327
3267.81249146208,-0.000181466967037599,-0.000618971134555109,2.88882168405816e-05,0.00590237880232951,-5.71511802903215e-06,-0.00116069228347868,-0.00012217068200337,0.011427196206486
3290.47525608724,-0.0001790087229286,-0.00061441561748527,2.85107021724183e-05,0.00586156842752692,-5.6399688638129e-06,-0.0011526704930557,-0.000120491898482111,0.0113484963043305
3313.29519034861,-0.000176583340143348,-0.000609897378552719,2.81378568918921e-05,0.00582104232310463,-5.56576230733886e-06,-0.00114470450938181,-0.000118836206053901,0.0112703383593873
3336.27338424092,-0.000174190391245024,-0.000605416043170596,2.77696306298004e-05,0.00578079846756709,-5.49248780222823e-06,-0.00113679393698507,-0.000117203286514647,0.0111927186408062
3359.41093531822,-0.00017182945403667,-0.000600971241640737,2.7405973344242e-05,0.00574083485458304,-5.42013487284187e-06,-0.0011289383833342,-0.000115592826060714,0.0111156334433895
3382.70894874623,-0.000169500111505681,-0.000596562609076251,2.70468353256472e-05,0.00570114949285789,-5.34869312581372e-06,-0.00112113745881426,-0.000114004515227683,0.0110390790874157
3406.16853735517,-0.00016720195176864,-0.000592189785325382,2.66921672014946e-05,0.00566174040600702,-5.27815225053133e-06,-0.00111339077670251,-0.000112438048829959,0.0109630519184656
3429.7908216929,-0.000164934568016499,-0.000587852414896684,2.63419199407259e-05,0.00562260563243068,-5.20850201956894e-06,-0.0011056979531446,-0.000110893125901242,0.0108875483072489
3453.57693007845,-0.000162697558460109,-0.000583550146885454,2.59960448578685e-05,0.00558374322518991,-5.13973228907399e-06,-0.00109805860713089,-0.000109369449635819,0.0108125646494323
3477.5279986559,-0.000160490526276115,-0.000579282634901424,2.56544936168746e-05,0.00554515125188383,-5.07183299910942e-06,-0.0010904723604731,-0.0001078667273307,0.0107380973654684
3501.64517144866,-0.000158313079553209,-0.000575049536997681,2.5317218234689e-05,0.00550682779452818,-5.00479417395299e-06,-0.00108293883778111,-0.000106384670328554,0.0106641429004259
3525.92960041413,-0.000156164831238748,-0.000570850515600792,2.49841710845507e-05,0.00546877094943492,-4.93860592235502e-06,-0.00107545766644001,-0.000104922993961453,0.0105906977238215
3550.38244549867,-0.000154045399085753,-0.000566685237442134,2.4655304899042e-05,0.0054309788270933,-4.87325843775643e-06,-0.00106802847658744,-0.000103481417495406,0.0105177583294518
3575.00487469309,-0.000151954405600267,-0.00056255337349037,2.43305727728892e-05,0.00539344955205179,-4.80874199846812e-06,-0.00106065090109101,-0.000102059664075667,0.0104453212352274
3599.79806408833,-0.00014989147798911,-0.000558454598885103,2.40099281655271e-05,0.00535618126280151,-4.7450469678136e-06,-0.00105332457552609,-0.000100657460672824,0.0103733829830075
3624.76319793175,-0.000147856248107998,-0.000554388592871642,2.36933249034334e-05,0.00531917211166053,-4.68216379423561e-06,-0.00104604913815371,-9.92745380296327e-05,0.0103019401384357
3649.9014686836,-0.000145848352410068,-0.000550355038736897,2.33807171822422e-05,0.00528242026465961,-4.62008301136872e-06,-0.00103882422989872,-9.79106306086003e-05,0.0102309892907775
3675.21407707406,-0.000143867431894766,-0.000546353623746349,2.30720595686425e-05,0.00524592390142874,-4.55879523807863e-06,-0.00103164949432815,-9.65654765403074e-05,0.0101605270527576
3700.7022321605,-0.000141913132057153,-0.000542384039082124,2.27673070020723e-05,0.00520968121508514,-4.4982911784699e-06,-0.00102452457762976,-9.52388175724544e-05,0.0100905500604001
3726.36715138533,-0.000139985102837579,-0.000538445979782092,2.24664147962126e-05,0.0051736904121221,-4.43856162186291e-06,-0.00101744912859088,-9.39303990196197e-05,0.0100210549728678
3752.21006063407,-0.000138082998571776,-0.000534539144680045,2.21693386402907e-05,0.00513794971229908,-4.37959744274171e-06,-0.00101042279857731,-9.26399697137279e-05,0.00995203847230423
3778.23219429398,-0.000136206477941327,-0.000530663236346856,2.18760346001975e-05,0.00510245734853278,-4.32138960067329e-06,-0.00100344524151253,-9.13672819552065e-05,0.00988349726367591
3804.43479531291,-0.000134355203924549,-0.000526817961032687,2.1586459119429e-05,0.00506721156678938,-4.2639291402001e-06,-0.000996516113857124,-9.01120914648338e-05,0.00981542807461584
3830.81911525882,-0.000132528843747773,-0.000523003028610147,2.13005690198538e-05,0.00503221062597775,-4.2072071907063e-06,-0.000989635074588285,-8.88741573362554e-05,0.00974782765526803
3857.3864143794,-0.000130727068837024,-0.000519218152518454,2.10183215023176e-05,0.00499745279784377,-4.15121496625911e-06,-0.000982801785179636,-8.76532419891725e-05,0.00968069277813324
3884.13796166242,-0.000128949554770104,-0.000515463049708526,2.07396741470879e-05,0.00496293636686561,-4.09594376542621e-06,-0.000976015909581171,-8.64491111231793e-05,0.00961402023791551
3911.07503489621,-0.000127195981229086,-0.000511737440589037,2.04645849141458e-05,0.00492865963015012,-4.04138497107022e-06,-0.000969277114199425,-8.52615336722544e-05,0.00954780685137002
3938.19892073078,-0.000125466031953208,-0.000508041048973372,2.01930121433308e-05,0.0048946208973301,-3.98753005012102e-06,-0.000962585067877797,-8.40902817598821e-05,0.00948204945715168
3965.51091473924,-0.00012375939469217,-0.000504373602027511,1.99249145543448e-05,0.00486081849046275,-3.93437055332729e-06,-0.000955939441877099,-8.29351306548085e-05,0.00941674491566504
3993.0123214797,-0.000122075761159848,-0.00050073483021879,1.96602512466186e-05,0.00482725074392889,-3.88189811498745e-06,-0.000949339909856246,-8.1795858727412e-05,0.00935189010891493
4020.70445455755,-0.000120414826988406,-0.000497124467265545,1.939898169905e-05,0.00479391600433335,-3.83010445266182e-06,-0.00094278614785317,-8.06722474066885e-05,0.00928748194035841
4048.58863668828,-0.000118776291682816,-0.000493542250087617,1.91410657696137e-05,0.00476081263040611,-3.77898136686582e-06,-0.000936277834265871,-7.9564081137834e-05,0.00922351733475744
4076.66619976054,-0.000117159858575793,-0.000489987918757711,1.88864636948537e-05,0.00472793899290467,-3.72852074074603e-06,-0.000929814649833689,-7.84711473404259e-05,0.00915999323803278
4104.93848489989,-0.000115565234783127,-0.000486461216453568,1.86351360892577e-05,0.00469529347451702,-3.67871453973903e-06,-0.000923396277618711,-7.73932363671836e-05,0.00909690661711871
4133.40684253274,-0.00011399213115943,-0.000482961889410983,1.8387043944522e-05,0.00466287446976587,-3.62955481121447e-06,-0.000917022402987382,-7.6330141463311e-05,0.00903425445981891
4162.07263245095,-0.000112440262254287,-0.000479489686877597,1.81421486287091e-05,0.0046306803849135,-3.58103368410266e-06,-0.000910692713592265,-7.52816587264026e-05,0.00897203377466311
4190.93722387671,-0.000110909346268809,-0.000476044361067508,1.79004118853049e-05,0.0045987096378678,-3.53314336850778e-06,-0.000904406899353997,-7.42475870669145e-05,0.00891024159076496
4220.00199552799,-0.000109399105012601,-0.000472625667116632,1.76617958321763e-05,0.00456696065808892,-3.48587615530694e-06,-0.000898164652443373,-7.32277281691833e-05,0.00884887495768055
4249.26833568435,-0.000107909263861128,-0.000469233363038848,1.74262629604373e-05,0.00453543188649704,-3.43922441573642e-06,-0.000891965667263644,-7.22218864529947e-05,0.00878793094526831
4278.73764225332,-0.000106439551713486,-0.000465867209682878,1.71937761332247e-05,0.00450412177538089,-3.39318060096499e-06,-0.000885809640432933,-7.12298690356829e-05,0.00872740664354939
4308.41132283705,-0.00010498970095058,-0.000462526970689915,1.69642985843885e-05,0.00447302878830717,-3.34773724165572e-06,-0.000879696270766852,-7.02514856947662e-05,0.00866729916256945
4338.2907947997,-0.000103559447393699,-0.000459212412451964,1.67377939171007e-05,0.0044421514000308,-3.30288694751618e-06,-0.000873625259261243,-6.92865488310972e-05,0.00860760563226099
4368.37748533501,-0.0001021485302635,-0.000455923304070903,1.65142261023867e-05,0.00441148809640607,-3.2586224068383e-06,-0.000867596309075114,-6.83348734325341e-05,0.00854832320230692
4398.67283153455,-0.00010075669213938,-0.000452659417318234,1.62935594775808e-05,0.00438103737429853,-3.21493638602782e-06,-0.000861609125513694,-6.73962770381132e-05,0.00848944904200485
4429.17828045629,-9.93836789192642e-05,-0.000449420526595532,1.60757587447129e-05,0.00435079774149785,-3.17182172912447e-06,-0.00085566341601168,-6.64705797027267e-05,0.00843098034013251
4459.89528919383,-9.80292397797702e-05,-0.000446206408895555,1.58607889688257e-05,0.0043207677166313,-3.12927135731301e-06,-0.000849758890116603,-6.55576039622884e-05,0.00837291430481379
4490.82532494586,-9.6693127136789e-05,-0.000443016843764032,1.56486155762287e-05,0.00429094582907826,-3.08727826842591e-06,-0.000843895259472376,-6.46571747993894e-05,0.00831524816338606
4521.96986508636,-9.53750966064443e-05,-0.000439851613262083,1.54392043526902e-05,0.00426133061888531,-3.04583553643794e-06,-0.000838072237802958,-6.37691196094299e-05,0.00825797916226806
4553.33039723509,-9.40749069664557e-05,-0.000436710501929299,1.52325214415722e-05,0.00423192063668228,-3.00493631095352e-06,-0.000832289540896209,-6.28932681672255e-05,0.00820110456682895
4584.90841932869,-9.27923201178842e-05,-0.000433593296747429,1.50285333419088e-05,0.00420271444359896,-2.96457381668682e-06,-0.00082654688658784,-6.20294525940768e-05,0.00814462166125802
4616.7054396922,-9.1527101047275e-05,-0.00043049978710471,1.48272069064334e-05,0.00417371061118267,-2.92474135293554e-06,-0.00082084399474556,-6.11775073253007e-05,0.00808852774843554
4648.72297711114,-9.02790177891805e-05,-0.000427429764760774,1.46285093395549e-05,0.00414490772131651,-2.88543229304847e-06,-0.00081518058725332,-6.03372690782109e-05,0.00803282014980423
4680.96256090399,-8.90478413890757e-05,-0.000424383023812177,1.4432408195289e-05,0.00411630436613843,-2.84664008388754e-06,-0.000809556387995736,-5.95085768205487e-05,0.00797749620524184
4713.42573099534,-8.78333458666504e-05,-0.000421359360658493,1.42388713751428e-05,0.00408789914796097,-2.80835824528444e-06,-0.000803971122842618,-5.8691271739349e-05,0.00792255327293443
4746.11403798933,-8.66353081794901e-05,-0.000418358573968998,1.40478671259594e-05,0.00405969067919188,-2.77058036949256e-06,-0.000798424519633677,-5.78851972102444e-05,0.00786798872925062
4779.02904324382,-8.54535081871292e-05,-0.000415380464649906,1.38593640377218e-05,0.00403167758225521,-2.73330012063436e-06,-0.000792916308163319,-5.70901987671929e-05,0.00781379996861661
4812.17231894485,-8.42877286154892e-05,-0.000412424835812171,1.36733310413207e-05,0.00400385848951343,-2.69651123414475e-06,-0.000787446220165628,-5.63061240726307e-05,0.00775998440339218
4845.54544818188,-8.31377550216849e-05,-0.000409491492739825,1.34897374062862e-05,0.00397623204319001,-2.66020751621067e-06,-0.000782013989299437,-5.55328228880371e-05,0.00770653946374736
4879.1500250233,-8.20033757592086e-05,-0.000406580242858855,1.33085527384884e-05,0.00394879689529282,-2.62438284320731e-06,-0.000776619351133561,-5.47701470449119e-05,0.00765346259754012
4912.98765459257,-8.0884381943485e-05,-0.000403690895706604,1.3129746977806e-05,0.00392155170753821,-2.58903116113133e-06,-0.00077126204313215,-5.40179504161556e-05,0.0076007512701948
4947.05995314498,-7.97805674177899e-05,-0.000400823262901692,1.29532903957669e-05,0.00389449515127578,-2.55414648503131e-06,-0.000765941804640166,-5.32760888878472e-05,0.00754840296458134
4981.36854814472,-7.86917287195423e-05,-0.000397977158114441,1.2779153593163e-05,0.00386762590741379,-2.51972289843579e-06,-0.000760658376869006,-5.25444203314163e-05,0.00749641518089547
5015.91507834275,-7.76176650469529e-05,-0.000395152397037792,1.26073074976388e-05,0.00384094266634528,-2.48575455277923e-06,-0.000755411502882225,-5.18228045762002e-05,0.00744478543653952
5050.70119385496,-7.65581782260405e-05,-0.000392348797358731,1.24377233612584e-05,0.00381444412787488,-2.45223566682616e-06,-0.000750200927581416,-5.11111033823853e-05,0.00739351126600428
5085.72855624109,-7.55130726780019e-05,-0.000389566178730166,1.22703727580513e-05,0.00378812900114614,-2.41916052609368e-06,-0.000745026397692181,-5.04091804143213e-05,0.00734259022075142
5120.998838584,-7.44821553869429e-05,-0.000386804362743307,1.21052275815381e-05,0.00376199600456975,-2.3865234822729e-06,-0.000739887661750254,-4.9716901214211e-05,0.00729201986909696
5156.51372556965,-7.34652358679593e-05,-0.000384063172900482,1.19422600422396e-05,0.00373604386575212,-2.3543189526491e-06,-0.000734784470087725,-4.90341331761606e-05,0.00724179779609527
5192.27491356752,-7.24621261355731e-05,-0.000381342434588434,1.17814426651689e-05,0.00371027132142486,-2.32254141952135e-06,-0.000729716574819394,-4.83607455205959e-05,0.0071919216034242
5228.28411071172,-7.14726406725138e-05,-0.000378641975052036,1.16227482873096e-05,0.00368467711737464,-2.29118542962144e-06,-0.000724683729829237,-4.76966092690294e-05,0.00714238890927058
5264.54303698245,-7.04965963988498e-05,-0.00037596162336848,1.14661500550805e-05,0.00365926000837393,-2.26024559353264e-06,-0.000719685690757002,-4.7041597219182e-05,0.00709319734821693
5301.0534242883,-6.95338126414596e-05,-0.000373301210421859,1.13116214217888e-05,0.00363401875811207,-2.22971658510824e-06,-0.0007147222149849,-4.63955839204471e-05,0.00704434457112859
5337.81701654885,-6.85841111038483e-05,-0.00037066056887821,1.11591361450732e-05,0.00360895213912725,-2.1995931408904e-06,-0.000709793061624438,-4.57584456496979e-05,0.00699582824504189
5374.83556977805,-6.76473158362986e-05,-0.000368039533160941,1.10086682843378e-05,0.0035840589327388,-2.16987005952915e-06,-0.000704897991503335,-4.51300603874292e-05,0.00694764605305286
5412.11085216805,-6.67232532063608e-05,-0.000365437939426692,1.08601921981785e-05,0.00355933792898029,-2.14054220120209e-06,-0.000700036767152581,-4.45103077942317e-05,0.00689979569420694
5449.64464417369,-6.58117518696733e-05,-0.000362855625541575,1.0713682541803e-05,0.00353478792653311,-2.11160448703468e-06,-0.000695209152793582,-4.38990691875915e-05,0.00685227488338917
5487.43873859751,-6.49126427411166e-05,-0.000360292431057832,1.05691142644457e-05,0.00351040773266068,-2.08305189852155e-06,-0.000690414914325433,-4.32962275190137e-05,0.00680508135121542
5525.49494067543,-6.4025758966291e-05,-0.000357748197190854,1.04264626067777e-05,0.00348619616314317,-2.05487947694875e-06,-0.000685653819312288,-4.27016673514612e-05,0.00675821284392409
5563.81506816292,-6.31509358933241e-05,-0.000355222766796603,1.02857030983154e-05,0.0034621520422129,-2.02708232281745e-06,-0.00068092563697085,-4.2115274837109e-05,0.00671166712326883
5602.40095142188,-6.2288011044996e-05,-0.000352715984349393,1.01468115548252e-05,0.00343827420249016,-1.99965559526876e-06,-0.000676230138157946,-4.15369376954049e-05,0.00666544196641169
5641.254433508,-6.14368240911887e-05,-0.000350227695920047,1.00097640757288e-05,0.00341456148491972,-1.97259451151036e-06,-0.000671567095358241,-4.09665451914373e-05,0.00661953516581732
5680.37737025889,-6.05972168216475e-05,-0.000347757749154401,9.87453704150804e-06,0.00339101273870778,-1.9458943462447e-06,-0.000666936282672019,-4.04039881145999e-05,0.00657394452914758
5719.77163038263,-5.97690331190617e-05,-0.000345305993252179,9.7411071111104e-06,0.00336762682125958,-1.91955043109904e-06,-0.0006623374758031,-3.98491587575559e-05,0.00652866787915718
5759.43909554709,-5.89521189324522e-05,-0.000342872278946202,9.60945121935684e-06,0.00334440259811743,-1.89355815405752e-06,-0.000657770452046834,-3.93019508954901e-05,0.00648370305358974
5799.38166046975,-5.81463222508711e-05,-0.000340456458481942,9.47954657435231e-06,0.00332133894289935,-1.86791295889527e-06,-0.000653234990278218,-3.87622597656531e-05,0.00643904790507485
5839.60123300829,-5.73514930774048e-05,-0.000338058385597414,9.35137065489951e-06,0.00329843473723819,-1.84261034461477e-06,-0.000648730870940087,-3.82299820471845e-05,0.00639470030102552
5880.09973425162,-5.6567483403483e-05,-0.000335677915503393,9.22490120791754e-06,0.00327568887072137,-1.81764586488457e-06,-0.00064425787603144,-3.77050158412205e-05,0.0063506581235367
5920.87909861173,-5.57941471834847e-05,-0.000333314904863953,9.10011624586524e-06,0.00325310024083095,-1.79301512748038e-06,-0.000639815789095822,-3.71872606512729e-05,0.00630691926928412
5961.94127391598,-5.50313403096458e-05,-0.000330969211777331,8.97699404417065e-06,0.00323066775288443,-1.76871379372881e-06,-0.000635404395209842,-3.66766173638839e-05,0.00626348164942412
6003.28822150028,-5.42789205872578e-05,-0.000328640695757091,8.8555131386669e-06,0.00320839031997588,-1.74473757795368e-06,-0.000631023480971758,-3.61729882295456e-05,0.00622034318949398
6044.92191630263,-5.35367477101624e-05,-0.00032632921771361,8.73565232303547e-06,0.00318626686291766,-1.72108224692516e-06,-0.000626672834490178,-3.56762768438872e-05,0.00617750182931306
6086.84434695757,-5.28046832365322e-05,-0.00032403463993584,8.61739064625722e-06,0.00316429631018262,-1.69774361931165e-06,-0.000622352245372837,-3.51863881291199e-05,0.00613495552288451
6129.05751589107,-5.20825905649416e-05,-0.000321756826073398,8.50070741007198e-06,0.00314247759784678,-1.67471756513469e-06,-0.000618061504715484,-3.47032283157414e-05,0.00609270223829774
6171.56343941625,-5.13703349107181e-05,-0.000319495641118911,8.38558216644707e-06,0.00312080966953247,-1.65200000522679e-06,-0.000613800405090847,-3.42267049244914e-05,0.00605073995763147
6214.36414782964,-5.06677832825786e-05,-0.000317250951390676,8.27199471505574e-06,0.00309929147635204,-1.62958691069239e-06,-0.000609568740537704,-3.37567267485599e-05,0.00600906667685761
6257.46168550822,-4.99748044595407e-05,-0.000315022624515576,8.1599251007654e-06,0.00307792197685189,-1.607474302372e-06,-0.000605366306550025,-3.32932038360386e-05,0.00596768040574553
6300.85811100697,-4.92912689681137e-05,-0.000312810529412291,8.04935361113701e-06,0.00305670013695716,-1.58565825030951e-06,-0.000601192900066227,-3.28360474726188e-05,0.00592657916776728
6344.55549715731,-4.86170490597585e-05,-0.000310614536274757,7.94026077393499e-06,0.0030356249299167,-1.56413487322279e-06,-0.000597048319458493,-3.23851701645255e-05,0.00588576100000324
6388.55593116599,-4.7952018688623e-05,-0.000308434516555912,7.83262735464951e-06,0.00301469533624863,-1.54290033797774e-06,-0.000592932364522202,-3.19404856216909e-05,0.00584522395304857
6432.86151471492,-4.72960534895398e-05,-0.000306270342951684,7.72643435403008e-06,0.00299391034368629,-1.52195085906562e-06,-0.000588844836465425,-3.15019087411582e-05,0.00580496609092014
6477.47436406142,-4.66490307562946e-05,-0.000304121889385247,7.62166300563233e-06,0.00297326894712469,-1.50128269808396e-06,-0.000584785537898527,-3.10693555907171e-05,0.00576498549096429
6522.39661013943,-4.60108294201521e-05,-0.000301989030991517,7.51829477337703e-06,0.00295277014856733,-1.48089216322089e-06,-0.000580754272823832,-3.06427433927645e-05,0.00572528024376504
6567.63039866118,-4.53813300286462e-05,-0.000299871644101908,7.41631134912294e-06,0.00293241295707356,-1.46077560874312e-06,-0.000576750846625396,-3.02219905083893e-05,0.00568584845305311
6613.17789021977,-4.47604147246233e-05,-0.000297769606229316,7.31569465025276e-06,0.00291219638870625,-1.44092943448747e-06,-0.00057277506605884,-2.9807016421677e-05,0.00564668823561535
6659.0412603923,-4.41479672255441e-05,-0.000295682796053349,7.21642681727342e-06,0.00289211946648007,-1.42135008535606e-06,-0.000568826739241289,-2.93977417242321e-05,0.00560779772120502
6705.22269984387,-4.35438728030333e-05,-0.000293611093405789,7.11849021143033e-06,0.00287218122030998,-1.40203405081523e-06,-0.000564905675641367,-2.89940880999135e-05,0.00556917505245249
6751.7244144321,-4.29480182626832e-05,-0.000291554379256283,7.02186741233661e-06,0.00285238068696036,-1.38297786439814e-06,-0.000561011686069302,-2.85959783097824e-05,0.00553081838477672
6798.54862531261,-4.23602919240997e-05,-0.000289512535698258,6.92654121561656e-06,0.00283271690999437,-1.36417810321112e-06,-0.000557144582667083,-2.82033361772574e-05,0.00549272588629719
6845.69756904508,-4.17805836011952e-05,-0.000287485445935056,6.83249463056484e-06,0.00281318893972388,-1.34563138744386e-06,-0.000553304178898716,-2.78160865734752e-05,0.00545489573774654
6893.17349769999,-4.12087845827233e-05,-0.000285472994266297,6.73971087782079e-06,0.0027937958331597,-1.32733437988338e-06,-0.000549490289540553,-2.74341554028543e-05,0.00541732613238382
6940.97867896634,-4.064478761305e-05,-0.000283475066074434,6.64817338705814e-06,0.0027745366539623,-1.30928378543181e-06,-0.000545702730671691,-2.70574695888573e-05,0.00538001527590823
6989.11539625983,-4.0088486873165e-05,-0.000281491547811543,6.55786579469104e-06,0.00275541047239284,-1.29147635062814e-06,-0.000541941319664466,-2.66859570599514e-05,0.00534296138637357
7037.58594883204,-3.95397779619237e-05,-0.000279522326986296,6.46877194159557e-06,0.00273641636526469,-1.27390886317368e-06,-0.000538205875175,-2.63195467357612e-05,0.00530616269410318
7086.39265188015,-3.89985578775237e-05,-0.000277567292151155,6.38087587084797e-06,0.00271755341589532,-1.25657815146163e-06,-0.000534496217133848,-2.59581685134148e-05,0.00526961744160557
7135.53783665763,-3.84647249992075e-05,-0.000275626332889749,6.29416182547887e-06,0.00269882071405851,-1.23948108411038e-06,-0.000530812166736695,-2.56017532540776e-05,0.00523332388349051
7185.02385058548,-3.79381790691949e-05,-0.00027369933980446,6.20861424624444e-06,0.00268021735593708,-1.22261456950089e-06,-0.000527153546435153,-2.52502327696723e-05,0.0051972802863858
7234.85305736446,-3.7418821174836e-05,-0.000271786204504188,6.12421776941394e-06,0.00266174244407586,-1.20597555531788e-06,-0.00052352017992761,-2.49035398097827e-05,0.00516148492885452
7285.02783708791,-3.69065537309897e-05,-0.000269886819592314,6.04095722457448e-06,0.00264339508733516,-1.18956102809511e-06,-0.000519911892150164,-2.45616080487383e-05,0.00512593610131297
7335.55058635552,-3.64012804626179e-05,-0.000268001078654841,5.95881763245236e-06,0.00262517440084451,-1.17336801276449e-06,-0.000516328509267623,-2.42243720728773e-05,0.00509063210594899
7386.42371838768,-3.59029063875994e-05,-0.000266128876248725,5.87778420275198e-06,0.00260707950595689,-1.15739357220929e-06,-0.000512769858664582,-2.38917673679865e-05,0.00505557125664107
7437.64966314091,-3.54113377997564e-05,-0.000264270107890373,5.79784233201157e-06,0.00258910953020322,-1.14163480682121e-06,-0.000509235768936565,-2.35637303069125e-05,0.0050207518788778
7489.23086742376,-3.49264822520942e-05,-0.000262424670044326,5.71897760147655e-06,0.00257126360724728,-1.12608885406149e-06,-0.000505726069881241,-2.3240198137347e-05,0.00498617230967804
7541.16979501382,-3.44482485402498e-05,-0.00026059246011211,5.64117577499e-06,0.00255354087684094,-1.11075288802601e-06,-0.000502240592489704,-2.29211089697783e-05,0.0049518308975115
7593.46892677528,-3.39765466861493e-05,-0.000258773376421259,5.56442279690093e-06,0.00253594048477984,-1.0956241190143e-06,-0.000498779168937837,-2.2606401765611e-05,0.00491772600222001
7646.13076077758,-3.35112879218683e-05,-0.000256967318214494,5.48870478998976e-06,0.00251846158285929,-1.08069979310259e-06,-0.000495341632577716,-2.2296016325448e-05,0.00488385599493917
7699.15781241454,-3.30523846736975e-05,-0.000255174185639086,5.41400805341172e-06,0.00250110332883066,-1.06597719172085e-06,-0.000491927817929113,-2.19898932775369e-05,0.0048502192580207
7752.55261452471,-3.25997505464065e-05,-0.000253393879736354,5.34031906065764e-06,0.002483864886358,-1.05145363123371e-06,-0.000488537560671043,-2.16879740663727e-05,0.00481681418495517
7806.31771751215,-3.21533003077082e-05,-0.000251626302431343,5.26762445753268e-06,0.00246674542497511,-1.03712646252545e-06,-0.000485170697633389,-2.1390200941461e-05,0.00478363918029543
7860.45568946846,-3.17129498729167e-05,-0.000249871356522641,5.19591106015247e-06,0.00244974412004285,-1.02299307058887e-06,-0.000481827066788587,-2.10965169462341e-05,0.00475069265958037
7914.96911629522,-3.12786162898014e-05,-0.000248128945672355,5.12516585295744e-06,0.00243286015270687,-1.00905087411817e-06,-0.00047850650724338,-2.08068659071214e-05,0.0047179730492594
7969.86060182773,-3.08502177236308e-05,-0.000246398974396238,5.05537598674443e-06,0.00241609270985562,-9.95297325105741e-07,-0.000475208859230629,-2.05211924227697e-05,0.00468547878661726
8025.13276795918,-3.04276734424071e-05,-0.000244681348053958,4.98652877671653e-06,0.00239944098407873,-9.81729908442872e-07,-0.000471933964101204,-2.02394418534136e-05,0.00465320831969957
8080.78825476607,-3.00109038022866e-05,-0.000242975972839515,4.91861170055036e-06,0.00238290417362567,-9.6834614152442e-07,-0.000468681664315913,-1.99615603103912e-05,0.00462116010723859
8136.82972063413,-2.95998302331867e-05,-0.000241282755771797,4.85161239648137e-06,0.00236648148236484,-9.55143573857373e-07,-0.000465451803437521,-1.96874946458056e-05,0.00458933261857987
8193.25984238548,-2.9194375224574e-05,-0.000239601604685275,4.7855186614067e-06,0.0023501721197428,-9.42119786673285e-07,-0.000462244226122809,-1.94171924423285e-05,0.004557724333609
8250.08131540631,-2.87944623114358e-05,-0.000237932428220843,4.72031844900609e-06,0.00233397530074404,-9.2927239254464e-07,-0.000459058778114709,-1.91506020031446e-05,0.00452633374267923
8307.29685377578,-2.84000160604269e-05,-0.000236275135816777,4.65599986788017e-06,0.00231789024585087,-9.16599035005038e-07,-0.00045589530623449,-1.88876723420348e-05,0.00449515934653927
8364.90919039556,-2.80109620561965e-05,-0.000234629637699841,4.59255117970676e-06,0.00230191618100376,-9.04097388173272e-07,-0.000452753658374015,-1.86283531735965e-05,0.00446419965626187
8422.92107712043,-2.76272268878866e-05,-0.000232995844876511,4.52996079741462e-06,0.00228605233756191,-8.91765156381191e-07,-0.000449633683488045,-1.83725949035983e-05,0.00443345319317266
8481.33528488963,-2.72487381358057e-05,-0.000231373669124342,4.46821728337508e-06,0.00227029795226418,-8.79600073805462e-07,-0.000446535231586613,-1.81203486194683e-05,0.00440291848877963
8540.15460385936,-2.68754243582705e-05,-0.000229763022983437,4.407309347611e-06,0.00225465226719027,-8.67599904103039e-07,-0.000443458153727451,-1.78715660809132e-05,0.004372594084703
8599.38184353586,-2.6507215078618e-05,-0.000228163819748067,4.34722584602348e-06,0.00223911452972228,-8.55762440050495e-07,-0.000440402302008479,-1.7626199710667e-05,0.00434247853260566
8659.01983290984,-2.61440407723826e-05,-0.000226575973458385,4.28795577863594e-06,0.00222368399250648,-8.4408550318705e-07,-0.000437367529560346,-1.73842025853674e-05,0.00431257039412399
8719.07142059136,-2.57858328546395e-05,-0.000224999398892282,4.22948828785578e-06,0.00220835991341543,-8.32566943461413e-07,-0.000434353690539039,-1.71455284265578e-05,0.00428286824079926
8779.53947494611,-2.54325236675085e-05,-0.000223434011557341,4.17181265675324e-06,0.0021931415555104,-8.21204638882277e-07,-0.00043136064011853,-1.69101315918135e-05,0.00425337065400938
8840.42688423224,-2.50840464678205e-05,-0.000221879727682921,4.11491830735774e-06,0.00217802818700405,-8.09996495172575e-07,-0.000428388234483504,-1.66779670659907e-05,0.00422407622490127
8901.73655673848,-2.47403354149411e-05,-0.000220336464212346,4.05879479897136e-06,0.00216301908122342,-7.98940445427373e-07,-0.000425436330822119,-1.64489904525952e-05,0.00419498355432354
8963.47142092288,-2.44013255587528e-05,-0.000218804138795203,4.00343182649958e-06,0.00214811351657319,-7.88034449775463e-07,-0.000422504787318839,-1.62231579652711e-05,0.00416609125275975
9025.63442555289,-2.40669528277897e-05,-0.000217282669779756,3.94881921879903e-06,0.00213331077649923,-7.77276495044545e-07,-0.000419593463147307,-1.60004264194061e-05,0.00413739794026205
9088.228539846,-2.37371540175284e-05,-0.000215771976205463,3.89494693704236e-06,0.00211861014945246,-7.66664594430082e-07,-0.000416702218463289,-1.57807532238535e-05,0.00410890224638535
9151.25675361174,-2.34118667788269e-05,-0.000214271977795599,3.84180507309992e-06,0.00210401092885291,-7.5619678716768e-07,-0.000413830914397652,-1.55640963727672e-05,0.00408060281012186
9214.72207739435,-2.30910296065162e-05,-0.000212782594949981,3.78938384793853e-06,0.00208951241305418,-7.45871138209102e-07,-0.000410979413049413,-1.535041443755e-05,0.00405249827983617
9278.6275426167,-2.27745818281367e-05,-0.000211303748737801,3.73767361003669e-06,0.00207511390530801,-7.35685737901764e-07,-0.000408147577478832,-1.51396665589126e-05,0.00402458731320068
9342.97620172496,-2.24624635928222e-05,-0.000209835360890547,3.68666483381684e-06,0.00206081471372929,-7.2563870167181e-07,-0.000405335271700556,-1.49318124390423e-05,0.00399686857713157
9407.77112833456,-2.21546158603274e-05,-0.000208377353795039,3.63634811809383e-06,0.00204661415126122,-7.15728169710618e-07,-0.000402542360676821,-1.47268123338794e-05,0.00396934074772512
9473.0154173768,-2.18509803901982e-05,-0.000206929650486544,3.58671418454024e-06,0.00203251153564079,-7.05952306664838e-07,-0.000399768710310699,-1.45246270455004e-05,0.00394200251019456
9538.71218524687,-2.15514997310817e-05,-0.000205492174642003,3.53775387616782e-06,0.00201850618936448,-6.96309301329826e-07,-0.000397014187439403,-1.43252179146052e-05,0.00391485255880726
9604.86456995261,-2.12561172101757e-05,-0.000204064850573334,3.48945815582537e-06,0.00200459743965429,-6.86797366346523e-07,-0.000394278659827633,-1.41285468131095e-05,0.00388788959682241
9671.47573126437,-2.09647769228161e-05,-0.000202647603220846,3.44181810471283e-06,0.00199078461842397,-6.77414737901728e-07,-0.000391561996160986,-1.39345761368378e-05,0.00386111233642916
9738.54885086602,-2.0677423722198e-05,-0.000201240358146725,3.39482492091133e-06,0.00197706706224553,-6.68159675431717e-07,-0.000388864066039397,-1.37432687983179e-05,0.00383451949868508
9806.08713250685,-2.03940032092329e-05,-0.000199843041528623,3.34846991792941e-06,0.00196344411231599,-6.59030461329235e-07,-0.000386184739970651,-1.35545882196741e-05,0.00380810981345514
9874.09380215466,-2.01144617225361e-05,-0.000198455580153325,3.30274452326493e-06,0.0019499151144244,-6.50025400653766e-07,-0.000383523889363922,-1.3368498325619e-05,0.00378188201935106
9942.57210814976,-1.9838746328546e-05,-0.000197077901410507,3.25764027698291e-06,0.00193647941891913,-6.41142820845135e-07,-0.00038088138652338,-1.31849635365416e-05,0.00375583486367112
10011.5253213603,-1.95668048117718e-05,-0.000195709933286576,3.21314883030896e-06,0.0019231363806753,-6.32381071440326e-07,-0.000378257104641829,-1.30039487616897e-05,0.00372996710234031
10080.9567353381,-1.92985856651693e-05,-0.000194351604358597,3.16926194423831e-06,0.00190988535906266,-6.23738523793582e-07,-0.00037565091779441,-1.28254193924484e-05,0.00370427749985101
10150.8696664767,-1.9034038080641e-05,-0.000193002843788292,3.12597148816012e-06,0.00189672571791347,-6.15213570799666e-07,-0.000373062700932329,-1.26493412957088e-05,0.00367876482920391
10221.267454169,-1.87731119396626e-05,-0.000191663581316132,3.08326943849748e-06,0.00188365682549082,-6.06804626620352e-07,-0.000370492329876659,-1.24756808073295e-05,0.00365342787184952
10292.1534609671,-1.85157578040303e-05,-0.0001903337472555,3.0411478773621e-06,0.00187067805445707,-5.98510126414023e-07,-0.000367939681312162,-1.23044047256876e-05,0.00362826541762992
10363.5310727429,-1.82619269067307e-05,-0.000189013272486931,2.99959899122464e-06,0.00185778878184259,-5.90328526068446e-07,-0.000365404632781177,-1.21354803053193e-05,0.00360327626472108
10435.4036988501,-1.80115711429291e-05,-0.000187702088452433,2.95861506959961e-06,0.00184498838901471,-5.82258301936596e-07,-0.00036288706267754,-1.19688752506467e-05,0.00357845921957538
10507.7747722864,-1.77646430610776e-05,-0.000186400127149882,2.91818850374536e-06,0.0018322762616469,-5.74297950575598e-07,-0.000360386850240559,-1.18045577097921e-05,0.0035538130968647
10580.647749858,-1.75210958541381e-05,-0.000185107321127483,2.87831178537872e-06,0.00181965178968819,-5.66445988488685e-07,-0.000357903875549027,-1.16424962684775e-05,0.00352933671942379
10654.0261123446,-1.72808833509224e-05,-0.00018382360347832,2.83897750540431e-06,0.00180711436733283,-5.58700951870192e-07,-0.000355438019515284,-1.14826599440073e-05,0.00350502891819408
10727.9133646656,-1.70439600075447e-05,-0.000182548907834959,2.80017835265833e-06,0.00179466339299014,-5.51061396353526e-07,-0.000352989163879319,-1.13250181793348e-05,0.00348088853216788
10802.3130360475,-1.68102808989872e-05,-0.000181283168364137,2.76190711266678e-06,0.00178229826925464,-5.43525896762126e-07,-0.000350557191202923,-1.11695408372097e-05,0.00345691440833295
10877.2286801926,-1.65798017107765e-05,-0.000180026319761504,2.72415666641785e-06,0.00177001840287635,-5.36093046863315e-07,-0.000348141984863872,-1.10161981944066e-05,0.0034331054016174
10952.6638754485,-1.635247873077e-05,-0.000178778297246452,2.68691998914864e-06,0.00175782320473135,-5.28761459125122e-07,-0.000345743429050171,-1.08649609360326e-05,0.00340946037483509
11028.6222249794,-1.61282688410495e-05,-0.000177539036556995,2.65019014914566e-06,0.00174571208979254,-5.21529764475922e-07,-0.000343361408754323,-1.07158001499139e-05,0.00338597819863129
11105.1073569377,-1.59071295099231e-05,-0.000176308473944721,2.61396030655947e-06,0.00173368447710062,-5.14396612066988e-07,-0.000340995809767653,-1.05686873210591e-05,0.00336265775142878
11182.1229246378,-1.56890187840313e-05,-0.00017508654616981,2.57822371223295e-06,0.0017217397897353,-5.07360669037824e-07,-0.000338646518674668,-1.04235943261988e-05,0.00333949791937428
11259.6726067303,-1.54738952805581e-05,-0.000173873190496114,2.5429737065433e-06,0.0017098774547867,-5.00420620284339e-07,-0.000336313422847461,-1.02804934284007e-05,0.00331649759628532
11337.7601073777,-1.52617181795446e-05,-0.000172668344686295,2.50820371825753e-06,0.00169809690332699,-4.93575168229754e-07,-0.000333996410440151,-1.01393572717583e-05,0.00329365568359733
11416.3891564316,-1.50524472163044e-05,-0.000171471946997039,2.47390726340143e-06,0.00168639757038221,-4.86823032598299e-07,-0.000331695370383377,-1.00001588761538e-05,0.00327097109031129
11495.5635096105,-1.48460426739386e-05,-0.00017028393617431,2.44007794414179e-06,0.00167477889490433,-4.80162950191588e-07,-0.000329410192378813,-9.8628716320914e-06,0.00324844273294157
11575.2869486794,-1.46424653759513e-05,-0.000169104251448683,2.4067094476818e-06,0.00166324031974351,-4.73593674667721e-07,-0.000327140766893741,-9.72746929560323e-06,0.00322606953546424
11655.5632816306,-1.44416766789609e-05,-0.000167932832530721,2.3737955451695e-06,0.00165178129162052,-4.67113976323027e-07,-0.000324886985155654,-9.59392598322462e-06,0.00320385042926564
11736.3963428651,-1.42436384655094e-05,-0.000166769619606423,2.34133009061917e-06,0.00164040126109945,-4.60722641876461e-07,-0.000322648739146907,-9.46221616703896e-06,0.00318178435309144
11817.7899933763,-1.40483131369662e-05,-0.000165614553332713,2.3093070198455e-06,0.00162909968256055,-4.54418474256607e-07,-0.00032042592159939,-9.33231466979017e-06,0.00315987025299588
11899.7481209338,-1.38556636065265e-05,-0.000164467574833003,2.27772034941053e-06,0.00161787601417329,-4.48200292391276e-07,-0.000318218425989266,-9.20419666006321e-06,0.00313810708229151
11982.2746402699,-1.3665653292302e-05,-0.000163328625692794,2.24656417558298e-06,0.00160672971786963,-4.42066930999643e-07,-0.000316026146531721,-9.07783764753012e-06,0.00311649380149917
12065.3734932659,-1.34782461105036e-05,-0.000162197647955346,2.21583267331022e-06,0.00159566025931749,-4.36017240386951e-07,-0.000313848978175777,-8.95321347826226e-06,0.0030950293782984
12149.0486491407,-1.32934064687142e-05,-0.000161074584117389,2.18552009520243e-06,0.00158466710789438,-4.30050086241684e-07,-0.000311686816599116,-8.83030033010628e-06,0.00307371278747809
12233.3041046402,-1.3111099259252e-05,-0.000159959377124895,2.15562077052902e-06,0.0015737497366613,-4.24164349435257e-07,-0.000309539558202973,-8.70907470812454e-06,0.0030525430108876
12318.1438842285,-1.29312898526202e-05,-0.000158851970368895,2.12612910422708e-06,0.00156290762233671,-4.18358925824134e-07,-0.000307407100107035,-8.58951344009743e-06,0.00303151903738807
12403.5720402798,-1.27539440910454e-05,-0.000157752307681357,2.09703957592189e-06,0.00155214024527082,-4.12632726054397e-07,-0.000305289340144403,-8.47159367208839e-06,0.00301063986280422
12489.5926532723,-1.25790282821006e-05,-0.0001566603333311,2.0683467389591e-06,0.00154144708942,-4.069846753687e-07,-0.000303186176856573,-8.35529286406923e-06,0.00298990448987631
12576.2098319827,-1.24065091924145e-05,-0.00015557599201977,2.04004521944886e-06,0.00153082764232136,-4.0141371341562e-07,-0.000301097509488465,-8.24058878560627e-06,0.00296931192821261
12663.427713683,-1.22363540414629e-05,-0.000154499228877855,2.0121297153213e-06,0.0015202813950676,-3.95918794061347e-07,-0.000299023237983479,-8.12745951160529e-06,0.00294886119424202
12751.2504643373,-1.20685304954446e-05,-0.000153429989460757,1.98459499539376e-06,0.00150980784228193,-3.90498885203714e-07,-0.000296963262978597,-8.0158834181155e-06,0.00292855131116722
12839.6822788018,-1.19030066612366e-05,-0.000152368219744902,1.9574358984491e-06,0.00149940648209328,-3.85152968588516e-07,-0.00029491748579951,-7.90583917819081e-06,0.00290838130891788
12928.7273810244,-1.17397510804325e-05,-0.0001513138661239,1.93064733232556e-06,0.00148907681611162,-3.79880039628129e-07,-0.000292885808455791,-7.79730575780844e-06,0.0028883502241045
13018.3900242466,-1.15787327234582e-05,-0.000150266875404754,1.9042242730175e-06,0.00147881834940351,-3.74679107222356e-07,-0.00029086813363609,-7.69026241184329e-06,0.00286845709997225
13108.6744912069,-1.14199209837673e-05,-0.00014922719480411,1.87816176378734e-06,0.00146863059046776,-3.69549193581528e-07,-0.000288864364703382,-7.58468868009811e-06,0.00284870098635543
13199.5850943454,-1.12632856721134e-05,-0.000148194771944547,1.85245491428826e-06,0.00145851305121136,-3.64489334051788e-07,-0.000286874405690229,-7.48056438338778e-06,0.00282908093963196
13291.1261760091,-1.11087970108993e-05,-0.000147169554850923,1.8270988996978e-06,0.00144846524692551,-3.59498576942577e-07,-0.000284898161294092,-7.37786961967801e-06,0.00280959602267847
13383.3021086605,-1.09564256286016e-05,-0.000146151491946751,1.80208895986207e-06,0.00143848669626186,-3.54575983356253e-07,-0.000282935536872669,-7.27658476027667e-06,0.00279024530482539
13476.1172950852,-1.08061425542688e-05,-0.000145140532050623,1.77742039845056e-06,0.00142857692120889,-3.49720627019865e-07,-0.000280986438439271,-7.17669044607776e-06,0.00277102786181264
13569.576168603,-1.06579192120952e-05,-0.000144136624372678,1.75308858212136e-06,0.00141873544706855,-3.44931594119021e-07,-0.000279050772658228,-7.07816758385714e-06,0.00275194277574544
13663.6831932795,-1.05117274160643e-05,-0.000143139718511104,1.72908893969672e-06,0.00140896180243292,-3.40207983133849e-07,-0.000277128446840329,-6.9809973426188e-06,0.00273298913505047
13758.4428641392,-1.03675393646669e-05,-0.000142149764448685,1.70541696134889e-06,0.00139925551916121,-3.35548904677016e-07,-0.0002752193689383,-6.88516114999197e-06,0.00271416603443238
13853.8597073802,-1.02253276356875e-05,-0.000141166712549391,1.68206819779598e-06,0.00138961613235679,-3.30953481333791e-07,-0.000273323447542303,-6.79064068867714e-06,0.00269547257483048
13949.9382805904,-1.00850651810619e-05,-0.000140190513554997,1.65903825950792e-06,0.00138004318034444,-3.26420847504118e-07,-0.000271440591875481,-6.69741789294159e-06,0.00267690786337594
14046.6831729655,-9.94672532180295e-06,-0.00013922111858175,1.63632281592224e-06,0.00137053620464779,-3.21950149246684e-07,-0.000269570711789526,-6.60547494516255e-06,0.002658471013349
14144.0990055278,-9.81028174299486e-06,-0.000138258479117071,1.61391759466967e-06,0.00136109474996689,-3.17540544124967e-07,-0.000267713717760282,-6.51479427241839e-06,0.00264016114413675
14242.190431347,-9.67570848885375e-06,-0.000137302547016289,1.5918183808094e-06,0.00135171836415593,-3.13191201055212e-07,-0.000265869520883381,-6.42535854312626e-06,0.00262197738119101
14340.9621357626,-9.54297995785533e-06,-0.000136353274499425,1.57002101607396e-06,0.00134240659820119,-3.08901300156357e-07,-0.000264038032869908,-6.33715066372637e-06,0.0026039188559866
14440.4188366077,-9.41207089792714e-06,-0.000135410614147996,1.54852139812348e-06,0.00133315900619904,-3.04670032601841e-07,-0.000262219166042096,-6.25015377541146e-06,0.00258598470597984
14540.5652844341,-9.28295640170594e-06,-0.000134474518901865,1.52731547980941e-06,0.0013239751453342,-3.00496600473311e-07,-0.000260412833329059,-6.16435125090168e-06,0.00256817407456737
14641.4062627396,-9.15561190185805e-06,-0.000133544942056127,1.50639926844736e-06,0.00131485457585811,-2.96380216616174e-07,-0.000258618948262545,-6.07972669126338e-06,0.00255048611104525
14742.946588196,-9.0300131664632e-06,-0.000132621837258023,1.48576882509926e-06,0.00130579686106746,-2.92320104497007e-07,-0.000256837424972731,-5.99626392277203e-06,0.00253291997056836
14845.1911108798,-8.90613629445968e-06,-0.000131705158503894,1.46542026386443e-06,0.00129680156728288,-2.88315498062762e-07,-0.000255068178184035,-5.91394699381795e-06,0.00251547481410997
14948.1447145032,-8.78395771115133e-06,-0.000130794860136162,1.44534975117966e-06,0.00128786826382777,-2.84365641601786e-07,-0.000253311123210974,-5.83276017185492e-06,0.00249814980842178
15051.8123166476,-8.66345416377421e-06,-0.000129890896840357,1.4255535051281e-06,0.00127899652300732,-2.80469789606601e-07,-0.000251566175954038,-5.75268794039035e-06,0.00248094412599405
15156.1988689989,-8.54460271712348e-06,-0.00012899322364216,1.40602779475692e-06,0.00127018592008765,-2.76627206638457e-07,-0.000249833252895598,-5.67371499601727e-06,0.00246385694501614
15261.3093575835,-8.42738074923855e-06,-0.00012810179590449,1.38676893940363e-06,0.00126143603327506,-2.72837167193596e-07,-0.000248112271095848,-5.59582624548671e-06,0.00244688744933721
15367.1488030065,-8.31176594714666e-06,-0.000127216569324622,1.36777330803088e-06,0.00125274644369555,-2.69098955571253e-07,-0.00024640314818877,-5.5190068028207e-06,0.00243003482842728
15473.7222606918,-8.19773630266331e-06,-0.000126337499931329,1.34903731856975e-06,0.00124411673537435,-2.65411865743328e-07,-0.000244705802378127,-5.44324198646463e-06,0.00241329827733852
15581.0348211234,-8.08527010824966e-06,-0.000125464544082062,1.33055743727141e-06,0.00123554649521571,-2.61775201225753e-07,-0.000243020152433495,-5.36851731647911e-06,0.00239667699666679
15689.0916100885,-7.97434595292514e-06,-0.00012459765846016,1.312330178067e-06,0.00122703531298273,-2.58188274951491e-07,-0.000241346117686307,-5.29481851177002e-06,0.0023801701925135
15797.8977889225,-7.86494271823563e-06,-0.000123736800072082,1.29435210193563e-06,0.00121858278127743,-2.5465040914519e-07,-0.000239683618025942,-5.2221314873571e-06,0.00236377707644765
15907.4585547554,-7.7570395742754e-06,-0.000122881926244683,1.27661981628054e-06,0.00121018849552092,-2.51160935199431e-07,-0.00023803257389583,-5.15044235167967e-06,0.00234749686546822
16017.7791407599,-7.65061597576319e-06,-0.000122032994622504,1.25912997431314e-06,0.00120185205393368,-2.47719193552593e-07,-0.00023639290628959,-5.07973740393971e-06,0.00233132878196676
16128.8648164017,-7.54565165817054e-06,-0.0001211899631651,1.24187927444496e-06,0.00119357305751607,-2.44324533568267e-07,-0.000234764536747196,-5.01000313148124e-06,0.00231527205369024
16240.720887691,-7.44212663390293e-06,-0.000120352790144395,1.22486445968739e-06,0.00118535111002888,-2.40976313416257e-07,-0.000233147387351165,-4.94122620720591e-06,0.00229932591370421
16353.352697436,-7.34002118853177e-06,-0.00011952143414206,1.20808231705906e-06,0.00117718581797408,-2.37673899955093e-07,-0.000231541380722781,-4.8733934870239e-06,0.00228348960035613
16466.765625498,-7.23931587707779e-06,-0.00011869585404693,1.19152967700094e-06,0.00116907679057569,-2.34416668616085e-07,-0.000229946440018338,-4.80649200734013e-06,0.00226776235723904
16580.9650890484,-7.13999152034401e-06,-0.00011787600905243,1.17520341279877e-06,0.00116102363976079,-2.3120400328886e-07,-0.000228362488925412,-4.74050898257472e-06,0.00225214343315537
16695.9565428276,-7.04202920129867e-06,-0.000117061858654049,1.15910044001309e-06,0.00115302598014069,-2.28035296208401e-07,-0.000226789451659166,-4.67543180271786e-06,0.00223663208208115
16811.7454794054,-6.94541026150649e-06,-0.000116253362646823,1.14321771591645e-06,0.00114508342899216,-2.24909947843531e-07,-0.000225227252958666,-4.61124803091796e-06,0.00222122756313032
16928.3374294433,-6.85011629760858e-06,-0.000115450481122851,1.12755223893804e-06,0.00113719560623889,-2.21827366786866e-07,-0.000223675818083241,-4.54794540110326e-06,0.00220592914051938
17045.737961959,-6.75612915784939e-06,-0.000114653174468841,1.11210104811525e-06,0.00112936213443299,-2.18786969646179e-07,-0.000222135072808859,-4.48551181563582e-06,0.00219073608353223
17163.9526845917,-6.66343093865096e-06,-0.000113861403363674,1.09686122255256e-06,0.00112158263873673,-2.15788180937191e-07,-0.000220604943424528,-4.42393534299809e-06,0.00217564766648529
17282.9872438709,-6.57200398123315e-06,-0.000113075128775995,1.0818298808872e-06,0.00111385674690428,-2.12830432977747e-07,-0.000219085356728724,-4.36320421551095e-06,0.00216066316869283
17402.8473254854,-6.48183086827974e-06,-0.000112294311961832,1.06700418076186e-06,0.00110618408926369,-2.09913165783378e-07,-0.000217576240025853,-4.3033068270834e-06,0.00214578187443257
17523.5386545551,-6.39289442064934e-06,-0.000111518914462235,1.0523813183041e-06,0.00109856429869895,-2.07035826964215e-07,-0.000216077521122721,-4.24423173099293e-06,0.00213100307291147
17645.0669959044,-6.30517769413107e-06,-0.000110748898100943,1.03795852761268e-06,0.00109099701063219,-2.04197871623263e-07,-0.000214589128325044,-4.18596763769662e-06,0.00211632605823183
17767.4381543379,-6.21866397624372e-06,-0.000109984224982069,1.02373308025031e-06,0.00108348186300598,-2.01398762255981e-07,-0.000213110990433977,-4.12850341267211e-06,0.00210175012935752
17890.6579749169,-6.13333678307853e-06,-0.000109224857487817,1.00970228474321e-06,0.00107601849626579,-1.98637968651199e-07,-0.000211643036742666,-4.07182807428845e-06,0.00208727459008054
18014.7323432395,-6.04917985618443e-06,-0.000108470758276212,9.95863486086966e-07,0.00106860655334256,-1.95914967793307e-07,-0.000210185197032828,-4.01593079170599e-06,0.00207289874898778
18139.667185721,-5.96617715949557e-06,-0.000107721890278864,9.8221406525899e-07,0.00106124567963541,-1.93229243765742e-07,-0.000208737401571352,-3.96080088280542e-06,0.00205862191942796
18265.4684698776,-5.88431287630024e-06,-0.00010697821669874,9.68751438737153e-07,0.00105393552299444,-1.90580287655722e-07,-0.000207299581106928,-3.90642781214489e-06,0.00204444341947886
18392.1422046107,-5.80357140625106e-06,-0.000106239701007973,9.5547305802481e-07,0.00104667573370367,-1.87967597460248e-07,-0.000205871666866696,-3.85280118894562e-06,0.00203036257191476
18519.6944404947,-5.72393736241531e-06,-0.000105506306945685,9.42376409181921e-07,0.00103946596446411,-1.85390677993316e-07,-0.000204453590552918,-3.79991076510481e-06,0.00201637870417408
18648.1312700654,-5.64539556836555e-06,-0.00010477799851583,9.2945901236235e-07,0.00103230587037695,-1.82849040794365e-07,-0.000203045284339683,-3.7477464332362e-06,0.00200249114832728
18777.4588281112,-5.56793105530931e-06,-0.000104054739985063,9.16718421357143e-07,0.00102519510892684,-1.80342204037915e-07,-0.000201646680869618,-3.69629822473725e-06,0.00198869924104492
18907.6832919665,-5.49152905925783e-06,-0.000103336495880629,9.04152223143809e-07,0.00101813333996534,-1.77869692444395e-07,-0.000200257713250641,-3.64555630788307e-06,0.00197500232356604
19038.810881806,-5.41617501823319e-06,-0.00010262323098827,8.91758037441477e-07,0.00101112022569442,-1.7543103719215e-07,-0.000198878315052723,-3.59551098594656e-06,0.00196139974166664
19170.8478609426,-5.34185456951305e-06,-0.000101914910350155,8.7953351627184e-07,0.00100415543065015,-1.73025775830593e-07,-0.000197508420304682,-3.54615269534418e-06,0.0019478908456285
19303.8005361258,-5.26855354691302e-06,-0.000101211499262831,8.67476343525901e-07,0.000997238621686434,-1.70653452194512e-07,-0.000196147963490993,-3.49747200380749e-06,0.00193447499020807
19437.6752578439,-5.19625797810556e-06,-0.000100512963275188,8.55584234536313e-07,0.000990369467958939,-1.68313616319492e-07,-0.000194796879548624,-3.44945960857948e-06,0.00192115153460571
19572.4784206263,-5.12495408197556e-06,-9.98192681864542e-05,8.43854935655412e-07,0.000983547640909058,-1.66005824358468e-07,-0.000193455103863893,-3.40210633463607e-06,0.0019079198424351
19708.2164633496,-5.05462826601136e-06,-9.91303800441982e-05,8.32286223838687e-07,0.000976772814248028,-1.63729638499365e-07,-0.00019212257226935,-3.35540313293161e-06,0.00189477928169278
19844.8958695448,-4.98526712373159e-06,-9.8446265142362e-05,8.20875906233796e-07,0.000970044663941172,-1.6148462688383e-07,-0.000190799221040678,-3.30934107866893e-06,0.00188172922472804
19982.5231677076,-4.91685743214648e-06,-9.77668900193042e-05,8.09621819774911e-07,0.000963362868192215,-1.59270363527033e-07,-0.000189484986893615,-3.26391136959279e-06,0.00186876904821288
20121.1049316092,-4.84938614925404e-06,-9.70922214558671e-05,7.98521830782453e-07,0.000956727107427746,-1.57086428238538e-07,-0.0001881798069809,-3.21910532430704e-06,0.00185589813311228
20260.6477806113,-4.78284041156972e-06,-9.64222264734594e-05,7.8757383456802e-07,0.00095013706428176,-1.54932406544199e-07,-0.000186883618889242,-3.1749143806147e-06,0.00184311586465464
20401.1583799816,-4.7172075316901e-06,-9.57568723321594e-05,7.76775755044579e-07,0.000943592423580343,-1.52807889609115e-07,-0.000185596360636307,-3.13133009388105e-06,0.0018304216323024
20542.6434412127,-4.65247499588919e-06,-9.50961265288336e-05,7.66125544341726e-07,0.000937092872326425,-1.50712474161578e-07,-0.000184317970667726,-3.08834413541899e-06,0.00181781482972286
20685.1097223421,-4.58863046174773e-06,-9.4439956795276e-05,7.55621182426066e-07,0.000930638099684679,-1.48645762418051e-07,-0.000183048387854126,-3.04594829089682e-06,0.00180529485475928
20828.5640282755,-4.52566175581432e-06,-9.37883310963619e-05,7.45260676726548e-07,0.000924227796966498,-1.46607362009119e-07,-0.000181787551488184,-3.00413445876764e-06,0.00179286110940206
20973.0132111114,-4.46355687129868e-06,-9.31412176282223e-05,7.35042061764786e-07,0.000917861657615098,-1.44596885906441e-07,-0.000180535401281697,-2.96289464872058e-06,0.00178051299976024
21118.464170469,-4.40230396579583e-06,-9.24985848164318e-05,7.24963398790198e-07,0.000911539377190706,-1.42613952350649e-07,-0.000179291877362674,-2.92222098015312e-06,0.00176824993603308
21264.923853817,-4.34189135904162e-06,-9.18604013142174e-05,7.15022775420031e-07,0.000905260653355879,-1.40658184780225e-07,-0.000178056920272451,-2.88210568066451e-06,0.00175607133248193
21412.3992568061,-4.28230753069828e-06,-9.12266360006801e-05,7.05218305284073e-07,0.000899025185860894,-1.38729211761301e-07,-0.000176830470962823,-2.84254108456976e-06,0.00174397660740221
21560.8974236026,-4.22354111817049e-06,-9.05972579790362e-05,6.95548127674115e-07,0.000892832676529275,-1.36826666918412e-07,-0.0001756124707932,-2.80351963143429e-06,0.00173196518309569
21710.4254472254,-4.16558091445077e-06,-8.99722365748727e-05,6.86010407197997e-07,0.000886682829243391,-1.34950188866149e-07,-0.000174402861527777,-2.76503386462837e-06,0.00172003648584286
21860.9904698845,-4.10841586599444e-06,-8.93515413344203e-05,6.76603333438281e-07,0.000880575349930182,-1.33099421141736e-07,-0.000173201585332732,-2.72707642990176e-06,0.00170818994587554
22012.599683322,-4.05203507062318e-06,-8.87351420228408e-05,6.67325120615394e-07,0.000874509946546959,-1.31274012138489e-07,-0.000172008584773434,-2.68964007397766e-06,0.00169642499734964
22165.260329156,-3.99642777545738e-06,-8.81230086225324e-05,6.58174007255277e-07,0.000868486329067333,-1.29473615040178e-07,-0.000170823802811682,-2.65271764316616e-06,0.00168474107831819
22318.9796992262,-3.9415833748763e-06,-8.75151113314477e-05,6.49148255861389e-07,0.000862504209467213,-1.27697887756242e-07,-0.000169647182802949,-2.61630208199662e-06,0.00167313763070444
22473.7651359423,-3.88749140850628e-06,-8.69114205614299e-05,6.40246152591107e-07,0.000856563301710935,-1.25946492857884e-07,-0.000168478668493665,-2.58038643186893e-06,0.00166161410027526
22629.6240326348,-3.83414155923599e-06,-8.63119069365618e-05,6.31466006936378e-07,0.000850663321737452,-1.24219097515005e-07,-0.000167318204018494,-2.54496382972321e-06,0.00165016993661465
22786.5638339077,-3.78152365125893e-06,-8.57165412915316e-05,6.22806151408643e-07,0.000844803987446654,-1.2251537343399e-07,-0.000166165733897654,-2.51002750672788e-06,0.00163880459309742
22944.592035995,-3.7296276481424e-06,-8.51252946700121e-05,6.14264941227902e-07,0.000838985018685761,-1.20834996796305e-07,-0.000165021203034242,-2.4755707869856e-06,0.00162751752686314
23103.7161871177,-3.67844365092283e-06,-8.45381383230558e-05,6.05840754015961e-07,0.000833206137235833,-1.19177648197938e-07,-0.000163884556711581,-2.44158708625725e-06,0.00161630819879016
23263.9438878451,-3.62796189622695e-06,-8.39550437075028e-05,5.97531989493704e-07,0.000827467066798345,-1.17543012589623e-07,-0.000162755740590585,-2.4080699107031e-06,0.00160517607346989
23425.2827914574,-3.5781727544186e-06,-8.33759824844053e-05,5.89337069182428e-07,0.000821767532981892,-1.1593077921788e-07,-0.000161634700707145,-2.37501285564157e-06,0.00159412061918125
23587.7406043117,-3.52906672777067e-06,-8.28009265174636e-05,5.81254436109125e-07,0.000816107263288953,-1.14340641566833e-07,-0.000160521383469532,-2.34240960432485e-06,0.0015831413078652
23751.3250862094,-3.48063444866204e-06,-8.22298478714786e-05,5.73282554515708e-07,0.00081048598710278,-1.12772297300808e-07,-0.000159415735655816,-2.31025392673146e-06,0.00157223761509961
23916.0440507678,-3.43286667779891e-06,-8.16627188108158e-05,5.6541990957208e-07,0.000804903435674347,-1.11225448207697e-07,-0.000158317704411303,-2.27853967837527e-06,0.00156140902007415
24081.9053657923,-3.38575430246054e-06,-8.10995117978849e-05,5.57665007093057e-07,0.00079935934210942,-1.09699800143081e-07,-0.000157227237246,-2.24726079913104e-06,0.00155065500556543
24248.9169536531,-3.33928833476864e-06,-8.05401994916312e-05,5.50016373259032e-07,0.000793853441355696,-1.08195062975097e-07,-0.000156144282032077,-2.21641131207591e-06,0.00153997505791232
24417.0867916629,-3.29345990998058e-06,-7.9984754746042e-05,5.42472554340388e-07,0.000788385470190045,-1.06710950530048e-07,-0.000155068787001373,-2.18598532234699e-06,0.00152936866699139
24586.4229124585,-3.24826028480557e-06,-7.94331506086644e-05,5.35032116425563e-07,0.000782955167205831,-1.05247180538732e-07,-0.000154000700742893,-2.15597701601446e-06,0.00151883532619255
24756.933404384,-3.20368083574407e-06,-7.88853603191378e-05,5.2769364515277e-07,0.000777562272800339,-1.03803474583501e-07,-0.000152939972200346,-2.12638065897031e-06,0.00150837453239486
24928.6264118777,-3.15971305744953e-06,-7.83413573077378e-05,5.20455745445263e-07,0.000772206529162263,-1.02379558046018e-07,-0.000151886550669682,-2.09719059583223e-06,0.00149798578594252
25101.5101358603,-3.11634856111268e-06,-7.78011151939344e-05,5.13317041250173e-07,0.000766887680259316,-1.00975160055723e-07,-0.000150840385796656,-2.06840124886263e-06,0.00148766859062097
25275.5928341276,-3.07357907286767e-06,-7.7264607784961e-05,5.06276175280807e-07,0.000761605471825889,-9.95900134389821e-08,-0.00014980142757441,-2.04000711690241e-06,0.00147742245363319
25450.882821744,-3.03139643222007e-06,-7.67318090743977e-05,4.99331808762405e-07,0.000756359651350833,-9.82238546689229e-08,-0.000148769626341062,-2.01200277431952e-06,0.0014672468855762
25627.3884714405,-2.98979259049611e-06,-7.6202693240765e-05,4.92482621181281e-07,0.000751149968065296,-9.68764238159415e-08,-0.000147744932777326,-1.98438286997184e-06,0.00145714140041767
25805.1182140139,-2.94875960931327e-06,-7.56772346461317e-05,4.85727310037341e-07,0.000745976172930668,-9.55474644988748e-08,-0.000146727297904134,-1.95714212618435e-06,0.00144710551547267
25984.08053873,-2.90828965907152e-06,-7.5155407834733e-05,4.79064590599887e-07,0.000740838018626593,-9.42367238368239e-08,-0.000145716673080288,-1.93027533774033e-06,0.00143713875138069
26164.2839937291,-2.86837501746526e-06,-7.46371875316017e-05,4.72493195666701e-07,0.000735735259539077,-9.29439524016287e-08,-0.000144713010000116,-1.90377737088646e-06,0.00142724063208265
26345.7371864336,-2.82900806801549e-06,-7.41225486412109e-05,4.66011875326364e-07,0.000730667651748676,-9.16689041709797e-08,-0.000143716260691156,-1.87764316235156e-06,0.00141741068479826
26528.4487839603,-2.79018129862197e-06,-7.36114662461277e-05,4.59619396723731e-07,0.000725634953018761,-9.04113364821561e-08,-0.000142726377511848,-1.85186771837875e-06,0.00140764844000336
26712.4275135331,-2.75188730013521e-06,-7.31039156056798e-05,4.53314543828581e-07,0.000720636922783873,-8.91710099863922e-08,-0.000141743313149244,-1.82644611377102e-06,0.00139795343140756
26897.6821629011,-2.71411876494779e-06,-7.25998721546317e-05,4.47096117207332e-07,0.000715673322138151,-8.79476886038485e-08,-0.000140767020616736,-1.80137349094978e-06,0.00138832519593191
27084.2215807571,-2.67686848560506e-06,-7.2099311501874e-05,4.40962933797856e-07,0.000710743913823855,-8.67411394791975e-08,-0.0001397974532518,-1.77664505902648e-06,0.00137876327368683
27272.0546771616,-2.64012935343464e-06,-7.16022094291221e-05,4.3491382668727e-07,0.000705848462219948,-8.55511329377982e-08,-0.00013883456471375,-1.75225609288682e-06,0.0013692672079501
27461.1904239671,-2.60389435719472e-06,-7.11085418896278e-05,4.28947644892754e-07,0.00070098673333078,-8.43774424424678e-08,-0.000137878308981517,-1.7282019322877e-06,0.0013598365451451
27651.6378552475,-2.5681565817407e-06,-7.06182850068997e-05,4.23063253145262e-07,0.000696158494774833,-8.32198445508277e-08,-0.000136928640351435,-1.70447798096643e-06,0.00135047083481909
27843.4060677294,-2.53290920671016e-06,-7.01314150734365e-05,4.17259531676184e-07,0.000691363515773557,-8.20781188732309e-08,-0.000135985513435046,-1.6810797057623e-06,0.00134116962962174
28036.5042212264,-2.49814550522559e-06,-6.96479085494693e-05,4.1153537600683e-07,0.000686601567140277,-8.0952048031249e-08,-0.000135048883156925,-1.65800263575008e-06,0.00133193248528375
28230.9415390768,-2.46385884261501e-06,-6.91677420617156e-05,4.05889696740778e-07,0.000681872421269181,-7.9841417616725e-08,-0.000134118704752507,-1.63524236138558e-06,0.00132275896059562
28426.7273085842,-2.43004267514986e-06,-6.86908924021428e-05,4.00321419358982e-07,0.000677175852124381,-7.87460161513705e-08,-0.000133194933765945,-1.61279453366277e-06,0.00131364861738656
28623.8708814609,-2.39669054880031e-06,-6.82173365267432e-05,3.94829484017657e-07,0.000672511635229059,-7.76656350469146e-08,-0.000132277526047973,-1.59065486328264e-06,0.00130460102050363
28822.3816742749,-2.36379609800737e-06,-6.77470515543177e-05,3.89412845348862e-07,0.000667879547654671,-7.66000685657835e-08,-0.000131366437753784,-1.56881911983335e-06,0.00129561573779087
29022.2691688993,-2.33135304447194e-06,-6.72800147652716e-05,3.84070472263784e-07,0.000663279368010253,-7.55491137823156e-08,-0.000130461625340929,-1.5472831309817e-06,0.00128669234006874
29223.5429129655,-2.29935519596019e-06,-6.68162036004182e-05,3.78801347758647e-07,0.000658710876431772,-7.45125705444945e-08,-0.000129563045567223,-1.52604278167569e-06,0.00127783040111355
29426.2125203191,-2.26779644512544e-06,-6.63555956597944e-05,3.73604468723257e-07,0.000654173854571577,-7.34902414362037e-08,-0.000128670655488673,-1.50509401335805e-06,0.00126902949763716
29630.2876714792,-2.236670768346e-06,-6.58981687014844e-05,3.68478845752095e-07,0.000649668085587903,-7.24819317399843e-08,-0.000127784412457413,-1.48443282319054e-06,0.00126028920926672
29835.7781141006,-2.20597222457894e-06,-6.54439006404544e-05,3.63423502957987e-07,0.000645193354134467,-7.14874494003019e-08,-0.000126904274119662,-1.4640552632889e-06,0.00125160911852461
30042.6936634399,-2.17569495422945e-06,-6.4992769547396e-05,3.58437477788247e-07,0.000640749446350117,-7.05066049873032e-08,-0.000126030198413685,-1.44395743996836e-06,0.00124298881080852
30251.0442028234,-2.14583317803574e-06,-6.454475364758e-05,3.53519820843334e-07,0.000636336149848572,-6.95392116610671e-08,-0.00012516214356778,-1.42413551299943e-06,0.0012344278743716
30460.8396841202,-2.11638119596902e-06,-6.40998313197183e-05,3.48669595697913e-07,0.000631953253708217,-6.85850851363338e-08,-0.000124300068098272,-1.40458569487401e-06,0.00122592590030284
30672.0901282168,-2.0873333861487e-06,-6.36579810948369e-05,3.43885878724369e-07,0.000627600548461984,-6.76440436477155e-08,-0.000123443930807521,-1.38530425008146e-06,0.00121748248250753
30884.8056254963,-2.05868420377217e-06,-6.32191816551563e-05,3.39167758918659e-07,0.000623277826087287,-6.67159079153716e-08,-0.000122593690781946,-1.36628749439472e-06,0.00120909721768782
31098.9963363199,-2.03042818005943e-06,-6.27834118329827e-05,3.34514337728552e-07,0.000618984879996048,-6.58005011111531e-08,-0.000121749307390063,-1.34753179416618e-06,0.00120076970532352
31314.6724915125,-2.00255992121196e-06,-6.23506506096065e-05,3.29924728884153e-07,0.000614721505024769,-6.48976488251999e-08,-0.000120910740280536,-1.3290335656332e-06,0.00119249954765294
31531.8443928511,-1.97507410738596e-06,-6.19208771142118e-05,3.25398058230732e-07,0.000610487497424695,-6.40071790329936e-08,-0.00012007794938024,-1.31078927423323e-06,0.0011842863496539
31750.5224135575,-1.94796549167942e-06,-6.14940706227924e-05,3.20933463563803e-07,0.000606282654852024,-6.31289220628522e-08,-0.000119250894892339,-1.29279543392828e-06,0.00117612971902482
31970.7169987928,-1.92122889913331e-06,-6.10702105570791e-05,3.16530094466433e-07,0.00060210677635821,-6.22627105638688e-08,-0.000118429537294379,-1.2750486065387e-06,0.00116802926616607
32192.4386661572,-1.89485922574609e-06,-6.06492764834732e-05,3.12187112148735e-07,0.000597959662380306,-6.14083794742786e-08,-0.000117613837336387,-1.25754540108606e-06,0.00115998460416128
32415.6980061919,-1.86885143750201e-06,-6.02312481119908e-05,3.07903689289554e-07,0.000593841114731402,-6.05657659902598e-08,-0.000116803756038998,-1.24028247314514e-06,0.0011519953487589
32640.5056828852,-1.84320056941242e-06,-5.9816105295214e-05,3.03679009880256e-07,0.000589750936591102,-5.97347095351512e-08,-0.000115999254691576,-1.22325652420471e-06,0.00114406111835383
32866.8724341813,-1.81790172457036e-06,-5.94038280272514e-05,2.99512269070664e-07,0.000585688932496092,-5.89150517290913e-08,-0.000115200294850363,-1.20646430103721e-06,0.00113618153396922
33094.8090724944,-1.79295007321796e-06,-5.89943964427064e-05,2.95402673017049e-07,0.000581654908330754,-5.81066363590644e-08,-0.000114406838336635,-1.18990259507695e-06,0.00112835621923832
33324.3264852235,-1.7683408518267e-06,-5.85877908156547e-05,2.91349438732188e-07,0.000577648671317863,-5.73093093493559e-08,-0.00011361884723487,-1.17356824180698e-06,0.00112058480038657
33555.4356352742,-1.74406936219009e-06,-5.81839915586285e-05,2.87351793937446e-07,0.000573670030009328,-5.65229187324042e-08,-0.000112836283890931,-1.15745812015428e-06,0.00111286690621368
33788.1475615808,-1.72013097052894e-06,-5.77829792216105e-05,2.8340897691686e-07,0.000569718794277022,-5.57473146200511e-08,-0.00011205911091026,-1.1415691518933e-06,0.00110520216807596
34022.4733796346,-1.69652110660865e-06,-5.7384734491034e-05,2.79520236373193e-07,0.000565794775303649,-5.49823491751784e-08,-0.000111287291156086,-1.1258983010577e-06,0.00109759021986865
34258.4242820144,-1.67323526286877e-06,-5.69892381887935e-05,2.7568483128594e-07,0.000561897785573699,-5.42278765837316e-08,-0.000110520787747645,-1.11044257336015e-06,0.0010900306980085
34496.0115389212,-1.65026899356431e-06,-5.659647127126e-05,2.71902030771251e-07,0.000558027638864449,-5.34837530271205e-08,-0.000109759564058411,-1.09519901562006e-06,0.00108252324141636
34735.2464987164,-1.62761791391888e-06,-5.62064148283073e-05,2.68171113943754e-07,0.000554184150237035,-5.27498366549963e-08,-0.00010900358371434,-1.08016471519926e-06,0.00107506749149994
34976.1405884643,-1.60527769928937e-06,-5.58190500823434e-05,2.64491369780239e-07,0.000550367136027581,-5.20259875583952e-08,-0.000108252810592128,-1.06533679944535e-06,0.0010676630921367
35218.7053144771,-1.58324408434206e-06,-5.54343583873514e-05,2.60862096985206e-07,0.000546576413838396,-5.13120677432487e-08,-0.000107507208817479,-1.05071243514273e-06,0.00106030968965681
35462.9522628655,-1.56151286223998e-06,-5.50523212279366e-05,2.57282603858208e-07,0.000542811802529225,-5.06079411042513e-08,-0.000106766742763385,-1.03628882797112e-06,0.0010530069328263
35708.8931000911,-1.54007988384146e-06,-5.46729202183824e-05,2.5375220816302e-07,0.000539073122208565,-4.99134733990842e-08,-0.00010603137704842,-1.02206322197163e-06,0.00104575447283025
35956.5395735246,-1.5189410569095e-06,-5.42961371017125e-05,2.5027023699855e-07,0.000535360194225041,-4.92285322229869e-08,-0.000105301076535042,-1.00803289901999e-06,0.00103855196325613
36205.9035120061,-1.49809234533211e-06,-5.3921953748761e-05,2.46836026671526e-07,0.000531672841158841,-4.85529869836764e-08,-0.000104575806327911,-9.94195178307187e-07,0.00103139906007728
36456.9968264106,-1.47752976835321e-06,-5.35503521572498e-05,2.43448922570892e-07,0.000528010886813209,-4.78867088766041e-08,-0.000103855531772218,-9.80547415827122e-07,0.00102429542163646
36709.831510217,-1.45724939981404e-06,-5.31813144508731e-05,2.40108279043905e-07,0.000524374156206002,-4.72295708605501e-08,-0.000103140218452021,-9.67087003871319e-07,0.00101724070862951
36964.4196400802,-1.43724736740507e-06,-5.28148228783892e-05,2.3681345927393e-07,0.000520762475561301,-4.65814476335501e-08,-0.000102429832188599,-9.53811370530623e-07,0.0010102345840892
37220.7733764093,-1.417519851928e-06,-5.24508598127189e-05,2.33563835159869e-07,0.000517175672301079,-4.59422156091451e-08,-0.000101724339038811,-9.4071797920367e-07,0.00100327671336909
37478.9049639467,-1.39806308656794e-06,-5.20894077500523e-05,2.30358787197238e-07,0.000513613575036936,-4.53117528929586e-08,-0.000101023705293477,-9.2780432811217e-07,0.000996366764127547
37738.8267323548,-1.3788733561755e-06,-5.173044930896e-05,2.27197704360858e-07,0.000510076013561876,-4.4689939259588e-08,-0.000100327897475752,-9.15067949822792e-07,0.000989504406311899
38000.5510968034,-1.3599469965588e-06,-5.13739672295145e-05,2.24079983989132e-07,0.00050656281884216,-4.40766561298128e-08,-9.96368823395334e-05,-9.02506410775662e-07,0.00098268931214265
38264.0905585636,-1.34128039378497e-06,-5.10199443724152e-05,2.21005031669887e-07,0.000503073823009193,-4.34717865481098e-08,-9.89506268678596e-05,-8.90117310819286e-07,0.000975921156097822
38529.4577056047,-1.32286998349146e-06,-5.06683637181226e-05,2.17972261127787e-07,0.000499608859351494,-4.28752151604765e-08,-9.82690982713341e-05,-8.77898282751915e-07,0.000969199614897423
38796.6652131954,-1.30471225020655e-06,-5.0319208365998e-05,2.14981094113244e-07,0.000496167762306694,-4.22868281925537e-08,-9.7592263986552e-05,-8.65846991869141e-07,0.000962524367487989
39065.7258445091,-1.28680372667932e-06,-4.99724615334501e-05,2.12030960292862e-07,0.000492750367453615,-4.17065134280472e-08,-9.69200916745413e-05,-8.5396113551778e-07,0.000955895095027263
39336.6524512341,-1.26914099321868e-06,-4.96281065550881e-05,2.09121297141355e-07,0.000489356511504381,-4.11341601874412e-08,-9.62525492192134e-05,-8.42238442655803e-07,0.000949311480868953
39609.4579741865,-1.25172067704151e-06,-4.92861268818818e-05,2.06251549834935e-07,0.000485986032296603,-4.05696593070029e-08,-9.55896047258255e-05,-8.30676673418382e-07,0.000942773210547623
39884.1554439296,-1.23453945162968e-06,-4.8946506080327e-05,2.03421171146152e-07,0.000482638768785601,-4.00129031180705e-08,-9.49312265194521e-05,-8.19273618689828e-07,0.000936279971763656
40160.7579813948,-1.21759403609593e-06,-4.86092278316192e-05,2.00629621340156e-07,0.000479314561036702,-3.94637854266253e-08,-9.42773831434696e-05,-8.08027099681471e-07,0.000929831454368355
40439.2787985098,-1.20088119455833e-06,-4.82742759308315e-05,1.97876368072374e-07,0.000476013250217563,-3.89222014931393e-08,-9.36280433580476e-05,-7.96934967515272e-07,0.000923427350349111
40719.7311988284,-1.18439773552344e-06,-4.79416342861008e-05,1.95160886287576e-07,0.000472734678590573,-3.83880480126992e-08,-9.29831761386553e-05,-7.85995102813213e-07,0.00091706735381471
41002.1285781671,-1.16814051127774e-06,-4.76112869178181e-05,1.92482658120307e-07,0.000469478689505291,-3.78612230953982e-08,-9.23427506745737e-05,-7.75205415292267e-07,0.000910751160980704
41286.4844252437,-1.15210641728759e-06,-4.72832179578275e-05,1.89841172796681e-07,0.000466245127390948,-3.73416262469975e-08,-9.1706736367422e-05,-7.64563843364986e-07,0.00090447847015492
41572.812322323,-1.13629239160718e-06,-4.69574116486288e-05,1.87235926537502e-07,0.000463033837748988,-3.68291583498483e-08,-9.10751028296907e-05,-7.5406835374552e-07,0.000898248981723031
41861.1259458642,-1.12069541429485e-06,-4.66338523425882e-05,1.84666422462708e-07,0.000459844667145675,-3.63237216440758e-08,-9.04478198832885e-05,-7.4371694106109e-07,0.000892062398134261
42151.4390671752,-1.10531250683711e-06,-4.63125245011536e-05,1.82132170497111e-07,0.000456677463204741,-3.58252197090173e-08,-8.98248575580953e-05,-7.33507627468759e-07,0.000885918423887162
42443.7655530697,-1.09014073158079e-06,-4.59934126940768e-05,1.79632687277419e-07,0.000453532074600087,-3.53335574449147e-08,-8.92061860905295e-05,-7.23438462277497e-07,0.00087981676551551
42738.1193665299,-1.07517719117284e-06,-4.56765015986409e-05,1.77167496060522e-07,0.000450408351048539,-3.48486410548542e-08,-8.85917759221208e-05,-7.13507521575406e-07,0.000873757131574274
43034.5145673733,-1.06041902800782e-06,-4.53617759988943e-05,1.74736126633028e-07,0.00044730614330265,-3.43703780269549e-08,-8.79815976980968e-05,-7.03712907862091e-07,0.000867739232625712
43332.9653129246,-1.04586342368293e-06,-4.50492207848897e-05,1.72338115222027e-07,0.00044422530314355,-3.38986771167965e-08,-8.73756222659764e-05,-6.94052749686048e-07,0.000861762781225533
43633.4858586911,-1.03150759846061e-06,-4.47388209519298e-05,1.69973004407071e-07,0.000441165683373852,-3.34334483300895e-08,-8.67738206741754e-05,-6.84525201287067e-07,0.000855827491909174
43936.0905590448,-1.01734881073834e-06,-4.44305615998172e-05,1.67640343033348e-07,0.000438127137810602,-3.29746029055786e-08,-8.61761641706193e-05,-6.75128442243501e-07,0.000849933081178162
44240.7938679069,-1.00338435652587e-06,-4.41244279321122e-05,1.65339686126045e-07,0.00043510952127828,-3.25220532981819e-08,-8.55826242013681e-05,-6.6586067712443e-07,0.000844079267486579
44547.6103394389,-9.8961156892942e-07,-4.38204052553938e-05,1.63070594805865e-07,0.000432112689601845,-3.20757131623569e-08,-8.49931724092485e-05,-6.56720135146545e-07,0.000838265771227604
44856.5546287376,-9.76027817643133e-07,-4.35184789785282e-05,1.60832636205707e-07,0.00042913649959984,-3.16354973356957e-08,-8.44077806324974e-05,-6.47705069835796e-07,0.000832492314720171
45167.641492535,-9.62630508447354e-07,-4.32186346119415e-05,1.58625383388471e-07,0.000426180809077528,-3.12013218227415e-08,-8.3826420903413e-05,-6.38813758693636e-07,0.000826758622195692
45480.8857899031,-9.49417082713859e-07,-4.29208577668986e-05,1.56448415265985e-07,0.000423245476820092,-3.0773103779028e-08,-8.32490654470171e-05,-6.30044502867896e-07,0.000821064419784897
45796.3024829641,-9.3638501691781e-07,-4.26251341547871e-05,1.54301316519035e-07,0.000420330362585864,-3.03507614953336e-08,-8.26756866797248e-05,-6.2139562682813e-07,0.000815409435504743
46113.9066376045,-9.23531822156443e-07,-4.23314495864072e-05,1.5218367751849e-07,0.000417435327099626,-2.99342143821534e-08,-8.21062572080255e-05,-6.12865478045468e-07,0.000809793399245435
46433.713424195,-9.10855043674295e-07,-4.20397899712655e-05,1.50095094247487e-07,0.000414560232045925,-2.95233829543796e-08,-8.15407498271701e-05,-6.0445242667681e-07,0.000804216042757509
46755.7381183149,-8.98352260394987e-07,-4.17501413168765e-05,1.48035168224695e-07,0.000411704940062469,-2.91181888161934e-08,-8.09791375198711e-05,-5.96154865253413e-07,0.000798677099639035
47079.9961014825,-8.86021084459373e-07,-4.14624897280664e-05,1.46003506428607e-07,0.000408869314733538,-2.87185546461613e-08,-8.04213934550076e-05,-5.87971208373699e-07,0.00079317630532288
47406.5028618884,-8.73859160770061e-07,-4.11768214062848e-05,1.43999721222875e-07,0.000406053220583463,-2.83244041825358e-08,-7.9867490986343e-05,-5.79899892400329e-07,0.000787713397064081
47735.2739951367,-8.61864166542126e-07,-4.08931226489192e-05,1.42023430282657e-07,0.000403256523070134,-2.79356622087549e-08,-7.93174036512484e-05,-5.71939375161393e-07,0.000782288113927286
48066.3252049891,-8.50033810860025e-07,-4.0611379848617e-05,1.40074256521968e-07,0.000400479088578569,-2.75522545391415e-08,-7.87711051694377e-05,-5.64088135655746e-07,0.000776900196774302
48399.6723041153,-8.38365834240535e-07,-4.03315794926098e-05,1.38151828022022e-07,0.000397720784414508,-2.71741080047961e-08,-7.82285694417082e-05,-5.5634467376234e-07,0.000771549388251703
48735.331214848,-8.2685800820173e-07,-4.00537081620458e-05,1.36255777960553e-07,0.000394981478798072,-2.68011504396828e-08,-7.76897705486939e-05,-5.48707509953602e-07,0.000766235432778554
49073.317969944,-8.15508134837806e-07,-3.97777525313239e-05,1.34385744542091e-07,0.00039226104085745,-2.64333106669049e-08,-7.71546827496232e-05,-5.41175185012691e-07,0.000760958076534188
49413.6487133493,-8.04314046399788e-07,-3.95036993674359e-05,1.32541370929205e-07,0.000389559340622637,-2.60705184851678e-08,-7.66232804810889e-05,-5.3374625975469e-07,0.000755717067446095
49756.3397009709,-7.93273604881932e-07,-3.92315355293111e-05,1.30722305174658e-07,0.000386876249019212,-2.57127046554265e-08,-7.60955383558235e-05,-5.26419314751578e-07,0.000750512155177871
50101.4073014524,-7.82384701613834e-07,-3.89612479671672e-05,1.28928200154518e-07,0.000384211637862168,-2.53598008877153e-08,-7.55714311614862e-05,-5.19192950061019e-07,0.000745343091117274
50448.8679969571,-7.71645256858092e-07,-3.86928237218652e-05,1.2715871350215e-07,0.000381565379849766,-2.50117398281577e-08,-7.50509338594549e-05,-5.12065784958843e-07,0.000740209628364335
50798.7383839539,-7.61053219413519e-07,-3.842624992427e-05,1.25413507543137e-07,0.000378937348557455,-2.46684550461527e-08,-7.45340215836297e-05,-5.0503645767522e-07,0.000735111521719577
51151.0351740109,-7.50606566223752e-07,-3.81615137946146e-05,1.23692249231062e-07,0.000376327418431812,-2.43298810217367e-08,-7.40206696392421e-05,-4.98103625134446e-07,0.000730048527672295
51505.7751945938,-7.40303301991254e-07,-3.78986026418694e-05,1.21994610084186e-07,0.000373735464784541,-2.39959531331177e-08,-7.35108535016741e-05,-4.91265962698302e-07,0.000725020404388926
51862.9753898685,-7.30141458796605e-07,-3.76375038631173e-05,1.20320266122985e-07,0.000371161363786505,-2.366660764438e-08,-7.30045488152851e-05,-4.84522163912948e-07,0.000720026911701506
52222.6528215118,-7.20119095722979e-07,-3.7378204942931e-05,1.18668897808526e-07,0.000368604992461796,-2.33417816933556e-08,-7.25017313922462e-05,-4.77870940259272e-07,0.000715067811096188
52584.8246695256,-7.10234298485813e-07,-3.71206934527575e-05,1.17040189981706e-07,0.000366066228681861,-2.30214132796632e-08,-7.20023772113834e-05,-4.71311020906686e-07,0.000710142865701857
52949.5082330576,-7.00485179067504e-07,-3.68649570503051e-05,1.154338318033e-07,0.000363544951159646,-2.2705441252908e-08,-7.15064624170284e-05,-4.64841152470285e-07,0.000705251840278809
53316.7209312277,-6.90869875357154e-07,-3.66109834789362e-05,1.1384951669484e-07,0.000361041039443803,-2.23938053010451e-08,-7.10139633178775e-05,-4.58460098771363e-07,0.000700394501207526
53686.4803039601,-6.81386550795217e-07,-3.63587605670638e-05,1.12286942280292e-07,0.00035855437391292,-2.20864459389003e-08,-7.05248563858579e-05,-4.52166640601182e-07,0.000695570616477503
54058.8040128205,-6.72033394023049e-07,-3.61082762275529e-05,1.10745810328541e-07,0.000356084835769805,-2.1783304496848e-08,-7.0039118255003e-05,-4.45959575488025e-07,0.000690779955676179
54433.709841861,-6.62808618537225e-07,-3.58595184571258e-05,1.09225826696642e-07,0.000353632307035795,-2.14843231096437e-08,-6.95567257203338e-05,-4.39837717467412e-07,0.000686022289977925
54811.215698468,-6.53710462348631e-07,-3.56124753357725e-05,1.07726701273869e-07,0.000351196670545116,-2.11894447054096e-08,-6.90776557367499e-05,-4.33799896855497e-07,0.000681297392133114
55191.3396142186,-6.44737187646193e-07,-3.53671350261645e-05,1.06248147926503e-07,0.000348777809939275,-2.08986129947696e-08,-6.8601885417926e-05,-4.27844960025553e-07,0.00067660503645727
55574.0997457415,-6.35887080465253e-07,-3.51234857730739e-05,1.047898844434e-07,0.000346375609661499,-2.06117724601339e-08,-6.81293920352185e-05,-4.2197176918755e-07,0.000671944998820286
55959.5143755845,-6.27158450360445e-07,-3.48815159027954e-05,1.03351632482275e-07,0.000343989954951199,-2.03288683451291e-08,-6.76601530165773e-05,-4.16179202170734e-07,0.000667317056635717
56347.6019130871,-6.18549630083101e-07,-3.46412138225744e-05,1.01933117516746e-07,0.000341620731838487,-2.00498466441733e-08,-6.71941459454673e-05,-4.10466152209215e-07,0.000662720988850156
56738.380895261,-6.10058975263042e-07,-3.44025680200371e-05,1.00534068784075e-07,0.000339267827138717,-1.97746540921927e-08,-6.67313485597947e-05,-4.04831527730476e-07,0.000658156575932663
57131.8699876742,-6.01684864094759e-07,-3.41655670626267e-05,9.91542192336482e-08,0.000336931128447081,-1.95032381544807e-08,-6.62717387508441e-05,-3.9927425214681e-07,0.000653623599864291
57528.0879853436,-5.93425697027865e-07,-3.39301995970425e-05,9.77933054761386e-08,0.000334610524133219,-1.92355470166927e-08,-6.58152945622195e-05,-3.93793263649588e-07,0.000649121844127664
57927.053813632,-5.85279896461829e-07,-3.36964543486834e-05,9.64510677333769e-08,0.000332305903335894,-1.89715295749808e-08,-6.53619941887952e-05,-3.88387515006394e-07,0.000644651093696645
58328.7865291527,-5.77245906444853e-07,-3.34643201210957e-05,9.5127249788898e-08,0.000330017155957673,-1.87111354262603e-08,-6.49118159756723e-05,-3.83055973360898e-07,0.00064021113502605
58733.3053206791,-5.69322192376915e-07,-3.32337857954245e-05,9.38215989391708e-08,0.000327744172659677,-1.8454314858612e-08,-6.44647384171441e-05,-3.77797620035521e-07,0.000635801756041468
59140.6295100621,-5.61507240716847e-07,-3.30048403298696e-05,9.25338659454874e-08,0.000325486844856338,-1.82010188418131e-08,-6.4020740155666e-05,-3.72611450336768e-07,0.000631422746129111
59550.7785531519,-5.53799558693469e-07,-3.27774727591448e-05,9.12638049865155e-08,0.000323245064710215,-1.79511990180001e-08,-6.35797999808359e-05,-3.67496473363275e-07,0.000627073896125772
59963.7720407286,-5.46197674020633e-07,-3.25516721939413e-05,9.00111736114929e-08,0.000321018725126827,-1.7704807692457e-08,-6.31418968283784e-05,-3.6245171181645e-07,0.000622754998308819
60379.6296994364,-5.38700134616232e-07,-3.23274278203955e-05,8.87757326940685e-08,0.000318807719749541,-1.74617978245311e-08,-6.27070097791386e-05,-3.5747620181375e-07,0.000618465846386289
60798.3713927276,-5.31305508325e-07,-3.21047288995597e-05,8.7557246386767e-08,0.000316611942954477,-1.72221230186721e-08,-6.22751180580807e-05,-3.52568992704492e-07,0.000614206235487018
61220.0171218097,-5.2401238264517e-07,-3.18835647668778e-05,8.63554820760822e-08,0.000314431289845461,-1.69857375155944e-08,-6.18462010332957e-05,-3.47729146888216e-07,0.00060997596215087
61644.5870266023,-5.16819364458832e-07,-3.16639248316633e-05,8.51702103381786e-08,0.000312265656249005,-1.67525961835593e-08,-6.14202382150136e-05,-3.42955739635525e-07,0.000605774824319009
62072.1013866976,-5.09725079766023e-07,-3.14457985765828e-05,8.40012048952031e-08,0.000310114938709328,-1.65226545097775e-08,-6.09972092546246e-05,-3.38247858911397e-07,0.000601602621324253
62502.5806223305,-5.02728173422435e-07,-3.12291755571417e-05,8.28482425721893e-08,0.000307979034483407,-1.62958685919281e-08,-6.05770939437054e-05,-3.33604605200907e-07,0.000597459153881487
62936.0452953524,-4.95827308880747e-07,-3.10140454011749e-05,8.17111032545558e-08,0.000305857841536064,-1.60721951297949e-08,-6.01598722130535e-05,-3.29025091337365e-07,0.000593344224078145
63372.5161102152,-4.89021167935472e-07,-3.08003978083396e-05,8.05895698461802e-08,0.000303751258535083,-1.58515914170154e-08,-5.97455241317269e-05,-3.24508442332785e-07,0.000589257635364756
63812.0139149584,-4.82308450471338e-07,-3.05882225496141e-05,7.94834282280516e-08,0.00030165918484637,-1.56340153329443e-08,-5.93340299060919e-05,-3.20053795210712e-07,0.000585199192545559
64254.5597022062,-4.75687874215081e-07,-3.03775094667975e-05,7.83924672174829e-08,0.000299581520529135,-1.54194253346269e-08,-5.89253698788755e-05,-3.15660298841311e-07,0.000581168701769172
64700.1746101695,-4.6915817449068e-07,-3.01682484720151e-05,7.73164785278864e-08,0.000297518166331119,-1.52077804488836e-08,-5.85195245282271e-05,-3.11327113778755e-07,0.000577165970519345
65148.8799236562,-4.62718103977911e-07,-2.99604295472264e-05,7.6255256729094e-08,0.00029546902368384,-1.49990402645015e-08,-5.81164744667835e-05,-3.07053412100812e-07,0.000573190807605751
65600.697075087,-4.56366432474245e-07,-2.97540427437367e-05,7.52085992082244e-08,0.000293433994697886,-1.47931649245337e-08,-5.77162004407431e-05,-3.02838377250662e-07,0.000569243023154866
66055.6476455202,-4.50101946659982e-07,-2.95490781817127e-05,7.41763061310814e-08,0.000291412982158231,-1.45901151187032e-08,-5.73186833289445e-05,-2.98681203880864e-07,0.000565322428600888
66513.7533656814,-4.43923449866634e-07,-2.9345526049701e-05,7.31581804040851e-08,0.000289405889519588,-1.43898520759114e-08,-5.69239041419533e-05,-2.94581097699484e-07,0.000561428836676744
66975.0361170023,-4.37829761848452e-07,-2.914337660415e-05,7.21540276367175e-08,0.000287412620901792,-1.41923375568488e-08,-5.65318440211528e-05,-2.90537275318316e-07,0.000557562061405129
67439.5179326655,-4.31819718557121e-07,-2.89426201689363e-05,7.11636561044877e-08,0.000285433081085215,-1.39975338467067e-08,-5.61424842378438e-05,-2.86548964103208e-07,0.000553721918089641
67907.2209986571,-4.25892171919511e-07,-2.87432471348928e-05,7.01868767123989e-08,0.000283467175506212,-1.38054037479886e-08,-5.57558061923482e-05,-2.82615402026418e-07,0.000549908223305941
68378.167654826,-4.20045989618506e-07,-2.8545247959342e-05,6.92235029589185e-08,0.000281514810252604,-1.36159105734205e-08,-5.53717914131204e-05,-2.78735837521028e-07,0.000546120794893006
68852.3803959518,-4.1428005487681e-07,-2.83486131656311e-05,6.82733509004386e-08,0.000279575892059179,-1.34290181389573e-08,-5.49904215558635e-05,-2.74909529337318e-07,0.000542359451944421
69329.8818728181,-4.08593266243746e-07,-2.81533333426715e-05,6.73362391162247e-08,0.000277650328303245,-1.32446907568859e-08,-5.46116784026532e-05,-2.71135746401155e-07,0.00053862401479974
69810.6948932956,-4.02984537384954e-07,-2.79593991444808e-05,6.64119886738419e-08,0.00027573802700019,-1.30628932290219e-08,-5.42355438610659e-05,-2.67413767674284e-07,0.000534914305035903
70294.8424234306,-3.97452796874993e-07,-2.77668012897288e-05,6.55004230950557e-08,0.00027383889679909,-1.28835908399999e-08,-5.38619999633147e-05,-2.63742882016574e-07,0.000531230145458718
70782.3475885425,-3.91996987992766e-07,-2.75755305612864e-05,6.46013683221978e-08,0.00027195284697834,-1.27067493506551e-08,-5.34910288653897e-05,-2.60122388050123e-07,0.00052757136009439
71273.2336743282,-3.86616068519779e-07,-2.73855778057775e-05,6.37146526849949e-08,0.000270079787441318,-1.25323349914965e-08,-5.31226128462053e-05,-2.56551594025257e-07,0.000523937774181126
71767.5241279742,-3.81309010541138e-07,-2.71969339331346e-05,6.28401068678468e-08,0.000268219628712075,-1.23603144562681e-08,-5.27567343067531e-05,-2.53029817688346e-07,0.000520329214160776
72265.2425592773,-3.7607480024929e-07,-2.7009589916157e-05,6.19775638775563e-08,0.000266372281931057,-1.21906548955993e-08,-5.23933757692601e-05,-2.49556386151447e-07,0.000516745507670552
72766.4127417709,-3.70912437750464e-07,-2.6823536790073e-05,6.11268590114997e-08,0.000264537658850862,-1.20233239107415e-08,-5.2032519876354e-05,-2.46130635763738e-07,0.000513186483534791
73271.058613862,-3.65820936873737e-07,-2.66387656521041e-05,6.02878298262308e-08,0.000262715671832012,-1.18582895473913e-08,-5.16741493902328e-05,-2.42751911984703e-07,0.000509651971756779
73779.2042799737,-3.60799324982762e-07,-2.64552676610333e-05,5.94603161065181e-08,0.000260906233838775,-1.16955202895972e-08,-5.13182471918412e-05,-2.39419569259078e-07,0.000506141803510635
74290.8740116972,-3.55846642790031e-07,-2.62730340367758e-05,5.86441598348012e-08,0.000259109258434991,-1.15349850537504e-08,-5.09647962800519e-05,-2.36132970893494e-07,0.00050265581113324
74806.0922489501,-3.50961944173727e-07,-2.60920560599537e-05,5.78392051610703e-08,0.000257324659779951,-1.13766531826579e-08,-5.06137797708532e-05,-2.32891488934832e-07,0.000499193828116236
75324.8836011454,-3.46144295997057e-07,-2.59123250714719e-05,5.70452983731535e-08,0.000255552352624285,-1.12204944396965e-08,-5.02651808965417e-05,-2.29694504050228e-07,0.000495755689098066
75847.2728483651,-3.41392777930086e-07,-2.57338324720995e-05,5.62622878674145e-08,0.000253792252305894,-1.10664790030467e-08,-4.99189830049212e-05,-2.26541405408748e-07,0.000492341229856085
76373.2849425456,-3.36706482273995e-07,-2.55565697220518e-05,5.54900241198472e-08,0.000252044274745896,-1.09145774600057e-08,-4.95751695585061e-05,-2.23431590564664e-07,0.000488950287298702
76902.9450086679,-3.3208451378777e-07,-2.53805283405771e-05,5.4728359657571e-08,0.00025030833644461,-1.07647608013791e-08,-4.92337241337318e-05,-2.20364465342355e-07,0.000485582699457606
77436.2783459591,-3.27525989517243e-07,-2.52056999055452e-05,5.39771490307111e-08,0.000248584354477567,-1.06170004159474e-08,-4.88946304201684e-05,-2.17339443722765e-07,0.000482238305480015
77973.3104290997,-3.23030038626509e-07,-2.50320760530397e-05,5.32362487846683e-08,0.000246872246491539,-1.04712680850107e-08,-4.85578722197424e-05,-2.14355947731444e-07,0.000478916945621005
78514.0669094413,-3.18595802231622e-07,-2.48596484769525e-05,5.2505517432765e-08,0.000245171930700609,-1.03275359770059e-08,-4.82234334459616e-05,-2.11413407328102e-07,0.000475618461235869
79058.5736162311,-3.14222433236605e-07,-2.46884089285815e-05,5.1784815429268e-08,0.000243483325882259,-1.01857766421994e-08,-4.78912981231466e-05,-2.08511260297702e-07,0.000472342694772551
79606.8565578463,-3.09909096171677e-07,-2.45183492162315e-05,5.10740051427788e-08,0.000241806351373485,-1.00459630074512e-08,-4.75614503856668e-05,-2.05648952143027e-07,0.000469089489764109
80158.9419230357,-3.05654967033731e-07,-2.4349461204817e-05,5.037295082999e-08,0.000240140927066946,-9.90806837105148e-09,-4.72338744771828e-05,-2.0282593597874e-07,0.000465858690821249
80714.8560821713,-3.01459233128971e-07,-2.41817368154691e-05,4.96815186097993e-08,0.000238486973407131,-9.77206639762753e-09,-4.69085547498924e-05,-2.00041672426883e-07,0.000462650143624902
81274.6255885071,-2.97321092917732e-07,-2.40151680251437e-05,4.89995764377798e-08,0.000236844411386559,-9.63793111312055e-09,-4.65854756637835e-05,-1.97295629513826e-07,0.000459463694918849
81838.2771794484,-2.93239755861407e-07,-2.3849746866234e-05,4.83269940809976e-08,0.000235213162541999,-9.50563689983117e-09,-4.62646217858906e-05,-1.94587282568614e-07,0.000456299192502405
82405.8377778279,-2.89214442271497e-07,-2.36854654261844e-05,4.76636430931766e-08,0.000233593148950723,-9.3751584915331e-09,-4.59459777895581e-05,-1.91916114122724e-07,0.000453156485223148
82977.3344931927,-2.85244383160709e-07,-2.35223158471083e-05,4.70093967902015e-08,0.000231984293226779,-9.24647096865328e-09,-4.56295284537067e-05,-1.89281613811189e-07,0.000450035422969697
83552.7946230977,-2.81328820096112e-07,-2.33602903254074e-05,4.63641302259576e-08,0.000230386518517295,-9.11954975351848e-09,-4.5315258662107e-05,-1.86683278275085e-07,0.000446935856664547
84132.2456544116,-2.77467005054301e-07,-2.31993811113951e-05,4.57277201685001e-08,0.000228799748498802,-8.99437060566663e-09,-4.50031534026558e-05,-1.84120611065352e-07,0.000443857638256941
84715.7152646274,-2.73658200278549e-07,-2.3039580508921e-05,4.51000450765521e-08,0.000227223907373589,-8.87090961722282e-09,-4.46931977666602e-05,-1.81593122547938e-07,0.000440800620715807
85303.2313231867,-2.6990167813792e-07,-2.28808808749995e-05,4.44809850763205e-08,0.000225658919866076,-8.74914320833809e-09,-4.43853769481233e-05,-1.79100329810246e-07,0.000437764658022727
85894.8218928089,-2.66196720988315e-07,-2.27232746194401e-05,4.38704219386346e-08,0.000224104711219223,-8.62904812269135e-09,-4.40796762430381e-05,-1.76641756568864e-07,0.00043474960516497
86490.5152308334,-2.62542621035416e-07,-2.25667542044806e-05,4.32682390563928e-08,0.000222561207190949,-8.51060142305227e-09,-4.37760810486838e-05,-1.74216933078558e-07,0.000431755318128557
87090.3397905676,-2.58938680199526e-07,-2.24113121444232e-05,4.2674321422322e-08,0.000221028334050591,-8.3937804869055e-09,-4.34745768629283e-05,-1.71825396042525e-07,0.000428781653891392
87694.3242226474,-2.55384209982249e-07,-2.22569410052721e-05,4.2088555607039e-08,0.000219506018575373,-8.27856300213449e-09,-4.3175149283535e-05,-1.69466688523862e-07,0.000425828470416421
88302.4973764047,-2.51878531335007e-07,-2.21036334043754e-05,4.15108297374147e-08,0.000217994188046912,-8.1649269627647e-09,-4.28777840074747e-05,-1.6714035985827e-07,0.000422895626644855
88914.8883012464,-2.48420974529353e-07,-2.19513820100677e-05,4.09410334752323e-08,0.000216492770247739,-8.05285066476483e-09,-4.25824668302416e-05,-1.64845965567935e-07,0.000419982982489427
89531.5262480405,-2.45010879029078e-07,-2.18001795413169e-05,4.03790579961399e-08,0.00021500169345785,-7.94231270190598e-09,-4.22891836451752e-05,-1.62583067276613e-07,0.000417090398827708
90152.440670515,-2.41647593364052e-07,-2.16500187673717e-05,3.982479596889e-08,0.000213520886451274,-7.8332919616771e-09,-4.1997920442785e-05,-1.6035123262586e-07,0.000414217737495451
90777.661226663,-2.38330475005816e-07,-2.15008925074134e-05,3.92781415348647e-08,0.000212050278492677,-7.72576762125687e-09,-4.17086633100823e-05,-1.58150035192427e-07,0.000411364861280003
91407.217780161,-2.35058890244863e-07,-2.13527936302087e-05,3.87389902878797e-08,0.00021058979933397,-7.61971914354032e-09,-4.14213984299143e-05,-1.55979054406784e-07,0.000408531633913741
92041.1404017939,-2.31832214069622e-07,-2.12057150537661e-05,3.82072392542668e-08,0.000209139379210963,-7.51512627322034e-09,-4.11361120803045e-05,-1.53837875472762e-07,0.000405717920067572
92679.4593708925,-2.28649830047079e-07,-2.10596497449935e-05,3.76827868732277e-08,0.000207698948840023,-7.41196903292242e-09,-4.08527906337962e-05,-1.51726089288294e-07,0.000402923585344464
93322.2051767786,-2.25511130205059e-07,-2.09145907193596e-05,3.71655329774589e-08,0.000206268439414767,-7.31022771939295e-09,-4.0571420556802e-05,-1.49643292367255e-07,0.000400148496273027
93969.4085202226,-2.22415514916106e-07,-2.07705310405563e-05,3.66553787740389e-08,0.00020484778260277,-7.20988289973902e-09,-4.02919884089565e-05,-1.47589086762366e-07,0.000397392520301138
94621.1003149089,-2.19362392782968e-07,-2.06274638201648e-05,3.61522268255813e-08,0.000203436910542304,-7.11091540772048e-09,-4.00144808424743e-05,-1.45563079989156e-07,0.000394655525789611
95277.3116889132,-2.1635118052564e-07,-2.04853822173226e-05,3.56559810316426e-08,0.000202035755839091,-7.01330634009228e-09,-3.97388846015121e-05,-1.43564884950975e-07,0.000391937382005908
95938.0739861886,-2.13381302869975e-07,-2.03442794383944e-05,3.51665466103872e-08,0.000200644251563084,-6.91703705299726e-09,-3.94651865215353e-05,-1.4159411986503e-07,0.000389237959117896
96603.4187680637,-2.104521924378e-07,-2.02041487366441e-05,3.46838300805017e-08,0.000199262331245268,-6.82208915840816e-09,-3.91933735286886e-05,-1.39650408189438e-07,0.000386557128187642
97273.3778147489,-2.07563289638568e-07,-2.00649834119098e-05,3.42077392433592e-08,0.000197889928874484,-6.72844452061864e-09,-3.89234326391718e-05,-1.37733378551283e-07,0.000383894761165259
97947.983126856,-2.04714042562466e-07,-1.99267768102805e-05,3.37381831654254e-08,0.000196526978894272,-6.63608525278208e-09,-3.86553509586185e-05,-1.35842664675655e-07,0.000381250730882787
98627.2669269249,-2.01903906875016e-07,-1.97895223237757e-05,3.32750721609083e-08,0.000195173416199742,-6.54499371349812e-09,-3.8389115681481e-05,-1.3397790531567e-07,0.00037862491104812
99311.2616609643,-1.99132345713103e-07,-1.96532133900268e-05,3.28183177746439e-08,0.000193829176134461,-6.45515250344577e-09,-3.81247140904174e-05,-1.32138744183446e-07,0.000376017176238971
100000,-1.96398829582446e-07,-1.95178434919612e-05,3.23678327652179e-08,0.000192494194487362,-6.36654446206289e-09,-3.78621335556846e-05,-1.30324829882027e-07,0.000373427401896886
