Frequency_Hz,Y11_Real,Y11_Imag,Y12_Real,Y12_Imag,Y21_Real,Y21_Imag,Y22_Real,Y22_Imag
0.1,0.630020023732306,-0.00675262322440779,-0.221830851963571,-0.000684963796009108,0.146601796184399,-0.000685152917699287,-0.838381470079674,-6.45192601143804e-05
0.100693514841637,0.630019376571048,-0.00679947622164369,-0.221830937520563,-0.000689720752018726,0.146601871944809,-0.000689913831204454,-0.838382873128341,-6.48984450181272e-05
0.10139183931163,0.63001872033924,-0.00684665461947145,-0.221831024281885,-0.000694510836385514,0.146601948744116,-0.000694707955814998,-0.838384295616139,-6.52788336354335e-05
0.102095006765465,0.630018054908875,-0.00689416068424588,-0.221831112264676,-0.000699334281727871,0.146602026596345,-0.000699535525877253,-0.83838573781114,-6.56604045863041e-05
0.102803050789954,0.63001738015012,-0.0069419966982362,-0.221831201486327,-0.000704191322336617,0.146602105515705,-0.000704396777445983,-0.83838719998508,-6.60431357247526e-05
0.103516005204838,0.630016695931283,-0.00699016495974024,-0.221831291964477,-0.00070908219418779,0.14660218551659,-0.000709291948297907,-0.838388682413406,-6.64270041208503e-05
0.104233904064403,0.630016002118787,-0.00703866778319986,-0.221831383717025,-0.000714007134955583,0.146602266613581,-0.00071422127794543,-0.838390185375322,-6.68119860421576e-05
0.104956781659108,0.630015298577144,-0.00708750749931669,-0.221831476762129,-0.000718966384025358,0.14660234882145,-0.000719185007650405,-0.838391709153847,-6.71980569348987e-05
0.105684672517218,0.630014585168926,-0.00713668645516938,-0.221831571118213,-0.000723960182506815,0.14660243215516,-0.000724183380438122,-0.838393254035861,-6.75851914047204e-05
0.106417611406461,0.630013861754736,-0.00718620701433112,-0.221831666803968,-0.000728988773247237,0.14660251662987,-0.000729216641111339,-0.838394820312154,-6.79733631970825e-05
0.10715563333568,0.630013128193178,-0.00723607155698861,-0.221831763838357,-0.000734052400844889,0.146602602260933,-0.000734285036264531,-0.838396408277486,-6.83625451770448e-05
0.107898773556513,0.630012384340831,-0.00728628248006152,-0.221831862240622,-0.000739151311662513,0.146602689063904,-0.000739388814298218,-0.838398018230633,-6.8752709308853e-05
0.108647067565072,0.630011630052218,-0.00733684219732325,-0.221831962030284,-0.00074428575384096,0.146602777054538,-0.00074452822543347,-0.838399650474443,-6.91438266349417e-05
0.109400551103639,0.630010865179772,-0.0073877531395221,-0.221832063227149,-0.000749455977312927,0.146602866248794,-0.0007497035217265,-0.83840130531589,-6.9535867254604e-05
0.110159260162376,0.630010089573811,-0.00743901775450396,-0.221832165851314,-0.000754662233816839,0.146602956662836,-0.000754914957083473,-0.838402983066133,-6.99288003020437e-05
0.11092323098104,0.630009303082501,-0.00749063850733543,-0.221832269923168,-0.000759904776910827,0.14660304831304,-0.000760162787275389,-0.838404684040562,-7.03225939241228e-05
0.111692500050717,0.63000850555183,-0.00754261788042828,-0.221832375463401,-0.000765183861986869,0.14660314121599,-0.000765447269953145,-0.838406408558865,-7.07172152576083e-05
0.112467104115564,0.630007696825572,-0.00759495837366447,-0.221832482493003,-0.000770499746285015,0.146603235388484,-0.000770768664662747,-0.838408156945079,-7.11126304058021e-05
0.113247080174565,0.630006876745254,-0.0076476625045226,-0.221832591033273,-0.00077585268890779,0.146603330847538,-0.000776127232860653,-0.838409929527648,-7.15088044148937e-05
0.114032465483296,0.630006045150126,-0.00770073280820491,-0.221832701105822,-0.000781242950834685,0.146603427610385,-0.000781523237929284,-0.838411726639486,-7.19057012496249e-05
0.114823297555707,0.630005201877124,-0.0077541718377655,-0.221832812732579,-0.000786670794936813,0.146603525694479,-0.000786956945192679,-0.838413548618028,-7.23032837684837e-05
0.115619614165913,0.630004346760839,-0.00780798216423939,-0.221832925935794,-0.000792136485991659,0.146603625117499,-0.00079242862193229,-0.838415395805301,-7.27015136985573e-05
0.116421453349997,0.630003479633477,-0.0078621663767727,-0.221833040738044,-0.000797640290698011,0.146603725897349,-0.000797938537402967,-0.838417268547973,-7.31003516094703e-05
0.117228853407829,0.630002600324829,-0.00791672708275389,-0.221833157162237,-0.00080318247769101,0.146603828052162,-0.000803486962849087,-0.838419167197425,-7.34997568871965e-05
0.118041852904894,0.630001708662234,-0.00797166690794577,-0.22183327523162,-0.000808763317557318,0.146603931600304,-0.00080907417152082,-0.838421092109805,-7.38996877070672e-05
0.118860490674132,0.63000080447054,-0.00802698849661864,-0.221833394969781,-0.000814383082850446,0.146604036560373,-0.000814700438690587,-0.838423043646097,-7.43001010061889e-05
0.1196848058178,0.629999887572069,-0.00808269451168471,-0.221833516400654,-0.00082004204810624,0.146604142951206,-0.000820366041669686,-0.838425022172182,-7.47009524555073e-05
0.120514837709331,0.629998957786579,-0.00813878763483311,-0.221833639548529,-0.000825740489858458,0.146604250791877,-0.00082607125982505,-0.838427028058901,-7.51021964309762e-05
0.12135062599522,0.629998014931225,-0.00819527056666638,-0.221833764438052,-0.000831478686654562,0.146604360101706,-0.000831816374596214,-0.838429061682127,-7.55037859844418e-05
0.122192210596917,0.629997058820524,-0.00825214602683759,-0.221833891094235,-0.000837256919071586,0.146604470900254,-0.000837601669512418,-0.838431123422823,-7.5905672813667e-05
0.123039631712731,0.62999608926631,-0.00830941675418902,-0.221834019542455,-0.0008430754697322,0.146604583207331,-0.00084342743020992,-0.838433213667114,-7.63078072317652e-05
0.123892929819754,0.629995106077696,-0.0083670855068915,-0.221834149808469,-0.000848934623320919,0.146604697042999,-0.00084929394444945,-0.838435332806356,-7.67101381361907e-05
0.124752145675793,0.629994109061036,-0.00842515506258498,-0.221834281918414,-0.000854834666600438,0.146604812427572,-0.000855201502133859,-0.838437481237198,-7.71126129768263e-05
0.125617320321316,0.629993098019882,-0.0084836282185204,-0.221834415898811,-0.000860775888428153,0.14660492938162,-0.000861150395325967,-0.838439659361661,-7.75151777234889e-05
0.126488495081411,0.629992072754939,-0.00854250779170218,-0.221834551776578,-0.0008667585797728,0.146605047925972,-0.000867140918266527,-0.838441867587201,-7.79177768329489e-05
0.127365711567764,0.629991033064028,-0.00860179661903235,-0.221834689579029,-0.000872783033731293,0.146605168081719,-0.000873173367392467,-0.838444106326783,-7.83203532148183e-05
0.128249011680643,0.62998997874204,-0.00866149755745553,-0.221834829333885,-0.000878849545545694,0.146605289870217,-0.000879248041355248,-0.838446375998954,-7.87228481972727e-05
0.129138437610901,0.629988909580889,-0.00872161348410494,-0.221834971069279,-0.000884958412620346,0.146605413313088,-0.000885365241039427,-0.838448677027916,-7.91252014915936e-05
0.130034031841991,0.629987825369473,-0.00878214729644999,-0.221835114813761,-0.000891109934539184,0.146605538432226,-0.000891525269581452,-0.838451009843597,-7.9527351156225e-05
0.130935837151994,0.629986725893625,-0.00884310191244449,-0.221835260596306,-0.000897304413083192,0.146605665249798,-0.000897728432388594,-0.838453374881729,-7.99292335600596e-05
0.131843896615665,0.629985610936068,-0.00890448027067634,-0.221835408446319,-0.000903542152248041,0.146605793788246,-0.0009039750371581,-0.838455772583923,-8.03307833448785e-05
0.132758253606487,0.629984480276368,-0.00896628533051844,-0.221835558393647,-0.000909823458261887,0.146605924070294,-0.000910265393896578,-0.838458203397745,-8.0731933387021e-05
0.133678951798747,0.629983333690887,-0.00902852007228042,-0.221835710468578,-0.000916148639603335,0.146606056118945,-0.000916599814939517,-0.838460667776795,-8.11326147583391e-05
0.134606035169616,0.629982170952734,-0.00909118749736222,-0.221835864701854,-0.000922518007019615,0.14660618995749,-0.000922978614971089,-0.838463166180784,-8.15327566862992e-05
0.135539548001256,0.629980991831715,-0.00915429062840801,-0.221836021124676,-0.000928931873544854,0.146606325609506,-0.000929402111044093,-0.838465699075614,-8.19322865131603e-05
0.136479534882933,0.629979796094285,-0.00921783250946227,-0.221836179768711,-0.00093539055451863,0.146606463098863,-0.000935870622600153,-0.838468266933457,-8.23311296545282e-05
0.137426040713143,0.629978583503498,-0.00928181620612606,-0.221836340666099,-0.000941894367604577,0.146606602449723,-0.000942384471490092,-0.838470870232841,-8.27292095567853e-05
0.138379110701763,0.62997735381895,-0.00934624480571574,-0.221836503849463,-0.000948443632809326,0.146606743686548,-0.000948943981994588,-0.838473509458727,-8.31264476538682e-05
0.139338790372205,0.629976106796734,-0.00941112141742171,-0.221836669351913,-0.000955038672501471,0.146606886834099,-0.000955549480844952,-0.838476185102595,-8.35227633230184e-05
0.140305125563594,0.629974842189384,-0.00947644917246943,-0.221836837207059,-0.000961679811430852,0.14660703191744,-0.000962201297244235,-0.83847889766253,-8.3918073839645e-05
0.141278162432955,0.629973559745817,-0.00954223122428096,-0.221837007449011,-0.000968367376747934,0.146607178961943,-0.000968899762888469,-0.8384816476433,-8.4312294331236e-05
0.14225794745742,0.629972259211286,-0.00960847074863811,-0.221837180112395,-0.000975101698023416,0.146607327993288,-0.000975645211988174,-0.838484435556455,-8.47053377304452e-05
0.143244527436446,0.629970940327315,-0.00967517094384726,-0.221837355232357,-0.000981883107268061,0.14660747903747,-0.000982437981290145,-0.8384872619204,-8.50971147270327e-05
0.14423794949405,0.629969602831652,-0.00974233503090456,-0.221837532844571,-0.00098871193895265,0.146607632120797,-0.000989278410099367,-0.838490127260495,-8.54875337189739e-05
0.145238261081064,0.629968246458203,-0.00980996625366326,-0.221837712985249,-0.000995588530028186,0.146607787269898,-0.000996166840301258,-0.838493032109138,-8.5876500762333e-05
0.146245509977397,0.629966870936978,-0.00987806787900214,-0.221837895691151,-0.00100251321994629,0.146607944511725,-0.00100310361638412,-0.838495977005858,-8.62639195204559e-05
0.147259744294318,0.629965475994031,-0.009946643196995,-0.22183808099959,-0.0010094863506798,0.146608103873553,-0.00101008908546183,-0.838498962497404,-8.66496912118112e-05
0.148281012476756,0.629964061351398,-0.0100156955210819,-0.221838268948443,-0.00101650826674352,0.146608265382986,-0.00101712359729677,-0.838501989137841,-8.70337145569139e-05
0.149309363305612,0.629962626727038,-0.0100852281882416,-0.22183845957616,-0.00102357931521531,0.146608429067963,-0.00102420750432306,-0.838505057488642,-8.74158857240501e-05
0.150344845900091,0.629961171834768,-0.0101552445591654,-0.221838652921773,-0.00103069984575721,0.146608594956753,-0.00103134116166996,-0.838508168118782,-8.77960982741052e-05
0.151387509720044,0.629959696384201,-0.010225748018432,-0.221838849024907,-0.00103787021063691,0.146608763077966,-0.00103852492718562,-0.838511321604835,-8.81742431039501e-05
0.152437404568337,0.629958200080681,-0.0102967419746843,-0.221839047925787,-0.0010450907647494,0.146608933460552,-0.00104575916146101,-0.838514518531071,-8.855020838891e-05
0.153494580593225,0.629956682625218,-0.0103682298608079,-0.221839249665248,-0.0010523618656388,0.146609106133808,-0.00105304422785418,-0.838517759489551,-8.89238795241179e-05
0.154559088290748,0.629955143714421,-0.0104402151341096,-0.221839454284746,-0.00105968387352047,0.146609281127374,-0.00106038049251474,-0.838521045080233,-8.9295139064291e-05
0.155630978507143,0.629953583040429,-0.0105127012764989,-0.22183966182637,-0.00106705715130326,0.146609458471246,-0.00106776832440864,-0.838524375911063,-8.96638666626343e-05
0.156710302441275,0.629952000290845,-0.0105856917946702,-0.221839872332847,-0.00107448206461209,0.14660963819577,-0.00107520809534324,-0.838527752598085,-9.00299390085291e-05
0.15779711164708,0.629950395148664,-0.0106591902202865,-0.221840085847557,-0.00108195898181069,0.146609820331651,-0.0010827001799926,-0.838531175765537,-9.03932297635357e-05
0.158891458036027,0.629948767292201,-0.0107332001101645,-0.221840302414541,-0.00108948827402455,0.146610004909954,-0.00109024495592311,-0.838534646045962,-9.07536094966188e-05
0.159993393879601,0.629947116395021,-0.0108077250464616,-0.221840522078516,-0.00109707031516419,0.146610191962108,-0.00109784280361939,-0.838538164080302,-9.11109456177284e-05
0.161102971811794,0.629945442125865,-0.0108827686368641,-0.221840744884879,-0.00110470548194859,0.146610381519909,-0.00110549410651049,-0.838541730518016,-9.14651023100482e-05
0.162220244831628,0.629943744148574,-0.0109583345147768,-0.221840970879725,-0.00111239415392889,0.146610573615522,-0.00111319925099631,-0.838545346017179,-9.18159404610236e-05
0.163345266305675,0.629942022122014,-0.0110344263395143,-0.221841200109852,-0.00112013671351233,0.146610768281485,-0.00112095862647448,-0.838549011244594,-9.21633175917924e-05
0.164478089970617,0.629940275699997,-0.011111047796494,-0.221841432622781,-0.00112793354598643,0.146610965550714,-0.0011287726253674,-0.838552726875898,-9.25070877854789e-05
0.165618769935804,0.629938504531207,-0.0111882025974301,-0.221841668466759,-0.00113578503954344,0.146611165456503,-0.00113664164314959,-0.83855649359568,-9.28471016137244e-05
0.166767360685846,0.629936708259114,-0.0112658944805297,-0.221841907690776,-0.001143691585305,0.146611368032528,-0.00114456607837547,-0.838560312097585,-9.31832060617754e-05
0.167923917083208,0.629934886521899,-0.0113441272106907,-0.221842150344578,-0.0011516535773471,0.146611573312854,-0.00115254633270734,-0.838564183084431,-9.35152444523496e-05
0.169088494370839,0.629933038952365,-0.0114229045797,-0.221842396478674,-0.00115967141272526,0.14661178133193,-0.00116058281094372,-0.838568107268323,-9.38430563676845e-05
0.170261148174801,0.629931165177861,-0.0115022304064352,-0.221842646144357,-0.00116774549150001,0.1466119921246,-0.00116867592104803,-0.838572085370769,-9.41664775700041e-05
0.171441934506935,0.629929264820188,-0.011582108537066,-0.221842899393708,-0.00117587621676262,0.146612205726103,-0.00117682607417759,-0.838576118122798,-9.44853399206663e-05
0.172630909767531,0.629927337495519,-0.011662542845259,-0.221843156279616,-0.00118406399466104,0.146612422172074,-0.00118503368471292,-0.838580206265074,-9.47994712971884e-05
0.173828130748022,0.629925382814309,-0.0117435372323825,-0.221843416855789,-0.00119230923442621,0.146612641498552,-0.00119329917028741,-0.83858435054802,-9.51086955092717e-05
0.1750336546337,0.629923400381202,-0.0118250956277144,-0.221843681176766,-0.00120061234839861,0.146612863741978,-0.00120162295181737,-0.838588551731936,-9.54128322124825e-05
0.176247539006444,0.629921389794946,-0.0119072219886505,-0.221843949297933,-0.00120897375205499,0.1466130889392,-0.00121000545353234,-0.838592810587122,-9.57116968206689e-05
0.177469841847474,0.629919350648294,-0.0119899203009158,-0.221844221275538,-0.00121739386403557,0.146613317127476,-0.00121844710300581,-0.838597127894002,-9.60051004162826e-05
0.178700621540116,0.629917282527913,-0.0120731945787764,-0.221844497166701,-0.00122587310617136,0.146613548344479,-0.0012269483311863,-0.838601504443245,-9.62928496593823e-05
0.179939936872594,0.62991518501429,-0.0121570488652535,-0.221844777029435,-0.00123441190351181,0.146613782628295,-0.00123550957242878,-0.838605941035895,-9.65747466940836e-05
0.181187847040838,0.629913057681629,-0.0122414872323392,-0.221845060922655,-0.00124301068435283,0.146614020017429,-0.00124413126452645,-0.838610438483497,-9.68505890539401e-05
0.182444411651309,0.629910900097758,-0.0123265137812142,-0.221845348906199,-0.00125166988026498,0.14661426055081,-0.00125281384874292,-0.838614997608224,-9.71201695648405e-05
0.183709690723849,0.629908711824022,-0.0124121326424667,-0.221845641040836,-0.00126038992612207,0.146614504267788,-0.00126155776984475,-0.838619619243005,-9.73832762462545e-05
0.184983744694544,0.629906492415186,-0.0124983479763138,-0.22184593738829,-0.00126917126012997,0.146614751208142,-0.00127036347613436,-0.838624304231664,-9.76396922105632e-05
0.186266634418617,0.629904241419327,-0.0125851639728241,-0.221846238011251,-0.00127801432385583,0.146615001412079,-0.00127923141948339,-0.838629053429041,-9.78891955600303e-05
0.187558421173328,0.62990195837773,-0.0126725848521422,-0.221846542973391,-0.00128691956225746,0.146615254920241,-0.00128816205536634,-0.838633867701135,-9.81315592821497e-05
0.188859166660905,0.62989964282478,-0.0127606148647154,-0.221846852339386,-0.00129588742371321,0.1466155117737,-0.00129715584289472,-0.838638747925235,-9.83665511427589e-05
0.190168933011491,0.629897294287849,-0.0128492582915218,-0.221847166174927,-0.001304918360052,0.146615772013971,-0.00130621324485153,-0.838643694990054,-9.85939335769043e-05
0.191487782786108,0.629894912287189,-0.0129385194443004,-0.221847484546739,-0.00131401282658376,0.146616035683004,-0.00131533472772619,-0.838648709795873,-9.88134635777627e-05
0.192815778979652,0.629892496335816,-0.0130284026657829,-0.221847807522602,-0.00132317128213019,0.146616302823194,-0.00132452076174986,-0.838653793254674,-9.90248925830939e-05
0.194152985023894,0.629890045939394,-0.0131189123299278,-0.221848135171363,-0.00133239418905582,0.14661657347738,-0.00133377182093119,-0.838658946290283,-9.92279663598328e-05
0.195499464790516,0.629887560596119,-0.0132100528421561,-0.221848467562961,-0.00134168201329939,0.146616847688846,-0.00134308838309251,-0.838664169838513,-9.94224248860309e-05
0.196855282594159,0.6298850397966,-0.0133018286395883,-0.221848804768441,-0.00135103522440564,0.146617125501328,-0.00135247092990641,-0.838669464847303,-9.96080022307028e-05
0.198220503195496,0.629882483023736,-0.0133942441912851,-0.221849146859974,-0.00136045429555738,0.14661740695901,-0.0013619199469328,-0.838674832276865,-9.97844264312431e-05
0.199595191804325,0.629879889752589,-0.0134873039984874,-0.221849493910878,-0.00136993970360788,0.146617692106531,-0.00137143592365642,-0.838680273099831,-9.99514193682771e-05
0.200979414082682,0.629877259450267,-0.013581012594861,-0.221849845995634,-0.00137949192911369,0.146617980988985,-0.00138101935352472,-0.838685788301398,-0.000100108696638512
0.202373236147981,0.629874591575788,-0.0136753745467408,-0.221850203189912,-0.00138911145636773,0.146618273651922,-0.0013906707339863,-0.838691378879477,-0.000100255967424467
0.203776724576168,0.629871885579953,-0.0137703944533791,-0.221850565570587,-0.00139879877343282,0.146618570141352,-0.00140039056652974,-0.83869704584484,-0.000100392934362106
0.205189946404906,0.629869140905215,-0.0138660769471944,-0.221850933215761,-0.00140855437217549,0.146618870503743,-0.00141017935672294,-0.838702790221278,-0.000100519293405821
0.206612969136771,0.629866356985539,-0.0139624266940224,-0.221851306204783,-0.00141837874830017,0.146619174786027,-0.00142003761425289,-0.838708613045748,-0.000100634733690583
0.208045860742482,0.629863533246272,-0.01405944839337,-0.221851684618274,-0.00142827240138385,0.1466194830356,-0.00142996585296596,-0.838714515368527,-0.000100738937391612
0.209488689664142,0.629860669103997,-0.0141571467786702,-0.221852068538148,-0.00143823583491094,0.146619795300322,-0.00143996459090865,-0.838720498253369,-0.00010083157958124
0.210941524818514,0.629857763966396,-0.0142555266175393,-0.221852458047631,-0.00144826955630867,0.146620111628517,-0.00145003435036887,-0.838726562777662,-0.000100912328082819
0.212404435600306,0.629854817232103,-0.0143545927120369,-0.22185285323129,-0.00145837407698278,0.146620432068979,-0.00146017565791765,-0.838732710032585,-0.000100980843322329
0.21387749188549,0.629851828290555,-0.0144543498989268,-0.22185325417505,-0.00146854991235358,0.14662075667097,-0.00147038904445143,-0.838738941123267,-0.000101036778176175
0.215360764034637,0.62984879652185,-0.0145548030499411,-0.221853660966225,-0.00147879758189253,0.14662108548422,-0.00148067504523485,-0.838745257168946,-0.00010107977781712
0.21685432289628,0.629845721296585,-0.0146559570720452,-0.221854073693536,-0.00148911760915903,0.146621418558928,-0.00149103419994398,-0.838751659303135,-0.000101109479556397
0.218358239810298,0.629842601975709,-0.0147578169077062,-0.221854492447138,-0.00149951052183779,0.146621755945765,-0.00150146705271022,-0.838758148673784,-0.000101125512683292
0.21987258661132,0.629839437910362,-0.0148603875351625,-0.221854917318647,-0.00150997685177645,0.146622097695874,-0.00151197415216455,-0.838764726443441,-0.000101127498301212
0.22139743563216,0.629836228441716,-0.0149636739686959,-0.221855348401164,-0.00152051713502371,0.146622443860866,-0.00152255605148254,-0.838771393789423,-0.00010111504916098
0.222932859707273,0.62983297290081,-0.0150676812589057,-0.221855785789301,-0.00153113191186789,0.146622794492826,-0.00153321330842968,-0.838778151903979,-0.000101087769490679
0.224478932176229,0.629829670608384,-0.0151724144929849,-0.22185622957921,-0.00154182172687574,0.14662314964431,-0.00154394648540744,-0.838785001994464,-0.000101045254822393
0.22603572688722,0.629826320874715,-0.0152778787949992,-0.221856679868608,-0.00155258712893191,0.146623509368342,-0.00155475614949979,-0.838791945283502,-0.000100987091815441
0.227603318200585,0.629822922999439,-0.015384079326167,-0.221857136756805,-0.00156342867127869,0.146623873718423,-0.00156564287252035,-0.838798983009162,-0.00010091285807641
0.229181780992365,0.629819476271378,-0.015491021285143,-0.221857600344735,-0.00157434691155619,0.146624242748518,-0.00157660723106008,-0.838806116425131,-0.000100822121975555
0.230771190657875,0.629815979968364,-0.0155987099083025,-0.221858070734982,-0.00158534241184301,0.146624616513065,-0.00158764980653552,-0.838813346800883,-0.000100714442460029
0.23237162311531,0.629812433357055,-0.0157071504700293,-0.22185854803181,-0.00159641573869735,0.14662499506697,-0.00159877118523772,-0.838820675421859,-0.000100589368863147
0.233983154809368,0.629808835692753,-0.0158163482830049,-0.221859032341195,-0.00160756746319849,0.146625378465606,-0.00160997195838168,-0.838828103589641,-0.000100446440710181
0.235605862714901,0.629805186219214,-0.0159263086985007,-0.221859523770853,-0.00161879816098883,0.146625766764813,-0.00162125272215644,-0.83883563262213,-0.000100285187520768
0.237239824340596,0.629801484168458,-0.0160370371066715,-0.221860022430275,-0.0016301084123163,0.146626160020895,-0.00163261407777575,-0.838843263853724,-0.0001001051286071
0.238885117732672,0.629797728760575,-0.016148538936852,-0.221860528430755,-0.00164149880207721,0.146626558290618,-0.00164405663152937,-0.838850998635499,-9.99057728685304e-05
0.240541821478611,0.629793919203528,-0.0162608196578555,-0.221861041885425,-0.00165296991985972,0.146626961631211,-0.00165558099483506,-0.838858838335389,-9.96866185822426e-05
0.242210014710909,0.629790054692948,-0.0163738847782744,-0.221861562909286,-0.00166452235998754,0.146627370100358,-0.00166718778429107,-0.838866784338372,-9.94471531902547e-05
0.24388977711086,0.629786134411934,-0.0164877398467837,-0.221862091619246,-0.00167615672156434,0.146627783756203,-0.00167887762172944,-0.838874838046647,-9.91868530818008e-05
0.24558118891236,0.62978215753084,-0.0166023904524464,-0.22186262813415,-0.00168787360851846,0.14662820265734,-0.00169065113426982,-0.838883000879824,-9.89051833723692e-05
0.247284330905736,0.629778123207063,-0.0167178422250206,-0.221863172574818,-0.00169967362964818,0.146628626862815,-0.00170250895437399,-0.838891274275109,-9.86015976779386e-05
0.24899928444161,0.629774030584832,-0.0168341008352705,-0.221863725064078,-0.00171155739866751,0.146629056432119,-0.0017144517199011,-0.838899659687488,-9.82755378855088e-05
0.250726131434783,0.62976987879498,-0.0169511719952781,-0.221864285726808,-0.00172352553425237,0.146629491425188,-0.00172648007416349,-0.838908158589919,-9.79264339189406e-05
0.252464954368146,0.629765666954727,-0.0170690614587581,-0.221864854689968,-0.00173557866008738,0.146629931902396,-0.00173859466598328,-0.838916772473518,-9.75537035007301e-05
0.254215836296621,0.629761394167446,-0.017187775021375,-0.221865432082641,-0.00174771740491304,0.146630377924552,-0.00175079614974959,-0.838925502847749,-9.71567519091332e-05
0.25597886085113,0.629757059522437,-0.0173073185210623,-0.221866018036069,-0.00175994240257354,0.146630829552896,-0.00176308518547651,-0.83893435124062,-9.67349717310717e-05
0.257754112242586,0.629752662094686,-0.0174276978383445,-0.221866612683697,-0.00177225429206491,0.146631286849093,-0.00177546243886171,-0.838943319198868,-9.62877426101266e-05
0.259541675265918,0.629748200944624,-0.017548918896661,-0.221867216161212,-0.00178465371758392,0.146631749875229,-0.00178792858134587,-0.838952408288157,-9.58144309899239e-05
0.261341635304121,0.629743675117889,-0.0176709876626924,-0.22186782860658,-0.00179714132857722,0.146632218693804,-0.00180048429017273,-0.838961620093268,-9.53143898532183e-05
0.263154078332332,0.629739083645067,-0.0177939101466897,-0.221868450160094,-0.00180971777979125,0.146632693367727,-0.0018131302484499,-0.838970956218301,-9.47869584554673e-05
0.26497909092194,0.629734425541446,-0.0179176924028049,-0.221869080964414,-0.00182238373132253,0.146633173960309,-0.00182586714521047,-0.838980418286861,-9.42314620542561e-05
0.266816760244719,0.629729699806753,-0.0180423405294252,-0.221869721164611,-0.00183513984866852,0.146633660535257,-0.00183869567547528,-0.838990007942261,-9.36472116330328e-05
0.268667174076992,0.629724905424895,-0.0181678606695081,-0.221870370908212,-0.00184798680277905,0.146634153156667,-0.00185161654031601,-0.838999726847721,-9.3033503620471e-05
0.270530420803823,0.629720041363687,-0.0182942590109205,-0.221871030345246,-0.00186092527010821,0.146634651889016,-0.00186463044691904,-0.839009576686558,-9.23896196042551e-05
0.27240658942324,0.629715106574581,-0.0184215417867787,-0.221871699628289,-0.00187395593266688,0.146635156797153,-0.00187773810864997,-0.839019559162393,-9.17148260397987e-05
0.274295769550488,0.629710099992392,-0.0185497152757916,-0.221872378912515,-0.00188707947807576,0.146635667946293,-0.00189094024511915,-0.839029675999349,-9.10083739537743e-05
0.276198051422303,0.62970502053501,-0.0186787858026061,-0.221873068355738,-0.00190029659961892,0.146636185402007,-0.00190423758224773,-0.839039928942244,-9.0269498642076e-05
0.278113525901229,0.629699867103114,-0.0188087597381548,-0.221873768118468,-0.00191360799629795,0.146636709230212,-0.0019176308523347,-0.839050319756803,-8.94974193624137e-05
0.280042284479955,0.629694638579884,-0.0189396435000059,-0.221874478363958,-0.00192701437288669,0.146637239497161,-0.00193112079412466,-0.83906085022985,-8.86913390216459e-05
0.281984419285683,0.629689333830694,-0.0190714435527162,-0.221875199258256,-0.00194051643998647,0.146637776269434,-0.00194470815287642,-0.839071522169516,-8.78504438568267e-05
0.283940023084533,0.629683951702819,-0.0192041664081849,-0.221875930970259,-0.00195411491408192,0.146638319613928,-0.00195839368043245,-0.839082337405436,-8.69739031112843e-05
0.285909189285972,0.629678491025114,-0.0193378186260117,-0.221876673671762,-0.00196781051759741,0.146638869597843,-0.00197217813528909,-0.839093297788956,-8.60608687044268e-05
0.287892011947275,0.629672950607713,-0.0194724068138556,-0.221877427537518,-0.00198160397895399,0.146639426288672,-0.00198606228266764,-0.839104405193334,-8.51104748957332e-05
0.289888585778017,0.629667329241695,-0.0196079376277973,-0.221878192745291,-0.00199549603262699,0.146639989754187,-0.00200004689458637,-0.839115661513945,-8.41218379430131e-05
0.291899006144599,0.629661625698771,-0.0197444177727025,-0.221878969475913,-0.00200948741920408,0.146640560062428,-0.00201413274993324,-0.83912706866848,-8.30940557541987e-05
0.293923369074803,0.629655838730939,-0.0198818540025888,-0.221879757913341,-0.00202357888544404,0.146641137281689,-0.00202832063453958,-0.839138628597157,-8.20262075333922e-05
0.295961771262377,0.629649967070159,-0.0200202531209946,-0.221880558244721,-0.00203777118433604,0.146641721480503,-0.00204261134125464,-0.839150343262918,-8.09173534203483e-05
0.298014310071653,0.629644009427998,-0.0201596219813494,-0.221881370660441,-0.00205206507515952,0.146642312727625,-0.002057005670021,-0.839162214651636,-7.97665341239207e-05
0.300081083542203,0.629637964495287,-0.0202999674873475,-0.221882195354198,-0.00206646132354472,0.146642911092022,-0.00207150442795082,-0.83917424477232,-7.85727705486378e-05
0.302162190393513,0.629631830941759,-0.0204412965933235,-0.22188303252306,-0.00208096070153368,0.146643516642853,-0.00208610842940311,-0.839186435657316,-7.73350634152986e-05
0.304257730029708,0.629625607415691,-0.02058361630463,-0.221883882367528,-0.00209556398764197,0.146644129449451,-0.00210081849606179,-0.839198789362514,-7.60523928744899e-05
0.306367802544292,0.62961929254353,-0.0207269336780169,-0.221884745091605,-0.00211027196692093,0.146644749581311,-0.00211563545701463,-0.839211307967548,-7.47237181137617e-05
0.308492508724934,0.62961288492952,-0.0208712558220145,-0.221885620902859,-0.00212508543102057,0.146645377108065,-0.00213056014883333,-0.839223993576001,-7.33479769574885e-05
0.31063195005828,0.629606383155315,-0.021016589897317,-0.221886510012494,-0.00214000517825296,0.146646012099468,-0.0021455934156542,-0.839236848315608,-7.19240854606257e-05
0.312786228734801,0.629599785779593,-0.021162943117169,-0.221887412635418,-0.00215503201365642,0.146646654625375,-0.00216073610926005,-0.839249874338459,-7.04509374944984e-05
0.314955447653674,0.629593091337655,-0.0213103227477544,-0.221888328990316,-0.00217016674906011,0.146647304755724,-0.00217598908916289,-0.839263073821197,-6.89274043264992e-05
0.317139710427697,0.629586298341023,-0.0214587361085866,-0.221889259299719,-0.0021854102031493,0.146647962560509,-0.00219135322268757,-0.839276448965224,-6.73523341915561e-05
0.319339121388238,0.629579405277029,-0.0216081905729016,-0.221890203790082,-0.00220076320153135,0.146648628109765,-0.00220682938505647,-0.839290001996899,-6.57245518571326e-05
0.321553785590219,0.629572410608392,-0.0217586935680518,-0.221891162691857,-0.0022162265768021,0.14664930147354,-0.00222241845947497,-0.839303735167738,-6.40428581807906e-05
0.323783808817133,0.629565312772796,-0.0219102525759037,-0.221892136239571,-0.00223180116861303,0.146649982721872,-0.00223812133721812,-0.839317650754613,-6.23060296594813e-05
0.326029297586097,0.629558110182453,-0.0220628751332359,-0.221893124671902,-0.00224748782373893,0.146650671924764,-0.00225393891771808,-0.839331751059948,-6.05128179720915e-05
0.328290359152942,0.629550801223659,-0.0222165688321396,-0.221894128231763,-0.00226328739614621,0.146651369152161,-0.0022698721086527,-0.839346038411919,-5.86619495140384e-05
0.330567101517332,0.629543384256349,-0.0223713413204218,-0.221895147166383,-0.00227920074706189,0.146652074473919,-0.00228592182603492,-0.839360515164648,-5.67521249240366e-05
0.332859633427924,0.629535857613634,-0.022527200302008,-0.221896181727389,-0.00229522874504295,0.146652787959782,-0.00230208899430331,-0.839375183698396,-5.4782018602928e-05
0.335168064387565,0.629528219601335,-0.02268415353735,-0.221897232170892,-0.00231137226604662,0.146653509679348,-0.00231837454641353,-0.839390046419758,-5.27502782244615e-05
0.337492504658521,0.629520468497511,-0.0228422088438325,-0.221898298757572,-0.00232763219350104,0.146654239702044,-0.00233477942393084,-0.839405105761851,-5.0655524238441e-05
0.339833065267741,0.629512602551973,-0.0230013740961829,-0.221899381752773,-0.00234400941837647,0.146654978097094,-0.00235130457712352,-0.839420364184507,-4.84963493652402e-05
0.342189858012163,0.62950461998579,-0.0231616572268823,-0.221900481426585,-0.00236050483925737,0.146655724933486,-0.00236795096505743,-0.83943582417446,-4.62713180820473e-05
0.344562995464054,0.629496518990793,-0.0233230662265787,-0.221901598053945,-0.00237711936241483,0.14665648027994,-0.0023847195556915,-0.83945148824553,-4.39789661009493e-05
0.346952590976386,0.629488297729059,-0.0234856091445005,-0.221902731914723,-0.0023938539018796,0.146657244204874,-0.00240161132597428,-0.839467358938808,-4.16177998384393e-05
0.349358758688252,0.629479954332399,-0.0236492940888724,-0.221903883293826,-0.00241070937951584,0.146658016776368,-0.00241862726194148,-0.839483438822841,-3.91862958762645e-05
0.351781613530314,0.629471486901821,-0.0238141292273331,-0.22190505248129,-0.00242768672509539,0.146658798062129,-0.00243576835881459,-0.839499730493807,-3.66829004138092e-05
0.354221271230298,0.629462893506999,-0.0239801227873526,-0.221906239772385,-0.00244478687637251,0.146659588129453,-0.00245303562110048,-0.839516236575693,-3.41060287113726e-05
0.356677848318515,0.629454172185722,-0.0241472830566532,-0.221907445467715,-0.0024620107791594,0.146660387045184,-0.00247043006269209,-0.839532959720472,-3.1454064524844e-05
0.359151462133436,0.629445320943339,-0.0243156183836294,-0.221908669873321,-0.00247935938740207,0.146661194875678,-0.00248795270697006,-0.839549902608274,-2.87253595313841e-05
0.361642230827288,0.629436337752188,-0.0244851371777703,-0.221909913300792,-0.00249683366325691,0.146662011686758,-0.00250560458690557,-0.83956706794755,-2.5918232745531e-05
0.364150273371703,0.629427220551023,-0.0246558479100825,-0.221911176067369,-0.00251443457716772,0.146662837543671,-0.00252338674516398,-0.839584458475249,-2.30309699272013e-05
0.366675709563398,0.629417967244423,-0.0248277591135148,-0.22191245849606,-0.00253216310794342,0.146663672511047,-0.0025413002342098,-0.839602076956969,-2.0061822979256e-05
0.369218660029898,0.629408575702196,-0.0250008793833822,-0.221913760915748,-0.0025500202428361,0.146664516652852,-0.00255934611641245,-0.839619926187125,-1.70090093363773e-05
0.371779246235299,0.629399043758772,-0.0251752173777922,-0.221915083661314,-0.00256800697761977,0.146665370032338,-0.00257752546415319,-0.839638008989099,-1.38707113444825e-05
0.374357590486067,0.629389369212578,-0.0253507818180708,-0.221916427073749,-0.0025861243166695,0.146666232711999,-0.00259583935993311,-0.839656328215398,-1.06450756299781e-05
0.376953815936883,0.629379549825414,-0.0255275814891901,-0.221917791500274,-0.00260437327304119,0.146667104753518,-0.00261428889648211,-0.839674886747798,-7.33021246029919e-06
0.379568046596523,0.629369583321807,-0.025705625240195,-0.221919177294468,-0.00262275486855171,0.146667986217716,-0.0026328751768689,-0.839693687497493,-3.92419509395725e-06
0.382200407333782,0.629359467388363,-0.025884921984632,-0.221920584816388,-0.00264127013385963,0.1466688771645,-0.00265159931461216,-0.839712733405229,-4.25059121261784e-07
0.384851023883439,0.629349199673096,-0.0260654807009768,-0.2219220144327,-0.00265992010854634,0.146669777652806,-0.00267046243379263,-0.839732027441447,3.16919820575468e-06
0.387520022852263,0.629338777784762,-0.0262473104330628,-0.221923466516809,-0.00267870584119772,0.146670687740543,-0.00268946566916626,-0.83975157260641,6.86061865187715e-06
0.390207531725059,0.62932819929216,-0.0264304202905094,-0.22192494144899,-0.00269762838948611,0.146671607484538,-0.0027086101662784,-0.839771371930331,1.06512836889894e-05
0.392913678870758,0.629317461723444,-0.026614819449151,-0.221926439616525,-0.00271668882025289,0.146672536940471,-0.00272789708157906,-0.839791428473494,1.45433151954311e-05
0.395638593548549,0.6293065625654,-0.0268005171514643,-0.221927961413845,-0.00273588820959138,0.146673476162815,-0.00274732758253916,-0.839811745326371,1.85388761659577e-05
0.398382405914052,0.629295499262734,-0.0269875227069968,-0.221929507242663,-0.00275522764293012,0.146674425204776,-0.00276690284776778,-0.839832325609735,2.26401714323865e-05
0.401145247025537,0.629284269217322,-0.0271758454927944,-0.221931077512127,-0.00277470821511655,0.146675384118221,-0.00278662406713046,-0.839853172474762,2.68494483940951e-05
0.403927248850181,0.629272869787475,-0.0273654949538274,-0.221932672638964,-0.00279433103050109,0.146676352953617,-0.0028064924418685,-0.839874289103133,3.11689977591512e-05
0.406728544270374,0.629261298287162,-0.0275564806034176,-0.221934293047626,-0.00281409720302156,0.146677331759957,-0.00282650918471929,-0.839895678707125,3.5601154296433e-05
0.409549267090063,0.629249551985248,-0.0277488120236631,-0.221935939170449,-0.00283400785628785,0.146678320584691,-0.00284667552003757,-0.839917344529704,4.01482975981027e-05
0.412389552041149,0.629237628104696,-0.0279424988658623,-0.221937611447808,-0.002854064123667,0.146679319473652,-0.00286699268391771,-0.839939289844598,4.48128528524605e-05
0.415249534789915,0.62922552382177,-0.0281375508509375,-0.221939310328273,-0.00287426714836845,0.146680328470981,-0.00288746192431696,-0.839961517956378,4.95972916280951e-05
0.418129351943512,0.629213236265216,-0.0283339777698563,-0.221941036268775,-0.00289461808352967,0.146681347619049,-0.00290808450117976,-0.839984032200522,5.45041326689699e-05
0.421029141056481,0.629200762515434,-0.0285317894840514,-0.221942789734769,-0.0029151180923019,0.146682376958376,-0.00292886168656276,-0.840006835943473,5.95359426997233e-05
0.423949040637325,0.629188099603636,-0.0287309959258398,-0.221944571200407,-0.0029357683479362,0.146683416527552,-0.0029497947647611,-0.840029932582694,6.46953372427095e-05
0.426889190155123,0.629175244510982,-0.0289316070988389,-0.221946381148707,-0.00295657003386962,0.146684466363149,-0.00297088503243534,-0.840053325546713,6.99849814453646e-05
0.429849730046193,0.629162194167715,-0.029133633078381,-0.22194822007173,-0.00297752434381148,0.146685526499639,-0.00299213379873946,-0.840077018295156,7.54075909194241e-05
0.432830801720801,0.629148945452268,-0.0293370840119259,-0.22195008847076,-0.00299863248182997,0.146686596969301,-0.00301354238544975,-0.840101014318779,8.096593259041e-05
0.435832547569911,0.629135495190367,-0.0295419701194706,-0.221951986856488,-0.00301989566243856,0.14668767780213,-0.00303511212709453,-0.840125317139483,8.66628255590529e-05
0.438855110971994,0.629121840154108,-0.0297483016939563,-0.221953915749195,-0.0030413151106827,0.146688769025747,-0.00305684437108478,-0.84014993031033,9.25011419734001e-05
0.441898636299867,0.62910797706103,-0.0299560891016728,-0.221955875678946,-0.00306289206222641,0.146689870665297,-0.00307874047784559,-0.840174857415541,9.84838079123029e-05
0.444963268927599,0.629093902573168,-0.0301653427826599,-0.221957867185783,-0.00308462776343893,0.146690982743356,-0.00310080182094843,-0.840200102070485,0.000104613804280423
0.448049155237445,0.629079613296083,-0.0303760732511051,-0.221959890819923,-0.00310652347148135,0.146692105279824,-0.00312302978724435,-0.840225667921668,0.00011089416771401
0.451156442626847,0.629065105777889,-0.0305882910957382,-0.22196194714196,-0.00312858045439303,0.146693238291824,-0.00314542577699775,-0.840251558646702,0.000117327991498467
0.454285279515466,0.629050376508257,-0.0308020069802212,-0.221964036723071,-0.00315079999117798,0.146694381793597,-0.00316799120402111,-0.840277777954265,0.000123918426497283
0.457435815352278,0.629035421917401,-0.0310172316435365,-0.221966160145223,-0.00317318337189123,0.146695535796386,-0.00319072749581039,-0.840304329584052,0.000130668682091745
0.46060820062271,0.629020238375055,-0.0312339759003674,-0.221968318001393,-0.00319573189772464,0.146696700308329,-0.00321363609368115,-0.840331217306717,0.000137582027132627
0.463802586855826,0.629004822189422,-0.0314522506414774,-0.221970510895781,-0.00321844688109278,0.146697875334343,-0.00323671845290531,-0.840358444923802,0.000144661790902889
0.467019126631568,0.628989169606121,-0.0316720668340823,-0.221972739444034,-0.00324132964571837,0.146699060876004,-0.00325997604284869,-0.84038601626765,0.000151911364091956
0.470257973588042,0.628973276807102,-0.0318934355222185,-0.221975004273475,-0.00326438152671737,0.146700256931424,-0.00328341034710907,-0.840413935201313,0.000159334199781036
0.473519282428857,0.628957139909555,-0.0321163678271062,-0.221977306023329,-0.00328760387068374,0.146701463495132,-0.00330702286365494,-0.840442205618443,0.000166933814439801
0.476803208930514,0.628940754964794,-0.0323408749475057,-0.221979645344964,-0.00331099803577369,0.146702680557943,-0.00333081510496474,-0.840470831443173,0.000174713788935077
0.480109909949849,0.628924117957132,-0.0325669681600693,-0.221982022902129,-0.00333456539178952,0.146703908106826,-0.0033547885981667,-0.84049981662998,0.00018267776954925
0.483439543431522,0.628907224802727,-0.0327946588196857,-0.221984439371198,-0.00335830732026276,0.146705146124776,-0.00337894488517919,-0.840529165163543,0.000190829469011639
0.486792268415562,0.628890071348422,-0.0330239583598187,-0.221986895441419,-0.00338222521453678,0.146706394590669,-0.00340328552285146,-0.840558881058578,0.000199172667539965
0.490168245044966,0.628872653370558,-0.0332548782928394,-0.221989391815173,-0.00340632047984884,0.146707653479127,-0.00342781208310492,-0.840588968359664,0.000207711213893097
0.493567634573345,0.628854966573772,-0.03348743021035,-0.221991929208227,-0.00343059453341117,0.146708922760375,-0.00345252615307472,-0.840619431141056,0.000216449026435028
0.496990599372628,0.628837006589778,-0.033721625783501,-0.221994508350001,-0.00345504880449144,0.14671020240009,-0.00347742933525174,-0.840650273506474,0.00022539009421027
0.500437302940819,0.628818768976125,-0.0339574767633007,-0.221997129983837,-0.00347968473449224,0.146711492359251,-0.00350252324762477,-0.840681499588892,0.000234538478028762
0.503907909909802,0.628800249214944,-0.0341949949809166,-0.221999794867274,-0.00350450377702978,0.146712792593988,-0.00352780952382319,-0.840713113550292,0.000243898311563462
0.50740258605321,0.628781442711666,-0.0344341923479674,-0.222002503772323,-0.00352950739801142,0.14671410305542,-0.00355328981325962,-0.840745119581422,0.000253473802457216
0.510921498294339,0.628762344793731,-0.0346750808568075,-0.222005257485758,-0.00355469707571226,0.146715423689497,-0.00357896578127286,-0.840777521901519,0.000263269233440999
0.514464814714125,0.628742950709267,-0.0349176725808001,-0.222008056809401,-0.00358007430085037,0.146716754436832,-0.00360483910927084,-0.840810324758029,0.000273288963462348
0.518032704559168,0.62872325562576,-0.0351619796745842,-0.222010902560419,-0.00360564057666114,0.146718095232533,-0.00363091149487395,-0.840843532426301,0.000283537428824504
0.52162533824982,0.628703254628698,-0.035408014374328,-0.222013795571624,-0.00363139741896995,0.146719446006031,-0.00365718465205787,-0.840877149209269,0.000294019144335134
0.525242887388322,0.628682942720199,-0.035655788997974,-0.222016736691781,-0.00365734635626371,0.1467208066809,-0.00368366031129687,-0.840911179437108,0.000304738704466512
0.528885524767003,0.628662314817613,-0.0359053159454726,-0.222019726785916,-0.00368348892976073,0.14672217717468,-0.00371034021970663,-0.840945627466884,0.000315700784523643
0.532553424376533,0.628641365752112,-0.036156607699005,-0.22202276673564,-0.00370982669347918,0.146723557398692,-0.00373722614118718,-0.840980497682169,0.000326910141824316
0.536246761414231,0.628620090267255,-0.0364096768231936,-0.222025857439466,-0.0037363612143038,0.146724947257844,-0.00376431985656538,-0.841015794492651,0.000338371616887129
0.539965712292437,0.628598483017533,-0.036664535965302,-0.222028999813142,-0.00376309407205086,0.146726346650446,-0.00379162316373734,-0.841051522333711,0.000350090134629916
0.543710454646936,0.628576538566894,-0.0369211978554199,-0.222032194789985,-0.00379002685953129,0.146727755468005,-0.00381913787781029,-0.841087685665994,0.000362070705577033
0.547481167345445,0.62855425138725,-0.037179675306638,-0.222035443321224,-0.00381716118261184,0.146729173595028,-0.00384686583124421,-0.841124288974946,0.000374318427075498
0.551278030496154,0.62853161585696,-0.0374399812152078,-0.222038746376344,-0.00384449866027427,0.146730600908816,-0.00387480887399283,-0.841161336770337,0.000386838484520119
0.55510122545633,0.628508626259292,-0.0377021285606875,-0.222042104943443,-0.00387204092467218,0.146732037279251,-0.00390296887364418,-0.841198833585756,0.000399636152587396
0.558950934840979,0.62848527678087,-0.0379661304060747,-0.222045520029591,-0.00389978962118583,0.146733482568584,-0.00393134771556045,-0.841236783978097,0.000412716796477364
0.56282734253157,0.62846156151009,-0.0382319998979236,-0.222048992661196,-0.00392774640847439,0.146734936631217,-0.00395994730301716,-0.841275192527001,0.000426085873163146
0.566730633684818,0.628437474435524,-0.0384997502664467,-0.222052523884377,-0.00395591295852572,0.146736399313473,-0.00398876955734153,-0.841314063834299,0.000439748932649392
0.570660994741526,0.628413009444302,-0.0387693948256015,-0.222056114765343,-0.00398429095670366,0.146737870453377,-0.00401781641805004,-0.841353402523411,0.000453711619236907
0.574618613435493,0.628388160320466,-0.0390409469731607,-0.222059766390779,-0.0040128821017924,0.146739349880416,-0.00404708984298495,-0.841393213238732,0.000467979672795327
0.578603678802477,0.62836292074331,-0.0393144201907652,-0.222063479868239,-0.00404168810603813,0.146740837415302,-0.00407659180844984,-0.841433500644991,0.000482558930041899
0.582616381189231,0.628337284285695,-0.0395898280439606,-0.222067256326546,-0.00407071069518764,0.146742332869734,-0.00410632430934406,-0.841474269426585,0.000497455325827428
0.586656912262587,0.628311244412345,-0.0398671841822152,-0.222071096916195,-0.00409995160852383,0.146743836046147,-0.00413628935929588,-0.841515524286884,0.000512674894427939
0.590725465018618,0.628284794478122,-0.0401465023389205,-0.222075002809772,-0.0041294125988979,0.14674534673746,-0.00416648899079442,-0.841557269947517,0.00052822377084219
0.594822233791852,0.628257927726272,-0.0404277963313718,-0.222078975202367,-0.00415909543275818,0.14674686472682,-0.0041969252553201,-0.841599511147627,0.000544108192094495
0.598947414264556,0.628230637286663,-0.0407110800607308,-0.222083015312009,-0.00418900189017548,0.146748389787341,-0.00422760022347374,-0.841642252643095,0.000560334498543008
0.603101203476082,0.628202916173991,-0.0409963675119668,-0.222087124380092,-0.00421913376486464,0.146749921681836,-0.00425851598510379,-0.841685499205748,0.000576909135191372
0.607283799832281,0.628174757285969,-0.0412836727537783,-0.222091303671826,-0.00424949286420235,0.146751460162543,-0.00428967464943222,-0.841729255622528,0.000593838653006412
0.611495403114975,0.628146153401493,-0.0415730099384934,-0.222095554476676,-0.00428008100924084,0.146753004970851,-0.00432107834517823,-0.841773526694639,0.00061112971023719
0.615736214491506,0.628117097178786,-0.0418643933019491,-0.222099878108826,-0.00431090003471766,0.146754555837017,-0.00435272922068045,-0.84181831723666,0.000628789073739339
0.620006436524339,0.628087581153527,-0.0421578371633463,-0.22210427590764,-0.00434195178906084,0.146756112479875,-0.00438462944401668,-0.841863632075636,0.000646823620300913
0.624306273180741,0.628057597736951,-0.0424533559250854,-0.222108749238131,-0.00437323813438991,0.14675767460655,-0.00441678120312193,-0.841909476050134,0.000665240337970635
0.628635929842521,0.628027139213927,-0.0427509640725748,-0.222113299491445,-0.00440476094651192,0.146759241912153,-0.00444918670590383,-0.841955854009269,0.000684046327388055
0.632995613315842,0.627996197741028,-0.0430506761740192,-0.222117928085342,-0.00443652211491303,0.146760814079481,-0.00448184818035599,-0.8420027708117,0.000703248803114731
0.637385531841099,0.62796476534456,-0.0433525068801795,-0.222122636464695,-0.00446852354274473,0.146762390778709,-0.00451476787466865,-0.842050231324597,0.000722855094966168
0.641805895102865,0.627932833918589,-0.0436564709241106,-0.222127426101986,-0.00450076714680517,0.146763971667073,-0.00454794805733684,-0.842098240422574,0.00074287264934314
0.646256914239905,0.627900395222936,-0.0439625831208722,-0.222132298497824,-0.00453325485751501,0.146765556388553,-0.00458139101726584,-0.84214680298659,0.000763309030563569
0.650738801855265,0.627867440881155,-0.0442708583672123,-0.222137255181453,-0.00456598861888768,0.146767144573549,-0.00461509906387356,-0.842195923902818,0.000784171922191518
0.655251772026422,0.627833962378485,-0.0445813116412259,-0.222142297711286,-0.00459897038849405,0.146768735838544,-0.00464907452719027,-0.842245608061484,0.000805469128366154
0.659796040315516,0.627799951059797,-0.0448939580019833,-0.222147427675434,-0.00463220213742093,0.146770329785777,-0.00468331975795491,-0.842295860355668,0.000827208575126859
0.664371823779638,0.627765398127501,-0.0452088125891332,-0.222152646692249,-0.00466568585022372,0.146771926002893,-0.00471783712770836,-0.842346685680073,0.0008493983117355
0.668979340981204,0.627730294639443,-0.045525890622473,-0.222157956410873,-0.00469942352487236,0.146773524062604,-0.00475262902888312,-0.842398088929764,0.000872046511995461
0.673618811998395,0.627694631506788,-0.0458452074014945,-0.222163358511798,-0.00473341717269116,0.146775123522328,-0.00478769787488965,-0.842450074998864,0.000895161475564343
0.678290458435663,0.627658399491871,-0.0461667783048941,-0.222168854707427,-0.00476766881829136,0.146776723923836,-0.00482304610019887,-0.842502648779225,0.000918751629263692
0.682994503434323,0.627621589206033,-0.0464906187900566,-0.222174446742656,-0.00480218049949717,0.146778324792889,-0.00485867616042098,-0.842555815159055,0.000942825528380431
0.687731171683206,0.627584191107447,-0.046816744392505,-0.222180136395449,-0.00483695426726426,0.146779925638862,-0.00489459053238027,-0.842609579021517,0.000967391857962796
0.692500689429393,0.627546195498909,-0.0471451707253187,-0.222185925477433,-0.00487199218559099,0.146781525954375,-0.00493079171418565,-0.842663945243286,0.000992459434107418
0.697303284489026,0.627507592525625,-0.0474759134785197,-0.222191815834496,-0.00490729633142192,0.14678312521491,-0.0049672822252973,-0.842718918693073,0.00101803720523919
0.70213918625818,0.627468372172969,-0.0478089884184238,-0.222197809347396,-0.0049428687945433,0.146784722878424,-0.00500406460658839,-0.84277450423011,0.00104413425338074
0.70700862572383,0.627428524264231,-0.0481444113869604,-0.222203907932373,-0.00497871167747077,0.146786318384957,-0.00504114142040273,-0.842830706702605,0.00107075979541127
0.71191183547488,0.627388038458339,-0.0484821983009545,-0.222210113541779,-0.00501482709532816,0.146787911156235,-0.0050785152506073,-0.842887530946149,0.00109792318431629
0.716849049713269,0.627346904247574,-0.048822365151376,-0.222216428164705,-0.00505121717571816,0.146789500595264,-0.00511618870264013,-0.842944981782094,0.00112563391042253
0.721820504265165,0.627305110955259,-0.0491649280025507,-0.222222853827625,-0.00508788405858367,0.146791086085926,-0.00515416440355295,-0.843003064015889,0.00115390160262208
0.726826436592224,0.627262647733436,-0.0495099029913371,-0.222229392595046,-0.00512482989606035,0.146792666992557,-0.00519244500204879,-0.843061782435382,0.00118273602958141
0.731867085802933,0.627219503560523,-0.0498573063262639,-0.222236046570165,-0.00516205685231956,0.146794242659533,-0.00523103316851401,-0.843121141809078,0.00121214710093587
0.736942692664033,0.627175667238961,-0.0502071542866309,-0.222242817895534,-0.00519956710340171,0.146795812410841,-0.00526993159504497,-0.843181146884367,0.00124214486846819
0.742053499612018,0.62713112739284,-0.0505594632215706,-0.222249708753737,-0.00523736283703963,0.146797375549648,-0.00530914299546881,-0.843241802385704,0.00127273952727036
0.747199750764715,0.627085872465512,-0.0509142495490711,-0.222256721368073,-0.00527544625247181,0.146798931357866,-0.00534867010535842,-0.843303113012756,0.00130394141688706
0.752381691932944,0.627039890717193,-0.0512715297549591,-0.222263858003247,-0.00531381956024508,0.146800479095705,-0.00538851568204135,-0.843365083438511,0.00133576102244015
0.757599570632259,0.626993170222541,-0.0516313203918422,-0.222271120966068,-0.00535248498200653,0.146802018001229,-0.00542868250460237,-0.843427718307344,0.00136820897573364
0.762853636094773,0.626945698868233,-0.0519936380780112,-0.222278512606161,-0.0053914447502845,0.146803547289901,-0.00546917337387983,-0.843491022233049,0.00140129605633665
0.768144139281058,0.626897464350521,-0.0523584994962991,-0.22228603531668,-0.00543070110825799,0.146805066154125,-0.00550999111245514,-0.843554999796825,0.00143503319264482
0.773471332892138,0.626848454172775,-0.0527259213928997,-0.222293691535037,-0.00547025630951476,0.146806573762781,-0.00555113856463579,-0.843619655545232,0.00146943146291822
0.778835471381553,0.62679865564302,-0.0530959205761417,-0.222301483743631,-0.00551011261779719,0.146808069260756,-0.00559261859643104,-0.843684993988098,0.00150450209629382
0.784236810967519,0.626748055871455,-0.0534685139152205,-0.22230941447059,-0.00555027230673613,0.146809551768471,-0.00563443409552081,-0.843751019596398,0.0015402564737732
0.78967560964516,0.626696641767965,-0.0538437183388865,-0.222317486290524,-0.00559073765957228,0.146811020381398,-0.00567658797121718,-0.84381773680008,0.00157670612918343
0.795152127198837,0.626644400039621,-0.0542215508340869,-0.222325701825275,-0.00563151096886447,0.146812474169578,-0.00571908315441818,-0.843885149985867,0.00161386275010833
0.800666625214554,0.626591317188172,-0.0546020284445639,-0.222334063744692,-0.00567259453618501,0.14681391217713,-0.00576192259755411,-0.843953263495012,0.00165173817879249
0.806219367092452,0.626537379507525,-0.0549851682694074,-0.222342574767396,-0.00571399067180166,0.146815333421758,-0.005805109274526,-0.844022081621011,0.00169034441301347
0.811810618059391,0.626482573081221,-0.0553709874615608,-0.222351237661564,-0.00575570169434557,0.146816736894248,-0.00584864618063586,-0.844091608607287,0.00172969360692193
0.817440645181619,0.626426883779896,-0.0557595032262793,-0.22236005524572,-0.00579772993046542,0.146818121557967,-0.0058925363325088,-0.844161848644832,0.00176979807184946
0.823109717377527,0.626370297258744,-0.0561507328195437,-0.222369030389527,-0.00584007771446704,0.146819486348354,-0.00593678276800673,-0.844232805869803,0.00181067027708148
0.828818105430497,0.626312798954965,-0.0565446935464226,-0.222378166014596,-0.00588274738793821,0.146820830172403,-0.0059813885461334,-0.844304484361093,0.00185232285059594
0.834566082001833,0.626254374085215,-0.0569414027593905,-0.222387465095291,-0.00592574129935865,0.146822151908149,-0.00602635674693071,-0.84437688813786,0.00189476857976156
0.840353921643785,0.62619500764304,-0.0573408778565929,-0.222396930659555,-0.00596906180369435,0.146823450404144,-0.00607169047136596,-0.844450021157013,0.00193802041200214
0.846181900812664,0.626134684396323,-0.0577431362800663,-0.222406565789728,-0.00601271126197654,0.146824724478932,-0.00611739284121006,-0.84452388731067,0.00198209145541872
0.852050297882047,0.626073388884706,-0.0581481955139051,-0.222416373623387,-0.00605669204086421,0.146825972920514,-0.00616346699890616,-0.844598490423573,0.00202699497937064
0.857959393156072,0.626011105417027,-0.0585560730823813,-0.222426357354181,-0.00610100651219067,0.146827194485819,-0.00620991610742916,-0.844673834250475,0.00207274441501615
0.863909468882829,0.625947818068744,-0.0589667865480108,-0.222436520232677,-0.00614565705249305,0.146828387900162,-0.00625674335013503,-0.844749922473486,0.00211935335580793
0.86990080926784,0.625883510679366,-0.059380353509572,-0.222446865567216,-0.00619064604252507,0.146829551856703,-0.00630395193060053,-0.844826758699383,0.00216683555794339
0.875933700487633,0.625818166849872,-0.0597967916000703,-0.222457396724771,-0.00623597586675218,0.146830685015903,-0.00635154507245295,-0.844904346456893,0.00221520494077115
0.882008430703416,0.625751769940143,-0.0602161184846516,-0.222468117131811,-0.00628164891282905,0.14683178600497,-0.00639952601918907,-0.844982689193938,0.0022644755871461
0.888125290074835,0.625684303066387,-0.0606383518584656,-0.222479030275173,-0.00632766757105915,0.146832853417313,-0.00644789803398443,-0.845061790274848,0.0023146617437389
0.894284570773836,0.625615749098565,-0.0610635094444744,-0.222490139702941,-0.00637403423383565,0.146833885811981,-0.00649666439949141,-0.845141652977542,0.00236577782129305
0.900486566998624,0.625546090657827,-0.0614916089912097,-0.222501449025327,-0.00642075129506386,0.146834881713107,-0.00654582841762686,-0.845222280490683,0.00241783839483134
0.906731574987708,0.625475310113942,-0.0619226682704762,-0.222512961915559,-0.00646782114956438,0.146835839609348,-0.00659539340934854,-0.845303675910792,0.00247085820380827
0.913019893034057,0.62540338958274,-0.0623567050750025,-0.222524682110776,-0.00651524619245686,0.14683675795332,-0.00664536271442063,-0.845385842239347,0.00252485215220871
0.919351821499347,0.625330310923557,-0.0627937372160378,-0.222536613412925,-0.00656302881852409,0.146837635161031,-0.00669573969116786,-0.845468782379843,0.00257983530859102
0.925727662828307,0.625256055736681,-0.0632337825208957,-0.222548759689664,-0.0066111714215559,0.146838469611314,-0.00674652771621827,-0.845552499134828,0.00263582290607223
0.932147721563161,0.625180605360809,-0.0636768588304423,-0.222561124875269,-0.00665967639367254,0.146839259645257,-0.00679773018423419,-0.845636995202916,0.00269283034225548
0.938612304358183,0.625103940870516,-0.0641229839965323,-0.222573712971547,-0.00670854612462742,0.14684000356563,-0.00684935050763164,-0.845722273175769,0.0027508731790975
0.945121719994339,0.625026043073723,-0.0645721758793885,-0.22258652804875,-0.00675778300108861,0.14684069963631,-0.00690139211628772,-0.845808335535062,0.00280996714271453
0.951676279394036,0.624946892509178,-0.0650244523449278,-0.222599574246494,-0.00680738940589884,0.146841346081709,-0.00695385845723586,-0.845895184649423,0.00287012812312781
0.958276295635973,0.624866469443954,-0.0654798312620331,-0.222612855774682,-0.00685736771731383,0.146841941086197,-0.00700675299434901,-0.845982822771345,0.00293137217394263
0.964922083970099,0.624784753870946,-0.0659383304997684,-0.222626376914429,-0.00690772030821843,0.146842482793521,-0.00706007920801027,-0.846071252034093,0.00299371551196453
0.971613961832666,0.624701725506387,-0.0663999679245403,-0.222640142018988,-0.00695844954532006,0.146842969306233,-0.00711384059477117,-0.846160474448574,0.00305717451674958
0.978352248861393,0.624617363787378,-0.0668647613972045,-0.222654155514684,-0.00700955778831977,0.146843398685106,-0.00716804066699712,-0.846250491900206,0.00312176573008532
0.985137266910738,0.624531647869428,-0.0673327287701156,-0.222668421901842,-0.00706104738905977,0.146843768948562,-0.0072226829525004,-0.846341306145764,0.00318750585540606
0.991969340067262,0.624444556624008,-0.0678038878841243,-0.222682945755724,-0.00711292069064785,0.146844078072084,-0.00727777099415988,-0.84643291881021,0.00325441175713626
0.998848794665118,0.624356068636122,-0.0682782565655159,-0.222697731727463,-0.0071651800265577,0.146844323987649,-0.00733330834952792,-0.846525331383514,0.00332250045996407
1.00577595930163,0.624266162201896,-0.0687558526228963,-0.222712784544998,-0.00721782771970536,0.146844504583139,-0.00738929859042418,-0.846618545217465,0.0033917891480435
1.01275116485301,0.624174815326179,-0.0692366938440216,-0.222728109014013,-0.00727086608150128,0.146844617701774,-0.00744574530251596,-0.846712561522472,0.00346229516412283
1.01977474449012,0.624082005720164,-0.0697207979925717,-0.222743710018871,-0.00732429741087744,0.146844661141528,-0.00750265208488538,-0.846807381364355,0.00353403600859881
1.02684703369442,0.623987710799031,-0.0702081828048701,-0.222759592523552,-0.00737812399328974,0.14684463265456,-0.00756002254958316,-0.846903005661132,0.00360702933849877
1.033968370274,0.623891907679602,-0.0706988659865472,-0.222775761572591,-0.0074323480996949,0.146844529946636,-0.00761786032116842,-0.846999435179805,0.0036812929663817
1.04113909437969,0.623794573178023,-0.0711928652091493,-0.222792222292009,-0.00748697198550186,0.146844350676565,-0.00767616903623548,-0.847096670533143,0.00375684485916794
1.0483595485213,0.623695683807464,-0.0716901981066912,-0.222808979890247,-0.00754199788949704,0.14684409245562,-0.00773495234292637,-0.847194712176462,0.00383370313688813
1.05563007758401,0.62359521577584,-0.0721908822721554,-0.2228260396591,-0.00759742803274385,0.146843752846982,-0.00779421390042987,-0.847293560404413,0.00391188607135423
1.06295102884484,0.623493144983554,-0.0726949352539353,-0.222843406974642,-0.00765326461745527,0.146843329365168,-0.00785395737846657,-0.847393215347767,0.00399141208475251
1.07032275198921,0.623389447021267,-0.073202374552224,-0.222861087298158,-0.00770950982584007,0.146842819475474,-0.00791418645675997,-0.847493676970216,0.0040722997481546
1.07774559912768,0.623284097167688,-0.0737132176153479,-0.22287908617706,-0.00776616581892185,0.14684222059342,-0.00797490482449373,-0.847594945065174,0.00415456777995077
1.08521992481272,0.623177070387391,-0.0742274818360468,-0.22289740924581,-0.00782323473533087,0.146841530084189,-0.00803611617975469,-0.847697019252595,0.00423823504419923
1.0927460860557,0.623068341328655,-0.0747451845476981,-0.222916062226835,-0.00788071869006832,0.146840745262085,-0.00809782422896198,-0.847799898975799,0.00432332054889623
1.1003244423439,0.622957884321331,-0.0752663430204885,-0.222935050931433,-0.00793861977324303,0.146839863389982,-0.00816003268628193,-0.847903583498319,0.00440984344416212
1.10795535565772,0.62284567337474,-0.0757909744575296,-0.222954381260683,-0.00799694004877999,0.146838881678785,-0.00822274527302887,-0.848008071900762,0.0044978230203464
1.11563919048792,0.62273168217559,-0.0763190959909221,-0.22297405920634,-0.00805568155310083,0.146837797286896,-0.00828596571705183,-0.848113363077692,0.00458727870604908
1.12337631385307,0.622615884085928,-0.0768507246777637,-0.222994090851728,-0.0081148462937757,0.146836607319679,-0.00834969775210692,-0.848219455734535,0.00467823006605889
1.13116709531708,0.622498252141119,-0.0773858774961049,-0.223014482372627,-0.00817443624814673,0.146835308828939,-0.00841394511721569,-0.848326348384511,0.00477069679920888
1.13901190700682,0.62237875904785,-0.0779245713408521,-0.22303524003815,-0.00823445336192253,0.146833898812399,-0.0084787115560094,-0.848434039345587,0.00486469873614814
1.14691112362992,0.622257377182174,-0.0784668230196147,-0.223056370211613,-0.00829489954774357,0.146832374213188,-0.00854400081605869,-0.848542526737475,0.00496025583702925
1.15486512249268,0.622134078587572,-0.0790126492485032,-0.223077879351397,-0.00835577668371865,0.146830731919335,-0.00860981664818981,-0.848651808478642,0.00505738818911444
1.16287428351806,0.622008834973053,-0.079562066647871,-0.2230997740118,-0.00841708661193169,0.14682896876327,-0.00867616280578618,-0.848761882283379,0.00515611600429638
1.17093898926384,0.621881617711288,-0.0801150917380055,-0.22312206084388,-0.00847883113691907,0.146827081521326,-0.00874304304407614,-0.848872745658884,0.00525645961653703
1.1790596249409,0.621752397836767,-0.0806717409347666,-0.223144746596289,-0.00854101202411738,0.146825066913262,-0.00881046111940664,-0.848984395902409,0.00535843947922277
1.18723657843162,0.621621146044,-0.0812320305451717,-0.223167838116092,-0.00860363099828112,0.146822921601778,-0.00887842078850288,-0.84909683009843,0.00546207616243816
1.19547024030838,0.621487832685741,-0.0817959767629311,-0.223191342349579,-0.00866668974187076,0.146820642192051,-0.00894692580771434,-0.84921004511588,0.00556739035015719
1.20376100385228,0.621352427771251,-0.0823635956639277,-0.223215266343061,-0.00873018989341019,0.14681822523127,-0.00901597993224657,-0.849324037605419,0.00567440283735315
1.21210926507183,0.621214900964594,-0.0829349032016496,-0.223239617243659,-0.00879413304581453,0.146815667208187,-0.00908558691537951,-0.84943880399676,0.0057831345270275
1.22051542272196,0.621075221582966,-0.0835099152025673,-0.223264402300074,-0.00885852074468732,0.146812964552674,-0.00915575050767219,-0.849554340496052,0.00589360642715958
1.22897987832301,0.620933358595061,-0.0840886473614606,-0.223289628863343,-0.00892335448658723,0.146810113635287,-0.00922647445615358,-0.849670643083316,0.00600583964757578
1.23750303617991,0.620789280619468,-0.0846711152366953,-0.223315304387587,-0.00898863571726464,0.146807110766846,-0.00929776250350037,-0.849787707509944,0.00611985539674226
1.24608530340153,0.620642955923111,-0.085257334245447,-0.223341436430735,-0.00905436582986737,0.146803952198019,-0.00936961838720102,-0.849905529296256,0.00623567497847854
1.25472708992008,0.620494352419717,-0.0858473196588744,-0.223368032655241,-0.009120546163116,0.146800634118918,-0.00944204583870704,-0.85002410372913,0.00635331978859716
1.26342880851072,0.620343437668323,-0.0864410865972411,-0.223395100828777,-0.00918717799944838,0.14679715265871,-0.00951504858257064,-0.85014342585969,0.00647281131146615
1.27219087481126,0.620190178871823,-0.0870386500249877,-0.22342264882491,-0.00925426256313374,0.146793503885235,-0.00958863033557006,-0.850263490501077,0.00659417111650074
1.28101370734203,0.620034542875548,-0.0876400247457507,-0.22345068462377,-0.00932180101835592,0.146789683804633,-0.0096627948058215,-0.850384292226283,0.00671742085458027
1.28989772752585,0.619876496165881,-0.0882452253973321,-0.223479216312684,-0.00938979446726594,0.146785688360989,-0.00973754569187894,-0.850505825366065,0.00684258225439721
1.29884335970818,0.619716004868917,-0.0888542664466168,-0.223508252086806,-0.00945824394800399,0.146781513435986,-0.00981288668182113,-0.850628084006944,0.00696967711873542
1.30785103117738,0.619553034749157,-0.0894671621844394,-0.223537800249719,-0.00952715043269052,0.146777154848572,-0.00988882145232635,-0.850751061989272,0.00709872732068295
1.31692117218509,0.619387551208233,-0.0900839267203996,-0.223567869214017,-0.00959651482538705,0.146772608354635,-0.00996535366773523,-0.850874752905398,0.00722975479977789
1.32605421596686,0.619219519283684,-0.0907045739776268,-0.223598467501866,-0.00966633796002613,0.1467678696467,-0.0100424869791015,-0.850999150097911,0.00736278155809333
1.33525059876274,0.619048903647763,-0.0913291176874915,-0.223629603745548,-0.00973662059831074,0.146762934353631,-0.010120225023231,-0.851124246657976,0.00749782965625906
1.34451075983821,0.618875668606284,-0.091957571384268,-0.223661286687977,-0.00980736342758342,0.146757798040348,-0.0101985714217093,-0.851250035423764,0.00763492120942555
1.3538351415051,0.618699778097506,-0.0925899483997411,-0.223693525183192,-0.00987856705866489,0.146752456207563,-0.0102775297799175,-0.851376508978968,0.00777407838317146
1.36322418914273,0.618521195691063,-0.0932262618577657,-0.223726328196829,-0.00995023202366221,0.146746904291524,-0.0103571036860381,-0.851503659651428,0.00791532338935591
1.37267835121923,0.618339884586924,-0.0938665246687686,-0.22375970480657,-0.0100223587737471,0.146741137663772,-0.0104372967100484,-0.851631479511846,0.00805867848191966
1.38219807931287,0.618155807614404,-0.0945107495242026,-0.223793664202558,-0.0100949476769038,0.146735151630925,-0.0105181124027048,-0.851759960372604,0.00820416595263807
1.39178382813373,0.617968927231205,-0.0951589488909432,-0.223828215687797,-0.0101679990156473,0.146728941434458,-0.0105995542945155,-0.851889093786687,0.0083518081268254
1.40143605554534,0.617779205522502,-0.0958111350056351,-0.223863368678519,-0.0102415129847113,0.146722502250515,-0.0106816258947039,-0.852018871046715,0.00850162735899807
1.4111552225866,0.617586604200074,-0.0964673198689825,-0.223899132704525,-0.010315489688707,0.146715829189725,-0.0107643306901615,-0.852149283184072,0.00865364602849511
1.42094179349378,0.617391084601466,-0.097127515239987,-0.223935517409499,-0.0103899291397521,0.146708917297041,-0.0108476721443918,-0.852280320968161,0.00880788653506226
1.43079623572268,0.6171926076892,-0.0977917326301276,-0.22397253255129,-0.0104648312550703,0.146701761551591,-0.0109316536964437,-0.852411974905753,0.00896437129440081
1.440719019971,0.616991134050026,-0.0984599832974892,-0.224010188002171,-0.010540195854562,0.146694356866543,-0.0110162787598375,-0.852544235240467,0.00912312273368576
1.45071062020079,0.616786623894215,-0.099132278240831,-0.224048493749064,-0.0106160226583458,0.146686698088995,-0.0111015507214801,-0.852677091952348,0.00928416328705411
1.46077151366109,0.616579037054894,-0.0998086281936008,-0.22408745989373,-0.0106923112842712,0.146678779999868,-0.0111874729405734,-0.852810534757576,0.00944751539107097
1.47090218091073,0.616368332987422,-0.100489043617891,-0.224127096652938,-0.0107690612454028,0.14667059731383,-0.0112740487475132,-0.852944553108288,0.00961320148017203
1.48110310584131,0.616154470768815,-0.101173534698335,-0.224167414358592,-0.010846271947476,0.146662144679226,-0.0113612814427805,-0.853079136192518,0.00978124398209018
1.49137477570027,0.615937409097207,-0.101862111335949,-0.224208423457833,-0.0109239426863253,0.14665341667803,-0.0114491742958254,-0.85321427293426,0.00995166531326586
1.50171768111418,0.615717106291363,-0.102554783141907,-0.2242501345131,-0.0110020726452834,0.146644407825815,-0.0115377305439433,-0.853349951993656,0.0101244878742484
1.5121323161122,0.615493520290232,-0.103251559431262,-0.224292558202165,-0.0110806608925542,0.146635112571737,-0.0116269533911436,-0.853486161767302,0.010299734045091
1.52261917814963,0.615266608652547,-0.1039524492166,-0.224335705318125,-0.011159706378557,0.146625525298538,-0.0117168460070124,-0.853622890388683,0.010477426180742
1.53317876813171,0.615036328556468,-0.104657461201639,-0.224379586769368,-0.0112392079332454,0.146615640322569,-0.0118074115255682,-0.853760125728733,0.0106575866064363
1.54381159043753,0.614802636799279,-0.105366603774752,-0.224424213579492,-0.0113191642633969,0.14660545189383,-0.0118986530441114,-0.853897855396518,0.010840237613095
1.55451815294413,0.614565489797129,-0.106079885002438,-0.224469596887197,-0.0113995739498788,0.146594954196023,-0.0119905736220677,-0.854036066740048,0.011025401452729
1.56529896705074,0.614324843584813,-0.106797312622723,-0.224515747946133,-0.0114804354448855,0.146584141346629,-0.0120831762798265,-0.854174746847218,0.0112131003338615
1.57615454770323,0.614080653815617,-0.107518894038489,-0.224562678124715,-0.0115617470691517,0.146573007397006,-0.0121764639975734,-0.85431388254687,0.0114033564169623
1.58708541341869,0.613832875761206,-0.108244636310742,-0.224610398905893,-0.0116435070091382,0.146561546332493,-0.0122704397141181,-0.85445346040999,0.0115961918099075
1.5980920863102,0.613581464311556,-0.108974546151809,-0.224658921886889,-0.0117257133141944,0.146549752072547,-0.0123651063257173,-0.854593466751028,0.0117916285634621
1.60917509211179,0.613326373974954,-0.109708629918462,-0.22470825877889,-0.0118083638936942,0.146537618470889,-0.0124604666848935,-0.854733887629346,0.0119896886667936
1.62033496020352,0.613067558878034,-0.110446893604974,-0.224758421406702,-0.0118914565141478,0.146525139315673,-0.0125565235992495,-0.854874708850796,0.0121903940430195
1.63157222363676,0.612804972765883,-0.111189342836098,-0.224809421708359,-0.0119749887962897,0.146512308329673,-0.0126532798302793,-0.855015915969421,0.012393766544793
1.64288741915971,0.612538569002192,-0.111935982859976,-0.224861271734698,-0.012058958212142,0.146499119170487,-0.0127507380921756,-0.855157494289286,0.0125998279499299
1.65428108724297,0.612268300569465,-0.112686818540969,-0.22491398364888,-0.0121433620820544,0.146485565430761,-0.0128489010506338,-0.855299428866429,0.0128085999570855
1.6657537721054,0.611994120069295,-0.113441854352414,-0.22496756972588,-0.0122281975717212,0.146471640638437,-0.0129477713216535,-0.855441704510946,0.0130201041814788
1.67730602174008,0.611715979722693,-0.114201094369298,-0.225022042351919,-0.0123134616891748,0.146457338257011,-0.0130473514703375,-0.855584305789189,0.0132343621506757
1.68893838794052,0.611433831370475,-0.114964542260853,-0.225077414023868,-0.0123991512817572,0.146442651685816,-0.0131476440096879,-0.855727217026092,0.0134513953004295
1.70065142632699,0.611147626473724,-0.115732201283076,-0.22513369734859,-0.0124852630330693,0.146427574260323,-0.0132486513994012,-0.855870422307621,0.0136712249705855
1.71244569637308,0.610857316114306,-0.116504074271156,-0.225190905042247,-0.0125717934598982,0.146412099252462,-0.0133503760446608,-0.856013905483338,0.0138938724010564
1.72432176143241,0.61056285099546,-0.117280163631828,-0.225249049929554,-0.0126587389091231,0.146396219870961,-0.0134528202949287,-0.856157650169081,0.0141193587278663
1.73628018876552,0.610264181442454,-0.118060471335632,-0.225308144942995,-0.0127460955546002,0.146379929261704,-0.013555986442736,-0.856301639749775,0.0143477049792754
1.74832154956701,0.609961257403315,-0.118844998909092,-0.225368203121975,-0.0128338593940275,0.146363220508109,-0.0136598767224725,-0.856445857382332,0.0145789320719823
1.7604464189928,0.609654028449627,-0.119633747426801,-0.225429237611942,-0.0129220262457885,0.146346086631525,-0.0137644933091755,-0.85659028599869,0.0148130608074128
1.77265537618758,0.609342443777413,-0.120426717503421,-0.225491261663444,-0.0130105917457767,0.146328520591651,-0.0138698383173186,-0.856734908308941,0.015050111868098
1.78494900431252,0.609026452208087,-0.121223909285592,-0.225554288631145,-0.0130995513442005,0.146310515286968,-0.0139759137996008,-0.85687970680458,0.0152901058141449
1.79732789057308,0.608706002189493,-0.12202532244374,-0.225618331972786,-0.013188900302369,0.146292063555196,-0.014082721745735,-0.857024663761846,0.0155330630798033
1.80979262624709,0.608381041797026,-0.122830956163804,-0.2256834052481,-0.0132786336894594,0.146273158173772,-0.0141902640812378,-0.857169761245181,0.0157790039701349
1.82234380671297,0.608051518734834,-0.123640809138855,-0.225749522117667,-0.0133687463792661,0.146253791860338,-0.0142985426662196,-0.857314981110768,0.0160279486577863
1.83498203147818,0.607717380337118,-0.124454879560629,-0.225816696341722,-0.0134592330469319,0.146233957273255,-0.0144075592941758,-0.857460305010185,0.01627991717987
1.84770790420785,0.607378573569519,-0.125273165110953,-0.225884941778909,-0.0135500881656623,0.146213647012142,-0.0145173156907793,-0.85760571439414,0.0165349294349583
1.86052203275364,0.607035045030601,-0.126095662953078,-0.225954272384979,-0.0136413060034226,0.14619285361842,-0.0146278135126745,-0.857751190516292,0.0167930051801918
1.87342502918271,0.606686740953434,-0.126922369722909,-0.226024702211432,-0.0137328806196184,0.146171569575886,-0.0147390543462728,-0.857896714437174,0.0170541640285073
1.88641750980704,0.606333607207275,-0.127753281520132,-0.226096245404108,-0.0138248058617606,0.146149787311306,-0.0148510397065501,-0.858042267028177,0.0173184254459866
1.89950009521279,0.605975589299363,-0.128588393899242,-0.226168916201719,-0.0139170753621145,0.146127499195018,-0.0149637710358467,-0.858187828975633,0.017585808749334
1.91267341029,0.605612632376815,-0.129427701860463,-0.22624272893432,-0.0140096825343337,0.146104697541569,-0.015077249702669,-0.858333380784955,0.0178563331034782
1.92593808426241,0.605244681228639,-0.130271199840565,-0.22631769802173,-0.0141026205700801,0.146081374610357,-0.0151914770004943,-0.858478902784862,0.0181300175193079
1.93929475071751,0.604871680287866,-0.131118881703579,-0.226393837971889,-0.0141958824356286,0.1460575226063,-0.0153064541465779,-0.858624375131661,0.0184068808515422
1.95274404763682,0.604493573633794,-0.131970740731396,-0.226471163379157,-0.0142894608684595,0.146033133680524,-0.0154221822807636,-0.858769777813594,0.0186869417967362
1.96628661742637,0.604110304994373,-0.13282676961427,-0.226549688922551,-0.0143833483738363,0.146008199931065,-0.015538662464297,-0.858915090655243,0.0189702188914267
1.97992310694735,0.603721817748703,-0.133686960441201,-0.226629429363925,-0.0144775372213724,0.145982713403599,-0.0156558956786417,-0.85906029332199,0.0192567305104211
1.99365416754703,0.603328054929678,-0.134551304690224,-0.226710399546086,-0.0145720194415842,0.145956666092181,-0.0157738828243006,-0.859205365324526,0.0195464948652294
2.00748045508988,0.602928959226761,-0.135419793218575,-0.226792614390846,-0.0146667868224338,0.145930049940011,-0.0158926247196383,-0.859350286023396,0.0198395300026414
2.0214026299889,0.602524472988909,-0.136292416252753,-0.226876088897014,-0.0147618309058595,0.145902856840215,-0.0160121220997102,-0.859495034633596,0.020135853803455
2.03542135723711,0.602114538227637,-0.137169163378479,-0.226960838138319,-0.014857142984297,0.145875078636648,-0.0161323756150929,-0.859639590229197,0.0204354839813515
2.0495373064394,0.601699096620247,-0.138050023530533,-0.227046877261273,-0.0149527140971893,0.145846707124714,-0.016253385830721,-0.859783931747997,0.0207384380819249
2.06375115184445,0.601278089513205,-0.13893498498249,-0.227134221482963,-0.0150485350274888,0.145817734052204,-0.0163751532247266,-0.859928037996205,0.0210447334818629
2.07806357237695,0.600851457925685,-0.139824035336344,-0.227222886088783,-0.0151445962981488,0.145788151120159,-0.016497678187284,-0.860071887653137,0.0213543873882833
2.09247525167004,0.60041914255328,-0.140717161512022,-0.227312886430089,-0.0152408881686083,0.145757949983744,-0.016620961019459,-0.86021545927593,0.0216674168382252
2.10698687809795,0.599981083771892,-0.141614349736789,-0.227404237921792,-0.0153374006312689,0.14572712225315,-0.016745001932063,-0.860358731304267,0.0219838386982965
2.12159914480891,0.599537221641795,-0.142515585534549,-0.227496956039879,-0.0154341234079641,0.145695659494509,-0.0168698010445113,-0.860501682065102,0.0223036696644799
2.1363127497582,0.599087495911889,-0.14342085371503,-0.227591056318863,-0.0155310459464231,0.145663553230827,-0.0169953583836872,-0.860644289777387,0.0226269262620953
2.15112839574156,0.598631846024134,-0.14433013836287,-0.227686554349166,-0.0156281574167292,0.145630794942946,-0.0171216738828113,-0.860786532556792,0.0229536248459211
2.1660467904287,0.5981702111182,-0.145243422826596,-0.227783465774418,-0.0157254467077726,0.145597376070517,-0.0172487473803154,-0.86092838842041,0.0232837816004741
2.18106864639712,0.597702530036299,-0.146160689707493,-0.227881806288693,-0.0158229024236998,0.145563288012991,-0.0173765786187226,-0.86106983529145,0.0236174125404475
2.19619468116618,0.597228741328235,-0.147081920848381,-0.227981591633671,-0.0159205128803597,0.145528522130639,-0.0175051672435325,-0.861210851003905,0.0239545335113068
2.21142561723131,0.596748783256677,-0.148007097322276,-0.228082837595712,-0.0160182661017464,0.145493069745585,-0.0176345128021121,-0.861351413307193,0.0242951601900446
2.22676218209858,0.596262593802634,-0.148936199420969,-0.228185560002868,-0.0161161498164415,0.145456922142856,-0.0177646147425935,-0.861491499870761,0.0246393080860927
2.24220510831939,0.595770110671174,-0.149869206643491,-0.228289774721805,-0.0162141514540543,0.145420070571462,-0.0178954724127759,-0.861631088288657,0.0249869925423902
2.25775513352553,0.595271271297367,-0.150806097684495,-0.228395497654655,-0.0163122581416632,0.145382506245486,-0.0180270850590356,-0.861770156084056,0.0253382287366077
2.27341300046436,0.594766012852474,-0.151746850422538,-0.228502744735784,-0.0164104567002574,0.145344220345199,-0.0181594518252407,-0.861908680713734,0.0256930316825268
2.28917945703428,0.594254272250379,-0.152691441908279,-0.228611531928474,-0.0165087336411801,0.145305204018197,-0.0182925717516738,-0.862046639572488,0.0260514162315734
2.30505525632052,0.593735986154276,-0.153639848352584,-0.228721875221534,-0.016607075162576,0.145265448380553,-0.0184264437739595,-0.862184009997502,0.0264133970745005
2.32104115663104,0.593211090983612,-0.15459204511455,-0.228833790625815,-0.0167054671458412,0.145224944517993,-0.0185610667220007,-0.862320769272645,0.0267789887432254
2.33713792153279,0.592679522921304,-0.155548006689448,-0.228947294170648,-0.016803895152079,0.145183683487098,-0.0186964393189204,-0.862456894632696,0.027148205612812
2.35334631988814,0.592141217921221,-0.156507706696593,-0.229062401900196,-0.0169023444185617,0.145141656316511,-0.0188325601800107,-0.862592363267496,0.0275210619036021
2.36966712589169,0.591596111715951,-0.15747111786713,-0.229179129869711,-0.0170007998551995,0.145098854008188,-0.0189694278116904,-0.862727152326027,0.0278975716834898
2.38610111910714,0.591044139824852,-0.158438212031765,-0.229297494141714,-0.0170992460410176,0.145055267538649,-0.0191070406104683,-0.862861238920396,0.0282777488703387
2.40264908450462,0.590485237562402,-0.159408960108422,-0.229417510782075,-0.017197667220644,0.145010887860262,-0.0192453968619156,-0.862994600129731,0.028661607234539
2.41931181249812,0.58991934004684,-0.16038333208984,-0.229539195856008,-0.0172960473008069,0.144965705902551,-0.0193844947396458,-0.863127213003994,0.0290491604017009
2.43609009898327,0.589346382209119,-0.161361297031123,-0.229662565423973,-0.0173943698468461,0.144919712573515,-0.0195243323043025,-0.863259054567678,0.0294404218554829
2.45298474537537,0.588766298802178,-0.16234282303723,-0.229787635537482,-0.0174926180792363,0.14487289876098,-0.0196649075025557,-0.863390101823412,0.0298354049405508
2.46999655864764,0.588179024410527,-0.163327877250429,-0.229914422234813,-0.0175907748701278,0.144825255333968,-0.0198062181661072,-0.863520331755457,0.0302341228656655
2.48712635136979,0.587584493460161,-0.164316425837705,-0.230042941536625,-0.0176888227399018,0.144776773144091,-0.0199482620107044,-0.863649721333081,0.0306365887068954
2.50437494174681,0.58698264022881,-0.165308433978145,-0.230173209441478,-0.0177867438537455,0.144727443026967,-0.0200910366351635,-0.863778247513829,0.0310428154109495
2.52174315365806,0.586373398856535,-0.166303865850283,-0.230305241921258,-0.0178845200182468,0.144677255803659,-0.020234539520402,-0.863905887246665,0.0314528157986296
2.53923181669665,0.585756703356658,-0.167302684619441,-0.23043905491649,-0.01798213267801,0.144626202282137,-0.0203787680284813,-0.864032617474988,0.0318666025683964
2.55684176620901,0.58513248762706,-0.168304852425046,-0.230574664331562,-0.0180795629122959,0.144574273258769,-0.0205237194016596,-0.864158415139525,0.0322841883000448
2.57457384333485,0.584500685461833,-0.169310330367942,-0.230712086029844,-0.0181767914316865,0.144521459519829,-0.0206693907614542,-0.864283257181086,0.0327055854584873
2.59242889504728,0.583861230563302,-0.170319078497714,-0.230851335828696,-0.018273798574777,0.144467751843034,-0.0208157791077165,-0.864407120543187,0.0331308063976392
2.61040777419332,0.583214056554416,-0.171331055800009,-0.230992429494379,-0.0183705643048968,0.144413140999104,-0.0209628813177164,-0.864529982174527,0.0335598633644012
2.6285113395346,0.582559096991526,-0.172346220183882,-0.231135382736856,-0.0184670682068617,0.144357617753349,-0.0211106941452395,-0.864651819031334,0.0339927685027373
2.64674045578839,0.581896285377544,-0.173364528469169,-0.231280211204487,-0.0185632894837593,0.144301172867278,-0.0212592142196959,-0.864772608079548,0.0344295338578408
2.6650959936689,0.581225555175497,-0.174385936373889,-0.231426930478613,-0.0186592069537699,0.144243797100237,-0.0214084380452419,-0.864892326296871,0.0348701713803866
2.68357882992886,0.580546839822477,-0.175410398501699,-0.231575556068028,-0.0187547990470247,0.144185481211073,-0.0215583619999144,-0.865010950674653,0.0353146929308636
2.70218984740145,0.579860072743995,-0.176437868329394,-0.231726103403349,-0.0188500438025043,0.144126215959824,-0.0217089823347789,-0.865128458219628,0.0357631102839823
2.72092993504239,0.579165187368748,-0.177468298194474,-0.231878587831261,-0.0189449188649796,0.14406599210943,-0.0218602951730917,-0.865244825955497,0.0362154351331538
2.73979998797246,0.578462117143798,-0.178501639282786,-0.232033024608658,-0.019039401481997,0.144004800427484,-0.0220122965094762,-0.865360030924336,0.0366716790950367
2.75880090752022,0.577750795550172,-0.179537841616245,-0.232189428896663,-0.019133468500912,0.143942631687993,-0.0221649822091154,-0.865474050187863,0.0371318537141413
2.77793360126509,0.577031156118889,-0.180576854040654,-0.232347815754536,-0.0192270963659714,0.143879476673187,-0.022318348006959,-0.865586860828522,0.0375959704674961
2.79719898308069,0.576303132447413,-0.181618624213622,-0.232508200133461,-0.0193202611154503,0.143815326175336,-0.0224723895069475,-0.865698439950407,0.0380640407693598
2.81659797317847,0.57556665821655,-0.182663098592607,-0.232670596870222,-0.0194129383788421,0.143750170998609,-0.0226271021812535,-0.865808764680024,0.0385360759759842
2.83613149815172,0.574821667207774,-0.183710222423081,-0.232835020680749,-0.0195051033741096,0.143684001960956,-0.0227824813695405,-0.865917812166875,0.0390120873904162
2.85580049101974,0.574068093321006,-0.184759939726836,-0.233001486153555,-0.0195967309049954,0.143616809896019,-0.02293852227824,-0.866025559583875,0.0394920862673365
2.87560589127251,0.573305870592837,-0.18581219329044,-0.233170007743045,-0.0196877953583983,0.143548585655076,-0.0230952199798482,-0.866131984127589,0.0399760838179294
2.89554864491548,0.572534933215201,-0.186866924653861,-0.233340599762705,-0.019778270701816,0.143479320109007,-0.0232525694122425,-0.866237063018312,0.0404640912147791
2.91562970451479,0.571755215554507,-0.187924074099268,-0.233513276378171,-0.0198681304808599,0.1434090041503,-0.0234105653780187,-0.866340773499952,0.0409561195967859
2.93585002924278,0.570966652171229,-0.188983580640016,-0.233688051600169,-0.0199573478168434,0.143337628695074,-0.0235692025438498,-0.866443092839758,0.0414521800740977
2.95621058492378,0.570169177839953,-0.190045382009842,-0.233864939277336,-0.0200458954044473,0.143265184685146,-0.0237284754398678,-0.866543998327858,0.0419522837330531
2.97671234408028,0.569362727569896,-0.191109414652275,-0.234043953088916,-0.0201337455094672,0.143191663090119,-0.0238883784590677,-0.866643467276626,0.0424564416411287
2.99735628597932,0.568547236625881,-0.192175613710275,-0.234225106537326,-0.0202208699666449,0.143117054909502,-0.0240489058567374,-0.866741477019871,0.0429646648518857
3.01814339667932,0.567722640549789,-0.193243913016122,-0.234408412940603,-0.020307240177588,0.143041351174864,-0.0242100517499111,-0.866838004911849,0.0434769644099126
3.03907466907719,0.566888875182476,-0.194314245081562,-0.234593885424719,-0.0203928271087817,0.142964542952018,-0.0243718101168506,-0.866933028326098,0.0439933513557562
3.06015110295567,0.566045876686162,-0.195386541088226,-0.234781536915774,-0.020477601289696,0.142886621343232,-0.0245341747965525,-0.867026524654093,0.0445138367308378
3.08137370503119,0.565193581567294,-0.196460730878341,-0.23497138013206,-0.020561532810993,0.142807577489478,-0.0246971394882843,-0.867118471303729,0.0450384315823479
3.10274348900188,0.564331926699873,-0.19753674294575,-0.235163427575997,-0.0206445913228373,0.142727402572705,-0.02486069775115,-0.867208845697626,0.0455671469681153
3.12426147559604,0.563460849349266,-0.198614504427242,-0.235357691525946,-0.0207267460333146,0.14264608781815,-0.0250248430036857,-0.867297625271251,0.0460999939614449
3.14592869262085,0.562580287196479,-0.199693941094228,-0.235554184027893,-0.0208079657069616,0.142563624496677,-0.0251895685234872,-0.867384787470881,0.0466369836559206
3.16774617501149,0.561690178362903,-0.200774977344764,-0.235752916887006,-0.0208882186634121,0.142480003927145,-0.0253548674468701,-0.867470309751372,0.0471781271701654
3.18971496488059,0.560790461435535,-0.201857536195945,-0.235953901659065,-0.0209674727761638,0.142395217478814,-0.0255207327685637,-0.867554169573769,0.0477234356525575
3.21183611156796,0.55988107549266,-0.202941539276682,-0.236157149641769,-0.0210456954714686,0.142309256573776,-0.0256871573414408,-0.867636344402743,0.0482729202858931
3.23411067169074,0.558961960130004,-0.204026906820883,-0.236362671865917,-0.0211228537273533,0.142222112689419,-0.0258541338762829,-0.867716811703845,0.0488265922919969
3.25653970919388,0.558033055487346,-0.205113557661051,-0.236570479086458,-0.0211989140727728,0.142133777360925,-0.0260216549415835,-0.867795548940608,0.0493844629362681
3.27912429540095,0.557094302275592,-0.206201409222313,-0.236780581773428,-0.0212738425869017,0.142044242183795,-0.0261897129633908,-0.867872533571463,0.0499465435321649
3.30186550906528,0.556145641804301,-0.207290377516914,-0.236992990102753,-0.021347604898569,0.141953498816406,-0.0263583002251898,-0.867947743046509,0.0505128454456172
3.32476443642155,0.555187016009673,-0.208380377139164,-0.237207713946937,-0.0214201661858393,0.141861538982597,-0.0265274088678268,-0.868021154804096,0.0510833800993646
3.3478221712376,0.554218367482971,-0.209471321260887,-0.237424762865627,-0.0214914911757471,0.14176835447429,-0.0266970308894763,-0.868092746267265,0.0516581589772174
3.37103981486675,0.553239639499389,-0.210563121627369,-0.237644146096054,-0.0215615441441868,0.141673937154136,-0.0268671581456526,-0.868162494840014,0.052237193628232
3.39441847630035,0.552250776047366,-0.211655688553825,-0.237865872543364,-0.0216302889159658,0.141578278958188,-0.0270377823492674,-0.868230377903416,0.0528204956708008
3.41795927222076,0.551251721858308,-0.212748930922412,-0.238089950770824,-0.0216976888650227,0.141481371898614,-0.0272088950707335,-0.868296372811569,0.0534080767966475
3.44166332705473,0.550242422436756,-0.213842756179802,-0.238316388989918,-0.0217637069148183,0.141383208066421,-0.0273804877381187,-0.868360456887403,0.0539999487747299
3.46553177302703,0.549222824090948,-0.214937070335322,-0.238545195050332,-0.0218283055389021,0.141283779634225,-0.0275525516373485,-0.868422607418328,0.0545961234550384
3.48956575021462,0.5481928739638,-0.216031777959698,-0.238776376429817,-0.0218914467616607,0.141183078859036,-0.027725077912461,-0.868482801651737,0.0551966127722938
3.51376640660105,0.547152520064281,-0.217126782184408,-0.239009940223959,-0.0219530921592525,0.141081098085075,-0.0278980575659144,-0.868541016790363,0.0558014287495341
3.53813489813128,0.546101711299171,-0.218221984701661,-0.239245893135827,-0.022013202860734,0.140977829746611,-0.0280714814589498,-0.868597229987486,0.0564105835015918
3.56267238876697,0.545040397505204,-0.219317285765031,-0.239484241465532,-0.0220717395493822,0.140873266370834,-0.028245340312009,-0.868651418342006,0.0570240892384535
3.58738005054197,0.543968529481572,-0.220412584190755,-0.239724991099671,-0.0221286624642196,0.140767400580739,-0.0284196247052103,-0.868703558893377,0.0576419582685005
3.61225906361841,0.542886059022787,-0.221507777359713,-0.239968147500686,-0.0221839314017442,0.140660225098044,-0.0285943250788839,-0.868753628616399,0.0582642030016277
3.63731061634298,0.541792938951884,-0.222602761220113,-0.240213715696116,-0.0222375057178731,0.140551732746125,-0.0287694317341666,-0.868801604415887,0.0588908359522343
3.66253590530377,0.540689123153956,-0.223697430290892,-0.240461700267766,-0.0222893443301015,0.14044191645297,-0.0289449348336598,-0.868847463121205,0.059521869742086
3.68793613538733,0.539574566610007,-0.224791677665861,-0.240712105340785,-0.0223394057198844,0.140330769254163,-0.0291208244021503,-0.868891181480674,0.0601573171030436
3.71351251983634,0.5384492254311,-0.225885395018602,-0.240964934572658,-0.0223876479352446,0.140218284295876,-0.0292970903273964,-0.86893273615586,0.0607971908796553
3.73926628030746,0.537313056892804,-0.226978472608133,-0.241220191142119,-0.022434028593613,0.140104454837884,-0.0294737223609807,-0.868972103715739,0.0614415040316099
3.76519864692972,0.536166019469903,-0.228070799285367,-0.241477877737991,-0.0224785048849058,0.139989274256597,-0.029650710119231,-0.869009260630747,0.0620902696360477
3.7913108583633,0.535008072871366,-0.229162262500384,-0.241737996547946,-0.0225210335748431,0.139872736048106,-0.0298280430842102,-0.869044183266721,0.0627435008897262
3.81760416185865,0.533839178075554,-0.230252748310509,-0.242000549247201,-0.0225615710085149,0.139754833831244,-0.0300057106047782,-0.869076847878721,0.0634012111110377
3.84407981331609,0.532659297365646,-0.23134214138925,-0.242265536987158,-0.0226000731141983,0.139635561350656,-0.0301837018977251,-0.869107230604752,0.0640634137418762
3.87073907734582,0.531468394365272,-0.232430325036077,-0.242532960383973,-0.0226364954074308,0.139514912479883,-0.0303620060489794,-0.869135307459385,0.0647301223493516
3.89758322732826,0.530266434074325,-0.233517181187079,-0.242802819507082,-0.0226707929953456,0.139392881224455,-0.0305406120148909,-0.869161054327276,0.0654013506273474
3.92461354547494,0.529053382904937,-0.234602590426511,-0.243075113867674,-0.0227029205812714,0.139269461724991,-0.03071950862359,-0.869184446956581,0.0660771123979209
3.95183132288971,0.527829208717601,-0.235686431999235,-0.243349842407127,-0.0227328324696036,0.139144648260299,-0.0308986845764259,-0.8692054609523,0.0667574216125424
3.97923785963041,0.526593880857407,-0.23676858382409,-0.243627003485403,-0.0227604825709495,0.139018435250491,-0.0310781284494833,-0.869224071769506,0.0674422923531721
4.00683446477099,0.525347370190389,-0.237848922508181,-0.243906594869412,-0.0227858244075536,0.138890817260088,-0.03125782869518,-0.869240254706512,0.0681317388331725
4.03462245646401,0.524089649139935,-0.238927323362126,-0.244188613721358,-0.0228088111190048,0.138761789001135,-0.0314377736439467,-0.869253984897939,0.0688257753980525
4.06260316200361,0.522820691723261,-0.240003660416251,-0.244473056587059,-0.0228293954682326,0.138631345336305,-0.0316179515059896,-0.86926523730772,0.069524416526045
4.09077791788892,0.521540473587908,-0.241077806437764,-0.244759919384262,-0.0228475298477937,0.138499481282002,-0.0317983503731368,-0.86927398672202,0.0702276768285123
4.11914806988789,0.520248972048246,-0.242149632948912,-0.24504919739095,-0.0228631662864556,0.138366192011461,-0.031978958220771,-0.869280207742088,0.0709355710501797
4.14771497310157,0.518946166121956,-0.243219010246129,-0.245340885233653,-0.0228762564560771,0.138231472857833,-0.0321597629098479,-0.869283874777047,0.0716481140691946
4.17647999202884,0.517632036566462,-0.244285807420202,-0.245634976875767,-0.022886751678794,0.138095319317264,-0.0323407521890021,-0.869284962036617,0.0723653208970108
4.20544450063156,0.516306565915291,-0.245349892377437,-0.245931465605892,-0.0228946029345088,0.137957727051953,-0.0325219136967414,-0.869283443523776,0.0730872066780944
4.23460988240025,0.514969738514333,-0.246411131861872,-0.246230344026191,-0.0228997608686918,0.137818691893202,-0.0327032349637308,-0.86927929302737,0.0738137866894538
4.26397753042013,0.513621540557965,-0.247469391478516,-0.246531604040787,-0.0229021758004933,0.137678209844445,-0.032884703415166,-0.86927248411467,0.0745450763399855
4.29354884743766,0.512261960125022,-0.248524535717629,-0.246835236844193,-0.0229017977311718,0.137536277084248,-0.0330663063732376,-0.869262990123879,0.0752810911696436
4.32332524592758,0.510890987214573,-0.249576427980065,-0.247141232909799,-0.0228985763528404,0.137392889969298,-0.0332480310596877,-0.8692507841566,0.0760218468484237
4.35330814816033,0.509508613781488,-0.250624930603671,-0.247449581978405,-0.0228924610575334,0.137248045037355,-0.0334298645984578,-0.869235839070249,0.0767673591751642
4.38349898627002,0.508114833771747,-0.251669904890745,-0.24776027304683,-0.0228834009465962,0.137101739010175,-0.0336117940184295,-0.869218127470452,0.0775176440761643
4.41389920232282,0.506709643157472,-0.252711211136572,-0.248073294356585,-0.0228713448404,0.136953968796408,-0.0337938062562586,-0.869197621703391,0.0782727176036154
4.44451024838583,0.505293039971651,-0.253748708659038,-0.248388633382641,-0.0228562412883825,0.136804731494452,-0.0339758881593027,-0.869174293848125,0.0790325959338462
4.47533358659646,0.503865024342512,-0.254782255829308,-0.248706276822273,-0.0228380385794185,0.136654024395275,-0.0341580264886422,-0.869148115708894,0.0797972953653827
4.50637068923228,0.502425598527523,-0.255811710103604,-0.249026210584017,-0.022816684752518,0.136501844985186,-0.0343402079221951,-0.869119058807384,0.0805668323168172
4.53762303878129,0.500974766946985,-0.256836928056049,-0.249348419776736,-0.022792127607857,0.136348190948579,-0.0345224190579269,-0.86908709437499,0.0813412233244923
4.56909212801278,0.499512536217176,-0.257857765412602,-0.249672888698798,-0.0227643147181384,0.136193060170605,-0.0347046464171532,-0.869052193345049,0.0821204850399943
4.60077946004862,0.498038915183025,-0.258874077086078,-0.24999960082739,-0.0227331934402851,0.136036450739819,-0.0348868764479372,-0.869014326345077,0.0829046342274554
4.63268654843505,0.496553914950264,-0.25988571721224,-0.250328538807971,-0.0226987109274659,0.13587836095075,-0.0350690955285805,-0.868973463688982,0.0836936877606705
4.66481491721498,0.495057548917047,-0.260892539186975,-0.250659684443868,-0.0226608141414529,0.135718789306431,-0.035251289971207,-0.868929575369285,0.0844876626200181
4.69716610100076,0.493549832804974,-0.261894395704545,-0.25099301868604,-0.022619449865311,0.135557734520858,-0.035433446025441,-0.868882631049336,0.0852865758891952
4.72974164504755,0.492030784689509,-0.262891138796902,-0.251328521622997,-0.0225745647164182,0.135395195521387,-0.0356155498821762,-0.868832600055531,0.0860904447517575
4.76254310532705,0.490500425029741,-0.263882619874075,-0.251666172470915,-0.0225261051598163,0.13523117145107,-0.0357975876774377,-0.868779451369537,0.0868992864874715
4.79557204860185,0.488958776697457,-0.2648686897656,-0.252005949563924,-0.0224740175218905,0.135065661670909,-0.0359795454963343,-0.868723153620529,0.0877131184684727
4.82883005250031,0.487405865005492,-0.265849198763012,-0.252347830344607,-0.0224182480043759,0.134898665762048,-0.0361614093771015,-0.868663675077436,0.0885319581552339
4.86231870559183,0.48584171773532,-0.266823996663368,-0.252691791354698,-0.0223587426986891,0.134730183527876,-0.0363431653152333,-0.868600983641209,0.0893558230923408
4.89603960746281,0.484266365163845,-0.26779293281379,-0.253037808226014,-0.0222954476005831,0.13456021499606,-0.0365247992677023,-0.868535046837106,0.0901847309040771
4.92999436879299,0.482679840089368,-0.26875585615704,-0.253385855671601,-0.0222283086251222,0.134388760420486,-0.0367062971572661,-0.868465831806999,0.091018699289817
4.96418461143244,0.481082177856678,-0.269712615278078,-0.253735907477135,-0.0221572716219745,0.134215820283115,-0.0368876448768597,-0.868393305301714,0.0918577460192273
4.99861196847899,0.479473416381238,-0.270663058451621,-0.254087936492564,-0.0220822823910172,0.134041395295747,-0.0370688282940712,-0.868317433673397,0.0927018889272766
5.03327808435624,0.477853596172442,-0.271607033690662,-0.254441914624018,-0.0220032866982536,0.133865486401693,-0.0372498332557001,-0.868238182867916,0.0935511459090556
5.06818461489212,0.476222760355878,-0.272544388795951,-0.254797812825991,-0.0219202302920353,0.133688094777344,-0.037430645592396,-0.868155518417299,0.0944055349144041
5.10333322739797,0.474580954694595,-0.273474971406404,-0.255155601093798,-0.0218330589195853,0.133509221833644,-0.0376112511233755,-0.868069405432213,0.0952650739423491
5.13872560074817,0.472928227609314,-0.27439862905043,-0.255515248456336,-0.02174171834382,0.133328869217454,-0.0377916356612159,-0.86797980859449,0.0961297810353518
5.17436342546036,0.471264630197554,-0.27531520919815,-0.25587672296914,-0.0216461543604606,0.133147038812812,-0.0379717850167232,-0.867886692149692,0.0969996742733642
5.21024840377617,0.469590216251654,-0.276224559314486,-0.256239991707752,-0.0215463128154316,0.132963732742078,-0.038151685003872,-0.867790019899741,0.097874771767697
5.24638224974252,0.467905042275622,-0.2771265269131,-0.256605020761424,-0.0214421396225397,0.132778953366964,-0.0383313214448148,-0.867689755195584,0.0987550916546977
5.2827666892935,0.46620916750082,-0.278020959611151,-0.256971775227139,-0.0213335807814256,0.13259270328945,-0.0385106801749584,-0.867585860929933,0.0996406520892404
5.31940346033281,0.464502653900411,-0.278907705184843,-0.257340219203986,-0.0212205823957835,0.132404985352576,-0.0386897470481045,-0.867478299530052,0.100531471238026
5.35629431281677,0.462785566202566,-0.279786611625747,-0.257710315787889,-0.0211030906918406,0.132215802641111,-0.0388685079416514,-0.867367032950614,0.101427567272697
5.39344100883792,0.461057971902382,-0.280657527197858,-0.25808202706669,-0.0209810520370886,0.132025158482094,-0.0390469487618545,-0.867252022666623,0.102328958362763
5.43084532270915,0.459319941272479,-0.28152030049535,-0.258455314115615,-0.0208544129592611,0.131833056445241,-0.0392250554491416,-0.867133229666406,0.10323566266834
5.4685090410485,0.457571547372258,-0.282374780501017,-0.25883013699311,-0.0207231201655463,0.13163950034323,-0.0394028139834799,-0.867010614444677,0.104147698332706
5.50643396286443,0.455812866055775,-0.283220816645346,-0.259206454737084,-0.0205871205620287,0.131444494231837,-0.0395802103897925,-0.866884136995676,0.105065083474665
5.54462189964184,0.45404397597821,-0.284058258866202,-0.259584225361532,-0.0204463612733491,0.131248042409941,-0.0397572307434187,-0.866753756806386,0.105987836180738
5.58307467542852,0.452264958600899,-0.284886957669078,-0.259963405853583,-0.0203007896625756,0.131050149419387,-0.0399338611756164,-0.866619432849841,0.106915974497155
5.6217941269223,0.450475898194906,-0.285706764187881,-0.260343952170958,-0.0201503533512736,0.130850820044699,-0.0401100878791017,-0.866481123578503,0.107849516421676
5.66078210355879,0.448676881843101,-0.286517530246212,-0.26072581923985,-0.0199950002397668,0.130650059312656,-0.0402858971136223,-0.86633878691774,0.108788479895224
5.70004046759971,0.446867999440728,-0.287319108419104,-0.261108960953245,-0.0198346785275781,0.130447872491711,-0.04046127521156,-0.86619238025939,0.109732882793337
5.73957109422183,0.445049343694426,-0.288111352095166,-0.261493330169677,-0.0196693367340396,0.130244265091262,-0.0406362085835593,-0.86604186045542,0.11068274291744
5.77937587160657,0.443221010119695,-0.28889411553911,-0.261878878712432,-0.019498923719061,0.130039242860771,-0.0408106837241766,-0.86588718381168,0.111638077985933
5.81945670103016,0.441383097036772,-0.289667253954597,-0.262265557369213,-0.0193233887040452,0.129832811788726,-0.0409846872175461,-0.865728306081756,0.112598905625109
5.85981549695445,0.439535705564899,-0.290430623547376,-0.262653315892257,-0.0191426812929397,0.129624978101446,-0.0411582057430582,-0.865565182460931,0.113565243359879
5.90045418711838,0.437678939614975,-0.291184081588661,-0.263042102998931,-0.0189567514934106,0.129415748261728,-0.0413312260810452,-0.865397767580246,0.114537108604336
5.94137471263004,0.435812905880555,-0.291927486478697,-0.263431866372792,-0.0187655497381292,0.129205128967331,-0.0415037351184705,-0.865226015500673,0.115514518652127
5.9825790280594,0.433937713827192,-0.29266069781048,-0.263822552665134,-0.018569026906157,0.128993127149303,-0.0416757198546146,-0.865049879707396,0.116497490666661
6.02406910153166,0.432053475680105,-0.293383576433571,-0.264214107497018,-0.0183671343444167,0.128779749970137,-0.0418471674067555,-0.864869313104206,0.117486041671134
6.06584691482126,0.43016030641016,-0.294095984517961,-0.264606475461793,-0.0181598238892379,0.128565004821772,-0.0420180650158371,-0.86468426800802,0.118480188538384
6.10791446344653,0.428258323718139,-0.294797785617935,-0.264999600128106,-0.0179470478879609,0.128348899323421,-0.0421884000521196,-0.864494696143511,0.119479947980573
6.15027375676503,0.426347648017314,-0.295488844735891,-0.26539342404342,-0.0177287592205891,0.128131441319236,-0.0423581600208093,-0.864300548637862,0.120485336538693
6.19292681806951,0.424428402414283,-0.296169028386047,-0.265787888738028,-0.0175049113214738,0.127912638875805,-0.0425273325676599,-0.864101776015654,0.121496370571906
6.23587568468454,0.42250071268809,-0.296838204658008,-0.26618293472957,-0.0172754582010178,0.127692500279484,-0.0426959054845419,-0.863898328193868,0.122513066246711
6.27912240806387,0.420564707267605,-0.297496243280112,-0.266578501528068,-0.0170403544673855,0.127471034033555,-0.0428638667149737,-0.863690154477032,0.123535439525939
6.32266905388835,0.418620517207171,-0.298143015682534,-0.266974527641461,-0.0167995553482035,0.127248248855225,-0.0430312043596097,-0.863477203552492,0.124563506157588
6.36651770216467,0.416668276160505,-0.298778395060064,-0.267370950581658,-0.0165530167122385,0.127024153672453,-0.0431979066816785,-0.863259423485823,0.125597281663477
6.41067044732463,0.414708120352865,-0.299402256434527,-0.267767706871101,-0.0163006950910372,0.126798757620603,-0.0433639621123682,-0.86303676171638,0.126636781327751
6.45512939832527,0.412740188551476,-0.300014476716775,-0.268164732049848,-0.0160425477005146,0.126572070038944,-0.0435293592561511,-0.86280916505299,0.127682020185206
6.49989667874954,0.410764622034222,-0.30061493476822,-0.268561960683164,-0.0157785324624764,0.12634410046697,-0.0436940868960422,-0.862576579669791,0.128733013009454
6.54497442690774,0.408781564556608,-0.301203511461818,-0.268959326369632,-0.0155086080260593,0.12611485864056,-0.0438581339987883,-0.862338951102213,0.12978977430093
6.5903647959397,0.406791162317,-0.301780089742483,-0.269356761749775,-0.0152327337890754,0.125884354487977,-0.0440214897199789,-0.862096224243114,0.130852318274727
6.63606995391757,0.404793563920152,-0.302344554686859,-0.269754198515193,-0.0149508699192468,0.125652598125696,-0.0441841434090757,-0.861848343339073,0.131920658848282
6.68209208394941,0.402788920339031,-0.302896793562396,-0.270151567418205,-0.0146629773753143,0.125419599854075,-0.0443460846143541,-0.861595251986827,0.132994809628885
6.72843338428345,0.400777384874955,-0.303436695885681,-0.270548798282013,-0.0143690179280056,0.125185370152866,-0.044507303087751,-0.86133689312988,0.134074783901046
6.77509606841313,0.398759113116049,-0.303964153479964,-0.270945820011357,-0.0140689541808499,0.12494991967656,-0.0446677887896139,-0.861073209055264,0.135160594613693
6.82208236518274,0.396734262894058,-0.304479060531829,-0.271342560603684,-0.0137627495908217,0.124713259249591,-0.0448275318933452,-0.860804141390468,0.136252254367214
6.86939451889399,0.394702994239511,-0.304981313646953,-0.271738947160812,-0.0134503684888018,0.124475399861366,-0.0449865227899364,-0.860529631100535,0.137349775400346
6.91703478941313,0.392665469335268,-0.3054708119049,-0.272134905901091,-0.013131776099839,0.12423635266116,-0.0451447520923869,-0.860249618485329,0.138453169576904
6.96500545227891,0.39062185246848,-0.305947456912901,-0.27253036217205,-0.0128069385631994,0.123996128952851,-0.0453022106400019,-0.859964043176971,0.139562448372363
7.0133087988113,0.388572309980974,-0.306411152858557,-0.272925240463537,-0.0124758229521887,0.123754740189516,-0.0454588895025632,-0.859672844137456,0.140677622860276
7.06194713622089,0.386517010218094,-0.30686180656143,-0.273319464421332,-0.0121383972937333,0.123512197967878,-0.0456147799843696,-0.859375959656444,0.141798703698554
7.11092278771915,0.384456123476034,-0.307299327523452,-0.273712956861233,-0.0117946305877066,0.123268514022616,-0.0457698736281392,-0.859073327349239,0.142925701115577
7.16023809262934,0.382389821947678,-0.307723627978118,-0.274105639783616,-0.0114444928259863,0.12302370022054,-0.0459241622187702,-0.858764884154941,0.144058624896172
7.20989540649828,0.380318279666998,-0.308134622938396,-0.274497434388442,-0.0110879550112299,0.122777768554626,-0.0460776377869552,-0.858450566334802,0.145197484367432
7.25989710120885,0.37824167245203,-0.308532230243329,-0.274888261090729,-0.0107249891753558,0.122530731137933,-0.0462302926126421,-0.858130309470755,0.146342288384387
7.31024556509332,0.376160177846464,-0.308916370603258,-0.275278039536456,-0.0103555683977141,0.122282600197387,-0.0463821192283395,-0.857804048464149,0.147493045315532
7.36094320304735,0.374073975059904,-0.309286967643634,-0.275666688618908,-0.00997966682293866,0.122033388067444,-0.0465331104222594,-0.857471717534677,0.148649763028209
7.41199243664497,0.371983244906811,-0.309643947947366,-0.276054126495445,-0.00959725967846439,0.12178310718364,-0.0466832592412946,-0.8571332502195,0.149812448873838
7.46339570425412,0.369888169744187,-0.309987241095671,-0.276440270604686,-0.00920832329170057,0.121531770076033,-0.0468325589938249,-0.856788579372581,0.15098110967301
7.51515546115323,0.367788933408047,-0.310316779707366,-0.276825037684099,-0.00881283510684616,0.121279389362526,-0.0469810032523481,-0.856437637164218,0.152155751700435
7.56727417964842,0.365685721148702,-0.310632499476585,-0.277208343787991,-0.00841077370133705,0.1210259777421,-0.0471285858559323,-0.85608035508079,0.153336380669748
7.61975434919166,0.363578719564927,-0.310934339208855,-0.277590104305873,-0.00800211880191468,0.120771547987943,-0.0472753009124842,-0.855716663924717,0.154523001718177
7.67259847649959,0.361468116537034,-0.311222240855512,-0.277970233981213,-0.00758685130030395,0.120516112940494,-0.0474211428008313,-0.855346493814633,0.155715619391066
7.72580908567334,0.359354101158929,-0.311496149546412,-0.278348646930536,-0.00716495326849176,0.120259685500392,-0.0475661061726119,-0.854969774185779,0.156914237626262
7.77938871831903,0.357236863669167,-0.311756013620902,-0.278725256662886,-0.00673640797359573,0.120002278621351,-0.047710185953972,-0.854586433790621,0.158118859738371
7.83333993366922,0.355116595381096,-0.312001784657022,-0.279099976099619,-0.00630119989231345,0.119743905302959,-0.0478533773470632,-0.85419640069969,0.159329488402865
7.8876653087051,0.352993488612111,-0.312233417498898,-0.279472717594528,-0.00585931472494478,0.119484578583407,-0.0479956758313402,-0.85379960230266,0.160546125640066
7.94236743827963,0.350867736612088,-0.312450870282306,-0.279843392954271,-0.00541073940897718,0.119224311532154,-0.0481370771646549,-0.853395965309647,0.161768772798989
7.99744893524145,0.348739533491058,-0.31265410445837,-0.280211913459111,-0.00495546213222722,0.11896311724254,-0.0482775773841423,-0.85298541575276,0.162997430541057
8.0529124305597,0.346609074146156,-0.312843084815377,-0.280578189883931,-0.00449347234553074,0.118701008824341,-0.0484171728068984,-0.852567878987883,0.164232098823678
8.10876057344967,0.344476554187932,-0.313017779498679,-0.28094213251953,-0.00402476077497482,0.118437999396287,-0.0485558600304455,-0.852143279696702,0.165472776883704
8.16499603149936,0.342342169866053,-0.313178160028653,-0.281303651194172,-0.00354931943366421,0.118174102078535,-0.0486936359329841,-0.851711541888988,0.166719463220745
8.22162149079689,0.340206117994479,-0.313324201316719,-0.281662655295384,-0.00306714163301824,0.11790932998512,-0.0488304976734285,-0.851272588905129,0.167972155580373
8.27863965605879,0.338068595876157,-0.313455881679376,-0.282019053791982,-0.00257822199359126,0.117643696216373,-0.0489664426912252,-0.850826343418913,0.169230850937185
8.33605325075921,0.335929801227304,-0.313573182850254,-0.282372755256318,-0.00208255645541222,0.117377213851323,-0.0491014687059515,-0.850372727440584,0.170495545477752
8.39386501726,0.333789932101332,-0.313676089990165,-0.28272366788672,-0.0015801422878402,0.117109895940095,-0.0492355737166944,-0.849911662320155,0.171766234583442
8.45207771694168,0.33164918681248,-0.313764591695136,-0.28307169953013,-0.00107097809893009,0.11684175549629,-0.0493687560012073,-0.849443068750993,0.173042912813119
8.51069413033537,0.329507763859222,-0.313838680002419,-0.283416757704909,-0.000555063844307896,0.116572805489382,-0.0495010141148453,-0.848966866773677,0.174325573885727
8.56971705725559,0.327365861847501,-0.313898350394476,-0.283758749623799,-3.24008355504779e-05,0.116303058837116,-0.0496323468892761,-0.848482975780141,0.175614210662751
8.62914931693396,0.325223679413859,-0.313943601800921,-0.284097582217033,0.000497008251930026,0.116032528397925,-0.0497627534309693,-0.847991314518089,0.176908815130568
8.68899374815392,0.323081415148528,-0.313974436598427,-0.284433162155573,0.00103315937150006,0.115761226963371,-0.0498922331194608,-0.847491801095706,0.178209378382677
8.74925320938629,0.320939267518537,-0.313990860608593,-0.284765395874455,0.00157604709841749,0.115489167250615,-0.050020785605395,-0.846984352986667,0.179515890601821
8.80993057892579,0.318797434790906,-0.313992883093771,-0.285094189596246,0.00212566462344277,0.115216361894928,-0.0501484108083432,-0.846468887035426,0.180828341042001
8.87102875502857,0.31665611495599,-0.313980516750862,-0.285419449354576,0.00268200374694988,0.114942823442242,-0.0502751089144001,-0.845945319462827,0.182146718010372
8.93255065605059,0.314515505651021,-0.31395377770308,-0.285741081017745,0.00324505487353446,0.114668564341756,-0.0504008803735589,-0.845413565872011,0.183471008849046
8.99449922058705,0.312375804083938,-0.313912685489699,-0.286058990312383,0.00381480700711961,0.114393596938602,-0.0505257258968655,-0.844873541254642,0.184801199916779
9.05687740761275,0.310237206957534,-0.313857263053786,-0.286373082847155,0.00439124774655641,0.114117933466572,-0.0506496464533534,-0.844325159997446,0.186137276570566
9.11968819662343,0.308099910394012,-0.313787536727942,-0.286683264136494,0.00497436328171688,0.113841586040922,-0.0507726432667621,-0.843768335889076,0.187479223147134
9.18293458777804,0.305964109859993,-0.313703536218052,-0.286989439624347,0.00556413839007724,0.113564566651252,-0.0508947178120382,-0.843202982127313,0.188827022944334
9.2466196020421,0.303830000092035,-0.313605294585077,-0.287291514707918,0.00616055643378752,0.113286887154476,-0.0510158718116236,-0.842629011326587,0.19018065820245
9.31074628133199,0.301697775022739,-0.313492848224893,-0.287589394761405,0.00676359935722323,0.113008559267883,-0.0511361072315318,-0.842046335525851,0.19154011008541
9.3753176886602,0.299567627707485,-0.313366236846206,-0.287882985159706,0.00737324768501627,0.112729594562296,-0.0512554262772153,-0.841454866196798,0.19290535866191
9.44033690828169,0.297439750251862,-0.313225503446561,-0.288172191302083,0.00798948052055812,0.112450004455344,-0.0513738313892264,-0.840854514252427,0.194276382886457
9.50580704584117,0.295314333739853,-0.313070694286475,-0.288456918635787,0.00861227554497171,0.112169800204837,-0.0514913252386745,-0.84024519005597,0.195653160580329
9.57173122852146,0.293191568162824,-0.312901858861716,-0.288737072679599,0.00924160901654583,0.111888992902272,-0.051607910722483,-0.839626803430182,0.197035668412461
9.63811260519287,0.291071642349374,-0.312719049873757,-0.289012559047316,0.00987745577062493,0.111607593466454,-0.0517235909584495,-0.838999263667003,0.198423881880252
9.70495434656358,0.288954743896108,-0.31252232319844,-0.289283283471134,0.0105197892199496,0.111325612637256,-0.0518383692801121,-0.83836247953759,0.199817775290308
9.7722596453311,0.286841059099378,-0.312311737852882,-0.289549151824938,0.0111685813554386,0.111043060969516,-0.0519522492314263,-0.837716359302744,0.201217321739118
9.84003171633479,0.284730772888035,-0.312087355960645,-0.289810070147484,0.0118238027474063,0.110759948827075,-0.0520652345612562,-0.837060810723716,0.202622493093666
9.90827379670937,0.282624068757269,-0.311849242715226,-0.29006594466546,0.0124854225472084,0.110476286376968,-0.052177329217684,-0.836395741073409,0.204033259971987
9.97698914603959,0.280521128703553,-0.311597466341887,-0.290316681816409,0.0131534084893062,0.110192083583771,-0.0522885373421423,-0.835721057147991,0.205449591723678
10.0461810465159,0.278422133160767,-0.311332098057874,-0.290562188271527,0.0138277268937418,0.109907350204106,-0.0523988632633737,-0.835036665278906,0.20687145641035
10.1158528030912,0.276327260937524,-0.311053212031062,-0.290802370958299,0.0145083426690166,0.109622095781317,-0.0525083114912226,-0.834342471345312,0.208298820786048
10.1860077436388,0.27423668915576,-0.310760885337065,-0.291037137082982,0.0151952193153624,0.109336329640312,-0.052616886710264,-0.83363838078693,0.209731650277628
10.2566492191112,0.272150593190623,-0.310455197914857,-0.291266394152924,0.0158883189283958,0.109050060882589,-0.0527245937732735,-0.83292429861733,0.21116990896511
10.3277806037004,0.270069146611702,-0.310136232520962,-0.291490049998704,0.0165876022031498,0.108763298381442,-0.0528314376945458,-0.832200129437654,0.212613559561995
10.3994052949988,0.26799252112563,-0.309804074682221,-0.291708012796099,0.0172930284384673,0.108476050777346,-0.0529374236430644,-0.831465777450779,0.214062563395574
10.4715267141616,0.265920886520116,-0.309458812647234,-0.291920191087853,0.0180045555417516,0.108188326473545,-0.0530425569355305,-0.830721146475927,0.215516880387217
10.5441483060703,0.263854410609419,-0.309100537336479,-0.292126493805258,0.0187221400340618,0.107900133631831,-0.0531468430292544,-0.82996613996374,0.216976469032662
10.6172735394972,0.261793259181313,-0.308729342291186,-0.292326830289537,0.019445737055542,0.107611480168516,-0.0532502875149177,-0.829200661011819,0.218441286382298
10.6909059072708,0.259737595945573,-0.308345323621009,-0.292521110313014,0.0201753003711767,0.107322373750621,-0.0533528961092101,-0.828424612380724,0.219911288021461
10.7650489264432,0.257687582484005,-0.307948579950535,-0.292709244100082,0.0209107823768584,0.10703282179226,-0.0534546746473474,-0.827637896510464,0.221386428050747
10.8397061384575,0.255643378202055,-0.307539212364699,-0.292891142347948,0.021652134105761,0.106742831451246,-0.0535556290754778,-0.826840415537471,0.222866659066342
10.9148811093176,0.253605140282026,-0.307117324353148,-0.293066716247172,0.0223993052350044,0.106452409625904,-0.0536557654429814,-0.826032071312062,0.224351932140389
10.9905774297578,0.25157302363791,-0.306683021753607,-0.29323587750197,0.0231522440926035,0.106161562952105,-0.0537550898946702,-0.825212765416403,0.225842196801396
11.0667987154147,0.249547180871889,-0.306236412694303,-0.293398538350302,0.0239108976646884,0.105870297800523,-0.0538536086628942,-0.824382399182984,0.227337401014691
11.1435486070002,0.247527762232487,-0.305777607535495,-0.293554611583735,0.0246752116029863,0.10557862027411,-0.0539513280595609,-0.823540873713602,0.22883749116293
11.2208307704748,0.245514915574426,-0.305306718810181,-0.29370401056707,0.0254451302325547,0.105286536205805,-0.0540482544680745,-0.822688089898869,0.230342412026684
11.2986488972231,0.243508786320179,-0.304823861164011,-0.293846649257746,0.0262205965597554,0.104994051156467,-0.0541443943352009,-0.821823948438251,0.231852106765094
11.3770067042298,0.241509517423252,-0.304329151294483,-0.293982442225013,0.0270015522804592,0.10470117041304,-0.0542397541628662,-0.820948349860632,0.233366516896616
11.4559079342577,0.239517249333185,-0.303822707889464,-0.294111304668871,0.027787937788471,0.104407898986949,-0.0543343404998945,-0.820061194545433,0.234885582279868
11.535356356026,0.237532119962314,-0.303304651565102,-0.294233152438786,0.0285796921841646,0.104114241612738,-0.0544281599336925,-0.819162382744268,0.236409241094578
11.6153557643908,0.235554264654276,-0.302775104803171,-0.294347902052166,0.0293767532833191,0.103820202746934,-0.0545212190818875,-0.818251814603164,0.237937429822663
11.6959099805258,0.233583816154269,-0.302234191887917,-0.294455470712623,0.030179057626145,0.103525786567158,-0.054613524583925,-0.817329390185336,0.23947008322943
11.7770228521052,0.231620904581092,-0.301682038842446,-0.294555776327995,0.0309865404864931,0.103230996971469,-0.0547050830926344,-0.816395009494537,0.241007134344929
11.8586982534876,0.229665657400938,-0.301118773364727,-0.294648737528154,0.031799135881234,0.102935837577951,-0.054795901265768,-0.815448572498979,0.242548514445454
11.9409400859005,0.227718199402963,-0.300544524763245,-0.294734273682584,0.0326167765798024,0.102640311724538,-0.0548859857575209,-0.814489979155831,0.244094153035223
12.0237522776272,0.225778652676623,-0.29995942389237,-0.294812304917747,0.0334393941138945,0.102344422469082,-0.0549753432100394,-0.813519129436311,0.245643977828236
12.1071387841942,0.223847136590778,-0.2993636030875,-0.294882752134228,0.0342669187873132,0.102048172589665,-0.0550639802449234,-0.812535923351366,0.247197914730324
12.1911035885602,0.221923767774555,-0.29875719610001,-0.294945537023675,0.0350992796859498,0.10175156458514,-0.0551519034547307,-0.811540260977951,0.248755887821419
12.2756507013062,0.22000866009997,-0.298140338032087,-0.295000582085522,0.0359364046878968,0.101454600675935,-0.0552391193944903,-0.810532042485911,0.250317819338041
12.3607841608273,0.218101924666299,-0.29751316527148,-0.295047810643519,0.0367782204736837,0.101157282805075,-0.0553256345732307,-0.809511168165472,0.251883629656025
12.4465080335254,0.216203669786185,-0.296875815426239,-0.295087146862053,0.0376246525366285,0.100859612639462,-0.0554114554455299,-0.808477538455343,0.253453237273507
12.5328264140034,0.214314000973482,-0.296228427259463,-0.295118515762287,0.0384756251932979,0.100561591571385,-0.0554965884030959,-0.807431053971442,0.255026558794177
12.6197434252612,0.212433020932804,-0.295571140624143,-0.295141843238103,0.0393310615940715,0.100263220720274,-0.0555810397663817,-0.806371615536236,0.256603508910817
12.7072632188919,0.210560829550785,-0.29490409639812,-0.295157056071865,0.0401908837338017,0.0999645009346887,-0.0556648157762431,-0.805299124208716,0.25818400038915
12.7953899752808,0.208697523889023,-0.294227436419225,-0.295164081950009,0.041055012462566,0.099665432794546,-0.0557479225856466,-0.804213481314993,0.259767944051995
12.8841279038047,0.206843198178694,-0.293541303420633,-0.295162849478454,0.0419233674965061,0.0993660166135832,-0.0558303662514316,-0.803114588479533,0.261355248763776
12.9734812430331,0.204997943816821,-0.292845840966491,-0.295153288197863,0.0427958674287476,0.0990662524420532,-0.0559121527261364,-0.80200234765703,0.262945821415372
13.0634542609305,0.203161849364165,-0.292141193387865,-0.295135328598738,0.0436724297403988,0.0987661400696521,-0.0559932878498925,-0.800876661164914,0.264539566909348
13.1540512550606,0.201335000544742,-0.29142750571903,-0.295108902136361,0.0445529708116232,0.0984656790286775,-0.0560737773423934,-0.799737431716499,0.266136388145573
13.2452765527909,0.199517480246918,-0.290704923634179,-0.295073941245606,0.0454374059327827,0.0981648685974137,-0.0561536267949468,-0.798584562454779,0.267736186007251
13.3371345115004,0.197709368526071,-0.289973593384567,-0.2950303793556,0.0463256493156494,0.0978637078037428,-0.056232841662613,-0.797417956986866,0.269338859347384
13.4296295187868,0.1959107426088,-0.289233661736139,-0.294978150904262,0.0472176141046827,0.0975621954289786,-0.0563114272564383,-0.796237519419073,0.270944304975678
13.5227659926764,0.194121676898642,-0.288485275907691,-0.294917191352722,0.0481132123883707,0.0972603300119212,-0.0563893887357885,-0.795043154392644,0.272552417645922
13.6165483818355,0.19234224298328,-0.287728583509585,-0.294847437199621,0.0490123552106355,0.0969581098531288,-0.0564667311007883,-0.793834767120125,0.274163090043861
13.7109811657822,0.190572509643218,-0.286963732483077,-0.294768825995305,0.049914952582299,0.0966555330194044,-0.0565434591848733,-0.792612263422392,0.275776212775574
13.806068855101,0.188812542861874,-0.286190871040271,-0.294681296355922,0.0508209134926113,0.0963525973484935,-0.0566195776474596,-0.791375549766307,0.277391674356383
13.9018159916578,0.187062405837094,-0.285410147604758,-0.294584787977424,0.0517301459208416,0.0960493004539917,-0.0566950909667375,-0.790124533303031,0.279009361200323
13.998227148817,0.185322158994023,-0.284621710752952,-0.294479241649483,0.0526425568479309,0.0957456397304546,-0.0567700034325941,-0.788859121906968,0.280629157610179
14.0953069316601,0.183591859999325,-0.283825709156171,-0.294364599269332,0.0535580522682086,0.095441612358712,-0.0568443191396709,-0.78757922421535,0.282250945768125
14.1930599772055,0.181871563776714,-0.283022291523486,-0.294240803855531,0.054476537201176,0.0951372153113777,-0.0569180419805624,-0.786284749668456,0.283874605726984
14.2914909546299,0.180161322523754,-0.282211606545376,-0.294107799561678,0.0553979157033559,0.0948324453585547,-0.0569911756391592,-0.78497560855046,0.285500015402122
14.3906045654914,0.178461185729913,-0.281393802838201,-0.293965531690049,0.0563220908802138,0.0945272990737294,-0.0570637235841429,-0.783651712030904,0.287127050564025
14.4904055439544,0.176771200195821,-0.280569028889545,-0.293813946705202,0.057248964898152,0.0942217728398527,-0.0571356890626365,-0.78231297220679,0.288755584831542
14.5908986570152,0.175091410053703,-0.279737433004432,-0.293652992247527,0.0581784389965816,0.0939158628556026,-0.0572070750940157,-0.780959302145289,0.290385489665864
14.6920887047298,0.17342185678896,-0.278899163252454,-0.293482617146766,0.0591104135000749,0.0936095651418247,-0.0572778844638862,-0.779590615927052,0.29201663436522
14.7939805204436,0.171762579262855,-0.278054367415824,-0.293302771435498,0.0600447878306047,0.0933028755481453,-0.0573481197182316,-0.778206828690121,0.293648886060346
14.8965789710218,0.170113613736259,-0.277203192938388,-0.293113406362599,0.0609814605198731,0.0929957897597544,-0.0574177831577361,-0.776807856674435,0.295282109710736
14.999888957082,0.168474993894455,-0.276345786875608,-0.292914474406684,0.061920329221738,0.0926883033043515,-0.0574868768322874,-0.775393617266909,0.296916168101695
15.1039154132284,0.166846750872917,-0.275482295845533,-0.292705929289531,0.0628612907247403,0.0923804115592522,-0.0575554025356636,-0.773964029047092,0.298550921842236
15.2086633082875,0.165228913284072,-0.274612865980785,-0.292487725989503,0.0638042409647403,0.092072109758648,-0.0576233618004079,-0.772519011833385,0.300186229363831
15.3141376455451,0.163621507244979,-0.273737642881573,-0.292259820754955,0.0647490750376688,0.0917633930010174,-0.0576907558928967,-0.771058486729799,0.301821946920041
15.4203434629857,0.162024556405904,-0.272856771569747,-0.29202217111765,0.0656956872124004,0.0914542562566806,-0.0577575858086036,-0.769582376173264,0.303457928587061
15.5272858335329,0.160438081979744,-0.271970396443909,-0.291774735906172,0.0666439709437558,0.091144694375494,-0.0578238522675639,-0.768090603981449,0.305094026265194
15.6349698652918,0.158862102772277,-0.271078661235596,-0.291517475259349,0.0675938188856423,0.0908347020946799,-0.0578895557100438,-0.766583095401092,0.306730089681282
15.7434007017931,0.157296635213189,-0.270181708966542,-0.291250350639687,0.0685451229043382,0.0905242740467847,-0.0579546962924167,-0.765059777156836,0.308365966392124
15.8525835222385,0.155741693387846,-0.269279681907036,-0.290973324846812,0.0694977740919323,0.0902134047677609,-0.0580192738832512,-0.763520577500523,0.310001501788899
15.9625235417481,0.154197289069775,-0.268372721535376,-0.290686362030931,0.0704516627799249,0.0899020887051682,-0.0580832880596143,-0.761965426260964,0.311636539102623
16.07322601161,0.152663431753827,-0.267460968498437,-0.290389427706311,0.0714066785530013,0.0895903202264871,-0.0581467381035913,-0.760394254894145,0.313270919410659
16.1846962195303,0.151140128689961,-0.266544562573357,-0.290082488764769,0.0723627102629849,0.0892780936275397,-0.0582096229990285,-0.758806996533857,0.31490448164432
16.2969394898867,0.149627384917644,-0.265623642630338,-0.28976551348919,0.0733196460429814,0.0889654031410127,-0.0582719414284983,-0.757203586042731,0.316537062597567
16.4099611839816,0.14812520330081,-0.264698346596581,-0.289438471567053,0.074277373321723,0.088652242945076,-0.0583336917704923,-0.755583960063651,0.318168496936845
16.5237667002994,0.146633584563352,-0.263768811421349,-0.289101334103987,0.0752357788381219,0.0883386071720916,-0.0583948720968439,-0.753948057071536,0.319798617212072
16.6383614747635,0.145152527325107,-0.262835173042166,-0.288754073637336,0.0761947486560445,0.0880244899174065,-0.0584554801703825,-0.752295817425451,0.321427253868813
16.7537509809962,0.143682028138307,-0.261897566352143,-0.288396664149743,0.0771541681793159,0.0877098852482251,-0.0585155134428233,-0.750627183421037,0.323054235261645
16.8699407305804,0.142222081524456,-0.260956125168453,-0.288029081082752,0.0781139221669643,0.0873947872125526,-0.0585749690528931,-0.748942099343226,0.32467938766876
16.9869362733223,0.140772680011594,-0.260010982201925,-0.287651301350414,0.0790738947487178,0.0870791898482059,-0.0586338438246961,-0.747240511519224,0.326302535307812
17.1047431975172,0.139333814171934,-0.259062269027783,-0.287263303352913,0.0800339694407617,0.0867630871918839,-0.0586921342663201,-0.745522368371721,0.327923500353036
17.2233671302159,0.137905472659813,-0.258110116057515,-0.286865066990182,0.0809940291617693,0.0864464732882931,-0.0587498365686865,-0.74378762047232,0.32954210295366
17.3428137374936,0.136487642249945,-0.257154652511859,-0.286456573675538,0.0819539562492147,0.0861293421993202,-0.0588069466046445,-0.742036220595132,0.331158161253637
17.4630887247206,0.135080307875937,-0.256196006394929,-0.286037806349295,0.08291363247598,0.0858116880132463,-0.0588634599283118,-0.740268123770529,0.332771491412703
17.5841978368348,0.133683452669033,-0.255234304469447,-0.285608749492379,0.0838729390672663,0.0854935048539977,-0.0589193717746636,-0.738483287339006,0.334381907628807
17.7061468586161,0.132297057997061,-0.254269672233093,-0.285169389139927,0.0848317567178198,0.0851747868904244,-0.0589746770593702,-0.736681671005135,0.335989222161902
17.8289416149627,0.130921103503547,-0.253302233895958,-0.284719712894854,0.0857899656094832,0.0848555283456018,-0.0590293703788854,-0.734863236891563,0.337593245359145
17.9525879711692,0.129555567146977,-0.252332112359103,-0.284259709941402,0.0867474454290822,0.084535723506149,-0.0590834460107861,-0.733027949593035,0.339193785681502
18.0770918332073,0.128200425240158,-0.251359429194198,-0.283789371058644,0.0877040753866591,0.0842153667315567,-0.0591368979143638,-0.731175776230387,0.340790649731792
18.2024591480069,0.126855652489674,-0.250384304624254,-0.283308688633942,0.0886597342340611,0.0838944524635176,-0.05918971973147,-0.729306686504498,0.342383642284175
18.3286959037413,0.125521222035387,-0.249406857505416,-0.282817656676357,0.0896143002838953,0.0835729752352547,-0.0592419047876139,-0.72742065275014,0.34397256631511
18.4558081301122,0.124197105489968,-0.248427205309832,-0.282316270829981,0.0905676514288588,0.0832509296808393,-0.0592934460933153,-0.725517649989699,0.345557223035788
18.5838018986386,0.122883272978433,-0.247445464109557,-0.281804528387205,0.0915196651614538,0.0829283105444921,-0.0593443363457107,-0.72359765598673,0.347137411926069
18.7126833229461,0.121579693177645,-0.246461748561512,-0.281282428301892,0.0924702185940972,0.0826051126898619,-0.0593945679304144,-0.721660651299299,0.348712930769915
18.8424585590593,0.120286333355768,-0.245476171893465,-0.280749971202461,0.0934191884796319,0.0822813311092747,-0.059444132923634,-0.719706619333071,0.350283575692355
18.9731338056957,0.119003159411646,-0.244488845891022,-0.280207159404846,0.0943664512322506,0.0819569609329455,-0.0594930230945388,-0.717735546394112,0.351849141197976
19.1047153045619,0.117730135914083,-0.243499880885637,-0.279653996925352,0.0953118829488384,0.0816319974381482,-0.0595412299078836,-0.715747421741347,0.353409420210953
19.2372093406515,0.116467226140991,-0.242509385743591,-0.279090489493353,0.0962553594307428,0.0813064360583346,-0.0595887445268845,-0.713742237638642,0.354964204116644
19.3706222425457,0.115214392118397,-0.241517467855962,-0.278516644563856,0.097196756205978,0.0809802723921981,-0.0596355578163478,-0.711719989406457,0.356513282804721
19.5049603827152,0.113971594659281,-0.240524233129554,-0.27793247132989,0.0981359485518707,0.0806535022126733,-0.0596816603460499,-0.709680675473034,0.358056444713892
19.6402301778248,0.112738793402223,-0.239529785978761,-0.277337980734724,0.0990728115181534,0.0803261214758659,-0.0597270423943685,-0.707624297425062,0.359593476878169
19.7764380890397,0.111515946849829,-0.238534229318379,-0.276733185483878,0.100007219950511,0.0799981263299062,-0.0597716939521628,-0.705550860057784,0.361124164974733
19.9135906223344,0.110303012406942,-0.237537664557324,-0.276118100056937,0.100939048514588,0.0796695131237189,-0.0598156047269019,-0.703460371424486,0.362648293373357
20.0516943288031,0.109099946418582,-0.236540191593249,-0.275492740719125,0.101868171720457,0.0793402784157026,-0.0598587641470395,-0.701352842885328,0.364165645187418
20.1907558049731,0.107906704207632,-0.235541908808054,-0.274857125532641,0.102794463947555,0.0790104189823133,-0.0599011613666338,-0.699228289155471,0.365676002326484
20.3307816931193,0.106723240112221,-0.234542913064251,-0.274211274367731,0.103717799470095,0.0786799318265431,-0.0599427852702096,-0.697086728352436,0.367179145550478
20.4717786815819,0.105549507522812,-0.233543299702194,-0.273555208913479,0.104638052482948,0.0783488141862893,-0.0599836244778622,-0.69492818204266,0.368674854525407
20.6137535050858,0.104385458918957,-0.232543162538135,-0.272888952688308,0.105555097128005,0.0780170635426073,-0.0600236673505986,-0.692752675287192,0.370162907880669
20.756712945062,0.103231045905716,-0.231542593863096,-0.272212531050151,0.106468807521013,0.0776846776278378,-0.0600629019959164,-0.690560236686474,0.371643083267912
20.900663829972,0.102086219249721,-0.230541684442547,-0.271525971206297,0.107379057778896,0.0773516544336064,-0.0601013162736146,-0.688350898424164,0.373115157421448
21.0456130356336,0.100950928914867,-0.229540523516863,-0.27082930222288,0.108285722047553,0.0770179922186843,-0.0601388978018367,-0.686124696309945,0.374578906220212
21.1915674855492,0.0998251240976186,-0.228539198802543,-0.270122555033993,0.109188674530132,0.0766836895167066,-0.0601756339633401,-0.683881669821259,0.376034104751243
21.338534151237,0.0987087532619176,-0.227537796494185,-0.269405762450408,0.11008778951579,0.0763487451437407,-0.0602115119119916,-0.681621862143936,0.377480527374691
21.4865200525637,0.0976017641736774,-0.226536401267182,-0.26867895916788,0.11098294140892,0.0760131582056986,-0.0602465185794828,-0.679345320211639,0.378917947790318
21.6355322580795,0.0965041039348533,-0.225535096281131,-0.267942181775027,0.111874004758858,0.0756769281055852,-0.0602806406822641,-0.677052094744096,0.380346139105486
21.7855778853565,0.0954157190170755,-0.22453396318394,-0.267195468760738,0.112760854290054,0.0753400545505795,-0.0603138647286926,-0.674742240284043,0.381764873904611
21.9366641013278,0.0943365552948332,-0.223533082116603,-0.266438860521122,0.11364336493271,0.0750025375589388,-0.0603461770263894,-0.672415815232848,0.38317392432006
22.0887981226306,0.0932665580782013,-0.22253253171864,-0.265672399365951,0.114521411853882,0.0746643774667222,-0.0603775636898039,-0.670072881884751,0.384573062104464
22.2419872159503,0.0922056721450951,-0.221532389134168,-0.264896129524593,0.115394870489028,0.0743255749343261,-0.0604080106479793,-0.667713506459666,0.38596205870444
22.396238698368,0.0911538417730487,-0.220532730018601,-0.264110097151401,0.116263616574004,0.0739861309528261,-0.0604375036525147,-0.665337759134498,0.387340685335666
22.5515599377096,0.0901110107705031,-0.219533628545944,-0.263314350330549,0.117127526177504,0.0736460468501188,-0.0604660282857214,-0.662945714072925,0.38870871305931
22.7079583528983,0.0890771225075997,-0.218535157416677,-0.262508939080286,0.117986475733925,0.0733053242968587,-0.0604935699689646,-0.660537449453586,0.390065912859768
22.8654414143084,0.0880521199464667,-0.217537387866206,-0.26169391535659,0.118840342076652,0.0729639653121832,-0.0605201139711902,-0.658113047496632,0.391412055723669
23.0240166441225,0.0870359456709962,-0.216540389673854,-0.260869333056203,0.11968900247175,0.0726219722692204,-0.0605456454176269,-0.65567259448858,0.392746912720138
23.1836916166905,0.0860285419160999,-0.215544231172394,-0.260035248019022,0.120532334652066,0.0722793479003753,-0.0605701492986616,-0.653216180805431,0.394070255082255
23.3444739588916,0.0850298505964413,-0.21454897925808,-0.259191718029833,0.121370216851696,0.0719360953023866,-0.0605936104788806,-0.650743900934,0.395381854289689
23.5063713504986,0.084039813334635,-0.213554699401186,-0.258338802819355,0.122202527840846,0.0715922179411516,-0.0606160137062716,-0.648255853491396,0.396681482152453
23.6693915245447,0.0830583714889106,-0.212561455657007,-0.257476564064595,0.123029146961034,0.0712477196563118,-0.06063734362158,-0.645752141242628,0.397968910895749
23.8335422676926,0.0820854661802339,-0.211569310677332,-0.256605065388464,0.123849954160646,0.0709026046655948,-0.0606575847678143,-0.643232871116271,0.399243913245857
23.9988314206069,0.0811210383188832,-0.210578325722343,-0.255724372358673,0.124664830030811,0.0705568775689088,-0.0606767215998928,-0.640698154218155,0.400506262517009
24.1652668783283,0.0801650286304747,-0.209588560672949,-0.25483455248585,0.125473655841593,0.0702105433521832,-0.0606947384944267,-0.638148105843031,0.401755732699215
24.3328565906507,0.0792173776814345,-0.208600074043522,-0.253935675220892,0.126276313578468,0.0698636073909517,-0.0607116197596315,-0.635582845484171,0.402992098546989
24.5016085625011,0.0782780259039148,-0.207612922995013,-0.253027811951514,0.127072685979081,0.0695160754536734,-0.0607273496453607,-0.633002496840855,0.404215135668911
24.6715308543219,0.0773469136201501,-0.206627163348451,-0.252111035997986,0.127862656570252,0.0691679537047879,-0.0607419123532552,-0.630407187823717,0.405424620617981
24.8426315824557,0.0764239810662524,-0.205642849598787,-0.25118542260804,0.128646109705219,0.0688192487074996,-0.0607552920469993,-0.627797050557891,0.406620330982715
25.0149189195333,0.0755091684154438,-0.204660034929079,-0.250251048950927,0.12942293060109,0.0684699674262883,-0.0607674728626788,-0.625172221383943,0.407802045478905
25.1884010948637,0.0746024158007238,-0.203678771224992,-0.249307994110612,0.130193005376491,0.0681201172291419,-0.0607784389192307,-0.622532840856526,0.408969544042008
25.3630863948277,0.0737036633369721,-0.202699109089613,-0.248356339078089,0.130956221089371,0.0677697058895073,-0.0607881743289798,-0.619879053740751,0.410122607920086
25.538983163273,0.0728128511424855,-0.201721097858533,-0.247396166742804,0.131712465774963,0.0674187415879579,-0.0607966632082519,-0.617211009006216,0.411261019767239
25.7160998019135,0.0719299193599481,-0.200744785615223,-0.246427561883169,0.132461628483852,0.0670672329135727,-0.0608038896880574,-0.614528859818682,0.41238456373747
25.89444477073,0.0710548081768367,-0.199770219206645,-0.245450611156154,0.13320359932015,0.0667151888650257,-0.0608098379248361,-0.611832763529353,0.413493025578915
26.0740265883745,0.070187457845261,-0.198797444259114,-0.244465403085952,0.133938269479724,0.0663626188513817,-0.0608144921112564,-0.60912288166174,0.414586192728367
26.2548538325773,0.0693278087012382,-0.197826505194377,-0.24347202805169,0.134665531288481,0.0660095326925979,-0.0608178364870589,-0.606399379896085,0.415663854406028
26.4369351405564,0.0684758011834073,-0.1968574452459,-0.242470578274194,0.135385278240653,0.0656559406197275,-0.0608198553499374,-0.60366242805131,0.41672580171042
26.6202792094301,0.0676313758511802,-0.195890306475352,-0.241461147801784,0.136097405037079,0.0653018532748243,-0.0608205330664483,-0.600912200064493,0.417771827713385
26.8048947966327,0.0667944734023342,-0.194925129789259,-0.240443832495093,0.136801807623439,0.0649472817105472,-0.0608198540829396,-0.598148873967825,0.418801727555091
26.9907907203326,0.0659650346900485,-0.193961954955826,-0.239418730010908,0.137498383228414,0.0645922373894616,-0.0608178029364911,-0.595372631863052,0.419815298538987
27.1779758598533,0.0651430007393851,-0.193000820621903,-0.238385939785022,0.138187030401757,0.0642367321830387,-0.0608143642658567,-0.592583659893385,0.420812340226617
27.3664591560979,0.06432831276322,-0.192041764330087,-0.23734556301409,0.138867649052215,0.0638807783703504,-0.060809522822401,-0.589782148212855,0.421792654532227
27.556249611976,0.0635209121776253,-0.191084822535939,-0.236297702636481,0.139540140485306,0.0635243886364598,-0.0608032634810193,-0.586968290953116,0.422756045817081
27.7473562928336,0.0627207406167078,-0.190130030625311,-0.235242463312136,0.140204407440889,0.0631675760705073,-0.0607955712510342,-0.58414228618769,0.423702320983418
27.9397883268864,0.0619277399469063,-0.189177422931761,-0.234179951401409,0.140860354130521,0.0628103541634917,-0.0607864312870584,-0.581304335893636,0.424631289567959
28.1335549056553,0.061141852280753,-0.188227032754046,-0.233110274942909,0.14150788627455,0.0624527368057475,-0.0607758288998152,-0.578454645910663,0.425542763834899
28.3286652844062,0.0603630199901033,-0.187278892373679,-0.232033543630325,0.142146911138923,0.062094738284118,-0.0607637495669073,-0.575593425897668,0.426436558868289
28.5251287825912,0.0595911857188372,-0.186333033072541,-0.230949868788253,0.142777337571672,0.0617363732788257,-0.0607501789435256,-0.57272088928672,0.427312492663744
28.7229547842946,0.058826292395039,-0.185389485150526,-0.229859363347008,0.143399076039049,0.0613776568600416,-0.0607351028730877,-0.569837253234487,0.428170386219389
28.9221527386804,0.0580682832426599,-0.184448277943218,-0.228762141816437,0.144012038661272,0.0610186044841535,-0.060718507397798,-0.566942738571113,0.42901006362596
29.1227321604441,0.0573171017926683,-0.183509439839575,-0.227658320258732,0.144616139247856,0.0606592319897369,-0.0607003787691199,-0.564037569746575,0.429831352155981
29.324702630267,0.056572691893694,-0.182572998299623,-0.226548016260254,0.145211293332486,0.0602995555932289,-0.0606807034581512,-0.561121974774512,0.430634082351946
29.5280737952738,0.0558349977221726,-0.181638979872134,-0.225431348902363,0.145797418207412,0.0599395918843085,-0.0606594681658935,-0.558196185173566,0.431418088113409
29.7328553694936,0.0551039637919945,-0.180707410212281,-0.224308438731272,0.146374432957322,0.0595793578209863,-0.0606366598334072,-0.555260435906234,0.432183206782916
29.9390571343235,0.0543795349636673,-0.17977831409927,-0.223179407726939,0.146942258492668,0.059218870724405,-0.0606122656518419,-0.552314965315281,0.432929279230691
30.1466889389963,0.0536616564529958,-0.178851715453917,-0.222044379270983,0.147500817582404,0.0588581482733555,-0.0605862730723353,-0.54936001505772,0.433656149938
30.3557607010504,0.0529502738392875,-0.177927637356178,-0.22090347811367,0.148050034886112,0.058497208498512,-0.06055866981577,-0.546395830036394,0.434363667079113
30.566282406804,0.0522453330730905,-0.177006102062608,-0.219756830339953,0.148589836985478,0.0581360697763893,-0.0605294438823805,-0.543422658329201,0.435051682601786
30.7782641118319,0.0515467804834697,-0.176087131023754,-0.218604563334593,0.149120152415091,0.0577747508230265,-0.0604985835612021,-0.540440751115984,0.435720052306186
30.9917159414457,0.0508545627848308,-0.175170744901453,-0.217446805746378,0.149640911692525,0.0574132706874028,-0.060466077439352,-0.537450362603142,0.436368635922181
31.2066480911777,0.0501686270832966,-0.174256963586043,-0.216283687451453,0.15015204734768,0.0570516487445886,-0.0604319144111363,-0.534451749945983,0.436997297184921
31.4230708272674,0.0494889208826458,-0.173345806213463,-0.21511533951577,0.150653493951351,0.056689904688638,-0.0603960836869721,-0.531445173168879,0.437605903908637
31.6409944871527,0.0488153920898204,-0.172437291182249,-0.213941894156698,0.15114518814299,0.056328058525227,-0.0603585748021193,-0.52843089508326,0.438194328058576
31.8604294799627,0.0481479890200099,-0.171531436170401,-0.212763484703793,0.151627068657634,0.0559661305640448,-0.0603193776252127,-0.525409181203506,0.438762445821018
32.0813862870155,0.047486660401321,-0.170628258152121,-0.211580245558761,0.152099076351969,0.0556041414109421,-0.0602784823665867,-0.522380299660777,0.439310137671285
32.3038754623189,0.0468313553790394,-0.169727773414414,-0.21039231215463,0.152561154229503,0.0552421119598431,-0.0602358795863859,-0.519344521114848,0.439837288439685
32.5279076330741,0.0461820235194939,-0.168829997573542,-0.209199820914155,0.153013247464817,0.0548800633844295,-0.0601915602024536,-0.516302118663997,0.440343787375318
32.7534935001834,0.0455386148135295,-0.167934945591325,-0.208002909207494,0.153455303426867,0.0545180171295994,-0.0601455154979915,-0.513253367753014,0.440829528207691
32.9806438387618,0.0449010796795991,-0.167042631791273,-0.206801715309152,0.153887271701319,0.0541559949027123,-0.0600977371289831,-0.510198546079382,0.441294409206055
33.2093694986511,0.0442693689664809,-0.166153069874565,-0.205596378354257,0.154309104111873,0.0537940186646237,-0.060048217131375,-0.507137933497712,0.441738333236432
33.4396814049384,0.0436434339556327,-0.165266272935832,-0.204387038294157,0.154720754740573,0.0534321106205193,-0.0599969479280092,-0.504071811922479,0.442161207816243
33.6715905584778,0.0430232263631887,-0.164382253478777,-0.203173835851405,0.155122179947059,0.0530702932105546,-0.0599439223352994,-0.501000465229149,0.442562945166509
33.9051080364161,0.0424086983416102,-0.163501023431592,-0.201956912474126,0.15551333838676,0.0527085891003096,-0.0598891335696474,-0.497924179153745,0.442943462261541
34.1402449927217,0.0417998024809975,-0.162622594162193,-0.200736410289823,0.155894191027979,0.0523470211710641,-0.0598325752535913,-0.494843241190954,0.443302680876099
34.3770126587175,0.041196491810073,-0.161746976493242,-0.199512472058648,0.156264701167877,0.051985612509905,-0.0597742414216826,-0.49175794049082,0.443640527629932
34.6154223436172,0.0405987197968438,-0.160874180716976,-0.198285241126151,0.156624834447315,0.0516243863996708,-0.0597141265260852,-0.48866856775413,0.443956934029693
34.8554854350656,0.0400064403489528,-0.160004216609818,-0.197054861375573,0.156974558864544,0.0512633663087448,-0.0596522254418919,-0.485575415126546,0.444251836508148
35.0972133996824,0.0394196078137283,-0.159137093446774,-0.195821477179692,0.157313844787731,0.0509025758807036,-0.0595885334721553,-0.482478776091584,0.44452517646066
35.3406177836102,0.0388381769779397,-0.158272820015612,-0.194585233352261,0.157642664966292,0.0505420389238311,-0.0595230463526257,-0.479378945362511,0.4447769002789
35.5857102130658,0.0382621030672705,-0.157411404630815,-0.193346275099081,0.157960994541023,0.0501817794005069,-0.059455760256196,-0.476276218773251,0.445006959381751
35.8325023948954,0.0376913417455154,-0.156552855147305,-0.192104747968745,0.158268811053022,0.0498218214164771,-0.0593866717970459,-0.473170893168374,0.445215310243367
36.081006117134,0.0371258491135127,-0.155697178973941,-0.190860797803074,0.158566094451379,0.0494621892100198,-0.0593157780344859,-0.470063266292277,0.445401914418365
36.3312332495683,0.03656558170782,-0.154844383086772,-0.189614570687303,0.15885282709962,0.0491029071410107,-0.0592430764764946,-0.466953636677617,0.445566738564119
36.5831957443038,0.0360104964991427,-0.153994474042061,-0.188366212900042,0.159128993780915,0.0487439996799018,-0.0591685650829496,-0.463842303533105,0.44570975446012
36.8369056363357,0.0354605508905246,-0.153147457989062,-0.187115870863046,0.159394581702013,0.0483854913966213,-0.0590922422685473,-0.460729566630746,0.445830939024404
37.0923750441235,0.0349157027153094,-0.152303340682553,-0.185863691090851,0.159649580495924,0.0480274069494045,-0.0590141069054112,-0.457615726192608,0.445930274327013
37.3496161701702,0.034375910234883,-0.15146212749513,-0.184609820140294,0.159893982223318,0.0476697710735656,-0.0589341583253864,-0.454501082777226,0.446007747600472
37.6086413016048,0.033841132136204,-0.150623823429241,-0.183354404559961,0.160127781372655,0.0473126085702202,-0.0588523963220184,-0.451385937165713,0.446063351247288
37.8694628107695,0.0333113275291338,-0.149788433128978,-0.182097590839616,0.160350974859034,0.0469559442949688,-0.0587688211522162,-0.448270590247692,0.446097082844439
38.1320931558105,0.0327864559435726,-0.148955960891619,-0.18083952535963,0.160563562021755,0.0465998031465503,-0.058683433537599,-0.445155342907119,0.446108945144872
38.3965448812729,0.0322664773264133,-0.148126410678909,-0.179580354340462,0.160765544620606,0.046244210055476,-0.0585962346655245,-0.442040495908115,0.446098946075989
38.6628306187004,0.031751352038319,-0.147299786128092,-0.178320223792226,0.160956926830865,0.0458891899726542,-0.0585072261898014,-0.438926349780872,0.446067098735127
38.9309630872381,0.031241040850335,-0.146476090562691,-0.177059279464388,0.161137715237022,0.0455347678580142,-0.0584164102310848,-0.435813204707747,0.446013421382049
39.2009550942403,0.0307355049403439,-0.145655327003026,-0.175797666795624,0.161307918825226,0.045180968669141,-0.0583237893769548,-0.432701360409627,0.445937937428431
39.4728195358824,0.030234705889371,-0.144837498176482,-0.174535530863889,0.161467548974466,0.0448278173499292,-0.0582293666816809,-0.429591116032657,0.445840675424384
39.7465693977764,0.0297386056777501,-0.144022606527518,-0.173273016336723,0.161616619446482,0.0444753388192665,-0.0581331456656729,-0.426482770035421,0.445721669041992
40.0222177555915,0.0292471666811578,-0.143210654227424,-0.172010267421843,0.161755146374422,0.0441235579597568,-0.058035130314619,-0.423376620076678,0.445580957055919
40.2997777756789,0.0287603516665235,-0.142401643183817,-0.170747427818055,0.161883148250258,0.0437724996064911,-0.0579353250783149,-0.420272962903721,0.44541858332108
40.5792627157,0.0282781237878255,-0.141595575049892,-0.169484640666525,0.162000645910952,0.0434221885358771,-0.0578337348691849,-0.417172094241475,0.445234596747405
40.8606859252603,0.027800446581779,-0.140792451233407,-0.168222048502441,0.162107662523416,0.0430726494545366,-0.0577303650604983,-0.414074308682396,0.445029051271732
41.1440608465467,0.0273272839634256,-0.139992272905429,-0.166959793207113,0.162204223568243,0.0427239069882792,-0.0576252214842838,-0.410979899577282,0.444802005826851
41.4294010149697,0.0268586002216321,-0.13919504100882,-0.165698015960538,0.162290356822252,0.0423759856711621,-0.0575183104289462,-0.407889158927058,0.444553524307735
41.7167200598098,0.0263943600145051,-0.138400756266475,-0.164436857194472,0.162366092339851,0.0420289099346448,-0.0574096386365869,-0.404802377275642,0.444283675534985
42.0060317048688,0.0259345283647304,-0.137609419189313,-0.163176456546039,0.16243146243323,0.0416827040968478,-0.0572992133000342,-0.401719843603957,0.443992533215547
42.2973497691249,0.0254790706548447,-0.136821030084023,-0.161916952811922,0.162486501651415,0.0413373923519232,-0.0571870420595874,-0.398641845225185,0.44368017590072
42.5906881673929,0.0250279526224452,-0.136035589060566,-0.160658483903149,0.162531246758189,0.0409929987595463,-0.0570731329994771,-0.395568667681326,0.443346686941516
42.8860609109892,0.0245811403553467,-0.135253096039429,-0.159401186800532,0.162565736708914,0.0406495472345366,-0.0569574946440497,-0.392500594641158,0.442992154441413
43.1834821084004,0.0241386002866915,-0.134473550758651,-0.158145197510778,0.162590012626261,0.040307061536616,-0.056840135953678,-0.389437907799663,0.442616671206543
43.4829659659579,0.0237002991900196,-0.133696952780602,-0.156890651023299,0.162604117774883,0.0399655652603116,-0.0567210663204058,-0.386380886778991,0.442220334693383
43.7845267885158,0.0232662041743064,-0.132923301498535,-0.155637681267763,0.162608097535048,0.0396250818250116,-0.0566002955633301,-0.383329809031045,0.441803246953992
44.0881789801347,0.0228362826789728,-0.132152596142903,-0.154386421072408,0.162601999375261,0.0392856344651822,-0.0564778339237279,-0.380284949741747,0.441365514578844
44.3939370447695,0.0224105024688768,-0.13138483578745,-0.153137002123153,0.162585872823892,0.0389472462207506,-0.056353692059933,-0.377246581737057,0.440907248637343
44.701815586962,0.0219888316292902,-0.130620019355076,-0.151889554923525,0.162559769439851,0.0386099399276633,-0.0562278810419692,-0.37421497539081,0.440428564616045
45.0118293125388,0.0215712385608676,-0.129858145623482,-0.150644208755442,0.162523742782322,0.0382737382086252,-0.0561004123459468,-0.37119039853443,0.439929582354678
45.3239930293136,0.0211576919746142,-0.129099213230599,-0.14940109164086,0.162477848379599,0.037938663464027,-0.0559712978482282,-0.36817311636859,0.439410425980013
45.6383216477945,0.0207481608868569,-0.128343220679795,-0.148160330304329,0.162422143697035,0.0376047378630649,-0.0558405498193699,-0.365163391376867,0.438871223837656
45.954830181896,0.0203426146142245,-0.127590166344885,-0.146922050136463,0.162356688104159,0.037271983335062,-0.0557081809178483,-0.362161483241454,0.438312108421825
46.2735337496566,0.0199410227686433,-0.126840048474918,-0.145686375158357,0.162281542840963,0.0369404215609935,-0.0555742041835755,-0.359167648760977,0.43773321630319
46.5944475739604,0.0195433552523519,-0.126092865198776,-0.144453427986972,0.162196770983412,0.0366100739652238,-0.0554386330312138,-0.356182141770471,0.437134688054837
46.9175869832646,0.019149582252941,-0.125348614529566,-0.143223329801496,0.1621024374082,0.0362809617074587,-0.0553014812432951,-0.353205213063559,0.436516668176445
47.2429674123316,0.0187596742384233,-0.12460729436882,-0.141996200310725,0.161998608756783,0.0359531056749192,-0.0551627629631531,-0.350237110316881,0.43587930501673
47.5706044029659,0.0183736019523361,-0.123868902510502,-0.140772157721446,0.161885353398729,0.0356265264747397,-0.0550224926876771,-0.347278078016816,0.435222750694246
47.9005136047569,0.0179913364088845,-0.123133436644837,-0.139551318707876,0.161762741394403,0.0353012444265965,-0.0548806852598935,-0.344328357388534,0.43454716101662
48.2327107758263,0.0176128488881257,-0.122400894361948,-0.138333798382139,0.161630844457047,0.0349772795555692,-0.0547373558613849,-0.34138818632741,0.433852695398287
48.5672117835806,0.017238110931201,-0.12167127315532,-0.137119710265823,0.161489735914256,0.0346546515852395,-0.0545925200045528,-0.338457799332845,0.433139516776814
48.904032605469,0.0168670943356185,-0.120944570425099,-0.135909166262608,0.161339490668912,0.0343333799310302,-0.0544461935247334,-0.335537427444512,0.432407791527884
49.243189329747,0.0164997711505894,-0.120220783481205,-0.134702276631987,0.161180185159599,0.0340134836937884,-0.0542983925721749,-0.332627298181063,0.431657689379033
49.5846981562442,0.0161361136724229,-0.119499909546302,-0.133499149964088,0.16101189732053,0.0336949816536139,-0.0541491336038827,-0.329727635481319,0.430889383322195
49.9285753971387,0.0157760944399822,-0.118781945758593,-0.132299893155609,0.160834706541028,0.0333778922639375,-0.053998433375343,-0.32683865964796,0.430103049525166
50.2748374777359,0.0154196862302037,-0.11806688917447,-0.13110461138687,0.160648693624596,0.0330622336458489,-0.0538463089321312,-0.323960587293748,0.429298867242046
50.6235009372529,0.0150668620536845,-0.117354736771008,-0.129913408099984,0.160453940747605,0.0327480235826791,-0.0536927776014151,-0.32109363129028,0.428477018722743
50.974582429609,0.0147175951503391,-0.116645485448319,-0.128726384978161,0.160250531417637,0.032435279514835,-0.0535378569833593,-0.318238000719298,0.427637689121625
51.3280987242209,0.0143718589851284,-0.115939132031763,-0.127543641926153,0.160038550431528,0.0321240185348915,-0.0533815649424412,-0.315393900826568,0.426781066405404
51.6840667068035,0.0140296272438637,-0.115235673274024,-0.126365277051818,0.159818083833127,0.0318142573829394,-0.0532239195986847,-0.312561532978319,0.425907341260321
52.0425033801768,0.0136908738290879,-0.114535105857057,-0.125191386648841,0.159589218870824,0.0315060124421901,-0.0530649393188217,-0.30974109462027,0.425016706998716
52.4034258650778,0.0133555728560347,-0.113837426393901,-0.124022065180577,0.159352043954871,0.0311992997348392,-0.0529046427073886,-0.306932779239225,0.42410935946507
52.7668514009784,0.01302369864867,-0.113142631430383,-0.122857405265042,0.159106648614533,0.030894134918187,-0.052743048597766,-0.304136776327255,0.423185496941593
53.1327973469088,0.0126952257358146,-0.112450717446694,-0.121697497661037,0.158853123455102,0.030590533281017,-0.0525801760431702,-0.301353271348446,0.422245320053429
53.5012811822866,0.0123701288473513,-0.111761680858855,-0.120542431255401,0.158591560114817,0.0302885097402321,-0.0524160443076037,-0.298582445708224,0.421289031673577
53.8723205077517,0.0120483829105181,-0.111075518020083,-0.119392293051395,0.158322051221704,0.0299880788377469,-0.0522506728567739,-0.295824476725235,0.420316836827575
54.2459330460073,0.0117299630462864,-0.110392225222044,-0.11824716815821,0.15804469035039,0.0296892547376362,-0.0520840813489861,-0.293079537605773,0.419328942598055
54.6221366426659,0.0114148445658285,-0.109711798696011,-0.117107139781591,0.157759571978913,0.0293920512235375,-0.0519162896260206,-0.290347797420753,0.418325558029221
55.0009492671021,0.0111030029670722,-0.109034234613929,-0.115972289215566,0.157466791445555,0.0290964816963074,-0.0517473177039997,-0.287629421085195,0.417306894031333
55.3823890133107,0.0107944139313456,-0.108359529089391,-0.114842695835288,0.157166444905746,0.0288025591719287,-0.0515771857642534,-0.284924569340214,0.416273163285271
55.7664741007712,0.0104890533201107,-0.107687678178524,-0.113718437090953,0.156858629289053,0.0285102962796675,-0.0514059141441906,-0.282233398737496,0.415224580147251
56.1532228753178,0.0101868971717884,-0.107018677880801,-0.11259958850281,0.156543442256297,0.0282197052604775,-0.0512335233281831,-0.279556061626224,0.414161360553761
56.5426538100157,0.0098879216986728,-0.10635252413977,-0.11148622365724,0.156220982156822,0.0279307979656495,-0.05106003393847,-0.27689270614245,0.413083721926785
56.9347855060436,0.00959210328393724,-0.105689212843714,-0.110378414203889,0.155891347985942,0.0276435858557031,-0.0508854667260893,-0.274243476200869,0.411991883079386
57.3296366935823,0.00929941847873025,-0.105028739826242,-0.109276229853851,0.155554639342609,0.0273580799995185,-0.0507098425618426,-0.271608511488969,0.41088606412172
57.7272262327089,0.00900984399936266,-0.104371100866816,-0.108179738378878,0.155210956387308,0.0270742910737048,-0.0505331824273019,-0.268987947463541,0.40976648636753
58.1275731142982,0.00872335672458489,-0.103716291691216,-0.107089005611609,0.154860399800231,0.0267922293622014,-0.0503555074058623,-0.266381915349491,0.408633372241199
58.5306964609293,0.00843993369295442,-0.103064307971955,-0.106004095446801,0.154503070739737,0.026511904756111,-0.0501768386738489,-0.263790542140945,0.407486945185419
58.9366155277994,0.00815955210029279,-0.102415145328629,-0.104925069843544,0.154139070801134,0.0262333267537573,-0.0499971974916835,-0.261213950604595,0.406327429569525
59.3453497036433,0.00788218929723182,-0.101768799328233,-0.103851988828445,0.153768501975802,0.0259565044609675,-0.049816605195117,-0.258652259285256,0.405155050598576
59.7569185116595,0.00760782278684812,-0.101125265485423,-0.10278491049976,0.153391466610695,0.0256814465915728,-0.0496350831865333,-0.256105582513588,0.403970034223209
60.1713416104428,0.00733643022238541,-0.100484539262739,-0.101723891032465,0.153008067368219,0.0254081614681245,-0.0494526529263312,-0.253574030415948,0.402772607050354
60.5886387949234,0.00706798940506339,-0.0998466160707893,-0.100668984684238,0.152618407186547,0.0251366570228209,-0.0492693359243878,-0.251057708926336,0.401562996254829
61.0088299973121,0.0068024782819727,-0.0992114912684042,-0.0996202438023347,0.152222589240347,0.0248669407986411,-0.0490851537316116,-0.248556719800373,0.400341429491896
61.4319352880526,0.00653987494405457,-0.0985791601627526,-0.0985777188313395,0.151820716901992,0.0245990199506808,-0.0489001279315877,-0.246071160631285,0.399108134810804
61.8579748767801,0.00628015762416408,-0.0979496180094364,-0.0975414583217764,0.151412893703232,0.0243329012476862,-0.048714280132321,-0.243601124867843,0.397863340569381
62.2869691132868,0.00602330469521597,-0.097322860012557,-0.0965115089395487,0.150999223297372,0.0240685910737808,-0.048527631958083,-0.241146701834201,0.396607275349715
62.7189384884933,0.00576929466841167,-0.0966988813247618,-0.0954879154761951,0.150579809421966,0.0238060954303807,-0.0483402050413655,-0.238707976751604,0.39534016787496
63.1539036354283,0.00551810619154595,-0.0960776770472714,-0.0944707208599371,0.150154755862047,0.0235454199382936,-0.0481520210149453,-0.2362850307619,0.394062246927329
63.5918853302131,0.00526971804739229,-0.0954592422298914,-0.0934599661674962,0.149724166413904,0.0232865698399962,-0.0479631015040657,-0.233877940952817,0.392773741267284
64.032904493055,0.00502410915216493,-0.0948435718710115,-0.0924556906366594,0.149288144849432,0.0230295500020857,-0.0477734681187365,-0.23148678038495,0.391474879553986
64.4769821892457,0.0047812585540564,-0.0942306609175938,-0.0914579316795709,0.148846794881062,0.0227743649178996,-0.0475831424461582,-0.229111618120415,0.390165890267031
64.9241396301678,0.00454114543184889,-0.0936205042651543,-0.0904667248967261,0.148400220127289,0.022521018710299,-0.0473921460432722,-0.226752519253103,0.388847001629497
65.3743981743082,0.00430374909359765,-0.0930130967577385,-0.089482104091646,0.147948524078814,0.0222695151346108,-0.0472005004294421,-0.224409544940505,0.387518441532346
65.827779328278,0.004069048975385,-0.0924084331878946,-0.0885041012862096,0.147491810065301,0.0220198575817224,-0.0470082270792667,-0.222082752437037,0.386180437460209
66.2843047478397,0.00383702464014294,-0.091806508296646,-0.0875327467366195,0.147030181222779,0.0217720490813249,-0.0468153474155308,-0.219772195128818,0.384833216418571
66.7439962389419,0.00360765577654277,-0.0912073167734666,-0.0865680689499793,0.146563740461682,0.0215260923052982,-0.0466218828022935,-0.217477922569853,0.383477004862393
67.2068757587607,0.00338092219794981,-0.0906108532562577,-0.0856100947014578,0.146092590435553,0.0212819895712344,-0.0464278545381183,-0.215199980519568,0.382112028626188
67.6729654167483,0.00315680384144153,-0.0900171123313338,-0.0846588490520181,0.145616833510404,0.0210397428460927,-0.0462332838494469,-0.212938410981634,0.380738512855581
68.1422874756894,0.00293528076688701,-0.0894260885334133,-0.0837143553666878,0.145136571734757,0.0207993537499806,-0.0460381918841187,-0.210693252244039,0.379356681940356
68.6148643527643,0.00271633315608592,-0.0888377763456207,-0.0827766353333452,0.144651906810364,0.0205608235600578,-0.0458425997050375,-0.208464538920352,0.377966759449029
69.0907186206199,0.00249994131196532,-0.0882521701994993,-0.0818457089820023,0.144162940063614,0.0203241532145546,-0.0456465282839884,-0.206252301992118,0.376568968064948
69.5698730084476,0.002286085657832,-0.0876692644750374,-0.080921594704556,0.14366977241764,0.0200893433169024,-0.0454499984956051,-0.204056568852342,0.375163529523941
70.0523504030693,0.0020747467366786,-0.0870890535007081,-0.0800043092749891,0.143172504365112,0.0198563941399687,-0.0452530311114896,-0.201877363350007,0.373750664553523
70.5381738500302,0.00186590521054164,-0.0865115315535261,-0.0790938678699949,0.142671235941752,0.0196253056303933,-0.0450556467944857,-0.199714705835567,0.37233059281367
71.0273665547,0.00165954185990932,-0.0859366928591215,-0.0781902840900043,0.142166066700542,0.0193960774130185,-0.0448578660931071,-0.197568613207373,0.370903532839179
71.5199518833807,0.00145563758317723,-0.085364531591832,-0.0772935699805911,0.141657095686648,0.0191687087954099,-0.0446597094361203,-0.195439098958968,0.369469701983605
72.0159533644237,0.00125417339614987,-0.0847950418748144,-0.0764037360542348,0.141144421413061,0.0189431987724613,-0.0444611971272843,-0.193326173227214,0.368029316364797
72.5153946893524,0.00105513043158635,-0.0842282177801788,-0.0755207913124167,0.140628141836943,0.0187195460310797,-0.0442623493402469,-0.191229842841194,0.366582590812027
73.0182997139948,0.000858489938787866,-0.083664053329143,-0.0746447432680289,0.140108354336699,0.0184977489549438,-0.0440631861135975,-0.189150111371829,0.365129738814724
73.5246924596224,0.00066423328322518,-0.0831025424922105,-0.0737755979680723,0.139585155689756,0.0182778056293335,-0.0438637273460774,-0.187086979182178,0.363670972472794
74.0345971140979,0.000472341946204309,-0.0825436791893723,-0.0729133600166242,0.139058642051061,0.018059713846022,-0.0436639927919477,-0.185040443478363,0.362206502448558
74.5480380330304,0.000282797524568217,-0.0819874572903331,-0.0720580325980524,0.138528908932295,0.0178434711082291,-0.0434640020565133,-0.183010498361065,0.360736537920273
75.0650397409388,9.55817304327099e-05,-0.0814338706147629,-0.071209617500456,0.137996051181794,0.0176290746356287,-0.0432637745918052,-0.180997134877554,0.359261286537257
75.585626932423,-8.93236090453884e-05,-0.0808829129325749,-0.0703681151393112,0.137460162965187,0.0174165213694059,-0.0430633296924182,-0.179000341074203,0.357780954376594
76.1098244733437,-0.000271936551869627,-0.0803345779642287,-0.0695335245813027,0.136921337746736,0.0172058079773606,-0.0428626864915051,-0.17702010204943,0.356295745901438
76.6376574020103,-0.000452275041376985,-0.0797888593810624,-0.0687058435683197,0.136379668271382,0.0169969308590506,-0.0426618639569263,-0.175056400007041,0.354805863920876
77.1691509303763,-0.000630356906384124,-0.0792457508056501,-0.0678850685415978,0.135835246547491,0.016789886150972,-0.042460880887554,-0.173109214309908,0.353311509551375
77.7043304452438,-0.000806199861308997,-0.0787052458121888,-0.0670711946659869,0.135288163830295,0.0165846697317706,-0.0422597559097297,-0.171178521533959,0.351812882179775
78.2432215094763,-0.000979821506269411,-0.0781673379269127,-0.066264215854326,0.134738510606027,0.0163812772274818,-0.042058507473875,-0.169264295522421,0.350310179427842
78.7858498632195,-0.00115123932716044,-0.0776320206285358,-0.0654641247919069,0.134186376576735,0.0161797040167926,-0.0418571538512537,-0.167366507440279,0.348803597118345
79.3322414251308,-0.00132047069571244,-0.0770992873487233,-0.064670912961009,0.13363185064578,0.0159799452363234,-0.041655713130884,-0.165485125828917,0.347293329242668
79.8824222936175,-0.00148753286953137,-0.0765691314725918,-0.0638845706654862,0.133075020904009,0.0157819957859247,-0.0414542032166003,-0.163620116660887,0.345779567929921
80.436418748083,-0.00165244299212314,-0.0760415463392373,-0.0631050870553895,0.132515974616587,0.0155858503339845,-0.0412526418242622,-0.161771443394784,0.344262503417552
80.9942572501823,-0.00181521809290378,-0.0755165252422935,-0.0623324501516094,0.131954798210495,0.0153915033227434,-0.0410510464791093,-0.159939067030164,0.342742324023436
81.555964445086,-0.00197587508719684,-0.0749940614305175,-0.0615666468705189,0.131391577262679,0.0151989489736124,-0.0408494345132611,-0.158122946162502,0.341219216119425
82.121567162753,-0.00213443077621985,-0.0744741481084044,-0.0608076630486043,0.130826396488837,0.0150081812924909,-0.0406478230633594,-0.156323037038116,0.339693364106346
82.6910924192116,-0.00229090184706142,-0.0739567784368308,-0.0600554834670661,0.13025933973285,0.0148191940750804,-0.0404462290683513,-0.154539293609054,0.338164950390417
83.2645674178507,-0.00244530487265033,-0.0734419455337262,-0.0593100918763755,0.129690489956836,0.014631980912191,-0.0402446692674118,-0.152771667587888,0.336634155361085
83.8420195507184,-0.00259765631171837,-0.0729296424747725,-0.0585714710207725,0.129119929231819,0.0144465351950376,-0.0400431601980035,-0.151020108502389,0.335101157370234
84.423476399831,-0.00274797250875834,-0.0724198622941315,-0.0578396026626898,0.128547738729016,0.0142628501205207,-0.0398417181940714,-0.149284563750059,0.333566132712778
85.0089657384898,-0.00289626969397848,-0.0719125979851995,-0.0571144676070909,0.127973998711715,0.0140809186964917,-0.0396403593843706,-0.14756497865247,0.332029255608587
85.5985155326084,-0.00304256398325508,-0.0714078425013894,-0.0563960457257072,0.127398788527748,0.0139007337469964,-0.0394390996909261,-0.1458612965094,0.330490698185745
86.1921539420481,-0.00318687137808435,-0.0709055887569392,-0.0556843159811618,0.126822186602546,0.0137222879174965,-0.0392379548276197,-0.144173458652723,0.32895063046511
86.7899093219629,-0.00332920776553506,-0.0704058296277468,-0.0549792564509689,0.126244270432758,0.0135455736800639,-0.0390369402989053,-0.14250140450003,0.327409220346155
87.3918102241541,-0.00346958891820317,-0.0699085579522313,-0.0542808443513943,0.125665116580438,0.0133705833385466,-0.0388360713986476,-0.14084507160795,0.325866633594065
87.9978853984339,-0.00360803049416977,-0.0694137665322184,-0.0535890560611679,0.125084800667777,0.0131973090337035,-0.0386353632090831,-0.139204395725157,0.324323033828069
88.6081637939989,-0.00374454803696353,-0.0689214481338519,-0.052903867145036,0.124503397372374,0.0130257427483039,-0.038434830599901,-0.137579310845019,0.322778582510988
89.2226745608124,-0.00387915697552891,-0.0684315954885285,-0.0522252523771427,0.123920980423038,0.012855876312192,-0.0382344882274412,-0.13596974925788,0.321233438939961
89.8414470509972,-0.00401187262420119,-0.0679442012938568,-0.0515531857642308,0.123337622596109,0.012687701407311,-0.0380343505340076,-0.134375641602949,0.319687760238338
90.4645108202374,-0.00414271018268956,-0.0674592582146394,-0.0508876405686521,0.122753395712279,0.0125212095726871,-0.0378344317472934,-0.132796916919762,0.318141701348714
91.0918956291901,-0.00427168473606921,-0.066976758883877,-0.0502285893311776,0.122168370633916,0.0123563922093697,-0.0376347458799171,-0.13123350269922,0.316595415027074
91.7236314449071,-0.00439881125478366,-0.0664966959037946,-0.0495760038935995,0.121582617262869,0.0121932405853263,-0.0374353067290656,-0.129685324934155,0.315049051838021
92.3597484422661,-0.00452410459465812,-0.066019061846889,-0.0489298554211157,0.120996204538748,0.0120317458402899,-0.0372361278762426,-0.128152308169427,0.313502760151076
93.0002770054119,-0.00464757949692508,-0.0655438492569964,-0.0482901144244896,0.120409200437666,0.0118718989905578,-0.0370372226871191,-0.12663437555152,0.311956686138009
93.645247729208,-0.00476925058826282,-0.0650710506503797,-0.0476567507819761,0.119821671971426,0.0117136909337388,-0.0368386043114851,-0.125131448877629,0.310410973771191
94.2946914206979,-0.00488913238084805,-0.0646006585168352,-0.0470297337610092,0.11923368518716,0.0115571124534481,-0.036640285683297,-0.123643448644214,0.308865764822921
94.9486391005764,-0.00500723927242317,-0.0641326653208167,-0.0464090320396414,0.118645305167385,0.0114021542239477,-0.0364422795208219,-0.122170294095015,0.307321198865725
95.6071220046713,-0.00512358554637939,-0.0636670635025781,-0.0457946137277309,0.118056596030481,0.0112488068147317,-0.036244598326873,-0.120711903268495,0.305777413273589
96.2701715854358,-0.00523818537185613,-0.0632038454793319,-0.045186446387869,0.117467620931573,0.0110970606950536,-0.0360472543891351,-0.119268193044726,0.3042345432241
96.9378195134503,-0.00535105280385778,-0.0627430036464238,-0.0445844970560432,0.116878442063807,0.0109469062383962,-0.0358502597805782,-0.117839079191678,0.302692721701477
97.6100976789355,-0.00546220178338825,-0.0622845303785226,-0.0439887322620298,0.116289120660014,0.0107983337268807,-0.0356536263599549,-0.116424476410914,0.301152079500456
98.2870381932754,-0.00557164613760428,-0.0618284180308244,-0.0433991180495118,0.115699716994736,0.0106513333556164,-0.0354573657723808,-0.115024298382677,0.29961274523102
98.9686733905512,-0.00567939957998798,-0.0613746589402696,-0.0428156199959173,0.11511029038662,0.0105058952369872,-0.0352614894499944,-0.113638457810355,0.298074845323926
99.6550358290861,-0.00578547571053931,-0.0609232454267734,-0.0422382032319738,0.114520899201162,0.0103620094048759,-0.0350660086126943,-0.112266866464321,0.296538504037032
100.346158292999,-0.00588988801598905,-0.0604741697944679,-0.0416668324609759,0.113931600853785,0.0102196658188254,-0.0348709342689513,-0.110909435225133,0.29500384346237
101.042073793774,-0.00599264987003292,-0.0600274243329543,-0.0411014719777609,0.113342451813247,0.0100788543681335,-0.0346762772166927,-0.109566074126093,0.293470983533961
101.742815571832,-0.00609377453358713,-0.0595830013185666,-0.0405420856873908,0.112753507605361,0.00993956487588464,-0.0344820480442565,-0.108236692395144,0.291940042036346
102.448417098122,-0.0061932751550663,-0.0591408930156436,-0.0399886371235375,0.112164822817033,0.00980178710291409,-0.0342882571314131,-0.106921198496121,0.290411134613794
103.15891207572,-0.00629116477068369,-0.0587010916778093,-0.0394410894665676,0.111576451100577,0.00966551075170609,-0.0340949146504521,-0.105619500169332,0.288884374780179
103.874334441436,-0.00638745630477459,-0.0582635895492612,-0.0388994055613261,0.110988445178331,0.00953072547022489,-0.0339020305673314,-0.104331504471462,0.287359873929498
104.594718367439,-0.00648216257014316,-0.0578283788660649,-0.038363547934616,0.110400856847537,0.00939742085567813,-0.0337096146428867,-0.103057117814816,0.285837741346993
105.320098262886,-0.00657529626843288,-0.057395451857455,-0.0378334788123723,0.109813736985484,0.00926558645821225,-0.0335176764340996,-0.101796246005876,0.284318084220882
106.050508775566,-0.00666686999052137,-0.0569648007471403,-0.0373091601365296,0.109227135554915,0.00913521178453961,-0.0333262252954201,-0.100548794283181,0.282801007654649
106.785984793556,-0.00675689621693953,-0.0565364177546133,-0.0367905535815813,0.108641101609662,0.00900628630149694,-0.0331352703801433,-0.0993146673545174,0.28128661467988
107.526561446888,-0.00684538731831553,-0.0561102950964631,-0.0362776205708305,0.108055683300526,0.00887879943953506,-0.0329448206418373,-0.0980937694334351,0.279775006269626
108.272274109224,-0.00693235555584372,-0.05568642498769,-0.0357703222923308,0.107470927881375,0.0087527405961396,-0.0327548848358191,-0.096886004275066,0.278266281352272
109.023158399549,-0.00701781308177894,-0.0552647996430224,-0.0352686197145181,0.106886881715456,0.00862809913918261,-0.032565471520678,-0.095691275211262,0.27676053682588
109.779250183872,-0.00710177193995621,-0.0548454112782332,-0.034772473601532,0.106303590281912,0.00850486441020515,-0.0323765890598435,-0.0945094851850427,0.275257867572997
110.540585576935,-0.00718424406633617,-0.054428252111457,-0.0342818445282277,0.105721098182494,0.00838302572763068,-0.0321882456231948,-0.0933405367843569,0.273758366475892
111.307200943943,-0.00726524128957622,-0.0540133143645051,-0.0337966928948783,0.105139449148453,0.00826257238990947,-0.0320004491887115,-0.0921843322751565,0.272262124432225
112.079132902301,-0.00734477533162779,-0.053600590264179,-0.0333169789415684,0.104558686047618,0.00814349367859403,-0.0318132075441621,-0.091040773633786,0.2707692303711
112.856418323356,-0.00742285780835957,-0.0531900720435809,-0.0328426627622792,0.103978850891635,0.00802577886134576,-0.0316265282888288,-0.089909762578688,0.2692797712695
113.639094334169,-0.00749950023020693,-0.0527817519434206,-0.0323737043186667,0.103399984843363,0.00790941719487303,-0.0314404188352667,-0.0887912006014272,0.267793832169085
114.427198319278,-0.00757471400284756,-0.0523756222133173,-0.0319100634535339,0.102822128224421,0.00779439792780089,-0.0312548864110952,-0.0876849889970352,0.266311496193316
115.220767922492,-0.00764851042790343,-0.0519716751130963,-0.0314516999039976,0.102245320522883,0.00768071030347268,-0.0310699380608194,-0.0865910288936802,0.264832844564913
116.019841048683,-0.00772090070366893,-0.0515699029140794,-0.0309985733143525,0.101669600401097,0.00756834356268401,-0.0308855806476808,-0.0855092212816634,0.263357956623601
116.824455865599,-0.00779189592586541,-0.0511702979003675,-0.0305506432486337,0.101095005703632,0.00745728694634924,-0.0307018208555344,-0.0844394670417465,0.261886909844151
117.634650805689,-0.00786150708842183,-0.0507728523701163,-0.0301078692028788,0.100521573465345,0.00734752969810104,-0.0305186651907502,-0.083381666972815,0.260419779854677
118.450464567934,-0.00792974508428171,-0.0503775586368021,-0.0296702106170922,0.0999493399195542,0.0072390610668234,-0.0303361199841384,-0.0823357218188802,0.258956640455185
119.271936119701,-0.00799662070623616,-0.0499844090304785,-0.0292376268869143,0.0993783405063142,0.00713187030911853,-0.0301541913928959,-0.081301532295427,0.257497563636354
120.099104698599,-0.00806214464778291,-0.0495933958990223,-0.0288100773749961,0.0988086098807859,0.0070259466917082,-0.0299728854025724,-0.0802789991151094,0.256042619598533
120.932009814357,-0.00812632750401135,-0.0492045116093682,-0.0283875214220836,0.0982401819216936,0.00692127949377004,-0.0297922078290548,-0.0792680230128022,0.254591876770929
121.77069125071,-0.0081891797725132,-0.0488177485487316,-0.0279699183578124,0.0976730897398613,0.00681785800920928,-0.029612164320568,-0.0782685047700121,0.253145401830987
122.615189067297,-0.00825071185431888,-0.0484330991258177,-0.0275572275112174,0.097107365686822,0.00671567154886663,-0.0294327603596903,-0.0772803452386554,0.251703259723935
123.46554360158,-0.00831093405485937,-0.0480505557720178,-0.0271494082209577,0.0965430413634936,0.00661470944266283,-0.0292540012653829,-0.0763034453642083,0.250265513682477
124.321795470765,-0.00836985658495319,-0.0476701109425906,-0.0267464198452626,0.0959801476289134,0.00651496104168057,-0.0290758921950305,-0.0753377062082353,0.24883222524663
125.183985573745,-0.00842748956181845,-0.0472917571178277,-0.0263482217715984,0.0954187146090267,0.00641641572018428,-0.0288984381464934,-0.0743830289703028,0.247403454283682
126.052155093052,-0.00848384301010973,-0.046915486804204,-0.0259547734260613,0.0948587717055213,0.00631906287757871,-0.0287216439601672,-0.0734393150092854,0.245979259008259
126.926345496825,-0.00853892686297944,-0.0465412925355103,-0.0255660342824988,0.0943003476047037,0.0062228919403068,-0.0285455143210518,-0.0725064658640703,0.244559696002494
127.806598540793,-0.0085927509631634,-0.0461691668739688,-0.0251819638713624,0.0937434702864094,0.00612789236368766,-0.0283700537608254,-0.0715843832736681,0.243144820236272
128.692956270265,-0.00864532506409043,-0.0457991024113297,-0.0248025217882957,0.0931881670329425,0.0060340536336953,-0.0281952666599244,-0.0706729691967369,0.241734685087553
129.585461022141,-0.00869665883101553,-0.0454310917699494,-0.0244276677024598,0.0926344644380387,0.005941365268679,-0.0280211572496267,-0.0697721258305267,0.240329342362749
130.484155426934,-0.00874676184217639,-0.0450651276038477,-0.0240573613646013,0.0920823884158466,0.00584981682102593,-0.0278477296141375,-0.068881755629253,0.238928842317154
131.389082410804,-0.00879564358997282,-0.0447012025997454,-0.0236915626148648,0.0915319642099214,0.00575939787876699,-0.0276749876926766,-0.0680017613219051,0.237533233675398
132.300285197614,-0.00884331348216874,-0.0443393094780798,-0.0233302313903541,0.0909832164022265,0.00567009806712639,-0.027502935281566,-0.0671320459294994,0.23614256365194
133.217807310988,-0.00888978084311639,-0.0439794409939983,-0.0229733277324452,0.0904361689221375,0.00558190705001609,-0.0273315760363167,-0.0662725127817838,0.234756877971562
134.141692576393,-0.00893505491500231,-0.0436215899383295,-0.0226208117938558,0.0898908450554445,0.00549481453147564,-0.0271609134737126,-0.0654230655334014,0.233376220889874
135.071985123233,-0.00897914485911457,-0.0432657491385303,-0.0222726438454734,0.0893472674533472,0.0054088102570585,-0.0269909509738929,-0.064583608179523,0.232000635213806
136.008729386957,-0.00902205975713103,-0.0429119114596089,-0.0219287842829465,0.0888054581414391,0.00532388401516539,-0.0268216917824289,-0.0637540450709548,0.230630162322088
136.951970111177,-0.0090638086124279,-0.0425600698050234,-0.0215891936330433,0.0882654385286757,0.00524002563832582,-0.026653139012397,-0.0629342809287305,0.229264842185702
137.901752349813,-0.00910440035140833,-0.0422102171175541,-0.0212538325597798,0.0877272294163232,0.00515722500442836,-0.0264852956464447,-0.0621242208581956,0.227904713388296
138.858121469236,-0.00914384382485042,-0.0418623463801498,-0.0209226618703231,0.0871908510068833,0.00507547203790073,-0.0263181645388509,-0.0613237703625928,0.226549813146556
139.821123150444,-0.00918214780927406,-0.0415164506167479,-0.0205956425206725,0.0866563229129896,0.00499475671084047,-0.0261517484175769,-0.0605328353561567,0.225200177330528
140.790803391236,-0.00921932100832631,-0.0411725228930659,-0.0202727356211222,0.0861236641662736,0.00491506904409705,-0.0259860498863102,-0.0597513221767256,0.223855840483877
141.767208508414,-0.00925537205418451,-0.0408305563173651,-0.0199539024415101,0.0855928932261941,0.00483639910830631,-0.0258210714264979,-0.0589791375978789,0.22251683584407
142.750385139995,-0.00929030950897657,-0.0404905440411862,-0.019639104416256,0.0850640279888291,0.00475873702487813,-0.0256568153993707,-0.0582161888406104,0.2211831953625
143.740380247435,-0.00932414186621804,-0.0401524792600546,-0.0193283031491933,0.0845370857956249,0.00468207296693819,-0.0254932840479549,-0.0574623835845425,0.219854949724512
144.737241117876,-0.00935687755226519,-0.0398163552141562,-0.0190214604181976,0.0840120834421,0.00460639716022461,-0.0253304794990737,-0.0567176299786931,0.218532128369341
145.741015366405,-0.00938852492778343,-0.0394821651889826,-0.0187185381796173,0.0834890371865006,0.00453169988394052,-0.0251684037653352,-0.0559818366518013,0.217214759509962
146.751750938323,-0.00941909228923058,-0.0391499025159447,-0.018419498572508,0.082967962758405,0.00445797147156332,-0.0250070587471083,-0.0552549127222217,0.215902870152829
147.769496111443,-0.00944858787035422,-0.0388195605729556,-0.0181243039226768,0.0824488753672731,0.00438520231161144,-0.0248464462344838,-0.0545367678073947,0.214596486117504
148.794299498388,-0.00947701984370242,-0.0384911327849801,-0.0178329167465389,0.0819317897109397,0.00431338284836976,-0.0246865679092222,-0.053827312032902,0.213295632056177
149.826210048919,-0.00950439632214722,-0.0381646126245521,-0.0175452997547903,0.0814167199840471,0.00424250358257418,-0.0245274253466855,-0.0531264560411155,0.212000331473062
150.865277052271,-0.00953072536042013,-0.0378399936122588,-0.017261415855902,0.0809036798864169,0.00417255507205655,-0.0243690200177548,-0.0524341109994468,0.21071060674367
151.911550139505,-0.00955601495665888,-0.0375172693171907,-0.0169812281594372,0.0803926826313563,0.00410352793235062,-0.0242113532907308,-0.0517501886082074,0.209426479133945
152.965079285884,-0.00958027305396463,-0.0371964333573578,-0.0167046999791973,0.0798837409538978,0.00403541283725999,-0.0240544264332184,-0.0510746011080862,0.208147968819274
154.025914813254,-0.00960350754196903,-0.0368774794000702,-0.0164317948361997,0.0793768671189706,0.00396820051938891,-0.0238982406139937,-0.0504072612872535,0.206875094903347
155.094107392451,-0.00962572625841015,-0.0365604011622849,-0.0161624764614908,0.0788720729295001,0.00390188177063669,-0.0237427969048546,-0.049748082488099,0.205607875436885
156.169708045722,-0.00964693699071658,-0.0362451924109155,-0.0158967087987986,0.0783693697344352,0.00383644744265676,-0.0235880962824525,-0.0490969786136117,0.204346327436206
157.25276814916,-0.00966714747759892,-0.035931846963107,-0.0156344560070286,0.0778687684367002,0.00377188844728111,-0.0234341396301061,-0.0484538641334114,0.20309046690165
158.34333943516,-0.00968636541064767,-0.0356203586864734,-0.0153756824626065,0.0773702795010712,0.00370819575691092,-0.0232809277395965,-0.0478186540894363,0.201840308835844
159.441473994887,-0.00970459843593686,-0.0353107214992992,-0.0151203527616709,0.076873912961973,0.00364536040487442,-0.0231284613129433,-0.0471912641012987,0.200595867261807
160.547224280766,-0.00972185415563242,-0.0350029293707027,-0.0148684317221209,0.0763796784311972,0.00358337348575252,-0.0229767409641614,-0.0465716103713126,0.199357155240897
161.66064310899,-0.00973814012960436,-0.034696976320763,-0.0146198843855213,0.0758875851055392,0.00352222615567339,-0.0228257672209978,-0.0459596096892044,0.198124184890588
162.781783662036,-0.00975346387704212,-0.0343928564206083,-0.0143746760188692,0.075397641774352,0.00346190963257651,-0.0226755405266485,-0.0453551794365116,0.196896967402081
163.910699491214,-0.00976783287807181,-0.0340905637924663,-0.0141327721162255,0.074909856827017,0.0034024151964472,-0.0225260612414554,-0.0447582375906788,0.195675513057748
165.047444519217,-0.00978125457537467,-0.0337900926096765,-0.0138941384002155,0.0744242382603289,0.00334373418952236,-0.0223773296445825,-0.0441687027288572,0.194459831248398
166.192073042701,-0.00979373637580579,-0.0334914370966631,-0.0136587408234009,0.0739407936857959,0.00328585801646824,-0.0222293459356708,-0.043586494031416,0.193249930490372
167.344639734876,-0.00980528565201197,-0.03319459152887,-0.0134265455695285,0.0734595303368512,0.00322877814453111,-0.0220821102364731,-0.0430115312851726,0.192045818442456
168.505199648122,-0.00981590974404786,-0.0328995502326558,-0.0131975190546568,0.0729804550759778,0.00317248610366148,-0.0219356225924672,-0.0424437348863485,0.190847501922623
169.673808216612,-0.00982561596098946,-0.0326063075851502,-0.0129716279281657,0.0725035744017439,0.00311697348661278,-0.0217898829744474,-0.0418830258432582,0.189654986924587
170.850521258965,-0.00983441158254383,-0.0323148580140706,-0.0127488390736524,0.0720288944557487,0.00306223194901522,-0.0216448912800948,-0.0413293257787383,0.188468278634177
172.03539498091,-0.00984230386065406,-0.032025195997499,-0.0125291196097161,0.0715564210294778,0.00300825320942565,-0.0215006473355261,-0.0407825569323237,0.187287381445531
173.228485977972,-0.00984930002109856,-0.0317373160636199,-0.0123124368906351,0.071086159571068,0.00295502904935406,-0.0213571508968201,-0.040242642162177,0.186112298977098
174.429851238172,-0.00985540726508349,-0.0314512127904175,-0.0120987585069407,0.0706181151919801,0.00290255131326765,-0.0212144016515225,-0.0397095049467792,0.184943034087463
175.639548144754,-0.00986063277082742,-0.0311668808053341,-0.0118880522858888,0.0701522926735804,0.00285081190857305,-0.021072399220129,-0.0391830693863869,0.183779588890978
176.857634478922,-0.00986498369513706,-0.0308843147848881,-0.0116802862918353,0.069688696473629,0.00279980280557751,-0.0209311431575453,-0.0386632602042633,0.18262196477321
178.084168422602,-0.009868467174973,-0.030603509454252,-0.011475428826516,0.0692273307326764,0.00274951603742982,-0.0207906329545265,-0.0381500027476894,0.181470162406196
179.319208561219,-0.00987109032900458,-0.0303244595867914,-0.0112734484292351,0.0687681992803659,0.00269994370004153,-0.0206508680390924,-0.0376432229887612,0.180324181763514
180.562813886497,-0.00987286025915248,-0.0300471600035635,-0.0110743138769663,0.068311305641644,0.00265107795198937,-0.0205118477779224,-0.0371428475249805,0.179184022135163
181.815043799277,-0.00987378405211825,-0.0297716055727767,-0.0108779941843674,0.0678566530428764,0.00260291101439944,-0.0203735714777264,-0.0366488035796426,0.178049682142251
183.075958112354,-0.00987386878089944,-0.0294977912092102,-0.0106844586037136,0.0674042444178717,0.0025554351708139,-0.0202360383865951,-0.0361610190020311,0.176921159751497
184.345617053333,-0.00987312150628947,-0.0292257118735944,-0.0104936766247511,0.06695408241381,0.00250864276704081,-0.0200992476953263,-0.0356794222674212,0.175798452289542
185.624081267505,-0.00987154927836092,-0.0289553625719526,-0.0103056179744744,0.0665061693970802,0.00246252621098788,-0.0199631985387305,-0.0352039424769006,0.174681556457065
186.911411820748,-0.00986915913793129,-0.0286867383549035,-0.0101202526168301,0.0660605074590215,0.00241707797248067,-0.0198278899969132,-0.034734509357013,0.17357046834272
188.207670202438,-0.00986595811800998,-0.0284198343169248,-0.00993755075235007,0.0656170984215743,0.00237229058306601,-0.0196933210965355,-0.034271053259228,0.172465183436871
189.512918328392,-0.00986195324522554,-0.028154645595579,-0.00975748281771686,0.0651759438428353,0.00232815663580117,-0.0195594908120526,-0.0338135051592457,0.171365696645149
190.827218543819,-0.00985715154123196,-0.0278911673707012,-0.00958001948526383,0.0647370450225225,0.00228466878502954,-0.0194263980669297,-0.0333617966561393,0.170272002301811
192.150633626303,-0.00985156002409288,-0.0276293948635489,-0.00940513166241302,0.0643004030073455,0.00224181974614329,-0.0192940417348372,-0.0329158599713419,0.169184094182915
193.483226788801,-0.00984518570964271,-0.0273693233359147,-0.00923279049105325,0.0638660185962851,0.00219960229533377,-0.0191624206408221,-0.0324756279474827,0.168101965519308
194.82506168266,-0.00983803561282352,-0.0271109480892026,-0.00906296734686116,0.0634338923457802,0.00215800926933018,-0.0190315335624598,-0.0320410340470773,0.167025609009425
196.176202400658,-0.00983011674899645,-0.0268542644634674,-0.00889563383856764,0.0630040245748241,0.00211703356512708,-0.0189013792309823,-0.0316120123510778,0.165955016831901
197.536713480066,-0.0098214361352268,-0.026599267836419,-0.00873076180717241,0.0625764153699696,0.00207666813970139,-0.0187719563323863,-0.0311884975572866,0.164890180657998
198.906659905733,-0.00981200079154151,-0.0263459536223906,-0.00856832332510892,0.0621510645902435,0.00203690600971942,-0.018643263508519,-0.0307704249786394,0.163831091663848
200.286107113184,-0.00980181774215797,-0.0260943172712729,-0.00840829069536238,0.0617279718719718,0.00199774025123445,-0.0185152993581434,-0.0303577305413629,0.162777740542511
201.675120991751,-0.00979089401668324,-0.0258443542674144,-0.00825063645054303,0.0613071366335159,0.00195916399937553,-0.0183880624379816,-0.0299503507830095,0.161730117515849
203.073767887718,-0.0097792366512824,-0.0255960601284873,-0.00809533335191709,0.0608885580799193,0.00192117044802785,-0.0182615512637381,-0.0295482228503762,0.160688212346221
204.482114607491,-0.00976685268981504,-0.025349430404322,-0.00794235438839782,0.0604722352074677,0.00188375284950547,-0.0181357643111019,-0.0291512844973098,0.159652014347994
205.900228420788,-0.00975374918493907,-0.0251044606757087,-0.00779167277549874,0.0600581668081612,0.00184690451421667,-0.0180107000167279,-0.0287594740824048,0.158621512398879
207.32817706385,-0.00973993319918039,-0.024861146553168,-0.00764326195425143,0.0596463514741007,0.0018106188103226,-0.0178863567791982,-0.0283727305665963,0.157596694951079
208.766028742684,-0.00972541180596787,-0.0246194836756918,-0.00749709559008995,0.0592367876017881,0.0017748891633897,-0.0177627329599632,-0.0279909935106537,0.156577550042272
210.213852136311,-0.00971019209063229,-0.0243794677094535,-0.00735314757170413,0.0588294733963421,0.0017397090560363,-0.0176398268842626,-0.0276142030725783,0.155564065306409
211.671716400053,-0.00969428115136848,-0.0241410943464903,-0.00721139200986359,0.0584244068756308,0.00170507202757397,-0.0175176368420267,-0.0272423000049083,0.154556227984342
213.139691168835,-0.00967768610015963,-0.0239043593033579,-0.0070718032362148,0.0580215858743202,0.00167097167364411,-0.0173961610887583,-0.0268752256519371,0.153554024934275
214.617846560511,-0.0096604140636628,-0.0236692583197577,-0.00693435580205307,0.0576210080478413,0.00163740164585004,-0.0172753978463952,-0.0265129219468459,0.152557442642047
216.10625317921,-0.00964247218405475,-0.0234357871571389,-0.00679902447707121,0.0572226708762762,0.00160435565138534,-0.0171553453041534,-0.026155331408757,0.151566467231243
217.604982118714,-0.0096238676198373,-0.023203941597275,-0.00666578424808716,0.0568265716681637,0.00157182745265863,-0.0170360016193521,-0.0258023971397087,0.150581084473136
219.114104965849,-0.00960460754660114,-0.022973717440818,-0.00653461031775201,0.0564327075642261,0.00153981086691526,-0.0169173649182197,-0.0254540628215583,0.149601279796461
220.633693803907,-0.00958469915774751,-0.022745110505828,-0.00640547810324057,0.0560410755410178,0.0015082997658565,-0.0167994332966813,-0.0251102727128135,0.148627038297025
222.163821216089,-0.00956414966516668,-0.0225181166262831,-0.00627836323492605,0.0556516724144971,0.00147728807525636,-0.0166822048211287,-0.0247709716453986,0.147658344747153
223.704560288971,-0.00954296629987274,-0.0222927316505679,-0.00615324155504056,0.0552644948435217,0.0014467697745766,-0.0165656775291724,-0.0244361050213559,0.146695183604966
225.255984615994,-0.00952115631259368,-0.0220689514399432,-0.00603008911632321,0.0548795393332698,0.00141673889658038,-0.0164498494303758,-0.0241056188094879,0.145737539023506
226.818168300982,-0.00949872697431623,-0.0218467718669975,-0.00590888218065734,0.0544968022385871,0.00138718952694468,-0.0163347185069726,-0.0237794595419416,0.144785394859697
228.391185961678,-0.00947568557678477,-0.0216261888140824,-0.00578959721769846,0.0541162797672617,0.00135811580387206,-0.0162202827145675,-0.0234575743107395,0.143838734683148
229.975112733314,-0.00945203943295357,-0.021407198171732,-0.00567221090349448,0.053737967983227,0.00132951191770205,-0.0161065399828191,-0.0231399107642585,0.142897541784802
231.570024272191,-0.00942779587739181,-0.0211897958370684,-0.00555670011909958,0.0533618628096954,0.00130137211052246,-0.0159934882161078,-0.0228264171036611,0.14196179918543
233.175996759301,-0.00940296226664085,-0.0209739777121946,-0.00544304194918336,0.0529879600322217,0.00127369067578097,-0.0158811252941871,-0.022517042079281,0.141031489643973
234.793106903962,-0.00937754597952321,-0.020759739702576,-0.00533121368063642,0.0526162553017001,0.00124646195789735,-0.0157694490728187,-0.0222117349869656,0.140106595665731
236.421431947482,-0.00935155441740269,-0.0205470777154117,-0.00522119280117386,0.0522467441372934,0.00121968035187652,-0.015658457384393,-0.0219104456643789,0.139187099510404
238.061049666849,-0.00932499500439531,-0.0203359876579972,-0.00511295699793799,0.0518794219292979,0.00119334030292287,-0.0155481480385339,-0.0216131244872662,0.138272983199989
239.712038378445,-0.00929787518753059,-0.0201264654360803,-0.00500648415610138,0.0515142839419437,0.001167436306056,-0.0154385188226888,-0.0213197223656841,0.137364228526526
241.374476941791,-0.00927020243686287,-0.0199185069522112,-0.00490175235747156,0.0511513253161324,0.00114196290572818,-0.0153295675027045,-0.0210301907401975,0.136460817059703
243.048444763306,-0.00924198424553226,-0.019712108104088,-0.00479873987909849,0.0507905410721133,0.0011169146954439,-0.0152212918233883,-0.0207444815780471,0.13556273015432
244.734021800108,-0.00921322812977511,-0.0195072647829001,-0.00469742519188587,0.0504319261120994,0.00109228631738156,-0.0151136895090558,-0.0204625473692877,0.13466994895761
246.431288563827,-0.00918394162888366,-0.0193039728716698,-0.00459778695920739,0.0500754752228249,0.00106807246201775,-0.0150067582640647,-0.0201843411229016,0.133782454416423
248.140326124455,-0.00915413230511474,-0.0191022282435948,-0.00449980403552894,0.0497211830780441,0.00104426786775413,-0.0149004957733357,-0.0199098163628884,0.132900227284277
249.861216114214,-0.00912380774354741,-0.0189020267603921,-0.00440345546503763,0.0493690442409752,0.00102086732054732,-0.0147948997028603,-0.0196389271243325,0.132023248128265
251.594040731461,-0.00909297555188952,-0.0187033642706453,-0.00430872048027878,0.0490190531666884,0.000997865653541886,-0.0146899677001961,-0.0193716279494521,0.131151497335838
253.338882744608,-0.00906164336023303,-0.0185062366081576,-0.00421557850080146,0.0486712042044408,0.000975257746706645,-0.0145856973949497,-0.0191078738836299,0.130284955121452
255.09582549608,-0.00902981882075834,-0.0183106395903102,-0.00412400913181368,0.0483254915999583,0.00095303852647447,-0.0144820863992479,-0.0188476204714288,0.129423601533089
256.864952906292,-0.0089975096073875,-0.0181165690164297,-0.00403399216284777,0.0479819094976678,0.000931202965385775,-0.0143791323081974,-0.018590823752593,0.128567416458643
258.646349477661,-0.00896472341538662,-0.017924020666165,-0.00394550756643697,0.0476404519428781,0.000909746081735834,-0.0142768327003325,-0.0183374402580387,0.127716379632191
260.440100298641,-0.00893146796091753,-0.017732990297875,-0.00385853549680355,0.0473011128839141,0.000888662939226068,-0.0141751851380529,-0.0180874270058324,0.126870470640131
262.246291047787,-0.00889775098053905,-0.0175434736470299,-0.00377305628855959,0.0469638861742025,0.000867948646619472,-0.0140741871680501,-0.0178407414971629,0.1260296689272
264.065007997846,-0.00886358023065813,-0.0173554664246263,-0.00368905045542053,0.0466287655743132,0.000847598357400272,-0.0139738363217237,-0.0175973417123045,0.125193953802373
265.896338019882,-0.00882896348693122,-0.0171689643156186,-0.00360649868893239,0.0462957447539549,0.000827607269437956,-0.0138741301155879,-0.0173571861065763,0.124363304444644
267.740368587419,-0.00879390854361623,-0.0169839629773679,-0.00352538185721313,0.0459648172939291,0.000807970624655772,-0.0137750660516683,-0.0171202336062967,0.123537699908684
269.597187780627,-0.00875842321287565,-0.0168004580381101,-0.00344568100370848,0.0456359766880415,0.000788683708703808,-0.0136766416178892,-0.0168864436047359,0.122717119130392
271.466884290521,-0.00872251532403125,-0.0166184450954443,-0.00336737734596284,0.0453092163449726,0.000769741850636698,-0.0135788542884522,-0.0166557759580678,0.121901540932327
273.349547423206,-0.00868619272277106,-0.0164379197148443,-0.00329045227440551,0.0449845295901104,0.000751140422596094,-0.0134817015242056,-0.0164281909813212,0.121090944029028
275.245267104134,-0.00864946327030904,-0.0162588774281925,-0.0032148873511528,0.0446619096673436,0.000732874839497911,-0.013385180773006,-0.0162036494443346,0.120285307032228
277.154133882404,-0.0086123348424984,-0.0160813137323402,-0.00314066430882601,0.0443413497408198,0.000714940558724425,-0.0132892894700718,-0.0159821125677118,0.119484608455952
279.07623893509,-0.00857481532889906,-0.015905224087694,-0.00306776504938597,0.044022842896667,0.000697333079821293,-0.0131940250383281,-0.0157635420187837,0.11868882672152
281.011674071587,-0.00853691263180023,-0.0157306039168308,-0.00299617164298401,0.0437063821446821,0.000680047944199486,-0.0130993848887457,-0.0155478999075739,0.117897940162434
282.960531738006,-0.00849863466519878,-0.0155574486031418,-0.0029258663268297,0.0433919604199854,0.000663080734842198,-0.0130053664206713,-0.0153351487827724,0.117111927029165
284.922905021585,-0.00845998935373445,-0.0153857534895082,-0.00285683150407561,0.0430795705846445,0.000646427076016738,-0.012911967022152,-0.0151252516277155,0.116330765493841
286.898887655133,-0.00842098463158272,-0.015215513877009,-0.002789049742719,0.0427692054292671,0.000630082632991415,-0.0128191840702528,-0.0149181718563752,0.115554433654832
288.888574021513,-0.0083816284413064,-0.0150467250236624,-0.00272250377452076,0.0424608576745646,0.00061404311175741,-0.012727014931368,-0.0147138733093581,0.114782909541239
290.892059158146,-0.00834192873266697,-0.0148793821432027,-0.00265717649394142,0.0421545199728877,0.000598304258755642,-0.0126354569615264,-0.0145123202499149,0.114016171117283
292.909438761552,-0.00830189346139677,-0.0147134804038934,-0.00259305095709444,0.0418501849097354,0.0005828618606086,-0.0125445075066912,-0.0143134773599618,0.113254196286601
294.940809191919,-0.00826153058793307,-0.0145490149273781,-0.00253011038071662,0.0415478450052373,0.000567711743857111,-0.0124541639030541,-0.0141173097361136,0.112496962896447
296.986267477709,-0.00822084807611542,-0.0143859807875699,-0.00246833814115565,0.041247492715612,0.000552849774702031,-0.0123644234773244,-0.0139237828857309,0.111744448741804
299.045911320291,-0.00817985389184731,-0.0142243730095815,-0.00240771777337472,0.0409491204346015,0.000538271858750796,-0.0122752835470135,-0.0137328627229813,0.110996631569403
301.119839098607,-0.00813855600172346,-0.0140641865686957,-0.00234823296997396,0.0406527204948832,0.000523973940768799,-0.0121867414207143,-0.0135445155649151,0.110253489081649
303.208149873869,-0.00809696237162407,-0.0139054163893792,-0.00228986758022878,0.0403582851694603,0.000509952004435531,-0.0120987943983766,-0.0133587081275568,0.109514998940472
305.310943394298,-0.00805508096527745,-0.0137480573443389,-0.00223260560914468,0.0400658066730314,0.000496202072105423,-0.0120114397715782,-0.0131754075220136,0.108781138771074
307.428320099879,-0.00801291974279222,-0.0135921042536227,-0.00217643121652853,0.0397752771633417,0.000482720204573325,-0.0119246748237925,-0.0129945812505998,0.108051886165612
309.560381127168,-0.00797048665916074,-0.0134375518837664,-0.00212132871607598,0.0394866887425139,0.000469502500844536,-0.0118384968306518,-0.0128161972029801,0.107327218686778
311.707228314113,-0.00792778966273501,-0.0132843949469858,-0.00206728257447474,0.0392000334583635,0.000456545097909306,-0.011752903060208,-0.0126402236523301,0.106607113871316
313.868964204927,-0.00788483669367675,-0.0131326281004165,-0.00201427741052354,0.0389153033056959,0.000443844170521731,-0.0116678907731893,-0.0124666292515164,0.105891549233441
316.045692054981,-0.00784163568238296,-0.0129822459454015,-0.00196229799426631,0.0386324902275885,0.000431395930982927,-0.0115834572232549,-0.0122953830292963,0.105180502268197
318.237515835737,-0.00779819454788866,-0.0128332430268275,-0.00191132924614139,0.0383515861166579,0.000419196628928395,-0.0114995996572462,-0.0121264543865363,0.104473950454721
320.444540239715,-0.00775452119624837,-0.0126856138325104,-0.00186135623614536,0.0380725828163128,0.000407242551119471,-0.0114163153154355,-0.0119598130924528,0.103771871259447
322.666870685493,-0.00771062351889787,-0.0125393527926314,-0.00181236418301108,0.0377954721219939,0.000395530021238749,-0.0113336014317727,-0.0117954292808719,0.103074242139222
324.904613322743,-0.00766650939099787,-0.0123944542792224,-0.00176433845339961,0.0375202457824011,0.000384055399689354,-0.01125145523413,-0.0116332734465122,0.102381040544358
327.1578750373,-0.00762218666976137,-0.0122509126057044,-0.00171726456110558,0.0372468955007093,0.000372815083397957,-0.011169873944544,-0.0114733164412882,0.101692243921606
329.426763456268,-0.00757766319276613,-0.0121087220264759,-0.00167112816627549,0.0369754129357732,0.000361805505621398,-0.0110888547794561,-0.0113155294706367,0.101007829717064
331.711386953162,-0.00753294677625414,-0.0119678767365541,-0.0016259150746387,0.0367057897033213,0.000351023135756798,-0.0110083949499521,-0.0111598840898651,0.100327775379017
334.011854653082,-0.00748804521341973,-0.0118283708712686,-0.00158161123675041,0.0364380173771415,0.000340464479155022,-0.0109284916619993,-0.0110063522005231,0.0996520583607011
336.328276437929,-0.00744296627268789,-0.0116901985060072,-0.00153820274724631,0.0361720874902563,0.000330126076937351,-0.0108491421166829,-0.0108549060467973,0.0989806561230075
338.660762951648,-0.00739771769598473,-0.0115533536560155,-0.00149567584410838,0.0359079915360905,0.000320004505815248,-0.0107703435104406,-0.0107055182119299,0.0983135461371224
341.009425605519,-0.00735230719700158,-0.0114178302762484,-0.00145401690794129,0.0356457209696314,0.000310096377913059,-0.0106920930352972,-0.0105581616146601,0.0976507058870971
343.374376583475,-0.00730674245945467,-0.0112836222612763,-0.00141321246125899,0.0353852672085808,0.000300398340593501,-0.0106143878790971,-0.0104128095056911,0.0969921128723596
345.75572884746,-0.00726103113534188,-0.0111507234452434,-0.0013732491677808,0.035126621634501,0.000290907076285815,-0.010537225225737,-0.0102694354641797,0.0963377446101617
348.153596142828,-0.00721518084319846,-0.0110191276018796,-0.00133411383173673,0.0348697755939545,0.000281619302316418,-0.0104606022553971,-0.0101280133942521,0.0956875786379672
350.568093003772,-0.00716919916635342,-0.010888828444566,-0.00129579339718124,0.0346147203996381,0.000272531770741916,-0.0103845161447722,-0.00998851752154321,0.0950415925157798
352.999334758797,-0.00712309365118811,-0.010759819626453,-0.001258274947315,0.0343614473315107,0.000263641268184314,-0.0103089640673025,-0.00985092238976154,0.0943997638284128
355.44743753623,-0.00707687180539902,-0.0106320947406316,-0.00122154570381424,0.0341099476379174,0.000254944615668305,-0.0102339431934034,-0.00971520285727893,0.0937620701877013
357.912518269762,-0.00703054109626624,-0.0105056473203571,-0.00118559302616685,0.0338602125367087,0.000246438668460442,-0.0101594506906953,-0.00958133409374563,0.093128489234659
360.39469470404,-0.00698410894892926,-0.0103804708393255,-0.00115040441101499,0.0336122332163546,0.000238120315910087,-0.0100854837242335,-0.00944929157673072,0.0924989986415788
362.894085400285,-0.00693758274467207,-0.0102565587120015,-0.00111596749150345,0.0333660008370558,0.00022998648129195,-0.0100120394567373,-0.00931905108838811,0.0918735761140805
365.410809741959,-0.00689096981921877,-0.0101339042939981,-0.00108227003663329,0.0331215065318512,0.000222034121650096,-0.00993911504881951,-0.00919058871214807,0.0912521993931051
367.944987940466,-0.00684427746104167,-0.0100125008825079,-0.00104929995062017,0.0328787414077208,0.000214260227643241,-0.00986670765921565,-0.00906388082943453,0.0906348462568565
370.496741040893,-0.00679751290968339,-0.00989234171678378,-0.00101704527225693,0.0326376965466874,0.000206661823391219,-0.00979481444501321,-0.00893890411640816,0.0900214945226934
373.066190927794,-0.00675068335409444,-0.00977341997867094,-0.000985494174279747,0.0323983630069134,0.000199235966322447,-0.00972343256188092,-0.00881563554073535,0.0894121220489705
375.653460331008,-0.00670379593098796,-0.00965572879318697,-0.000954634962737325,0.0321607318237959,0.000191979747022246,-0.00965255916429814,-0.00869405235838296,0.0888067067368308
378.258672831527,-0.00665685772321315,-0.00953926122915135,-0.000924456076362764,0.031924794011059,0.000184890289081888,-0.00958219140578425,-0.00857413211043927,0.0882052265319503
380.881952867393,-0.00660987575814879,-0.00942401029986255,-0.000894946085947352,0.031690540561843,0.0001779647489482,-0.00951232643912824,-0.00845585261996066,0.087607659426235
383.523425739646,-0.00656285700611843,-0.00930996896382219,-0.000866093693715894,0.031457962449792,0.000171200315773611,-0.00944296141661833,-0.00833919198884446,0.087013983459472
386.183217618305,-0.00651580837882865,-0.00919713012550548,-0.000837887732703039,0.0312270506301383,0.000164594211266476,-0.00937409349027178,-0.00822412859472784,0.0864241767209361
388.861455548399,-0.00646873672783172,-0.00908548663617686,-0.000810317166130064,0.0309977960407848,0.000158143689541556,-0.00930571981206478,-0.0081106410879125,0.0858382173509498
391.558267456034,-0.00642164884301414,-0.0089750312947503,-0.000783371086781679,0.030770189603385,0.000151846036970525,-0.00923783753416247,-0.00799870838831566,0.0852560835424028
394.273782154498,-0.00637455145111236,-0.00886575684869271,-0.000757038716382321,0.0305442222244208,0.000145698572032354,-0.00917044380914906,-0.00788830968244685,0.084677753542227
397.008129350424,-0.00632745121425683,-0.00875765599496988,-0.000731309404971463,0.0303198847962775,0.000139698645163459,-0.00910353579025804,-0.00777942442041069,0.0841032056528292
399.761439649975,-0.00628035472854582,-0.00865072138103374,-0.000706172630277516,0.030097168198317,0.000133843638607479,-0.00903711063160243,-0.00767203231293565,0.0835324182334849
402.533844565089,-0.00623326852265012,-0.00854494560584972,-0.000681617997089833,0.0298760632979477,0.000128130966264576,-0.00897116548840509,-0.00756611332842864,0.0829653697016899
405.325476519761,-0.0061861990564497,-0.00844032122096333,-0.0006576352366284,0.0296565609516926,0.000122558073540116,-0.00890569751722896,-0.00746164769005545,0.0824020385344734
408.136468856361,-0.00613915271970357,-0.00833684073160446,-0.000634214205910796,0.0294386520062541,0.000117122437192649,-0.00884070387620739,-0.00735861587284697,0.0818424032696733
410.966955842014,-0.00609213583075388,-0.00823449659782849,-0.000611344887115986,0.0292223272995762,0.000111821565181037,-0.00877618172527419,-0.00725699860083112,0.0812864425071715
413.817072675003,-0.00604515463526512,-0.00813328123569274,-0.000589017386944591,0.0290075776619037,0.00010665299651067,-0.00871212822639375,-0.0071567768441904,0.0807341349100945
416.686955491232,-0.00599821530499968,-0.00803318701846714,-0.000567221935975234,0.0287943939168384,0.000101614301078626,-0.0086485405437908,-0.00705793181644501,0.0801854592059763
419.576741370729,-0.00595132393663035,-0.00793420627787777,-0.0005459488880166,0.0285827668823915,9.67030795177102e-05,-0.00858541584418004,-0.00696044497166145,0.0796403941878858
422.486568344193,-0.0059044865505909,-0.00783633130538187,-0.000525188719454889,0.0283726873720331,9.19169630392527e-05,-0.00852275129699539,-0.00686429800168655,0.07909891871552
425.416575399583,-0.00585770908996544,-0.00773955435347313,-0.000504932028596286,0.0281641461957375,8.72536132746004e-05,-0.00846054407461896,-0.00676947283340668,0.078561011716262
428.366902488763,-0.00581099741941727,-0.00764386763701581,-0.000485169535004204,0.0279571341610246,8.27107221152018e-05,-0.00839879135260947,-0.0066759516260323,0.0780266521862061
431.337690534184,-0.00576435732415805,-0.00754926333460622,-0.000465892078830936,0.0277516420739974,7.82860115512118e-05,-0.00833749030993025,-0.00658371676840753,0.0774958191911501
434.329081435613,-0.00571779450895792,-0.00745573358996038,-0.000447090620143492,0.027547660740375,7.3977233508543e-05,-0.00827663812917666,-0.00649275087634473,0.0769684918675551
437.341218076915,-0.00567131459719705,-0.00736327051332622,-0.000428756238243323,0.0273451809665201,6.97821696842871e-05,-0.00821623199680279,-0.00640303678998392,0.0764446494234737
440.374244332875,-0.00562492312995941,-0.007271866182919,-0.000410880130979737,0.0271441935604631,6.56986313804501e-05,-0.00815626910334751,-0.00631455757117707,0.0759242711394479
443.428305076071,-0.00557862556516902,-0.00718151264637856,-0.000393453614056728,0.0269446893329196,6.17244593359327e-05,-0.00809674664365964,-0.0062272965008969,0.0754073363693754
446.503546183793,-0.0055324272767693,-0.00709220192224681,-0.000376468120333075,0.026746659098303,5.78575235567044e-05,-0.00803766181712227,-0.00614123707667034,0.0748938245413478
449.600114545014,-0.00548633355394583,-0.00700392600146417,-0.00035991519911546,0.026550093675731,5.40957231441206e-05,-0.00797901182787609,-0.00605636301003632,0.0743837151584585
452.718158067401,-0.00544034960039289,-0.00691667684888341,-0.000343786515444497,0.0263549838900265,5.04369861213348e-05,-0.00792079388504165,-0.00597265822402784,0.0738769877995827
455.857825684385,-0.00539448053362407,-0.00683044640479943,-0.000328073849373487,0.0261613205727114,4.68792692577676e-05,-0.00786300520294048,-0.00589010685067825,0.0733736221201288
459.01926736227,-0.00534873138432722,-0.00674522658649358,-0.000312769095239777,0.0259690945629945,4.34205578915929e-05,-0.00780564300131497,-0.00580869322855148,0.0728735978527634
462.202634107401,-0.00530310709576378,-0.00666100928979102,-0.000297864260928613,0.0257782967087513,4.00588657502141e-05,-0.00774870450554692,-0.00572840190029618,0.0723768948081086
465.408077973374,-0.0052576125232129,-0.00657778639062975,-0.000283351467129386,0.025588917867498,3.67922347687008e-05,-0.00769218694687466,-0.00564921761022365,0.0718834928754134
468.635752068297,-0.00521225243346016,-0.00649554974663964,-0.000269222946584207,0.025400948907356,3.36187349061652e-05,-0.00763608756260876,-0.00557112530190933,0.0713933720231991
471.885810562108,-0.00516703150433105,-0.00641429119873045,-0.000255471043328732,0.0252143807080101,3.05364639600609e-05,-0.00758040359634596,-0.00549411011581782,0.0709065122998797
475.158408693936,-0.00512195432426923,-0.00633400257268689,-0.000242088211925216,0.0250292041616576,2.7543547378393e-05,-0.00752513229818165,-0.00541815738695117,0.0704228938343574
478.453702779515,-0.00507702539195947,-0.00625467568076976,-0.000229067016687759,0.0248454101739486,2.463813806983e-05,-0.00747027092492037,-0.00534325264252043,0.0699424968365942
481.771850218653,-0.00503224911599506,-0.00617630232332148,-0.00021640013089974,0.0246629896649181,2.18184162117146e-05,-0.00741581674028459,-0.00526938159964024,0.0694653015981589
485.113009502749,-0.00498762981458974,-0.00609887429037479,-0.000204080336023455,0.0244819335699086,1.9082589055977e-05,-0.00736176701512146,-0.00519653016304628,0.0689912884927519
488.477340222363,-0.00494317171533377,-0.00602238336326315,-0.000192100520901966,0.0243022328404825,1.6428890732951e-05,-0.00730811902760757,-0.00512468442283554,0.0685204379767063
491.865003074839,-0.004898878954994,-0.00594682131623153,-0.000180453680953237,0.0241238784453259,1.38555820531092e-05,-0.00725487006345156,-0.0050538306522292,0.0680527305894675
495.276159871982,-0.00485475557935753,-0.00587217991804626,-0.000169132917356582,0.0239468613711414,1.13609503067267e-05,-0.00720201741609454,-0.00498395530535797,0.06758814695405
498.710973547785,-0.00481080554311883,-0.0057984509336027,-0.000158131436231509,0.0237711726235303,8.94330906149143e-06,-0.0071495583869082,-0.00491504501506974,0.0671266677774738
502.169608166212,-0.00476703270980972,-0.0057256261255292,-0.000147442547809065,0.0235968032278651,6.60099795808688e-06,-0.00709749028539053,-0.00484708659075947,0.0666682738511788
505.652228929035,-0.00472344085177191,-0.00565369725578646,-0.000137059665595756,0.0234237442301498,4.33238250376793e-06,-0.00704581042935911,-0.00478006701622103,0.0662129460514192
509.159002183727,-0.00468003365017175,-0.00558265608726071,-0.000126976305530183,0.0232519866978695,2.135853863965e-06,-0.00699451614514189,-0.00471397344752097,0.0657606653396379
512.690095431402,-0.00463681469505639,-0.00551249438534968,-0.000117186085132518,0.0230815217208285,9.82865194375411e-09,-0.00694360476776524,-0.00464879321089405,0.0653114127628207
516.245677334823,-0.00459378748545123,-0.00544320391954015,-0.000107682722646948,0.0229123404119763,-2.04725128343777e-06,-0.00689307364113946,-0.0045845138006603,0.0648651694538312
519.825917726449,-0.00455095542949776,-0.00537477646497589,-9.84600361772804e-05,0.0227444339082213,-4.03691907183829e-06,-0.00684292011824137,-0.00452112287716354,0.0644219166317277
523.430987616559,-0.00450832184463136,-0.00530720380401487,-8.951194281583e-05,0.0225777933712327,-5.96068303736251e-06,-0.00679314156129419,-0.00445860826473118,0.06398163560206
527.061059201407,-0.00446588995779848,-0.00524047772777469,-8.08324577658097e-05,0.0224124099882296,-7.82002691626833e-06,-0.00674373534194445,-0.0043969579496552,0.0635443077571494
530.716305871459,-0.00442366290571232,-0.00517459003766506,-7.24156934574028e-05,0.0222482749727565,-9.6164100763945e-06,-0.00669469884143589,-0.00433616007819405,0.0631099145763503
534.396902219665,-0.00438164373514666,-0.00510953254690645,-6.42558586577014e-05,0.0220853795654472,-1.13512677382687e-05,-0.00664602945078044,-0.00427620295459546,0.0626784376262946
538.103024049808,-0.00433983540326684,-0.00504529708203375,-5.63472575747515e-05,0.0219237150347736,-1.30260111978304e-05,-0.00659772457092593,-0.00421707503913987,0.0622498585611189
541.834848384891,-0.00429824077799722,-0.00498187548438409,-4.86842889559117e-05,0.0217632726777828,-1.46420280507152e-05,-0.00654978161292079,-0.00415876494620451,0.0618241591226751
545.592553475602,-0.00425686263842455,-0.00491925961156781,-4.12614451807528e-05,0.0216040438208193,-1.62006824180446e-05,-0.00650219799807543,-0.00410126144234769,0.0614013211407249
549.376318808822,-0.00421570367523619,-0.00485744133892172,-3.40733113487512e-05,0.0214460198202334,-1.77033151736514e-05,-0.00645497115812043,-0.00404455344441359,0.0609813265331179
553.1863251162,-0.00417476649119254,-0.0047964125609438,-2.71145643620074e-05,0.0212891920630764,-1.91512441726855e-05,-0.00640809853536127,-0.0039886300176569,0.0605641573059544
557.022754382788,-0.00413405360163282,-0.00473616519270844,-2.03799720032609e-05,0.0211335519677802,-2.05457644815254e-05,-0.00636157758282989,-0.00393348037388759,0.0601497955537328
560.885789855729,-0.00409356743501339,-0.00467669117126149,-1.38643920094452e-05,0.020979090984824,-2.18881486089356e-05,-0.00631540576443261,-0.00387909386963537,0.059738223459482
564.775616053012,-0.00405331033347761,-0.00461798245699439,-7.56277114106964e-06,0.020825800597385,-2.31796467383945e-05,-0.00626958055509474,-0.00382546000433385,0.0593294232948789
568.692418772287,-0.00401328455345662,-0.00456003103499647,-1.4701442476847e-06,0.0206736723219759,-2.44214869615238e-05,-0.00622409944090166,-0.00377256841852421,0.0589233774203524
572.636385099737,-0.00397349226629985,-0.00450282891638504,4.41836667028263e-06,0.0205226977090661,-2.561487551255e-05,-0.00617895991923628,-0.00372040889207821,0.0585200682851722
576.607703419018,-0.00393393555893464,-0.00444636813961232,1.01075534030336e-05,0.0203728683436893,-2.67609970037172e-05,-0.00613415949891304,-0.00366897134244046,0.0581194784275246
580.606563420252,-0.00389461643455381,-0.00439064077174879,1.56021224759734e-05,0.0202241758460354,-2.78610146615853e-05,-0.00608969570030822,-0.00361824582288968,0.0577215904745752
584.633156109091,-0.00385553681333042,-0.00433563890974227,2.09066960970431e-05,0.0200766118720272,-2.89160705641282e-05,-0.00604556605548669,-0.00356822252081893,0.0573263871425173
588.687673815838,-0.00381669853315883,-0.00428135468165224,2.60258131065366e-05,0.0199301681138823,-2.99272858785668e-05,-0.00600176810832491,-0.00351889175603465,0.056933851236609
592.77031020464,-0.00377810335042086,-0.00422778024785891,3.09639299290866e-05,0.0197848363006598,-3.08957610998469e-05,-0.00595829941463037,-0.00347024397907426,0.0565439656511963
596.881260282727,-0.00373975294077643,-0.00417490780224647,3.57254215275354e-05,0.0196406081987913,-3.18225762896959e-05,-0.00591515754225721,-0.00342226976954228,0.056156713369725
601.020720409738,-0.00370164889997753,-0.00412272957336022,4.03145823583769e-05,0.0194974756125968,-3.27087913161706e-05,-0.00587234007121823,-0.00337495983446481,0.0557720774647399
605.188888307094,-0.00366379274470461,-0.00407123782553703,4.4735627328481e-05,0.0193554303847852,-3.35554460936251e-05,-0.0058298445937931,-0.00332830500666218,0.0553900410978731
609.385963067442,-0.00362618591342451,-0.0040204248600089,4.89926927527866e-05,0.0192144643969394,-3.43635608230123e-05,-0.0057876687146329,-0.00328229624313968,0.0550105875198197
613.612145164168,-0.00358882976726885,-0.00397028301597916,5.3089837312667e-05,0.0190745695699861,-3.5134136232448e-05,-0.00574581005086085,-0.00323692462349616,0.0546337000703037
617.867636460969,-0.00355172559093208,-0.00392080467167114,5.70310430146677e-05,0.0189357378646497,-3.58681538179538e-05,-0.00570426623216932,-0.00319218134835047,0.0542593621780318
622.152640221499,-0.00351487459358808,-0.00387198224534889,6.08202161493014e-05,0.0187979612818917,-3.65665760842994e-05,-0.00566303490091314,-0.00314805773778544,0.0538875573606368
626.467361119072,-0.00347827790982454,-0.00382380819630983,6.44611882496197e-05,0.0186612318633339,-3.72303467858696e-05,-0.00562211371219905,-0.00310454522980947,0.0535182692246117
630.812005246445,-0.00344193660059399,-0.00377627502584911,6.79577170492433e-05,0.0185255416916662,-3.78603911674768e-05,-0.00558150033397155,-0.00306163537883527,0.0531514814652315
635.186780125658,-0.0034058516541807,-0.00372937527819548,7.1313487439568e-05,0.0183908828910401,-3.84576162050369e-05,-0.00554119244709487,-0.00301931985417604,0.0527871778664673
639.591894717946,-0.00337002398718244,-0.00368310154141846,7.45321124258351e-05,0.0182572476274457,-3.90229108460391e-05,-0.00550118774543132,-0.00297759043855851,0.0524253423008892
644.027559433723,-0.00333445444550619,-0.00363744644830693,7.76171340817965e-05,0.0181246281090743,-3.95571462497268e-05,-0.00546148393591589,-0.00293643902665301,0.0520659587295605
648.493986142629,-0.00329914380537688,-0.00359240267721874,8.057202450266e-05,0.0179930165866657,-4.00611760269171e-05,-0.00542207873862711,-0.00289585762362031,0.0517090112019221
652.991388183652,-0.00326409277435825,-0.00354796295290155,8.34001867560425e-05,0.01786240535384,-4.05358364793831e-05,-0.00538296988685429,-0.00285583834367507,0.0513544838556687
657.519980375318,-0.00322930199238502,-0.00350412004728476,8.61049558306506e-05,0.0177327867474152,-4.09819468387254e-05,-0.00534415512716106,-0.00281637340866583,0.0510023609166156
662.07997902595,-0.00319477203280526,-0.00346086678024252,8.86895995823984e-05,0.0176041531477093,-4.14003095046591e-05,-0.00530563221944528,-0.00277745514667133,0.050652626698557
666.671601944003,-0.00316050340343241,-0.00341819602032792,9.11573196776979e-05,0.017476496978828,-4.17917102826461e-05,-0.00526739893699531,-0.00273907599061309,0.0503052656031163
671.295068448464,-0.00312649654760574,-0.00337610068547832,9.35112525336439e-05,0.0173498107089373,-4.21569186207999e-05,-0.0052294530665427,-0.00270122847688406,0.0499602621195881
675.950599379332,-0.00309275184525868,-0.00333457374369201,9.57544702548318e-05,0.0172240868505225,-4.24966878459939e-05,-0.00519179240831134,-0.00266390524399322,0.0496176008247722
680.638417108163,-0.00305926961399405,-0.0032936082136762,9.78899815665506e-05,0.0170993179606314,-4.28117553991067e-05,-0.00515441477606305,-0.00262709903122601,0.0492772663828002
685.358745548692,-0.00302605011016533,-0.00325319716546655,9.99207327440881e-05,0.0169754966411046,-4.31028430693354e-05,-0.00511731799713965,-0.00259080267732042,0.0489392435449541
690.11181016753,-0.00299309352996332,-0.00321333372101836,0.0001018496085379,0.0168526155387909,-4.33706572275114e-05,-0.00508049991250158,-0.00255500911915862,0.0486035171494782
694.897837994932,-0.00296040001050717,-0.00317401105476955,0.000103679433094401,0.0167306673457489,-4.36158890583559e-05,-0.00504395837676313,-0.00251971139047404,0.0482700721213834
699.717057635642,-0.00292796963093929,-0.00313522239417566,0.000105412970872144,0.0166096447994345,-4.38392147916123e-05,-0.00500769125822421,-0.00248490262057362,0.0479388934722451
704.569699279812,-0.00289580241352304,-0.00309696102021721,0.000107052927553134,0.0164895406828755,-4.4041295931992e-05,-0.00497169643889876,-0.00245057603307534,0.0476099662999936
709.455994713995,-0.00286389832474277,-0.00305922026787931,0.000108601950949073,0.0163703478248322,-4.42227794878777e-05,-0.00493597181453996,-0.00241672494466058,0.0472832757886991
714.376177332221,-0.00283225727640528,-0.00302199352660423,0.000110062631902307,0.0162520590999444,-4.43842981987234e-05,-0.00490051529466198,-0.00238334276384152,0.0469588072083493
719.33048214714,-0.00280087912674206,-0.00298527424071676,0.000111437505181247,0.0161346674288656,-4.4526470761096e-05,-0.0048653248025587,-0.0023504229897431,0.0466365459146214
724.31914580125,-0.00276976368151161,-0.00294905590982299,0.00011272905037008,0.0160181657783847,-4.46499020533034e-05,-0.00483039827531908,-0.00231795921089975,0.0463164773486478
729.342406578201,-0.0027389106951012,-0.00291333208918257,0.000113939692752549,0.0159025471615341,-4.47551833585569e-05,-0.00479573366383954,-0.00228594510406641,0.0459985870367765
734.400504414174,-0.00270831987162728,-0.00287809639005494,0.000115071804189611,0.0157878046376855,-4.48428925866148e-05,-0.00476132893283309,-0.00225437443304406,0.0456828605903254
739.493680909344,-0.00267799086603412,-0.00284334248001976,0.000116127703990799,0.015673931312634,-4.49135944938611e-05,-0.00472718206083558,-0.00222324104751927,0.0453692837053312
744.622179339418,-0.00264792328518979,-0.0028090640832719,0.000117109659779076,0.0155609203386687,-4.49678409017664e-05,-0.00469329104020887,-0.00219253888191798,0.0450578421622931
749.786244667259,-0.00261811668897919,-0.00277525498089137,0.000118019888349044,0.0154487649146328,-4.50061709136901e-05,-0.00465965387714104,-0.00216226195427311,0.0447485218259113
754.98612355458,-0.0025885705913932,-0.00274190901108858,0.000118860556518305,0.0153374582859708,-4.5029111129977e-05,-0.0046262685916438,-0.00213240436510602,0.0444413086448206
760.222064373731,-0.00255928446161369,-0.00270902006942525,0.000119633781971835,0.0152269937447648,-4.50371758613055e-05,-0.004593133217547,-0.00210296029632162,0.0441361886513193
765.494317219563,-0.00253025772509361,-0.0026765821090114,0.000120341634099214,0.0151173646297593,-4.50308673402484e-05,-0.00456024580249034,-0.00207392401011704,0.0438331479610929
770.803133921369,-0.00250148976463186,-0.00264458914067885,0.000120986134824546,0.0150085643263745,-4.50106759310048e-05,-0.00452760440791243,-0.00204528984790377,0.0435321727729338
776.148768054917,-0.00247297992144215,-0.00261303523313158,0.000121569259428963,0.0149005862667097,-4.497708033727e-05,-0.00449520710903711,-0.00201705222924294,0.0432332493684567
781.531474954562,-0.00244472749621564,-0.00258191451307339,0.000122092937365538,0.0147934239295347,-4.49305478082034e-05,-0.00446305199485717,-0.00198920565079391,0.0429363641118095
786.951511725437,-0.0024167317501767,-0.00255122116531333,0.000122559053066512,0.0146870708402718,-4.48715343424637e-05,-0.00443113716811551,-0.00196174468527582,0.0426415034493799
792.40913725574,-0.00238899190613137,-0.00252094943284926,0.00012296944674271,0.0145815205709674,-4.48004848902795e-05,-0.00439946074528379,-0.00193466398044203,0.0423486539094987
797.904612229097,-0.00236150714950821,-0.00249109361693005,0.000123325915175006,0.0144767667402528,-4.47178335535235e-05,-0.00436802085653866,-0.00190795825806735,0.042057802102139
803.438199137013,-0.00233427662939089,-0.00246164807709678,0.000123630212497768,0.0143728030132962,-4.46240037837639e-05,-0.00433681564573552,-0.00188162231294793,0.0417689347186115
809.01016229141,-0.00230729945954235,-0.00243260723120353,0.000123884050974161,0.0142696231017449,-4.45194085782649e-05,-0.00430584327038003,-0.00185565101191368,0.0414820385312567
814.620767837254,-0.00228057471942004,-0.00240396555541801,0.000124089101763212,0.0141672207636578,-4.44044506739125e-05,-0.00427510190159728,-0.00183003929285301,0.0411971003931334
820.270283765263,-0.00225410145518184,-0.00237571758420272,0.000124246995678566,0.0140655898034287,-4.42795227390415e-05,-0.00424458972409877,-0.00180478216374993,0.0409141072377041
825.958979924714,-0.00222787868068244,-0.00234785791027689,0.000124359323938835,0.0139647240717021,-4.41450075631428e-05,-0.0042143049361472,-0.00177987470173326,0.0406330460785175
831.687128036326,-0.0022019053784597,-0.00232038118455982,0.000124427638909477,0.0138646174652781,-4.40012782444307e-05,-0.00418424574951919,-0.00175531205213785,0.0403539040088871
837.455001705243,-0.0021761805007108,-0.00229328211609598,0.000124453454836134,0.0137652639270111,-4.38486983752521e-05,-0.00415441038946588,-0.0017310894275777,0.0400766682015684
843.262876434102,-0.00215070297025782,-0.00226655547196238,0.000124438248569369,0.0136666574456987,-4.3687622225321e-05,-0.00412479709467163,-0.00170720210703087,0.0398013259084315
849.111029636188,-0.00212547168150256,-0.00224019607715873,0.000124383460280734,0.0135687920559635,-4.35183949227628e-05,-0.00409540411721068,-0.00168364543493602,0.039527864460133
854.999740648693,-0.00210048550137017,-0.00221419881448069,0.000124290494170144,0.0134716618381271,-4.33413526329558e-05,-0.00406622972250202,-0.00166041482030052,0.0392562712657835
860.92929074605,-0.00207574327024149,-0.00218855862437694,0.000124160719164482,0.0133752609180759,-4.31568227351564e-05,-0.00403727218926238,-0.00163750573581988,0.0389865338126144
866.899963153375,-0.00205124380287392,-0.0021632705047902,0.000123995469607428,0.0132795834671207,-4.29651239968992e-05,-0.00400852980945745,-0.00161491371700861,0.0387186396656407
872.91204305999,-0.00202698588931036,-0.00213832951098302,0.00012379604594045,0.0131846237018484,-4.27665667461607e-05,-0.00398000088825147,-0.00159263436134209,0.0384525764673232
878.965817633049,-0.00200296829577631,-0.00211373075534854,0.000123563715374955,0.0130903758839669,-4.25614530412825e-05,-0.003951683743955,-0.0015706633274096,0.0381883319372275
885.061576031251,-0.00197918976556476,-0.00208946940720678,0.000123299712555564,0.0129968343201438,-4.23500768386429e-05,-0.00392357670797127,-0.00154899633407825,0.0379258938716813
891.199609418655,-0.00195564901990878,-0.00206554069258692,0.000123005240214487,0.0129039933618387,-4.21327241580768e-05,-0.00389567812474088,-0.00152762915966766,0.0376652501434303
897.380210978585,-0.00193234475884162,-0.00204193989399604,0.000122681469817017,0.0128118474051283,-4.19096732460372e-05,-0.00386798635168499,-0.00150655764113545,0.0374063887012912
903.603675927636,-0.00190927566204419,-0.00201866235017472,0.0001223295421981,0.0127203908905272,-4.16811947364969e-05,-0.00384049975914717,-0.00148577767327322,0.0371492975698042
909.870301529772,-0.00188644038967988,-0.00199570345584001,0.000121950568190002,0.0126296183028013,-4.14475518095907e-05,-0.00381321673033375,-0.00146528520791299,0.0368939648488833
916.18038711053,-0.0018638375832164,-0.00197305866141614,0.00012154562924107,0.0125395241707766,-4.12090003479963e-05,-0.0037861356612529,-0.00144507625314405,0.0366403787134653
922.534234071309,-0.00184146586623476,-0.00195072347275353,0.000121115778025601,0.0124501030671422,-4.09657890910567e-05,-0.00375925496065244,-0.00142514687253994,0.0363885274131566
928.932145903777,-0.0018193238452252,-0.00192869345083641,0.000120662039044809,0.0123613496082486,-4.07181597866464e-05,-0.00373257304995637,-0.00140549318439567,0.0361383992718804
935.374428204358,-0.00179741011036999,-0.00190696421147953,0.000120185409218943,0.0122732584539004,-4.04663473407849e-05,-0.00370608836320026,-0.00138611136097482,0.0358899826875207
941.861388688833,-0.00177572323631305,-0.00188553142501446,0.000119686858470541,0.0121858243071448,-4.0210579965003e-05,-0.0036797993469655,-0.00136699762776662,0.0356432661315667
948.39333720704,-0.00175426178291636,-0.00186439081596576,0.000119167330298869,0.0120990419140551,-3.99510793214663e-05,-0.00365370446031243,-0.00134814826275276,0.0353982381487547
954.970585757668,-0.00173302429600309,-0.00184353816271759,0.000118627742345562,0.0120129060635104,-3.9688060665866e-05,-0.00362780217471254,-0.00132955959568388,0.0351548873567109
961.593448503166,-0.00171200930808744,-0.00182296929717102,0.000118068986951501,0.0119274115869701,-3.94217329880799e-05,-0.00360209097397954,-0.00131122800736561,0.0349132024455913
968.262241784745,-0.00169121533909118,-0.0018026801043926,0.00011749193170497,0.0118425533582457,-3.91522991506179e-05,-0.00357656935419965,-0.00129314992895407,0.0346731721777218
974.977284137491,-0.00167064089704683,-0.00178266652225446,0.000116897419981118,0.0117583262932678,-3.88799560248577e-05,-0.00355123582366087,-0.0012753218412607,0.0344347853872379
981.738896305574,-0.00165028447878755,-0.00176292454106636,0.000116286271472785,0.0116747253498499,-3.86048946250839e-05,-0.00352608890278147,-0.0012577402740663,0.0341980309797227
988.547401257578,-0.00163014457062368,-0.00174345020320022,0.000115659282712725,0.0115917455274484,-3.83273002403397e-05,-0.00350112712403768,-0.00124040180544422,0.0339628979318451
995.403124201917,-0.00161021964900605,-0.00172423960270725,0.000115017227587289,0.0115093818669201,-3.80473525641063e-05,-0.00347634903189061,-0.00122330306109255,0.0337293752909971
1002.30639260238,-0.001590508181176,-0.00170528888492829,0.000114360857841602,0.0114276294502752,-3.77652258218206e-05,-0.00345175318271243,-0.00120644071367523,0.0334974521749309
1009.25753619375,-0.0015710086258021,-0.00168659424609759,0.000113690903576308,0.0113464834004291,-3.74810888962463e-05,-0.00342733814471195,-0.00118981148217193,0.0332671177713951
1016.2568869976,-0.00155171943360382,-0.00166815193294046,0.000113008073735935,0.0112659388809498,-3.71951054507131e-05,-0.00340310249785948,-0.00117341213123668,0.0330383613377711
1023.30477933808,-0.00153263904796198,-0.00164995824226511,0.000112313056588928,0.0111859910958036,-3.69074340502388e-05,-0.00337904483381121,-0.00115723947056505,0.0328111722007093
1030.40154985798,-0.00151376590551616,-0.00163200952054902,0.000111606520199434,0.0111066352890985,-3.66182282805491e-05,-0.00335516375583291,-0.00114129035426984,0.0325855397557642
1037.5475375347,-0.0014950984367491,-0.00161430216352025,0.000110889112890889,0.0110278667448242,-3.63276368650151e-05,-0.00333145787872326,-0.00112556168026519,0.0323614534670308
1044.74308369654,-0.00147663506655819,-0.00159683261573386,0.000110161463701483,0.0109496807865915,-3.60358037795208e-05,-0.00330792582873658,-0.0011100503896589,0.0321389028667793
1051.98853203895,-0.00145837421481412,-0.001579597370144,0.000109424182831566,0.0108720727773681,-3.57428683652826e-05,-0.00328456624350526,-0.00109475346615306,0.0319178775550909
1059.28422864097,-0.00144031429690673,-0.00156259296767175,0.000108677862083072,0.0107950381192136,-3.54489654396354e-05,-0.00326137777196162,-0.00107966793545262,0.0316983671994937
1066.63052198171,-0.00142245372427825,-0.00154581599676925,0.000107923075291035,0.0107185722530128,-3.51542254048078e-05,-0.00323835907425962,-0.00106479086468211,0.0314803615345976
1074.02776295709,-0.00140479090494392,-0.00152926309298014,0.000107160378747266,0.0106426706582063,-3.48587743547008e-05,-0.00321550882169603,-0.00105011936181013,0.0312638503617306
1081.4763048965,-0.00138732424400022,-0.00151293093849697,0.000106390311616276,0.0105673288525213,-3.45627341796941e-05,-0.00319282569663149,-0.00103565057508169,0.0310488235485743
1088.97650357974,-0.00137005214412063,-0.0014968162617155,0.000105613396343523,0.0104925423916996,-3.42662226694968e-05,-0.00317030839241115,-0.00102138169245824,0.0308352710288004
1096.52871725401,-0.0013529730060393,-0.00148091583678645,0.000104830139056052,0.0104183068692254,-3.39693536140653e-05,-0.00314795561328524,-0.00100730994106533,0.030623182801707
1104.13330665098,-0.00133608522902243,-0.00146522648316482,0.000104041029955625,0.0103446179160512,-3.36722369026062e-05,-0.0031257660743293,-0.000993432586647742,0.0304125489318554
1111.79063500406,-0.00131938721132781,-0.00144974506515712,0.000103246543704411,0.0102714712003238,-3.33749786206882e-05,-0.00310373850136436,-0.00097974693303205,0.0302033595487075
1119.50106806575,-0.00130287735065238,-0.00143446849146674,0.000102447139803336,0.0101988624271085,-3.30776811454819e-05,-0.00308187163087688,-0.00096625032159652,0.0299956048462629
1127.26497412507,-0.00128655404456807,-0.00141939371473771,0.000101643262963147,0.0101267873381132,-3.27804432391515e-05,-0.00306016420993869,-0.000952940130748243,0.0297892750826977
1135.0827240252,-0.00127041569094605,-0.00140451773109711,0.000100835343468321,0.0100552417114115,-3.24833601404175e-05,-0.00303861499612677,-0.000939813775407375,0.0295843605800023
1142.95469118117,-0.00125446068836948,-0.00138983757969639,0.000100023797533859,0.00998422136116543,-3.21865236543151e-05,-0.003017222757443,-0.000926868706498484,0.0293808517236216
1150.8812515977,-0.00123868743653495,-0.00137535034225178,9.92090276550868e-05,0.00991372213734824,-3.18900222401686e-05,-0.00299598627223391,-0.000914102410448801,0.0291787389620936
1158.86278388715,-0.00122309433664272,-0.00136105314258406,9.83914229505343e-05,0.00984373992546623,-3.15939410978057e-05,-0.00297490432911045,-0.000901512408693399,0.028978012806691
1166.89966928762,-0.00120767979177584,-0.00134694314615785,9.75713594979844e-05,0.00977427064628069,-3.1298362252033e-05,-0.00295397572686764,-0.000889096257187104,0.0287786638310611
1174.99229168114,-0.00119244220726854,-0.0013330175596208,9.67492006637847e-05,0.00970531025552998,-3.10033646353975e-05,-0.00293319927440452,-0.000876851545923167,0.0285806826708689
1183.14103761204,-0.00117737999106365,-0.00131927363034258,9.59252974255075e-05,0.00963685474365112,-3.07090241692537e-05,-0.00291257379064393,-0.000864775898458482,0.0283840600234384
1191.34629630538,-0.00116249155405964,-0.0013057086459542,9.50999886880519e-05,0.00956890013550206,-3.04154138431636e-05,-0.00289209810445256,-0.000852866971445396,0.028188786647397
1199.60845968555,-0.00114777531044698,-0.0012923199338876,9.42736015932732e-05,0.00950144249008359,-3.01226037926482e-05,-0.00287177105456098,-0.000841122454169914,0.0279948533623188
1207.92792239501,-0.00113322967803444,-0.00127910486091589,9.34464518232376e-05,0.00943447790026198,-2.98306613753179e-05,-0.00285159148948399,-0.000829540068096306,0.0278022510483704
1216.3050818131,-0.00111885307856506,-0.00126606083269421,9.26188438971852e-05,0.00936800249249157,-2.95396512454008e-05,-0.00283155826744089,-0.000818117566417949,0.0276109706459561
1224.74033807505,-0.00110464393802223,-0.00125318529330165,9.17910714622986e-05,0.0093020124265382,-2.92496354266963e-05,-0.00281167025627617,-0.000806852733614417,0.0274210031553654
1233.23409409112,-0.00109060068692595,-0.00124047572478403,9.09634175783636e-05,0.00923650389520275,-2.89606733839735e-05,-0.00279192633338023,-0.000795743385014636,0.0272323396364202
1241.78675556577,-0.00107672176061941,-0.00122792964669817,9.01361549964159e-05,0.00917147312404563,-2.867282209284e-05,-0.00277232538561042,-0.000784787366366125,0.0270449712081239
1250.39873101711,-0.00106300559954601,-0.00121554461565736,8.93095464314611e-05,0.00910691637111157,-2.83861361081037e-05,-0.00275286630921223,-0.000773982553410146,0.0268588890483107
1259.07043179635,-0.00104945064951712,-0.00120331822487841,8.84838448293656e-05,0.00904282992665551,-2.81006676306509e-05,-0.00273354800974082,-0.000763326851462785,0.0266740843932971
1267.80227210752,-0.00103605536197058,-0.00119124810373048,8.76592936279974e-05,0.00897921011286891,-2.78164665728622e-05,-0.00271436940198274,-0.000752818195001782,0.0264905485375328
1276.5946690272,-0.00102281819422025,-0.00117933191728556,8.683612701272e-05,0.00891605328360719,-2.75335806225926e-05,-0.00269532940987801,-0.00074245454725913,0.0263082728332544
1285.44804252445,-0.0010097376096966,-0.00116756736587108,8.60145701663202e-05,0.00885335582411798,-2.72520553057356e-05,-0.00267642696644244,-0.000732233899819309,0.026127248690139
1294.36281548089,-0.000996812078178633,-0.00115595218462444,8.51948395134608e-05,0.00879111415077027,-2.69719340473954e-05,-0.00265766101369027,-0.000722154272223077,0.0259474675749591
1303.33941371088,-0.000984040076017329,-0.00114448414304987,8.43771429597539e-05,0.00872932471078477,-2.66932582316914e-05,-0.00263903050255719,-0.000712213711576805,0.0257689210112396
1312.37826598188,-0.000971420086350563,-0.00113316104457749,8.35616801255315e-05,0.00866798398196513,-2.64160672602143e-05,-0.00262053439282365,-0.000702410292167184,0.0255916005789142
1321.47980403488,-0.000958950599309928,-0.00112198072612489,8.27486425744162e-05,0.00860708847243056,-2.61403986091604e-05,-0.00260217165303854,-0.00069274211508135,0.0254154979139851
1330.6444626051,-0.000946630112219392,-0.00111094105766118,8.19382140367652e-05,0.00854663472034928,-2.5866287885163e-05,-0.00258394126044322,-0.000683207307832231,0.025240604708182
1339.87267944269,-0.000934457129786118,-0.00110003994177366,8.1130570628088e-05,0.00848661929367363,-2.55937688798468e-05,-0.00256584220089601,-0.000673804023989167,0.0250669127086236
1349.16489533366,-0.000922430164283462,-0.00108927531323728,8.03258810625128e-05,0.00842703878987604,-2.53228736231224e-05,-0.0025478734687969,-0.000664530442813618,0.0248944137174795
1358.52155412096,-0.00091054773572644,-0.00107864513858687,7.95243068613977e-05,0.00836788983568668,-2.50536324352497e-05,-0.00253003406701289,-0.000655384768900002,0.0247230995916345
1367.94310272563,-0.000898808372039695,-0.00106814741569227,7.87260025571639e-05,0.00830916908683213,-2.47860739776849e-05,-0.00251232300680351,-0.000646365231821483,0.0245529622423524
1377.42999116818,-0.000887210609218229,-0.00105778017333645,7.79311158924422e-05,0.00825087322777581,-2.45202253027387e-05,-0.00249473930774693,-0.000637470085780752,0.0243839936349431
1386.98267259009,-0.000875752991480952,-0.00104754147079671,7.71397880146096e-05,0.00819299897145946,-2.42561119020629e-05,-0.00247728199766639,-0.000628697609265634,0.0242161857884295
1396.60160327544,-0.000864434071417304,-0.00103742939742902,7.63521536658081e-05,0.00813554305904649,-2.39937577539897e-05,-0.00245995011255718,-0.000620046104709539,0.0240495307752166
1406.2872426727,-0.000853252410126994,-0.00102744207225548,7.55683413685183e-05,0.00807850225966647,-2.37331853697425e-05,-0.00244274269651391,-0.000611513898156624,0.0238840207207612
1416.04005341668,-0.000842206577353118,-0.00101757764355521,7.47884736067802e-05,0.00802187337016143,-2.34744158385415e-05,-0.00242565880165838,-0.000603099338931659,0.0237196478032437
1425.86050135065,-0.000831295151608681,-0.00100783428845839,7.40126670031294e-05,0.00796565321483354,-2.32174688716215e-05,-0.00240869748806783,-0.000594800799314477,0.0235564042532409
1435.74905554856,-0.000820516720296812,-0.000998210212543823,7.32410324913432e-05,0.00790983864519456,-2.29623628451867e-05,-0.00239185782370369,-0.000586616674219009,0.0233942823534003
1445.70618833745,-0.000809869879824665,-0.000988703649439855,7.24736754850617e-05,0.00785442653971669,-2.27091148423182e-05,-0.00237513888434076,-0.000578545380876772,0.0232332744381153
1455.73237532004,-0.000799353235711299,-0.000979312860428848,7.17106960423737e-05,0.00779941380358535,-2.24577406938581e-05,-0.00235853975349693,-0.00057058535852482,0.0230733728932028
1465.8280953974,-0.000788965402689549,-0.00097003613405513,7.0952189026437e-05,0.0077447973684533,-2.22082550182873e-05,-0.00234205952236333,-0.000562735068098023,0.0229145701555811
1475.99383079187,-0.000778705004802141,-0.00096087178573657,7.01982442622156e-05,0.00769057419219675,-2.19606712606186e-05,-0.00232569728973504,-0.000554992991925697,0.02275685871295
1486.23006707006,-0.00076857067549209,-0.000951818157379741,6.94489466894021e-05,0.00763674125867298,-2.17150017303223e-05,-0.00230945216194217,-0.000547357633432438,0.0226002311034722
1496.53729316606,-0.000758561057687615,-0.000942873616998759,6.87043765116109e-05,0.00758329557747984,-2.14712576383067e-05,-0.00229332325278159,-0.000539827516843184,0.0224446799154559
1506.9160014048,-0.000748674803881616,-0.000934036558337787,6.79646093419035e-05,0.0075302341837168,-2.12294491329677e-05,-0.00227730968344905,-0.000532401186892378,0.0222901977870386
1517.36668752555,-0.000738910576205933,-0.000925305400497283,6.72297163447295e-05,0.00747755413774804,-2.09895853353316e-05,-0.00226141058247186,-0.000525077208537236,0.0221367774058734
1527.88985070559,-0.000729267046500439,-0.000916678587563961,6.64997643743478e-05,0.00742525252496702,-2.07516743733046e-05,-0.00224562508564205,-0.000517854166675002,0.0219844115088157
1538.4859935841,-0.00071974289637718,-0.000908154588244555,6.57748161098054e-05,0.00737332645556307,-2.05157234150507e-05,-0.0022299523359501,-0.000510730665864201,0.0218330928816118
1549.15562228612,-0.000710336817279599,-0.000899731895503334,6.50549301865355e-05,0.00732177306428968,-2.02817387015136e-05,-0.00221439148351908,-0.000503705330049768,0.021682814358589
1559.89924644673,-0.000701047510537073,-0.000891409026203465,6.43401613246551e-05,0.00727058951023465,-2.00497255781021e-05,-0.00219894168553945,-0.000496776802292062,0.0215335688223471
1570.71737923542,-0.000691873687414794,-0.000883184520752163,6.36305604540186e-05,0.00721977297659194,-1.98196885255551e-05,-0.00218360210620424,-0.000489943744499657,0.0213853492034515
1581.61053738059,-0.000682814069159189,-0.000875056942749714,6.29261748361036e-05,0.00716932067043564,-1.95916311900034e-05,-0.00216837191664483,-0.000483204837165905,0.0212381484801275
1592.57924119422,-0.000673867387038951,-0.000867024878642312,6.22270481827897e-05,0.0071192298224954,-1.93655564122469e-05,-0.00215325029486727,-0.000476558779109169,0.0210919596779567
1603.62401459674,-0.000665032382381843,-0.00085908693737879,6.15332207720989e-05,0.00706949768693403,-1.91414662562615e-05,-0.00213823642568905,-0.000470004287216736,0.0209467758695741
1614.74538514202,-0.000656307806607349,-0.00085124175007118,6.08447295609583e-05,0.00702012154112681,-1.89193620369537e-05,-0.00212332950067646,-0.000463540096192288,0.0208025901743674
1625.94388404263,-0.000647692421255331,-0.000843487969659175,6.01616082950531e-05,0.00697109868544264,-1.8699244347179e-05,-0.00210852871808246,-0.000457164958306952,0.0206593957581776
1637.22004619516,-0.000639184998010771,-0.000835824270578435,5.94838876158259e-05,0.00692242644302713,-1.84811130840393e-05,-0.00209383328278507,-0.000450877643153821,0.0205171858330006
1648.57441020578,-0.000630784318724739,-0.000828249348432785,5.88115951646915e-05,0.00687410215958751,-1.82649674744754e-05,-0.00207924240622628,-0.00044467693740594,0.0203759536566914
1660.00751841599,-0.000622489175431664,-0.000820761919670265,5.8144755684519e-05,0.00682612320317939,-1.80508061001703e-05,-0.0020647553063515,-0.000438561644577674,0.020235692532669
1671.51991692849,-0.000614298370363064,-0.000813360721263073,5.74833911184482e-05,0.00677848696399547,-1.78386269217781e-05,-0.00205037120754955,-0.000432530584789452,0.0200963958096228
1683.11215563331,-0.000606210715957778,-0.00080604451039133,5.68275207060928e-05,0.00673119085415599,-1.76284273024934e-05,-0.00203608934059314,-0.000426582594535784,0.0199580568812207
1694.78478823403,-0.000598225034868881,-0.000798812064130747,5.61771610771927e-05,0.0066842323075012,-1.74202040309761e-05,-0.00202190894257993,-0.00042071652645657,0.0198206691858195
1706.53837227424,-0.000590340159967297,-0.000791662179144094,5.55323263427669e-05,0.00663760877938552,-1.72139533436464e-05,-0.00200782925687405,-0.000414931249111596,0.0196842262061752
1718.37346916419,-0.000582554934342308,-0.000784593671376538,5.48930281838288e-05,0.00659131774647379,-1.70096709463627e-05,-0.00199384953304819,-0.000409225646758218,0.0195487214691564
1730.2906442076,-0.000574868211298953,-0.000777605375754781,5.42592759377104e-05,0.00654535670653913,-1.68073520354989e-05,-0.00197996902682621,-0.000403598619132155,0.019414148545458
1742.29046662864,-0.000567278854352525,-0.000770696145890033,5.36310766820584e-05,0.00649972317826289,-1.66069913184322e-05,-0.00196618700002628,-0.000398049081231373,0.0192805010493177
1754.37350959913,-0.000559785737220149,-0.000763864853784756,5.30084353165462e-05,0.00645441470103628,-1.64085830334564e-05,-0.00195250272050449,-0.000392575963103,0.0191477726382327
1766.54035026596,-0.000552387743809629,-0.000757110389543207,5.23913546423595e-05,0.00640942883476394,-1.62121209691335e-05,-0.00193891546209904,-0.000387178209633236,0.019015957012679
1778.79156977856,-0.000545083768205605,-0.000750431661085747,5.17798354395043e-05,0.00636476315966939,-1.60175984830972e-05,-0.00192542450457493,-0.000381854780340227,0.0188850479158315
1791.12775331676,-0.000537872714653102,-0.000743827593866875,5.11738765419865e-05,0.00632041527610219,-1.58250085203195e-05,-0.00191202913356915,-0.000376604649169825,0.0187550391332862
1803.54949011869,-0.000530753497538614,-0.000737297130597014,5.05734749109142e-05,0.00627638280434707,-1.56343436308547e-05,-0.0018987286405364,-0.000371426804294251,0.0186259244927834
1816.05737350894,-0.000523725041368725,-0.000730839230967981,4.99786257055677e-05,0.00623266338443479,-1.54455959870722e-05,-0.0018855223226953,-0.000366320247913555,0.0184976978639329
1828.65200092687,-0.000516786280746444,-0.000724452871382162,4.93893223524893e-05,0.00618925467595491,-1.52587574003903e-05,-0.00187240948297516,-0.000361283996059898,0.0183703531579404
1841.33397395519,-0.000509936160345252,-0.000718137044685327,4.8805556612633e-05,0.00614615435787024,-1.50738193375224e-05,-0.00185938942996318,-0.000356317078404552,0.0182438843273357
1854.10389834867,-0.000503173634881011,-0.000711890759903108,4.82273186466266e-05,0.00610336012833331,-1.48907729362491e-05,-0.00184646147785226,-0.000351418538067647,0.0181182853657019
1866.9623840631,-0.000496497669081754,-0.000705713041981063,4.76545970781835e-05,0.00606086970450432,-1.47096090207239e-05,-0.00183362494638916,-0.000346587431430557,0.017993550307407
1879.91004528435,-0.000489907237655488,-0.000699602931528361,4.70873790557158e-05,0.00601868082237125,-1.45303181163285e-05,-0.00182087916082337,-0.000341822827950959,0.017869673227336
1892.94750045783,-0.000483401325256032,-0.000693559484565002,4.65256503121836e-05,0.0059767912365714,-1.4352890464084e-05,-0.00180822345185623,-0.000337123809980452,0.0177466482406255
1906.0753723179,-0.00047697892644702,-0.000687581772272596,4.59693952232301e-05,0.00593519872021496,-1.41773160346325e-05,-0.00179565715559079,-0.000332489472584778,0.0176244695023991
1919.29428791772,-0.000470639045664081,-0.000681668880748631,4.5418596863638e-05,0.00589390106471014,-1.40035845417968e-05,-0.00178317961348194,-0.000327918923366535,0.0175031312075044
1932.60487865912,-0.000464380697175324,-0.000675819910764247,4.48732370621511e-05,0.00585289607959026,-1.38316854557304e-05,-0.00177079017228722,-0.000323411282290409,0.017382627590252
1946.00778032282,-0.000458202905040148,-0.000670033977525436,4.43332964546992e-05,0.00581218159234231,-1.36616080156671e-05,-0.00175848818401797,-0.000318965681510837,0.0172629529241555
1959.50363309877,-0.000452104703066484,-0.000664310210437695,4.37987545360668e-05,0.00577175544823751,-1.34933412422807e-05,-0.00174627300589102,-0.000314581265202119,0.0171441015216732
1973.09308161673,-0.000446085134766495,-0.000658647752874041,4.32695897100402e-05,0.00573161551016334,-1.33268739496627e-05,-0.0017341440002809,-0.000310257189390883,0.0170260677339513
1986.77677497706,-0.000440143253310848,-0.000653045761946428,4.27457793380763e-05,0.00569175965845752,-1.31621947569313e-05,-0.00172210053467244,-0.000305992621790941,0.0169088459505686
2000.55536678172,-0.000434278121481555,-0.000647503408280458,4.22272997865217e-05,0.00565218579074339,-1.29992920994759e-05,-0.00171014198161388,-0.000301786741640429,0.0167924305992825
2014.42951516552,-0.00042848881162352,-0.000642019875793429,4.17141264724267e-05,0.00561289182176729,-1.28381542398513e-05,-0.00169826771867051,-0.000297638739541265,0.016676816145777
2028.39988282751,-0.000422774405594774,-0.000636594361475631,4.1206233907981e-05,0.00557387568323731,-1.26787692783267e-05,-0.00168647712837865,-0.000293547817300836,0.0165619970934113
2042.46713706267,-0.000417133994715529,-0.000631226075174898,4.07035957436127e-05,0.00553513532366394,-1.25211251631004e-05,-0.00167476959820021,-0.000289513187775934,0.0164479679829712
2056.63194979376,-0.000411566679716037,-0.000625914239384353,4.02061848097777e-05,0.00549666870820215,-1.23652097001879e-05,-0.00166314452047761,-0.000285534074718856,0.0163347233924204
2070.89499760343,-0.000406071570683381,-0.000620658089033342,3.97139731574783e-05,0.00545847381849531,-1.22110105629924e-05,-0.00165160129238926,-0.000281609712625693,0.0162222579366547
2085.25696176653,-0.00040064778700718,-0.000615456871281498,3.92269320975379e-05,0.00542054865252051,-1.20585153015649e-05,-0.00164013931590539,-0.000277739346586721,0.0161105662672566
2099.71852828265,-0.000395294457324325,-0.000610309845315931,3.87450322386687e-05,0.00538289122443567,-1.19077113515628e-05,-0.00162875799774439,-0.000273922232138922,0.0159996430722522
2114.2803879089,-0.000390010719462739,-0.000605216282151472,3.82682435243573e-05,0.00534549956442814,-1.17585860429146e-05,-0.00161745674932956,-0.000270157635120545,0.0158894830758687
2128.94323619287,-0.00038479572038427,-0.000600175464433988,3.77965352686043e-05,0.00530837171856491,-1.16111266081989e-05,-0.00160623498674636,-0.000266444831527734,0.0157800810382945
2143.7077735059,-0.0003796486161267,-0.000595186686246681,3.73298761905425e-05,0.00527150574864433,-1.1465320190743e-05,-0.00159509213069995,-0.000262783107373152,0.0156714317554392
2158.57470507649,-0.000374568571744981,-0.000590249252919389,3.68682344479668e-05,0.00523489973204949,-1.13211538524526e-05,-0.0015840276064734,-0.000259171758546596,0.0155635300586969
2173.54474102402,-0.000369554761251692,-0.000585362480840804,3.64115776697993e-05,0.00519855176160302,-1.11786145813751e-05,-0.00157304084388607,-0.000255610090677563,0.015456370814709
2188.61859639264,-0.000364606367556795,-0.000580525697273624,3.59598729875234e-05,0.00516245994542352,-1.10376892990068e-05,-0.00156213127725261,-0.000252097418999753,0.0153499489251301
2203.79699118545,-0.000359722582406715,-0.000575738240172563,3.55130870656064e-05,0.00512662240678336,-1.08983648673498e-05,-0.00155129834534228,-0.000248633068217462,0.0152442593263944
2219.08065039887,-0.000354902606322797,-0.000570999458005219,3.50711861309448e-05,0.00509103728396818,-1.07606280957251e-05,-0.00154054149133871,-0.000245216372373856,0.0151392969894837
2234.47030405729,-0.000350145648539169,-0.000566308709575728,3.46341360013516e-05,0.00505570273013763,-1.06244657473486e-05,-0.00152986016280009,-0.000241846674721089,0.0150350569196968
2249.9666872479,-0.000345450926940066,-0.000561665363851221,3.42019021131152e-05,0.00502061691318782,-1.04898645456767e-05,-0.00151925381161977,-0.000238523327592245,0.0149315341564205
2265.57054015586,-0.000340817667996638,-0.000557068799790996,3.3774449547652e-05,0.00498577801561499,-1.03568111805277e-05,-0.00150872189398721,-0.000235245692275074,0.014828723772902
2281.28260809959,-0.000336245106703292,-0.000552518406178415,3.33517430572788e-05,0.00495118423438085,-1.02252923139843e-05,-0.00149826387034945,-0.0002320131388875,0.0147266208760224
2297.10364156645,-0.000331732486513592,-0.000548013581455461,3.29337470901262e-05,0.00491683378077915,-1.00952945860848e-05,-0.0014878792053728,-0.000228825046254866,0.0146252206060718
2313.0343962485,-0.000327279059275769,-0.00054355373355995,3.25204258142188e-05,0.00488272488030383,-9.96680462030702e-06,-0.00147756736790513,-0.000225680801788916,0.014524518136526
2329.07563307866,-0.000322884085167855,-0.000539138279765329,3.21117431407417e-05,0.00484885577251838,-9.83980902885239e-06,-0.00146732783093838,-0.000222579801368453,0.0144245086738239
2345.22811826701,-0.000318546832632493,-0.00053476664652307,3.17076627465184e-05,0.00481522471092681,-9.71429441773415e-06,-0.00145716007157155,-0.000219521449221689,0.0143251874571475
2361.49262333744,-0.000314266578311441,-0.000530438269307581,3.13081480957186e-05,0.00478182996284578,-9.59024739167629e-06,-0.00144706357097405,-0.000216505157810222,0.0142265497582017
2377.86992516445,-0.00031004260697981,-0.000526152592463646,3.09131624608191e-05,0.00474866980927827,-9.46765455882813e-06,-0.00143703781434941,-0.000213530347714662,0.0141285908809967
2394.36080601029,-0.00030587421148006,-0.000521909069056313,3.05226689428368e-05,0.00471574254478841,-9.34650253529945e-06,-0.00142708229089941,-0.000210596447521835,0.0140313061616316
2410.96605356231,-0.000301760692655794,-0.000517707160723246,3.01366304908549e-05,0.00468304647737784,-9.22677794952197e-06,-0.00141719649378852,-0.000207702893713587,0.0139346909680786
2427.6864609706,-0.00029770135928536,-0.000513546337529469,2.97550099208605e-05,0.00465057992836318,-9.10846744644105e-06,-0.00140737992010873,-0.000204849130557132,0.0138387406999693
2444.52282688584,-0.00029369552801531,-0.000509426077824495,2.93777699339143e-05,0.00461834123225501,-8.9915576915437e-06,-0.00139763207084484,-0.000202034609996941,0.0137434507883821
2461.4759554975,-0.00028974252329372,-0.000505345868101786,2.90048731336695e-05,0.00458632873663794,-8.87603537472638e-06,-0.00138795245083989,-0.000199258791548141,0.013648816695631
2478.54665657221,-0.000285841677303422,-0.000501305202860534,2.86362820432583e-05,0.00455454080205212,-8.76188721400803e-06,-0.00137834056876119,-0.000196521142191409,0.0135548339150554
2495.73574549243,-0.000281992329895153,-0.000497303584469721,2.82719591215657e-05,0.0045229758018759,-8.64909995909268e-06,-0.00136879593706653,-0.000193821136269337,0.0134614979708119
2513.04404329547,-0.000278193828520645,-0.000493340523034415,2.79118667789035e-05,0.00449163212220982,-8.53766039478536e-06,-0.00135931807197085,-0.000191158255384243,0.0133688044176668
2530.47237671259,-0.000274445528165704,-0.000489415536264293,2.75559673921072e-05,0.00446050816176175,-8.42755534426667e-06,-0.00134990649341315,-0.000188531988297417,0.0132767488407899
2548.02157820863,-0.000270746791283255,-0.000485528149344335,2.72042233190659e-05,0.00442960233173334,-8.31877167222906e-06,-0.00134056072502382,-0.000185941830829769,0.0131853268555503
2565.69248602162,-0.000267096987726437,-0.00048167789480769,2.68565969127077e-05,0.0043989130557076,-8.21129628787984e-06,-0.00133128029409232,-0.00018338728576388,0.0130945341073128
2583.48594420295,-0.000263495494681697,-0.000477864312410638,2.65130505344503e-05,0.00436843876953774,-8.10511614781391e-06,-0.0013220647315351,-0.000180867862747403,0.0130043662712356
2601.4028026576,-0.000259941696601971,-0.00047408694900967,2.61735465671366e-05,0.00433817792123715,-8.00021825876111e-06,-0.00131291357186394,-0.000178383078197836,0.01291481905207
2619.4439171848,-0.000256434985139921,-0.000470345358440605,2.58380474274672e-05,0.00430812897087054,-7.896589680211e-06,-0.0013038263531546,-0.000175932455208607,0.0128258881839605
2637.61014951883,-0.000252974759081276,-0.000466639101399759,2.5506515577947e-05,0.00427829039044634,-7.79421752691944e-06,-0.00129480261701573,-0.000173515523456487,0.0127375694302467
2655.90236737027,-0.000249560424278283,-0.000462967745327096,2.51789135383563e-05,0.00424866066381002,-7.6930889713e-06,-0.0012858419085582,-0.000171131819110287,0.0126498585832666
2674.32144446737,-0.000246191393583287,-0.000459330864291363,2.48552038967649e-05,0.00421923828653882,-7.59319124570413e-06,-0.00127694377636468,-0.000168780884740835,0.0125627514641603
2692.86826059784,-0.000242867086782458,-0.000455728038877161,2.45353493200987e-05,0.00419002176583738,-7.49451164459312e-06,-0.00126810777245953,-0.00016646226923221,0.0124762439226762
2711.54370165082,-0.000239586930529688,-0.000452158856073935,2.4219312564274e-05,0.00416100962043457,-7.3970375266056e-06,-0.00125933345227904,-0.000164175527694219,0.0123903318369773
2730.34865965925,-0.000236350358280651,-0.000448622909166836,2.39070564839113e-05,0.00413220038048139,-7.30075631652302e-06,-0.00125062037464193,-0.000161920221376086,0.0123050111134497
2749.28403284242,-0.000233156810227075,-0.000445119797629456,2.35985440416425e-05,0.00410359258744999,-7.20565550713741e-06,-0.00124196810172019,-0.000159695917581364,0.0122202776865115
2768.35072564895,-0.000230005733231207,-0.000441649127018374,2.32937383170212e-05,0.00407518479403366,-7.11172266102308e-06,-0.00123337619901022,-0.000157502189584014,0.0121361275184235
2787.54964879989,-0.00022689658076051,-0.000438210508869513,2.29926025150511e-05,0.00404697556404801,-7.01894541221673e-06,-0.00122484423530422,-0.000155338616545676,0.012052556599101
2806.88171933232,-0.000223828812822588,-0.00043480356059626,2.26950999743406e-05,0.00401896347233305,-6.9273114678074e-06,-0.00121637178266189,-0.000153204783434078,0.0119695609459265
2826.34786064308,-0.000220801895900366,-0.000431427905389345,2.24011941748979e-05,0.00399114710465643,-6.83680860944036e-06,-0.00120795841638251,-0.000151100280942597,0.0118871366035644
2845.94900253294,-0.000217815302887516,-0.000428083172118417,2.21108487455755e-05,0.00396352505761759,-6.74742469473672e-06,-0.00119960371497711,-0.000149024705410931,0.0118052796437754
2865.68608125093,-0.000214868513024179,-0.000424768995235333,2.18240274711757e-05,0.00393609593855304,-6.65914765863219e-06,-0.00119130726014116,-0.000146977658746887,0.0117239861652344
2885.56003953913,-0.000211961011832936,-0.00042148501467909,2.15406942992273e-05,0.00390885836544246,-6.5719655146369e-06,-0.0011830686367273,-0.000144958748349254,0.0116432522933468
2905.57182667768,-0.000209092291055108,-0.000418230875782418,2.12608133464436e-05,0.00388181096681601,-6.48586635601948e-06,-0.00117488743271859,-0.000142967587031757,0.0115630741800688
2925.72239853012,-0.000206261848587331,-0.000415006229179967,2.09843489048708e-05,0.00385495238166238,-6.40083835691727e-06,-0.00116676323920178,-0.000141003792948066,0.0114834480037265
2946.01271758903,-0.000203469188418463,-0.000411810730718089,2.07112654477391e-05,0.003828281259338,-6.31686977337568e-06,-0.00115869565034109,-0.000139066989517854,0.0114043699688378
2966.44375302203,-0.000200713820566797,-0.000408644041366182,2.0441527635021e-05,0.00380179625947702,-6.23394894431833e-06,-0.00115068426335206,-0.000137156805353885,0.0113258363059345
2987.01648071805,-0.000197995261017628,-0.000405505827129573,2.01751003187113e-05,0.00377549605190243,-6.15206429245099e-06,-0.00114272867847581,-0.000135272874190121,0.0112478432713861
3007.73188333398,-0.000195313031661132,-0.000402395758963905,1.99119485478336e-05,0.00374937931653788,-6.07120432510087e-06,-0.00113482849895345,-0.000133414834810824,0.0111703871472244
3028.59095034155,-0.000192666660230619,-0.000399313512691025,1.96520375731844e-05,0.00372344474332064,-5.99135763499393e-06,-0.00112698333100082,-0.000131582330980657,0.0110934642409699
3049.59467807464,-0.000190055680241122,-0.000396258768916319,1.9395332851821e-05,0.00369769103211529,-5.91251290097194e-06,-0.00111919278378346,-0.000129775011375746,0.0110170708854581
3070.74406977686,-0.000187479630928361,-0.000393231212947509,1.91418000513039e-05,0.00367211689262841,-5.83465888865167e-06,-0.00111145646939183,-0.000127992529515713,0.0109412034386683
3092.04013564946,-0.000184938057188068,-0.000390230534714846,1.88914050536991e-05,0.00364672104432408,-5.75778445102762e-06,-0.00110377400281679,-0.000126234543696651,0.0108658582835524
3113.48389289956,-0.000182430509515696,-0.000387256428692711,1.86441139593508e-05,0.00362150221634035,-5.68187852902123e-06,-0.00109614500192528,-0.000124500716925035,0.010791031827866
3135.07636578881,-0.000179956543946501,-0.000384308593822579,1.83998930904283e-05,0.00359645914740646,-5.60693015197707e-06,-0.00108856908743635,-0.000122790716852547,0.0107167205039993
3156.8185856822,-0.000177515721996024,-0.00038138673343734,1.81587089942589e-05,0.00357159058576101,-5.53292843810926e-06,-0.00108104588289727,-0.000121104215711819,0.0106429207688099
3178.71159109747,-0.00017510761060095,-0.000378490555186933,1.79205284464493e-05,0.00354689528907091,-5.45986259489865e-06,-0.00107357501466006,-0.000119440890253059,0.0105696291034569
3200.75642775457,-0.000172731782060384,-0.000375619770965304,1.76853184538071e-05,0.00352237202435119,-5.3877219194435e-06,-0.00106615611185808,-0.00011780042168157,0.0104968420132353
3222.9541486257,-0.00017038781397751,-0.000372774096838622,1.74530462570644e-05,0.00349801956788564,-5.31649579876451e-06,-0.001058788806383,-0.000116182495596128,0.0104245560274123
3245.30581398558,-0.000168075289201682,-0.000369953252974785,1.72236793334146e-05,0.00347383670514823,-5.24617371006652e-06,-0.00105147273286189,-0.00011458680192823,0.010352767699064
3267.81249146208,-0.000165793795770899,-0.000367156963574137,1.69971853988645e-05,0.00344982223072536,-5.17674522095778e-06,-0.0010442075286346,-0.000113013034882172,0.0102814736049136
3290.47525608724,-0.000163542926854723,-0.000364384956801433,1.67735324104117e-05,0.00342597494823893,-5.10819998962911e-06,-0.00103699283373133,-0.000111460892875978,0.0102106703451707
3313.29519034861,-0.000161322280697595,-0.000361636964718977,1.655268856805e-05,0.0034022936702701,-5.04052776499354e-06,-0.00102982829085045,-0.000109930078483131,0.0101403545433713
3336.27338424092,-0.000159131460562585,-0.000358912723220963,1.63346223166119e-05,0.00337877721828395,-4.97371838678879e-06,-0.00102271354533653,-0.000108420298375134,0.0100705228462193
3359.41093531822,-0.000156970074675568,-0.000356211971968958,1.61193023474507e-05,0.0033554244225548,-4.90776178564326e-06,-0.00101564824515855,-0.000106931263264857,0.0100011719234285
3382.70894874623,-0.000154837736169822,-0.000353534454328533,1.59066975999701e-05,0.00333223412209236,-4.84264798310737e-06,-0.00100863204088838,-0.000105462687850675,0.00993229846756645
3406.16853735517,-0.000152734063031062,-0.00035087991730701,1.56967772630053e-05,0.00330920516456855,-4.77836709165129e-06,-0.00100166458567942,-0.000104014290761384,0.00986389919389834
3429.7908216929,-0.000150658678042911,-0.000348248111492319,1.54895107760622e-05,0.00328633640624516,-4.71490931463064e-06,-0.000994745535245514,-0.00010258579450188,0.00979597084023284
3453.57693007845,-0.000148611208732796,-0.000345638790992923,1.52848678304175e-05,0.00326362671190216,-4.65226494622102e-06,-0.000987874547839981,-0.000101176925399599,0.00972851016676832
3477.5279986559,-0.000146591287318295,-0.000343051713378821,1.50828183700873e-05,0.00324107495476671,-4.59042437132296e-06,-0.000981051284234929,-9.97874135516909e-05,0.00966151395594042
3501.64517144866,-0.000144598550653913,-0.000340486639623592,1.48833325926671e-05,0.00321868001644303,-4.52937806543835e-06,-0.000974275407700741,-9.84169927729394e-05,0.00959497901227062
3525.92960041413,-0.000142632640178302,-0.000337943334047462,1.46863809500487e-05,0.00319644078684275,-4.46911659451928e-06,-0.000967546583985734,-9.70654005443949e-05,0.00952890216221556
3550.38244549867,-0.000140693201861928,-0.000335421564261393,1.44919341490178e-05,0.00317435616411616,-4.40963061479083e-06,-0.000960864481296069,-9.57323779627294e-05,0.00946328025401778
3575.00487469309,-0.000138779886155169,-0.000332921101112147,1.4299963151738e-05,0.00315242505458403,-4.35091087254832e-06,-0.000954228770275803,-9.44176696902877e-05,0.00939811015755697
3599.79806408833,-0.000136892347936875,-0.000330441718628349,1.41104391761239e-05,0.00313064637267013,-4.29294820393084e-06,-0.000947639123987171,-9.31210239058391e-05,0.00933338876420267
3624.76319793175,-0.000135030246463354,-0.000327983193967486,1.39233336961083e-05,0.00310901904083443,-4.2357335346711e-06,-0.000941095217891033,-9.18421922560059e-05,0.00926911298666758
3649.9014686836,-0.000133193245317817,-0.000325545307363866,1.37386184418079e-05,0.003087541989507,-4.1792578798236e-06,-0.00093459672982753,-9.05809298073736e-05,0.00920527975886214
3675.21407707406,-0.00013138101236026,-0.000323127842077489,1.355626539959e-05,0.00306621415702246,-4.12351234347114e-06,-0.000928143339996898,-8.93369949992587e-05,0.0091418860357498
3700.7022321605,-0.000129593219677801,-0.000320730584343844,1.33762468120458e-05,0.00304503448955522,-4.06848811841148e-06,-0.000921734730940503,-8.81101495971386e-05,0.00907892879320357
3726.36715138533,-0.00012782954353545,-0.000318353323324576,1.31985351778719e-05,0.0030240019410552,-4.01417648582416e-06,-0.000915370587522016,-8.69001586467225e-05,0.00901640502786319
3752.21006063407,-0.000126089664327339,-0.000315995851059063,1.30231032516665e-05,0.00300311547318432,-3.9605688149192e-06,-0.000909050596908802,-8.57067904286645e-05,0.00895431175699359
3778.23219429398,-0.000124373266528387,-0.000313657962416822,1.28499240436393e-05,0.00298237405525352,-3.90765656256779e-06,-0.000902774448553461,-8.45298164138996e-05,0.00889264601834394
3804.43479531291,-0.000122680038646414,-0.000311339455050794,1.2678970819244e-05,0.00296177666416047,-3.85543127291633e-06,-0.000896541834175564,-8.33690112196061e-05,0.00883140487000805
3830.81911525882,-0.000121009673174702,-0.000309040129351433,1.25102170987314e-05,0.00294132228432779,-3.80388457698433e-06,-0.000890352447743542,-8.22241525657715e-05,0.00877058539028526
3857.3864143794,-0.000119361866544996,-0.000306759788401641,1.23436366566305e-05,0.002921009907642,-3.753008192247e-06,-0.000884205985456768,-8.10950212323679e-05,0.0087101846775427
3884.13796166242,-0.000117736319080946,-0.000304498237932485,1.21792035211569e-05,0.00290083853339293,-3.70279392220322e-06,-0.000878102145727784,-7.99814010171151e-05,0.00865019985007807
3911.07503489621,-0.000116132734952005,-0.000302255286279713,1.2016891973555e-05,0.00288080716821383,-3.65323365592981e-06,-0.000872040629164721,-7.88830786938349e-05,0.00859062804598369
3938.19892073078,-0.000114550822127746,-0.000300030744341047,1.18566765473745e-05,0.002860914826022,-3.60431936762249e-06,-0.000866021138553856,-7.77998439713781e-05,0.00853146642301114
3965.51091473924,-0.000112990292332641,-0.000297824425534235,1.16985320276845e-05,0.00284116052795999,-3.55604311612456e-06,-0.000860043378842362,-7.67314894531253e-05,0.00847271215843711
3993.0123214797,-0.000111450861001262,-0.000295636145755851,1.15424334502286e-05,0.00282154330233738,-3.50839704444352e-06,-0.000854107057121192,-7.56778105970446e-05,0.00841436244892991
4020.70445455755,-0.000109932247233934,-0.000293465723340832,1.13883561005231e-05,0.00280206218457316,-3.46137337925678e-06,-0.000848211882608145,-7.46386056763076e-05,0.00835641451041703
4048.58863668828,-0.000108434173752811,-0.000291312979022734,1.12362755129004e-05,0.00278271621713858,-3.4149644304065e-06,-0.000842357566631068,-7.36136757404468e-05,0.00829886557795346
4076.66619976054,-0.000106956366858394,-0.000289177735894704,1.10861674695012e-05,0.00276350444950062,-3.36916259038479e-06,-0.00083654382261124,-7.26028245770559e-05,0.00824171290559107
4104.93848489989,-0.000105498556386481,-0.000287059819371138,1.09380079992168e-05,0.00274442593806593,-3.32396033380914e-06,-0.000830770366046879,-7.16058586740155e-05,0.00818495376624864
4133.40684253274,-0.00010406047566555,-0.000284959057150035,1.07917733765844e-05,0.00272547974612543,-3.27935021688932e-06,-0.000825036914496838,-7.06225871822476e-05,0.008128585451583
4162.07263245095,-0.000102641861474561,-0.000282875279176009,1.06474401206376e-05,0.00270666494379925,-3.2353248768857e-06,-0.000819343187564407,-6.96528218789815e-05,0.00807260527186081
4190.93722387671,-0.000101242454001205,-0.000280808317603978,1.05049849937139e-05,0.00268798060798236,-3.19187703156003e-06,-0.000813688906881316,-6.86963771315322e-05,0.00801701055583145
4220.00199552799,-9.98619968005571e-05,-0.000278758006763481,1.03643850002218e-05,0.00266942582229063,-3.14899947861862e-06,-0.000808073796091831,-6.77530698615769e-05,0.00796179865060047
4249.26833568435,-9.85002367541688e-05,-0.000276724183123653,1.02256173853691e-05,0.00265099967700741,-3.10668509514901e-06,-0.000802497580837045,-6.68227195099304e-05,0.00790696692150422
4278.73764225332,-9.71569240295741e-05,-0.000274706685258802,1.00886596338548e-05,0.00263270126903064,-3.06492683705003e-06,-0.000796959988739272,-6.59051480018036e-05,0.00785251275198497
4308.41132283705,-9.58318120402189e-05,-0.000272705353814623,9.95348946852608e-06,0.00261452970182043,-3.02371773845624e-06,-0.000791460749386617,-6.50001797125479e-05,0.00779843354346727
4338.2907947997,-9.45246574058032e-05,-0.000270720031474991,9.82008484900222e-06,0.00259648408534712,-2.98305091115656e-06,-0.000785999594317656,-6.41076414338691e-05,0.00774472671523473
4368.37748533501,-9.32352199130439e-05,-0.000268750562929367,9.68842397026804e-06,0.00257856353603986,-2.94291954400828e-06,-0.000780576257006285,-6.32273623405136e-05,0.00769138970430796
4398.67283153455,-9.19632624768434e-05,-0.000266796794840771,9.55848526123703e-06,0.00256076717673567,-2.90331690234604e-06,-0.000775190472846678,-6.23591739574112e-05,0.00763841996532315
4429.17828045629,-9.07085511018755e-05,-0.000264858575814332,9.43024738328779e-06,0.00254309413662896,-2.8642363273869e-06,-0.000769841979138406,-6.1502910127277e-05,0.00758581497041156
4459.89528919383,-8.94708548445721e-05,-0.000262935756366392,9.30368922877339e-06,0.00252554355122147,-2.8256712356313e-06,-0.00076453051507167,-6.06584069786579e-05,0.00753357220907971
4490.82532494586,-8.82499457755216e-05,-0.00026102818889417,9.17878991950705e-06,0.00250811456227278,-2.78761511826076e-06,-0.000759255821712685,-5.98255028944247e-05,0.00748168918809056
4521.96986508636,-8.70455989422636e-05,-0.000259135727645956,9.05552880522404e-06,0.0024908063177512,-2.7500615405322e-06,-0.000754017641989175,-5.90040384806965e-05,0.0074301634313453
4553.33039723509,-8.58575923324904e-05,-0.000257258228691843,8.93388546202272e-06,0.00247361797178512,-2.71300414116971e-06,-0.000748815720676025,-5.81938565361988e-05,0.0073789924797661
4584.90841932869,-8.46857068376394e-05,-0.000255395549894971,8.81383969078469e-06,0.00245654868461484,-2.67643663175364e-06,-0.000743649804381027,-5.73948020220423e-05,0.00732817389117947
4616.7054396922,-8.35297262168862e-05,-0.000253547550883293,8.69537151557684e-06,0.00243959762254482,-2.64035279610766e-06,-0.000738519641530791,-5.66067220319222e-05,0.00727770524020065
4648.72297711114,-8.23894370615253e-05,-0.000251714093021831,8.5784611820353e-06,0.00242276395789635,-2.60474648968394e-06,-0.000733424982356747,-5.58294657627276e-05,0.00722758411811852
4680.96256090399,-8.12646287597442e-05,-0.000249895039385439,8.46308915573367e-06,0.00240604686896072,-2.56961163894678e-06,-0.000728365578881303,-5.50628844855594e-05,0.00717780813278154
4713.42573099534,-8.01550934617802e-05,-0.000248090254732032,8.34923612053588e-06,0.00238944553995273,-2.53494224075493e-06,-0.000723341184904092,-5.4306831517147e-05,0.0071283749084842
4746.11403798933,-7.90606260454657e-05,-0.000246299605476305,8.23688297693552e-06,0.00237295916096466,-2.50073236174297e-06,-0.000718351555988376,-5.35611621916623e-05,0.00707928208585453
4779.02904324382,-7.79810240821496e-05,-0.000244522959663911,8.12601084038224e-06,0.00235658692792071,-2.46697613770192e-06,-0.000713396449447538,-5.28257338329211e-05,0.00703052732174205
4812.17231894485,-7.69160878030023e-05,-0.000242760186946102,8.01660103959696e-06,0.00234032804253175,-2.43366777295934e-06,-0.000708475624331726,-5.21004057269714e-05,0.00698210828910681
4845.54544818188,-7.58656200656915e-05,-0.000241011158554806,7.90863511487611e-06,0.00232418171225057,-2.40080153975924e-06,-0.000703588841414574,-5.1385039095058e-05,0.00693402267690886
4879.1500250233,-7.48294263214336e-05,-0.000239275747278166,7.80209481638678e-06,0.00230814715022748,-2.36837177764195e-06,-0.00069873586318008,-5.0679497066963e-05,0.00688626818999875
4912.98765459257,-7.38073145824145e-05,-0.000237553827436492,7.6969621024533e-06,0.00229222357526633,-2.33637289282419e-06,-0.000693916453809578,-4.99836446547138e-05,0.00683884254900861
4947.05995314498,-7.27990953895751e-05,-0.000235845274858653,7.59321913783607e-06,0.00227641021178094,-2.30479935757956e-06,-0.000689130379168816,-4.92973487266538e-05,0.00679174349024394
4981.36854814472,-7.18045817807639e-05,-0.000234149966858874,7.49084829200412e-06,0.00226070628975187,-2.27364570961973e-06,-0.000684377406795175,-4.86204779818737e-05,0.00674496876557631
5015.91507834275,-7.08235892592474e-05,-0.000232467782213955,7.38983213740163e-06,0.00224511104468362,-2.24290655147639e-06,-0.000679657305884963,-4.79529029249927e-05,0.00669851614233657
5050.70119385496,-6.98559357625817e-05,-0.00023079860114088,7.29015344770989e-06,0.00222962371756222,-2.21257654988425e-06,-0.000674969847280857,-4.72944958412918e-05,0.006652383403209
5085.72855624109,-6.8901441631835e-05,-0.000229142305274831,7.19179519610478e-06,0.00221424355481315,-2.1826504351652e-06,-0.000670314803459418,-4.66451307721874e-05,0.00660656834612593
5120.998838584,-6.79599295811676e-05,-0.000227498777647584,7.09474055351153e-06,0.00219896980825969,-2.15312300061401e-06,-0.000665691948518746,-4.60046834910468e-05,0.00656106878416337
5156.51372556965,-6.70312246677552e-05,-0.000225867902666281,6.99897288685643e-06,0.00218380173508156,-2.12398910188529e-06,-0.000661101058166214,-4.53730314793346e-05,0.00651588254543705
5192.27491356752,-6.61151542620637e-05,-0.000224249566092592,6.90447575731727e-06,0.00216873859777405,-2.09524365638246e-06,-0.000656541909706331,-4.47500539030917e-05,0.00647100747299943
5228.28411071172,-6.52115480184622e-05,-0.00022264365502222,6.81123291857225e-06,0.00215377966410734,-2.06688164264837e-06,-0.000652014282028689,-4.41356315897363e-05,0.00642644142473717
5264.54303698245,-6.43202378461803e-05,-0.000221050057864787,6.71922831504885e-06,0.00213892420708637,-2.03889809975803e-06,-0.000647517955596033,-4.35296470051882e-05,0.00638218227326951
5301.0534242883,-6.34410578805994e-05,-0.000219468664324059,6.62844608017279e-06,0.00212417150491091,-2.01128812671342e-06,-0.000643052712432413,-4.29319842313058e-05,0.00633822790584718
5337.81701654885,-6.25738444548805e-05,-0.000217899365378525,6.53887053461795e-06,0.00210952084093605,-1.98404688184065e-06,-0.000638618336111459,-4.23425289436377e-05,0.00629457622425212
5374.83556977805,-6.17184360719211e-05,-0.000216342053262312,6.45048618455763e-06,0.00209497150363301,-1.95716958218949e-06,-0.000634214611744731,-4.17611683894793e-05,0.00625122514469773
5412.11085216805,-6.08746733766419e-05,-0.00021479662144644,6.3632777199181e-06,0.00208052278655033,-1.9306515029354e-06,-0.000629841325970195,-4.11877913662338e-05,0.00620817259773
5449.64464417369,-6.0042399128597e-05,-0.000213262964620395,6.27723001263447e-06,0.00206617398827532,-1.90448797678427e-06,-0.000625498266940771,-4.06222882000705e-05,0.00616541652812911
5487.43873859751,-5.92214581749084e-05,-0.000211740978674034,6.19232811491004e-06,0.00205192441239597,-1.87867439337988e-06,-0.000621185224313004,-4.00645507248797e-05,0.00612295489481185
5525.49494067543,-5.84116974235164e-05,-0.000210230560679799,6.1085572574789e-06,0.00203777336746304,-1.85320619871422e-06,-0.000616901989235802,-3.95144722615157e-05,0.00608078567073461
5563.81506816292,-5.76129658167503e-05,-0.000208731608875245,6.0259028478731e-06,0.00202372016695261,-1.82807889454081e-06,-0.0006126483543393,-3.89719475973287e-05,0.00603890684279708
5602.40095142188,-5.68251143052073e-05,-0.000207244022645866,5.94435046869394e-06,0.00200976412922886,-1.80328803779098e-06,-0.000608424113723787,-3.84368729659768e-05,0.00599731641174657
5641.254433508,-5.60479958219472e-05,-0.000205767702508231,5.86388587588876e-06,0.00199590457750723,-1.77882923999348e-06,-0.000604229062948758,-3.79091460275194e-05,0.00595601239208305
5680.37737025889,-5.52814652569882e-05,-0.000204302550093402,5.7844949970328e-06,0.00198214083981785,-1.7546981666971e-06,-0.000600062999022023,-3.73886658487822e-05,0.00591499281196472
5719.77163038263,-5.45253794321127e-05,-0.000202848468130644,5.70616392961729e-06,0.00196847224896936,-1.73089053689677e-06,-0.000595925720388942,-3.68753328839957e-05,0.00587425571311434
5759.43909554709,-5.37795970759693e-05,-0.000201405360431417,5.62887893934346e-06,0.00195489814251288,-1.707402122463e-06,-0.000591817026921723,-3.63690489556993e-05,0.00583379915072611
5799.38166046975,-5.30439787994776e-05,-0.00019997313187365,5.55262645842352e-06,0.00194141786270654,-1.68422874757477e-06,-0.000587736719908824,-3.586971723591e-05,0.00579362119337328
5839.60123300829,-5.23183870715243e-05,-0.000198551688386274,5.47739308388828e-06,0.00192803075648003,-1.66136628815596e-06,-0.000583684602044436,-3.53772422275496e-05,0.00575371992291622
5880.09973425162,-5.16026861949552e-05,-0.000197140936934041,5.40316557590248e-06,0.00191473617539968,-1.63881067131542e-06,-0.000579660477418063,-3.48915297461295e-05,0.00571409343441139
5920.87909861173,-5.08967422828535e-05,-0.000195740785502586,5.32993085608736e-06,0.00190153347563369,-1.61655787479058e-06,-0.000575664151504173,-3.44124869016869e-05,0.0056747398360206
5961.94127391598,-5.02004232351083e-05,-0.000194351143083761,5.25767600585159e-06,0.00188842201791777,-1.59460392639494e-06,-0.000571695431151953,-3.39400220809713e-05,0.00563565724892116
6003.28822150028,-4.95135987152625e-05,-0.00019297191966121,5.18638826473004e-06,0.00187540116752091,-1.57294490346918e-06,-0.000567754124575128,-3.34740449298756e-05,0.0055968438072165
6044.92191630263,-4.88361401276463e-05,-0.000191603026196203,5.1160550287315e-06,0.00186247029421166,-1.55157693233619e-06,-0.000563840041341891,-3.30144663361106e-05,0.00555829765784746
6086.84434695757,-4.81679205947838e-05,-0.000190244374613703,5.04666384869474e-06,0.00184962877222446,-1.53049618775989e-06,-0.000559952992364881,-3.25611984121172e-05,0.00552001696050412
6129.05751589107,-4.75088149350793e-05,-0.00018889587778868,4.97820242865403e-06,0.00183687598022646,-1.50969889240801e-06,-0.000556092789891281,-3.21141544782159e-05,0.00548199988753832
6171.56343941625,-4.68586996407714e-05,-0.00018755744953265,4.91065862421358e-06,0.00182421130128444,-1.48918131631877e-06,-0.000552259247492966,-3.16732490459866e-05,0.00544424462387669
6214.36414782964,-4.62174528561611e-05,-0.000186229004580457,4.8440204409317e-06,0.00181163412283215,-1.46893977637162e-06,-0.000548452180056754,-3.12383978018798e-05,0.00540674936693436
6257.46168550822,-4.55849543561016e-05,-0.000184910458577267,4.77827603271455e-06,0.00179914383663782,-1.44897063576187e-06,-0.000544671403774718,-3.08095175910513e-05,0.00536951232652913
6300.85811100697,-4.49610855247568e-05,-0.000183601728065793,4.71341370021987e-06,0.00178673983877204,-1.42927030347956e-06,-0.000540916736134594,-3.03865264014225e-05,0.00533253172479642
6344.55549715731,-4.43457293346164e-05,-0.000182302730473735,4.6494218892707e-06,0.00177442152957579,-1.40983523379216e-06,-0.000537187995910256,-2.9969343347958e-05,0.00529580579610456
6388.55593116599,-4.3738770325773e-05,-0.00018101338410143,4.58628918927953e-06,0.00176218831362881,-1.39066192573164e-06,-0.000533485003152274,-2.95578886571618e-05,0.00525933278697092
6432.86151471492,-4.31400945854516e-05,-0.000179733608109716,4.52400433168266e-06,0.00175003959971825,-1.37174692258545e-06,-0.000529807579178543,-2.91520836517855e-05,0.00522311095597834
6477.47436406142,-4.25495897277944e-05,-0.000178463322508003,4.46255618838538e-06,0.00173797480080752,-1.35308681139178e-06,-0.000526155546564999,-2.87518507357493e-05,0.00518713857369239
6522.39661013943,-4.19671448738933e-05,-0.000177202448142537,4.40193377021772e-06,0.00172599333400544,-1.33467822243893e-06,-0.000522528729136393,-2.83571133792685e-05,0.00515141392257897
6567.63039866118,-4.13926506320723e-05,-0.000175950906684873,4.34212622540118e-06,0.00171409462053561,-1.3165178287689e-06,-0.000518926951957158,-2.79677961041875e-05,0.00511593529692267
6613.17789021977,-4.0825999078412e-05,-0.000174708620620533,4.28312283802631e-06,0.00170227808570606,-1.29860234568512e-06,-0.000515350041322334,-2.75838244695136e-05,0.00508070100274549
6659.0412603923,-4.02670837375183e-05,-0.000173475513237866,4.22491302654167e-06,0.00169054315887915,-1.28092853026448e-06,-0.000511797824748581,-2.72051250571521e-05,0.00504570935772633
6705.22269984387,-3.97157995635285e-05,-0.00017225150861708,4.16748634225365e-06,0.00167888927344169,-1.26349318087347e-06,-0.000508270130965247,-2.68316254578362e-05,0.00501095869112083
6751.7244144321,-3.91720429213563e-05,-0.000171036531619476,4.11083246783799e-06,0.00166731586677535,-1.24629313668868e-06,-0.000504766789905526,-2.64632542572526e-05,0.00497644734368189
6798.54862531261,-3.86357115681686e-05,-0.000169830507876846,4.05494121586241e-06,0.00165582238022725,-1.22932527722139e-06,-0.00050128763269767,-2.60999410223566e-05,0.00494217366758066
6845.69756904508,-3.81067046350953e-05,-0.000168633363781057,3.99980252732089e-06,0.00164440825908082,-1.21258652184655e-06,-0.000497832491656282,-2.57416162878768e-05,0.00490813602632812
6893.17349769999,-3.75849226091687e-05,-0.00016744502647381,3.94540647017962e-06,0.00163307295252695,-1.19607382933587e-06,-0.00049440120027368,-2.53882115430059e-05,0.00487433279469719
6940.97867896634,-3.70702673154866e-05,-0.000166265423836565,3.89174323793429e-06,0.00162181591363526,-1.17978419739524e-06,-0.000490993593211317,-2.50396592182735e-05,0.0048407623586453
6989.11539625983,-3.65626418996027e-05,-0.000165094484480635,3.83880314817945e-06,0.00161063659932572,-1.16371466220636e-06,-0.000487609506291286,-2.46958926726015e-05,0.00480742311523762
7037.58594883204,-3.60619508101355e-05,-0.000163932137737446,3.78657664118935e-06,0.0015995344703404,-1.14786229797264e-06,-0.000484248776487877,-2.43568461805364e-05,0.00477431347257065
7086.39265188015,-3.55680997815981e-05,-0.000162778313648957,3.73505427851084e-06,0.00158850899121556,-1.13222421646929e-06,-0.000480911241919213,-2.40224549196586e-05,0.00474143184969652
7135.53783665763,-3.50809958174428e-05,-0.00016163294295824,3.68422674156783e-06,0.00157755963025381,-1.11679756659767e-06,-0.000477596741838946,-2.3692654958164e-05,0.00470877667654764
7185.02385058548,-3.46005471733214e-05,-0.000160495957100215,3.634084830278e-06,0.00156668585949668,-1.10157953394392e-06,-0.000474305116628021,-2.33673832426177e-05,0.00467634639386199
7234.85305736446,-3.41266633405548e-05,-0.000159367288192532,3.58461946168108e-06,0.00155588715469722,-1.08656734034169e-06,-0.000471036207786501,-2.30465775858758e-05,0.00464413945310878
7285.02783708791,-3.36592550298141e-05,-0.000158246869026617,3.53582166857941e-06,0.00154516299529302,-1.07175824343921e-06,-0.000467789857925463,-2.27301766551735e-05,0.00461215431641483
7335.55058635552,-3.31982341550066e-05,-0.00015713463305885,3.48768259819018e-06,0.00153451286437923,-1.05714953627049e-06,-0.000464565910758954,-2.24181199603777e-05,0.00458038945649121
7386.42371838768,-3.27435138173671e-05,-0.000156030514401896,3.44019351080991e-06,0.00152393624868201,-1.0427385468307e-06,-0.000461364211096011,-2.21103478424009e-05,0.00454884335656058
7437.64966314091,-3.22950082897502e-05,-0.000154934447816175,3.3933457784907e-06,0.001513432638532,-1.02852263765579e-06,-0.000458184604832739,-2.18068014617747e-05,0.00451751451028491
7489.23086742376,-3.18526330011243e-05,-0.000153846368701473,3.34713088372872e-06,0.00150300152783816,-1.01449920540623e-06,-0.000455026938944462,-2.15074227873816e-05,0.00448640142169376
7541.16979501382,-3.14163045212597e-05,-0.000152766213088688,3.30154041816443e-06,0.00149264241406172,-1.00066568045491e-06,-0.000451891061477925,-2.12121545853398e-05,0.00445550260511297
7593.46892677528,-3.09859405456154e-05,-0.00015169391763171,3.25656608129507e-06,0.00148235479819034,-9.87019526479169e-07,-0.000448776821543562,-2.09209404080438e-05,0.00442481658509397
7646.13076077758,-3.05614598804154e-05,-0.000150629419599435,3.21219967919894e-06,0.00147213818471254,-9.73558240056984e-07,-0.00044568406930782,-2.06337245833536e-05,0.00439434189634341
7699.15781241454,-3.01427824279183e-05,-0.000149572656867906,3.16843312327181e-06,0.00146199208159229,-9.6027935026721e-07,-0.000442612655985554,-2.0350452203934e-05,0.00436407708365343
7752.55261452471,-2.97298291718726e-05,-0.000148523567912579,3.12525842897511e-06,0.00145191600024378,-9.47180418293935e-07,-0.000439562433832464,-2.00710691167402e-05,0.00433402070183229
7806.31771751215,-2.93225221631607e-05,-0.000147482091800724,3.08266771459631e-06,0.00144190945550644,-9.34259037034913e-07,-0.000436533256137605,-1.97955219126486e-05,0.00430417131563553
7860.45568946846,-2.89207845056241e-05,-0.00014644816818393,3.04065320002097e-06,0.0014319719656201,-9.21512830714003e-07,-0.00043352497721595,-1.95237579162295e-05,0.00427452749969759
7914.96911629522,-2.85245403420729e-05,-0.000145421737290751,2.99920720551688e-06,0.00142210305220041,-9.08939454497699e-07,-0.000430537452401009,-1.92557251756616e-05,0.00424508783846391
7969.86060182773,-2.81337148404728e-05,-0.000144402739919454,2.95832215052992e-06,0.00141230224021439,-8.96536594115601e-07,-0.000427570538037507,-1.89913724527846e-05,0.00421585092612348
8025.13276795918,-2.77482341803111e-05,-0.000143391117430888,2.91799055249188e-06,0.00140256905795622,-8.84301965484934e-07,-0.000424624091474123,-1.87306492132889e-05,0.00418681536654182
8080.78825476607,-2.73680255391365e-05,-0.00014238681174147,2.87820502563996e-06,0.00139290303702321,-8.72233314338979e-07,-0.000421697971056273,-1.84735056170408e-05,0.00415797977319451
8136.82972063413,-2.6993017079274e-05,-0.00014138976531628,2.8389582798481e-06,0.00138330371229191,-8.60328415859491e-07,-0.000418792036118962,-1.821989250854e-05,0.0041293427691011
8193.25984238548,-2.66231379347089e-05,-0.000140399921162262,2.80024311947e-06,0.00137377062189449,-8.48585074312997e-07,-0.000415906146979682,-1.79697614075093e-05,0.00410090298675944
8250.08131540631,-2.62583181981421e-05,-0.00013941722282154,2.7620524421938e-06,0.00136430330719522,-8.37001122691028e-07,-0.000413040164931372,-1.77230644996132e-05,0.00407265906808062
8307.29685377578,-2.58984889082101e-05,-0.000138441614364833,2.72437923790839e-06,0.00135490131276722,-8.2557442235419e-07,-0.00041019395223542,-1.74797546273045e-05,0.00404460966432412
8364.90919039556,-2.5543582036873e-05,-0.000137473040384977,2.68721658758136e-06,0.0013455641863693,-8.14302862680111e-07,-0.000407367372114739,-1.72397852807971e-05,0.00401675343603367
8422.92107712043,-2.51935304769623e-05,-0.000136511445990549,2.65055766214829e-06,0.00133629147892306,-8.03184360715177e-07,-0.000404560288746868,-1.70031105891622e-05,0.00398908905297328
8481.33528488963,-2.48482680298928e-05,-0.00013555677679959,2.61439572141376e-06,0.00132708274449009,-7.92216860830111e-07,-0.000401772567257159,-1.67696853115484e-05,0.00396161519406394
8540.15460385936,-2.45077293935317e-05,-0.000134608978933424,2.57872411296353e-06,0.00131793754024944,-7.8139833437927e-07,-0.00039900407371198,-1.65394648285208e-05,0.00393433054732058
8599.38184353586,-2.41718501502263e-05,-0.000133667999010581,2.54353627108828e-06,0.00130885542647517,-7.70726779363746e-07,-0.000396254675112004,-1.63124051335215e-05,0.00390723380978961
8659.01983290984,-2.38405667549855e-05,-0.000132733784140803,2.50882571571847e-06,0.00129983596651414,-7.6020022009812e-07,-0.000393524239385524,-1.60884628244453e-05,0.00388032368748674
8719.07142059136,-2.35138165238167e-05,-0.000131806281919158,2.47458605137061e-06,0.00129087872676396,-7.49816706880988e-07,-0.000390812635381835,-1.58675950953331e-05,0.00385359889533536
8779.53947494611,-2.31915376222125e-05,-0.000130885440420226,2.4408109661045e-06,0.00128198327665104,-7.39574315669068e-07,-0.000388119732864651,-1.56497597281785e-05,0.00382705815710523
8840.42688423224,-2.28736690537885e-05,-0.000129971208192398,2.40749423049179e-06,0.00127314918860895,-7.29471147755022e-07,-0.000385445402505592,-1.54349150848479e-05,0.00380070020535172
8901.73655673848,-2.25601506490679e-05,-0.000129063534252238,2.37462969659539e-06,0.00126437603805679,-7.19505329448825e-07,-0.000382789515877698,-1.52230200991109e-05,0.00377452378135528
8963.47142092288,-2.22509230544131e-05,-0.000128162368078954,2.34221129696002e-06,0.00125566340337785,-7.09675011762776e-07,-0.000380151945449013,-1.50140342687816e-05,0.00374852763506155
9025.63442555289,-2.19459277211009e-05,-0.000127267659608939,2.31023304361349e-06,0.00124701086589836,-6.99978370100008e-07,-0.0003775325645762,-1.48079176479664e-05,0.00372271052502167
9088.228539846,-2.16451068945408e-05,-0.000126379359230403,2.27868902707902e-06,0.00123841800986643,-6.9041360394658e-07,-0.000374931247498217,-1.460463083942e-05,0.00369707121833317
9151.25675361174,-2.13484036036336e-05,-0.00012549741777808,2.24757341539809e-06,0.00122988442243114,-6.80978936567014e-07,-0.000372347869330035,-1.44041349870051e-05,0.00367160849058113
9214.72207739435,-2.10557616502696e-05,-0.000124621786528026,2.21688045316423e-06,0.00122140969362181,-6.71672614703359e-07,-0.000369782306056404,-1.42063917682577e-05,0.00364632112577984
9278.6275426167,-2.0767125598963e-05,-0.000123752417192484,2.18660446056719e-06,0.00121299341632741,-6.6249290827764e-07,-0.000367234434525665,-1.40113633870523e-05,0.00362120791631482
9342.97620172496,-2.04824407666237e-05,-0.000122889261914837,2.15673983244784e-06,0.00120463518627613,-6.53438110097779e-07,-0.000364704132443613,-1.38190125663702e-05,0.00359626766288522
9407.77112833456,-2.02016532124609e-05,-0.000122032273264629,2.12728103736341e-06,0.0011963346020151,-6.44506535566839e-07,-0.0003621912783674,-1.3629302541166e-05,0.00357149917444667
9473.0154173768,-1.9924709728021e-05,-0.000121181404232667,2.09822261666322e-06,0.0011880912648903,-6.3569652239569e-07,-0.000359695751699487,-1.34421970513323e-05,0.00354690126815445
9538.71218524687,-1.96515578273546e-05,-0.000120336608226192,2.06955918357463e-06,0.00117990477902655,-6.2700643031894e-07,-0.000357217432681646,-1.32576603347618e-05,0.00352247276930713
9604.86456995261,-1.93821457373133e-05,-0.000119497839064127,2.04128542229931e-06,0.00117177475130774,-6.18434640814206e-07,-0.000354756202388993,-1.30756571205041e-05,0.00349821251129051
9671.47573126437,-1.91164223879738e-05,-0.00011866505097239,2.01339608711965e-06,0.00116370079135714,-6.09979556824647e-07,-0.000352311942724086,-1.28961526220174e-05,0.00347411933552204
9738.54885086602,-1.88543374031872e-05,-0.000117838198579283,1.98588600151519e-06,0.00115568251151788,-6.0163960248471e-07,-0.000349884536411046,-1.27191125305119e-05,0.00345019209139551
9806.08713250685,-1.85958410912536e-05,-0.000117017236910945,1.95875005728914e-06,0.00114771952683362,-5.93413222849135e-07,-0.00034747386698974,-1.2544503008386e-05,0.00342642963622626
9874.09380215466,-1.83408844357182e-05,-0.000116202121386871,1.93198321370476e-06,0.00113981145502926,-5.85298883625084e-07,-0.000345079818809994,-1.2372290682752e-05,0.00340283083519661
9942.57210814976,-1.80894190862896e-05,-0.000115392807815506,1.90558049663162e-06,0.00113195791649196,-5.77295070907483e-07,-0.000342702277025856,-1.22024426390509e-05,0.00337939456130178
10011.5253213603,-1.78413973498766e-05,-0.000114589252389892,1.87953699770156e-06,0.0011241585342521,-5.69400290917428e-07,-0.000340341127589901,-1.20349264147552e-05,0.00335611969529613
10080.9567353381,-1.75967721817443e-05,-0.000113791411683387,1.85384787347443e-06,0.00111641293396457,-5.61613069743741e-07,-0.000337996257247581,-1.18697099931581e-05,0.0033330051256398
10150.8696664767,-1.73554971767855e-05,-0.000112999242645443,1.82850834461331e-06,0.00110872074389009,-5.53931953087549e-07,-0.000335667553531603,-1.17067617972486e-05,0.00331004974844568
10221.267454169,-1.71175265609087e-05,-0.000112212702597447,1.80351369506938e-06,0.00110108159487671,-5.46355506009923e-07,-0.000333354904756374,-1.15460506836702e-05,0.00328725246742675
10292.1534609671,-1.68828151825383e-05,-0.000111431749228623,1.77885927127605e-06,0.00109349512034141,-5.38882312682506e-07,-0.000331058200012462,-1.13875459367625e-05,0.00326461219384383
10363.5310727429,-1.66513185042283e-05,-0.000110656340591992,1.75454048135265e-06,0.00108596095625192,-5.31510976141151e-07,-0.000328777329161113,-1.1231217262686e-05,0.00324212784645363
10435.4036988501,-1.64229925943859e-05,-0.000109886435100389,1.73055279431722e-06,0.00107847874110858,-5.24240118042464e-07,-0.000326512182828803,-1.10770347836263e-05,0.00321979835145714
10507.7747722864,-1.61977941191053e-05,-0.000109121991522541,1.70689173930856e-06,0.00107104811592641,-5.17068378423309e-07,-0.000324262652401835,-1.09249690320787e-05,0.00319762264244851
10580.647749858,-1.59756803341086e-05,-0.000108362968979202,1.68355290481737e-06,0.00106366872421724,-5.09994415463178e-07,-0.000322028630020968,-1.07749909452109e-05,0.00317559966036406
10654.0261123446,-1.57566090767946e-05,-0.000107609326939336,1.66053193792649e-06,0.00105634021197208,-5.03016905249441e-07,-0.000319810008576094,-1.0627071859304e-05,0.00315372835343189
10727.9133646656,-1.55405387583916e-05,-0.000106861025216363,1.6378245435599e-06,0.0010490622276435,-4.96134541545414e-07,-0.00031760668170095,-1.04811835042691e-05,0.00313200767712159
10802.3130360475,-1.53274283562152e-05,-0.000106118023964453,1.61542648374079e-06,0.00104183442212823,-4.89346035561256e-07,-0.000315418543767871,-1.03372979982399e-05,0.00311043659409453
10877.2286801926,-1.51172374060277e-05,-0.000105380283674875,1.59333357685825e-06,0.00103465644874986,-4.82650115727622e-07,-0.000313245489882573,-1.01953878422389e-05,0.00308901407415425
10952.6638754485,-1.49099259945006e-05,-0.000104647765172399,1.57154169694273e-06,0.00102752796324166,-4.76045527472081e-07,-0.000311087415878995,-1.0055425914918e-05,0.00306773909419745
11028.6222249794,-1.47054547517743e-05,-0.000103920429611745,1.55004677295008e-06,0.00102044862372952,-4.69531032998243e-07,-0.000308944218314154,-9.91738546737064e-06,0.00304661063816508
11105.1073569377,-1.450378484412e-05,-0.000103198238474082,1.52884478805417e-06,0.00101341809071506,-4.63105411067599e-07,-0.000306815794463056,-9.78124011801505e-06,0.00302562769699392
11182.1229246378,-1.43048779666957e-05,-0.000102481153563582,1.50793177894786e-06,0.00100643602705883,-4.56767456784002e-07,-0.000304702042313637,-9.64696384754863e-06,0.00300478926856842
11259.6726067303,-1.41086963364013e-05,-0.000101769137004016,1.48730383515245e-06,0.000999502097963632,-4.50515981380814e-07,-0.00030260286056174,-9.51453099397124e-06,0.00298409435767292
11337.7601073777,-1.39152026848265e-05,-0.000101062151235396,1.4669570983353e-06,0.000992615970957971,-4.44349812010634e-07,-0.000300518148606133,-9.38391624767674e-06,0.00296354197594413
11416.3891564316,-1.37243602512942e-05,-0.000100360159010673,1.44688776163578e-06,0.000985777315879654,-4.38267791537638e-07,-0.000298447806543561,-9.25509464661246e-06,0.00294313114182402
11495.5635096105,-1.35361327759951e-05,-9.96631233924711e-05,1.42709206899923e-06,0.000978985804859466,-4.32268778332453e-07,-0.000296391735163835,-9.1280415715047e-06,0.00292286088051295
11575.2869486794,-1.33504844932145e-05,-9.89710077498704e-05,1.407566314519e-06,0.000972241112305007,-4.26351646069578e-07,-0.000294349835944959,-9.00273274115043e-06,0.00290273022392322
11655.5632816306,-1.31673801246492e-05,-9.82837757552339e-05,1.3883068417865e-06,0.000965542914884614,-4.20515283527287e-07,-0.000292322011048282,-8.87914420777305e-06,0.0028827382106328
11736.3963428651,-1.29867848728133e-05,-9.76013913810785e-05,1.36931004324901e-06,0.000958890891511435,-4.14758594390031e-07,-0.000290308163313705,-8.75725235244264e-06,0.00286288388583954
11817.7899933763,-1.28086644145316e-05,-9.6923818896987e-05,1.35057235957545e-06,0.000952284723327584,-4.09080497053264e-07,-0.000288308196254905,-8.63703388055861e-06,0.00284316630131556
11899.7481209338,-1.26329848945206e-05,-9.62510228665645e-05,1.33209027902973e-06,0.00094572409368845,-4.03479924430714e-07,-0.000286322014054602,-8.5184658173949e-06,0.00282358451536203
11982.2746402699,-1.24597129190544e-05,-9.55829681444331e-05,1.31386033685181e-06,0.000939208688147089,-3.97955823764027e-07,-0.000284349521559857,-8.40152550370595e-06,0.00280413759276424
12065.3734932659,-1.22888155497153e-05,-9.49196198732706e-05,1.29587911464631e-06,0.000932738194438755,-3.92507156434811e-07,-0.000282390624277412,-8.28619059139361e-06,0.00278482460474698
12149.0486491407,-1.21202602972278e-05,-9.42609434808854e-05,1.27814323977861e-06,0.000926312302465521,-3.87132897778985e-07,-0.000280445228369052,-8.17243903923294e-06,0.00276564462893019
12233.3041046402,-1.19540151153753e-05,-9.36069046773348e-05,1.26064938477835e-06,0.000919930704281045,-3.81832036903485e-07,-0.000278513240647013,-8.06024910865748e-06,0.002746596749285
12318.1438842285,-1.17900483949978e-05,-9.29574694520775e-05,1.24339426675026e-06,0.000913593094075405,-3.7660357650523e-07,-0.00027659456856941,-7.94959935960174e-06,0.00272768005608998
12403.5720402798,-1.16283289580696e-05,-9.23126040711681e-05,1.2263746467922e-06,0.000907299168160094,-3.71446532692382e-07,-0.000274689120235714,-7.84046864640149e-06,0.00270889364588776
12489.5926532723,-1.14688260518567e-05,-9.16722750744855e-05,1.20958732942049e-06,0.000901048624953073,-3.66359934807826e-07,-0.000272796804382245,-7.73283611374976e-06,0.00269023662144187
12576.2098319827,-1.13115093431521e-05,-9.10364492730012e-05,1.19302916200217e-06,0.000894841164963984,-3.61342825254881e-07,-0.000270917530377715,-7.62668119270905e-06,0.00267170809169402
12663.427713683,-1.11563489125879e-05,-9.04050937460802e-05,1.17669703419445e-06,0.000888676490779426,-3.56394259325197e-07,-0.000269051208218787,-7.52198359677769e-06,0.00265330717172144
12751.2504643373,-1.10033152490246e-05,-8.97781758388209e-05,1.16058787739099e-06,0.000882554307048375,-3.51513305028824e-07,-0.000267197748525679,-7.41872331801092e-06,0.00263503298269482
12839.6822788018,-1.08523792440138e-05,-8.91556631594269e-05,1.14469866417507e-06,0.000876474320467682,-3.46699042926411e-07,-0.000265357062537787,-7.31688062319466e-06,0.0026168846518362
12928.7273810244,-1.07035121863371e-05,-8.85375235766155e-05,1.12902640777963e-06,0.0008704362397677,-3.41950565963547e-07,-0.00026352906210936,-7.21643605007237e-06,0.00259886131237746
13018.3900242466,-1.05566857566164e-05,-8.79237252170577e-05,1.11356816155394e-06,0.000864439775697991,-3.3726697930717e-07,-0.000261713659705179,-7.11737040362337e-06,0.00258096210351889
13108.6744912069,-1.04118720219978e-05,-8.73142364628542e-05,1.09832101843696e-06,0.000858484641013169,-3.32647400184069e-07,-0.000259910768396291,-7.01966475239263e-06,0.0025631861703881
13199.5850943454,-1.02690434309056e-05,-8.67090259490404e-05,1.08328211043728e-06,0.000852570550458809,-3.28090957721415e-07,-0.000258120301855763,-6.92330042487066e-06,0.00254553266399927
13291.1261760091,-1.01281728078679e-05,-8.61080625611279e-05,1.06844860811958e-06,0.00084669722075749,-3.23596792789333e-07,-0.000256342174354465,-6.82825900592353e-06,0.0025280007412126
13383.3021086605,-9.98923334841054e-06,-8.55113154326731e-05,1.05381772009743e-06,0.000840864370594921,-3.19164057845457e-07,-0.000254576300756889,-6.73452233327152e-06,0.00251058956469406
13476.1172950852,-9.85219861402013e-06,-8.49187539428803e-05,1.03938669253261e-06,0.000835071720606171,-3.14791916781474e-07,-0.000252822596516995,-6.6420724940165e-06,0.00249329830287548
13569.576168603,-9.71704252717484e-06,-8.43303477142342e-05,1.02515280864055e-06,0.000829318993362011,-3.10479544771621e-07,-0.000251080977674088,-6.55089182121697e-06,0.00247612612991482
13663.6831932795,-9.58373936644134e-06,-8.37460666101614e-05,1.01111338820211e-06,0.000823605913355331,-3.06226128123105e-07,-0.000249351360848725,-6.46096289050987e-06,0.00245907222565677
13758.4428641392,-9.45226376163833e-06,-8.31658807327238e-05,9.9726578708145e-07,0.000817932206987683,-3.02030864128444e-07,-0.00024763366323865,-6.37226851677928e-06,0.0024421357755936
13853.8597073802,-9.32259068906442e-06,-8.25897604203387e-05,9.83607396749984e-07,0.000812297602555895,-2.97892960919684e-07,-0.000245927802614755,-6.28479175087046e-06,0.00242531597082631
13949.9382805904,-9.19469546679068e-06,-8.20176762455295e-05,9.70135643816374e-07,0.000806701830238807,-2.9381163732449e-07,-0.000244233697317083,-6.19851587634936e-06,0.00240861200802598
14046.6831729655,-9.06855375001605e-06,-8.1449599012703e-05,9.56847989562425e-07,0.000801144622084079,-2.89786122724071e-07,-0.000242551266250843,-6.11342440630635e-06,0.00239202308939547
14144.0990055278,-8.94414152648572e-06,-8.08854997559562e-05,9.43741929484896e-07,0.000795625711995117,-2.85815656912936e-07,-0.000240880428882464,-6.02950108020426e-06,0.00237554842263135
14242.190431347,-8.82143511197048e-06,-8.0325349736908e-05,9.30814992843069e-07,0.00079014483571807,-2.81899489960435e-07,-0.000239221105235676,-5.94672986076927e-06,0.00235918722088601
14340.9621357626,-8.70041114580776e-06,-7.97691204425607e-05,9.18064742212124e-07,0.000784701730828948,-2.78036882074098e-07,-0.000237573215887615,-5.86509493092495e-06,0.00234293870273021
14440.4188366077,-8.58104658650178e-06,-7.9216783583185e-05,9.05488773042113e-07,0.000779296136720801,-2.74227103464713e-07,-0.000235936681964962,-5.78458069076803e-06,0.00232680209211569
14540.5652844341,-8.46331870738383e-06,-7.86683110902333e-05,8.93084713222609e-07,0.000773927794591023,-2.70469434213151e-07,-0.000234311425140103,-5.70517175458613e-06,0.0023107766183382
14641.4062627396,-8.34720509233019e-06,-7.81236751142772e-05,8.80850222652857e-07,0.000768596447428721,-2.667631641389e-07,-0.000232697367627321,-5.62685294791601e-06,0.00229486151600065
14742.946588196,-8.2326836315385e-06,-7.75828480229711e-05,8.68782992817429e-07,0.000763301840002193,-2.63107592670304e-07,-0.000231094432179018,-5.54960930464269e-06,0.00227905602497664
14845.1911108798,-8.11973251736033e-06,-7.70458023990394e-05,8.56880746367272e-07,0.00075804371884648,-2.59502028716463e-07,-0.000229502542081954,-5.47342606413802e-06,0.00226335939037413
14948.1447145032,-8.00833024019062e-06,-7.651251103829e-05,8.45141236706142e-07,0.000752821832251029,-2.55945790540802e-07,-0.000227921621153523,-5.39828866843895e-06,0.00224777086249943
15051.8123166476,-7.89845558441188e-06,-7.59829469476493e-05,8.33562247582276e-07,0.00074763593024742,-2.52438205636259e-07,-0.00022635159373805,-5.32418275946413e-06,0.0022322896968214
15156.1988689989,-7.7900876243937e-06,-7.5457083343224e-05,8.22141592685366e-07,0.000742485764597201,-2.48978610602109e-07,-0.000224792384703119,-5.25109417626921e-06,0.00221691515393594
15261.3093575835,-7.6832057205457e-06,-7.49348936483823e-05,8.10877115248619e-07,0.000737371088779796,-2.45566351022359e-07,-0.000223243919435918,-5.17900895233942e-06,0.00220164649953066
15367.1488030065,-7.5777895154242e-06,-7.44163514918625e-05,7.99766687655985e-07,0.000732291657980518,-2.42200781345743e-07,-0.000221706123839625,-5.10791331291974e-06,0.00218648300434985
15473.7222606918,-7.473818929891e-06,-7.39014307058995e-05,7.88808211054388e-07,0.000727247229078638,-2.38881264767255e-07,-0.000220178924329805,-5.03779367238137e-06,0.00217142394415967
15581.0348211234,-7.37127415932446e-06,-7.33901053243779e-05,7.7799961497098e-07,0.000722237560635578,-2.35607173111234e-07,-0.000218662247830842,-4.96863663162471e-06,0.00215646859971357
15689.0916100885,-7.27013566988126e-06,-7.2882349581003e-05,7.6733885693528e-07,0.00071726241288315,-2.32377886715959e-07,-0.00021715602177239,-4.90042897551774e-06,0.00214161625671795
15797.8977889225,-7.17038419480917e-06,-7.23781379074969e-05,7.56823922106224e-07,0.000712321547711914,-2.29192794319751e-07,-0.000215660174085858,-4.83315767036984e-06,0.0021268662057981
15907.4585547554,-7.07200073080915e-06,-7.18774449318128e-05,7.46452822903974e-07,0.000707414728659589,-2.26051292948556e-07,-0.000214174633200908,-4.76680986144007e-06,0.00211221774246428
16017.7791407599,-6.97496653444698e-06,-7.13802454763726e-05,7.36223598646534e-07,0.00070254172089957,-2.22952787804991e-07,-0.000212699328041993,-4.70137287047992e-06,0.00209767016707815
16128.8648164017,-6.87926311861307e-06,-7.08865145563229e-05,7.26134315191007e-07,0.000697702291229514,-2.19896692158837e-07,-0.000211234188024902,-4.63683419330957e-06,0.00208322278481932
16240.720887691,-6.7848722490305e-06,-7.03962273778134e-05,7.16183064579545e-07,0.000692896208060014,-2.16882427238965e-07,-0.000209779143053347,-4.57318149742769e-06,0.00206887490565222
16353.352697436,-6.69177594080979e-06,-6.9909359336293e-05,7.06367964689813e-07,0.000688123241403345,-2.13909422126664e-07,-0.000208334123515559,-4.51040261965383e-06,0.00205462584429312
16466.765625498,-6.59995645505084e-06,-6.9425886014828e-05,6.96687158890061e-07,0.000683383162862307,-2.10977113650373e-07,-0.000206899060280921,-4.44848556380344e-06,0.00204047492017747
16580.9650890484,-6.50939629549024e-06,-6.8945783182437e-05,6.87138815698591e-07,0.000678675745619126,-2.08084946281783e-07,-0.000205473884696616,-4.3874184983946e-06,0.00202642145742735
16695.9565428276,-6.42007820519446e-06,-6.84690267924472e-05,6.77721128447701e-07,0.000674000764424458,-2.05232372033301e-07,-0.000204058528584304,-4.32718975438642e-06,0.00201246478481927
16811.7454794054,-6.33198516329737e-06,-6.79955929808678e-05,6.68432314951947e-07,0.000669357995586445,-2.02418850356855e-07,-0.000202652924236818,-4.26778782294842e-06,0.00199860423575205
16928.3374294433,-6.24510038178229e-06,-6.75254580647832e-05,6.59270617180765e-07,0.000664747216959875,-1.99643848044028e-07,-0.00020125700441489,-4.20920135326057e-06,0.00198483914821507
17045.737961959,-6.15940730230723e-06,-6.70585985407628e-05,6.50234300935292e-07,0.000660168207935399,-1.96906839127497e-07,-0.000199870702343889,-4.15141915034353e-06,0.00197116886475662
17163.9526845917,-6.07488959307349e-06,-6.65949910832909e-05,6.4132165552946e-07,0.000655620749428838,-1.9420730478377e-07,-0.0001984939517106,-4.09443017291879e-06,0.00195759273245254
17282.9872438709,-5.99153114573629e-06,-6.61346125432115e-05,6.32530993475175e-07,0.000651104623870556,-1.91544733237196e-07,-0.000197126686660005,-4.03822353129801e-06,0.00194411010287501
17402.8473254854,-5.90931607235766e-06,-6.56774399461939e-05,6.23860650171673e-07,0.000646619615194921,-1.88918619665242e-07,-0.000195768841792104,-3.98278848530157e-06,0.00193072033206165
17523.5386545551,-5.82822870240015e-06,-6.52234504912117e-05,6.15308983598855e-07,0.000642165508829823,-1.86328466105004e-07,-0.000194420352158746,-3.92811444220553e-06,0.00191742278048473
17645.0669959044,-5.74825357976176e-06,-6.47726215490424e-05,6.06874374014695e-07,0.000637742091686289,-1.83773781360963e-07,-0.000193081153260494,-3.87419095471693e-06,0.00190421681302065
17767.4381543379,-5.66937545985058e-06,-6.43249306607803e-05,5.98555223656546e-07,0.000633349152148147,-1.81254080913941e-07,-0.0001917511810435,-3.82100771897679e-06,0.00189110179891964
17890.6579749169,-5.59157930669955e-06,-6.38803555363688e-05,5.90349956446391e-07,0.00062898648006179,-1.78768886831269e-07,-0.000190430371896413,-3.76855457259061e-06,0.00187807711177563
18014.7323432395,-5.51485029011987e-06,-6.3438874053146e-05,5.82257017699926e-07,0.000624653866725985,-1.76317727678125e-07,-0.000189118662647302,-3.71682149268586e-06,0.0018651421294963
18139.667185721,-5.43917378289347e-06,-6.30004642544091e-05,5.74274873839469e-07,0.000620351104881779,-1.73900138430056e-07,-0.000187815990560603,-3.66579859399627e-06,0.00185229623427349
18265.4684698776,-5.36453535800312e-06,-6.2565104347992e-05,5.66402012110612e-07,0.000616077988702461,-1.71515660386639e-07,-0.000186522293334086,-3.61547612697222e-06,0.00183953881255359
18392.1422046107,-5.2909207859005e-06,-6.21327727048604e-05,5.5863694030262e-07,0.0006118343137836,-1.69163841086297e-07,-0.000185237509095849,-3.56584447591735e-06,0.0018268692550083
18519.6944404947,-5.218316031811e-06,-6.17034478577198e-05,5.50978186472454e-07,0.000607619877133151,-1.66844234222229e-07,-0.000183961576401323,-3.5168941571505e-06,0.00181428695650555
18648.1312700654,-5.14670725307541e-06,-6.1277108499642e-05,5.43424298672466e-07,0.000603434477161643,-1.64556399559455e-07,-0.000182694434230312,-3.46861581719312e-06,0.00180179131608058
18777.4588281112,-5.07608079652739e-06,-6.08537334827027e-05,5.3597384468163e-07,0.000599277913672417,-1.62299902852961e-07,-0.000181436021984037,-3.42100023098141e-06,0.00178938173690725
18907.6832919665,-5.00642319590668e-06,-6.04333018166357e-05,5.28625411740331e-07,0.000595149987851945,-1.60074315766919e-07,-0.000180186279482217,-3.37403830010309e-06,0.00177705762626957
19038.810881806,-4.93772116930753e-06,-6.00157926675022e-05,5.21377606288641e-07,0.000591050502260223,-1.57879215794986e-07,-0.000178945146960161,-3.32772105105844e-06,0.00176481839553337
19170.8478609426,-4.86996161666153e-06,-5.96011853563719e-05,5.14229053708026e-07,0.000586979260821215,-1.55714186181653e-07,-0.000177712565065884,-3.28203963354504e-06,0.00175266346011822
19303.8005361258,-4.80313161725484e-06,-5.91894593580209e-05,5.07178398066473e-07,0.000582936068813382,-1.53578815844636e-07,-0.000176488474857241,-3.2369853187663e-06,0.00174059223946951
19437.6752578439,-4.73721842727898e-06,-5.87805942996405e-05,5.00224301866959e-07,0.000578920732860264,-1.51472699298299e-07,-0.000175272817799081,-3.19254949776304e-06,0.00172860415703071
19572.4784206263,-4.67220947741505e-06,-5.83745699595626e-05,4.93365445799256e-07,0.000574933060921142,-1.4939543657809e-07,-0.000174065535760428,-3.14872367976809e-06,0.00171669864021589
19708.2164633496,-4.60809237045059e-06,-5.79713662659958e-05,4.86600528494986e-07,0.000570972862281751,-1.47346633165982e-07,-0.00017286657101167,-3.1054994905834e-06,0.00170487512038233
19844.8958695448,-4.544854878929e-06,-5.75709632957771e-05,4.7992826628594e-07,0.000567039947545073,-1.45325899916904e-07,-0.000171675866221782,-3.06286867097957e-06,0.00169313303280342
19982.5231677076,-4.48248494283072e-06,-5.71733412731342e-05,4.73347392965552e-07,0.000563134128622183,-1.43332852986144e-07,-0.00017049336445555,-3.02082307511717e-06,0.00168147181664163
20121.1049316092,-4.42097066728615e-06,-5.67784805684634e-05,4.66856659553576e-07,0.00055925521872317,-1.41367113757728e-07,-0.000169319009170837,-2.97935466898995e-06,0.0016698909149218
20260.6477806113,-4.36030032031939e-06,-5.63863616971174e-05,4.60454834063816e-07,0.000555403032348112,-1.39428308773739e-07,-0.000168152744215848,-2.93845552888924e-06,0.0016583897745045
20401.1583799816,-4.30046233062293e-06,-5.59969653182084e-05,4.54140701274982e-07,0.000551577385278125,-1.37516069664586e-07,-0.000166994513826427,-2.89811783988962e-06,0.00164696784605966
20542.6434412127,-4.24144528536234e-06,-5.56102722334207e-05,4.47913062504538e-07,0.000547778094566465,-1.35630033080193e-07,-0.000165844262623366,-2.85833389435521e-06,0.00163562458404028
20685.1097223421,-4.18323792801106e-06,-5.52262633858382e-05,4.41770735385584e-07,0.000544004978529701,-1.33769840622112e-07,-0.00016470193560974,-2.8190960904666e-06,0.00162435944665645
20828.5640282755,-4.12582915621439e-06,-5.48449198587813e-05,4.35712553646655e-07,0.000540257856738943,-1.31935138776534e-07,-0.00016356747816825,-2.78039693076796e-06,0.00161317189584943
20973.0132111114,-4.06920801968278e-06,-5.44662228746585e-05,4.29737366894475e-07,0.000536536550011144,-1.30125578848197e-07,-0.000162440836058599,-2.74222902073413e-06,0.00160206139726599
21118.464170469,-4.01336371811357e-06,-5.40901537938266e-05,4.23844040399563e-07,0.00053284088040044,-1.2834081689517e-07,-0.000161321955414871,-2.7045850673573e-06,0.00159102742023285
21264.923853817,-3.95828559914115e-06,-5.37166941134653e-05,4.18031454884715e-07,0.000529170671189582,-1.26580513664516e-07,-0.000160210782742941,-2.66745787775328e-06,0.00158006943773143
21412.3992568061,-3.90396315631491e-06,-5.33458254664607e-05,4.12298506316262e-07,0.0005255257468814,-1.24844334528803e-07,-0.000159107264917893,-2.63084035778666e-06,0.00156918692637257
21560.8974236026,-3.85038602710485e-06,-5.29775296203022e-05,4.06644105698133e-07,0.000521905933190348,-1.23131949423467e-07,-0.000158011349181469,-2.59472551071513e-06,0.00155837936637163
21710.4254472254,-3.79754399093409e-06,-5.26117884759887e-05,4.01067178868619e-07,0.000518311057034089,-1.21443032785016e-07,-0.00015692298313952,-2.55910643585214e-06,0.00154764624152363
21860.9904698845,-3.74542696723851e-06,-5.2248584066947e-05,3.95566666299887e-07,0.000514740946525163,-1.19777263490051e-07,-0.000155842114759489,-2.52397632724817e-06,0.00153698703917861
22012.599683322,-3.6940250135524e-06,-5.188789855796e-05,3.90141522900106e-07,0.000511195430962688,-1.18134324795106e-07,-0.000154768692367899,-2.48932847238993e-06,0.00152640125021715
22165.260329156,-3.64332832362059e-06,-5.15297142441064e-05,3.84790717818256e-07,0.000507674340824142,-1.16513904277295e-07,-0.000153702664647874,-2.45515625091752e-06,0.00151588836902605
22318.9796992262,-3.5933272255359e-06,-5.11740135497101e-05,3.79513234251502e-07,0.000504177507757181,-1.14915693775749e-07,-0.00015264398063666,-2.42145313335916e-06,0.00150544789347422
22473.7651359423,-3.5440121799023e-06,-5.08207790273008e-05,3.74308069255153e-07,0.00050070476457154,-1.13339389333838e-07,-0.000151592589723179,-2.38821267988336e-06,0.00149507932488866
22629.6240326348,-3.49537377802276e-06,-5.04699933565839e-05,3.69174233555141e-07,0.000497255945230964,-1.11784691142165e-07,-0.000150548441645586,-2.3554285390681e-06,0.00148478216803066
22786.5638339077,-3.44740274011214e-06,-5.01216393434215e-05,3.64110751363016e-07,0.000493830884845215,-1.10251303482326e-07,-0.000149511486488858,-2.32309444668707e-06,0.00147455593107219
22944.592035995,-3.40008991353405e-06,-4.97756999188223e-05,3.59116660193384e-07,0.000490429419662127,-1.08738934671419e-07,-0.000148481674682386,-2.29120422451245e-06,0.00146440012557235
23103.7161871177,-3.35342627106204e-06,-4.94321581379424e-05,3.54191010683812e-07,0.000487051387059721,-1.07247297007302e-07,-0.000147458956997592,-2.2597517791342e-06,0.0014543142664541
23263.9438878451,-3.30740290916431e-06,-4.90909971790946e-05,3.49332866417104e-07,0.000483696625538365,-1.05776106714581e-07,-0.000146443284545561,-2.22873110079552e-06,0.00144429787198107
23425.2827914574,-3.26201104631187e-06,-4.87522003427689e-05,3.44541303745986e-07,0.000480364974713007,-1.04325083891321e-07,-0.000145434608774689,-2.19813626224438e-06,0.00143435046373457
23587.7406043117,-3.21724202130969e-06,-4.84157510506604e-05,3.39815411620093e-07,0.000477056275305442,-1.02893952456475e-07,-0.000144432881468348,-2.16796141760067e-06,0.00142447156659074
23751.3250862094,-3.17308729165071e-06,-4.80816328447089e-05,3.35154291415309e-07,0.000473770369136653,-1.01482440098019e-07,-0.000143438054742566,-2.1382008012391e-06,0.00141466070869784
23916.0440507678,-3.12953843189212e-06,-4.77498293861451e-05,3.30557056765352e-07,0.000470507099119186,-1.00090278221778e-07,-0.000142450081043723,-2.10884872668725e-06,0.00140491742145376
24081.9053657923,-3.08658713205399e-06,-4.74203244545486e-05,3.26022833395644e-07,0.000467266309249596,-9.87172019009437e-08,-0.000141468913146269,-2.07989958553893e-06,0.00139524123948362
24248.9169536531,-3.04422519603947e-06,-4.70931019469125e-05,3.21550758959373e-07,0.000464047844600934,-9.73629498262666e-08,-0.000140494504150449,-2.0513478463823e-06,0.00138563170061753
24417.0867916629,-3.00244454007683e-06,-4.6768145876719e-05,3.17139982875777e-07,0.000460851551315296,-9.60272642569226e-08,-0.000139526807480047,-2.02318805374282e-06,0.00137608834586855
24586.4229124585,-2.96123719118244e-06,-4.64454403730215e-05,3.12789666170571e-07,0.00045767727659641,-9.47098909720332e-08,-0.000138565776880153,-1.99541482704066e-06,0.00136661071941077
24756.933404384,-2.92059528564501e-06,-4.61249696795378e-05,3.08498981318531e-07,0.000454524868702295,-9.34105792228426e-08,-0.000137611366414933,-1.96802285956246e-06,0.00135719836855752
24928.6264118777,-2.8805110675302e-06,-4.58067181537494e-05,3.04267112088163e-07,0.000451394176937951,-9.21290816855335e-08,-0.000136663530465425,-1.94100691744716e-06,0.00134785084373977
25101.5101358603,-2.84097688720595e-06,-4.54906702660116e-05,3.00093253388485e-07,0.000448285051648116,-9.08651544146828e-08,-0.000135722223727346,-1.91436183868584e-06,0.00133856769848465
25275.5928341276,-2.8019851998876e-06,-4.51768105986701e-05,2.95976611117829e-07,0.000445197344210062,-8.96185567973369e-08,-0.000134787401208912,-1.88808253213517e-06,0.00132934848939415
25450.882821744,-2.76352856420313e-06,-4.48651238451868e-05,2.91916402014704e-07,0.000442130907026453,-8.83890515077121e-08,-0.000133859018228681,-1.86216397654456e-06,0.00132019277612394
25627.3884714405,-2.72559964077779e-06,-4.45555948092731e-05,2.87911853510631e-07,0.000439085593518239,-8.71764044624979e-08,-0.000132937030413399,-1.8366012195965e-06,0.00131110012136231
25805.1182140139,-2.68819119083819e-06,-4.42482084040324e-05,2.83962203584977e-07,0.000436061258117613,-8.59803847767683e-08,-0.000132021393695877,-1.81138937696025e-06,0.00130207009080932
25984.08053873,-2.65129607483529e-06,-4.3942949651109e-05,2.80066700621717e-07,0.000433057756261009,-8.48007647204819e-08,-0.000131112064312866,-1.78652363135836e-06,0.00129310225315607
26164.2839937291,-2.61490725108628e-06,-4.36398036798455e-05,2.76224603268135e-07,0.00043007494438215,-8.36373196755711e-08,-0.000130208998802958,-1.76199923164613e-06,0.00128419618006407
26345.7371864336,-2.57901777443504e-06,-4.3338755726449e-05,2.72435180295424e-07,0.000427112679905151,-8.24898280936096e-08,-0.0001293121540045,-1.73781149190365e-06,0.00127535144614479
26528.4487839603,-2.54362079493067e-06,-4.30397911331628e-05,2.68697710461138e-07,0.00042417082123766,-8.13580714540474e-08,-0.000128421487053518,-1.71395579054033e-06,0.00126656762893938
26712.4275135331,-2.50870955652438e-06,-4.2742895347448e-05,2.65011482373524e-07,0.000421249227764053,-8.02418342230135e-08,-0.000127536955381659,-1.69042756941172e-06,0.00125784430889845
26897.6821629011,-2.47427739578383e-06,-4.24480539211702e-05,2.61375794357648e-07,0.000418347759838679,-7.91409038126692e-08,-0.000126658516714149,-1.66722233294841e-06,0.00124918106936207
27084.2215807571,-2.44031774062533e-06,-4.21552525097961e-05,2.57789954323347e-07,0.000415466278779145,-7.80550705411147e-08,-0.000125786129067758,-1.64433564729702e-06,0.00124057749653985
27272.0546771616,-2.40682410906307e-06,-4.18644768715949e-05,2.54253279634942e-07,0.000412604646859651,-7.69841275928321e-08,-0.000124919750748791,-1.62176313947281e-06,0.0012320331794912
27461.1904239671,-2.37379010797571e-06,-4.1575712866849e-05,2.50765096982706e-07,0.000409762727304377,-7.59278709796666e-08,-0.000124059340351081,-1.59950049652408e-06,0.00122354771010568
27651.6378552475,-2.34120943188953e-06,-4.12889464570704e-05,2.47324742256067e-07,0.000406940384280906,-7.48860995023293e-08,-0.000123204856754002,-1.57754346470794e-06,0.00121512068308351
27843.4060677294,-2.30907586177845e-06,-4.10041637042252e-05,2.43931560418519e-07,0.000404137482893703,-7.38586147124262e-08,-0.000122356259120496,-1.55588784867747e-06,0.00120675169591627
28036.5042212264,-2.27738326388023e-06,-4.07213507699639e-05,2.40584905384208e-07,0.000401353889177629,-7.28452208749929e-08,-0.000121513506895112,-1.53452951067995e-06,0.0011984403488676
28230.9415390768,-2.24612558852902e-06,-4.04404939148599e-05,2.37284139896196e-07,0.000398589470091513,-7.18457249315423e-08,-0.00012067655980206,-1.51346436976622e-06,0.00119018624495416
28426.7273085842,-2.2152968690037e-06,-4.01615794976534e-05,2.34028635406349e-07,0.000395844093511752,-7.08599364636056e-08,-0.000119845377843278,-1.49268840101079e-06,0.00118198898992666
28623.8708814609,-2.18489122039208e-06,-3.98845939745035e-05,2.30817771956859e-07,0.000393117628225978,-6.9887667656771e-08,-0.000119019921296511,-1.47219763474273e-06,0.00117384819225102
28822.3816742749,-2.1549028384705e-06,-3.96095238982454e-05,2.27650938063348e-07,0.000390409943926744,-6.89287332652039e-08,-0.000118200150713405,-1.45198815578702e-06,0.00116576346308969
29022.2691688993,-2.12532599859887e-06,-3.93363559176557e-05,2.24527530599567e-07,0.000387720911205275,-6.79829505766521e-08,-0.000117386026917618,-1.43205610271649e-06,0.00115773441628307
29223.5429129655,-2.09615505463065e-06,-3.90650767767229e-05,2.21446954683632e-07,0.000385050401545251,-6.70501393779179e-08,-0.000116577511002931,-1.41239766711383e-06,0.00114976066833108
29426.2125203191,-2.06738443783789e-06,-3.87956733139251e-05,2.18408623565809e-07,0.000382398287316636,-6.61301219208039e-08,-0.000115774564331393,-1.39300909284391e-06,0.00114184183837482
29630.2876714792,-2.03900865585079e-06,-3.85281324615137e-05,2.15411958517803e-07,0.00037976444176955,-6.52227228885134e-08,-0.000114977148531457,-1.37388667533593e-06,0.0011339775481784
29835.7781141006,-2.01102229161195e-06,-3.82624412448036e-05,2.1245638872355e-07,0.000377148739028189,-6.43277693625108e-08,-0.000114185225496146,-1.35502676087557e-06,0.00112616742211091
30042.6936634399,-1.98342000234468e-06,-3.79985867814693e-05,2.09541351171477e-07,0.000374551054084774,-6.34450907898259e-08,-0.00011339875738122,-1.33642574590678e-06,0.00111841108712838
30251.0442028234,-1.95619651853563e-06,-3.77365562808475e-05,2.06666290548224e-07,0.000371971262793557,-6.25745189508049e-08,-0.000112617706603364,-1.31808007634316e-06,0.00111070817275609
30460.8396841202,-1.92934664293113e-06,-3.74763370432454e-05,2.03830659133789e-07,0.00036940924186486,-6.17158879272938e-08,-0.000111842035838385,-1.2999862468888e-06,0.00110305831107079
30672.0901282168,-1.90286524954748e-06,-3.72179164592555e-05,2.01033916698111e-07,0.000366864868859159,-6.08690340712579e-08,-0.00011107170801942,-1.28214080036848e-06,0.00109546113668316
30884.8056254963,-1.87674728269446e-06,-3.69612820090752e-05,1.98275530399026e-07,0.000364338022181204,-6.00337959738203e-08,-0.000110306686335159,-1.26454032706703e-06,0.00108791628672035
31098.9963363199,-1.85098775601255e-06,-3.67064212618345e-05,1.95554974681624e-07,0.000361828581074193,-5.92100144347258e-08,-0.000109546934228081,-1.24718146407774e-06,0.00108042340080867
31314.6724915125,-1.82558175152298e-06,-3.64533218749262e-05,1.92871731178948e-07,0.000359336425613964,-5.83975324322133e-08,-0.000108792415392697,-1.23006089465977e-06,0.00107298212105635
31531.8443928511,-1.80052441869098e-06,-3.62019715933456e-05,1.90225288614055e-07,0.000356861436703254,-5.75961950933007e-08,-0.000108043093773815,-1.21317534760439e-06,0.00106559209203648
31750.5224135575,-1.77581097350176e-06,-3.59523582490323e-05,1.87615142703383e-07,0.000354403496065974,-5.68058496644699e-08,-0.000107298933564805,-1.1965215966098e-06,0.00105825296077001
31970.7169987928,-1.75143669754917e-06,-3.57044697602208e-05,1.8504079606144e-07,0.000351962486241546,-5.60263454827507e-08,-0.000106559899205887,-1.18009645966472e-06,0.0010509643767089
32192.4386661572,-1.72739693713672e-06,-3.54582941307938e-05,1.82501758106772e-07,0.000349538290579254,-5.52575339471954e-08,-0.000105825955382422,-1.16389679844028e-06,0.00104372599171939
32415.6980061919,-1.70368710239103e-06,-3.52138194496432e-05,1.79997544969217e-07,0.000347130793232663,-5.44992684907422e-08,-0.000105097067023224,-1.14791951769035e-06,0.00103653746006536
32640.5056828852,-1.6803026663873e-06,-3.49710338900354e-05,1.77527679398394e-07,0.000344739879154048,-5.37514045524584e-08,-0.000104373199298871,-1.13216156466008e-06,0.00102939843839181
32866.8724341813,-1.65723916428679e-06,-3.47299257089822e-05,1.75091690673456e-07,0.000342365434088889,-5.30137995501612e-08,-0.000103654317620045,-1.11661992850256e-06,0.00102230858570848
33094.8090724944,-1.63449219248608e-06,-3.4490483246617e-05,1.72689114514041e-07,0.000340007344570379,-5.22863128534096e-08,-0.000102940387635864,-1.10129163970346e-06,0.00101526756337359
33324.3264852235,-1.61205740777798e-06,-3.42526949255765e-05,1.70319492992451e-07,0.000337665497913992,-5.15688057568631e-08,-0.000102231375232244,-1.08617376951365e-06,0.00100827503507758
33555.4356352742,-1.58993052652391e-06,-3.40165492503872e-05,1.67982374446999e-07,0.000335339782212074,-5.08611414540014e-08,-0.000101527246530259,-1.07126342938949e-06,0.00100133066682716
33788.1475615808,-1.5681073238376e-06,-3.37820348068575e-05,1.65677313396552e-07,0.000333030086328476,-5.01631850112025e-08,-0.000100827967884517,-1.05655777044096e-06,0.000994434126929259
34022.4733796346,-1.54658363277992e-06,-3.35491402614743e-05,1.63403870456217e-07,0.000330736299893228,-4.94748033421697e-08,-0.000100133505881551,-1.04205398288717e-06,0.000987585085975259
34258.4242820144,-1.52535534356482e-06,-3.33178543608054e-05,1.61161612254173e-07,0.000328458313297244,-4.87958651827098e-08,-9.9443827338214e-05,-1.02774929551956e-06,0.00098078321682522
34496.0115389212,-1.50441840277606e-06,-3.3088165930906e-05,1.58950111349633e-07,0.000326196017687069,-4.81262410658498e-08,-9.87588993000908e-05,-1.01364097517228e-06,0.000974028194592266
34735.2464987164,-1.48376881259464e-06,-3.28600638767312e-05,1.56768946151922e-07,0.000323949304959659,-4.74658032972956e-08,-9.80786890399189e-05,-9.99726326199984e-07,0.000967319696627079
34976.1405884643,-1.46340263003687e-06,-3.26335371815522e-05,1.5461770084064e-07,0.000321718067757195,-4.681442593122e-08,-9.74031640560186e-05,-9.86002689962706e-07,0.000960657402502473
35218.7053144771,-1.44331596620282e-06,-3.24085749063786e-05,1.52495965286923e-07,0.000319502199461945,-4.61719847463836e-08,-9.67322920707379e-05,-9.7246744431785e-07,0.000954040993998107
35462.9522628655,-1.42350498553505e-06,-3.21851661893839e-05,1.50403334975759e-07,0.000317301594191144,-4.5538357222577e-08,-9.60660410289038e-05,-9.59118003119122e-07,0.000947470155085272
35708.8931000911,-1.40396590508752e-06,-3.19633002453376e-05,1.48339410929371e-07,0.000315116146791924,-4.49134225173858e-08,-9.54043790962885e-05,-9.45951815722392e-07,0.000940944571911815
35956.5395735246,-1.38469499380445e-06,-3.17429663650404e-05,1.46303799631626e-07,0.00031294575283627,-4.42970614432689e-08,-9.47472746580823e-05,-9.32966366498281e-07,0.000934463932787128
36205.9035120061,-1.36568857180912e-06,-3.15241539147649e-05,1.44296112953482e-07,0.000310790308616021,-4.36891564449509e-08,-9.40946963173808e-05,-9.20159174351494e-07,0.000928027928167284
36456.9968264106,-1.34694300970234e-06,-3.13068523357005e-05,1.4231596807944e-07,0.000308649711137891,-4.30895915771198e-08,-9.34466128936793e-05,-9.07527792246703e-07,0.000921636250640237
36709.831510217,-1.32845472787054e-06,-3.10910511434032e-05,1.40362987434996e-07,0.00030652385811854,-4.24982524824292e-08,-9.28029934213797e-05,-8.95069806740972e-07,0.000915288594911145
36964.4196400802,-1.31022019580337e-06,-3.08767399272497e-05,1.38436798615082e-07,0.000304412647979669,-4.19150263698001e-08,-9.2163807148308e-05,-8.82782837522609e-07,0.000908984657787796
37220.7733764093,-1.29223593142055e-06,-3.06639083498957e-05,1.36537034313469e-07,0.000302315979843154,-4.13398019930154e-08,-9.15290235342396e-05,-8.70664536956299e-07,0.000902724138166116
37478.9049639467,-1.27449850040808e-06,-3.04525461467392e-05,1.34663332253144e-07,0.000300233753526209,-4.07724696296095e-08,-9.08986122494383e-05,-8.58712589634551e-07,0.000896506737015799
37738.8267323548,-1.25700451556333e-06,-3.02426431253872e-05,1.3281533511762e-07,0.00029816586953659,-4.02129210600408e-08,-9.02725431732019e-05,-8.46924711935235e-07,0.000890332157366016
38000.5510968034,-1.23975063614933e-06,-3.00341891651282e-05,1.30992690483184e-07,0.000296112229067823,-3.96610495471515e-08,-8.96507863924211e-05,-8.35298651585255e-07,0.000884200104291241
38264.0905585636,-1.22273356725771e-06,-2.98271742164074e-05,1.29195050752063e-07,0.000294072733994474,-3.9116749815904e-08,-8.90333122001454e-05,-8.2383218723016e-07,0.000878110284897155
38529.4577056047,-1.20595005918046e-06,-2.96215883003072e-05,1.2742207308651e-07,0.000292047286867447,-3.85799180333949e-08,-8.8420091094162e-05,-8.12523128009706e-07,0.000872062408306669
38796.6652131954,-1.18939690679026e-06,-2.94174215080312e-05,1.25673419343765e-07,0.000290035790909312,-3.805045178914e-08,-8.78110937755812e-05,-8.01369313139211e-07,0.00086605618564602
39065.7258445091,-1.17307094892931e-06,-2.92146640003932e-05,1.23948756011922e-07,0.000288038150009674,-3.75282500756289e-08,-8.72062911474353e-05,-7.90368611496688e-07,0.000860091330030985
39336.6524512341,-1.15696906780648e-06,-2.90133060073092e-05,1.22247754146652e-07,0.000286054268720562,-3.70132132691421e-08,-8.66056543132832e-05,-7.79518921215614e-07,0.000854167556553169
39609.4579741865,-1.14108818840283e-06,-2.88133378272947e-05,1.20570089308796e-07,0.000284084052251867,-3.65052431108328e-08,-8.60091545758286e-05,-7.68818169283331e-07,0.000848284582266409
39884.1554439296,-1.12542527788511e-06,-2.86147498269647e-05,1.18915441502801e-07,0.000282127406466789,-3.60042426880626e-08,-8.54167634355444e-05,-7.58264311144906e-07,0.000842442126173246
40160.7579813948,-1.10997734502742e-06,-2.84175324405389e-05,1.17283495115998e-07,0.000280184237877339,-3.55101164159941e-08,-8.48284525893091e-05,-7.47855330312494e-07,0.000836639909211523
40439.2787985098,-1.09474143964072e-06,-2.822167616935e-05,1.15673938858703e-07,0.000278254453639854,-3.50227700194327e-08,-8.42441939290511e-05,-7.37589237979997e-07,0.000830877654241036
40719.7311988284,-1.07971465201023e-06,-2.80271715813565e-05,1.14086465705133e-07,0.000276337961550554,-3.45421105149171e-08,-8.36639595404035e-05,-7.27464072643079e-07,0.000825155086030318
41002.1285781671,-1.06489411234038e-06,-2.78340093106587e-05,1.12520772835129e-07,0.000274434670041123,-3.40680461930522e-08,-8.30877217013667e-05,-7.17477899724333e-07,0.000819471931243475
41286.4844252437,-1.05027699020758e-06,-2.76421800570198e-05,1.10976561576666e-07,0.000272544488174327,-3.36004866010843e-08,-8.25154528809824e-05,-7.07628811203658e-07,0.000813827918427148
41572.812322323,-1.03586049402027e-06,-2.74516745853889e-05,1.09453537349156e-07,0.000270667325639657,-3.31393425257124e-08,-8.19471257380146e-05,-6.97914925253649e-07,0.000808222777997533
41861.1259458642,-1.0216418704865e-06,-2.72624837254294e-05,1.07951409607508e-07,0.000268803092749005,-3.2684525976135e-08,-8.13827131196417e-05,-6.8833438588005e-07,0.000802656242227521
42151.4390671752,-1.0076184040888e-06,-2.70745983710505e-05,1.06469891786965e-07,0.000266951700432367,-3.22359501673268e-08,-8.08221880601553e-05,-6.7888536256709e-07,0.000797128045233893
42443.7655530697,-9.93787416566141e-07,-2.68880094799424e-05,1.05008701248681e-07,0.000265113060233581,-3.17935295035445e-08,-8.0265523779671e-05,-6.69566049927739e-07,0.000791637922964642
42738.1193665299,-9.80146266403096e-07,-2.67027080731152e-05,1.03567559226043e-07,0.00026328708430609,-3.13571795620563e-08,-7.97126936828452e-05,-6.60374667358714e-07,0.000786185613186341
43034.5145673733,-9.66692348325963e-07,-2.65186852344413e-05,1.02146190771725e-07,0.000261473685408736,-3.09268170770941e-08,-7.9163671357603e-05,-6.51309458700274e-07,0.000780770855471636
43332.9653129246,-9.53423092805762e-07,-2.63359321102016e-05,1.00744324705462e-07,0.000259672776901581,-3.05023599240244e-08,-7.8618430573873e-05,-6.42368691900633e-07,0.000775393391186792
43633.4858586911,-9.403359655681e-07,-2.61544399086353e-05,9.93616935625353e-08,0.000257884272741762,-3.00837271037347e-08,-7.80769452823332e-05,-6.33550658685031e-07,0.000770052963479357
43936.0905590448,-9.2742846710968e-07,-2.59741998994928e-05,9.79980335429594e-08,0.00025610808747937,-2.96708387272326e-08,-7.75391896131627e-05,-6.24853674229301e-07,0.000764749317265877
44240.7938679069,-9.14698132221499e-07,-2.57952034135927e-05,9.66530844613619e-08,0.000254344136253357,-2.92636160004564e-08,-7.70051378748051e-05,-6.16276076837961e-07,0.000759482199219729
44547.6103394389,-9.02142529518528e-07,-2.56174418423814e-05,9.53265896975457e-08,0.000252592334787478,-2.88619812092906e-08,-7.64747645527373e-05,-6.07816227626684e-07,0.000754251357759008
44856.5546287376,-8.89759260975872e-07,-2.54409066374975e-05,9.40182961477255e-08,0.000250852599386254,-2.84658577047883e-08,-7.59480443082499e-05,-5.99472510209166e-07,0.000749056543034522
45167.641492535,-8.77545961471252e-07,-2.52655893103378e-05,9.27279541764279e-08,0.000249124846930961,-2.80751698885927e-08,-7.54249519772336e-05,-5.91243330388257e-07,0.00074389750691785
45480.8857899031,-8.6550029833379e-07,-2.50914814316284e-05,9.14553175690494e-08,0.000247408994875662,-2.76898431985602e-08,-7.49054625689755e-05,-5.83127115851369e-07,0.000738774002989501
45796.3024829641,-8.53619970898939e-07,-2.49185746309978e-05,9.02001434850565e-08,0.000245704961243243,-2.73098040945769e-08,-7.43895512649625e-05,-5.75122315870025e-07,0.000733685786527131
46113.9066376045,-8.41902710069556e-07,-2.47468605965541e-05,8.89621924118308e-08,0.000244012664621499,-2.69349800445708e-08,-7.38771934176948e-05,-5.67227401003573e-07,0.000728632614493872
46433.713424195,-8.3034627788293e-07,-2.45763310744652e-05,8.7741228119135e-08,0.000242332024159231,-2.65652995107137e-08,-7.33683645495052e-05,-5.59440862806934e-07,0.000723614245526705
46755.7381183149,-8.18948467083812e-07,-2.44069778685423e-05,8.65370176142082e-08,0.000240662959562382,-2.62006919358125e-08,-7.28630403513888e-05,-5.5176121354239e-07,0.00071863043992495
47079.9961014825,-8.0770710070323e-07,-2.42387928398261e-05,8.53493310974658e-08,0.000239005391090185,-2.58410877298842e-08,-7.23611966818392e-05,-5.44186985895301e-07,0.000713680959638803
47406.5028618884,-7.9662003164313e-07,-2.40717679061775e-05,8.41779419188104e-08,0.000237359239551357,-2.54864182569172e-08,-7.18628095656938e-05,-5.36716732693756e-07,0.000708765568257978
47735.2739951367,-7.8568514226666e-07,-2.39058950418698e-05,8.30226265345327e-08,0.000235724426300301,-2.51366158218101e-08,-7.13678551929862e-05,-5.29349026632035e-07,0.000703884031000404
48066.3252049891,-7.74900343994118e-07,-2.37411662771853e-05,8.1883164464805e-08,0.000234100873233346,-2.47916136574917e-08,-7.08763099178078e-05,-5.22082459997914e-07,0.000699036114701025
48399.6723041153,-7.64263576904387e-07,-2.35775736980142e-05,8.07593382517512e-08,0.000232488502785007,-2.44513459122143e-08,-7.0388150257175e-05,-5.14915644403663e-07,0.000694221587800648
48735.331214848,-7.53772809341885e-07,-2.34151094454571e-05,7.96509334180916e-08,0.000230887237924277,-2.41157476370229e-08,-6.99033528899078e-05,-5.07847210520782e-07,0.0006894402203349
49073.317969944,-7.43426037528839e-07,-2.32537657154304e-05,7.85577384263482e-08,0.000229297002150933,-2.37847547733931e-08,-6.94218946555116e-05,-5.00875807818343e-07,0.000684691783923228
49413.6487133493,-7.33221285182945e-07,-2.30935347582743e-05,7.74795446386119e-08,0.000227717719491885,-2.34583041410402e-08,-6.89437525530714e-05,-4.94000104304954e-07,0.000679976051758006
49756.3397009709,-7.23156603140196e-07,-2.29344088783644e-05,7.64161462768529e-08,0.000226149314497532,-2.31363334258931e-08,-6.84689037401497e-05,-4.87218786274237e-07,0.000675292798593688
50101.4073014524,-7.13230068982943e-07,-2.27763804337261e-05,7.53673403837781e-08,0.000224591712238159,-2.28187811682331e-08,-6.79973255316951e-05,-4.80530558053831e-07,0.000670641800736064
50448.8679969571,-7.03439786672999e-07,-2.26194418356514e-05,7.4332926784218e-08,0.000223044838300342,-2.25055867509945e-08,-6.75289953989559e-05,-4.73934141757807e-07,0.000666022836031563
50798.7383839539,-6.9378388618982e-07,-2.24635855483194e-05,7.33127080470454e-08,0.000221508618783399,-2.21966903882255e-08,-6.70638909684032e-05,-4.67428277042512e-07,0.000661435683856653
51151.0351740109,-6.84260523173603e-07,-2.23088040884192e-05,7.23064894476088e-08,0.000219982980295846,-2.18920331137062e-08,-6.66019900206603e-05,-4.61011720865745e-07,0.000656880125107296
51505.7751945938,-6.74867878573305e-07,-2.21550900247758e-05,7.13140789306825e-08,0.000218467849951885,-2.1591556769722e-08,-6.61432704894397e-05,-4.54683247249246e-07,0.000652355942188485
51862.9753898685,-6.65604158299484e-07,-2.20024359779786e-05,7.03352870739229e-08,0.000216963155367926,-2.12952039959915e-08,-6.56877104604879e-05,-4.48441647044455e-07,0.000647862919003857
52222.6528215118,-6.5646759288187e-07,-2.18508346200132e-05,6.93699270518186e-08,0.00021546882465911,-2.10029182187439e-08,-6.52352881705369e-05,-4.42285727701462e-07,0.000643400840945361
52584.8246695256,-6.47456437131678e-07,-2.17002786738958e-05,6.841781460014e-08,0.000213984786435882,-2.07146436399478e-08,-6.47859820062635e-05,-4.36214313041159e-07,0.000638969494883019
52949.5082330576,-6.385689698085e-07,-2.15507609133096e-05,6.74787679808677e-08,0.000212510969800569,-2.04303252266846e-08,-6.43397705032547e-05,-4.30226243030495e-07,0.000634568669154734
53316.7209312277,-6.29803493291806e-07,-2.14022741622455e-05,6.65526079476047e-08,0.00021104730434399,-2.01499087006698e-08,-6.38966323449824e-05,-4.24320373560834e-07,0.000630198153556197
53686.4803039601,-6.21158333256908e-07,-2.12548112946436e-05,6.56391577114585e-08,0.000209593720142088,-1.98733405279156e-08,-6.34565463617824e-05,-4.1849557622934e-07,0.000625857739330829
54058.8040128205,-6.12631838355411e-07,-2.11083652340395e-05,6.47382429073901e-08,0.000208150147752583,-1.96005679085359e-08,-6.3019491529843e-05,-4.12750738123381e-07,0.000621547219159824
54433.709841861,-6.04222379899996e-07,-2.0962928953211e-05,6.38496915610212e-08,0.000206716518211654,-1.93315387666898e-08,-6.25854469701985e-05,-4.07084761607875e-07,0.000617266387152239
54811.215698468,-5.95928351553572e-07,-2.08184954738298e-05,6.29733340558981e-08,0.000205292763030634,-1.90662017406636e-08,-6.21543919477316e-05,-4.01496564115572e-07,0.000613015038835166
55191.3396142186,-5.87748169022645e-07,-2.06750578661133e-05,6.21090031011986e-08,0.00020387881419274,-1.88045061730868e-08,-6.17263058701808e-05,-3.95985077940196e-07,0.000608792971143959
55574.0997457415,-5.79680269754932e-07,-2.05326092484816e-05,6.12565336998839e-08,0.000202474604149815,-1.85464021012841e-08,-6.13011682871564e-05,-3.90549250032449e-07,0.000604599982412543
55959.5143755845,-5.71723112641081e-07,-2.03911427872149e-05,6.04157631172823e-08,0.0002010800658191,-1.8291840247757e-08,-6.08789588891615e-05,-3.85188041798795e-07,0.000600435872363774
56347.6019130871,-5.63875177720521e-07,-2.02506516961146e-05,5.95865308501063e-08,0.000199695132580021,-1.80407720107974e-08,-6.04596575066218e-05,-3.79900428903021e-07,0.000596300442099881
56738.380895261,-5.56134965891304e-07,-2.01111292361668e-05,5.87686785958875e-08,0.000198319738271008,-1.7793149455228e-08,-6.004324410892e-05,-3.74685401070511e-07,0.000592193494092957
57131.8699876742,-5.48500998623964e-07,-1.99725687152082e-05,5.79620502228351e-08,0.000196953817186326,-1.75489253032708e-08,-5.96296988034388e-05,-3.6954196189522e-07,0.000588114832175535
57528.0879853436,-5.40971817679262e-07,-1.98349634875941e-05,5.71664917401015e-08,0.000195597304072935,-1.73080529255392e-08,-5.92190018346088e-05,-3.64469128649281e-07,0.000584064261531208
57927.053813632,-5.33545984829841e-07,-1.96983069538697e-05,5.63818512684583e-08,0.000194250134127365,-1.70704863321543e-08,-5.88111335829645e-05,-3.59465932095244e-07,0.000580041588685334
58328.7865291527,-5.26222081585653e-07,-1.95625925604431e-05,5.56079790113689e-08,0.000192912242992622,-1.68361801639817e-08,-5.84060745642054e-05,-3.54531416300875e-07,0.000576046621495785
58733.3053206791,-5.18998708923196e-07,-1.94278137992611e-05,5.48447272264612e-08,0.000191583566755107,-1.66050896839892e-08,-5.80038054282648e-05,-3.49664638456517e-07,0.000572079169143782
59140.6295100621,-5.1187448701842e-07,-1.92939642074874e-05,5.40919501973855e-08,0.000190264041941558,-1.63771707687219e-08,-5.76043069583843e-05,-3.44864668694934e-07,0.000568139042124765
59550.7785531519,-5.04848054983337e-07,-1.91610373671829e-05,5.33495042060615e-08,0.000188953605516017,-1.61523798998944e-08,-5.72075600701949e-05,-3.40130589913654e-07,0.000564226052239359
59963.7720407286,-4.97918070606206e-07,-1.90290269049888e-05,5.2617247505301e-08,0.000187652194876814,-1.59306741560976e-08,-5.68135458108043e-05,-3.35461497599727e-07,0.00056034001258437
60379.6296994364,-4.91083210095312e-07,-1.88979264918116e-05,5.18950402918081e-08,0.000186359747853572,-1.57120112046196e-08,-5.64222453578912e-05,-3.30856499656912e-07,0.00055648073754387
60798.3713927276,-4.84342167826228e-07,-1.87677298425108e-05,5.11827446795455e-08,0.000185076202704236,-1.54963492933774e-08,-5.60336400188043e-05,-3.26314716235214e-07,0.000552648042780321
61220.0171218097,-4.77693656092574e-07,-1.86384307155888e-05,5.04802246734683e-08,0.00018380149811212,-1.52836472429604e-08,-5.56477112296698e-05,-3.2183527956278e-07,0.00054884174522578
61644.5870266023,-4.71136404860163e-07,-1.85100229128827e-05,4.97873461436132e-08,0.000182535573182973,-1.50738644387816e-08,-5.52644405545024e-05,-3.17417333780085e-07,0.000545061663073146
62072.1013866976,-4.64669161524548e-07,-1.83825002792592e-05,4.91039767995465e-08,0.000181278367442068,-1.48669608233366e-08,-5.4883809684325e-05,-3.13060034776415e-07,0.000541307615767485
62502.5806223305,-4.58290690671866e-07,-1.8255856702311e-05,4.84299861651564e-08,0.000180029820831311,-1.46628968885685e-08,-5.45058004362924e-05,-3.08762550028573e-07,0.000537579423997399
62936.0452953524,-4.51999773842988e-07,-1.81300861120554e-05,4.77652455537953e-08,0.000178789873706366,-1.4461633668338e-08,-5.41303947528228e-05,-3.04524058441818e-07,0.000533876909686467
63372.5161102152,-4.45795209300878e-07,-1.80051824806361e-05,4.71096280437575e-08,0.000177558466833808,-1.42631327309946e-08,-5.37575747007333e-05,-3.00343750192971e-07,0.000530199895984734
63812.0139149584,-4.39675811801167e-07,-1.78811398220259e-05,4.6463008454096e-08,0.000176335541388285,-1.40673561720519e-08,-5.33873224703838e-05,-2.96220826575693e-07,0.000526548207260272
64254.5597022062,-4.33640412365848e-07,-1.77579521917324e-05,4.5825263320767e-08,0.000175121038949709,-1.38742666069612e-08,-5.30196203748243e-05,-2.92154499847866e-07,0.000522921669090779
64700.1746101695,-4.27687858060103e-07,-1.76356136865057e-05,4.51962708731037e-08,0.000173914901500462,-1.36838271639851e-08,-5.26544508489504e-05,-2.8814399308109e-07,0.000519320108255263
65148.8799236562,-4.2181701177216e-07,-1.75141184440481e-05,4.4575911010609e-08,0.000172717071422618,-1.34960014771684e-08,-5.22917964486626e-05,-2.84188540012228e-07,0.000515743352725756
65600.697075087,-4.16026751996198e-07,-1.7393460642726e-05,4.39640652800683e-08,0.000171527491495195,-1.33107536794047e-08,-5.19316398500328e-05,-2.80287384897006e-07,0.000512191231659103
66055.6476455202,-4.10315972618205e-07,-1.72736345012838e-05,4.33606168529732e-08,0.000170346104891412,-1.31280483955985e-08,-5.15739638484759e-05,-2.76439782365607e-07,0.000508663575388802
66513.7533656814,-4.04683582704797e-07,-1.71546342785606e-05,4.27654505032566e-08,0.000169172855175976,-1.29478507359212e-08,-5.12187513579278e-05,-2.72644997280257e-07,0.0005051602154169
66975.0361170023,-3.99128506294902e-07,-1.70364542732074e-05,4.2178452585329e-08,0.000168007686302383,-1.27701262891579e-08,-5.08659854100274e-05,-2.68902304594763e-07,0.00050168098440594
67439.5179326655,-3.93649682194343e-07,-1.69190888234083e-05,4.15995110124194e-08,0.000166850542610238,-1.25948411161473e-08,-5.0515649153307e-05,-2.65210989215982e-07,0.000498225716170978
67907.2209986571,-3.88246063773192e-07,-1.6802532306602e-05,4.10285152352087e-08,0.000165701368822592,-1.24219617433099e-08,-5.01677258523851e-05,-2.61570345867186e-07,0.000494794245671636
68378.167654826,-3.82916618765943e-07,-1.66867791392068e-05,4.04653562207588e-08,0.000164560110043303,-1.22514551562654e-08,-4.98221988871676e-05,-2.57979678953309e-07,0.000491386409004227
68852.3803959518,-3.77660329074398e-07,-1.65718237763462e-05,3.99099264317272e-08,0.000163426711754407,-1.20832887935373e-08,-4.94790517520526e-05,-2.54438302428038e-07,0.000488002043393918
69329.8818728181,-3.72476190573278e-07,-1.64576607115779e-05,3.93621198058687e-08,0.000162301119813516,-1.19174305403441e-08,-4.91382680551417e-05,-2.50945539662736e-07,0.000484640987186964
69810.6948932956,-3.6736321291848e-07,-1.63442844766236e-05,3.88218317358151e-08,0.000161183280451225,-1.1753848722475e-08,-4.87998315174561e-05,-2.47500723317156e-07,0.000481303079842978
70294.8424234306,-3.62320419357982e-07,-1.62316896411015e-05,3.82889590491341e-08,0.000160073140268544,-1.15925121002496e-08,-4.84637259721589e-05,-2.44103195211936e-07,0.000477988161927273
70782.3475885425,-3.57346846545328e-07,-1.61198708122602e-05,3.77633999886587e-08,0.000158970646234345,-1.14333898625605e-08,-4.81299353637815e-05,-2.40752306202841e-07,0.000474696075103238
71273.2336743282,-3.52441544355682e-07,-1.60088226347152e-05,3.72450541930886e-08,0.000157875745682826,-1.12764516209973e-08,-4.77984437474572e-05,-2.37447416056734e-07,0.00047142666212478
71767.5241279742,-3.47603575704394e-07,-1.58985397901866e-05,3.67338226778539e-08,0.000156788386310995,-1.11216674040511e-08,-4.74692352881579e-05,-2.34187893329248e-07,0.000468179766828812
72265.2425592773,-3.42832016368067e-07,-1.57890169972392e-05,3.62296078162437e-08,0.000155708516176165,-1.09690076513982e-08,-4.71422942599379e-05,-2.30973115244133e-07,0.000464955234127793
72766.4127417709,-3.38125954808072e-07,-1.56802490110243e-05,3.57323133207918e-08,0.000154636083693476,-1.08184432082629e-08,-4.68176050451821e-05,-2.27802467574275e-07,0.000461752910002325
73271.058613862,-3.33484491996475e-07,-1.55722306230233e-05,3.52418442249161e-08,0.000153571037633426,-1.0669945319856e-08,-4.6495152133859e-05,-2.24675344524323e-07,0.000458572641493789
73779.2042799737,-3.28906741244376e-07,-1.54649566607934e-05,3.47581068648125e-08,0.000152513327119425,-1.05234856258909e-08,-4.61749201227801e-05,-2.21591148614952e-07,0.000455414276697047
74290.8740116972,-3.24391828032575e-07,-1.53584219877146e-05,3.42810088615923e-08,0.000151462901625357,-1.03790361551741e-08,-4.58568937148629e-05,-2.185492905687e-07,0.000452277664753179
74806.0922489501,-3.19938889844579e-07,-1.52526215027396e-05,3.38104591036688e-08,0.000150419710973171,-1.02365693202699e-08,-4.55410577184003e-05,-2.15549189197379e-07,0.000449162655842286
75324.8836011454,-3.15547076001895e-07,-1.51475501401439e-05,3.33463677293812e-08,0.000149383705330479,-1.00960579122382e-08,-4.5227397046334e-05,-2.12590271291023e-07,0.000446069101176324
75847.2728483651,-3.11215547501581e-07,-1.50432028692795e-05,3.28886461098591e-08,0.000148354835208176,-9.95747509544455e-09,-4.49158967155339e-05,-2.09671971508375e-07,0.000442996852992007
76373.2849425456,-3.06943476856021e-07,-1.49395746943288e-05,3.24372068321199e-08,0.00014733305145807,-9.8207944024408e-09,-4.46065418460811e-05,-2.06793732268862e-07,0.000439945764543742
76902.9450086679,-3.02730047934914e-07,-1.48366606540613e-05,3.19919636823989e-08,0.000146318305270539,-9.68598972891658e-09,-4.42993176605579e-05,-2.03955003646065e-07,0.000436915690096623
77436.2783459591,-2.9857445580941e-07,-1.47344558215917e-05,3.15528316297066e-08,0.000145310548172191,-9.55303532871921e-09,-4.39942094833403e-05,-2.01155243262642e-07,0.00043390648491947
77973.3104290997,-2.94475906598399e-07,-1.46329553041397e-05,3.11197268096123e-08,0.000144309732023552,-9.42190580894256e-09,-4.36912027398973e-05,-1.98393916186702e-07,0.000430918005277918
78514.0669094413,-2.90433617316901e-07,-1.45321542427916e-05,3.06925665082484e-08,0.000143315809016764,-9.29257612508242e-09,-4.33902829560941e-05,-1.95670494829592e-07,0.000427950108427546
79058.5736162311,-2.86446815726544e-07,-1.44320478122635e-05,3.02712691465354e-08,0.000142328731673299,-9.16502157625903e-09,-4.30914357575004e-05,-1.92984458845098e-07,0.000425002652607067
79606.8565578463,-2.82514740188078e-07,-1.43326312206665e-05,2.98557542646214e-08,0.000141348452841687,-9.03921780050423e-09,-4.27946468687029e-05,-1.90335295030019e-07,0.000422075497031546
80158.9419230357,-2.78636639515934e-07,-1.42338997092732e-05,2.94459425065358e-08,0.000140374925695269,-8.91514077011413e-09,-4.24999021126239e-05,-1.87722497226119e-07,0.00041916850188569
80714.8560821713,-2.74811772834754e-07,-1.41358485522862e-05,2.90417556050525e-08,0.000139408103729951,-8.79276678706439e-09,-4.22071874098427e-05,-1.85145566223405e-07,0.000416281528317155
81274.6255885071,-2.71039409437916e-07,-1.40384730566079e-05,2.86431163667613e-08,0.000138447940761988,-8.67207247848935e-09,-4.19164887779239e-05,-1.82604009664758e-07,0.000413414438429925
81838.2771794484,-2.67318828647971e-07,-1.39417685616126e-05,2.82499486573422e-08,0.00013749439092577,-8.55303479222223e-09,-4.16277923307477e-05,-1.80097341951849e-07,0.00041056709527772
82405.8377778279,-2.6364931967902e-07,-1.38457304389194e-05,2.78621773870436e-08,0.000136547408671636,-8.43563099239715e-09,-4.13410842778475e-05,-1.77625084152367e-07,0.000407739362857457
82977.3344931927,-2.60030181500962e-07,-1.37503540921672e-05,2.74797284963575e-08,0.000135606948763692,-8.3198386551108e-09,-4.10563509237502e-05,-1.75186763908501e-07,0.000404931106102751
83552.7946230977,-2.56460722705618e-07,-1.36556349567914e-05,2.71025289418918e-08,0.000134672966277653,-8.20563566414414e-09,-4.07735786673218e-05,-1.727819153467e-07,0.00040214219087747
84132.2456544116,-2.52940261374674e-07,-1.35615684998019e-05,2.6730506682436e-08,0.000133745416598692,-8.09300020674206e-09,-4.04927540011173e-05,-1.70410078988649e-07,0.000399372483969319
84715.7152646274,-2.49468124949459e-07,-1.34681502195631e-05,2.63635906652183e-08,0.000132824255419311,-7.98191076945169e-09,-4.02138635107354e-05,-1.68070801663488e-07,0.000396621853083487
85303.2313231867,-2.46043650102484e-07,-1.33753756455746e-05,2.60017108123493e-08,0.000131909438737219,-7.87234613401683e-09,-3.9936893874177e-05,-1.65763636421219e-07,0.00039389016683632
85894.8218928089,-2.42666182610771e-07,-1.3283240338255e-05,2.56447980074543e-08,0.000131000922853235,-7.76428537332955e-09,-3.96618318612091e-05,-1.63488142447315e-07,0.00039117729474905
86490.5152308334,-2.39335077230889e-07,-1.31917398887253e-05,2.52927840824851e-08,0.000130098664369194,-7.65770784743643e-09,-3.93886643327319e-05,-1.61243884978488e-07,0.000388483107241563
87090.3397905676,-2.36049697575737e-07,-1.31008699185956e-05,2.49456018047164e-08,0.000129202620185876,-7.55259319960025e-09,-3.91173782401515e-05,-1.59030435219631e-07,0.000385807475626207
87694.3242226474,-2.32809415992987e-07,-1.30106260797521e-05,2.46031848639166e-08,0.000128312747500944,-7.44892135241506e-09,-3.88479606247557e-05,-1.56847370261878e-07,0.000383150272101646
88302.4973764047,-2.29613613445225e-07,-1.29210040541467e-05,2.42654678596977e-08,0.000127429003806901,-7.34667250397507e-09,-3.85803986170954e-05,-1.54694273001813e-07,0.00038051136974676
88914.8883012464,-2.26461679391702e-07,-1.28319995535867e-05,2.39323862890359e-08,0.000126551346889054,-7.24582712409541e-09,-3.83146794363689e-05,-1.52570732061763e-07,0.000377890642514575
89531.5262480405,-2.23353011671746e-07,-1.27436083195275e-05,2.3603876533965e-08,0.000125679734823504,-7.14636595058533e-09,-3.80507903898118e-05,-1.5047634171121e-07,0.00037528796522625
90152.440670515,-2.20287016389737e-07,-1.26558261228658e-05,2.32798758494371e-08,0.000124814125975134,-7.04826998557189e-09,-3.77887188720895e-05,-1.48410701789259e-07,0.000372703213565091
90777.661226663,-2.17263107801689e-07,-1.25686487637343e-05,2.29603223513515e-08,0.000123954478995624,-6.95152049187466e-09,-3.7528452364696e-05,-1.46373417628191e-07,0.000370136264070623
91407.217780161,-2.14280708203369e-07,-1.24820720712986e-05,2.26451550047447e-08,0.000123100752821474,-6.85609898942939e-09,-3.72699784353546e-05,-1.44364099978046e-07,0.000367586994132679
92041.1404017939,-2.11339247819964e-07,-1.23960919035547e-05,2.23343136121454e-08,0.000122252906672043,-6.7619872517614e-09,-3.70132847374248e-05,-1.42382364932261e-07,0.000365055281985558
92679.4593708925,-2.08438164697251e-07,-1.23107041471284e-05,2.20277388020871e-08,0.000121410900047596,-6.66916730250678e-09,-3.67583590093112e-05,-1.40427833854307e-07,0.000362541006702199
93322.2051767786,-2.0557690459427e-07,-1.2225904717076e-05,2.17253720177788e-08,0.000120574692727372,-6.57762141198168e-09,-3.65051890738785e-05,-1.38500133305357e-07,0.000360044048188409
93969.4085202226,-2.02754920877462e-07,-1.21416895566866e-05,2.14271555059304e-08,0.000119744244767663,-6.48733209379825e-09,-3.62537628378691e-05,-1.36598894972924e-07,0.000357564287177125
94621.1003149089,-1.99971674416266e-07,-1.20580546372854e-05,2.11330323057328e-08,0.0001189195164999,-6.3982821015273e-09,-3.60040682913253e-05,-1.34723755600497e-07,0.000355101605222722
95277.3116889132,-1.9722663348014e-07,-1.19749959580385e-05,2.08429462379864e-08,0.000118100468528761,-6.31045442540645e-09,-3.57560935070154e-05,-1.3287435691813e-07,0.000352655884695349
95938.0739861886,-1.94519273637007e-07,-1.18925095457599e-05,2.05568418943816e-08,0.00011728706173029,-6.22383228909368e-09,-3.5509826639864e-05,-1.31050345573992e-07,0.000350227008775315
96603.4187680637,-1.91849077653084e-07,-1.18105914547182e-05,2.02746646269238e-08,0.000116479257250023,-6.138399146465e-09,-3.52652559263855e-05,-1.29251373066853e-07,0.000347814861447505
97273.3778147489,-1.89215535394089e-07,-1.17292377664466e-05,1.99963605375046e-08,0.000115677016501133,-6.05413867845653e-09,-3.50223696841225e-05,-1.274770956795e-07,0.000345419327495846
97947.983126856,-1.86618143727805e-07,-1.16484445895527e-05,1.97218764676155e-08,0.000114880301162588,-5.97103478994931e-09,-3.4781156311087e-05,-1.25727174413057e-07,0.000343040292497796
98627.2669269249,-1.8405640642798e-07,-1.15682080595305e-05,1.94511599882032e-08,0.000114089073177316,-5.88907160669733e-09,-3.45416042852066e-05,-1.24001274922225e-07,0.000340677642818882
99311.2616609643,-1.81529834079545e-07,-1.14885243385734e-05,1.91841593896627e-08,0.000113303294750391,-5.80823347229728e-09,-3.43037021637734e-05,-1.2229906745139e-07,0.000338331265607272
100000,-1.79037943985134e-07,-1.14093896153886e-05,1.8920823671969e-08,0.000112522928347221,-5.72850494520017e-09,-3.40674385828978e-05,-1.20620226771627e-07,0.000336001048788387
