Frequency_Hz,Y11_Real,Y11_Imag,Y12_Real,Y12_Imag,Y21_Real,Y21_Imag,Y22_Real,Y22_Imag
0.1,0.552599589256598,-0.00635240043549659,0.745436351180843,-0.000292516946047613,0.0612050230490202,-0.000292185636971364,-0.744781471631006,-8.73761877284718e-06
0.100693514841637,0.552599014337753,-0.00639647854646447,0.745436675346863,-0.000294554324264772,0.0612050578185421,-0.00029421608275476,-0.744782788133931,-8.7327920195307e-06
0.10139183931163,0.552598431354753,-0.00644086282893064,0.745437004014262,-0.000296606014269488,0.0612050930651722,-0.000296260695388733,-0.744784122874605,-8.72656520321813e-06
0.102095006765465,0.552597840193626,-0.00648555541621455,0.745437337245401,-0.000298672119112865,0.0612051287953608,-0.000298319574898364,-0.744785476104467,-8.71890012573567e-06
0.102803050789954,0.552597240738765,-0.00653055845663433,0.745437675103496,-0.000300752742639481,0.0612051650156423,-0.000300392822039163,-0.744786848078394,-8.7097577320186e-06
0.103516005204838,0.552596632872906,-0.00657587411361485,0.745438017652641,-0.000302847989494485,0.0612052017326369,-0.000302480538302876,-0.744788239054737,-8.69909809214642e-06
0.104233904064403,0.5525960164771,-0.00662150456579658,0.745438364957809,-0.000304957965130814,0.0612052389530512,-0.000304582825923368,-0.744789649295375,-8.68688038262871e-06
0.104956781659108,0.552595391430692,-0.00666745200714556,0.745438717084871,-0.000307082775816508,0.0612052766836794,-0.000306699787882557,-0.744791079065758,-8.67306286757991e-06
0.105684672517218,0.552594757611294,-0.00671371864706377,0.745439074100604,-0.000309222528642072,0.0612053149314045,-0.000308831527916389,-0.744792528634956,-8.6576028793181e-06
0.106417611406461,0.552594114894758,-0.00676030671050078,0.745439436072705,-0.000311377331527914,0.0612053537031989,-0.000310978150520895,-0.744793998275709,-8.64045679874886e-06
0.10715563333568,0.552593463155154,-0.00680721843806598,0.745439803069805,-0.000313547293231936,0.0612053930061261,-0.000313139760958289,-0.744795488264473,-8.62158003514524e-06
0.107898773556513,0.552592802264738,-0.00685445608614179,0.745440175161481,-0.000315732523357178,0.0612054328473414,-0.00031531646526313,-0.74479699888147,-8.60092700567805e-06
0.108647067565072,0.552592132093931,-0.00690202192699774,0.745440552418266,-0.000317933132359505,0.0612054732340931,-0.000317508370248551,-0.744798530410739,-8.57845111432859e-06
0.109400551103639,0.552591452511288,-0.00694991824890537,0.745440934911666,-0.000320149231555482,0.0612055141737234,-0.000319715583512532,-0.744800083140189,-8.55410473066254e-06
0.110159260162376,0.552590763383472,-0.00699814735625413,0.745441322714171,-0.000322380933130237,0.0612055556736702,-0.000321938213444254,-0.744801657361645,-8.52783916788225e-06
0.11092323098104,0.552590064575223,-0.00704671156966801,0.745441715899269,-0.000324628350145535,0.0612055977414673,-0.000324176369230499,-0.744803253370906,-8.49960466047656e-06
0.111692500050717,0.552589355949334,-0.00709561322612325,0.745442114541459,-0.000326891596547819,0.0612056403847462,-0.000326430160862123,-0.744804871467794,-8.46935034164858e-06
0.112467104115564,0.552588637366621,-0.00714485467906689,0.745442518716267,-0.000329170787176454,0.0612056836112371,-0.000328699699140587,-0.744806511956208,-8.43702421991083e-06
0.113247080174565,0.552587908685889,-0.00719443829853616,0.745442928500256,-0.000331466037772017,0.0612057274287699,-0.000330985095684556,-0.74480817514418,-8.4025731555068e-06
0.114032465483296,0.552587169763909,-0.00724436647127895,0.745443343971045,-0.000333777464984706,0.0612057718452756,-0.000333286462936563,-0.744809861343926,-8.36594283617348e-06
0.114823297555707,0.552586420455382,-0.00729464160087506,0.745443765207319,-0.000336105186382833,0.0612058168687872,-0.000335603914169734,-0.744811570871906,-8.32707775245273e-06
0.115619614165913,0.55258566061291,-0.0073452661078586,0.745444192288845,-0.000338449320461445,0.0612058625074414,-0.000337937563494588,-0.744813304048877,-8.28592117253085e-06
0.116421453349997,0.552584890086969,-0.0073962424298411,0.745444625296488,-0.000340809986651029,0.0612059087694791,-0.0003402875258659,-0.744815061199952,-8.24241511651613e-06
0.117228853407829,0.552584108725867,-0.00744757302163568,0.745445064312225,-0.000343187305326315,0.0612059556632473,-0.00034265391708963,-0.744816842654655,-8.1965003301751e-06
0.118041852904894,0.552583316375725,-0.00749926035538242,0.745445509419159,-0.000345581397815273,0.0612060031971999,-0.000345036853829936,-0.744818648746982,-8.14811625819006e-06
0.118860490674132,0.55258251288043,-0.00755130692067414,0.745445960701535,-0.000347992386408043,0.061206051379899,-0.000347436453616227,-0.744820479815457,-8.09720101677125e-06
0.1196848058178,0.552581698081616,-0.00760371522468394,0.745446418244759,-0.000350420394366179,0.0612061002200164,-0.000349852834850333,-0.744822336203194,-8.04369136588046e-06
0.120514837709331,0.552580871818617,-0.00765648779229298,0.745446882135405,-0.00035286554593187,0.0612061497263344,-0.000352286116813699,-0.744824218257959,-7.98752268062891e-06
0.12135062599522,0.552580033928443,-0.00770962716621982,0.745447352461242,-0.000355327966337325,0.0612061999077476,-0.000354736419674686,-0.744826126332227,-7.92862892235596e-06
0.122192210596917,0.552579184245738,-0.00776313590715045,0.74544782931124,-0.000357807781814252,0.0612062507732637,-0.000357203864495931,-0.744828060783247,-7.86694260890286e-06
0.123039631712731,0.552578322602747,-0.00781701659386949,0.745448312775594,-0.000360305119603518,0.061206302332005,-0.000359688573241791,-0.744830021973103,-7.80239478441469e-06
0.123892929819754,0.552577448829283,-0.00787127182339238,0.745448802945735,-0.000362820107964838,0.06120635459321,-0.000362190668785854,-0.744832010268781,-7.73491498842066e-06
0.124752145675793,0.552576562752685,-0.00792590421109869,0.745449299914351,-0.000365352876186656,0.0612064075662339,-0.00036471027491853,-0.744834026042227,-7.66443122442867e-06
0.125617320321316,0.552575664197784,-0.00798091639086628,0.745449803775403,-0.000367903554596125,0.0612064612605509,-0.000367247516354729,-0.744836069670419,-7.59086992765251e-06
0.126488495081411,0.552574752986864,-0.00803631101520677,0.745450314624138,-0.000370472274569208,0.0612065156857548,-0.000369802518741604,-0.744838141535429,-7.51415593232968e-06
0.127365711567764,0.552573828939625,-0.00809209075540187,0.745450832557112,-0.000373059168540928,0.0612065708515605,-0.000372375408666383,-0.74484024202449,-7.43421243819264e-06
0.128249011680643,0.552572891873142,-0.00814825830164096,0.745451357672206,-0.000375664370015729,0.0612066267678057,-0.000374966313664283,-0.744842371530064,-7.35096097624621e-06
0.129138437610901,0.552571941601827,-0.0082048163631596,0.745451890068642,-0.000378288013577971,0.0612066834444518,-0.000377575362226502,-0.74484453044991,-7.26432137408695e-06
0.130034031841991,0.552570977937389,-0.00826176766837928,0.745452429847004,-0.000380930234902583,0.0612067408915854,-0.000380202683808298,-0.744846719187154,-7.17421172015398e-06
0.130935837151994,0.552570000688791,-0.00831911496504825,0.745452977109254,-0.000383591170765824,0.06120679911942,-0.000382848408837147,-0.744848938150359,-7.08054832759819e-06
0.131843896615665,0.552569009662208,-0.00837686102038321,0.745453531958751,-0.000386270959056183,0.0612068581382967,-0.000385512668720992,-0.744851187753594,-6.98324569710362e-06
0.132758253606487,0.552568004660991,-0.00843500862121274,0.745454094500271,-0.000388969738785456,0.0612069179586864,-0.000388195595856586,-0.744853468416508,-6.88221647922316e-06
0.133678951798747,0.552566985485614,-0.00849356057412112,0.745454664840027,-0.00039168765009993,0.0612069785911906,-0.000390897323637904,-0.7448557805644,-6.77737143570112e-06
0.134606035169616,0.552565951933639,-0.00855251970559387,0.745455243085684,-0.000394424834291727,0.0612070400465429,-0.000393617986464657,-0.744858124628297,-6.66861940031016e-06
0.135539548001256,0.552564903799668,-0.00861188886216422,0.745455829346383,-0.000397181433810288,0.0612071023356108,-0.000396357719750902,-0.744860501045022,-6.55586723852936e-06
0.136479534882933,0.552563840875297,-0.0086716709105606,0.745456423732759,-0.000399957592274026,0.0612071654693967,-0.000399116659933722,-0.744862910257274,-6.43901980664635e-06
0.137426040713143,0.552562762949072,-0.00873186873785576,0.745457026356963,-0.000402753454482109,0.0612072294590394,-0.000401894944482028,-0.744865352713702,-6.31797991005462e-06
0.138379110701763,0.552561669806444,-0.00879248525161657,0.745457637332677,-0.000405569166426412,0.0612072943158159,-0.000404692711905427,-0.744867828868984,-6.19264826048904e-06
0.139338790372205,0.552560561229716,-0.00885352338005542,0.745458256775143,-0.00040840487530364,0.0612073600511423,-0.00040751010176321,-0.7448703391839,-6.06292343262316e-06
0.140305125563594,0.552559436998001,-0.0089149860721826,0.745458884801177,-0.000411260729527569,0.0612074266765758,-0.000410347254673415,-0.744872884125419,-5.92870181961858e-06
0.141278162432955,0.552558296887171,-0.0089768762979599,0.745459521529192,-0.000414136878741481,0.0612074942038156,-0.000413204312322003,-0.744875464166769,-5.78987758781402e-06
0.14225794745742,0.552557140669806,-0.00903919704845565,0.745460167079221,-0.000417033473830783,0.0612075626447049,-0.000416081417472125,-0.744878079787527,-5.6463426306233e-06
0.143244527436446,0.552555968115144,-0.00910195133600079,0.745460821572938,-0.000419950666935759,0.0612076320112322,-0.000418978713973497,-0.744880731473692,-5.49798652130229e-06
0.14423794949405,0.552554778989031,-0.00916514219434629,0.745461485133679,-0.00042288861146449,0.0612077023155324,-0.000421896346771867,-0.744883419717775,-5.34469646491786e-06
0.145238261081064,0.55255357305387,-0.00922877267882188,0.745462157886466,-0.000425847462105977,0.0612077735698891,-0.000424834461918601,-0.74488614501888,-5.18635724922056e-06
0.146245509977397,0.552552350068563,-0.00929284586649598,0.745462839958027,-0.000428827374843448,0.0612078457867352,-0.000427793206580353,-0.744888907882784,-5.0228511945874e-06
0.147259744294318,0.552551109788463,-0.00935736485633692,0.745463531476823,-0.000431828506967774,0.0612079189786551,-0.000430772729048858,-0.74489170882203,-4.85405810305567e-06
0.148281012476756,0.552549851965313,-0.0094223327693755,0.745464232573068,-0.00043485101709115,0.0612079931583858,-0.000433773178750824,-0.744894548356008,-4.67985520608699e-06
0.149309363305612,0.552548576347199,-0.0094877527488689,0.745464943378751,-0.000437895065160961,0.0612080683388185,-0.000436794706257939,-0.744897427011044,-4.50011711143616e-06
0.150344845900091,0.552547282678484,-0.00955362796046589,0.745465664027665,-0.000440960812473695,0.0612081445330004,-0.000439837463296988,-0.744900345320491,-4.31471574903475e-06
0.151387509720044,0.552545970699757,-0.00961996159237327,0.745466394655426,-0.000444048421689292,0.0612082217541357,-0.000442901602760071,-0.744903303824814,-4.12352031553542e-06
0.152437404568337,0.552544640147771,-0.00968675685552386,0.7454671353995,-0.000447158056845458,0.0612083000155875,-0.000445987278714953,-0.744906303071683,-3.92639721794735e-06
0.153494580593225,0.552543290755386,-0.00975401698374564,0.745467886399229,-0.000450289883372276,0.0612083793308793,-0.000449094646415512,-0.744909343616066,-3.7232100160503e-06
0.154559088290748,0.552541922251507,-0.00982174523393248,0.745468647795851,-0.000453444068107062,0.0612084597136964,-0.00045222386231232,-0.744912426020318,-3.51381936369854e-06
0.155630978507143,0.552540534361023,-0.00988994488621613,0.745469419732531,-0.000456620779309344,0.0612085411778874,-0.000455375084063326,-0.744915550854277,-3.2980829488341e-06
0.156710302441275,0.552539126804744,-0.00995861924413959,0.745470202354384,-0.000459820186676084,0.061208623737466,-0.000458548470544674,-0.744918718695357,-3.07585543251471e-06
0.15779711164708,0.55253769929934,-0.0100277716348318,0.745470995808499,-0.000463042461357071,0.0612087074066123,-0.000461744181861625,-0.744921930128647,-2.84698838638048e-06
0.158891458036027,0.552536251557271,-0.0100974054091843,0.74547180024397,-0.000466287775970645,0.0612087921996742,-0.000464962379359636,-0.744925185747004,-2.61133022924631e-06
0.159993393879601,0.552534783286729,-0.0101675239420285,0.74547261581192,-0.000469556304619471,0.0612088781311695,-0.000468203225635512,-0.744928486151153,-2.36872616218159e-06
0.161102971811794,0.552533294191564,-0.0102381306323149,0.745473442665526,-0.00047284822290667,0.0612089652157867,-0.000471466884548738,-0.744931831949784,-2.11901810225068e-06
0.162220244831628,0.55253178397122,-0.0103092289032938,0.745474280960051,-0.000476163707952122,0.0612090534683872,-0.000474753521232897,-0.744935223759655,-1.86204461523343e-06
0.163345266305675,0.552530252320667,-0.0103808222026975,0.745475130852867,-0.000479502938409,0.0612091429040063,-0.000478063302107263,-0.744938662205692,-1.59764084652764e-06
0.164478089970617,0.552528698930326,-0.0104529140029235,0.745475992503488,-0.000482866094480491,0.0612092335378551,-0.000481396394888469,-0.744942147921087,-1.32563845122585e-06
0.165618769935804,0.552527123486002,-0.0105255078012197,0.745476866073593,-0.000486253357936894,0.0612093253853219,-0.000484752968602364,-0.74494568154741,-1.04586552220759e-06
0.166767360685846,0.552525525668811,-0.0105986071198712,0.745477751727059,-0.000489664912132776,0.0612094184619736,-0.00048813319359597,-0.744949263734705,-7.58146517385039e-07
0.167923917083208,0.552523905155104,-0.0106722155063882,0.745478649629986,-0.00049310094202451,0.0612095127835575,-0.000491537241549599,-0.744952895141599,-4.62302184922603e-07
0.169088494370839,0.552522261616394,-0.0107463365336956,0.745479559950733,-0.000496561634187979,0.0612096083660026,-0.000494965285489088,-0.74495657643541,-1.58149487533565e-07
0.170261148174801,0.552520594719279,-0.0108209738003245,0.74548048285994,-0.000500047176836608,0.0612097052254212,-0.000498417499798199,-0.744960308292254,1.54498475277154e-07
0.171441934506935,0.552518904125364,-0.0108961309306047,0.745481418530565,-0.000503557759839544,0.0612098033781102,-0.000501894060231135,-0.744964091397153,4.75832545976385e-07
0.172630909767531,0.552517189491182,-0.010971811574859,0.745482367137908,-0.000507093574740224,0.061209902840553,-0.000505395143925238,-0.744967926444145,8.06047589979597e-07
0.173828130748022,0.552515450468114,-0.0110480194095996,0.74548332885965,-0.000510654814775115,0.0612100036294208,-0.000508920929413794,-0.744971814136395,1.1453425773772e-06
0.1750336546337,0.552513686702309,-0.0111247581377252,0.745484303875876,-0.000514241674892744,0.0612101057615737,-0.000512471596639024,-0.744975755186312,1.49392066721432e-06
0.176247539006444,0.552511897834597,-0.0112020314887204,0.745485292369114,-0.000517854351773022,0.061210209254063,-0.000516047326965197,-0.744979750315656,1.85198929270047e-06
0.177469841847474,0.552510083500409,-0.0112798432188566,0.74548629452436,-0.00052149304384683,0.0612103141241319,-0.000519648303191914,-0.744983800255658,2.21976024859794e-06
0.178700621540116,0.552508243329688,-0.0113581971113942,0.745487310529119,-0.000525157951315896,0.0612104203892173,-0.000523274709567546,-0.74498790574713,2.59744977999798e-06
0.179939936872594,0.552506376946802,-0.0114370969767872,0.74548834057343,-0.000528849276172947,0.061210528066951,-0.000526926731802825,-0.744992067540592,2.98527867299836e-06
0.181187847040838,0.552504483970457,-0.0115165466528886,0.745489384849904,-0.000532567222222141,0.0612106371751616,-0.000530604557084596,-0.744996286396379,3.38347234729586e-06
0.182444411651309,0.552502564013605,-0.0115965500051582,0.745490443553757,-0.000536311995099854,0.0612107477318755,-0.00053430837408974,-0.745000563084769,3.79226095037488e-06
0.183709690723849,0.55250061668335,-0.0116771109268716,0.745491516882842,-0.000540083802295723,0.0612108597553182,-0.000538038372999245,-0.745004898386099,4.21187945369439e-06
0.184983744694544,0.552498641580859,-0.0117582333393316,0.745492605037687,-0.000543882853173919,0.0612109732639162,-0.000541794745512462,-0.745009293090891,4.64256775062344e-06
0.186266634418617,0.552496638301265,-0.0118399211920803,0.745493708221529,-0.000547709358994945,0.0612110882762979,-0.000545577684861518,-0.74501374799997,5.08457075668045e-06
0.187558421173328,0.552494606433567,-0.0119221784631142,0.745494826640346,-0.000551563532937518,0.0612112048112949,-0.000549387385825901,-0.745018263924594,5.53813851111862e-06
0.188859166660905,0.552492545560535,-0.0120050091590997,0.745495960502899,-0.000555445590120877,0.0612113228879438,-0.000553224044747232,-0.745022841686575,6.00352628116196e-06
0.190168933011491,0.55249045525861,-0.0120884173155919,0.745497110020763,-0.000559355747627496,0.061211442525487,-0.00055708785954419,-0.745027482118408,6.48099466775409e-06
0.191487782786108,0.5524883350978,-0.0121724069972536,0.745498275408367,-0.000563294224525945,0.0612115637433743,-0.000560979029727643,-0.745032186063399,6.97080971380493e-06
0.192815778979652,0.552486184641576,-0.0122569822980775,0.74549945688303,-0.000567261241894226,0.0612116865612639,-0.000564897756415934,-0.745036954375796,7.47324301419994e-06
0.194152985023894,0.552484003446768,-0.0123421473416094,0.745500654664999,-0.000571257022843441,0.0612118109990238,-0.000568844242350375,-0.745041787920914,7.98857182827961e-06
0.195499464790516,0.552481791063459,-0.0124279062811735,0.745501868977486,-0.000575281792541765,0.061211937076733,-0.000572818691910905,-0.745046687575272,8.51707919417855e-06
0.196855282594159,0.552479547034871,-0.0125142633000996,0.74550310004671,-0.000579335778238758,0.0612120648146826,-0.000576821311131952,-0.745051654226725,9.0590540456903e-06
0.198220503195496,0.552477270897257,-0.0126012226119518,0.745504348101932,-0.000583419209290115,0.0612121942333769,-0.000580852307718475,-0.745056688774598,9.61479133125553e-06
0.199595191804325,0.552474962179787,-0.0126887884607598,0.745505613375496,-0.00058753231718273,0.0612123253535346,-0.000584911891062217,-0.745061792129817,1.01845921353927e-05
0.200979414082682,0.552472620404436,-0.0127769651212515,0.745506896102871,-0.000591675335560107,0.0612124581960899,-0.000589000272258133,-0.745066965215054,1.07687638021825e-05
0.202373236147981,0.552470245085861,-0.0128657568990874,0.74550819652269,-0.000595848500248186,0.0612125927821934,-0.00059311766412103,-0.74507220896486,1.13676200615975e-05
0.203776724576168,0.552467835731284,-0.0129551681310979,0.745509514876789,-0.000600052049281603,0.0612127291332131,-0.00059726428120241,-0.745077524325802,1.19814811580105e-05
0.205189946404906,0.552465391840374,-0.0130452031855211,0.745510851410252,-0.000604286222930198,0.0612128672707357,-0.00060144033980751,-0.745082912256609,1.26106739810616e-05
0.206612969136771,0.55246291290512,-0.0131358664622439,0.745512206371451,-0.000608551263726078,0.061213007216567,-0.000605646058012557,-0.74508837372831,1.32555321995104e-05
0.208045860742482,0.552460398409705,-0.0132271623930442,0.745513580012089,-0.000612847416490939,0.0612131489927332,-0.000609881655682223,-0.745093909724376,1.39163963971123e-05
0.209488689664142,0.55245784783038,-0.0133190954418353,0.745514972587243,-0.000617174928363953,0.0612132926214815,-0.000614147354487302,-0.745099521240867,1.45936142116471e-05
0.210941524818514,0.552455260635334,-0.0134116701049127,0.745516384355408,-0.000621534048829895,0.0612134381252809,-0.000618443377922607,-0.745105209286576,1.52875404762637e-05
0.212404435600306,0.552452636284559,-0.0135048909112022,0.745517815578541,-0.000625925029747856,0.0612135855268233,-0.000622769951325064,-0.745110974883177,1.59985373635596e-05
0.21387749188549,0.552449974229717,-0.0135987624225109,0.745519266522103,-0.000630348125380261,0.0612137348490235,-0.000627127301892058,-0.745116819065367,1.67269745328519e-05
0.215360764034637,0.552447273914004,-0.0136932892337791,0.745520737455109,-0.000634803592422427,0.0612138861150205,-0.000631515658699977,-0.745122742881025,1.74732292796548e-05
0.21685432289628,0.552444534772006,-0.0137884759733357,0.745522228650169,-0.000639291690032476,0.0612140393481778,-0.000635935252723003,-0.745128747391351,1.82376866885159e-05
0.218358239810298,0.552441756229563,-0.013884327303154,0.745523740383536,-0.000643812679861702,0.0612141945720837,-0.000640386316852108,-0.745134833671027,1.90207397883918e-05
0.21987258661132,0.552438937703618,-0.0139808479191114,0.745525272935155,-0.000648366826085513,0.0612143518105522,-0.000644869085914327,-0.745141002808363,1.98227897115072e-05
0.22139743563216,0.552436078602075,-0.0140780425512495,0.745526826588705,-0.000652954395434675,0.0612145110876232,-0.00064938379669221,-0.745147255905456,2.06442458546841e-05
0.222932859707273,0.552433178323644,-0.0141759159640376,0.745528401631652,-0.000657575657227162,0.0612146724275627,-0.000653930687943578,-0.745153594078338,2.14855260440988e-05
0.224478932176229,0.552430236257694,-0.0142744729566375,0.745529998355295,-0.000662230883400401,0.0612148358548633,-0.000658510000421453,-0.745160018457142,2.23470567030787e-05
0.22603572688722,0.552427251784092,-0.0143737183631708,0.745531617054814,-0.000666920348544001,0.0612150013942441,-0.000663121976894298,-0.745166530186249,2.32292730230482e-05
0.227603318200585,0.55242422427305,-0.0144736570529885,0.745533258029321,-0.00067164432993309,0.0612151690706512,-0.000667766862166466,-0.745173130424453,2.4132619137876e-05
0.229181780992365,0.552421153084959,-0.0145742939309422,0.745534921581911,-0.000676403107562017,0.0612153389092574,-0.000672444903098907,-0.74517982034512,2.50575483012466e-05
0.230771190657875,0.552418037570229,-0.0146756339376583,0.745536608019711,-0.000681196964178617,0.0612155109354625,-0.00067715634863015,-0.745186601136347,2.60045230677103e-05
0.23237162311531,0.552414877069121,-0.0147776820498134,0.74553831765393,-0.000686026185319027,0.0612156851748927,-0.00068190144979752,-0.745193474001123,2.69740154769521e-05
0.233983154809368,0.552411670911576,-0.0148804432804129,0.745540050799915,-0.000690891059343016,0.061215861653401,-0.000686680459758632,-0.745200440157497,2.7966507241628e-05
0.235605862714901,0.552408418417044,-0.0149839226790712,0.745541807777198,-0.000695791877469772,0.0612160403970663,-0.000691493633813147,-0.745207500838736,2.89824899384616e-05
0.237239824340596,0.552405118894305,-0.0150881253322938,0.745543588909554,-0.000700728933814374,0.0612162214321935,-0.000696341229424788,-0.745214657293494,3.00224652035469e-05
0.238885117732672,0.552401771641293,-0.0151930563637631,0.745545394525054,-0.000705702525424685,0.0612164047853128,-0.000701223506243646,-0.745221910785977,3.10869449306889e-05
0.240541821478611,0.552398375944914,-0.0152987209346244,0.745547224956113,-0.000710712952318879,0.061216590483179,-0.000706140726128745,-0.745229262596111,3.21764514737977e-05
0.242210014710909,0.552394931080854,-0.0154051242437761,0.745549080539555,-0.000715760517523551,0.0612167785527711,-0.000711093153170901,-0.745236714019711,3.32915178529736e-05
0.24388977711086,0.552391436313397,-0.0155122715281605,0.745550961616659,-0.00072084552711232,0.0612169690212913,-0.000716081053715839,-0.745244266368648,3.4432687964478e-05
0.24558118891236,0.55238789089523,-0.0156201680630583,0.745552868533223,-0.000725968290245117,0.0612171619161643,-0.000721104696387634,-0.745251920971022,3.56005167945206e-05
0.247284330905736,0.552384294067245,-0.0157288191623843,0.745554801639614,-0.000731129119207981,0.0612173572650359,-0.000726164352112397,-0.74525967917133,3.67955706372242e-05
0.24899928444161,0.552380645058341,-0.0158382301789862,0.74555676129083,-0.00073632832945357,0.0612175550957723,-0.000731260294142293,-0.745267542330644,3.80184273163775e-05
0.250726131434783,0.552376943085222,-0.0159484065049453,0.745558747846556,-0.000741566239642177,0.0612177554364585,-0.000736392798079836,-0.745275511826778,3.92696764115463e-05
0.252464954368146,0.552373187352186,-0.0160593535718793,0.745560761671223,-0.000746843171683435,0.0612179583153973,-0.000741562141902478,-0.745283589054466,4.05499194882364e-05
0.254215836296621,0.552369377050918,-0.0161710768512478,0.745562803134067,-0.000752159450778628,0.0612181637611074,-0.000746768605987516,-0.745291775425538,4.18597703323309e-05
0.25597886085113,0.552365511360276,-0.0162835818546605,0.745564872609191,-0.00075751540546368,0.0612183718023219,-0.000752012473137312,-0.745300072369091,4.31998551887192e-05
0.257754112242586,0.552361589446066,-0.0163968741341866,0.745566970475623,-0.00076291136765274,0.0612185824679866,-0.000757294028604789,-0.745308481331672,4.45708130046574e-05
0.259541675265918,0.552357610460829,-0.0165109592826676,0.745569097117378,-0.000768347672682523,0.0612187957872578,-0.000762613560119285,-0.745317003777449,4.59732956772374e-05
0.261341635304121,0.552353573543604,-0.016625842934032,0.745571252923522,-0.000773824659357204,0.0612190117895006,-0.000767971357912697,-0.745325641188397,4.74079683056572e-05
0.263154078332332,0.552349477819707,-0.0167415307636125,0.74557343828823,-0.000779342669994097,0.0612192305042863,-0.00077336771474595,-0.745334395064469,4.88755094477655e-05
0.26497909092194,0.55234532240049,-0.0168580284884654,0.745575653610857,-0.00078490205047,0.0612194519613902,-0.000778802925935811,-0.745343266923783,5.03766113817555e-05
0.266816760244719,0.552341106383103,-0.0169753418676924,0.745577899295994,-0.00079050315026823,0.061219676190789,-0.000784277289382001,-0.745352258302797,5.19119803722851e-05
0.268667174076992,0.55233682885025,-0.0170934767027649,0.745580175753538,-0.00079614632252633,0.061219903222658,-0.000789791105594659,-0.745361370756494,5.34823369413295e-05
0.270530420803823,0.552332488869944,-0.0172124388378509,0.745582483398754,-0.000801831924084652,0.0612201330873682,-0.000795344677722148,-0.745370605858562,5.50884161444748e-05
0.27240658942324,0.552328085495248,-0.0173322341601432,0.745584822652344,-0.000807560315535479,0.0612203658154834,-0.000800938311579186,-0.745379965201575,5.67309678514843e-05
0.274295769550488,0.552323617764024,-0.0174528686001919,0.745587193940514,-0.000813331861273105,0.0612206014377566,-0.000806572315675325,-0.74538945039718,5.84107570326953e-05
0.276198051422303,0.552319084698669,-0.0175743481322368,0.745589597695038,-0.00081914692954442,0.0612208399851265,-0.000812247001243774,-0.745399063076274,6.01285640497162e-05
0.278113525901229,0.552314485305844,-0.0176966787745447,0.745592034353331,-0.000825005892500577,0.0612210814887145,-0.000817962682270595,-0.745408804889196,6.18851849523011e-05
0.280042284479955,0.552309818576209,-0.017819866589747,0.745594504358514,-0.000830909126249075,0.0612213259798197,-0.000823719675524218,-0.745418677505904,6.36814317795525e-05
0.281984419285683,0.552305083484141,-0.0179439176851815,0.745597008159487,-0.000836857010907063,0.061221573489916,-0.000829518300585354,-0.745428682616161,6.55181328674398e-05
0.283940023084533,0.552300278987456,-0.0180688382132344,0.745599546210997,-0.000842849930655032,0.0612218240506467,-0.000835358879877227,-0.745438821929723,6.73961331610073e-05
0.285909189285972,0.552295404027116,-0.018194634371687,0.745602118973709,-0.000848888273791586,0.0612220776938209,-0.000841241738696208,-0.745449097176522,6.93162945325648e-05
0.287892011947275,0.552290457526945,-0.0183213124040631,0.745604726914284,-0.000854972432788995,0.061222334451408,-0.000847167205242809,-0.745459510106851,7.12794961056362e-05
0.289888585778017,0.552285438393325,-0.0184488785999795,0.745607370505443,-0.000861102804349468,0.0612225943555331,-0.000853135610653029,-0.745470062491548,7.32866345840161e-05
0.291899006144599,0.552280345514893,-0.0185773392954984,0.745610050226046,-0.000867279789462497,0.0612228574384717,-0.000859147289030104,-0.745480756122186,7.53386245874038e-05
0.293923369074803,0.552275177762237,-0.0187067008734828,0.745612766561164,-0.000873503793462824,0.061223123732644,-0.000865202577476633,-0.745491592811253,7.74363989924504e-05
0.295961771262377,0.552269933987575,-0.0188369697639536,0.745615520002158,-0.000879775226089494,0.0612233932706094,-0.000871301816127078,-0.745502574392341,7.95809092797445e-05
0.298014310071653,0.552264613024441,-0.0189681524444492,0.745618311046748,-0.000886094501545625,0.0612236660850601,-0.000877445348180638,-0.745513702720332,8.17731258873355e-05
0.300081083542203,0.552259213687355,-0.0191002554403878,0.745621140199097,-0.000892462038559191,0.0612239422088153,-0.000883633519934561,-0.745524979671579,8.40140385697241e-05
0.302162190393513,0.55225373477149,-0.019233285325431,0.745624007969884,-0.000898878260444762,0.0612242216748139,-0.000889866680817789,-0.745536407144097,8.63046567637915e-05
0.304257730029708,0.552248175052339,-0.0193672487218511,0.745626914876381,-0.000905343595165954,0.0612245045161085,-0.000896145183425064,-0.745547987057741,8.86460099605857e-05
0.306367802544292,0.552242533285363,-0.0195021523008994,0.745629861442538,-0.000911858475399104,0.0612247907658573,-0.000902469383551376,-0.745559721354395,9.10391480836992e-05
0.308492508724934,0.552236808205647,-0.0196380027831777,0.745632848199056,-0.0009184233385977,0.0612250804573171,-0.000908839640226865,-0.745571611998154,9.34851418741556e-05
0.31063195005828,0.552230998527539,-0.0197748069390107,0.745635875683473,-0.000925038627057805,0.0612253736238355,-0.000915256315752087,-0.74558366097551,9.59850832819714e-05
0.312786228734801,0.552225102944287,-0.0199125715888226,0.745638944440241,-0.000931704787984589,0.0612256702988424,-0.000921719775733738,-0.745595870295531,9.85400858641572e-05
0.314955447653674,0.552219120127667,-0.0200513036035141,0.745642055020811,-0.00093842227355969,0.061225970515842,-0.000928230389120757,-0.745608241990042,0.000101151285189907
0.317139710427697,0.55221304872761,-0.0201910099048424,0.745645207983718,-0.0009451915410097,0.0612262743084034,-0.000934788528240848,-0.745620778113814,0.000103819839252228
0.319339121388238,0.552206887371811,-0.0203316974658031,0.745648403894658,-0.000952013052675608,0.0612265817101519,-0.000941394568837452,-0.745633480744734,0.000106546928887022
0.321553785590219,0.552200634665344,-0.0204733733110144,0.745651643326581,-0.000958887276083266,0.0612268927547593,-0.000948048890107103,-0.745646351983995,0.000109333758198576
0.323783808817133,0.55219428919026,-0.0206160445171033,0.74565492685977,-0.000965814684015076,0.0612272074759334,-0.000954751874737258,-0.745659393956263,0.000112181554993082
0.326029297586097,0.552187849505181,-0.0207597182130934,0.745658255081933,-0.000972795754582367,0.0612275259074089,-0.000961503908944501,-0.745672608809867,0.000115091571218473
0.328290359152942,0.552181314144887,-0.0209044015807959,0.745661628588284,-0.000979830971299417,0.0612278480829353,-0.000968305382513235,-0.745685998716963,0.000118065083412555
0.330567101517332,0.552174681619898,-0.0210501018552011,0.745665047981637,-0.000986920823157912,0.0612281740362667,-0.000975156688834762,-0.745699565873716,0.000121103393157546
0.332859633427924,0.552167950416042,-0.0211968263248728,0.745668513872493,-0.000994065804703029,0.06122850380115,-0.000982058224946833,-0.745713312500472,0.000124207827543077
0.335168064387565,0.552161118994017,-0.0213445823323443,0.745672026879126,-0.00100126641611044,0.0612288374113129,-0.000989010391573627,-0.745727240841929,0.000127379739636446
0.337492504658521,0.552154185788952,-0.0214933772745166,0.745675587627681,-0.00100852316326441,0.0612291749004512,-0.000996013593166174,-0.745741353167306,0.000130620508960261
0.339833065267741,0.552147149209951,-0.0216432186030578,0.74567919675226,-0.00101583655783714,0.0612295163022165,-0.00100306823794322,-0.745755651770513,0.000133931541978632
0.342189858012163,0.552140007639631,-0.0217941138248047,0.745682854895015,-0.0010232071173692,0.0612298616502023,-0.00101017473793255,-0.745770138970315,0.000137314272590533
0.344562995464054,0.552132759433655,-0.021946070502166,0.745686562706246,-0.00103063536535124,0.0612302109779306,-0.00101733350901273,-0.745784817110501,0.000140770162631698
0.346952590976386,0.552125402920255,-0.0220990962535274,0.745690320844487,-0.00103812183130682,0.0612305643188374,-0.00102454497095536,-0.745799688560041,0.000144300702384526
0.349358758688252,0.552117936399742,-0.0222531987536579,0.745694129976611,-0.00104566705087645,0.0612309217062578,-0.00103180954746773,-0.745814755713249,0.000147907411095688
0.351781613530314,0.552110358144013,-0.022408385734118,0.745697990777916,-0.00105327156590291,0.0612312831734109,-0.00103912766623592,-0.745830020989938,0.000151591837503018
0.354221271230298,0.552102666396048,-0.022564664983669,0.745701903932232,-0.00106093592451772,0.0612316487533838,-0.00104649975896842,-0.745845486835578,0.000155355560369608
0.356677848318515,0.552094859369393,-0.0227220443486847,0.745705870132009,-0.00106866068122905,0.0612320184791152,-0.00105392626144016,-0.745861155721447,0.000159200189027292
0.359151462133436,0.552086935247639,-0.0228805317335628,0.745709890078424,-0.00107644639701074,0.0612323923833785,-0.001061407613537,-0.74587703014478,0.000163127363928317
0.361642230827288,0.552078892183892,-0.0230401351011397,0.745713964481475,-0.00108429363939259,0.0612327704987642,-0.0010689442593007,-0.745893112628915,0.00016713875720567
0.364150273371703,0.552070728300226,-0.0232008624731046,0.745718094060084,-0.00109220298255213,0.0612331528576621,-0.00107653664697435,-0.745909405723438,0.000171236073242376
0.366675709563398,0.552062441687134,-0.0233627219304158,0.7457222795422,-0.00110017500740752,0.0612335394922421,-0.00108418522904824,-0.745925912004322,0.000175421049249114
0.369218660029898,0.55205403040297,-0.0235257216137184,0.745726521664899,-0.00110821030171199,0.0612339304344352,-0.00109189046230624,-0.745942634074063,0.000179695455851586
0.371779246235299,0.552045492473371,-0.0236898697237614,0.745730821174485,-0.00111630946014939,0.0612343257159137,-0.00109965280787255,-0.745959574561816,0.000184061097686011
0.374357590486067,0.552036825890678,-0.0238551745218182,0.745735178826603,-0.00112447308443139,0.06123472536807,-0.00110747273125907,-0.745976736123522,0.00018851981400464
0.376953815936883,0.552028028613343,-0.0240216443301048,0.745739595386335,-0.00113270178339581,0.0612351294219962,-0.00111535070241304,-0.745994121442032,0.000193073479289485
0.379568046596523,0.552019098565328,-0.0241892875322027,0.745744071628311,-0.00114099617310652,0.0612355379084615,-0.00112328719576532,-0.74601173322723,0.000197724003876326
0.382200407333782,0.552010033635489,-0.0243581125734777,0.745748608336816,-0.00114935687695474,0.06123595085789,-0.00113128269027904,-0.746029574216153,0.000202473334587172
0.384851023883439,0.55200083167695,-0.0245281279615039,0.745753206305895,-0.00115778452576168,0.061236368300337,-0.00113933766949869,-0.746047647173097,0.000207323455372943
0.387520022852263,0.55199149050647,-0.0246993422664846,0.745757866339466,-0.00116627975788283,0.0612367902654654,-0.00114745262159975,-0.746065954889731,0.000212276387965227
0.390207531725059,0.551982007903796,-0.0248717641216756,0.74576258925143,-0.00117484321931348,0.0612372167825206,-0.00115562803943876,-0.746084500185195,0.000217334192537721
0.392913678870758,0.551972381611002,-0.0250454022238077,0.745767375865778,-0.00118347556379589,0.0612376478803051,-0.00116386442060375,-0.746103285906201,0.000222498968377421
0.395638593548549,0.551962609331819,-0.0252202653335099,0.745772227016707,-0.00119217745292796,0.0612380835871523,-0.0011721622674653,-0.746122314927125,0.000227772854565544
0.398382405914052,0.551952688730954,-0.0253963622757323,0.745777143548733,-0.00120094955627338,0.0612385239308989,-0.00118052208722791,-0.746141590150095,0.000233158030668645
0.401145247025537,0.551942617433396,-0.0255737019401686,0.7457821263168,-0.00120979255147338,0.0612389689388577,-0.00118894439198188,-0.746161114505071,0.000238656717438862
0.403927248850181,0.55193239302371,-0.025752293281679,0.745787176186403,-0.00121870712435983,0.0612394186377884,-0.00119742969875563,-0.74618089094992,0.000244271177524902
0.406728544270374,0.551922013045316,-0.0259321453207122,0.745792294033698,-0.00122769396907036,0.0612398730538678,-0.0012059785295685,-0.746200922470489,0.00025000371619277
0.409549267090063,0.551911474999759,-0.0261132671437269,0.745797480745619,-0.00123675378816455,0.0612403322126602,-0.00121459141148396,-0.746221212080664,0.000255856682056604
0.412389552041149,0.551900776345968,-0.0262956679036128,0.745802737220002,-0.00124588729274216,0.061240796139085,-0.00122326887666323,-0.74624176282243,0.0002618324678198
0.415249534789915,0.551889914499494,-0.0264793568201108,0.745808064365697,-0.00125509520256265,0.0612412648573853,-0.00123201146241941,-0.746262577765919,0.000267933511026219
0.418129351943512,0.551878886831742,-0.0266643431802317,0.745813463102691,-0.00126437824616673,0.0612417383910942,-0.001240819711272,-0.746283660009452,0.000274162294822189
0.421029141056481,0.55186769066919,-0.0268506363386747,0.745818934362232,-0.00127373716099913,0.0612422167630008,-0.00124969417100185,-0.746305012679577,0.000280521348727913
0.423949040637325,0.551856323292589,-0.0270382457182435,0.745824479086946,-0.00128317269353352,0.0612426999951154,-0.00125863539470651,-0.746326638931096,0.000287013249420459
0.426889190155123,0.551844781936155,-0.0272271808102623,0.745830098230963,-0.00129268559939872,0.0612431881086331,-0.00126764394085607,-0.746348541947082,0.000293640621526092
0.429849730046193,0.551833063786743,-0.0274174511749884,0.745835792760042,-0.00130227664350691,0.0612436811238968,-0.00127672037334933,-0.746370724938897,0.000300406138424136
0.432830801720801,0.551821165983007,-0.0276090664420245,0.745841563651694,-0.00131194660018345,0.0612441790603592,-0.00128586526157041,-0.746393191146189,0.000307312523060793
0.435832547569911,0.551809085614552,-0.0278020363107283,0.745847411895311,-0.0013216962532986,0.0612446819365435,-0.00129507918044578,-0.746415943836891,0.000314362548773262
0.438855110971994,0.551796819721064,-0.02799637055062,0.745853338492291,-0.00133152639640076,0.0612451897700034,-0.00130436271050162,-0.746438986307209,0.000321559040125402
0.441898636299867,0.551784365291427,-0.0281920790017875,0.745859344456168,-0.0013414378328518,0.0612457025772816,-0.00131371643792163,-0.746462321881594,0.000328904873753255
0.444963268927599,0.551771719262829,-0.0283891715752889,0.745865430812742,-0.00135143137596404,0.0612462203738674,-0.00132314095460518,-0.746485953912711,0.000336402979221523
0.448049155237445,0.55175887851985,-0.0285876582535521,0.745871598600209,-0.00136150784913905,0.0612467431741531,-0.00133263685822582,-0.746509885781402,0.000344056339890986
0.451156442626847,0.551745839893534,-0.0287875490907715,0.745877848869292,-0.00137166808600848,0.0612472709913895,-0.00134220475229016,-0.746534120896624,0.00035186799379594
0.454285279515466,0.551732600160446,-0.0289888542133018,0.745884182683376,-0.00138191293057653,0.0612478038376397,-0.00135184524619714,-0.746558662695395,0.000359841034533209
0.457435815352278,0.551719156041718,-0.0291915838200477,0.74589060111864,-0.00139224323736449,0.0612483417237323,-0.00136155895529752,-0.746583514642718,0.00036797861216134
0.46060820062271,0.551705504202072,-0.02939574818285,0.745897105264193,-0.00140265987155716,0.0612488846592126,-0.00137134650095383,-0.746608680231495,0.000376283934110405
0.463802586855826,0.551691641248833,-0.0296013576468686,0.745903696222211,-0.00141316370915111,0.0612494326522937,-0.00138120851060058,-0.74663416298243,0.000384760266103457
0.467019126631568,0.551677563730919,-0.0298084226309597,0.745910375108073,-0.00142375563710506,0.0612499857098048,-0.00139114561780472,-0.746659966443929,0.000393410933087229
0.470257973588042,0.551663268137824,-0.0300169536280505,0.745917143050501,-0.00143443655349211,0.0612505438371397,-0.00140115846232651,-0.74668609419197,0.000402239320175107
0.473519282428857,0.551648750898577,-0.0302269612055076,0.7459240011917,-0.00144520736765401,0.0612511070382032,-0.00141124769018056,-0.746712549829983,0.000411248873599501
0.476803208930514,0.551634008380687,-0.0304384560055011,0.745930950687496,-0.00145606900035739,0.0612516753153559,-0.00142141395369719,-0.746739336988696,0.000420443101675522
0.480109909949849,0.55161903688907,-0.0306514487453636,0.745937992707482,-0.00146702238395216,0.0612522486693584,-0.00143165791158401,-0.746766459325982,0.000429825575775256
0.483439543431522,0.551603832664963,-0.0308659502179433,0.745945128435159,-0.00147806846253189,0.0612528270993134,-0.00144198022898782,-0.746793920526689,0.000439399931312284
0.486792268415562,0.551588391884811,-0.0310819712919512,0.74595235906808,-0.00148920819209622,0.0612534106026069,-0.00145238157755656,-0.746821724302454,0.000449169868737165
0.490168245044966,0.551572710659151,-0.0312995229123033,0.745959685817999,-0.00150044254071549,0.0612539991748476,-0.00146286263550168,-0.746849874391505,0.000459139154542793
0.493567634573345,0.551556785031464,-0.0315186161004542,0.745967109911012,-0.00151177248869733,0.0612545928098051,-0.00147342408766049,-0.746878374558449,0.000469311622280727
0.496990599372628,0.551540610977018,-0.0317392619547265,0.745974632587712,-0.00152319902875567,0.0612551914993459,-0.00148406662555886,-0.746907228594042,0.000479691173587732
0.500437302940819,0.551524184401691,-0.0319614716506308,0.745982255103335,-0.00153472316618151,0.0612557952333693,-0.00149479094747391,-0.746936440314946,0.000490281779221918
0.503907909909802,0.551507501140776,-0.0321852564411808,0.745989978727908,-0.00154634591901644,0.0612564039997404,-0.00150559775849698,-0.746966013563475,0.000501087480109935
0.50740258605321,0.551490556957764,-0.0324106276571981,0.745997804746407,-0.00155806831822772,0.0612570177842217,-0.00151648777059658,-0.746995952207316,0.000512112388403957
0.510921498294339,0.551473347543115,-0.0326375967076108,0.746005734458906,-0.0015698914078862,0.0612576365704041,-0.00152746170268155,-0.747026260139236,0.000523360688547997
0.514464814714125,0.551455868513007,-0.032866175079743,0.746013769180731,-0.00158181624534608,0.0612582603396351,-0.00153852028066419,-0.747056941276781,0.000534836638354685
0.518032704559168,0.551438115408062,-0.0330963743395958,0.74602191024262,-0.00159384390142718,0.0612588890709459,-0.00154966423752348,-0.747087999561945,0.000546544570091817
0.52162533824982,0.551420083692063,-0.0333282061321188,0.746030158990874,-0.0016059754605995,0.061259522740977,-0.0015608943133684,-0.747119438960829,0.000558488891578057
0.525242887388322,0.551401768750642,-0.0335616821814723,0.746038516787524,-0.00161821202116998,0.0612601613239015,-0.00157221125550107,-0.747151263463284,0.000570674087288142
0.528885524767003,0.551383165889955,-0.0337968142912803,0.746046985010481,-0.00163055469547178,0.0612608047913472,-0.00158361581848006,-0.747183477082525,0.000583104719467403
0.532553424376533,0.551364270335335,-0.0340336143448712,0.746055565053705,-0.00164300461005584,0.0612614531123167,-0.00159510876418353,-0.747216083854739,0.000595785429255591
0.536246761414231,0.551345077229926,-0.0342720943055111,0.746064258327364,-0.00165556290588495,0.061262106253106,-0.00160669086187233,-0.747249087838663,0.00060872093781919
0.539965712292437,0.551325581633299,-0.0345122662166229,0.746073066257999,-0.00166823073853016,0.0612627641772208,-0.00161836288825301,-0.747282493115152,0.000621916047492621
0.543710454646936,0.551305778520041,-0.0347541422019954,0.746081990288688,-0.00168100927836975,0.0612634268452913,-0.00163012562754071,-0.747316303786719,0.000635375642928399
0.547481167345445,0.551285662778339,-0.0349977344659808,0.746091031879217,-0.00169389971079058,0.0612640942149851,-0.00164197987152179,-0.747350523977055,0.000649104692254709
0.551278030496154,0.551265229208527,-0.0352430552936791,0.746100192506242,-0.00170690323639209,0.0612647662409184,-0.00165392641961646,-0.747385157830536,0.000663108248241784
0.55510122545633,0.551244472521622,-0.0354901170511098,0.746109473663467,-0.00172002107119278,0.0612654428745648,-0.00166596607894097,-0.747420209511696,0.0006773914494759
0.558950934840979,0.551223387337842,-0.0357389321853713,0.746118876861807,-0.00173325444683933,0.0612661240641625,-0.00167809966436975,-0.747455683204691,0.000691959521540747
0.56282734253157,0.551201968185096,-0.0359895132247858,0.746128403629566,-0.00174660461081819,0.0612668097546199,-0.00169032799859706,-0.74749158311273,0.00070681777820622
0.566730633684818,0.551180209497461,-0.0362418727790296,0.74613805551261,-0.00176007282667003,0.0612674998874182,-0.00170265191219856,-0.747527913457489,0.000721971622624884
0.570660994741526,0.551158105613632,-0.0364960235392506,0.746147834074546,-0.00177366037420663,0.0612681944005129,-0.00171507224369229,-0.7475646784785,0.000737426548533732
0.574618613435493,0.551135650775356,-0.0367519782781689,0.746157740896894,-0.00178736854973072,0.0612688932282333,-0.0017275898395994,-0.74760188243252,0.000753188141464162
0.578603678802477,0.551112839125846,-0.0370097498501633,0.746167777579269,-0.00180119866625839,0.0612695963011788,-0.00174020555450444,-0.747639529592865,0.000769262079956284
0.582616381189231,0.551089664708169,-0.03726935119134,0.746177945739565,-0.00181515205374431,0.061270303546115,-0.00175292025111511,-0.747677624248733,0.000785654136780639
0.586656912262587,0.551066121463618,-0.0375307953195875,0.746188247014132,-0.00182923005930975,0.0612710148858656,-0.00176573480032164,-0.747716170704495,0.000802370180164019
0.590725465018618,0.551042203230062,-0.0377940953346115,0.746198683057965,-0.00184343404747365,0.0612717302392039,-0.00177865008125546,-0.747755173278956,0.000819416175021265
0.594822233791852,0.551017903740275,-0.0380592644179544,0.746209255544887,-0.00185776540038613,0.0612724495207413,-0.00179166698134741,-0.747794636304602,0.000836798184191218
0.598947414264556,0.550993216620244,-0.0383263158329957,0.746219966167738,-0.00187222551806547,0.0612731726408134,-0.0018047863963853,-0.747834564126807,0.000854522369677285
0.603101203476082,0.550968135387456,-0.0385952629249341,0.746230816638566,-0.0018868158186375,0.061273899505365,-0.00181800923057074,-0.747874961103026,0.000872594993891168
0.607283799832281,0.550942653449165,-0.0388661191207508,0.746241808688815,-0.00190153773857859,0.0612746300158316,-0.00183133639657534,-0.747915831601948,0.000891022420901416
0.611495403114975,0.550916764100637,-0.0391388979291526,0.74625294406952,-0.00191639273296106,0.0612753640690194,-0.00184476881559607,-0.747957180002631,0.000909811117683235
0.615736214491506,0.550890460523374,-0.0394136129404949,0.746264224551505,-0.00193138227570221,0.061276101556983,-0.00185830741740988,-0.747999010693604,0.000928967655372259
0.620006436524339,0.55086373578332,-0.0396902778266847,0.746275651925574,-0.00194650785981611,0.0612768423669006,-0.00187195314042743,-0.74804132807194,0.000948498710519358
0.624306273180741,0.550836582829044,-0.0399689063410609,0.746287228002715,-0.00196177099766888,0.0612775863809472,-0.00188570693174593,-0.748084136542305,0.00096841106634768
0.628635929842521,0.550808994489899,-0.0402495123182544,0.746298954614298,-0.00197717322123679,0.0612783334761649,-0.00189956974720102,-0.748127440515967,0.000988711614010096
0.632995613315842,0.550780963474168,-0.040532109674024,0.746310833612282,-0.00199271608236811,0.0612790835243317,-0.00191354255141764,-0.748171244409789,0.00100940735384769
0.637385531841099,0.550752482367184,-0.0408167124050713,0.746322866869413,-0.00200840115304796,0.0612798363918274,-0.00192762631785989,-0.748215552645176,0.0010305053966477
0.641805895102865,0.550723543629428,-0.0411033345888295,0.746335056279439,-0.00202423002566656,0.0612805919394973,-0.00194182202887971,-0.748260369647002,0.00105201296490093
0.646256914239905,0.550694139594613,-0.041391990383231,0.746347403757313,-0.00204020431329119,0.0612813500225134,-0.00195613067576449,-0.748305699842507,0.00107393739405856
0.650738801855265,0.550664262467742,-0.0416826940264473,0.746359911239408,-0.00205632564994111,0.0612821104902333,-0.00197055325878334,-0.748351547660148,0.0010962861337854
0.655251772026422,0.550633904323148,-0.0419754598366054,0.74637258068373,-0.0020725956908666,0.0612828731860567,-0.00198509078723223,-0.748397917528436,0.00111906674921294
0.659796040315516,0.550603057102513,-0.0422703022114782,0.746385414070133,-0.00208901611283123,0.0612836379472799,-0.00199974427947767,-0.748444813874727,0.00114228692218704
0.664371823779638,0.55057171261287,-0.0425672356281473,0.746398413400535,-0.00210558861439795,0.0612844046049468,-0.00201451476299913,-0.748492241123986,0.00116595445251361
0.668979340981204,0.550539862524581,-0.0428662746426394,0.746411580699145,-0.00212231491621884,0.0612851729836984,-0.00202940327442988,-0.748540203697516,0.00119007725919862
0.673618811998395,0.550507498369297,-0.0431674338895343,0.746424918012679,-0.00213919676132859,0.0612859429016198,-0.00204441085959636,-0.748588706011654,0.001214663381683
0.678290458435663,0.550474611537901,-0.0434707280815464,0.746438427410589,-0.00215623591544212,0.0612867141700842,-0.00205953857355614,-0.748637752476432,0.00123972098107228
0.682994503434323,0.550441193278431,-0.0437761720090737,0.746452110985287,-0.00217343416725574,0.0612874865935948,-0.00207478748063392,-0.748687347494201,0.00126525834135904
0.687731171683206,0.550407234693978,-0.0440837805397209,0.746465970852382,-0.00219079332875252,0.0612882599696244,-0.00209015865445618,-0.748737495458231,0.00129128387063734
0.692500689429393,0.550372726740575,-0.0443935686177901,0.746480009150905,-0.00220831523551192,0.0612890340884521,-0.00210565317798384,-0.748788200751257,0.00131780610231017
0.697303284489026,0.550337660225062,-0.0447055512637409,0.746494228043548,-0.00222600174702309,0.0612898087329976,-0.00212127214354317,-0.748839467744007,0.00134483369628652
0.70213918625818,0.550302025802931,-0.0450197435736198,0.746508629716902,-0.00224385474700295,0.0612905836786536,-0.00213701665285483,-0.748891300793687,0.00137237544016952
0.70700862572383,0.550265813976159,-0.0453361607184569,0.746523216381697,-0.0022618761437181,0.061291358693115,-0.00215288781706089,-0.748943704242427,0.00140044025043293
0.71191183547488,0.550229015091016,-0.0456548179436297,0.746537990273047,-0.00228006787031167,0.0612921335362056,-0.00216888675674987,-0.748996682415696,0.00142903717358661
0.716849049713269,0.550191619335865,-0.0459757305681945,0.746552953650692,-0.00229843188513383,0.0612929079597033,-0.00218501460197966,-0.749050239620678,0.00145817538732929
0.721820504265165,0.550153616738935,-0.0462989139841827,0.746568108799249,-0.00231697017207794,0.0612936817071616,-0.00220127249229828,-0.74910438014461,0.00148786420168759
0.726826436592224,0.550114997166084,-0.0466243836558639,0.746583458028467,-0.00233568474092054,0.0612944545137293,-0.00221766157676237,-0.749159108253084,0.00151811306014096
0.731867085802933,0.550075750318543,-0.0469521551189725,0.746599003673476,-0.00235457762766651,0.0612952261059678,-0.00223418301395345,-0.749214428188315,0.00154893154073119
0.736942692664033,0.550035865730645,-0.0472822439798989,0.746614748095048,-0.00237365089489897,0.0612959962016655,-0.00225083797199164,-0.74927034416736,0.00158032935715546
0.742053499612018,0.549995332767541,-0.0476146659148457,0.74663069367986,-0.00239290663213414,0.0612967645096502,-0.0022676276285471,-0.749326860380317,0.00161231635984166
0.747199750764715,0.549954140622891,-0.0479494366689439,0.74664684284075,-0.00241234695618152,0.0612975307295987,-0.00228455317084884,-0.749383980988471,0.00164490253700678
0.752381691932944,0.549912278316554,-0.0482865720553353,0.746663198016991,-0.00243197401150885,0.0612982945518446,-0.00230161579569089,-0.749441710122406,0.00167809801569385
0.757599570632259,0.549869734692255,-0.0486260879542134,0.74667976167456,-0.00245178997061278,0.0612990556571827,-0.00231881670943587,-0.749500051880085,0.00171191306278984
0.762853636094773,0.549826498415239,-0.0489680003118274,0.746696536306407,-0.00247179703439483,0.061299813716672,-0.00233615712801575,-0.749559010324883,0.00174635808602208
0.768144139281058,0.549782557969913,-0.0493123251394465,0.746713524432736,-0.00249199743254271,0.0613005683914357,-0.00235363827692979,-0.749618589483589,0.00178144363493055
0.773471332892138,0.549737901657478,-0.0496590785122837,0.746730728601282,-0.00251239342391776,0.0613013193324592,-0.00237126139123955,-0.749678793344363,0.00181718040181872
0.778835471381553,0.549692517593542,-0.0500082765683801,0.746748151387596,-0.00253298729694768,0.0613020661803856,-0.00238902771556091,-0.749739625854663,0.00185357922267737
0.784236810967519,0.549646393705723,-0.0503599355074466,0.74676579539533,-0.00255378137002564,0.061302808565309,-0.00240693850405302,-0.749801090919124,0.00189065107808356
0.78967560964516,0.54959951773125,-0.0507140715896657,0.746783663256527,-0.00257477799191512,0.0613035461065655,-0.00242499502040412,-0.749863192397408,0.00192840709407194
0.795152127198837,0.549551877214537,-0.0510707011344499,0.746801757631917,-0.00259597954216131,0.0613042784125217,-0.00244319853781408,-0.74992593410201,0.00196685854297846
0.800666625214554,0.54950345950476,-0.0514298405191584,0.746820081211209,-0.00261738843150874,0.0613050050803617,-0.00246155033897372,-0.749989319796027,0.00200601684425294
0.806219367092452,0.549454251753421,-0.0517915061777688,0.746838636713397,-0.00263900710232523,0.0613057256958712,-0.00248005171604059,-0.750053353190893,0.00204589356524248
0.811810618059391,0.549404240911895,-0.0521557145995071,0.746857426887061,-0.00266083802903284,0.0613064398332196,-0.00249870397061148,-0.750118037944069,0.00208650042194203
0.817440645181619,0.549353413728982,-0.052522482327432,0.746876454510676,-0.00268288371854551,0.0613071470547404,-0.00251750841369117,-0.750183377656705,0.00212784927971171
0.823109717377527,0.549301756748443,-0.0528918259569756,0.74689572239292,-0.0027051467107136,0.0613078469107092,-0.00253646636565774,-0.750249375871255,0.00216995215395938
0.828818105430497,0.549249256306524,-0.0532637621344368,0.746915233372998,-0.00272762957877605,0.0613085389391194,-0.00255557915622401,-0.750316036069062,0.00221282121078886
0.834566082001833,0.549195898529488,-0.0536383075554319,0.746934990320951,-0.00275033492981919,0.061309222665457,-0.00257484812439532,-0.750383361667907,0.00225646876760849
0.840353921643785,0.549141669331128,-0.0540154789632962,0.746954996137986,-0.00277326540524366,0.061309897602472,-0.00259427461842334,-0.750451356019514,0.00230090729370408
0.846181900812664,0.54908655441028,-0.0543952931474403,0.746975253756798,-0.00279642368123888,0.0613105632499491,-0.00261385999575597,-0.750520022407028,0.00234614941076994
0.852050297882047,0.54903053924833,-0.0547777669416599,0.746995766141904,-0.00281981246926512,0.0613112190944761,-0.00263360562298324,-0.750589364042452,0.00239220789340039
0.857959393156072,0.548973609106721,-0.0551629172223963,0.747016536289977,-0.00284343451654451,0.0613118646092103,-0.00265351287577903,-0.750659384064054,0.0024390956695387
0.863909468882829,0.548915749024449,-0.0555507609069506,0.747037567230184,-0.00286729260655906,0.0613124992536438,-0.00267358313883865,-0.750730085533734,0.00248682582088167
0.86990080926784,0.548856943815566,-0.0559413149516489,0.747058862024526,-0.0028913895595585,0.0613131224733669,-0.00269381780581216,-0.750801471434361,0.00253541158323994
0.875933700487633,0.548797178066674,-0.0563345963499587,0.747080423768189,-0.00291572823307593,0.0613137336998291,-0.00271421827923325,-0.750873544667077,0.00258486634685223
0.882008430703416,0.548736436134422,-0.0567306221305566,0.747102255589891,-0.00294031152245279,0.0613143323501001,-0.00273478597044386,-0.750946308048566,0.00263520365665099
0.888125290074835,0.548674702143001,-0.0571294093553468,0.747124360652239,-0.00296514236137292,0.0613149178266282,-0.00275552229951416,-0.751019764308293,0.00268643721248002
0.894284570773836,0.548611959981639,-0.0575309751174287,0.747146742152085,-0.00299022372240607,0.0613154895169977,-0.00277642869515797,-0.751093916085715,0.00273858086926171
0.900486566998624,0.5485481933021,-0.0579353365390158,0.747169403320889,-0.00301555861756082,0.0613160467936845,-0.0027975065946436,-0.751168765927451,0.00279164863711195
0.906731574987708,0.548483385516182,-0.058342510769304,0.747192347425088,-0.00304115009884755,0.0613165890138115,-0.0028187574436999,-0.751244316284439,0.00284565468140252
0.913019893034057,0.548417519793221,-0.0587525149822888,0.747215577766463,-0.00306700125885136,0.0613171155189018,-0.00284018269641755,-0.751320569509049,0.00290061332276964
0.919351821499347,0.548350579057594,-0.0591653663745313,0.747239097682515,-0.00309311523131545,0.0613176256346313,-0.00286178381514539,-0.751397527852179,0.00295653903706561
0.925727662828307,0.548282545986234,-0.0595810821628749,0.747262910546847,-0.00311949519173504,0.0613181186705802,-0.00288356227038195,-0.751475193460319,0.00301344645525525
0.932147721563161,0.548213403006139,-0.0599996795821086,0.74728701976954,-0.00314614435796216,0.0613185939199836,-0.00290551954066184,-0.751553568372589,0.00307135036325229
0.938612304358183,0.548143132291899,-0.0604211758825797,0.747311428797546,-0.00317306599082148,0.0613190506594811,-0.00292765711243708,-0.751632654517761,0.00313026570169739
0.945121719994339,0.548071715763221,-0.0608455883277551,0.747336141115074,-0.00320026339473758,0.0613194881488659,-0.00294997647995339,-0.751712453711243,0.00319020756567467
0.951676279394036,0.547999135082466,-0.0612729341917296,0.747361160243989,-0.00322773991837402,0.0613199056308331,-0.00297247914512105,-0.751792967652056,0.00325119120436712
0.958276295635973,0.547925371652193,-0.0617032307566841,0.747386489744205,-0.00325549895528421,0.0613203023307275,-0.00299516661738077,-0.751874197919781,0.00331323202064709
0.964922083970099,0.547850406612712,-0.062136495310289,0.747412133214093,-0.00328354394457422,0.0613206774562907,-0.00301804041356388,-0.751956145971489,0.0033763455706029
0.971613961832666,0.547774220839649,-0.0625727451430575,0.747438094290883,-0.00331187837157905,0.0613210301974085,-0.00304110205774741,-0.752038813138653,0.00344054756300077
0.978352248861393,0.547696794941518,-0.0630119975456459,0.747464376651076,-0.00334050576855043,0.0613213597258568,-0.00306435308110357,-0.752122200624042,0.00350585385867708
0.985137266910738,0.547618109257306,-0.0634542698061007,0.747490984010858,-0.00336942971535897,0.0613216651950489,-0.0030877950217437,-0.752206309498605,0.00357228046986546
0.991969340067262,0.547538143854074,-0.0638995792070546,0.747517920126515,-0.00339865384020872,0.0613219457397815,-0.00311142942455672,-0.752291140698334,0.00363984355945157
0.998848794665118,0.547456878524566,-0.0643479430228683,0.747545188794857,-0.00342818182036635,0.0613222004759812,-0.0031352578410419,-0.752376695021116,0.00370855944016002
1.00577595930163,0.547374292784834,-0.0647993785167212,0.74757279385364,-0.00345801738290365,0.0613224285004512,-0.00315928182913594,-0.752462973123581,0.00377844457366777
1.01275116485301,0.547290365871878,-0.0652539029376484,0.747600739181995,-0.00348816430545494,0.0613226288906184,-0.00318350295303438,-0.752549975517933,0.00384951556964586
1.01977474449012,0.547205076741303,-0.0657115335175263,0.747629028700858,-0.00351862641698891,0.0613228007042806,-0.00320792278300724,-0.752637702568782,0.00392178918472763
1.02684703369442,0.547118404064987,-0.066172287468004,0.747657666373408,-0.00354940759859575,0.0613229429793542,-0.00323254289520877,-0.752726154489959,0.00399528232140184
1.033968370274,0.547030326228771,-0.0666361819773844,0.747686656205498,-0.0035805117842892,0.0613230547336227,-0.00325736487148143,-0.75281533134134,0.00407001202682972
1.04113909437969,0.546940821330167,-0.0671032342074507,0.747716002246103,-0.00361194296182482,0.0613231349644861,-0.00328239029915392,-0.752905233025662,0.00414599549158678
1.0483595485213,0.546849867176078,-0.0675734612902418,0.747745708587755,-0.0036437051735343,0.0613231826487108,-0.00330762077083332,-0.75299585928534,0.00422325004832674
1.05563007758401,0.546757441280546,-0.068046880324775,0.747775779366999,-0.00367580251717554,0.0613231967421807,-0.00333305788419126,-0.753087209699284,0.00430179317036683
1.06295102884484,0.546663520862513,-0.0685235083737172,0.747806218764832,-0.00370823914680057,0.0613231761796491,-0.00335870324174408,-0.753179283679728,0.00438164247019468
1.07032275198921,0.546568082843606,-0.0690033624600025,0.74783703100716,-0.00374101927363953,0.0613231198744926,-0.00338455845062699,-0.753272080469053,0.00446281569789525
1.07774559912768,0.54647110384594,-0.0694864595633996,0.747868220365248,-0.00377414716700286,0.0613230267184654,-0.00341062512236223,-0.753365599136633,0.00454533073949848
1.08521992481272,0.546372560189949,-0.0699728166170261,0.747899791156181,-0.00380762715520117,0.0613228955814562,-0.00343690487262103,-0.753459838575682,0.00462920561524394
1.0927460860557,0.546272427892233,-0.070462450503812,0.747931747743314,-0.00384146362648302,0.0613227253112452,-0.00346339932097968,-0.753554797500112,0.00471445847776614
1.1003244423439,0.546170682663432,-0.0709553780529113,0.747964094536735,-0.00387566102999186,0.0613225147332648,-0.00349011009066935,-0.753650474441419,0.00480110761019692
1.10795535565772,0.54606729990612,-0.071451616036062,0.747996835993725,-0.00391022387674149,0.0613222626503606,-0.0035170388083199,-0.75374686774557,0.00488917142418538
1.11563919048792,0.545962254712731,-0.0719511811638957,0.748029976619222,-0.00394515674061101,0.0613219678425549,-0.00354418710369754,-0.753843975569925,0.00497866845783562
1.12337631385307,0.5458555218635,-0.0724540900821949,0.748063520966278,-0.00398046425935958,0.0613216290668131,-0.00357155660943631,-0.753941795880168,0.00506961737356065
1.13116709531708,0.545747075824437,-0.0729603593681015,0.748097473636529,-0.00401615113566126,0.0613212450568114,-0.00359914896076363,-0.754040326447275,0.00516203695585449
1.13901190700682,0.545636890745325,-0.0734700055262721,0.748131839280658,-0.00405222213816028,0.0613208145227074,-0.00362696579521947,-0.7541395648445,0.005255946108979
1.14691112362992,0.545524940457744,-0.0739830449849856,0.748166622598854,-0.00408868210254724,0.0613203361509133,-0.00365500875236966,-0.754239508444394,0.00535136385456875
1.15486512249268,0.54541119847312,-0.0744994940921979,0.748201828341287,-0.00412553593265673,0.061319808603872,-0.00368327947351292,-0.754340154415857,0.00544830932915191
1.16287428351806,0.545295637980807,-0.0750193691115484,0.748237461308562,-0.00416278860158624,0.0613192305198354,-0.00371177960138189,-0.754441499721223,0.00554680178158773
1.17093898926384,0.545178231846194,-0.0755426862183157,0.748273526352189,-0.0042004451528376,0.0613186005126465,-0.00374051077983806,-0.754543541113386,0.00564686057042063
1.1790596249409,0.545058952608838,-0.0760694614953243,0.748310028375047,-0.00423851070148064,0.0613179171715245,-0.00376947465356066,-0.754646275132961,0.00574850516115183
1.18723657843162,0.544937772480633,-0.0765997109288005,0.74834697233184,-0.00427699043533962,0.0613171790608523,-0.00379867286772953,-0.754749698105488,0.00585175512342789
1.19547024030838,0.544814663343999,-0.0771334504041806,0.748384363229562,-0.00431588961620305,0.0613163847199689,-0.00382810706770197,-0.75485380613869,0.00595663012814723
1.20376100385228,0.544689596750109,-0.0776706957018681,0.748422206127957,-0.00435521358105705,0.0613155326629641,-0.0038577788986836,-0.754958595119763,0.00606314994448481
1.21210926507183,0.544562543917143,-0.0782114624929435,0.74846050613997,-0.00439496774334293,0.0613146213784777,-0.00388769000539334,-0.755064060712735,0.00617133443683565
1.22051542272196,0.544433475728572,-0.0787557663348238,0.748499268432206,-0.00443515759423883,0.0613136493295019,-0.00391784203172254,-0.755170198355861,0.00628120356167861
1.22897987832301,0.544302362731472,-0.0793036226668743,0.748538498225378,-0.00447578870396659,0.0613126149531886,-0.00394823662038802,-0.75527700325909,0.00639277736435856
1.23750303617991,0.544169175134872,-0.079855046805971,0.748578200794756,-0.00451686672312371,0.0613115166606596,-0.00397887541257969,-0.755384470401576,0.00650607597579278
1.24608530340153,0.544033882808132,-0.0804100539420149,0.74861838147061,-0.00455839738404039,0.0613103528368222,-0.004009760047602,-0.755492594529262,0.00662111960909617
1.25472708992008,0.543896455279353,-0.0809686591333971,0.748659045638649,-0.00460038650216371,0.0613091218401887,-0.00404089216251005,-0.755601370152521,0.00673792855613292
1.26342880851072,0.543756861733817,-0.0815308773024163,0.748700198740459,-0.0046428399774671,0.0613078220027003,-0.00407227339173976,-0.755710791543869,0.00685652318398955
1.27219087481126,0.543615071012464,-0.0820967232306475,0.748741846273929,-0.00468576379588688,0.0613064516295559,-0.00410390536673269,-0.755820852735743,0.00697692393137628
1.28101370734203,0.543471051610394,-0.0826662115542626,0.748783993793676,-0.00472916403078638,0.0613050089990457,-0.00413578971555516,-0.755931547518353,0.00709915130495353
1.28989772752585,0.543324771675411,-0.0832393567593016,0.748826646911469,-0.00477304684444722,0.0613034923623894,-0.00416792806251205,-0.756042869437612,0.00722322587558782
1.29884335970818,0.543176199006595,-0.0838161731768971,0.748869811296632,-0.00481741848958821,0.0613018999435804,-0.00420032202775517,-0.756154811793137,0.00734916827453802
1.30785103117738,0.543025301052901,-0.0843966749784489,0.748913492676457,-0.00486228531091332,0.0613002299392338,-0.00423297322688625,-0.756267367636339,0.00747699918957201
1.31692117218509,0.542872044911806,-0.0849808761707507,0.748957696836594,-0.00490765374668789,0.0612984805184408,-0.00426588327055487,-0.756380529768583,0.00760673936101836
1.32605421596686,0.542716397327976,-0.0855687905910681,0.749002429621447,-0.00495353033034331,0.0612966498226282,-0.00429905376405108,-0.756494290739451,0.00773840957775246
1.33525059876274,0.542558324691974,-0.0861604319021675,0.749047696934551,-0.00499992169211234,0.0612947359654235,-0.00433248630689306,-0.756608642845075,0.00787203067312042
1.34451075983821,0.542397793038997,-0.0867558135872967,0.749093504738944,-0.00504683456069303,0.0612927370325254,-0.00436618249240978,-0.756723578126571,0.00800762352080236
1.3538351415051,0.542234768047654,-0.0873549489451153,0.749139859057527,-0.00509427576494345,0.0612906510815809,-0.00440014390731876,-0.756839088368565,0.008145209030617
1.36322418914273,0.542069215038768,-0.0879578510845763,0.74918676597342,-0.00514225223560653,0.061288476142067,-0.00443437213129904,-0.756955165097809,0.00828480814427029
1.37267835121923,0.541901098974225,-0.0885645329197583,0.749234231630298,-0.00519077100706557,0.0612862102151799,-0.00446886873655956,-0.7570717995819,0.00842644183105062
1.38219807931287,0.541730384455844,-0.0891750071646467,0.749282262232722,-0.00523983921913176,0.0612838512737295,-0.00450363528740275,-0.757188982828095,0.00857013108347254
1.39178382813373,0.541557035724293,-0.0897892863278651,0.749330864046455,-0.005289464118862,0.0612813972620401,-0.00453867333978386,-0.757306705582231,0.00871589691287206
1.40143605554534,0.541381016658031,-0.0904073827073562,0.749380043398764,-0.00533965306240916,0.0612788460958577,-0.00457398444086575,-0.757424958327746,0.00886376034495517
1.4111552225866,0.541202290772293,-0.0910293083850102,0.749429806678714,-0.00539041351690472,0.061276195662264,-0.00460957012856945,-0.75754373128481,0.00901374241530417
1.42094179349378,0.541020821218101,-0.0916550752212432,0.749480160337442,-0.00544175306237296,0.0612734438195965,-0.00464543193112057,-0.757663014409561,0.00916586416484294
1.43079623572268,0.540836570781323,-0.0922846948495218,0.749531110888417,-0.00549367939367895,0.0612705883973755,-0.00468157136659168,-0.75778279739345,0.00932014663526581
1.440719019971,0.540649501881751,-0.0929181786708356,0.749582664907687,-0.00554620032250897,0.0612676271962378,-0.00471798994244067,-0.757903069662705,0.00947661086443025
1.45071062020079,0.54045957657223,-0.0935555378481163,0.749634829034107,-0.00559932377938402,0.0612645579878771,-0.00475468915504536,-0.758023820377899,0.00963527788172031
1.46077151366109,0.540266756537816,-0.0941967833006018,0.749687609969553,-0.00565305781570805,0.0612613785149917,-0.00479167048923445,-0.758145038433643,0.00979616870338124
1.47090218091073,0.540071003094967,-0.0948419256981471,0.749741014479113,-0.00570741060584859,0.0612580864912389,-0.00482893541781471,-0.758266712458387,0.00995930432782882
1.48110310584131,0.539872277190782,-0.0954909754554777,0.749795049391267,-0.00576239044925295,0.0612546796011964,-0.00486648540109494,-0.758388830814346,0.0101247057309393
1.49137477570027,0.53967053940226,-0.0961439427263883,0.749849721598041,-0.00581800577259797,0.0612511555003312,-0.00490432188640641,-0.758511381597545,0.0102923938613189
1.50171768111418,0.539465749935616,-0.096800837397883,0.74990503805514,-0.00587426513197484,0.0612475118149754,-0.00494244630762015,-0.758634352637981,0.010462389635561
1.5121323161122,0.539257868625619,-0.097461669084258,0.74996100578207,-0.00593117721510855,0.0612437461423096,-0.00498086008466121,-0.75875773149991,0.0106347139334924
1.52261917814963,0.539046854934973,-0.0981264471211256,0.750017631862226,-0.00598875084361314,0.0612398560503534,-0.00501956462301986,-0.758881505482258,0.0108093875934115
1.53317876813171,0.53883266795374,-0.098795180559377,0.750074923442964,-0.00604699497528133,0.0612358390779636,-0.00505856131326,-0.759005661619157,0.0109864314073249
1.54381159043753,0.538615266398799,-0.0994678781590849,0.750132887735651,-0.00610591870641095,0.0612316927348397,-0.0050978515305249,-0.7591301866806,0.0111658661161826
1.55451815294413,0.538394608613344,-0.100144548383344,0.750191532015682,-0.00616553127416586,0.0612274145015369,-0.00513743663404025,-0.759255067173229,0.011347712405119
1.56529896705074,0.538170652566425,-0.100825199392049,0.750250863622485,-0.00622584205897431,0.0612230018294869,-0.00517731796661489,-0.759380289341244,0.0115319908987017
1.57615454770323,0.537943355852525,-0.101509839035604,0.750310889959485,-0.00628686058696226,0.0612184521410262,-0.00521749685413917,-0.759505839167443,0.0117187221561929
1.58708541341869,0.537712675691186,-0.102198474848573,0.750371618494056,-0.00634859653242376,0.0612137628294319,-0.00525797460508106,-0.759631702374381,0.0119079266668259
1.5980920863102,0.537478568926672,-0.102891114043259,0.750433056757429,-0.00641105972032749,0.0612089312589661,-0.00529875250998023,-0.759757864425668,0.0120996248451032
1.60917509211179,0.537240992027675,-0.103587763503216,0.750495212344587,-0.00647426012886013,0.0612039547649264,-0.00533983184094029,-0.759884310527382,0.0122938370261184
1.62033496020352,0.536999901087068,-0.10428842977669,0.750558092914119,-0.00653820789200679,0.0611988306537063,-0.00538121385111902,-0.760011025629617,0.0124905834609058
1.63157222363676,0.536755251821705,-0.104993119069993,0.750621706188047,-0.00660291330216781,0.0611935562028614,-0.00542289977421714,-0.760137994428151,0.0126898843118237
1.64288741915971,0.53650699957226,-0.105701837240802,0.75068605995162,-0.00666838681281304,0.0611881286611851,-0.00546489082396532,-0.760265201366248,0.0128917596479736
1.65428108724297,0.536255099303117,-0.106414589791384,0.75075116205308,-0.00673463904117308,0.0611825452487908,-0.00550718819360993,-0.760392630636578,0.0130962294406595
1.6657537721054,0.535999505602316,-0.107131381861748,0.750817020403383,-0.00680168077096785,0.0611768031572033,-0.00554979305539733,-0.760520266183265,0.013303313558894
1.67730602174008,0.535740172681534,-0.107852218222719,0.750883642975898,-0.00686952295517262,0.061170899549457,-0.00559270656005712,-0.760648091704061,0.0135130317649514
1.68893838794052,0.535477054376132,-0.108577103268934,0.750951037806063,-0.00693817671882085,0.0611648315602028,-0.00563592983628419,-0.760776090652638,0.013725403709975
1.70065142632699,0.535210104145242,-0.109306041011761,0.751019212991004,-0.00700765336184508,0.0611585962958225,-0.00567946399021993,-0.760904246241007,0.0139404489296408
1.71244569637308,0.534939275071921,-0.11003903507213,0.751088176689115,-0.00707796436195526,0.0611521908345511,-0.00572331010493256,-0.761032541442053,0.0141581868398848
1.72432176143241,0.534664519863346,-0.110776088673293,0.751157937119605,-0.00714912137755364,0.0611456122266079,-0.00576746923989673,-0.761160958992192,0.0143786367326923
1.73628018876552,0.534385790851084,-0.111517204633486,0.751228502561998,-0.00722113625068857,0.0611388574943339,-0.00581194243047257,-0.761289481394144,0.014601817771959
1.74832154956701,0.534103039991406,-0.112262385358515,0.751299881355592,-0.00729402101004456,0.061131923632339,-0.00585673068738425,-0.76141809091982,0.0148277489894262
1.7604464189928,0.533816218865669,-0.113011632834253,0.75137208189888,-0.00736778787397041,0.0611248076076561,-0.00590183499619807,-0.761546769613327,0.0150564492806906
1.77265537618758,0.533525278680765,-0.113764948619045,0.751445112648924,-0.00744244925354434,0.0611175063599031,-0.00594725631680045,-0.761675499294079,0.015287937401298
1.78494900431252,0.533230170269629,-0.114522333836023,0.751518982120681,-0.00751801775567701,0.0611100168014534,-0.00599299558287556,-0.761804261560024,0.015522231962922
1.79732789057308,0.532930844091821,-0.115283789165332,0.751593698886289,-0.00759450618625113,0.0611023358176137,-0.00603905370138302,-0.76193303779097,0.0157593514296295
1.80979262624709,0.53262725023417,-0.116049314836259,0.751669271574303,-0.00767192755329854,0.0610944602668107,-0.00608543155203557,-0.762061809152022,0.0159993141142425
1.82234380671297,0.532319338411501,-0.116818910619268,0.751745708868878,-0.00775029507021457,0.0610863869807845,-0.00613212998677693,-0.762190556597117,0.0162421381747932
1.83498203147818,0.532007057967432,-0.117592575817938,0.751823019508912,-0.00782962215900868,0.0610781127647909,-0.00617914982925978,-0.762319260872662,0.0164878416110806
1.84770790420785,0.531690357875246,-0.118370309260802,0.751901212287123,-0.00790992245359237,0.0610696343978109,-0.00622649187432414,-0.762447902521262,0.0167364422613304
1.86052203275364,0.531369186738852,-0.119152109293087,0.751980296049092,-0.00799120980310392,0.0610609486327687,-0.00627415688747615,-0.762576461885545,0.0169879577989628
1.87342502918271,0.531043492793824,-0.119937973768352,0.752060279692234,-0.00807349827526815,0.0610520521967573,-0.00632214560436727,-0.762704919112079,0.0172424057294679
1.88641750980704,0.530713223908531,-0.120727900040022,0.752141172164728,-0.00815680215979411,0.0610429417912718,-0.00637045873027405,-0.762833254155371,0.017499803387397
1.89950009521279,0.530378327585351,-0.121521884952824,0.752222982464378,-0.00824113597180764,0.0610336140924504,-0.00641909693957868,-0.762961446781947,0.0177601679334704
1.91267341029,0.530038750961985,-0.122319924834105,0.752305719637431,-0.00832651445531971,0.0610240657513243,-0.00646806087525012,-0.763089476574522,0.0180235163518038
1.92593808426241,0.529694440812869,-0.123122015485057,0.75238939277732,-0.00841295258673008,0.061014293394074,-0.00651735114832597,-0.763217322936234,0.0182898654472562
1.93929475071751,0.529345343550682,-0.123928152171826,0.752474011023357,-0.00850046557836676,0.0610042936222943,-0.00656696833739543,-0.763344965094956,0.0185592318429065
1.95274404763682,0.528991405227957,-0.124738329616512,0.752559583559363,-0.00858906888205899,0.0609940630132668,-0.00661691298808296,-0.763472382107673,0.0188316319776544
1.96628661742637,0.528632571538809,-0.125552541988061,0.752646119612226,-0.00867877819274565,0.0609835981202403,-0.00666718561253304,-0.763599552864929,0.019107082103953
1.97992310694735,0.528268787820769,-0.126370782893044,0.752733628450404,-0.00876960945211708,0.0609728954727189,-0.00671778668889596,-0.763726456095326,0.0193855982856744
1.99365416754703,0.527899999056734,-0.127193045366326,0.752822119382358,-0.00886157885229052,0.060961951576758,-0.00676871666081479,-0.763853070370081,0.0196671963961113
2.00748045508988,0.52752614987704,-0.128019321861616,0.752911601754915,-0.00895470283951891,0.0609507629152677,-0.00681997593691331,-0.763979374107641,0.0199518921161118
2.0214026299889,0.527147184561661,-0.128849604241912,0.753002084951561,-0.00904899811793231,0.0609393259483246,-0.00687156489028539,-0.764105345578333,0.0202397009323579
2.03542135723711,0.526763047042534,-0.129683883769822,0.75309357839067,-0.00914448165331083,0.0609276371134905,-0.00692348385798552,-0.764230962909068,0.0205306381357824
2.0495373064394,0.526373680906024,-0.130522151097777,0.75318609152365,-0.00924117067689051,0.0609156928261399,-0.00697573314052068,-0.764356204088074,0.0208247188201275
2.06375115184445,0.52597902939552,-0.131364396258121,0.753279633833025,-0.00933908268919842,0.0609034894797943,-0.00702831300134347,-0.764481046969671,0.0211219578806486
2.07806357237695,0.525579035414183,-0.132210608653094,0.75337421483043,-0.00943823546392006,0.0608910234464647,-0.00708122366634683,-0.764605469279062,0.0214223700129635
2.09247525167004,0.525173641527839,-0.133060777044689,0.753469844054541,-0.00953864705179516,0.0608782910770023,-0.00713446532336006,-0.764729448617165,0.0217259697120471
2.10698687809795,0.524762789968021,-0.133914889544401,0.753566531068915,-0.0096403357845431,0.0608652887014558,-0.00718803812164633,-0.76485296246545,0.0220327712713733
2.12159914480891,0.524346422635184,-0.134772933602854,0.753664285459758,-0.00974332027881705,0.0608520126294381,-0.00724194217140173,-0.764975988190794,0.0223427887822058
2.1363127497582,0.523924481102071,-0.135634895999309,0.753763116833601,-0.00984761944018517,0.0608384591504994,-0.00729617754325593,-0.76509850305035,0.0226560361330376
2.15112839574156,0.523496906617255,-0.13650076283107,0.753863034814904,-0.00995325246713899,0.0608246245345087,-0.0073507442677743,-0.765220484196415,0.0229725270091788
2.1660467904287,0.523063640108856,-0.137370519502754,0.753964049043563,-0.0100602388551279,0.060810505032044,-0.00740564233496176,-0.765341908681304,0.0232922748924965
2.18106864639712,0.52262462218844,-0.138244150715466,0.754066169172334,-0.0101685984006183,0.0607960968747885,-0.00746087169376823,-0.765462753462211,0.0236152930613004
2.19619468116618,0.522179793155104,-0.139121640455842,0.754169404864171,-0.010278351205178,0.060781396275937,-0.0075164322515958,-0.765582995406067,0.0239415945903826
2.21142561723131,0.521729092999757,-0.140002971984995,0.754273765789467,-0.0103895176795827,0.0607663994306085,-0.00757232387380756,-0.765702611294375,0.0242711923512036
2.22676218209858,0.521272461409594,-0.140888127827338,0.754379261623206,-0.0105021185479454,0.0607511025162677,-0.00762854638323823,-0.765821577828039,0.0246040990122289
2.24220510831939,0.52080983777278,-0.141777089759298,0.754485902042017,-0.0106161748518668,0.0607355016931546,-0.00768509955970657,-0.76593987163215,0.0249403270394142
2.25775513352553,0.520341161183349,-0.142669838797925,0.754593696721137,-0.0107317079546062,0.0607195931047217,-0.00774198313952961,-0.766057469260758,0.0252798886968381
2.27341300046436,0.519866370446309,-0.143566355189388,0.754702655331271,-0.0108487395452705,0.0607033728780803,-0.00779919681503867,-0.766174347201601,0.0256227960474816
2.28917945703428,0.519385404082983,-0.144466618397371,0.754812787535352,-0.0109672916430222,0.0606868371244542,-0.00785674023409734,-0.766290481880795,0.0259690609541547
2.30505525632052,0.518898200336575,-0.145370607091359,0.754924102985202,-0.011087386601302,0.060669981939642,-0.00791461299962137,-0.766405849667485,0.0263186950805657
2.32104115663104,0.518404697177973,-0.14627829913483,0.755036611318089,-0.0112090471120683,0.0606528034044885,-0.00797281466910047,-0.766520426878441,0.0266717098925364
2.33713792153279,0.517904832311796,-0.147189671573339,0.755150322153172,-0.01133229621005,0.0606352975853636,-0.00803134475412215,-0.766634189782606,0.027028116659356
2.35334631988814,0.517398543182694,-0.148104700622514,0.755265245087849,-0.0114571572770105,0.0606174605346501,-0.00809020271989766,-0.766747114605577,0.0273879264552782
2.36966712589169,0.516885766981899,-0.149023361655957,0.755381389693985,-0.0115836540460245,0.0605992882912408,-0.00814938798478992,-0.766859177534039,0.0277511501611544
2.38610111910714,0.516366440654046,-0.149945629193052,0.755498765514036,-0.0117118106057621,0.060580776881044,-0.00820889991984368,-0.766970354720113,0.0281177984662036
2.40264908450462,0.51584050090426,-0.15087147688669,0.755617382057058,-0.0118416514047817,0.0605619223174971,-0.00826873784831783,-0.767080622285644,0.0284878818699167
2.41931181249812,0.515307884205525,-0.151800877510908,0.755737248794595,-0.011973201255829,0.0605427206020908,-0.00832890104521998,-0.767189956326413,0.0288614106840911
2.43609009898327,0.51476852680633,-0.152733802948454,0.755858375156461,-0.0121064853401391,0.0605231677249012,-0.00838938873684345,-0.767298332916262,0.0292383950349968
2.45298474537537,0.514222364738616,-0.15367022417827,0.755980770526393,-0.0122415292117423,0.0605032596651313,-0.00845020010030647,-0.767405728111142,0.0296188448656669
2.46999655864764,0.51366933382601,-0.154610111262917,0.756104444237587,-0.0123783588017694,0.0604829923916626,-0.00851133426309401,-0.767512117953065,0.0300027699383127
2.48712635136979,0.513109369692374,-0.155553433335917,0.756229405568112,-0.012517000422756,0.0604623618636155,-0.0085727903026021,-0.767617478473972,0.0303901798368599
2.50437494174681,0.512542407770658,-0.156500158589051,0.756355663736195,-0.0126574807729437,0.0604413640309193,-0.00863456724568477,-0.767721785699497,0.0307810839696026
2.52174315365806,0.511968383312077,-0.157450254259596,0.756483227895388,-0.0127998269405747,0.0604199948348926,-0.0086966640682037,-0.767825015652635,0.0311754915719715
2.53923181669665,0.511387231395613,-0.158403686617505,0.756612107129595,-0.0129440664081796,0.0603982502088332,-0.00875907969458074,-0.767927144357309,0.031573411709415
2.55684176620901,0.510798886937844,-0.159360420952555,0.756742310447978,-0.0130902270568545,0.0603761260786179,-0.00882181299735333,-0.768028147841819,0.0319748532803861
2.57457384333485,0.510203284703122,-0.160320421561449,0.756873846779722,-0.0132383371705264,0.0603536183633132,-0.008884862796733,-0.768128002142194,0.0323798250194366
2.59242889504728,0.509600359314091,-0.161283651734893,0.757006724968676,-0.013388425440203,0.0603307229757956,-0.00894822786016695,-0.768226683305422,0.0327883355004106
2.61040777419332,0.508990045262555,-0.162250073744638,0.757140953767848,-0.0135405209682063,0.0603074358233832,-0.00901190690190305,-0.768324167392566,0.0332003931397357
2.6285113395346,0.508372276920717,-0.163219648830518,0.75727654183377,-0.0136946532723854,0.0602837528084774,-0.00907589858255823,-0.768420430481757,0.0336160061998084
2.64674045578839,0.507746988552772,-0.164192337187464,0.757413497720713,-0.0138508522903071,0.0602596698292162,-0.0091402015086904,-0.768515448671067,0.0340351827924686
2.6650959936689,0.507114114326878,-0.165168097952526,0.757551829874774,-0.0140091483834219,0.0602351827801375,-0.00920481423237425,-0.768609198081257,0.0344579308825598
2.68357882992886,0.506473588327512,-0.166146889191891,0.757691546627807,-0.0141695723412007,0.0602102875528552,-0.00926973525078087,-0.768701654858396,0.0348842582915724
2.70218984740145,0.505825344568201,-0.167128667887921,0.757832656191216,-0.0143321553852415,0.0601849800367449,-0.00933496300576155,-0.768792795176346,0.0353141727013624
2.72092993504239,0.505169317004654,-0.168113389926211,0.757975166649599,-0.0144969291733423,0.0601592561196429,-0.00940049588343574,-0.768882595239121,0.0357476816579459
2.73979998797246,0.504505439548286,-0.169101010082669,0.758119085954241,-0.014663925803536,0.0601331116885559,-0.00946633221378376,-0.768971031283105,0.0361847925753617
2.75880090752022,0.503833646080155,-0.170091482010652,0.758264421916463,-0.0148331778180853,0.060106542630383,-0.00953247027024394,-0.769058079579137,0.0366255127395988
2.77793360126509,0.503153870465296,-0.171084758228132,0.758411182200812,-0.0150047182074349,0.0600795448326501,-0.0095989082693149,-0.769143716434457,0.0370698493125859
2.79719898308069,0.502466046567484,-0.172080790104937,0.758559374318103,-0.015178580414116,0.0600521141842562,-0.00966564437016299,-0.769227918194506,0.0375178093362359
2.81659797317847,0.501770108264412,-0.173079527850048,0.758709005618299,-0.0153547983366005,0.0600242465762325,-0.00973267667423498,-0.769310661244591,0.0379693997365431
2.83613149815172,0.501065989463294,-0.174080920498981,0.758860083283244,-0.015533406333102,0.0599959379025139,-0.00980000322487676,-0.769391922011405,0.038424627327728
2.85580049101974,0.500353624116909,-0.175084915901261,0.75901261431923,-0.015714439225318,0.0599671840607241,-0.00986762200695772,-0.7694716769644,0.0388834988164254
2.87560589127251,0.49963294624007,-0.176091460707986,0.759166605549408,-0.0158979323021126,0.0599379809529731,-0.00993553094650157,-0.769549902617013,0.039346020805911
2.89554864491548,0.498903889926549,-0.177100500359515,0.75932206360604,-0.0160839213231324,0.0599083244866677,-0.0100037279103237,-0.769626575527752,0.0398121998003618
2.91562970451479,0.498166389366434,-0.178111979073272,0.75947899492258,-0.0162724425223548,0.0598782105753364,-0.0100722107056754,-0.769701672301126,0.0402820422091479
2.93585002924278,0.497420378863952,-0.179125839831687,0.759637405725608,-0.0164635326115619,0.0598476351394671,-0.0101409770798951,-0.769775169588435,0.0407555543511474
2.95621058492378,0.496665792855732,-0.180142024370282,0.75979730202658,-0.0166572287837386,0.0598165941073585,-0.010210024720068,-0.769847044088405,0.0412327424590843
2.97671234408028,0.495902565929542,-0.181160473165922,0.759958689613433,-0.0168535687163888,0.0597850834159862,-0.0102793512526921,-0.769917272547674,0.0417136126838818
2.99735628597932,0.49513063284348,-0.182181125425234,0.760121574042003,-0.0170525905747656,0.0597530990118817,-0.0103489542433543,-0.769985831761136,0.042198171099027
3.01814339667932,0.494349928545631,-0.183203919073212,0.760285960627295,-0.017254333015012,0.0597206368520268,-0.010418831196414,-0.770052698572128,0.0426864237049452
3.03907466907719,0.493560388194197,-0.184228790742026,0.760451854434567,-0.0174588351872073,0.0596876929047613,-0.0104889795546958,-0.770117849872468,0.0431783764333746
3.06015110295567,0.492761947178096,-0.185255675760034,0.760619260270262,-0.0176661367383133,0.0596542631507059,-0.0105593966991928,-0.770181262602352,0.0436740351517429
3.08137370503119,0.49195454113804,-0.186284508141031,0.760788182672755,-0.0178762778150184,0.0596203435836994,-0.0106300799487784,-0.770242913750088,0.0441734056675359
3.10274348900188,0.491138105988081,-0.187315220573735,0.760958625902943,-0.0180892990664716,0.0595859302117509,-0.0107010265599296,-0.7703027803517,0.0446764937326584
3.12426147559604,0.490312577937645,-0.188347744411524,0.761130593934653,-0.0183052416469042,0.059551019058006,-0.0107722337264606,-0.770360839490364,0.0451833050477784
3.14592869262085,0.489477893514038,-0.18938200966245,0.761304090444889,-0.0185241472181326,0.0595156061617292,-0.0108436985792681,-0.770417068295715,0.0456938452666579
3.16774617501149,0.488633989585437,-0.190417944979535,0.7614791188039,-0.0187460579519385,0.0594796875793003,-0.0109154181860877,-0.770471443942995,0.0462081200004552
3.18971496488059,0.48778080338436,-0.191455477651366,0.761655682065081,-0.0189710165323198,0.0594432593852262,-0.0109873895512639,-0.770523943652064,0.0467261348220069
3.21183611156796,0.486918272531619,-0.192494533593012,0.761833782954702,-0.0191990661576079,0.0594063176731679,-0.0110596096155317,-0.770574544686259,0.0472478952700746
3.23411067169074,0.486046335060752,-0.193535037337264,0.762013423861465,-0.0194302505424469,0.0593688585569829,-0.0111320752558121,-0.770623224351117,0.0477734068535615
3.25653970919388,0.485164929442941,-0.194576912026232,0.76219460682589,-0.0196646139196283,0.0593308781717818,-0.0112047832850218,-0.770669959992955,0.048302675055687
3.27912429540095,0.484273994612402,-0.195620079403301,0.76237733352953,-0.019902201041775,0.0592923726750019,-0.0112777304518968,-0.7707147289973,0.0488357053381228
3.30186550906528,0.483373469992259,-0.196664459805467,0.762561605284018,-0.0201430571828712,0.059253338247494,-0.0113509134408317,-0.770757508787199,0.0493725031450805
3.32476443642155,0.482463295520893,-0.197709972156074,0.762747423019942,-0.0203872281396306,0.0592137710946261,-0.0114243288717341,-0.77079827682137,0.0499130739073512
3.3478221712376,0.481543411678761,-0.198756533957964,0.762934787275552,-0.0206347602326996,0.0591736674474014,-0.0114979732998957,-0.770837010592232,0.0504574230462924
3.37103981486675,0.480613759515694,-0.199804061287056,0.763123698185299,-0.0208857003076858,0.0591330235635913,-0.0115718432158798,-0.770873687623797,0.0510055559777574
3.39441847630035,0.479674280678653,-0.200852468786377,0.76331415546821,-0.0211400957360109,0.0590918357288842,-0.011645935045427,-0.770908285469427,0.0515574781159656
3.41795927222076,0.478724917439953,-0.201901669660558,0.763506158416092,-0.0213979944155787,0.0590501002580487,-0.0117202451493779,-0.770940781709466,0.0521131948773095
3.44166332705473,0.477765612725948,-0.202951575670809,0.763699705881575,-0.0216594447712527,0.0590078134961115,-0.0117947698236161,-0.770971153948734,0.0526727116840948
3.46553177302703,0.476796310146165,-0.204002097130404,0.763894796265996,-0.0219244957551392,0.0589649718195506,-0.0118695052990289,-0.770999379813909,0.0532360339682113
3.48956575021462,0.475816954022892,-0.205053142900677,0.764091427507114,-0.0221931968466678,0.0589215716375026,-0.0119444477414897,-0.771025436950772,0.0538031671747309
3.51376640660105,0.474827489421199,-0.206104620387561,0.764289597066675,-0.022465598052464,0.0588776093929846,-0.0120195932518599,-0.771049303021336,0.0543741167654301
3.53813489813128,0.473827862179407,-0.207156435538676,0.764489301917811,-0.0227417499060087,0.0588330815641298,-0.0120949378660131,-0.771070955700854,0.0549488882222335
3.56267238876697,0.472818018939974,-0.208208492840993,0.764690538532293,-0.0230217034670761,0.0587879846654381,-0.0121704775548808,-0.77109037267471,0.0555274870505768
3.58738005054197,0.471797907180806,-0.209260695319095,0.764893302867627,-0.0233055103209472,0.0587423152490391,-0.0122462082245215,-0.771107531635193,0.0561099187826846
3.61225906361841,0.47076747524698,-0.210312944534033,0.765097590354,-0.0235932225773886,0.0586960699059695,-0.0123221257162131,-0.771122410278162,0.0566961889807618
3.63731061634298,0.469726672382869,-0.211365140582827,0.765303395881084,-0.0238848928693945,0.058649245267463,-0.0123982258065689,-0.771134986299597,0.057286303240097
3.66253590530377,0.468675448764656,-0.212417182098596,0.765510713784687,-0.024180574351683,0.0586018380062535,-0.0124745042076801,-0.771145237392042,0.0578802671920717
3.68793613538733,0.467613755533235,-0.213468966251368,0.765719537833279,-0.0244803206989403,0.0585538448378902,-0.0125509565672821,-0.771153141240945,0.0584780865070786
3.71351251983634,0.466541544827481,-0.214520388749557,0.765929861214362,-0.0247841861038087,0.0585052625220653,-0.0126275784689488,-0.771158675520894,0.0590797668973403
3.73926628030746,0.46545876981788,-0.215571343842153,0.766141676520725,-0.02509222527461,0.0584560878639524,-0.0127043654323128,-0.771161817891753,0.0596853141196329
3.76519864692972,0.464365384740502,-0.216621724321622,0.766354975736554,-0.0254044934327987,0.0584063177155574,-0.0127813129133143,-0.771162545994697,0.060294733977906
3.7913108583633,0.463261344931314,-0.217671421527546,0.766569750223427,-0.0257210463101396,0.0583559489770788,-0.0128584163044779,-0.771160837448159,0.0609080323258026
3.81760416185865,0.462146606860806,-0.218720325351018,0.766785990706183,-0.0260419401456023,0.0583049785982789,-0.012935670935219,-0.771156669843675,0.061525215069073
3.84407981331609,0.461021128168932,-0.219768324239802,0.767003687258677,-0.0263672316819662,0.0582534035798646,-0.0130130720721804,-0.771150020741647,0.0621462881678834
3.87073907734582,0.459884867700327,-0.220815305204295,0.767222829289419,-0.0266969781621323,0.0582012209748771,-0.013090614919599,-0.771140867667013,0.0627712576390163
3.89758322732826,0.45873778553981,-0.22186115382428,0.767443405527111,-0.0270312373251322,0.05814842789009,-0.0131682946197041,-0.771129188104838,0.0634001295579608
3.92461354547494,0.457579843048142,-0.222905754256517,0.767665404006081,-0.0273700674018304,0.0580950214874157,-0.0132461062531484,-0.771114959495814,0.0640329100608927
3.95183132288971,0.45641100289802,-0.223948989243165,0.767888812051613,-0.0277135271103141,0.0580409989853183,-0.0133240448394709,-0.771098159231691,0.0646696053465418
3.97923785963041,0.455231229110299,-0.224990740121066,0.7681136162652,-0.028061675650962,0.0579863576602337,-0.0134021053375939,-0.771078764650623,0.0653102216779433
4.00683446477099,0.45404048709041,-0.226030886831901,0.7683398025097,-0.0284145727011903,0.0579310948479947,-0.0134802826463539,-0.771056753032443,0.0659547653840773
4.03462245646401,0.452838743664972,-0.227069307933236,0.76856735589442,-0.0287722784098651,0.057875207945262,-0.0135585716050674,-0.771032101593863,0.0666032428613879
4.06260316200361,0.451625967118556,-0.22810588061047,0.768796260760124,-0.0291348533913802,0.0578186944109583,-0.0136369669941321,-0.771004787483613,0.0672556605751874
4.09077791788892,0.450402127230602,-0.229140480689712,0.769026500663974,-0.0295023587193916,0.057761551767707,-0.0137154635356645,-0.770974787777504,0.0679120250609409
4.11914806988789,0.449167195312453,-0.230172982651583,0.769258058364421,-0.0298748559202036,0.0577037776032719,-0.0137940558941736,-0.770942079473429,0.0685723429254285
4.14771497310157,0.447921144244481,-0.231203259645977,0.769490915806028,-0.0302524069658027,0.0576453695720001,-0.013872738677273,-0.770906639486308,0.0692366208477908
4.17647999202884,0.446663948513305,-0.232231183507774,0.769725054104263,-0.0306350742665316,0.0575863253962642,-0.0139515064364296,-0.770868444642968,0.0699048655804487
4.20544450063156,0.445395584249042,-0.233256624773546,0.769960453530246,-0.0310229206633999,0.0575266428679054,-0.0140303536677521,-0.770827471676969,0.0705770839499027
4.23460988240025,0.4441160292626,-0.23427945269924,0.770197093495471,-0.0314160094200263,0.0574663198496738,-0.0141092748128177,-0.770783697223374,0.0712532828574074
4.26397753042013,0.442825263082962,-0.235299535278869,0.770434952536499,-0.0318144042142058,0.0574053542766683,-0.0141882642595386,-0.770737097813469,0.0719334692795232
4.29354884743766,0.441523266994456,-0.23631673926422,0.770674008299651,-0.0322181691290992,0.0573437441577712,-0.0142673163430689,-0.770687649869435,0.0726176502685404
4.32332524592758,0.440210024073967,-0.237330930185578,0.770914237525677,-0.0326273686440398,0.0572814875770796,-0.0143464253467515,-0.770635329698969,0.0733058329527815
4.35330814816033,0.438885519228076,-0.238341972373501,0.771155616034449,-0.0330420676249509,0.0572185826953308,-0.0144255855031064,-0.770580113489862,0.0739980245367729
4.38349898627002,0.43754973923009,-0.239349728981627,0.771398118709647,-0.0334623313143739,0.0571550277513205,-0.0145047909948604,-0.770521977304541,0.0746942323012932
4.41389920232282,0.436202672756941,-0.240354062010547,0.771641719483483,-0.0338882253210986,0.0570908210633142,-0.0145840359560187,-0.770460897074556,0.0753944636032926
4.44451024838583,0.434844310425921,-0.241354832332731,0.771886391321444,-0.0343198156093946,0.0570259610304479,-0.014663314472978,-0.770396848595045,0.0760987258756847
4.47533358659646,0.433474644831222,-0.242351899718542,0.772132106207081,-0.0347571684878401,0.0569604461341194,-0.0147426205856831,-0.770329807519158,0.0768070266270108
4.50637068923228,0.432093670580253,-0.243345122863306,0.772378835126846,-0.0352003505977435,0.0568942749393677,-0.0148219482888258,-0.770259749352439,0.0775193734409734
4.53762303878129,0.430701384329706,-0.244334359415489,0.772626548054988,-0.0356494289011551,0.0568274460962396,-0.0149012915330868,-0.770186649447192,0.0782357739758438
4.56909212801278,0.429297784821332,-0.245319466005948,0.772875213938522,-0.0361044706684679,0.0567599583411411,-0.0149806442264206,-0.770110482996805,0.0789562359637378
4.60077946004862,0.427882872917403,-0.246300298278285,0.773124800682276,-0.0365655434655999,0.056691810498174,-0.0150600002353848,-0.770031225030052,0.0796807672097623
4.63268654843505,0.426456651635817,-0.247276710920291,0.773375275134028,-0.0370327151407621,0.0566230014804554,-0.0151393533865119,-0.769948850405373,0.080409375591033
4.66481491721498,0.425019126184826,-0.248248557696496,0.773626603069745,-0.0375060538108056,0.0565535302914179,-0.0152186974677255,-0.769863333805124,0.0811420690555595
4.69716610100076,0.423570303997346,-0.249215691481818,0.773878749178936,-0.0379856278471461,0.0564833960260909,-0.0152980262297998,-0.769774649729809,0.0818788556210022
4.72974164504755,0.422110194764808,-0.250177964296314,0.774131677050123,-0.0384715058612673,0.0564125978723598,-0.0153773333878631,-0.769682772492296,0.0826197433732967
4.76254310532705,0.420638810470538,-0.251135227341033,0.774385349156456,-0.0389637566897982,0.0563411351122028,-0.0154566126229446,-0.769587676212009,0.0833647404651479
4.79557204860185,0.4191561654226,-0.252087331034964,0.77463972684146,-0.0394624493791659,0.0562690071229029,-0.0155358575835657,-0.769489334809111,0.0841138551143918
4.82883005250031,0.417662276286098,-0.253034125053087,0.774894770304953,-0.0399676531698233,0.056196213378235,-0.0156150618873734,-0.769387721998669,0.0848670956022269
4.86231870559183,0.416157162114878,-0.253975458365517,0.775150438589121,-0.0404794374800491,0.0561227534496245,-0.0156942191228183,-0.769282811284808,0.0856244702713127
4.89603960746281,0.414640844382607,-0.254911179277727,0.77540668956478,-0.0409978718893229,0.0560486270072776,-0.0157733228508746,-0.769174575954857,0.0863859875237371
4.92999436879299,0.413113347013188,-0.255841135471864,0.775663479917829,-0.041523026121273,0.0559738338212816,-0.0158523666068039,-0.769062989073482,0.0871516558188497
4.96418461143244,0.411574696410482,-0.256765174049134,0.775920765135906,-0.0420549700262026,0.0558983737626723,-0.01593134390196,-0.768948023476819,0.0879214836709656
4.99861196847899,0.410024921487282,-0.257683141573252,0.776178499495258,-0.0425937735631872,0.0558222468044684,-0.0160102482256371,-0.768829651766595,0.0886954796469325
5.03327808435624,0.408464053693534,-0.258594884114951,0.776436636047842,-0.0431395067817534,0.0557454530226706,-0.0160890730469587,-0.768707846304251,0.0894736523635681
5.06818461489212,0.406892127043731,-0.259500247297532,0.776695126608667,-0.0436922398031349,0.0556679925972245,-0.0161678118168076,-0.768582579205061,0.0902560104849624
5.10333322739797,0.405309178143478,-0.260399076343455,0.776953921743381,-0.0442520428011114,0.0555898658129441,-0.0162464579697967,-0.768453822332248,0.0910425627196466
5.13872560074817,0.403715246215165,-0.261291216121938,0.777212970756135,-0.0448189859824297,0.0555110730603966,-0.0163250049262793,-0.768321547291109,0.0918333178176285
5.17436342546036,0.40211037312273,-0.262176511197569,0.777472221677708,-0.0453931395668135,0.055431614836745,-0.0164034460943984,-0.768185725423136,0.0926282845672932
5.21024840377617,0.400494603395462,-0.263054805879902,0.777731621253936,-0.0459745737665625,0.055351491746548,-0.016481774872175,-0.768046327800145,0.09342747179217
5.24638224974252,0.398867984250819,-0.263925944274026,0.777991114934431,-0.0465633587657451,0.0552707045025154,-0.016559984649633,-0.767903325218409,0.0942308883475632
5.2827666892935,0.397230565616215,-0.264789770332083,0.778250646861619,-0.0471595646989906,0.0551892539262167,-0.0166380688109617,-0.767756688192802,0.0950385431170494
5.31940346033281,0.395582400149745,-0.26564612790572,0.778510159860104,-0.0477632616298827,0.0551071409487428,-0.0167160207367135,-0.76760638695095,0.0958504450088371
5.35629431281677,0.393923543259819,-0.266494860799448,0.778769595426365,-0.0483745195289603,0.0550243666113182,-0.0167938338060364,-0.767452391427391,0.0966666029519916
5.39344100883792,0.39225405312365,-0.267335812824892,0.779028893718808,-0.0489934082513324,0.0549409320658617,-0.0168715013989402,-0.767294671257753,0.0974870258925236
5.43084532270915,0.390573990704586,-0.2681688278559,0.779287993548178,-0.0496199975139102,0.0548568385754964,-0.0169490168985956,-0.767133195772939,0.0983117227893399
5.4685090410485,0.388883419768236,-0.268993749884491,0.779546832368341,-0.0502543568722649,0.0547720875150037,-0.0170263736936641,-0.766967933993331,0.0991407026100574
5.50643396286443,0.387182406897353,-0.269810423077614,0.779805346267463,-0.050896555697115,0.0546866803712245,-0.0171035651806584,-0.76679885462301,0.0999739743266786
5.54462189964184,0.385471021505459,-0.270618691834686,0.78006346995957,-0.0515466631504538,0.0546006187434018,-0.0171805847663315,-0.766625926043998,0.100811546911129
5.58307467542852,0.383749335849157,-0.271418400845885,0.780321136776533,-0.0522047481613203,0.0545139043434661,-0.0172574258700932,-0.766449116310511,0.101653429330656
5.6217941269223,0.382017425039117,-0.272209395151162,0.780578278660463,-0.0528708794012243,0.0544265389962614,-0.0173340819264524,-0.766268393143243,0.102499630543088
5.66078210355879,0.380275367049689,-0.272991520199943,0.780834826156542,-0.0535451252592326,0.0543385246397098,-0.0174105463874846,-0.766083723923665,0.103350159491949
5.70004046759971,0.378523242727125,-0.273764621911486,0.781090708406296,-0.0542275538167244,0.0542498633249149,-0.0174868127253214,-0.765895075688357,0.104205025101441
5.73957109422183,0.376761135796372,-0.274528546735856,0.781345853141321,-0.0549182328218261,0.0541605572162007,-0.0175628744346619,-0.765702415123356,0.105064236271277
5.77937587160657,0.374989132866411,-0.275283141715488,0.781600186677477,-0.0556172296635334,0.054070608591087,-0.0176387250353036,-0.765505708558542,0.105927801871376
5.81945670103016,0.373207323434114,-0.276028254547293,0.781853633909552,-0.0563246113455315,0.053980019840198,-0.0177143580746911,-0.765304921962045,0.106795730736412
5.85981549695445,0.371415799886592,-0.276763733645272,0.782106118306413,-0.0570404444597228,0.0538887934671047,-0.0177897671304813,-0.765100020934687,0.10766803166022
5.90045418711838,0.369614657502003,-0.277489428203601,0.782357561906656,-0.0577647951594724,0.0537969320880989,-0.017864945813122,-0.764890970704457,0.108544713390059
5.94137471263004,0.367803994448803,-0.278205188260135,0.782607885314754,-0.0584977291325837,0.0537044384318984,-0.0179398877684438,-0.764677736121019,0.109425784620729
5.9825790280594,0.365983911783417,-0.278910864760306,0.782857007697723,-0.0592393115740117,0.0536113153392817,-0.0180145866802618,-0.764460281650256,0.110311253988539
6.02406910153166,0.364154513446296,-0.279606309621354,0.783104846782313,-0.059989607158331,0.0535175657626523,-0.0180890362729859,-0.764238571368854,0.111201130065132
6.06584691482126,0.362315906256352,-0.280291375796859,0.783351318852727,-0.0607486800119642,0.0534231927655305,-0.0181632303142373,-0.764012568958921,0.112095421351154
6.10791446344653,0.360468199903748,-0.28096591734152,0.783596338748883,-0.0615165936851874,0.0533281995219736,-0.0182371626174691,-0.763782237702655,0.112994136269788
6.15027375676503,0.358611506941013,-0.281629789476142,0.783839819865225,-0.0622934111239241,0.0532325893159215,-0.0183108270445894,-0.76354754047705,0.113897283160121
6.19292681806951,0.356745942772489,-0.28228284865278,0.784081674150086,-0.0630791946413376,0.0531363655404687,-0.0183842175085837,-0.763308439748646,0.114804870270371
6.23587568468454,0.354871625642066,-0.282924952619983,0.784321812105621,-0.0638740058892397,0.0530395316970625,-0.0184573279761349,-0.763064897568337,0.115716905750961
6.27912240806387,0.352988676619216,-0.283555960488111,0.784560142788308,-0.0646779058293248,0.0529420913946245,-0.0185301524702395,-0.762816875566211,0.116633397647433
6.32266905388835,0.351097219583301,-0.284175732794649,0.78479657381002,-0.0654909547042455,0.0528440483485977,-0.0186026850728151,-0.762564334946463,0.117554353893217
6.36651770216467,0.349197381206137,-0.284784131569485,0.785031011339692,-0.0663132120085423,0.052745406379917,-0.0186749199273006,-0.762307236482341,0.118479782302237
6.41067044732463,0.34728929093283,-0.285381020400091,0.785263360105566,-0.0671447364594411,0.0526461694139033,-0.0187468512412426,-0.762045540511165,0.119409690561363
6.45512939832527,0.345373080960846,-0.285966264496563,0.785493523398039,-0.0679855859675362,0.0525463414790816,-0.0188184732888692,-0.761779206929395,0.120344086222709
6.49989667874954,0.343448886217331,-0.286539730756456,0.7857214030731,-0.0688358176073668,0.0524459267059217,-0.0188897804136462,-0.761508195187764,0.121282976695767
6.54497442690774,0.34151684433467,-0.287101287829374,0.785946899556381,-0.0696954875879084,0.0523449293255027,-0.0189607670308147,-0.761232464286471,0.122226369239383
6.5903647959397,0.339577095624281,-0.28765080618125,0.786169911847806,-0.0705646512229894,0.0522433536681004,-0.0190314276299068,-0.760951972770443,0.123174270953576
6.63606995391757,0.337629783048646,-0.288188158158263,0.78639033752686,-0.0714433629016507,0.0521412041616983,-0.0191017567772373,-0.760666678724667,0.124126688771185
6.68209208394941,0.335675052191578,-0.288713218050349,0.786608072758462,-0.0723316760584601,0.0520384853304222,-0.0191717491183685,-0.760376539769585,0.125083629449368
6.72843338428345,0.333713051226732,-0.289225862154235,0.786823012299461,-0.0732296431438013,0.0519352017928986,-0.0192413993805466,-0.760081513056575,0.126045099560916
6.77509606841313,0.331743930884365,-0.289725968835951,0.787035049505745,-0.0741373155941477,0.0518313582605369,-0.0193107023751052,-0.759781555263498,0.127011105485425
6.82208236518274,0.329767844416338,-0.290213418592764,0.787244076339977,-0.0750547438023407,0.0517269595357374,-0.0193796529998353,-0.759476622590332,0.127981653400281
6.86939451889399,0.327784947559399,-0.290688094114474,0.787449983379939,-0.0759819770878856,0.0516220105100234,-0.0194482462413184,-0.759166670754884,0.128956749271488
6.91703478941313,0.325795398496722,-0.291149880344022,0.787652659827512,-0.0769190636672796,0.0515165161620999,-0.0195164771772197,-0.75885165498859,0.129936398844325
6.96500545227891,0.323799357817745,-0.291598664537354,0.787851993518264,-0.077866050624391,0.0514104815558388,-0.0195843409785398,-0.758531530032406,0.130920607633831
7.0133087988113,0.321796988476304,-0.29203433632248,0.788047870931667,-0.0788229838809015,0.0513039118381915,-0.0196518329118219,-0.758206250132787,0.131909380915119
7.06194713622089,0.319788455747088,-0.292456787757687,0.788240177201926,-0.0797899081668281,0.0511968122370303,-0.0197189483413113,-0.757875769037765,0.13290272371352
7.11092278771915,0.317773927180434,-0.292865913388831,0.788428796129431,-0.0807668669911406,0.0510891880589186,-0.0197856827310666,-0.757540039993123,0.133900640794552
7.16023809262934,0.315753572555473,-0.293261610305678,0.788613610192825,-0.0817539026124892,0.0509810446868124,-0.0198520316470173,-0.757199015738679,0.134903136653715
7.20989540649828,0.313727563831666,-0.293643778197223,0.78879450056168,-0.0827510560100579,0.0508723875776932,-0.0199179907589682,-0.756852648504664,0.135910215506104
7.25989710120885,0.311696075098746,-0.294012319405937,0.788971347109787,-0.0837583668545587,0.050763222260134,-0.0199835558425463,-0.756500890008223,0.136921881275863
7.31024556509332,0.30965928252508,-0.294367138980897,0.78914402842905,-0.0847758734793795,0.0506535543318,-0.0200487227810881,-0.756143691450021,0.137938137585436
7.36094320304735,0.307617364304516,-0.294708144729743,0.789312421843986,-0.0858036128519055,0.0505433894568851,-0.0201134875674655,-0.755781003510973,0.138958987744668
7.41199243664497,0.305570500601698,-0.29503524726941,0.789476403426816,-0.086841620545022,0.0504327333634862,-0.0201778463058475,-0.755412776349092,0.139984434739699
7.46339570425412,0.303518873495924,-0.295348360075584,0.789635848013157,-0.0878899307088185,0.0503215918409163,-0.0202417952133959,-0.755038959596463,0.141014481221703
7.51515546115323,0.301462666923549,-0.29564739953084,0.789790629218295,-0.0889485760425051,0.0502099707369592,-0.0203053306218913,-0.754659502356352,0.142049129495425
7.56727417964842,0.299402066618999,-0.295932284971407,0.789940619454042,-0.0900175877665567,0.0500978759550667,-0.0203684489792895,-0.754274353200446,0.143088381507554
7.61975434919166,0.297337260054399,-0.296202938732518,0.790085689946166,-0.0910969955950977,0.0499853134515005,-0.020431146851204,-0.753883460166232,0.144132238834902
7.67259847649959,0.295268436377893,-0.296459286192296,0.790225710752391,-0.0921868277085399,0.0498722892324212,-0.0204934209223142,-0.753486770754524,0.145180702672403
7.72580908567334,0.293195786350659,-0.296701255814133,0.79036055078096,-0.0932871107264898,0.0497588093509261,-0.0205552679976955,-0.753084231927131,0.146233773820935
7.77938871831903,0.2911195022827,-0.296928779187521,0.790490077809744,-0.0943978696809334,0.0496448799040381,-0.0206166850040715,-0.752675790104692,0.147291452674949
7.83333993366922,0.289039777967421,-0.297141791067291,0.790614158505905,-0.0955191279897152,0.0495305070296476,-0.0206776689909841,-0.752261391164649,0.14835373920992
7.8876653087051,0.286956808615062,-0.297340229411216,0.79073265844609,-0.0966509074303199,0.0494156969034108,-0.0207382171318818,-0.751840980439407,0.149420632969612
7.94236743827963,0.284870790785025,-0.297524035415956,0.790845442137154,-0.0977932281139717,0.0493004557356056,-0.0207983267251225,-0.751414502714642,0.150492133053162
7.99744893524145,0.282781922317144,-0.297693153551282,0.790952373037405,-0.0989461084600591,0.049184789767948,-0.0208579951948905,-0.750981902227795,0.151568238101968
8.0529124305597,0.280690402261954,-0.297847531592565,0.791053313578356,-0.100109565170901,0.049068705270372,-0.020917220092026,-0.750543122666743,0.152648946286408
8.10876057344967,0.278596430810003,-0.297987120651491,0.791148125186977,-0.101283613206855,0.048952208537775,-0.0209759990947646,-0.750098107168649,0.153734255292365
8.16499603149936,0.276500209220268,-0.298111875204963,0.791236668308438,-0.102468265761795,0.0488353058867318,-0.0210343300093862,-0.74964679831901,0.154824162307567
8.22162149079689,0.274401939747719,-0.298221753122165,0.791318802429331,-0.103663534238944,0.0487180036521793,-0.021092210770772,-0.749189138150894,0.155918664007749
8.27863965605879,0.272301825570106,-0.29831671568977,0.791394386101361,-0.104869428227097,0.0486003081840759,-0.0211496394428678,-0.748725068144383,0.157017756542626
8.33605325075921,0.270200070713999,-0.298396727635238,0.791463276965497,-0.10608595547722,0.048482225844037,-0.0212066142190529,-0.74825452922622,0.158121435521686
8.39386501726,0.268096879980159,-0.298461757148218,0.791525331776569,-0.10731312187945,0.0483637630019506,-0.0212631334224132,-0.747777461769676,0.159229695999798
8.45207771694168,0.265992458868291,-0.298511775899992,0.791580406428302,-0.108550931440493,0.0482449260325754,-0.0213191955059179,-0.747293805594623,0.160342532462642
8.51069413033537,0.263887013501243,-0.298546759060976,0.791628355978776,-0.109799386261435,0.0481257213121245,-0.0213747990524985,-0.746803499967849,0.161459938811957
8.56971705725559,0.261780750548695,-0.298566685316232,0.791669034676297,-0.111058486515967,0.048006155214838,-0.0214299427750298,-0.746306483603591,0.162581908350605
8.62914931693396,0.259673877150428,-0.298571536878994,0.791702295985676,-0.112328230429029,0.0478862341095467,-0.021484625516212,-0.745802694664318,0.163708433767465
8.68899374815392,0.257566600839197,-0.298561299502184,0.791727992614892,-0.113608614255895,0.0477659643562312,-0.0215388462483525,-0.745292070761744,0.164839507122143
8.74925320938629,0.255459129463313,-0.298535962487908,0.79174597654214,-0.114899632261672,0.0476453523025786,-0.0215926040730495,-0.74477454895811,0.165975119829507
8.80993057892579,0.253351671108948,-0.298495518694928,0.791756099043246,-0.116201276701257,0.0475244042805402,-0.021645898220773,-0.744250065767708,0.167115262644057
8.87102875502857,0.251244434022272,-0.29843996454409,0.791758210719433,-0.117513537799722,0.0474031266028939,-0.0216987280503476,-0.743718557158677,0.168259925644109
8.93255065605059,0.249137626531449,-0.298369300021725,0.791752161525436,-0.118836403733157,0.0472815255598129,-0.0217510930483329,-0.743179958555071,0.169409098215817
8.99449922058705,0.247031456968577,-0.298283528680987,0.791737800797953,-0.120169860609953,0.0471596074154463,-0.0218029928283037,-0.742634204839202,0.170562769037032
9.05687740761275,0.244926133591621,-0.298182657641164,0.791714977284407,-0.121513892452544,0.0470373784045123,-0.0218544271300303,-0.742081230354271,0.171720926060985
9.11968819662343,0.242821864506416,-0.298066697584933,0.791683539172028,-0.122868481179601,0.0469148447289089,-0.0219053958185569,-0.741520968907284,0.172883556499811
9.18293458777804,0.240718857588783,-0.297935662753587,0.791643334117232,-0.124233606588688,0.0467920125543445,-0.0219558988831817,-0.740953353772281,0.17405064680792
9.2466196020421,0.238617320406848,-0.297789570940215,0.791594209275278,-0.125609246339367,0.0466688880069923,-0.0220059364363352,-0.740378317693856,0.175222182665197
9.31074628133199,0.236517460143595,-0.297628443480868,0.791536011330219,-0.126995375936774,0.0465454771701703,-0.0220555087123612,-0.739795792890999,0.176398148960062
9.3753176886602,0.234419483519741,-0.297452305243703,0.791468586525099,-0.128391968715642,0.0464217860810515,-0.0221046160661979,-0.739205711061263,0.177578529772369
9.44033690828169,0.232323596716981,-0.297261184616127,0.791391780692423,-0.129798995824798,0.0462978207274072,-0.0221532589719619,-0.738608003385245,0.178763308356162
9.50580704584117,0.230230005301667,-0.297055113489953,0.791305439284859,-0.131216426212105,0.0461735870443853,-0.0222014380214346,-0.738002600531417,0.179952467122289
9.57173122852146,0.228138914148981,-0.296834127244584,0.791209407406182,-0.132644226609877,0.0460490909113283,-0.0222491539224534,-0.737389432661295,0.181145987620873
9.63811260519287,0.226050527367665,-0.296598264728241,0.791103529842438,-0.134082361520739,0.0459243381486332,-0.0222964074972067,-0.736768429434954,0.182343850523648
9.70495434656358,0.223965048225357,-0.296347568237266,0.790987651093332,-0.135530793203951,0.0457993345146563,-0.0223431996804362,-0.736139520016907,0.183546035606169
9.7722596453311,0.22188267907461,-0.296082083493509,0.790861615403807,-0.136989481662184,0.0456740857026662,-0.0223895315175461,-0.735502633082349,0.184752521729887
9.84003171633479,0.219803621279623,-0.295801859619837,0.790725266795839,-0.138458384628746,0.045548597337848,-0.0224354041626207,-0.734857696823773,0.185963286824113
9.90827379670937,0.217728075143771,-0.295506949113781,0.790578449100403,-0.139937457555264,0.045422874974361,-0.0224808188763532,-0.734204638957963,0.187178307867855
9.97698914603959,0.215656239837962,-0.295197407819355,0.790421005989637,-0.141426653599801,0.0452969240924537,-0.0225257770238853,-0.733543386733385,0.188397560871556
10.0461810465159,0.213588313329894,-0.29487329489708,0.790252781009164,-0.142925923615427,0.0451707500956378,-0.0225702800725612,-0.732873866937965,0.189621020858715
10.1158528030912,0.211524492314252,-0.294534672792241,0.790073617610586,-0.144435216139226,0.0450443583079251,-0.0226143295895958,-0.732196005907274,0.190848661847418
10.1860077436388,0.209464972143905,-0.294181607201408,0.789883359184142,-0.145954477381739,0.0449177539711293,-0.0226579272396607,-0.731509729533128,0.192080456831768
10.2566492191112,0.207409946762142,-0.293814167037268,0.789681849091507,-0.147483651216838,0.0447909422422348,-0.0227010747823892,-0.730814963272599,0.193316377763237
10.3277806037004,0.205359608636012,-0.293432424391789,0.789468930698746,-0.149022679172031,0.0446639281908368,-0.0227437740698015,-0.730111632157463,0.194556395531932
10.3994052949988,0.203314148690797,-0.293036454497778,0.789244447409407,-0.150571500419192,0.0445367167966533,-0.022786027043654,-0.729399660804075,0.195800479947789
10.4715267141616,0.201273756245673,-0.292626335688842,0.789008242697743,-0.152130051765707,0.0444093129471124,-0.0228278357327128,-0.728678973423685,0.197048599721699
10.5441483060703,0.199238618950603,-0.292202149357826,0.788760160142076,-0.15369826764604,0.0442817214350172,-0.0228692022499561,-0.72794949383321,0.198300722446585
10.6172735394972,0.197208922724499,-0.291763979913749,0.788500043458275,-0.155276080113704,0.0441539469562903,-0.022910128789705,-0.727211145466459,0.199556814578416
10.6909059072708,0.195184851694702,-0.291311914737288,0.788227736533369,-0.156863418833644,0.0440259941078003,-0.0229506176246872,-0.726463851385822,0.200816841417187
10.7650489264432,0.193166588137803,-0.290846044134866,0.787943083459271,-0.158460211075019,0.0438978673852725,-0.022990671103036,-0.725707534294431,0.202080767087865
10.8397061384575,0.191154312421865,-0.290366461291372,0.787645928566619,-0.160066381704381,0.0437695711812853,-0.0230302916452253,-0.724942116548804,0.203348554521304
10.9148811093176,0.189148202950058,-0.289873262221578,0.787336116458738,-0.16168185317925,0.0436411097833549,-0.0230694817409457,-0.724167520171969,0.20462016543515
10.9905774297578,0.187148436105755,-0.289366545720289,0.787013492045709,-0.163306545542067,0.0435124873721096,-0.0231082439459224,-0.723383666867089,0.205895560314736
11.0667987154147,0.185155186199113,-0.288846413311288,0.78667790057855,-0.164940376414542,0.0433837080195564,-0.0231465808786784,-0.722590478031581,0.207174698393982
11.1435486070002,0.183168625415177,-0.288312969195111,0.786329187683512,-0.166583260992377,0.04325477568744,-0.023184495217246,-0.721787874771745,0.208457537636305
11.2208307704748,0.181188923763521,-0.287766320195721,0.785967199396477,-0.16823511204036,0.0431256942256973,-0.023221989695829,-0.720975777917914,0.209744034715551
11.2986488972231,0.179216249029467,-0.287206575706116,0.785591782197477,-0.169895839887836,0.042996467371008,-0.0232590671014185,-0.720154108040114,0.211034144996969
11.3770067042298,0.177250766726892,-0.28663384763294,0.785202783045316,-0.17156535242454,0.0428670987454434,-0.0232957302703656,-0.71932278546426,0.212327822518218
11.4559079342577,0.175292640052658,-0.286048250340132,0.784800049412305,-0.173243555096795,0.0427375918552137,-0.0233319820849128,-0.718481730288887,0.213625019970437
11.535356356026,0.173342029842674,-0.28544990059168,0.784383429319114,-0.174930350904075,0.0426079500895161,-0.0233678254696894,-0.717630862402416,0.214925688679381
11.6153557643908,0.171399094529608,-0.284838917493534,0.783952771369741,-0.176625640395917,0.0424781767194842,-0.023403263388171,-0.716770101500972,0.216229778586634
11.6959099805258,0.169463990102281,-0.284215422434721,0.783507924786589,-0.178329321669192,0.0423482748972393,-0.023438298839108,-0.715899367106756,0.217537238230915
11.7770228521052,0.167536870066731,-0.283579539027723,0.783048739445677,-0.180041290365727,0.0422182476550462,-0.0234729348529266,-0.715018578586971,0.218848014729489
11.8586982534876,0.165617885408981,-0.282931393048182,0.782575065911964,-0.181761439670278,0.0420880979045719,-0.0235071744881032,-0.714127655173315,0.220162053759692
11.9409400859005,0.163707184559515,-0.282271112373962,0.782086755474808,-0.18348966030885,0.0419578284362498,-0.0235410208275175,-0.713226515982048,0.221479299540587
12.0237522776272,0.161804913359456,-0.28159882692365,0.781583660183548,-0.185225840547361,0.0418274419187496,-0.0235744769747861,-0.712315080034629,0.222799694814763
12.1071387841942,0.159911215028484,-0.280914668594528,0.781065632883233,-0.186969866190663,0.0416969408985527,-0.0236075460505806,-0.711393266278933,0.224123180830296
12.1911035885602,0.158026230134455,-0.280218771200088,0.78053252725048,-0.18872162058189,0.0415663277996346,-0.0236402311889328,-0.710460993611059,0.225449697322871
12.2756507013062,0.156150096564772,-0.279511270407131,0.779984197829483,-0.190480984602175,0.0414356049232534,-0.0236725355335299,-0.709518180897723,0.226779182498101
12.3607841608273,0.15428294949946,-0.278792303672505,0.779420500068173,-0.192247836670692,0.0413047744478462,-0.0237044622340033,-0.708564746999242,0.228111573014041
12.4465080335254,0.15242492138599,-0.278062010179542,0.778841290354523,-0.19402205274506,0.0411738384290318,-0.023736014442215,-0.707600610793122,0.229446803963921
12.5328264140034,0.150576141915805,-0.277320530774246,0.778246426053032,-0.195803506322092,0.0410427987997213,-0.023767195308542,-0.706625691198246,0.230784808859104
12.6197434252612,0.148736738002587,-0.276568007901274,0.777635765541359,-0.197592068438895,0.0409116573703355,-0.0237980079781656,-0.705639907199662,0.232125519612301
12.7072632188919,0.146906833762214,-0.275804585539772,0.777009168247135,-0.199387607674323,0.0407804158291291,-0.0238284555873652,-0.704643177873983,0.233468866521047
12.7953899752808,0.145086550494441,-0.275030409139118,0.776366494684962,-0.201189990150796,0.0406490757426221,-0.023858541259822,-0.703635422415398,0.234814778251447
12.8841279038047,0.143276006666265,-0.274245625554605,0.775707606493579,-0.202999079536467,0.0405176385561376,-0.0238882681029349,-0.702616560162291,0.236163181822236
12.9734812430331,0.141475317896972,-0.273450382983145,0.775032366473241,-0.204814737047773,0.0403861055944452,-0.0239176392041517,-0.70158651062448,0.237514002589139
13.0634542609305,0.13968459694486,-0.272644830899006,0.774340638623275,-0.206636821452342,0.0402544780625104,-0.0239466576273184,-0.700545193511071,0.238867164229569
13.1540512550606,0.137903953695617,-0.271829119989662,0.773632288179851,-0.208465189072292,0.0401227570463485,-0.02397532640905,-0.699492528758926,0.240222588727675
13.2452765527909,0.136133495152334,-0.271003402091779,0.772907181653965,-0.210299693787901,0.0399909435139832,-0.0240036485551264,-0.69842843656175,0.241580196359753
13.3371345115004,0.134373325427142,-0.270167830127399,0.772165186869625,-0.212140187041682,0.0398590383165081,-0.0240316270369144,-0.697352837399804,0.242939905680046
13.4296295187868,0.13262354573446,-0.269322558040361,0.771406173002277,-0.21398651784285,0.039727042189251,-0.0240592647878214,-0.696265652070228,0.24430163350695
13.5227659926764,0.130884254385815,-0.268467740732999,0.770630010617443,-0.2158385327722,0.0395949557530404,-0.0240865646997811,-0.695166801717982,0.245665294909635
13.6165483818355,0.129155546786232,-0.267603534003163,0.769836571709604,-0.217696075987401,0.0394627795155719,-0.024113529619776,-0.694056207867412,0.247030803195123
13.7109811657822,0.127437515432162,-0.266730094481616,0.769025729741317,-0.219558989228722,0.0393305138728745,-0.0241401623463989,-0.692933792454421,0.248398069895812
13.806068855101,0.125730249910927,-0.265847579569823,0.76819735968258,-0.221427111825195,0.0391981591108753,-0.0241664656264561,-0.691799477859261,0.249767004757493
13.9018159916578,0.124033836901653,-0.264956147378196,0.767351338050443,-0.223300280701225,0.0390657154070612,-0.0241924421516144,-0.690653186939937,0.251137515727864
13.998227148817,0.122348360177671,-0.264055956664819,0.766487542948883,-0.225178330383666,0.0389331828322369,-0.0242180945550961,-0.689494843066208,0.252509508945567
14.0953069316601,0.120673900610356,-0.263147166774693,0.765605854108927,-0.227061093009368,0.0388005613523767,-0.024243425408424,-0.688324370154204,0.253882888729769
14.1930599772055,0.11901053617438,-0.26222993757954,0.764706152929047,-0.228948398333221,0.0386678508305695,-0.0242684372182179,-0.687141692701641,0.2552575575703
14.2914909546299,0.117358341954341,-0.261304429418199,0.763788322515818,-0.230840073736687,0.0385350510290557,-0.0242931324230475,-0.685946735823622,0.256633416118387
14.3906045654914,0.115717390152746,-0.260370803037639,0.76285224772485,-0.232735944236863,0.0384021616113532,-0.0243175133903415,-0.684739425289041,0.258010363177978
14.4904055439544,0.114087750099323,-0.259429219534641,0.761897815201988,-0.234635832496066,0.0382691821444721,-0.0243415824133581,-0.683519687557563,0.259388295697704
14.5908986570152,0.112469488261617,-0.258479840298156,0.760924913424794,-0.236539558831973,0.0381361121012158,-0.0243653417082169,-0.68228744981718,0.260767108763485
14.6920887047298,0.110862668256848,-0.25752282695238,0.759933432744299,-0.238446941228325,0.0380029508625667,-0.0243887934109965,-0.681042640022345,0.262146695591802
14.7939805204436,0.109267350864994,-0.25655834130058,0.758923265427039,-0.240357795346208,0.0378696977201547,-0.0244119395748988,-0.679785186932659,0.263526947523668
14.8965789710218,0.10768359404308,-0.255586545269684,0.757894305697369,-0.242271934535939,0.0377363518788067,-0.0244347821674828,-0.67851502015212,0.264907754019302
14.999888957082,0.106111452940611,-0.254607600855667,0.756846449780045,-0.244189169849571,0.0376029124591754,-0.02445732306797,-0.677232070168906,0.266289002653545
15.1039154132284,0.104550979916145,-0.25362167006976,0.755779595943099,-0.246109310054031,0.0374693785004443,-0.0244795640646243,-0.675936268395705,0.267670579112032
15.2086633082875,0.103002224554962,-0.252628914885496,0.754693644540979,-0.248032161644916,0.0373357489631086,-0.0245015068522062,-0.674627547210557,0.269052367188141
15.3141376455451,0.101465233687776,-0.251629497186622,0.753588498057963,-0.249957528860966,0.037202022731828,-0.024523153029507,-0.673305839998214,0.270434248780741
15.4203434629857,0.0999400514104958,-0.250623578715895,0.752464061151842,-0.251885213699233,0.0370681986183508,-0.0245445040969607,-0.671971081192001,0.27181610389277
15.5272858335329,0.0984267191049517,-0.249611321024775,0.751320240697874,-0.25381501593097,0.0369342753645061,-0.0245655614543396,-0.670623206316158,0.27319781063065
15.6349698652918,0.0969252754605947,-0.248592885424039,0.75015694583299,-0.255746733118254,0.0368002516452622,-0.0245863263985322,-0.669262152028661,0.274579245204578
15.7434007017931,0.0954357564971059,-0.247568432935328,0.748974088000259,-0.257680160631369,0.0366661260718491,-0.0246068001214071,-0.667887856164501,0.275960281929699
15.8525835222385,0.0939581955878945,-0.246538124243643,0.747771580993599,-0.25961509166698,0.0365318971949423,-0.0246269837077642,-0.6665002577794,0.277340793228194
15.9625235417481,0.0924926234844425,-0.245502119650803,0.746549341002725,-0.261551317267098,0.0363975635079058,-0.0246468781333739,-0.665099297193964,0.278720649632303
16.07322601161,0.091039068341465,-0.244460579029876,0.745307286658335,-0.26348862633888,0.0362631234500923,-0.024666484263108,-0.663684916038239,0.280099719788301
16.1846962195303,0.0895975557428489,-0.243413661780593,0.744045339077503,-0.265426805675279,0.0361285754101967,-0.0246858028491609,-0.662257057296661,0.281477870461448
16.2969394898867,0.088168108728335,-0.242361526785757,0.742763421909296,-0.267365639976559,0.0359939177296627,-0.024704834529366,-0.660815665353383,0.282854966541947
16.4099611839816,0.0867507478209087,-0.241304332368657,0.741461461380577,-0.269304911872712,0.0358591487061375,-0.0247235798256051,-0.65936068603795,0.28423087105191
16.5237667002994,0.0853454910548661,-0.240242236251482,0.740139386342001,-0.27124440194679,0.035724266596974,-0.0247420391423156,-0.657892066671318,0.285605445153374
16.6383614747635,0.0839523540045187,-0.23917539551476,0.738797128314171,-0.273183888759178,0.0355892696227769,-0.0247602127650938,-0.656409756112172,0.286978548157372
16.7537509809962,0.0825713498135034,-0.238103966557807,0.737434621533963,-0.275123148872835,0.0354541559709903,-0.0247781008593976,-0.654913704803551,0.288350037534088
16.8699407305804,0.0812024892246655,-0.23702810506021,0.736051803000971,-0.27706195687952,0.0353189237995238,-0.0247957034693486,-0.653403864819726,0.289719768924121
16.9869362733223,0.0798457806104783,-0.235947965944321,0.734648612524088,-0.279000085427027,0.035183571240416,-0.0248130205166353,-0.651880189913332,0.291087596150856
17.1047431975172,0.0785012300039688,-0.234863703338793,0.733224992768182,-0.280937305247459,0.03504809640353,-0.0248300517995178,-0.650342635562714,0.292453371233991
17.2233671302159,0.0771688411301149,-0.233775470543129,0.731780889300852,-0.282873385186553,0.0349124973802805,-0.0248467969919356,-0.648791159019471,0.293816944404219
17.3428137374936,0.0758486154376827,-0.23268341999327,0.730316250639244,-0.284808092234091,0.0347767722473892,-0.0248632556427189,-0.647225719356163,0.295178164119085
17.4630887247206,0.0745405521314726,-0.231587703228199,0.728831028296913,-0.286741191555405,0.0346409190706648,-0.0248794271749043,-0.645646277514162,0.296536877080045
17.5841978368348,0.0732446482049408,-0.230488470857572,0.727325176830685,-0.288672446524011,0.0345049359088056,-0.0248953108851559,-0.644052796351612,0.29789292825074
17.7061468586161,0.0719608984731681,-0.229385872530363,0.72579865388752,-0.290601618755387,0.0343688208172225,-0.0249109059432917,-0.642445240691472,0.299246160876496
17.8289416149627,0.0706892956061441,-0.228280056904534,0.724251420251332,-0.292528468141914,0.0342325718518778,-0.0249262113919173,-0.640823577369615,0.300596416505078
17.9525879711692,0.0694298301623364,-0.227171171617697,0.722683439889746,-0.294452752889009,0.0340961870731391,-0.0249412261461658,-0.639187775282946,0.301943535008705
18.0770918332073,0.0681824906225184,-0.226059363258799,0.721094680000761,-0.296374229552463,0.0339596645496431,-0.0249559489935456,-0.637537805437509,0.303287354607341
18.2024591480069,0.0669472634238246,-0.224944777340787,0.71948511105929,-0.298292653077001,0.0338230023621693,-0.0249703785938957,-0.635873640996557,0.304627711893285
18.3286959037413,0.0657241329940061,-0.223827558274269,0.717854706863547,-0.300207776836096,0.0336861986075173,-0.0249845134794493,-0.634195257328537,0.305964441857059
18.4558081301122,0.0645130817858608,-0.222707849342156,0.716203444581247,-0.302119352673043,0.0335492514023883,-0.0249983520550056,-0.632502632054981,0.307297377914626
18.5838018986386,0.0633140903118093,-0.221585792675275,0.714531304795588,-0.304027130943308,0.0334121588872654,-0.0250118925982106,-0.630795745098233,0.308626351935931
18.7126833229461,0.0621271371785917,-0.220461529228939,0.712838271550974,-0.305930860558184,0.0332749192302902,-0.025025133259946,-0.629074578729012,0.309951194274784
18.8424585590593,0.0609521991220617,-0.219335198760475,0.711124332398452,-0.307830289029756,0.0331375306311344,-0.0250380720648269,-0.627339117613747,0.311271733800106
18.9731338056957,0.0597892510420501,-0.218206939807689,0.709389478440823,-0.309725162517191,0.0329999913248611,-0.0250507069118084,-0.625589348861662,0.31258779792852
19.1047153045619,0.0586382660372768,-0.217076889668259,0.707633704377383,-0.311615225874375,0.032862299585775,-0.0250630355749002,-0.62382526207157,0.31389921265833
19.2372093406515,0.0574992154402868,-0.215945184380051,0.705857008548263,-0.313500222698902,0.0327244537312569,-0.0250750557039904,-0.622046849378329,0.315205802604864
19.3706222425457,0.0563720688523889,-0.214811958702329,0.704059392978325,-0.315379895382426,0.0325864521255809,-0.0250867648257763,-0.620254105498935,0.316507391037206
19.5049603827152,0.0552567941785741,-0.21367734609787,0.702240863420571,-0.317253985162394,0.0324482931837101,-0.0250981603448036,-0.6184470277782,0.317803799916318
19.6402301778248,0.0541533576623936,-0.212541478715948,0.700401429399025,-0.31912223217516,0.0323099753750695,-0.0251092395446128,-0.616625616233976,0.319094849934552
19.7764380890397,0.0530617239207769,-0.211404487376186,0.698541104251041,-0.320984375510498,0.032171497227291,-0.0251199995889922,-0.614789873601889,0.320380360556556
19.9135906223344,0.0519818559787685,-0.210266501553257,0.696659905168999,-0.322840153267507,0.0320328573299302,-0.0251304375233375,-0.612939805379539,0.321660150061581
20.0516943288031,0.0509137153041669,-0.209127649362425,0.694757853241339,-0.324689302611924,0.0318940543381496,-0.0251405502761167,-0.611075419870113,0.322934035587184
20.1907558049731,0.0498572618420467,-0.207988057545902,0.692834973492892,-0.326531559834851,0.0317550869763666,-0.0251503346604402,-0.609196728225392,0.324201833174325
20.3307816931193,0.0488124540491456,-0.20684785146002,0.690891294924448,-0.328366660412881,0.0316159540418638,-0.0251597873757348,-0.607303744488077,0.325463357813858
20.4717786815819,0.0477792489281024,-0.205707155063182,0.688926850551534,-0.330194339069648,0.0314766544083575,-0.0251689050095208,-0.605396485633417,0.326718423494418
20.6137535050858,0.0467576020615275,-0.204566090904601,0.686941677442342,-0.332014329838778,0.0313371870295223,-0.025177684039292,-0.603474971610084,0.327966843251685
20.756712945062,0.0457474676458924,-0.203424780113791,0.684935816754748,-0.333826366128251,0.0311975509424688,-0.0251861208344965,-0.601539225380239,0.329208429219034
20.900663829972,0.0447487985252233,-0.202283342390807,0.682909313772398,-0.335630180786166,0.0310577452711717,-0.0251942116586177,-0.599589272958773,0.330442992679553
21.0456130356336,0.0437615462245852,-0.201141895997212,0.680862217939791,-0.337425506167905,0.0309177692298451,-0.0252019526713548,-0.597625143451641,0.331670344119419
21.1915674855492,0.0427856609833438,-0.200000557747754,0.678794582896308,-0.339212074204684,0.0307776221262628,-0.0252093399309001,-0.595646869093276,0.332890293282636
21.338534151237,0.0418210917881924,-0.198859443002745,0.676706466509151,-0.340989616473485,0.0306373033650198,-0.0252163693963138,-0.593654485283016,0.334102649227094
21.4865200525637,0.0408677864059325,-0.197718665661112,0.674597930905131,-0.342757864268357,0.0304968124507339,-0.0252230369299935,-0.591648030620509,0.335307220381973
21.6355322580795,0.0399256914159974,-0.196578338154124,0.672469042501245,-0.344516548673071,0.0303561489911825,-0.0252293383002365,-0.589627546940043,0.336503814606435
21.7855778853565,0.0389947522427082,-0.19543857143975,0.67031987203401,-0.346265400635115,0.0302153127003742,-0.0252352691838953,-0.587593079343764,0.337692239249627
21.9366641013278,0.038074913187252,-0.194299474997667,0.668150494587486,-0.348004151041014,0.0300743034015508,-0.0252408251691225,-0.585544676233724,0.338872301211941
22.0887981226306,0.0371661174593755,-0.193161156824868,0.665960989619943,-0.349732530792945,0.029933121030118,-0.0252460017582044,-0.583482389342728,0.340043807007536
22.2419872159503,0.0362683072087819,-0.192023723431879,0.663751440989115,-0.351450270886649,0.0297917656365016,-0.0252507943704821,-0.581406273763916,0.34120656282809
22.396238698368,0.035381423556228,-0.190887279839555,0.661521936975997,-0.353157102490585,0.029650237388927,-0.0252551983453569,-0.579316387979057,0.342360374607753
22.5515599377096,0.0345054066243097,-0.189751929576443,0.659272570307121,-0.354852757026329,0.0295085365761203,-0.0252592089453783,-0.577212793885488,0.343505048089286
22.7079583528983,0.0336401955679326,-0.188617774676699,0.657003438175277,-0.356536966250173,0.0293666636099262,-0.0252628213594143,-0.575095556821665,0.344640388891353
22.8654414143084,0.0327857286044604,-0.187484915678541,0.654714642258606,-0.358209462335908,0.0292246190278431,-0.0252660307058991,-0.572964745591287,0.34576620257694
23.0240166441225,0.0319419430435359,-0.186353451623216,0.652406288738034,-0.35986997795874,0.0290824034954707,-0.0252688320361582,-0.570820432485931,0.346882294722865
23.1836916166905,0.0311087753165686,-0.18522348005448,0.650078488312979,-0.361518246380326,0.0289400178088698,-0.0252712203378078,-0.568662693306173,0.347988470990353
23.3444739588916,0.0302861610058868,-0.184095097018565,0.647731356215304,-0.363154001534889,0.0287974628968296,-0.0252731905382261,-0.566491607381141,0.349084537196643
23.5063713504986,0.0294740348735482,-0.182968397064618,0.645365012221434,-0.364776978116358,0.0286547398230431,-0.0252747375080946,-0.564307257586465,0.350170299387578
23.6693915245447,0.0286723308898059,-0.1818434732456,0.642979580662625,-0.366386911666514,0.028511849788186,-0.0252758560650059,-0.562109730360577,0.351245563911165
23.8335422676926,0.027880982261228,-0.180720417119636,0.640575190433307,-0.367983538664097,0.0283687941318985,-0.025276540977137,-0.559899115719321,0.352310137492039
23.9988314206069,0.0270999214584671,-0.17959931875179,0.638151974997475,-0.369566596614808,0.0282255743346673,-0.0252767869669836,-0.557675507268844,0.353363827306808
24.1652668783283,0.026329080243678,-0.178480266716258,0.635710072393067,-0.371135824142193,0.0280821920196064,-0.0252765887151549,-0.555439002216709,0.354406441060235
24.3328565906507,0.0255683896975825,-0.177363348098963,0.6332496252343,-0.372690961079334,0.0279386489541336,-0.0252759408642238,-0.553189701381213,0.355437787062206
24.5016085625011,0.0248177802461787,-0.176248648500546,0.630770780711905,-0.374231748561309,0.0277949470515425,-0.0252748380226312,-0.550927709198863,0.356457674305439
24.6715308543219,0.0240771816870957,-0.175136252039722,0.628273690591227,-0.375757929118368,0.0276510883724672,-0.0252732747686417,-0.548653133729973,0.3574659125439
24.8426315824557,0.0233465232155918,-0.174026241357008,0.625758511208155,-0.377269246769766,0.0275070751262381,-0.0252712456543464,-0.546366086662356,0.358462312371855
25.0149189195333,0.022625733450197,-0.172918697618797,0.623225403462828,-0.378765447118201,0.0273629096721277,-0.0252687452097107,-0.544066683313071,0.35944668530353
25.1884010948637,0.0219147404579992,-0.171813700521771,0.620674532811088,-0.380246277444798,0.0272185945204839,-0.0252657679466644,-0.541755042628198,0.360418843853311
25.3630863948277,0.0212134717795748,-0.170711328297638,0.618106069253651,-0.381711486804581,0.0270741323337514,-0.0252623083632297,-0.539431287180608,0.361378601616439
25.538983163273,0.0205218544535661,-0.169611657718182,0.615520187322946,-0.383160826122359,0.0269295259273766,-0.025258360947685,-0.5370955431657,0.362325773350146
25.7160998019135,0.0198398150409031,-0.168514764100619,0.612917066067597,-0.384594048288987,0.0267847782705985,-0.0252539201827613,-0.534747940395086,0.363260175055168
25.89444477073,0.0191672796486752,-0.167420721313242,0.610296889034525,-0.386010908257911,0.0266398924871214,-0.0252489805498665,-0.532388612288182,0.364181624057582
26.0740265883745,0.0185041739536514,-0.16632960178134,0.607659844248627,-0.387411163141944,0.02649487185567,-0.0252435365333366,-0.5300176958617,0.365089939090921
26.2548538325773,0.0178504232254517,-0.165241476493395,0.605006124190013,-0.388794572310204,0.0263497198104252,-0.0252375826247076,-0.527635331717006,0.365984940378477
26.4369351405564,0.0172059523493731,-0.164156415007531,0.602335925768782,-0.390160897485139,0.0262044399413406,-0.0252311133270076,-0.525241664025332,0.366866449715768
26.6202792094301,0.01657068584887,-0.163074485458216,0.599649450297302,-0.391509902839574,0.0260590359943374,-0.025224123159063,-0.522836840510822,0.36773429055307
26.8048947966327,0.0159445479076934,-0.161995754563198,0.596946903459981,-0.392841355093696,0.0259135118713789,-0.0252166066598174,-0.520421012431394,0.368588288077984
26.9907907203326,0.0153274623916916,-0.160920287630679,0.594228495280518,-0.394155023611923,0.0257678716304226,-0.0252085583926579,-0.517994334557401,0.36942826929795
27.1779758598533,0.0147193528702732,-0.159848148566696,0.5914944400866,-0.395450680499554,0.0256221194852499,-0.0251999729497468,-0.515556965148096,0.370254063122652
27.3664591560979,0.0141201426375375,-0.158779399882728,0.58874495647206,-0.396728100699155,0.0254762598051735,-0.0251908449563537,-0.513109065925863,0.371065500446254
27.556249611976,0.013529754733075,-0.157714102703499,0.585980267256454,-0.397987062086574,0.0253302971146215,-0.0251811690751859,-0.510650802048237,0.371862414229383
27.7473562928336,0.0129481119624392,-0.156652316774971,0.583200599442076,-0.399227345566529,0.0251842360925991,-0.0251709400107117,-0.508182342077681,0.372644639580812
27.9397883268864,0.0123751369172961,-0.155594100472535,0.580406184168394,-0.400448735167678,0.0250380815720263,-0.0251601525134743,-0.505703857949136,0.373412013838761
28.1335549056553,0.0118107519952521,-0.154539510809377,0.577597256663905,-0.401651018137092,0.0248918385389536,-0.0251488013843921,-0.503215524935335,0.374164376651752
28.3286652844062,0.0112548794193654,-0.153488603445009,0.57477405619541,-0.40283398503406,0.0247455121316548,-0.0251368814790422,-0.500717521609882,0.374901570058949
28.5251287825912,0.0107074412573434,-0.152441432693977,0.571936826014718,-0.403997429823127,0.0245991076395967,-0.0251243877119221,-0.498210029808099,0.37562343856991
28.7229547842946,0.0101683594404298,-0.15139805153472,0.569085813302781,-0.405141149966306,0.0244526305022884,-0.0251113150606878,-0.495693234585654,0.376329829243695
28.9221527386804,0.00963755578198617,-0.150358511618583,0.566221269111264,-0.40626494651436,0.0243060863080079,-0.025097658570363,-0.493167324174973,0.377020591767237
29.1227321604441,0.00911495199576967,-0.149322863278976,0.563343448301574,-0.407368624197091,0.0241594807924087,-0.0250834133575169,-0.490632489939447,0.377695578532926
29.324702630267,0.00860046971391184,-0.148291155540673,0.560452609481355,-0.408451991512539,0.024012819837007,-0.0250685746144058,-0.48808892632545,0.378354644715327
29.5280737952738,0.00809403050460181,-0.147263436129245,0.557549014938465,-0.409514860815019,0.0238661094675491,-0.0250531376130762,-0.48553683081218,0.378997648346965
29.7328553694936,0.0075955558894775,-0.14623975148062,0.554632930572468,-0.410557048401909,0.0237193558522623,-0.0250370977094246,-0.48297640385935,0.379624450393108
29.9390571343235,0.00710496736072826,-0.145220146750773,0.551704625823647,-0.411578374599113,0.0235725652999881,-0.025020450347211,-0.48040784885274,0.380234914825471
30.1466889389963,0.00662218639791295,-0.144204665825527,0.548764373599586,-0.412578663845106,0.0234257442582005,-0.0250031910620223,-0.477831372047639,0.380828908694786
30.3557607010504,0.00614713448449634,-0.143193351330475,0.54581245019933,-0.413557744773492,0.0232788993109109,-0.0249853154851822,-0.475247182510201,0.381406302202156
30.566282406804,0.00567973312410829,-0.142186244641004,0.542849135235173,-0.414515450293998,0.02313203717646,-0.0249668193476047,-0.472655492056751,0.381966968769134
30.7782641118319,0.00521990385652809,-0.141183385892435,0.5398747115521,-0.415451617671803,0.0229851647051993,-0.0249476984835856,-0.470056515191051,0.382510785106451
30.9917159414457,0.0047675682733983,-0.140184813990254,0.536889465144927,-0.416366088605151,0.0228382888770642,-0.0249279488345321,-0.467450469039591,0.383037631281344
31.2066480911777,0.00432264803367083,-0.139190566620449,0.533893685073179,-0.417258709301153,0.0226914167990389,-0.0249075664526233,-0.464837573284911,0.383547390783394
31.4230708272674,0.00388506487878886,-0.138200680259933,0.530887663373751,-0.418129330549704,0.0225445557025178,-0.0248865475044017,-0.462218050097009,0.384039950588826
31.6409944871527,0.00345474064760764,-0.137215190187065,0.527871694971397,-0.418977807795448,0.0223977129405628,-0.0248648882742897,-0.459592124062876,0.384515201223209
31.8604294799627,0.00303159729105744,-0.136234130492253,0.524846077587108,-0.419804001207706,0.0222508959850608,-0.0248425851680301,-0.456960022114185,0.384973036822482
32.0813862870155,0.00261555688655155,-0.135257534088645,0.521811111644417,-0.420607775748306,0.022104112423782,-0.0248196347160461,-0.454321973453205,0.385413355192252
32.3038754623189,0.0022065416521423,-0.134285432722897,0.518767100173699,-0.421389001237232,0.0219573699573438,-0.0247960335767184,-0.451678209476963,0.385836057865308
32.5279076330741,0.00180447396042831,-0.133317856986024,0.515714348714521,-0.42214755241604,0.0218106763960794,-0.024771778539576,-0.44902896369972,0.386241050157285
32.7534935001834,0.00140927635221499,-0.132354836324319,0.512653165216106,-0.422883309008951,0.0216640396568175,-0.0247468665283985,-0.4463744716738,0.386628241220423
32.9806438387618,0.00102087154993188,-0.131396399050354,0.509583859935968,-0.423596155781581,0.0215174677595729,-0.0247212946042269,-0.443714970908846,0.386997544095375
33.2093694986511,0.000639182470808772,-0.130442572354049,0.506506745336792,-0.424285982597226,0.021370968824153,-0.0246950599682791,-0.441050700789536,0.387348875760997
33.4396814049384,0.000264132239813288,-0.129493382313801,0.503422135981628,-0.424952684470646,0.0212245510666811,-0.0246681599647697,-0.438381902491828,0.387682157182077
33.6715905584778,-0.000104355797647733,-0.128548853907691,0.500330348427464,-0.425596161619299,0.0210782227960414,-0.0246405920836293,-0.435708818897803,0.387997313354956
33.9051080364161,-0.000466358063260598,-0.127609011024747,0.497231701117261,-0.426216319511952,0.0209319924102475,-0.0246123539631228,-0.433031694509148,0.388294273350982
34.1402449927217,-0.000821950733568867,-0.126673876476272,0.494126514270515,-0.426813068914631,0.0207858683927385,-0.024583443392363,-0.430350775359364,0.388572970357769
34.3770126587175,-0.00117120972796743,-0.125743472007228,0.491015109772434,-0.427386325933844,0.0206398593086053,-0.0245538583137178,-0.427666308924745,0.388833341718197
34.6154223436172,-0.00151421069692367,-0.124817818307686,0.487897811061808,-0.427936012057049,0.0204939738007506,-0.0245235968251095,-0.424978544034216,0.38907532896713
34.8554854350656,-0.001851029010425,-0.123896935024319,0.484774943017646,-0.428462054190289,0.0203482205859863,-0.0244926571822037,-0.422287730778071,0.389298877865807
35.0972133996824,-0.00218173974665024,-0.122980840771963,0.481646831844674,-0.428964384692991,0.0202026084510718,-0.024461037800485,-0.419594120415717,0.389503938433858
35.3406177836102,-0.0025064176808633,-0.122069553145219,0.478513804957775,-0.42944294140985,0.020057146248696,-0.0244287372572201,-0.41689796528246,0.38969046497894
35.5857102130658,-0.00282513727452787,-0.121163088730116,0.475376190865457,-0.429897667699792,0.0199118428934077,-0.0243957542933045,-0.414199518695431,0.389858416123921
35.8325023948954,-0.00313797266464149,-0.120261463115811,0.47223431905244,-0.43032851246196,0.0197667073574974,-0.0243620878149926,-0.411499034858714,0.390007754831626
36.081006117134,-0.00344499765328746,-0.119364690906347,0.469088519861448,-0.430735430158703,0.0196217486668339,-0.0243277368955089,-0.408796768767755,0.390138448427082
36.3312332495683,-0.00374628569740372,-0.118472785732454,0.465939124374303,-0.431118380835537,0.0194769758966605,-0.02429270077654,-0.406092976113129,0.390250468617265
36.5831957443038,-0.00404190989876702,-0.117585760263387,0.462786464292407,-0.431477330138056,0.0193323981673536,-0.0242569788696059,-0.403387913183733,0.390343791508309
36.8369056363357,-0.00433194299419187,-0.116703626218814,0.459630871816709,-0.431812249325764,0.0191880246401476,-0.0242205707573096,-0.400681836769501,0.39041839762017
37.0923750441235,-0.00461645734594244,-0.115826394380747,0.456472679527248,-0.432123115282818,0.0190438645128314,-0.0241834761944635,-0.3979750040637,0.390474271898726
37.3496161701702,-0.00489552493235739,-0.114954074605501,0.45331222026237,-0.432409910525663,0.0188999270154173,-0.0241456951090937,-0.395267672564899,0.3905114037253
37.6086413016048,-0.00516921733868607,-0.114086675835701,0.450149826997712,-0.43267262320755,0.0187562214057901,-0.02410722760332,-0.392560099978682,0.390529786923592
37.8694628107695,-0.00543760574813559,-0.113224206112317,0.446985832725046,-0.432911247119919,0.0186127569653368,-0.0240680739541109,-0.389852544119197,0.390529419764022
38.1320931558105,-0.00570076093312796,-0.112366672586744,0.443820570331088,-0.433125781690662,0.0184695429945634,-0.0240282346139159,-0.3871452628106,0.390510304965469
38.3965448812729,-0.00595875324676674,-0.111514081532899,0.440654372476354,-0.433316231979242,0.0183265888087007,-0.023987710211171,-0.3844385137885,0.39047244969441
38.6628306187004,-0.00621165261451231,-0.110666438359362,0.437487571474173,-0.433482608668685,0.0181839037333046,-0.0239465015506813,-0.381732554601465,0.390415865561461
38.9309630872381,-0.00645952852606564,-0.109823747621539,0.434320499169947,-0.433624928054447,0.0180414970998541,-0.0239046096138777,-0.379027642512676,0.390340568615321
39.2009550942403,-0.00670245002745954,-0.108986013033855,0.431153486820747,-0.433743212030159,0.0178993782413508,-0.0238620355589503,-0.376324034401815,0.390246579334126
39.4728195358824,-0.00694048571335739,-0.108153237481969,0.427986864975356,-0.433837488070266,0.0177575564879236,-0.0238187807208567,-0.373621986667251,0.390133922614222
39.7465693977764,-0.00717370371955867,-0.107325423035013,0.424820963354836,-0.433907789209588,0.0176160411624438,-0.0237748466112079,-0.370921755128625,0.390002627756376
40.0222177555915,-0.00740217171571085,-0.106502570957861,0.421656110733735,-0.433954154019789,0.0174748415761525,-0.0237302349180308,-0.36822359492989,0.389852728449426
40.2997777756789,-0.00762595689822754,-0.105684681723399,0.418492634821997,-0.433976626582816,0.0173339670243052,-0.0236849475054088,-0.365527760442898,0.389684262751406
40.5792627157,-0.00784512598341225,-0.104871755024833,0.415330862147701,-0.433975256461302,0.0171934267818375,-0.0236389864130009,-0.36283450517161,0.389497273068147
40.8606859252603,-0.00805974520078759,-0.104063789787997,0.412171117940697,-0.433950098665977,0.017053230099055,-0.0235923538554415,-0.360144081657,0.389291806129397
41.1440608465467,-0.00826988028662973,-0.10326078418368,0.409013726017237,-0.433901213620121,0.0169133861973515,-0.0235450522216206,-0.357456741382728,0.389067912962467
41.4294010149697,-0.0084755964777075,-0.102462735639967,0.405859008665694,-0.433828667121075,0.0167739042649591,-0.0234970840738464,-0.354772734681669,0.388825648863445
41.7167200598098,-0.00867695850522611,-0.101669640854583,0.402707286533449,-0.433732530298877,0.016634793452733,-0.0234484521468914,-0.352092310643349,0.388565073366006
42.0060317048688,-0.00887403058897501,-0.100881495807246,0.399558878515035,-0.433612879572034,0.0164960628699762,-0.0233991593469247,-0.349415717022383,0.388286250207844
42.2973497691249,-0.00906687643167978,-0.100098295772025,0.396414101641634,-0.433469796600498,0.0163577215803053,-0.02334920875033,-0.346743200147968,0.387989247294771
42.5906881673929,-0.00925555921355747,-0.0993200353296963,0.39327327097198,-0.433303368235875,0.0162197785975628,-0.0232986036024127,-0.344075004834508,0.387674136662516
42.8860609109892,-0.00944014158707533,-0.0985467083801066,0.390136699484788,-0.43311368646893,0.016082242881778,-0.0232473473159978,-0.34141137429344,0.387340994436269
43.1834821084004,-0.00962068567191229,-0.0977783081545229,0.387004697972756,-0.432900848374431,0.0159451233351799,-0.0231954434699195,-0.338752550046323,0.386989900788006
43.4829659659579,-0.00979725305012315,-0.0970148272279844,0.383877574938234,-0.43266495605339,0.0158084287982656,-0.0231428958074059,-0.336098771839252,0.386620939891648
43.7845267885158,-0.00996990476150468,-0.0962562575316431,0.380755636490627,-0.432406116572758,0.0156721680459266,-0.0230897082343601,-0.333450277558663,0.386234199876088
44.0881789801347,-0.0101387012991635,-0.0955025903650937,0.377639186245609,-0.432124441902638,0.0155363497836369,-0.0230358848175404,-0.330807303148598,0.385829772776158
44.3939370447695,-0.0103037026052853,-0.0947538164086903,0.374528525226218,-0.431820048851068,0.0154009826437047,-0.0229814297826412,-0.328170082529468,0.385407754481557
44.701815586962,-0.0104649680671042,-0.0940099257358469,0.371423951765896,-0.431493058996448,0.0152660751815915,-0.0229263475122781,-0.325538847518385,0.38496824468382
45.0118293125388,-0.0106225565130729,-0.0932709078253187,0.36832576141354,-0.431143598617673,0.0151316358723002,-0.0228706425438796,-0.322913827751123,0.384511346821364
45.3239930293136,-0.0107765262092318,-0.0925367515734613,0.365234246840634,-0.430771798622043,0.0149976731068355,-0.0228143195674863,-0.320295250605741,0.384037168022679
45.6383216477945,-0.0109269348557771,-0.0918074453064661,0.362149697750514,-0.430377794471013,0.0148641951887393,-0.0227573834234629,-0.317683341127937,0.383545819047708
45.954830181896,-0.011073839583827,-0.091082976792568,0.359072400789821,-0.429961726103869,0.0147312103307026,-0.0226998391001238,-0.315078321958172,0.383037414227498
46.2735337496566,-0.0112172969523852,-0.0903633332542217,0.356002639462206,-0.429523737859386,0.0145987266512563,-0.0226416917312757,-0.312480413260609,0.382512071402156
46.5944475739604,-0.0113573629455008,-0.0896485013802468,0.35294069404434,-0.429063978395562,0.0144667521715447,-0.0225829465936804,-0.309889832653913,0.381969911857185
46.9175869832646,-0.0114940929696236,-0.0889384673379353,0.349886841504259,-0.428582600607489,0.0143352948121804,-0.0225236091044403,-0.307306795143958,0.381411060258277
47.2429674123316,-0.0116275418511546,-0.0882332167851199,0.346841355422116,-0.428079761543448,0.0142043623901864,-0.0224636848183095,-0.304731513058469,0.38083564458459
47.5706044029659,-0.0117577638341891,-0.0875327348822014,0.343804505913365,-0.427555622319306,0.0140739626160241,-0.022403179424934,-0.30216419598364,0.380243796060619
47.9005136047569,-0.0118848125784531,-0.0868370063041305,0.340776559554422,-0.427010348031292,0.0139441030907106,-0.022342098746024,-0.299605050702768,0.37963564908669
48.2327107758263,-0.0120087411574302,-0.0861460152523411,0.337757779310846,-0.42644410766724,0.0138147913030262,-0.0222804487324606,-0.297054281136929,0.379011341168166
48.5672117835806,-0.012129602056679,-0.0854597454666337,0.334748424468067,-0.425857074016373,0.0136860346268138,-0.0222182354613415,-0.294512088287714,0.378371012843426
48.904032605469,-0.012247447172339,-0.0847781802370043,0.331748750564695,-0.425249423577718,0.0135578403183718,-0.0221554651329672,-0.29197867018208,0.377714807610677
49.243189329747,-0.0123623278098236,-0.0841013024154162,0.328759009328439,-0.42462133646723,0.0134302155139409,-0.0220921440677724,-0.289454221819311,0.37704287185369
49.5846981562442,-0.0124742946826991,-0.0834290944275125,0.325779448614657,-0.423972996323715,0.0133031672272865,-0.0220282787032048,-0.28693893512012,0.376355354766498
49.9285753971387,-0.0125833979117477,-0.0827615382842656,0.322810312347572,-0.423304590213633,0.0131767023473783,-0.0219638755905551,-0.284432998877926,0.375652408277159
50.2748374777359,-0.0126896870242129,-0.0820986155935604,0.319851840464155,-0.422616308534861,0.0130508276361661,-0.0218989413917414,-0.281936598712291,0.374934186970619
50.6235009372529,-0.0127932109532264,-0.0814403075717098,0.316904268860703,-0.421908344919511,0.012925549726455,-0.0218334828760502,-0.279449917024571,0.374200848010781
50.974582429609,-0.0128940180374136,-0.0807865950548981,0.313967829342126,-0.421180896135884,0.0128008751198785,-0.0217675069168397,-0.276973132955751,0.373452551061815
51.3280987242209,-0.0129921560206759,-0.0801374585105491,0.311042749573944,-0.420434161989634,0.0126768101849713,-0.0217010204882055,-0.274506422346506,0.372689458208809
51.6840667068035,-0.0130876720521491,-0.0794928780486188,0.308129253037012,-0.419668345224248,0.0125533611553418,-0.0216340306616146,-0.272049957699477,0.371911733877806
52.0425033801768,-0.0131806126863343,-0.0788528334328066,0.305227558984973,-0.418883651420902,0.0124305341279445,-0.0215665446025095,-0.269603908143774,0.371119544755311
52.4034258650778,-0.0132710238834007,-0.0782173040916837,0.302337882404437,-0.418080288897801,0.0123083350614528,-0.0214985695668861,-0.267168439401702,0.370313059707335
52.7668514009784,-0.0133589510096563,-0.0775862691297361,0.299460433977889,-0.41725846860906,0.0121867697747322,-0.0214301128978483,-0.264743713757714,0.369492449698041
53.1327973469088,-0.0134444388381861,-0.0769597073383196,0.296595420049324,-0.416418404043236,0.0120658439454131,-0.0213611820221428,-0.262329890029592,0.368657887708056
53.5012811822866,-0.0135275315496549,-0.0763375972065237,0.293743042592596,-0.41556031112157,0.0119455631085649,-0.0212917844466773,-0.259927123541836,0.367809548652531
53.8723205077517,-0.0136082727332711,-0.0757199169319412,0.290903499182478,-0.414684408096033,0.0118259326554688,-0.0212219277550247,-0.257535566101275,0.366947609299002
54.2459330460073,-0.013686705387911,-0.0751066444313426,0.288076982968414,-0.413790915447252,0.0117069578324909,-0.0211516196039168,-0.255155365974872,0.366072248185118
54.6221366426659,-0.0137628719234,-0.0744977573512518,0.285263682650956,-0.412880055782396,0.0115886437400542,-0.0210808677197308,-0.252786667869724,0.365183645536312
55.0009492671021,-0.0138368141619477,-0.0738932330784207,0.282463782460864,-0.411952053733098,0.0114709953317095,-0.0210096798949707,-0.250429612915237,0.364281983183469
55.3823890133107,-0.0139085733397355,-0.0732930487501998,0.279677462140848,-0.411007135853491,0.0113540174133035,-0.0209380639847475,-0.248084338647461,0.363367444480663
55.7664741007712,-0.013978190108653,-0.0726971812648044,0.276904896929937,-0.410045530518435,0.0112377146422445,-0.020866027903261,-0.245750978995572,0.36244021422301
56.1532228753178,-0.0140457045381807,-0.0721056072914721,0.274146257550443,-0.409067467822011,0.0111220915268654,-0.0207935796202849,-0.243429664270476,0.361500478564718
56.5426538100157,-0.0141111561174163,-0.0715183032805098,0.271401710197495,-0.408073179476341,0.0110071524258801,-0.0207207271576598,-0.241120521155514,0.360548424937379
56.9347855060436,-0.0141745837572418,-0.0709352454732304,0.268671416531123,-0.407062898710827,0.0108929015479369,-0.0206474785857955,-0.238823672699256,0.359584241968569
57.3296366935823,-0.0142360257926282,-0.0703564099117727,0.265955533670845,-0.406036860171864,0.0107793429512634,-0.0205738420201862,-0.236539238310336,0.358608119400806
57.7272262327089,-0.014295519985075,-0.069781772448808,0.263254214192739,-0.404995299823094,0.0106664805434044,-0.02049982561794,-0.234267333754331,0.357620248010938
58.1275731142982,-0.0143531035251814,-0.0692113087571268,0.26056760612896,-0.403938454846277,0.0105543180810512,-0.0204254375743267,-0.232008071152629,0.356620819529994
58.5306964609293,-0.0144088130353466,-0.0686449943391064,0.257895852969662,-0.402866563542835,0.0104428591699603,-0.0203506861193457,-0.229761558983272,0.355610026563564
58.9366155277994,-0.014462684572595,-0.0680828045360575,0.25523909366729,-0.401779865236142,0.0103321072649602,-0.0202755795143164,-0.227527902083746,0.354588062512768
59.3453497036433,-0.0145147536315248,-0.0675247145374473,0.252597462643205,-0.400678600174603,0.0102220656700461,-0.0202001260484932,-0.225307201655666,0.353555121495839
59.7569185116595,-0.0145650551473749,-0.0669706993899982,0.249971089796592,-0.399563009435603,0.010112737538559,-0.0201243340357088,-0.223099555271347,0.352511398270399
60.1713416104428,-0.0146136234992094,-0.0664207340066607,0.247360100515614,-0.39843333483037,0.0100041258734494,-0.0200482118110453,-0.220905056882205,0.351457088156449
60.5886387949234,-0.0146604925132134,-0.0658747931754588,0.244764615690773,-0.397289818809804,0.00989623352762349,-0.0199717677275391,-0.218723796828967,0.350392386960137
61.0088299973121,-0.0147056954660999,-0.0653328515682067,0.242184751730413,-0.396132704371341,0.00978906320436907,-0.0198950101529175,-0.216555861853646,0.349317490898342
61.4319352880526,-0.0147492650886223,-0.064794883749096,0.239620620578339,-0.394962234966888,0.0096826174578616,-0.0198179474663724,-0.214401335113237,0.348232596524106
61.8579748767801,-0.0147912335691907,-0.0642608641831521,0.237072329733495,-0.393778654411886,0.00957689869374657,-0.019740588055371,-0.212260296195111,0.347137900652978
62.2869691132868,-0.0148316325575874,-0.0637307672445581,0.234539982271642,-0.392582206795547,0.00947190916979759,-0.0196629403125061,-0.210132821134049,0.346033600290288
62.7189384884933,-0.0148704931687799,-0.0632045672248466,0.232023676869008,-0.391373136392306,0.00936765099664808,-0.0195850126323881,-0.208018982430886,0.344919892559392
63.1539036354283,-0.0149078459868268,-0.0626822383409577,0.229523507827831,-0.390151687574542,0.00926412613859444,-0.0195068134085792,-0.20591884907272,0.343796974630938
63.5918853302131,-0.0149437210688733,-0.0621637547431624,0.227039565103774,-0.388918104726595,0.00916133641446918,-0.0194283510305728,-0.203832486554641,0.342665043653166
64.032904493055,-0.0149781479492344,-0.0616490905228515,0.224571934335122,-0.38767263216013,0.00905928349858174,-0.019349633880819,-0.201759956902947,0.341524296683296
64.4769821892457,-0.0150111556435609,-0.0611382197201882,0.222120696873746,-0.386415514030877,0.00895796892172523,-0.0192706703317974,-0.199701318699783,0.340374930620009
64.9241396301678,-0.0150427726530852,-0.0606311163316254,0.219685929817753,-0.385146994256788,0.00885739407224696,-0.0191914687431389,-0.197656627109186,0.33921714213708
65.3743981743082,-0.0150730269689452,-0.0601277543172863,0.217267706045773,-0.383867316437636,0.00875756019718095,-0.0191120374587981,-0.195625933904467,0.338051127618164
65.827779328278,-0.0151019460765806,-0.0596281076082082,0.214866094252835,-0.382576723776098,0.00865846840344012,-0.0190323848042767,-0.193609287496899,0.336877083092775
66.2843047478397,-0.0151295569601999,-0.0591321501134495,0.212481158987775,-0.381275459000337,0.00856011965906635,-0.0189525190839,-0.191606732965664,0.335695204173475
66.7439962389419,-0.0151558861073149,-0.0586398557270594,0.210112960692106,-0.379963764288123,0.00846251479453624,-0.0188724485781466,-0.189618312089006,0.334505685994304
67.2068757587607,-0.0151809595133383,-0.0581511983349111,0.207761555740323,-0.378641881192508,0.00836565450412049,-0.0187921815410335,-0.187644063376558,0.333308723150457
67.6729654167483,-0.0152048026862433,-0.0576661518213969,0.205426996481547,-0.377310050569079,0.00826953934729494,-0.0187117261975561,-0.185684022102784,0.332104509639242
68.1422874756894,-0.0152274406512787,-0.0571846900759875,0.203109331282499,-0.375968512504819,0.00817416975020104,-0.0186310907411847,-0.183738220341494,0.330893238802329
68.6148643527643,-0.0152488979557408,-0.0567067869996537,0.200808604571699,-0.37461750624858,0.00807954600715381,-0.0185502833314191,-0.181806687001396,0.329675103269301
69.0907186206199,-0.0152691986737945,-0.0562324165111522,0.19852485688488,-0.373257270143193,0.00798566828219514,-0.0184693120913997,-0.179889447862623,0.32845029490253
69.5698730084476,-0.0152883664113438,-0.0557615525531744,0.196258124911521,-0.371888041559235,0.00789253661069036,-0.0183881851055784,-0.177986525614202,0.327219004743387
70.0523504030693,-0.0153064243109472,-0.0552941690983604,0.194008441542473,-0.37051005683045,0.00780015090096611,-0.0183069104174477,-0.176097939892417,0.325981422959794
70.5381738500302,-0.0153233950567748,-0.0548302401551779,0.191775835918609,-0.369123551190855,0.00770851093598728,-0.0182254960273297,-0.174223707320011,0.324737738795132
71.0273665547,-0.0153393008796056,-0.0543697397736648,0.189560333480443,-0.367728758713522,0.00761761637507118,-0.0181439498902254,-0.172363841546204,0.323488140518508
71.5199518833807,-0.01535416356186,-0.0539126420510403,0.187361956018665,-0.366325912251056,0.00752746675563676,-0.0180622799137233,-0.170518353287457,0.322232815376393
72.0159533644237,-0.0153680044426661,-0.0534589211371801,0.18518072172554,-0.364915243377772,0.00743806149498685,-0.0179804939559696,-0.168687250368953,0.320971949545633
72.5153946893524,-0.0153808444229571,-0.0530085512399612,0.18301664524712,-0.363496982333568,0.00734939989212167,-0.0178985998236989,-0.166870537766753,0.319705728087833
73.0182997139948,-0.0153927039705955,-0.0525615066304738,0.180869737736203,-0.36207135796951,0.00726148112958131,-0.0178166052703252,-0.165068217650567,0.318434334905126
73.5246924596224,-0.0154036031255233,-0.0521177616481026,0.178740006905998,-0.360638597695113,0.00717430427531534,-0.0177345179940951,-0.163280289427125,0.317157952697317
74.0345971140979,-0.0154135615049338,-0.0516772907054784,0.176627457084446,-0.359198927427335,0.00708786828457781,-0.0176523456363009,-0.161506749784073,0.31587676292041
74.5480380330304,-0.0154225983084639,-0.0512400682933008,0.174532089269132,-0.357752571541265,0.00700217200184535,-0.0175700957795552,-0.159747592734378,0.314590945746513
75.0650397409388,-0.0154307323234026,-0.0508060689850327,0.172453901182755,-0.356299752822518,0.00691721416275689,-0.017487775946127,-0.158002809661187,0.313300680025117
75.585626932423,-0.015437981929915,-0.0503752674414692,0.170392887329088,-0.354840692421317,0.00683299339607282,-0.0174053935963372,-0.156272389363109,0.312006143245744
76.1098244733437,-0.0154443651062781,-0.0499476384151794,0.1683490390494,-0.35337560980826,0.00674950822565201,-0.0173229561270164,-0.154556318099865,0.310707511501973
76.6376574020103,-0.0154498994341264,-0.0495231567548256,0.166322344579266,-0.351904722731774,0.00666675707244467,-0.0172404708700217,-0.15285457963829,0.309404959456808
77.1691509303763,-0.0154546021037046,-0.0491017974093578,0.164312789105746,-0.350428247177229,0.00658473825649949,-0.0171579450908138,-0.151167155298618,0.308098660309417
77.7043304452438,-0.015458489919126,-0.0486835354320882,0.162320354824862,-0.348946397327722,0.00650344999898321,-0.017075385987095,-0.149494024001044,0.306788785763203
78.2432215094763,-0.0154615793036334,-0.0482683459846434,0.160345020999345,-0.347459385526495,0.00642289042421094,-0.0169928006875044,-0.147835162312506,0.305475505995219
78.7858498632195,-0.0154638863048603,-0.0478562043407995,0.158386764016595,-0.345967422240999,0.00634305756168556,-0.0169101962503743,-0.146190544493647,0.304158989626898
79.3322414251308,-0.0154654266000916,-0.047447085890198,0.15644555744682,-0.344470716028575,0.00626394934814464,-0.0168275796625431,-0.144560142545946,0.302839403696112
79.8824222936175,-0.0154662155015201,-0.0470409661419465,0.154521372101306,-0.342969473503741,0.00618556362961319,-0.0167449578382272,-0.142943926258954,0.301516913630518
80.436418748083,-0.0154662679614976,-0.0466378207281045,0.152614176090777,-0.341463899307068,0.00610789816346074,-0.0166623376179503,-0.141341863257617,0.300191683222204
80.9942572501823,-0.0154655985777787,-0.0462376254070561,0.150723934883807,-0.339954196075628,0.00603095062046126,-0.0165797257675286,-0.13975391904966,0.298863874603606
81.555964445086,-0.0154642215987555,-0.0458403560667705,0.148850611365238,-0.338440564415004,0.00595471858685433,-0.0164971289771128,-0.138180057072974,0.297533648224687
82.121567162753,-0.0154621509286809,-0.0454459887279536,0.14699416589458,-0.336923202872828,0.00587919956640627,-0.0164145538602858,-0.136620238743003,0.296201162831364
82.6910924192116,-0.0154594001328789,-0.04505449954709,0.145154556364332,-0.335402307913841,0.00580439098246975,-0.0163320069532144,-0.135074423500086,0.294866575445163
83.2645674178507,-0.0154559824429411,-0.0446658648193788,0.143331738258214,-0.33387807389645,0.00573029018004043,-0.0162494947138557,-0.13354256885672,0.293530041344092
83.8420195507184,-0.0154519107619062,-0.0442800609815643,0.141525664709253,-0.332350693050756,0.00565689442780953,-0.0161670235212165,-0.132024630444731,0.292191714044709
84.423476399831,-0.0154471976694225,-0.0438970646146623,0.139736286557705,-0.330820355458045,0.00558420092021087,-0.0160845996746656,-0.13052056206231,0.290851745285368
85.0089657384898,-0.0154418554268903,-0.0435168524465851,0.137963552408769,-0.329287249031698,0.0055122067794611,-0.0160022293932973,-0.129030315720892,0.289510285010634
85.5985155326084,-0.0154358959825849,-0.0431394013546663,0.136207408690061,-0.327751559499526,0.00544090905759218,-0.0159199188153463,-0.12755384169186,0.288167481356832
86.1921539420481,-0.0154293309767563,-0.0427646883680871,0.134467799708829,-0.326213470387475,0.00537030473847463,-0.0158376739976524,-0.126091088553034,0.28682348063873
86.7899093219629,-0.0154221717467062,-0.0423926906702045,0.132744667708867,-0.324673163004701,0.00530039073983063,-0.0157555009151748,-0.12464200323493,0.285478427337318
87.3918102241541,-0.0154144293318406,-0.0420233856007862,0.131037952927099,-0.32313081642998,0.00523116391523586,-0.0156734054605539,-0.12320653106677,0.284132464088678
87.9978853984339,-0.0154061144786959,-0.0416567506581505,0.129347593649818,-0.321586607499431,0.00516262105610899,-0.0155913934437216,-0.121784615822203,0.282785731673919
88.6081637939989,-0.0153972376459385,-0.0412927635012149,0.127673526268536,-0.320040710795526,0.00509475889368783,-0.0155094705915574,-0.120376199764737,0.281438369010157
89.2226745608124,-0.0153878090093365,-0.0409314019514546,0.126015685335435,-0.318493298637355,0.00502757410099126,-0.0154276425475903,-0.118981223692848,0.280090513142512
89.8414470509972,-0.0153778384667017,-0.0405726439947727,0.124374003618383,-0.316944541072139,0.00496106329476585,-0.0153459148717452,-0.117599626984745,0.278742299237122
90.4645108202374,-0.0153673356428026,-0.0402164677832834,0.122748412155501,-0.315394605867937,0.00489522303741653,-0.0152642930401335,-0.116231347642778,0.277393860575123
91.0918956291901,-0.015356309894245,-0.03986285163701,0.12113884030925,-0.313843658507549,0.0048300498389202,-0.0151827824448858,-0.114876322337473,0.276045328547606
91.7236314449071,-0.0153447703143224,-0.0395117740455003,0.119545215820019,-0.312291862183568,0.00476554015872172,-0.0151013883940268,-0.113534486451167,0.274696832651496
92.3597484422661,-0.0153327257378324,-0.0391632136693595,0.117967464859202,-0.310739377794561,0.00470169040761132,-0.0150201161113907,-0.112205774121231,0.273348500486366
93.0002770054119,-0.0153201847458606,-0.0388171493417034,0.116405512081733,-0.309186363942355,0.00463849694958283,-0.0149389707365769,-0.110890118282873,0.27200045775213
93.645247729208,-0.01530715567053,-0.0384735600695334,0.114859280678063,-0.307632976930399,0.00457595610367196,-0.014857957324944,-0.109587450711488,0.270652828247623
94.2946914206979,-0.0152936465997159,-0.0381324250350344,0.113328692425572,-0.306079370763169,0.00451406414577407,-0.0147770808476419,-0.108297702064565,0.269305733870027
94.9486391005764,-0.0152796653817249,-0.0377937235967979,0.111813667739385,-0.304525697146603,0.00445281731044065,-0.0146963461916806,-0.107020801923115,0.267959294615126
95.6071220046713,-0.0152652196299392,-0.0374574352909718,0.110314125722583,-0.302972105489517,0.00439221179265413,-0.0146157581600353,-0.105756678832619,0.266613628578373
96.2701715854358,-0.0152503167274231,-0.0371235398323375,0.108829984215803,-0.301418742906003,0.00433224374958029,-0.0145353214717859,-0.104505260343486,0.265268851956738
96.9378195134503,-0.0152349638314933,-0.0367920171153177,0.107361159846193,-0.299865754218754,0.00427290930229789,-0.0144550407622903,-0.103266473051004,0.263925079051326
97.6100976789355,-0.0152191678782522,-0.0364628472149144,0.105907568075733,-0.298313281963309,0.00421420453750494,-0.0143749205833911,-0.102040242634774,0.262582422270734
98.2870381932754,-0.0152029355870828,-0.0361360103875812,0.104469123248891,-0.29676146639318,0.00415612550920124,-0.0142949654036539,-0.100826493897624,0.261240992135129
98.9686733905512,-0.0151862734651063,-0.0358114870720278,0.103045738639614,-0.295210445485838,0.00409866824034672,-0.0142151796086367,-0.099625150803986,0.259900897281026
99.6550358290861,-0.0151691878116007,-0.0354892578899624,0.101637326497639,-0.293660354949535,0.00404182872449523,-0.0141355675011886,-0.0984361365177328,0.25856224446674
100.346158292999,-0.0151516847223815,-0.0351693036467701,0.100243798094119,-0.292111328230928,0.00398560292740341,-0.0140561333017784,-0.0972593734394672,0.257225138578504
101.042073793774,-0.0151337700941435,-0.0348516053321302,0.0988650637665516,-0.29056349652348,0.00392998678861433,-0.0139768811488509,-0.096094783243252,0.255889682637204
101.742815571832,-0.015115449628763,-0.034536144120574,0.0975010329630018,-0.289016988776623,0.00387497622301561,-0.0138978150992095,-0.0949422869127814,0.254555977805748
102.448417098122,-0.0150967288375619,-0.034222901371984,0.096151614285617,-0.287471931705636,0.00382056712237171,-0.0138189391284263,-0.0938018047769832,0.253224123397016
103.15891207572,-0.0150776130455318,-0.0339118586320362,0.0948167155334239,-0.285928449802233,0.00376675535683023,-0.0137402571312761,-0.0926732565450476,0.251894216882381
103.874334441436,-0.0150581073955194,-0.033602997632586,0.0934962437444038,-0.284386665345829,0.00371353677640199,-0.0136617729221952,-0.0915565613408813,0.250566353900786
104.594718367439,-0.0150382168523719,-0.0332963002920006,0.0921901052368401,-0.282846698415445,0.00366090721241461,-0.0135834902357633,-0.090451637736979,0.249240628268357
105.320098262886,-0.0150179462070439,-0.0329917487154376,0.0908982056499357,-0.28130866690225,0.0036088624789396,-0.0135054127272083,-0.0893584037877117,0.247917131988514
106.050508775566,-0.0149973000806646,-0.0326893251950723,0.089620449983696,-0.279772686522702,0.00355739837419273,-0.0134275439729316,-0.0882767770620288,0.246595955262585
106.785984793556,-0.014976282928565,-0.0323890122102739,0.0883567426380739,-0.278238870832261,0.00350651068190751,-0.0133498874710549,-0.0872066746755704,0.245277186500889
107.526561446888,-0.0149548990442674,-0.0320907924277328,0.0871069874513774,-0.276707331239662,0.00345619517268191,-0.0132724466419864,-0.08614801332219,0.243960912334269
108.272274109224,-0.0149331525634344,-0.0317946487015389,0.0858710877379351,-0.275178177021709,0.003406447605298,-0.0131952248290054,-0.0851007093048857,0.242647217626062
109.023158399549,-0.0149110474677795,-0.0315005640732138,0.0846489463250216,-0.273651515338584,0.00335726372801466,-0.0131182252988655,-0.0840646785661385,0.24133618548448
109.779250183872,-0.0148885875889388,-0.0312085217716962,0.0834404655890399,-0.272127451249631,0.00330863927983325,-0.013041451242415,-0.0830398367176587,0.240027897275392
110.540585576935,-0.0148657766123041,-0.030918505213283,0.0822455474909638,-0.270606087729608,0.00326056999173635,-0.0129649057752327,-0.0820260990695399,0.238722432635484
111.307200943943,-0.014842618080817,-0.0306304980015262,0.0810640936110383,-0.269087525685366,0.00321305158789937,-0.01288859193828,-0.0810233806588216,0.237419869485775
112.079132902301,-0.0148191153987252,-0.0303444839270872,0.0798960051827414,-0.267571863972958,0.00316607978687538,-0.0128125126985678,-0.0800315962774611,0.236120284045479
112.856418323356,-0.0147952718353003,-0.030060446967549,0.0787411831260085,-0.266059199415133,0.00311965030275296,-0.0127366709498365,-0.0790506604997164,0.234823750846197
113.639094334169,-0.0147710905285178,-0.0297783712871881,0.0775995280797204,-0.264549626819205,0.00307375884628726,-0.0126610695132496,-0.0780804877089422,0.233530342746409
114.427198319278,-0.0147465744886998,-0.0294982412367058,0.07647094043346,-0.263043238995278,0.00302840112600443,-0.0125857111381001,-0.0771209921238006,0.232240130946267
115.220767922492,-0.0147217266021195,-0.0292200413529211,0.0753553203585385,-0.2615401267748,0.00298357284927937,-0.0125105985025273,-0.0761720878238899,0.230953185002657
116.019841048683,-0.0146965496345695,-0.0289437563584249,0.0742525678382967,-0.260040379029434,0.0029392697233871,-0.0124357342142457,-0.0752336887747932,0.22966957284453
116.824455865599,-0.0146710462348921,-0.0286693711611973,0.0731625826976833,-0.258544082690216,0.0028954874565277,-0.0123611208112834,-0.0743057088525514,0.228389360788469
117.634650805689,-0.0146452189384746,-0.0283968708541883,0.0720852646321165,-0.257051322766992,0.00285222175882524,-0.0122867607627301,-0.073388061867563,0.227112613554487
118.450464567934,-0.0146190701707066,-0.0281262407148624,0.0710205132356323,-0.255562182368108,0.0028094683433006,-0.0122126564694937,-0.0724806615879153,0.225839394282049
119.271936119701,-0.0145926022504025,-0.0278574662047087,0.0699682280283254,-0.254076742720338,0.00276722292681854,-0.0121388102650654,-0.0715834217621506,0.22456976454628
120.099104698599,-0.0145658173931878,-0.0275905329687166,0.0689283084830875,-0.252595083189029,0.00272548123100917,-0.0120652244162917,-0.0706962561414715,0.223303784374368
120.932009814357,-0.0145387177148503,-0.0273254268348175,0.0679006540516486,-0.25111728129845,0.002684238983164,-0.0119919011241536,-0.0698190785013913,0.222041512262139
121.77069125071,-0.0145113052346558,-0.0270621338132942,0.0668851641899286,-0.249643412752322,0.00264349191710681,-0.0119188425245519,-0.0689518026628322,0.220783005190783
122.615189067297,-0.0144835818786296,-0.0268006400961572,0.065881738382704,-0.24817355145452,0.00260323577403963,-0.0118460506890978,-0.0680943425126781,0.219528318643736
123.46554360158,-0.014455549482803,-0.0265409320564903,0.0648902761675965,-0.246707769529925,0.00256346630336394,-0.0117735276259086,-0.0672466120237869,0.218277506623685
124.321795470765,-0.0144272097964264,-0.0262829962477641,0.0639106771583917,-0.245246137345407,0.00252417926347747,-0.0117012752804078,-0.0664085252744667,0.217030621669698
125.183985573745,-0.0143985644851476,-0.0260268194031194,0.0629428410676929,-0.243788723530934,0.0024853704225468,-0.011629295536129,-0.0655799964674231,0.21578771487446
126.052155093052,-0.0143696151341574,-0.0257723884346201,0.061986667728919,-0.242335595000787,0.00244703555925605,-0.0115575902155229,-0.0647609399481822,0.214548835901603
126.926345496825,-0.0143403632513019,-0.0255196904324772,0.0610420571176536,-0.240886816974858,0.00240917046353186,-0.0114861610807674,-0.0639512702229963,0.213314033003128
127.806598540793,-0.0143108102701613,-0.0252687126642429,0.0601089093723519,-0.239442453000028,0.00237177093724512,-0.011415009834579,-0.0631509019762375,0.212083353036887
128.692956270265,-0.0142809575530967,-0.0250194425739762,0.0591871248144148,-0.238002564971615,0.00233483279488949,-0.0113441381210271,-0.0623597500872856,0.210856841484141
129.585461022141,-0.0142508063942648,-0.0247718677813807,0.0582766039676376,-0.236567213154854,0.0022983518642373,-0.0112735475263484,-0.0615777296469176,0.209634542467158
130.484155426934,-0.0142203580225992,-0.0245259760809132,0.0573772475770415,-0.23513645620643,0.00226232398697286,-0.0112032395797625,-0.0608047559732045,0.20841649876686
131.389082410804,-0.0141896136047618,-0.0242817554408665,0.0564889566270964,-0.233710351196024,0.00222674501930367,-0.0111332157542878,-0.0600407446269219,0.207202751840502
132.300285197614,-0.0141585742480612,-0.0240391940024236,0.0556116323593433,-0.232288953627872,0.00219161083254979,-0.0110634774675569,-0.0592856114264817,0.205993341839364
133.217807310988,-0.0141272410033407,-0.023798280078685,0.0547451762894249,-0.230872317462321,0.00215691731371164,-0.0109940260826316,-0.0585392724623915,0.204788307626466
134.141692576393,-0.0140956148678347,-0.0235590021536705,0.0538894902235345,-0.22946049513738,0.00212266036601667,-0.0109248629088164,-0.0578016441112479,0.203587686794281
135.071985123233,-0.0140636967879948,-0.0233213488812935,0.0530444762742893,-0.228053537590238,0.00208883590944507,-0.0108559892024711,-0.0570726430492728,0.202391515682444
136.008729386957,-0.0140314876622852,-0.0230853090843099,0.0522100368760398,-0.22665149427875,0.00205543988123506,-0.0107874061678212,-0.0563521862653963,0.201199829395448
136.951970111177,-0.0139989883439473,-0.0228508717532404,0.051386074799623,-0.225254413202881,0.00202246823636785,-0.0107191149577656,-0.0556401910738965,0.200012661820318
137.901752349813,-0.0139661996437347,-0.0226180260452681,0.0505724931665685,-0.223862340926092,0.00198991694803282,-0.0106511166746827,-0.0549365751266017,0.198830045644257
138.858121469236,-0.0139331223326182,-0.0223867612831097,0.0497691954627673,-0.22247532259666,0.00195778200807312,-0.0105834123712323,-0.0542412564246625,0.197652012372251
139.821123150444,-0.01389975714446,-0.0221570669538623,0.0489760855516116,-0.221093401968928,0.00192605942741217,-0.0105160030511553,-0.0535541533299007,0.196478592344636
140.790803391236,-0.0138661047786597,-0.0219289327078244,0.0481930676866165,-0.219716621424466,0.0018947452364612,-0.0104488896700687,-0.0528751845757431,0.19530981475461
141.767208508414,-0.0138321659027692,-0.021702348357292,0.04742004652353,-0.218345021993142,0.00186383548550842,-0.010382073136257,-0.0522042692777459,0.194145707665687
142.750385139995,-0.0137979411550794,-0.0214773038753306,0.0466569271319452,-0.216978643374095,0.00183332624508994,-0.01031555431146,-0.051541326943719,0.192986298029087
143.740380247435,-0.0137634311471764,-0.0212537893945212,0.0459036150064191,-0.215617523956598,0.001803213606343,-0.0102493340116545,-0.0508862774834555,0.191831611701061
144.737241117876,-0.0137286364664693,-0.0210317952056833,0.045160016077111,-0.214261700840797,0.00177349368134166,-0.0101834130078326,-0.0502390412180747,0.190681673460128
145.741015366405,-0.0136935576786884,-0.0208113117565718,0.0444260367199484,-0.212911209858344,0.00174416260341548,-0.0101177920267739,-0.0495995388889859,0.189536507024246
146.751750938323,-0.0136581953303538,-0.0205923296505509,0.0437015837663298,-0.211566085592877,0.00171521652745137,-0.0100524717518129,-0.0489676916664793,0.188396135067876
147.769496111443,-0.0136225499512152,-0.0203748396452426,0.0429865645123746,-0.210226361400378,0.00168665163017911,-0.00998745282359986,-0.0483434211579526,0.187260579238973
148.794299498388,-0.0135866220566626,-0.0201588326511515,0.0422808867277288,-0.208892069429385,0.00165846411044083,-0.00992273584085696,-0.047726649415779,0.186129860175869
149.826210048919,-0.0135504121501073,-0.0199442997302655,0.0415844586639361,-0.207563240641042,0.00163065018944474,-0.00985832136112734,-0.0471172989448253,0.18500399752405
150.865277052271,-0.0135139207253339,-0.019731232094632,0.040897189062384,-0.206239904829008,0.00160320611100355,-0.00979420990151829,-0.0465152927096254,0.183883009952839
151.911550139505,-0.013477148268823,-0.0195196211049104,0.0402189871618338,-0.204922090639193,0.00157612814175792,-0.00973040193943768,-0.0459205541412182,0.182766915171955
152.965079285884,-0.0134400952620442,-0.0193094582689006,0.0395497627055443,-0.20360982558933,0.00154941257138521,-0.0096668979133238,-0.0453330071436555,0.181655729947966
154.025914813254,-0.0134027621837199,-0.0191007352400468,0.0388894259479986,-0.202303136088375,0.00152305571279396,-0.00960369822336811,-0.0447525761001877,0.180549470120617
155.094107392451,-0.0133651495120586,-0.0188934438159189,0.038237887661242,-0.201002047455729,0.00149705390230443,-0.00954080323223103,-0.0441791858791338,0.179448150619041
156.169708045722,-0.01332725772696,-0.0186875759366685,0.0375950591408423,-0.199706583940274,0.00147140349981545,-0.00947821326575035,-0.0436127618394427,0.178351785477837
157.25276814916,-0.0132890873121879,-0.0184831236834622,0.0369608522114797,-0.198416768739232,0.0014461008889581,-0.00941592861364225,-0.043053229835953,0.177260387853027
158.34333943516,-0.0132506387575151,-0.0182800792768903,0.0363351792321765,-0.197132624016821,0.00142114247723637,-0.00935394953019476,-0.0425005162243577,0.176173970037874
159.441473994887,-0.0132119125608363,-0.018078435075353,0.0357179531011758,-0.195854170922728,0.00139652469615528,-0.00929227623495344,-0.0419545478658804,0.175092543478567
160.547224280766,-0.0131729092302508,-0.0178781835734214,0.0351090872604767,-0.194581429610376,0.00137224400133671,-0.00923090891339935,-0.0414152521316701,0.174016118789768
161.66064310899,-0.0131336292861151,-0.0176793174001767,0.0345084957000373,-0.193314419254992,0.00134829687262334,-0.00916984771761884,-0.0408825569069209,0.172944705770019
162.781783662036,-0.0130940732630628,-0.0174818293175245,0.0339160929616518,-0.192053158071473,0.00132467981417093,-0.00910909276696551,-0.040356390594723,0.171878313417008
163.910699491214,-0.0130542417119948,-0.0172857122184865,0.0333317941425129,-0.190797663332043,0.00130138935452941,-0.00904864414871379,-0.0398366821196522,0.170816949942683
165.047444519217,-0.0130141352020362,-0.0170909591254687,0.0327555148984662,-0.189547951383696,0.00127842204671298,-0.00898850191870437,-0.0393233609311027,0.169760622788227
166.192073042701,-0.0129737543224621,-0.0168975631885064,0.0321871714469667,-0.18830403766543,0.00125577446825957,-0.00892866610198119,-0.0388163570063715,0.16870933863888
167.344639734876,-0.0129330996845902,-0.0167055176834862,0.0316266805697446,-0.18706593672527,0.00123344322128009,-0.00886913669342003,-0.0383156008534991,0.167663103438611
168.505199648122,-0.0128921719236416,-0.0165148160103452,0.0310739596151908,-0.185833662237064,0.00121142493249763,-0.0088099136583486,-0.0378210235138731,0.166621922404637
169.673808216612,-0.0128509717005671,-0.016325451691247,0.0305289265004686,-0.18460722701707,0.00118971625327697,-0.00875099693315798,-0.037332556564601,0.165585800041788
170.850521258965,-0.012809499703841,-0.0161374183687352,0.0299914997133602,-0.183386643040314,0.00116831385964481,-0.00869238642590551,-0.0368501321206583,0.16455474015672
172.03539498091,-0.0127677566512201,-0.0159507098038649,0.0294615983138583,-0.182171921456734,0.0011472144523009,-0.00863408201690893,-0.0363736828368166,0.163528745871966
173.228485977972,-0.0127257432914689,-0.0157653198743114,0.0289391419355075,-0.180963072607093,0.00112641475662044,-0.00857608355933185,-0.0359031419093592,0.162507819639838
174.429851238172,-0.0126834604060492,-0.0155812425724568,0.0284240507865068,-0.179760106038675,0.00110591152264805,-0.0085183908797604,-0.0354384430775893,0.161491963256159
175.639548144754,-0.0126409088107747,-0.0153984720034551,0.0279162456505786,-0.178563030520746,0.00108570152508356,-0.00846100377877111,-0.0349795206251352,0.160481177873851
176.857634478922,-0.0125980893574298,-0.0152170023832755,0.0274156478876143,-0.177371854059802,0.00106578156325998,-0.00840392203148999,-0.0345263093810602,0.159475464016345
178.084168422602,-0.0125550029353519,-0.0150368280367243,0.0269221794341024,-0.176186583914576,0.0010461484611139,-0.00834714538814277,-0.0340787447207811,0.15847482159085
179.319208561219,-0.0125116504729766,-0.0148579433954458,0.0264357628033473,-0.175007226610827,0.00102679906714863,-0.00829067357459626,-0.0336367625668016,0.157479249901446
180.562813886497,-0.012468032939346,-0.0146803429959027,0.0259563210854876,-0.173833787955901,0.00100773025439032,-0.00823450629289093,-0.0332002993892648,0.156488747662022
181.815043799277,-0.0124241513455787,-0.0145040214773356,0.0254837779473191,-0.172666273053056,0.000988938920337401,-0.00817864322176459,-0.0327692922063313,0.155503313009052
183.075958112354,-0.0123800067463014,-0.0143289735797026,0.0250180576319318,-0.171504686315572,0.000970421986903555,-0.00812308401716727,-0.0323436785843871,0.154522943514211
184.345617053333,-0.0123356002410421,-0.0141551941415995,0.024559084958167,-0.170349031480626,0.000952176400354552,-0.00806782831276724,-0.031923396638087,0.153547636196824
185.624081267505,-0.0122909329755825,-0.0139826780981605,0.0241067853199029,-0.169199311622937,0.000934199131239184,-0.00801287572044825,-0.0315083850302375,0.15257738753616
186.911411820748,-0.0122460061432716,-0.0138114204789401,0.0236610846851732,-0.168055529168192,0.000916487174314551,-0.00795822583079802,-0.0310985829715253,0.151612193483556
188.207670202438,-0.012200820986298,-0.0136414164057761,0.0232219095951291,-0.166917685906241,0.000899037548465988,-0.00790387821358788,-0.0306939302200949,0.150652049474388
189.512918328392,-0.012155378796921,-0.0134726610906358,0.0227891871628488,-0.165785783004071,0.000881847296621867,-0.00784983241824383,-0.0302943670809811,0.149696950439876
190.827218543819,-0.0121096809186599,-0.0133051498334439,0.0223628450720017,-0.164659821018548,0.00086491348566354,-0.0077960879743088,-0.0298998344054001,0.148746890818726
192.150633626303,-0.0120637287474412,-0.0131388780198934,0.0219428115753755,-0.163539799908944,0.00084823320633065,-0.00774264439189634,-0.0295102735899042,0.147801864568615
193.483226788801,-0.0120175237327026,-0.0129738411192414,0.0215290154932706,-0.162425719049235,0.000831803573122077,-0.00768950116213572,-0.0291256265754048,0.146861865177518
194.82506168266,-0.0119710673784535,-0.0128100346820875,0.021121386211769,-0.161317577240184,0.000815621724192739,-0.00763665775760852,-0.0287458358460668,0.145926885674867
196.176202400658,-0.0119243612442917,-0.0126474543381389,0.0207198536808843,-0.160215372721201,0.00079968482124649,-0.00758411363277665,-0.0283708444280803,0.144996918642557
197.536713480066,-0.0118774069463752,-0.0124860957939595,0.0203243484125991,-0.159119103181983,0.000783990049425353,-0.00753186822440215,-0.0280005958883125,0.144071956225794
198.906659905733,-0.0118302061583489,-0.0123259548307064,0.0199348014787939,-0.158028765773939,0.000768534617195279,-0.00747992095195841,-0.0276350343328441,0.143151990143783
200.286107113184,-0.0117827606122256,-0.012167027301853,0.0195511445090765,-0.156944357121405,0.000753315756228718,-0.00742827121803331,-0.0272741044053953,0.142237011700256
201.675120991751,-0.0117350720992209,-0.0120093091308997,0.0191733096885151,-0.155865873332637,0.000738330721284143,-0.00737691840872409,-0.0269177512856435,0.141327011793851
203.073767887718,-0.0116871424705409,-0.0118527963090733,0.0188012297552814,-0.1547933100106,0.000723576790082795,-0.00732586189402409,-0.0265659206874375,0.140421980928331
204.482114607491,-0.0116389736381232,-0.0116974848930158,0.0184348379982105,-0.153726662263542,0.000709051263182833,-0.00727510102820145,-0.026218558856913,0.139521909222646
205.900228420788,-0.0115905675753292,-0.0115433710024629,0.0180740682542814,-0.152665924715366,0.00069475146385109,-0.00722463515016991,-0.0258756125705102,0.138626786420848
207.32817706385,-0.0115419263175893,-0.0113904508179143,0.0177188549060238,-0.151611091515795,0.000680674737932652,-0.00717446358385169,-0.0255370291329003,0.137736601901845
208.766028742684,-0.0114930519629979,-0.0112387205782951,0.0173691328788575,-0.150562156350332,0.000666818453718429,-0.00712458563853263,-0.0252027563748224,0.136851344689015
210.213852136311,-0.0114439466728606,-0.0110881765786107,0.017024837638368,-0.149519112450022,0.000653180001810927,-0.00707500060920967,-0.0248727426508345,0.135971003459655
211.671716400053,-0.0113946126721907,-0.0109388151675952,0.0166859051875236,-0.148481952601018,0.000639756794988397,-0.0070257077769307,-0.0245469368369829,0.135095566554294
213.139691168835,-0.0113450522501561,-0.0107906327453543,0.0163522720638398,-0.147450669153945,0.000626546268067534,-0.00697670640912698,-0.0242252883283917,0.134225021985846
214.617846560511,-0.0112952677604755,-0.0106436257610049,0.0160238753364941,-0.146425254033079,0.000613545877764932,-0.00692799575993824,-0.0239077470367774,0.133359357448627
216.10625317921,-0.0112452616217637,-0.0104977907103105,0.0157006526033975,-0.145405698745328,0.000600753102557406,-0.00687957507053037,-0.0235942633878904,0.132498560327216
217.604982118714,-0.0111950363178263,-0.0103531241333151,0.0153825419882255,-0.144391994389033,0.000588165442541423,-0.00683144356940615,-0.0232847883188867,0.131642617705177
219.114104965849,-0.0111445943979019,-0.010209622611976,0.0150694821374139,-0.143384131662577,0.000575780419291731,-0.00678360047270875,-0.0229792732756332,0.130791516373635
220.633693803907,-0.0110939384768531,-0.0100672827677965,0.0147614122171235,-0.142382100872819,0.000563595575719395,-0.00673604498451849,-0.0226776702099492,0.129945242839712
222.163821216089,-0.0110430712353055,-0.00992610125946032,0.0144582719101775,-0.141385891943343,0.000551608475929357,-0.00668877629714263,-0.0223799315767872,0.129103783334818
223.704560288971,-0.0109919954197342,-0.00978607478046789,0.0141600014129761,-0.140395494422531,0.00053981670507769,-0.00664179359139861,-0.0220860103313551,0.128267123822807
225.255984615994,-0.0109407138424974,-0.00964720005677656,0.0138665414323907,-0.139410897491473,0.000528217869228668,-0.00659509603689059,-0.0217958599261834,0.127435250007987
226.818168300982,-0.0108892293818181,-0.00950947384444557,0.0135778331826436,-0.138432089971689,0.000516809595211806,-0.00654868279227968,-0.0215094343081395,0.126608147343004
228.391185961678,-0.0108375449817124,-0.00937289292728701,0.0132938183821746,-0.1374590603327,0.000505589530478989,-0.00650255300554774,-0.0212266879153916,0.125785801036581
229.975112733314,-0.0107856636518649,-0.0092374541145242,0.0130144392504997,-0.136491796699431,0.000494555342961825,-0.00645670581425505,-0.020947575674325,0.124968196061124
231.570024272191,-0.0107335884674516,-0.00910315423845845,0.0127396385050639,-0.135530286859443,0.000483704720929337,-0.00641114034579193,-0.0206720529964134,0.124155317160196
233.175996759301,-0.0106813225689091,-0.00896999015214586,0.0124693593580921,-0.134574518270026,0.00047303537284612,-0.00636585571762432,-0.020400075775047,0.123347148855863
234.793106903962,-0.0106288691616511,-0.00883795872708507,0.0122035455134403,-0.13362447806512,0.00046254502723107,-0.0063208510375337,-0.0201316003823196,0.122543675455903
236.421431947482,-0.0105762315157327,-0.00870705685091764,0.0119421411634521,-0.132680153062096,0.000452231432516788,-0.00627612540385122,-0.0198665836657785,0.121744881060891
238.061049666849,-0.0105234129654601,-0.0085772814251421,0.01168509098582,-0.131741529768386,0.000442092356909779,-0.00623167790568636,-0.0196049829451374,0.120950749571151
239.712038378445,-0.0104704169089495,-0.00844862936284316,0.0114323401404574,-0.130808594387967,0.000432125588251516,-0.00618750762315011,-0.0193467560089556,0.12016126469359
241.374476941791,-0.0104172468076322,-0.00832109758643737,0.0111838342663821,-0.129881332827708,0.000422328933880493,-0.00614361362757299,-0.0190918611112852,0.1193764099484
243.048444763306,-0.0103639061857079,-0.0081946830254366,0.0109395194786143,-0.128959730703573,0.000412700220495331,-0.00609999498171777,-0.0188402569682885,0.118596168675641
244.734021800108,-0.0103103986295459,-0.00806938261423074,0.0106993423650909,-0.128043773346697,0.000403237294019034,-0.00605665073998734,-0.0185919027548277,0.117820524041696
246.431288563827,-0.0102567277870345,-0.00794519328989083,0.0104632499835992,-0.127133445809325,0.000393938019464469,-0.00601357994862762,-0.0183467581010287,0.117049459045617
248.140326124455,-0.010202897366879,-0.00782211198999426,0.0102311898587317,-0.126228732870627,0.000384800280801139,-0.00597078164592578,-0.0181047830888199,0.11628295652534
249.861216114214,-0.0101489111378489,-0.00770013565047303,0.010003109978863,-0.125329619042389,0.000375821980823335,-0.00592825486240381,-0.0178659382484503,0.115520999163787
251.594040731461,-0.0100947729279744,-0.00757926120348686,0.00977895879315276,-0.124436088574576,0.000367001041019707,-0.00588599862100766,-0.0176301845549855,0.114763569494857
253.338882744608,-0.010040486623693,-0.00745948557532217,0.00955868520857425,-0.123548125460792,0.000358335401444336,-0.0058440119372921,-0.0173974834247861,0.11401064990929
255.09582549608,-0.00998605616894641,-0.00734080568431841,0.00934223858697133,-0.122665713443609,0.000349823020589349,-0.00580229381960126,-0.0171677967119683,0.113262222660433
256.864952906292,-0.00993148556422902,-0.00722321843882316,0.00912956874214522,-0.121788836019797,0.000341461875259131,-0.00576084326924529,-0.0169410867048493,0.11251826986988
258.646349477661,-0.00987677886558757,-0.00710672073517728,0.0089206259369721,-0.120917476445445,0.000333249960446188,-0.0057196592806729,-0.0167173161223789,0.111778773533012
260.440100298641,-0.00982194018357366,-0.00699130945573133,0.00871536088055304,-0.120051617740972,0.000325185289208681,-0.00567874084164027,-0.0164964481105581,0.111043715524419
262.246291047787,-0.00976697368214922,-0.00687698146689481,0.0085137247253974,-0.119191242696044,0.000317265892549697,-0.00563808693337621,-0.0162784462388477,0.110313077603224
264.065007997846,-0.009711883577546,-0.00676373361721935,0.00831566906464067,-0.118336333874388,0.000309489819298269,-0.00559769653074385,-0.0160632744965668,0.109586841418292
265.896338019882,-0.00965667413707984,-0.00665156273551714,0.00812114592929764,-0.117486873618516,0.000301855135992177,-0.00555756860239888,-0.0158508972892836,0.108864988513341
267.740368587419,-0.00960134967792059,-0.00654046562901599,0.00793010778555188,-0.11664284405436,0.000294359926762564,-0.00551770211094457,-0.0156412794351992,0.108147500331944
269.597187780627,-0.0095459145658185,-0.00643043908155209,0.00774250753208219,-0.11580422709581,0.000287002293220372,-0.00547809601308362,-0.0154343861615261,0.107434358222432
271.466884290521,-0.00949037321378831,-0.00632147985180195,0.00755829849742634,-0.114971004449175,0.000279780354344628,-0.00543874925976703,-0.0152301831008633,0.106725543442696
273.349547423206,-0.00943473008075169,-0.00621358467155431,0.00737743443738319,-0.114143157617563,0.000272692246372584,-0.00539966079634006,-0.0150286362875672,0.106021037164891
275.245267104134,-0.00937898967013944,-0.00610675024402373,0.00719986953245308,-0.11332066790518,0.000265736122691717,-0.00536082956268544,-0.0148297121541224,0.105320820480037
277.154133882404,-0.00932315652845423,-0.00600097324220647,0.00702555838531687,-0.112503516421551,0.0002589101537336,-0.00532225449336391,-0.0146333775275107,0.104624874402533
279.07623893509,-0.00926723524379529,-0.00589625030728019,0.00685445601835431,-0.111691684085676,0.000252212526869641,-0.00528393451775229,-0.0144395996255818,0.103933179874564
281.011674071587,-0.00921123044434603,-0.00579257804704832,0.00668651787120114,-0.110885151630109,0.000245641446308684,-0.00524586856017915,-0.0142483460534252,0.103245717770422
282.960531738006,-0.0091551467968259,-0.00568995303443015,0.00652169979834547,-0.110083899604978,0.000239195132996467,-0.00520805554005808,-0.0140595847997447,0.102562468900736
284.922905021585,-0.00909898900490773,-0.00558837180599783,0.00635995806676323,-0.109287908381934,0.000232871824516925,-0.00517049437201897,-0.0138732842332377,0.101883414016604
286.898887655133,-0.00904276180760192,-0.00548783086056109,0.00620124935359243,-0.108497158158047,0.000226669774995329,-0.00513318396603707,-0.0136894130989782,0.101208533813638
288.888574021513,-0.00898646997760861,-0.00538832665780055,0.00604553074384617,-0.107711628959636,0.000220587255003233,-0.00509612322756018,-0.0135079405148067,0.100537808935926
290.892059158146,-0.00893011831963953,-0.00528985561695087,0.00589275972816392,-0.106931300646049,0.00021462255146522,-0.005059311057634,-0.0133288359677258,0.099871219979895
292.909438761552,-0.00887371166871052,-0.00519241411553409,0.00574289420060083,-0.106156152913391,0.000208773967567417,-0.00502274635302567,-0.0131520693103043,0.0992087474981033
294.940809191919,-0.00881725488840657,-0.0050959984881444,0.00559589245645439,-0.105386165298199,0.000203039822667747,-0.00498642800634577,-0.0129776107570893,0.0985503720029337
296.986267477709,-0.00876075286912054,-0.00500060502528484,0.00545171319012813,-0.104621317181071,0.000197418452207901,-0.00495035490616869,-0.012805430881028,0.0978960739702128
299.045911320291,-0.00870421052626722,-0.0049062299722568,0.00531031549303156,-0.103861587790246,0.000191908207626986,-0.00491452593715163,-0.0126355006098995,0.0972458338427441
301.119839098607,-0.00864763279847415,-0.0048128695281029,0.00517165885151573,-0.103106956205151,0.00018650745627682,-0.00487893998015219,-0.0124677912227573,0.0965996320337622
303.208149873869,-0.00859102464575087,-0.00472051984460383,0.00503570314484362,-0.102357401359897,0.000181214581338836,-0.00484359591234476,-0.0123022743463845,0.0959574489303061
305.310943394298,-0.00853439104763801,-0.00462917702532991,0.00490240864319467,-0.10161290204674,0.000176027981742544,-0.00480849260733566,-0.0121389219517598,0.0953192648965149
307.428320099879,-0.00847773700133803,-0.00453883712474768,0.00477173600570231,-0.100873436919513,0.000170946072085531,-0.00477362893527731,-0.0119777063505385,0.0946850602768465
309.560381127168,-0.00842106751982891,-0.00444949614738204,0.00464364627852393,-0.100138984497011,0.000165967282554927,-0.00473900376298128,-0.0118186001915461,0.0940548153992199
311.707228314113,-0.00836438762996284,-0.00436115004703447,0.00451810089294189,-0.0994095231663566,0.000161090058850315,-0.00470461595403048,-0.0116615764572867,0.0934285105780833
313.868964204927,-0.00830770237055107,-0.00427379472605753,0.00439506166349489,-0.0986850311863279,0.000156312862108016,-0.00467046436889048,-0.0115066084604668,0.0928061261174087
316.045692054981,-0.00825101679043703,-0.00418742603468604,0.00427449078613845,-0.0979654866906608,0.000151634168826714,-0.00463654786502007,-0.0113536698405344,0.0921876423136141
318.237515835737,-0.00819433594655911,-0.00410203977042512,0.00415635083643333,-0.0972508676913253,0.000147052470794357,-0.00460286529698107,-0.0112027345602352,0.0915730394584144
320.444540239715,-0.00813766490200483,-0.00401763167749541,0.00404060476776083,-0.0965411520817763,0.000142566275016287,-0.00456941551654757,-0.0110537769021843,0.0909622978416028
322.666870685493,-0.00808100872405816,-0.00393419744633538,0.00392721590956376,-0.0958363176401818,0.000138174103644549,-0.00453619737281449,-0.0109067714654571,0.0903553977537633
324.904613322743,-0.00802437248224165,-0.00385173271316113,0.00381614796561178,-0.0951363420326294,0.000133874493908299,-0.00450320971230574,-0.0107616931621967,0.0897523194889152
327.1578750373,-0.00796776124635501,-0.00377023305958333,0.00370736501228986,-0.0944412028163135,0.000129665998045289,-0.00447045137908177,-0.0106185172142403,0.0891530433470915
329.426763456268,-0.00791118008451188,-0.00368969401228159,0.00360083149690859,-0.0937508774427028,0.00012554718323434,-0.0044379212148469,-0.0104772191497648,0.0885575496368518
331.711386953162,-0.00785463406117652,-0.00361011104273601,0.00349651223603504,-0.0930653432606913,0.000121516631528753,-0.00440561805905605,-0.0103377747999512,0.0879658186777308
334.011854653082,-0.007798128235202,-0.00353147956701572,0.00339437241384272,-0.0923845775197328,0.000117572939790613,-0.0043735407490214,-0.0102001602956694,0.0873778308026237
336.328276437929,-0.00774166765787171,-0.0034537949456244,0.00329437758047943,-0.0917085573729608,0.000113714719625893,-0.00434168812001858,-0.0100643520641824,0.0867935663601095
338.660762951648,-0.00768525737094571,-0.00337705248340223,0.00319649365045154,-0.0910372598802944,0.000109940597320329,-0.00431005900539275,-0.00993032682587253,0.0862130057167135
341.009425605519,-0.00762890240471373,-0.0033012474294843,0.00310068690102328,-0.0903706620115312,0.000106249213775986,-0.00427865223666443,-0.00979806159098703,0.0856361292591093
343.374376583475,-0.00757260777605635,-0.00322637497731474,0.00300692397062975,-0.0897087406494284,0.000102639224448458,-0.00424746664363519,-0.00966753365640631,0.0850629173962625
345.75572884746,-0.00751637848651609,-0.0031524302647165,0.00291517185730215,-0.0890514725927728,9.91092992846316e-05,-0.00421650105449317,-0.00953872060243326,0.0844933505615161
348.153596142828,-0.00746021952037994,-0.00307940837401596,0.00282539791710391,-0.0883988345594403,9.56581226609739e-05,-0.00418575429591853,-0.00941160028960487,0.0839274092146193
350.568093003772,-0.00740413584277497,-0.00300730433222213,0.00273756986257623,-0.0877508031894459,9.22843933222515e-05,-0.00415522519318883,-0.00928615085552614,0.0833650738437007
352.999334758797,-0.00734813239777866,-0.00293611311125966,0.00265165576119172,-0.0871073550479842,8.89868243206441e-05,-0.00412491257028431,-0.00916235071172662,0.0828063249671863
355.44743753623,-0.0072922141065453,-0.00286582962825503,0.00256762403381466,-0.0864684666284622,8.57641429551768e-05,-0.00409481524999315,-0.00904017854053996,0.0822511431356636
357.912518269762,-0.00723638586545027,-0.00279644874587543,0.00248544345316662,-0.0858341143555232,8.26150907114191e-05,-0.00406493205401666,-0.00891961329200661,0.0816995089336938
360.39469470404,-0.00718065254425348,-0.00272796527271925,0.00240508314229583,-0.0852042745880631,7.95384232013806e-05,-0.00403526180307455,-0.00880063418079997,0.0811514029815708
362.894085400285,-0.00712501898428347,-0.00266037396375772,0.00232651257304929,-0.0845789236222402,7.65329101035541e-05,-0.00400580331701008,-0.00868322068317625,0.080606805937031
365.410809741959,-0.00706948999664374,-0.00259366952082666,0.00224970156454594,-0.0839580376944763,7.35973351030389e-05,-0.00397655541489525,-0.0085673525339482,0.0800656984969116
367.944987940466,-0.0070140703604426,-0.0025278465931675,0.00217462028164975,-0.0833415929844526,7.07304958316888e-05,-0.00394751691513605,-0.00845300972348293,0.0795280613987608
370.496741040893,-0.00695876482104784,-0.00246289977801673,0.0021012392334414,-0.0827295656180974,6.7931203808232e-05,-0.0039186866355776,-0.00834017249472405,0.0789938754224002
373.066190927794,-0.00690357808836784,-0.00239882362124269,0.00202952927168725,-0.0821219316705677,6.51982843782996e-05,-0.00389006339360936,-0.00822882134023829,0.0784631213914393
375.653460331008,-0.00684851483516003,-0.0023356126180287,0.00195946158930434,-0.0815186671692242,6.25305766543109e-05,-0.00386164600627035,-0.00811893699928662,0.0779357801747443
378.258672831527,-0.00679357969536833,-0.00227326121360164,0.00189100771882023,-0.0809197480965986,5.99269334551657e-05,-0.00383343329035431,-0.00801050045492038,0.0774118326878619
380.881952867393,-0.0067387772624905,-0.00221176380400462,0.00182413953082646,-0.0803251503933548,5.7386221245686e-05,-0.00380542406251482,-0.00790349293110208,0.076891259894398
383.523425739646,-0.00668411208797673,-0.00215111473691288,0.00175882923242445,-0.0797348499612424,5.49073200757573e-05,-0.00377761713937051,-0.00779789588985139,0.0763740428073536
386.183217618305,-0.00662958867966062,-0.00209130831249159,0.00169504936566277,-0.0791488226660435,5.24891235191228e-05,-0.00375001133761004,-0.00769369102841622,0.0758601624904175
388.861455548399,-0.00657521150022348,-0.00203233878429433,0.00163277280596458,-0.0785670443405105,5.01305386117794e-05,-0.00372260547409718,-0.007590860276469,0.0753496000592172
391.558267456034,-0.00652098496569318,-0.00197420036020127,0.00157197276054438,-0.0779894907872972,4.78304857899329e-05,-0.0036953983659757,-0.00748938579332839,0.0748423366825297
394.273782154498,-0.00646691344397846,-0.00191688720339545,0.00151262276681278,-0.0774161377818811,4.55878988274647e-05,-0.00366838883077422,-0.00738924996520639,0.0743383535834512
397.008129350424,-0.00641300125343961,-0.00186039343337618,0.00145469669076854,-0.0768469610754764,4.34017247728679e-05,-0.00364157568651092,-0.00729043540248075,0.0738376320405278
399.761439649975,-0.00635925266149649,-0.00180471312700803,0.00139816872537684,-0.0762819363979382,4.12709238856138e-05,-0.00361495775179807,-0.00719292493699317,0.0733401533888484
402.533844565089,-0.00630567188327475,-0.00174984031960421,0.00134301338893294,-0.0757210394606564,3.91944695719068e-05,-0.00358853384594644,-0.00709670161937285,0.0728458990210988
405.325476519761,-0.00625226308029095,-0.00169576900604298,0.00128920552341025,-0.0751642459594398,3.71713483197939e-05,-0.00356230278906946,-0.00700174871638576,0.0723548503885796
408.136468856361,-0.00619903035917751,-0.00164249314191563,0.00123672029279221,-0.0746115315773891,3.52005596335899e-05,-0.00353626340218721,-0.00690804970830949,0.0718669890021885
410.966955842014,-0.00614597777044794,-0.00159000664470475,0.00118553318138706,-0.0740628719877573,3.32811159675874e-05,-0.0035104145073301,-0.00681558828633378,0.0713822964333663
413.817072675003,-0.00609310930730335,-0.00153830339499129,0.00113561999212481,-0.0735182428567996,3.14120426590198e-05,-0.00348475492764226,-0.00672434834998658,0.0709007543150087
416.686955491232,-0.00604042890448043,-0.00148737723768909,0.00108695684483582,-0.0729776198466088,2.95923778602472e-05,-0.0034592834874847,-0.00663431400458589,0.0704223443423449
419.576741370729,-0.00598794043714182,-0.00143722198330533,0.00103952017451028,-0.0724409786179377,2.78211724701383e-05,-0.00343399901253795,-0.00654546955871715,0.069947048273782
422.486568344193,-0.00593564771980916,-0.00138783140922559,0.000993286729538083,-0.0719082948330072,2.60974900646246e-05,-0.00340890032990449,-0.00645779952173615,0.0694748479317183
425.416575399583,-0.00588355450533927,-0.00133919926102198,0.000948233569928491,-0.0713795441582994,2.44204068264002e-05,-0.00338398626821065,-0.00637128860129767,0.0690057252033242
428.366902488763,-0.00583166448394395,-0.00129131925378293,0.000904338065509235,-0.0708547022673337,2.27890114737498e-05,-0.00335925565770806,-0.00628592170090946,0.0685396620412923
431.337690534184,-0.00577998128225375,-0.00124418507346319,0.000861577894104491,-0.0703337448434279,2.12024051884837e-05,-0.00333470733037464,-0.00620168391751183,0.0680766404645576
434.329081435613,-0.00572850846242582,-0.00119779037825252,0.00081993103969146,-0.0698166475824401,1.96597015429637e-05,-0.00331034012001504,-0.00611856053908254,0.067616642558988
437.341218076915,-0.00567724952129631,-0.00115212879996176,0.000779375790535145,-0.0693033861954934,1.8160026426205e-05,-0.00328615286236052,-0.00603653704226717,0.0671596504780457
440.374244332875,-0.00562620788957741,-0.00110719394542464,0.0007398907373011,-0.0687939364116812,1.67025179690406e-05,-0.00326214439516817,-0.00595559909003462,0.066705646443421
443.428305076071,-0.00557538693109916,-0.00106297939791403,0.000701454771145871,-0.0682882739807516,1.52863264683382e-05,-0.00323831355831959,-0.0058757325293579,0.0662546127456384
446.503546183793,-0.00552478994209613,-0.00101947871857112,0.000664047081784996,-0.0677863746757726,1.39106143102618e-05,-0.0032146591939188,-0.00579692338892001,0.0658065317446352
449.600114545014,-0.00547442015053906,-0.000976685447846098,0.000627647155538349,-0.0672882142957738,1.2574555892568e-05,-0.0031911801463894,-0.00571915787684482,0.0653613858703149
452.718158067401,-0.00542428071551141,-0.000934593106948948,0.000592234773352825,-0.0667937686683669,1.12773375459366e-05,-0.00316787526257111,-0.00564242237845289,0.0649191576230742
455.857825684385,-0.00537437472663083,-0.000893195199308862,0.000557790008802252,-0.0663030136523421,1.00181574543299e-05,-0.00314474339181535,-0.00556670345404204,0.0644798295743053
459.01926736227,-0.0053247052035153,-0.00085248521204098,0.000524293226064557,-0.0658159251402403,8.7962255743811e-06,-0.00312178338608009,-0.00549198783669272,0.064043384366874
462.202634107401,-0.00527527509529405,-0.00081245661741898,0.000491725077876246,-0.0653324790609007,7.61076355381259e-06,-0.00309899410002378,-0.00541826243009788,0.0636098047155736
465.408077973374,-0.00522608728016285,-0.000773102874352209,0.00046006650346423,-0.0648526513819813,6.46100464888626e-06,-0.00307637439109834,-0.00534551430641729,0.063179073407556
468.635752068297,-0.00517714456498352,-0.000734417429865951,0.00042929872645522,-0.0643764181124542,5.34619364089391e-06,-0.00305392311964129,-0.00527373070415622,0.0627511733027395
471.885810562108,-0.00512844968492748,-0.000696393720583571,0.000399403252762769,-0.0639037553050719,4.26558675169e-06,-0.00303163914896677,-0.00520289902606835,0.0623260873341957
475.158408693936,-0.00508000530316282,-0.000659025174209137,0.000370361868452225,-0.063434639058806,3.21845155827787e-06,-0.00300952134545566,-0.0051330068370826,0.0619037985085137
478.453702779515,-0.00503181401058474,-0.000622305211009308,0.000342156637583883,-0.0629690455212567,2.20406690646014e-06,-0.00298756857864453,-0.00506404186225404,0.0614842899061438
481.771850218653,-0.00498387832558889,-0.000586227245293162,0.000314769900034545,-0.0625069508910313,1.22172282356281e-06,-0.00296577972131355,-0.00499599198473839,0.061067544681721
485.113009502749,-0.00493620069388712,-0.000550784686888772,0.000288184269297891,-0.0620483314200938,2.70720430248168e-07,-0.00294415364957328,-0.00492884524379025,0.0606535460643682
488.477340222363,-0.00488878348836526,-0.000515970942615278,0.000262382630264005,-0.061593163416081,-6.49628148569536e-07,-0.00292268924295027,-0.00486258983278474,0.0602422773579804
491.865003074839,-0.00484162900898246,-0.00048177941774927,0.000237348136978452,-0.0611414232445878,-1.53999987368843e-06,-0.00290138538447143,-0.00479721409726238,0.0598337219414894
495.276159871982,-0.00479473948271134,-0.000448203517484339,0.000213064210381367,-0.060693087331419,-2.40106088244505e-06,-0.00288024096074728,-0.00473270653299713,0.0594278632691107
498.710973547785,-0.0047481170635187,-0.000415236648382644,0.000189514536027001,-0.0602481321648073,-3.23346658038436e-06,-0.00285925486205381,-0.00466905578408745,0.0590246848705723
502.169608166212,-0.00470176383238595,-0.000382872219817397,0.000166683061784252,-0.0598065342975975,-4.0378617337522e-06,-0.00283842598241312,-0.00460625064106997,0.0586241703513261
505.652228929035,-0.0046556817973687,-0.000351103645405183,0.000144553995518678,-0.0593682703493952,-4.81488056278684e-06,-0.00281775321967275,-0.00454428003905594,0.0582263033927421
509.159002183727,-0.00460987289369486,-0.000319924344427104,0.0001231118027566,-0.0589333170086804,-5.56514683578942e-06,-0.00279723547558359,-0.00448313305588998,0.0578310677522863
512.690095431402,-0.00456433898390063,-0.000289327743237676,0.000102341204331849,-0.0585016510348847,-6.28927396394607e-06,-0.00277687165587653,-0.00442279891033114,0.0574384472636826
516.245677334823,-0.00451908185800353,-0.000259307276660566,8.22271740157747e-05,-0.0580732492604319,-6.98786509687827e-06,-0.00275666067033759,-0.00436326696025601,0.0570484258370592
519.825917726449,-0.00447410323371184,-0.000229856389370189,6.2754936131169e-05,-0.057648088592741,-7.66151321889333e-06,-0.00273660143288167,-0.00430452670088369,0.0566609874590793
523.430987616559,-0.0044294047566697,-0.000200968537258229,4.39099631507614e-05,-0.057226146016192,-8.31080124590955e-06,-0.0027166928616249,-0.00424656776302243,0.0562761161930572
527.061059201407,-0.00438498800073702,-0.000172637188784271,2.56779732809385e-05,-0.0568073985940528,-8.93630212302595e-06,-0.00269693387895543,-0.0041893799113378,0.055893796179061
530.716305871459,-0.00434085446830347,-0.000144855826309634,8.0449280314655e-06,-0.056391823470368,-9.5385789227074e-06,-0.0026773234116028,-0.00413295304264213,0.0555140116339999
534.396902219665,-0.0042970055906357,-0.000117617947413621,-9.00297022817138e-06,-0.055979397871808,-1.01181849435568e-05,-0.00265786039070574,-0.00407727718420507,0.0551367468516985
538.103024049808,-0.00425344272825698,-9.09170661914328e-05,-2.54792807249712e-05,-0.0555700991094787,-1.06756638096419e-05,-0.00263854375187847,-0.00402234249208503,0.0547619862029589
541.834848384891,-0.00421016717135835,-6.47467145329494e-05,-4.13973267504716e-05,-0.0551639045806915,-1.12115495703454e-05,-0.00261937243527546,-0.00396813924948139,0.0543897141356083
545.592553475602,-0.00416718014024057,-3.91004433817257e-05,-5.67701981398746e-05,-0.0547607917706928,-1.17263668007083e-05,-0.00260034538565459,-0.00391465786510712,0.0540199151745355
549.376318808822,-0.0041244827857858,-1.39718239735211e-05,-7.16107537614358e-05,-0.0543607382543531,-1.222063070223e-05,-0.00258146155243876,-0.00386188887158185,0.053652573921715
553.1863251162,-0.00408207618995827,1.06455509463095e-05,-8.59316240153668e-05,-0.0539637216978148,-1.26948472040977e-05,-0.00256271988977586,-0.00380982292384488,0.0532876750562192
557.022754382788,-0.004039961366333,3.47580659271238e-05,-9.97452133414175e-05,-0.0535697198600998,-1.31495130648051e-05,-0.00254411935659723,-0.00375845079758824,0.0529252033342195
560.885789855729,-0.00399813926065163,5.83720816395663e-05,-0.000113063702734346,-0.0531787105946745,-1.3585115974133e-05,-0.00252565891667438,-0.00370776338770936,0.0525651435889759
564.775616053012,-0.00395661075140453,8.1493933724979e-05,-0.000125899052266439,-0.0527906718509748,-1.40021346554521e-05,-0.00250733753867418,-0.00365775170678328,0.0522074807308171
568.692418772287,-0.00391537665043819,0.000104129931668101,-0.000138263003616278,-0.0524055816758881,-1.4401038968317e-05,-0.00248915419621235,-0.00360840688355414,0.0518521997471086
572.636385099737,-0.00387443770358704,0.000126286357693526,-0.00015016708260293,-0.0520234182151939,-1.47822900113167e-05,-0.00247110786790538,-0.00355972016144573,0.0514992857022122
576.607703419018,-0.00383379459132871,0.00014796946568638,-0.000161622601724692,-0.0516441597149635,-1.51463402251438e-05,-0.00245319753742069,-0.00351168289709097,0.051148723737435
580.606563420252,-0.00379344792946187,0.000169185480137573,-0.000172640662701615,-0.0512677845229157,-1.54936334958522e-05,-0.00243542219352527,-0.00346428655888003,0.0508004990709692
584.633156109091,-0.0037533982698057,0.000189940595114004,-0.000183232159020909,-0.0508942710897329,-1.58246052582632e-05,-0.00241778083013258,-0.00341752272552692,0.0504545969978226
588.687673815838,-0.00371364610092001,0.000210240973254045,-0.000193407778484463,-0.0505235979703331,-1.61396825994907e-05,-0.0024002724463478,-0.00337138308465437,0.0501110028897405
592.77031020464,-0.00367419184884515,0.000230092744788612,-0.00020317800575759,-0.0501557438251012,-1.64392843625449e-05,-0.00238289604651145,-0.00332585943139675,0.049769702195119
596.881260282727,-0.00363503587786082,0.000249502006588052,-0.000212553124918201,-0.0497906874210781,-1.67238212499847e-05,-0.00236565064024132,-0.00328094366702081,0.0494306804389097
601.020720409738,-0.00359617849126274,0.000268474821235121,-0.00022154322200559,-0.0494284076331073,-1.6993695927582e-05,-0.00234853524247279,-0.00323662779756416,0.0490939232225167
605.188888307094,-0.00355761993215636,0.000287017216124225,-0.000230158187567969,-0.049068883444941,-1.72493031279618e-05,-0.00233154887349745,-0.00319290393249109,0.0487594162236857
609.385963067442,-0.00351936038426672,0.000305135182587106,-0.000238407719207991,-0.0487120939503032,-1.7491029754189e-05,-0.00231469055900008,-0.00314976428336568,0.0484271451963853
613.612145164168,-0.0034813999727634,0.000322834675045114,-0.000246301324125412,-0.0483580183539122,-1.7719254983262e-05,-0.00229795933009402,-0.003107201162542,0.048097095970682
617.867636460969,-0.00344373876509993,0.000340121610188174,-0.000253848321656123,-0.0480066359724615,-1.79343503694842e-05,-0.00228135422335486,-0.003065206981871,0.0477692544526065
622.152640221499,-0.00340637677186651,0.000357001866180543,-0.000261057845806743,-0.0476579262355599,-1.81366799476782e-05,-0.00226487428085252,-0.00302377425142422,0.0474436066240151
626.467361119072,-0.00336931394765532,0.000373481281893383,-0.000267938847783992,-0.0473118686866303,-1.83266003362103e-05,-0.00224851855018171,-0.00298289557823375,0.0471201385424429
630.812005246445,-0.00333255019193752,0.000389565656164234,-0.000274500098518094,-0.0469684429837683,-1.85044608397923e-05,-0.00223228608449078,-0.0029425636650486,0.0467988363409517
635.186780125658,-0.003296085349951,0.000405260747083324,-0.000280750191179425,-0.0466276289005602,-1.86706035520304e-05,-0.00221617594250893,-0.00290277130910694,0.0464796862279712
639.591894717946,-0.00325991921359822,0.000420572271306752,-0.000286697543687677,-0.0462894063268613,-1.88253634576879e-05,-0.00220018718857191,-0.00286351140092431,0.0461626744871347
644.027559433723,-0.00322405152235308,0.000435505903396455,-0.00029235040121279,-0.045953755269534,-1.8969068534632e-05,-0.00218431889264602,-0.00282477692309739,0.0458477874771084
648.493986142629,-0.00318848196417618,0.000450067275186915,-0.000297716838666946,-0.0456206558531474,-1.91020398554344e-05,-0.00216857013035068,-0.00278656094912326,0.045535011631416
652.991388183652,-0.00315321017643755,0.000464261975178496,-0.000302804763186912,-0.0452900883206368,-1.9224591688595e-05,-0.00215293998297937,-0.00274885664223391,0.0452243334582576
657.519980375318,-0.00311823574684613,0.000478095547957301,-0.000307621916606015,-0.0449620330339257,-1.93370315993604e-05,-0.002137427537519,-0.0027116572542458,0.044915739540323
662.07997902595,-0.00308355821438519,0.000491573493641405,-0.00031217587791513,-0.0446364704745087,-1.94396605501092e-05,-0.00212203188666786,-0.00267495612442426,0.0446092165346009
666.671601944003,-0.00304917707025287,0.000504701267353316,-0.000316474065711947,-0.0443133812439974,-1.95327730002746e-05,-0.00210675212885199,-0.00263874667836267,0.0443047511721826
671.295068448464,-0.0030150917588072,0.000517484278718471,-0.000320523740637922,-0.0439927460646279,-1.96166570057785e-05,-0.00209158736824006,-0.00260302242687604,0.0440023302580616
675.950599379332,-0.00298130167851481,0.000529927891389573,-0.000324332007802267,-0.043674545779733,-1.96915943179498e-05,-0.00207653671475684,-0.00256777696490893,0.0437019406709284
680.638417108163,-0.00294780618290255,0.000542037422596563,-0.000327905819192361,-0.0433587613541761,-1.97578604819022e-05,-0.00206159928409516,-0.00253300397045751,0.0434035693629609
685.358745548692,-0.00291460458151146,0.00055381814272197,-0.000331251976069988,-0.0430453738747507,-1.98157249343443e-05,-0.00204677419772645,-0.00249869720350554,0.0431072033596114
690.11181016753,-0.00288169614085227,0.000565275274901413,-0.000334377131352823,-0.0427343645505438,-1.98654511008001e-05,-0.00203206058290989,-0.00246485050497413,0.0428128297593887
694.897837994932,-0.00284908008536184,0.000576413994648961,-0.000337287791980618,-0.042425714713264,-1.99072964922145e-05,-0.00201745757270015,-0.00243145779568509,0.0425204357336372
699.717057635642,-0.00281675559835986,0.000587239429507093,-0.000339990321265529,-0.0421194058175361,-1.99415128009213e-05,-0.00200296430595376,-0.00239851307533761,0.0422300085263116
704.569699279812,-0.00278472182300517,0.000597756658720947,-0.00034249094122605,-0.0418154194411608,-1.99683459959523e-05,-0.00198857992733412,-0.00236601042149831,0.0419415354537487
709.455994713995,-0.00275297786325114,0.000607970712936543,-0.000344795734904096,-0.041513737285342,-1.99880364176651e-05,-0.00197430358731521,-0.00233394398860417,0.0416550039044354
714.376177332221,-0.00272152278479942,0.000617886573922677,-0.000346910648664671,-0.0412143411748808,-2.00008188716696e-05,-0.00196013444218397,-0.00230230800697852,0.0413704013387736
719.33048214714,-0.00269035561605156,0.000627509174316117,-0.00034884149447773,-0.0409172130583369,-2.00069227220331e-05,-0.00194607165404139,-0.00227109678185958,0.0410877152888419
724.31914580125,-0.00265947534905791,0.000636843397389791,-0.000350593952181731,-0.0406223350081594,-2.00065719837456e-05,-0.00193211439080236,-0.00224030469244169,0.0408069333581544
729.342406578201,-0.0026288809404632,0.00064589407684358,-0.000352173571728457,-0.0403296892207857,-1.99999854144252e-05,-0.00191826182619429,-0.00220992619092879,0.0405280432214166
734.400504414174,-0.00259857131244843,0.000654665996617361,-0.000353585775408722,-0.0400392580167098,-1.99873766052494e-05,-0.00190451313975446,-0.0021799558016002,0.0402510326242783
739.493680909344,-0.00256854535366833,0.000663163890725923,-0.000354835860058512,-0.0397510238405216,-1.99689540710916e-05,-0.00189086751682626,-0.0021503881198884,0.0399758893830841
744.622179339418,-0.00253880192018415,0.000671392443115369,-0.000355928999245244,-0.0394649692609159,-1.99449213398504e-05,-0.0018773241485542,-0.00212121781146875,0.0397026013846214
749.786244667259,-0.00250933983639111,0.000679356287540608,-0.000356870245433743,-0.0391810769706733,-1.99154770409537e-05,-0.00186388223187779,-0.00209243961136088,0.0394311565858661
754.98612355458,-0.00248015789594016,0.000687060007463538,-0.000357664532131625,-0.0388993297866129,-1.98808149930257e-05,-0.00185054096952434,-0.00206404832304171,0.039161543013725
760.222064373731,-0.00245125486265357,0.00069450813597152,-0.000358316676013742,-0.0386197106495171,-1.98411242907013e-05,-0.00183729957000066,-0.00203603881756982,0.0388937487647776
765.494317219563,-0.00242262947143397,0.000701705155715724,-0.000358831379025404,-0.0383422026240303,-1.97965893905761e-05,-0.0018241572475836,-0.00200840603272117,0.0386277620050142
770.803133921369,-0.00239428042916639,0.000708655498868925,-0.00035921323046409,-0.0380667888985308,-1.97473901962795e-05,-0.00181111322230969,-0.00198114497213588,0.0383635709695732
776.148768054917,-0.00236620641561298,0.000715363547102332,-0.000359466709039379,-0.037793452784977,-1.96937021426593e-05,-0.00179816671996367,-0.00195425070447597,0.0381011639624757
781.531474954562,-0.00233840608429994,0.00072183363158104,-0.000359596184910857,-0.0375221777187291,-1.96356962790684e-05,-0.00178531697206606,-0.00192771836259396,0.0378405293563584
786.951511725437,-0.00231087806339649,0.000728070032977639,-0.000359605921703757,-0.0372529472583457,-1.95735393517421e-05,-0.00177256321585972,-0.00190154314271209,0.0375816555922053
792.40913725574,-0.00228362095658529,0.000734076981503579,-0.000359500078502141,-0.0369857450853572,-1.95073938852579e-05,-0.00175990469429555,-0.00187572030361209,0.0373245311790767
797.904612229097,-0.00225663334392423,0.000739858656957854,-0.000359282711819401,-0.0367205550040157,-1.94374182630692e-05,-0.00174734065601719,-0.0018502451658354,0.0370691446938377
803.438199137013,-0.00222991378269923,0.000745419188792548,-0.000358957777545925,-0.0364573609410223,-1.93637668071053e-05,-0.00173487035534485,-0.00182511311089351,0.0368154847808843
809.01016229141,-0.00220346080826762,0.000750762656194825,-0.000358529132873749,-0.0361961469452331,-1.92865898564304e-05,-0.00172249305225833,-0.00180031958048849,0.0365635401518688
814.620767837254,-0.00217727293489206,0.000755893088184926,-0.000358000538198042,-0.0359368971873425,-1.92060338449551e-05,-0.0017102080123791,-0.00177586007574354,0.0363132995854232
820.270283765263,-0.00215134865656458,0.00076081446372972,-0.000357375658995325,-0.0356795959595477,-1.91222413781951e-05,-0.00169801450695164,-0.00175173015644327,0.036064751926882
825.958979924714,-0.00212568644782058,0.000765530711871387,-0.000356658067678262,-0.0354242276751912,-1.90353513090726e-05,-0.00168591181282396,-0.00172792544028373,0.0358178860880031
831.687128036326,-0.00210028476454256,0.000770045711870783,-0.000355851245426979,-0.0351707768683848,-1.89454988127547e-05,-0.00167389921242733,-0.00170444160213208,0.0355726910466881
837.455001705243,-0.00207514204475333,0.000774363293365066,-0.000354958583996768,-0.0349192281936148,-1.8852815460526e-05,-0.00166197599375531,-0.00168127437329562,0.0353291558467011
843.262876434102,-0.00205025670939859,0.000778487236539132,-0.000353983387502158,-0.0346695664253282,-1.87574292926924e-05,-0.00165014145034203,-0.00165841954080019,0.0350872695973871
849.111029636188,-0.00202562716311863,0.000782421272310442,-0.000352928874177257,-0.0344217764575016,-1.8659464890513e-05,-0.00163839488123976,-0.00163587294667775,0.0348470214733885
854.999740648693,-0.00200125179500902,0.000786169082526807,-0.000351798178112359,-0.0341758433031934,-1.85590434471582e-05,-0.00162673559099585,-0.00161363048726304,0.0346084007143618
860.92929074605,-0.00197712897937014,0.000789734300176691,-0.000350594350966763,-0.0339317520940779,-1.84562828376939e-05,-0.00161516288962901,-0.00159168811249921,0.0343713966246929
866.899963153375,-0.0019532570764454,0.000793120509611637,-0.00034932036365779,-0.0336894880799654,-1.83512976880885e-05,-0.00160367609260491,-0.00157004182525225,0.0341359985732114
872.91204305999,-0.00192963443314803,0.000796331246780358,-0.000347979108026025,-0.0334490366283053,-1.82441994432457e-05,-0.00159227452081126,-0.00154868768063415,0.0339021959929045
878.965817633049,-0.00190625938377638,0.000799369999474105,-0.00034657339847676,-0.0332103832236753,-1.81350964340601e-05,-0.00158095750053228,-0.00152762178533466,0.0336699783806308
885.061576031251,-0.00188313025071752,0.000802240207582891,-0.00034510597359768,-0.0329735134672553,-1.80240939434991e-05,-0.00156972436342254,-0.00150684029696157,0.0334393352968321
891.199609418655,-0.00186024534513915,0.000804945263362149,-0.000343579497752836,-0.0327384130762888,-1.79112942717105e-05,-0.00155857444648043,-0.00148633942338925,0.0332102563652463
897.380210978585,-0.00183760296766976,0.000807488511709435,-0.000341996562652928,-0.03250506788353,-1.77967968001593e-05,-0.00154750709202093,-0.00146611542211561,0.0329827312726183
903.603675927636,-0.00181520140906685,0.000809873250450775,-0.000340359688901978,-0.0322734638366785,-1.76806980547937e-05,-0.00153652164764802,-0.0014461645996271,0.0327567497684114
909.870301529772,-0.00179303895087333,0.000812102730636249,-0.000338671327520457,-0.0320435869978022,-1.75630917682456e-05,-0.00152561746622657,-0.00142648331077173,0.0325323016645183
916.18038711053,-0.00177111386606187,0.000814180156844435,-0.000336933861444935,-0.0318154235427481,-1.74440689410667e-05,-0.00151479390585381,-0.00140706795814018,0.0323093768349707
922.534234071309,-0.00174942441966737,0.000816108687495321,-0.000335149607004361,-0.0315889597605418,-1.73237179020048e-05,-0.0015040503298303,-0.00138791499145453,0.0320879652156503
928.932145903777,-0.00172796886940737,0.00081789143517131,-0.000333320815373057,-0.0313641820527771,-1.72021243673241e-05,-0.00149338610663061,-0.00136902090696492,0.0318680568039976
935.374428204358,-0.00170674546629042,0.000819531466945943,-0.000331449674000547,-0.0311410769329948,-1.70793714991733e-05,-0.00148280060987351,-0.00135038224685369,0.0316496416587223
941.861388688833,-0.00168575245521254,0.000821031804719971,-0.00032953830801833,-0.0309196310260519,-1.69555399630077e-05,-0.00147229321829182,-0.00133199559864712,0.0314327098995119
948.39333720704,-0.00166498807554153,0.000822395425564423,-0.00032758878162373,-0.0306998310674817,-1.68307079840683e-05,-0.00146186331570196,-0.0013138575946346,0.0312172517067413
954.970585757668,-0.00164445056168939,0.000823625262070299,-0.000325603099440951,-0.0304816639028453,-1.67049514029254e-05,-0.00145151029097312,-0.00129596491129507,0.0310032573211818
961.593448503166,-0.00162413814367271,0.000824724202704556,-0.00032358320785949,-0.0302651164870745,-1.65783437300912e-05,-0.00144123353799612,-0.00127831426873077,0.0307907170437099
968.262241784745,-0.00160404904766119,0.000825695092172032,-0.000321530996350041,-0.0300501758838074,-1.64509561997076e-05,-0.00143103245565201,-0.00126090243010809,0.0305796212350165
974.977284137491,-0.00158418149651414,0.000826540731782984,-0.000319448298758073,-0.0298368292647157,-1.63228578223167e-05,-0.00142090644778037,-0.00124372620110545,0.0303699603153155
981.738896305574,-0.00156453371030525,0.00082726387982589,-0.000317336894575222,-0.0296250639088264,-1.6194115436719e-05,-0.00141085492314736,-0.00122678242936822,0.0301617247640532
988.547401257578,-0.0015451039068355,0.000827867251945219,-0.000315198510188674,-0.0294148672018353,-1.60647937609282e-05,-0.00140087729541356,-0.00121006800397036,0.0299549051196167
995.403124201917,-0.00152589030213431,0.000828353521523825,-0.000313034820108734,-0.029206226635416,-1.59349554422273e-05,-0.00139097298310153,-0.00119357985488302,0.0297494919790436
1002.30639260238,-0.00150689111094906,0.000828725320069684,-0.000310847448174733,-0.0289991298065223,-1.58046611063368e-05,-0.0013811414095632,-0.00117731495244963,0.0295454759977309
1009.25753619375,-0.001488104547223,0.00082898523760664,-0.000308637968739494,-0.028793564416685,-1.56739694056995e-05,-0.0013713820029471,-0.00116127030686779,0.0293428478891443
1016.2568869976,-0.00146952882456161,0.000829135823068892,-0.000306407907832521,-0.0285895182713048,-1.55429370668918e-05,-0.00136169419616535,-0.00114544296767751,0.0291415984245278
1023.30477933808,-0.00145116215668756,0.000829179584698909,-0.00030415874430214,-0.0283869792789399,-1.54116189371694e-05,-0.00135207742686053,-0.00112983002325597,0.0289417184326139
1030.40154985798,-0.00143300275788428,0.000829118990448514,-0.000301891910936759,-0.0281859354505891,-1.52800680301548e-05,-0.00134253113737241,-0.00111442860031866,0.0287431987993328
1037.5475375347,-0.00141504884342832,0.000828956468382837,-0.000299608795565498,-0.0279863748989725,-1.51483355706761e-05,-0.00133305477470456,-0.00109923586342669,0.0285460304675232
1044.74308369654,-0.00139729863001054,0.000828694407086888,-0.000297310742138361,-0.0277882858378069,-1.50164710387654e-05,-0.0013236477904908,-0.00108424901450037,0.0283502044366426
1051.98853203895,-0.00137975033614621,0.000828335156074478,-0.000294999051786196,-0.0275916565810794,-1.48845222128262e-05,-0.00131430964096159,-0.00106946529233886,0.0281557117624784
1059.28422864097,-0.00136240218257424,0.000827881026199229,-0.000292674983860631,-0.0273964755423176,-1.47525352119773e-05,-0.00130503978691033,-0.00105488197214589,0.0279625435568588
1066.63052198171,-0.00134525239264552,0.000827334290067436,-0.000290339756954254,-0.0272027312338578,-1.46205545375846e-05,-0.0012958376936596,-0.00104049636506141,0.0277706909873644
1074.02776295709,-0.00132829919270058,0.000826697182452533,-0.000287994549901207,-0.0270104122661102,-1.44886231139876e-05,-0.00128670283102725,-0.00102630581769907,0.0275801452770405
1081.4763048965,-0.00131154081243662,0.000825971900710925,-0.000285640502758468,-0.0268195073468234,-1.43567823284326e-05,-0.0012776346732926,-0.00101230771168965,0.0273908977041089
1088.97650357974,-0.0012949754852641,0.000825160605198957,-0.000283278717768029,-0.0266300052803462,-1.42250720702193e-05,-0.00126863269916245,-0.000998499463230029,0.0272029396016811
1096.52871725401,-0.00127860144865297,0.000824265419690813,-0.00028091026030021,-0.026441894966889,-1.40935307690733e-05,-0.00125969639173716,-0.000984878522637989,0.0270162623574712
1104.13330665098,-0.00126241694446866,0.000823288431797104,-0.00027853615977833,-0.0262551654017837,-1.3962195432751e-05,-0.00125082523847668,-0.000971442373912482,0.02683085741351
1111.79063500406,-0.00124642021929804,0.000822231693383959,-0.000276157410585006,-0.0260698056747436,-1.38311016838905e-05,-0.0012420187311666,-0.000958188534299495,0.0266467162658587
1119.50106806575,-0.00123060952476531,0.000821097220992409,-0.000273774972950266,-0.0258858049691214,-1.37002837961134e-05,-0.00123327636588418,-0.000945114553863298,0.0264638304643242
1127.26497412507,-0.00121498311783822,0.000819886996257858,-0.000271389773821777,-0.0257031525611692,-1.35697747293929e-05,-0.00122459764296442,-0.000932218015063136,0.0262821916121738
1135.0827240252,-0.00119953926112447,0.000818602966329471,-0.000269002707717366,-0.0255218378192961,-1.34396061646932e-05,-0.00121598206696615,-0.000919496532335163,0.0261017913658512
1142.95469118117,-0.00118427622315865,0.000817247044289275,-0.000266614637560129,-0.0253418502033283,-1.33098085378936e-05,-0.0012074291466382,-0.000906947751679695,0.0259226214346929
1150.8812515977,-0.00116919227867973,0.000815821109570814,-0.000264226395496337,-0.0251631792637685,-1.31804110730054e-05,-0.00119893839488552,-0.000894569350253568,0.0257446735806451
1158.86278388715,-0.00115428570889932,0.000814327008377168,-0.000261838783696393,-0.0249858146410562,-1.30514418146922e-05,-0.0011905093287355,-0.000882359035967683,0.0255679396179815
1166.89966928762,-0.00113955480176079,0.000812766554098189,-0.000259452575139081,-0.0248097460648294,-1.29229276601038e-05,-0.00118214146930421,-0.000870314547089531,0.0253924114130207
1174.99229168114,-0.00112499785218943,0.000811141527726788,-0.000257068514379361,-0.024634963353187,-1.27948943900334e-05,-0.00117383434176282,-0.000858433651850773,0.0252180808838461
1183.14103761204,-0.00111061316233372,0.000809453678274101,-0.00025468731829993,-0.0244614564119531,-1.26673666994086e-05,-0.00116558747530408,-0.000846714148059687,0.0250449400000243
1191.34629630538,-0.00109639904179807,0.000807704723183424,-0.000252309676846819,-0.0242892152339426,-1.25403682271257e-05,-0.00115740040310884,-0.000835153862718529,0.024872980782326
1199.60845968555,-0.0010823538078668,0.000805896348742739,-0.00024993625374925,-0.0241182298982285,-1.24139215852375e-05,-0.00114927266231274,-0.000823750651645655,0.0247021953024466
1207.92792239501,-0.00106847578571996,0.000804030210495715,-0.000247567687224003,-0.0239484905694115,-1.22880483875051e-05,-0.00114120379397298,-0.000812502399102426,0.0245325756827274
1216.3050818131,-0.00105476330864071,0.000802107933651041,-0.000245204590664535,-0.0237799874968914,-1.21627692773223e-05,-0.00113319334303517,-0.000801407017424763,0.024364114095878
1224.74033807505,-0.00104121471821474,0.000800131113489974,-0.000242847553315095,-0.023612711014141,-1.20381039550254e-05,-0.00112524085830037,-0.000790462446659369,0.0241968027646996
1233.23409409112,-0.0010278283645217,0.000798101315771977,-0.000240497140930058,-0.0234466515379823,-1.19140712045939e-05,-0.00111734589239218,-0.000779666654204471,0.024030633961808
1241.78675556577,-0.0010146026063188,0.00079602007713833,-0.000238153896418751,-0.0232817995678661,-1.17906889197571e-05,-0.001109508001724,-0.000769017634455137,0.0238656000093586
1250.39873101711,-0.00100153581121678,0.000793888905513603,-0.000235818340475972,-0.0231181456851527,-1.16679741295117e-05,-0.00110172674646649,-0.000758513408452991,0.0237016932787713
1259.07043179635,-0.000988626355848412,0.000791709280504893,-0.000233490972198467,-0.0229556805523976,-1.15459430230642e-05,-0.00109400169051502,-0.000748152023540383,0.0235389061904566
1267.80227210752,-0.000975872626029585,0.000789482653798712,-0.000231172269687585,-0.0227943949126384,-1.14246109742047e-05,-0.00108633240145745,-0.000737931553018866,0.0233772312135423
1276.5946690272,-0.000963273016913192,0.000787210449555434,-0.000228862690638353,-0.0226342795886863,-1.13039925651232e-05,-0.00107871845054192,-0.000727850095811994,0.0232166608656009
1285.44804252445,-0.000950825933135992,0.000784894064801227,-0.000226562672915203,-0.0224753254824199,-1.11841016096793e-05,-0.00107115941264491,-0.000717905776132369,0.0230571877123783
1294.36281548089,-0.000938529788958484,0.000782534869817342,-0.000224272635114571,-0.0223175235740834,-1.10649511761312e-05,-0.00106365486623935,-0.00070809674315284,0.0228988043675227
1303.33941371088,-0.000926383008398072,0.000780134208526727,-0.000221992977114626,-0.0221608649215873,-1.09465536093376e-05,-0.00105620439336305,-0.000698421170681896,0.0227415034923148
1312.37826598188,-0.000914384025355533,0.000777693398877837,-0.000219724080612317,-0.0220053406598133,-1.08289205524395e-05,-0.00104880757958714,-0.000688877256843093,0.0225852777953986
1321.47980403488,-0.00090253128373505,0.000775213733225618,-0.000217466309647999,-0.0218509419999235,-1.07120629680308e-05,-0.00104146401398484,-0.000679463223758568,0.022430120032513
1330.6444626051,-0.000890823237557844,0.000772696478709543,-0.000215220011117842,-0.021697660228672,-1.05959911588296e-05,-0.00103417328910028,-0.000670177317236496,0.0222760230062245
1339.87267944269,-0.000879258351069648,0.000770142877628672,-0.000212985515274255,-0.0215454867077223,-1.04807147878565e-05,-0.0010269350009176,-0.000661017806462532,0.0221229795656608
1349.16489533366,-0.000867835098842058,0.000767554147813659,-0.000210763136214536,-0.021394412872967,-1.03662428981304e-05,-0.00101974874883019,-0.000651982983695103,0.0219709826062446
1358.52155412096,-0.000856551965868005,0.000764931482995645,-0.000208553172357973,-0.0212444302338528,-1.02525839318907e-05,-0.00101261413561015,-0.000643071163964583,0.0218200250694294
1367.94310272563,-0.000845407447651377,0.000762276053171988,-0.000206355906911606,-0.0210955303727092,-1.01397457493548e-05,-0.00100553076737792,-0.000634280684776225,0.0216700999424353
1377.42999116818,-0.000834400050291041,0.000759589004968783,-0.000204171608324878,-0.0209477049440817,-1.00277356470194e-05,-0.00099849825357216,-0.000625609905816887,0.0215212002579861
1386.98267259009,-0.000823528290559275,0.0007568714620001,-0.000202000530733353,-0.0208009456740688,-9.91656037551424e-06,-0.000991516206919721,-0.000617057208665417,0.0213733190940472
1396.60160327544,-0.000812790695974876,0.000754124525223942,-0.000199842914391757,-0.0206552443596647,-9.80622615701796e-06,-0.000984584243405963,-0.000608620996506746,0.0212264495735646
1406.2872426727,-0.00080218580487094,0.000751349273294824,-0.000197698986096502,-0.0205105928681045,-9.6967387022428e-06,-0.000977701982245167,-0.000600299693849547,0.0210805848642042
1416.04005341668,-0.000791712166457566,0.00074854676291299,-0.000195568959597932,-0.020366983136216,-9.58810322699863e-06,-0.000970869045851215,-0.00059209174624751,0.0209357181780933
1425.86050135065,-0.000781368340879516,0.000745718029170189,-0.000193453036002465,-0.0202244071697745,-9.48032446834263e-06,-0.000964085059808448,-0.000583995620024104,0.0207918427715614
1435.74905554856,-0.000771152899269032,0.000742864085892016,-0.00019135140416486,-0.0200828570428634,-9.37340670032452e-06,-0.000957349652842765,-0.000576009802000863,0.0206489519448836
1445.70618833745,-0.000761064423793865,0.000739985925976752,-0.00018926424107077,-0.019942324897238,-9.26735374933434e-06,-0.000950662456792903,-0.00056813279922907,0.0205070390420237
1455.73237532004,-0.000751101507700722,0.000737084521730715,-0.000187191712209816,-0.0198028029416963,-9.16216900906145e-06,-0.000944023106581969,-0.000560363138724888,0.0203660974503787
1465.8280953974,-0.000741262755354156,0.000734160825200059,-0.000185133971939327,-0.0196642834514519,-9.05785545507211e-06,-0.000937431240189151,-0.000552699367207801,0.0202261206005244
1475.99383079187,-0.000731546782271119,0.000731215768499045,-0.000183091163838988,-0.0195267587675138,-8.95441565901422e-06,-0.000930886498621683,-0.000545140050842418,0.0200871019659623
1486.23006707006,-0.000721952215151204,0.000728250264134719,-0.000181063421056524,-0.0193902212960699,-8.85185180245586e-06,-0.000924388525886997,-0.000537683774983512,0.0199490350628662
1496.53729316606,-0.000712477691902781,0.000725265205328023,-0.000179050866644662,-0.0192546635078759,-8.75016569036645e-06,-0.000917936968965125,-0.000530329143924337,0.0198119134498312
1506.9160014048,-0.000703121861665048,0.000722261466331295,-0.000177053613889503,-0.0191200779376487,-8.64935876424676e-06,-0.000911531477781296,-0.000523074780648097,0.0196757307276232
1517.36668752555,-0.000693883384826212,0.000719239902742172,-0.000175071766630519,-0.0189864571834649,-8.54943211491629e-06,-0.000905171705178778,-0.00051591932658262,0.0195404805389291
1527.88985070559,-0.000684760933037809,0.000716201351813857,-0.000173105419572324,-0.0188537939061641,-8.45038649496433e-06,-0.000898857306891919,-0.000508861441358115,0.0194061565681081
1538.4859935841,-0.000675753189225373,0.000713146632761785,-0.000171154658588418,-0.0187220808287574,-8.35222233087277e-06,-0.000892587941519437,-0.000501899802568031,0.0192727525409444
1549.15562228612,-0.00066685884759546,0.000710076547066639,-0.000169219561017045,-0.0185913107358406,-8.25493973481665e-06,-0.000886363270497909,-0.000495033105532949,0.0191402622244006
1559.89924644673,-0.000658076613639241,0.000706991878773751,-0.000167300195949366,-0.0184614764730125,-8.15853851615064e-06,-0.000880182958075506,-0.000488260063067494,0.0190086794263721
1570.71737923542,-0.000649405204132658,0.00070389339478886,-0.000165396624510085,-0.0183325709462979,-8.06301819258702e-06,-0.000874046671285932,-0.000481579405250201,0.0188779979954424
1581.61053738059,-0.000640843347133348,0.00070078184517025,-0.000163508900130706,-0.0182045871215762,-7.96837800107295e-06,-0.000867954079922605,-0.000474989879196331,0.0187482118206401
1592.57924119422,-0.000632389781974346,0.000697657963417251,-0.000161637068815577,-0.0180775180240142,-7.87461690837293e-06,-0.000861904856513048,-0.000468490248833567,0.0186193148311958
1603.62401459674,-0.000624043259254753,0.00069452246675513,-0.000159781169400881,-0.0179513567375045,-7.78173362136339e-06,-0.000855898676293517,-0.000462079294680597,0.0184913009963009
1614.74538514202,-0.000615802540827374,0.000691376056416353,-0.000157941233806723,-0.0178260964041088,-7.6897265970455e-06,-0.000849935217183839,-0.000455755813628495,0.0183641643248676
1625.94388404263,-0.000607666399783516,0.000688219417918255,-0.000156117287282479,-0.0177017302235055,-7.59859405228295e-06,-0.000844014159762492,-0.000449518618724926,0.0182378988652887
1637.22004619516,-0.000599633620434946,0.000685053221337096,-0.000154309348645538,-0.0175782514524437,-7.5083339732701e-06,-0.000838135187241887,-0.000443366538961084,0.0181124987051999
1648.57441020578,-0.000591702998293195,0.000681878121578546,-0.000152517430513601,-0.0174556534042005,-7.41894412473769e-06,-0.000832297985443897,-0.000437298419061375,0.0179879579712424
1660.00751841599,-0.000583873340046202,0.000678694758644584,-0.000150741539530675,-0.0173339294480446,-7.33042205890095e-06,-0.000826502242775582,-0.00043131311927577,0.0178642708288262
1671.51991692849,-0.000576143463532487,0.000675503757896844,-0.000148981676586904,-0.0172130730087042,-7.24276512415697e-06,-0.000820747650205167,-0.000425409515174849,0.0177414314818955
1683.11215563331,-0.000568512197712834,0.000672305730316413,-0.000147237837032381,-0.01709307756584,-7.15597047353626e-06,-0.000815033901238208,-0.000419586497447432,0.0176194341726943
1694.78478823403,-0.000560978382639674,0.000669101272760099,-0.000145510010885071,-0.0169739366535231,-7.070035072915e-06,-0.000809360691894014,-0.000413842971700843,0.017498273181533
1706.53837227424,-0.000553540869424155,0.000665890968213188,-0.000143798183032991,-0.016855643859718,-6.98495570899267e-06,-0.000803727720682254,-0.000408177858263701,0.0173779428265566
1718.37346916419,-0.000546198520201062,0.000662675386038711,-0.000142102333430768,-0.0167381928257703,-6.90072899704143e-06,-0.000798134688579815,-0.000402590091991275,0.017258437463514
1730.2906442076,-0.0005389502080916,0.00065945508222323,-0.000140422437290715,-0.0166215772458992,-6.81735138843179e-06,-0.000792581299007854,-0.000397078622073306,0.0171397514855275
1742.29046662864,-0.000531794817164175,0.000656230599619181,-0.000138758465268546,-0.0165057908666955,-6.73481917794053e-06,-0.000787067257809089,-0.00039164241184433,0.017021879322864
1754.37350959913,-0.000524731242393197,0.000653002468183771,-0.00013711038364386,-0.0163908274866235,-6.65312851084551e-06,-0.000781592273225282,-0.000386280438596414,0.0169048154427076
1766.54035026596,-0.000517758389616025,0.000649771205214478,-0.000135478154495511,-0.0162766809555283,-6.57227538981277e-06,-0.000776156055874963,-0.000380991693394314,0.0167885543489324
1778.79156977856,-0.000510875175488102,0.000646537315581166,-0.000133861735871995,-0.0161633451741482,-6.49225568158084e-06,-0.000770758318731355,-0.000375775180893016,0.0166730905818771
1791.12775331676,-0.000504080527436346,0.00064330129195482,-0.00013226108195696,-0.0160508140936311,-6.4130651234469e-06,-0.000765398777100505,-0.000370629919157605,0.0165584187181199
1803.54949011869,-0.000497373383610898,0.000640063615032964,-0.000130676143229966,-0.0159390817150564,-6.33469932956009e-06,-0.000760077148599653,-0.000365554939485491,0.0164445333702555
1816.05737350894,-0.000490752692835248,0.000636824753761752,-0.0001291068666226,-0.0158281420889611,-6.25715379702595e-06,-0.000754793153135783,-0.000360549286230885,0.0163314291866723
1828.65200092687,-0.00048421741455487,0.000633585165554784,-0.00012755319567007,-0.0157179893148709,-6.1804239118274e-06,-0.000749546512884405,-0.000355612016631579,0.0162191008513307
1841.33397395519,-0.000477766518784345,0.000630345296508649,-0.000126015070658367,-0.0156086175408359,-6.10450495456593e-06,-0.000744336952268531,-0.00035074220063793,0.0161075430835434
1854.10389834867,-0.00047139898605314,0.000627105581615251,-0.000124492428767128,-0.015500020962971,-6.02939210602836e-06,-0.000739164197937875,-0.000345938920744078,0.0159967506377554
1866.9623840631,-0.000465113807349995,0.000623866444970915,-0.000122985204208281,-0.0153921938250009,-5.95508045258237e-06,-0.000734027978748238,-0.000341201271821321,0.015886718303326
1879.91004528435,-0.000458909984066079,0.000620628299982331,-0.000121493328360596,-0.0152851304178099,-5.88156499140632e-06,-0.000728928025741122,-0.000336528360953668,0.0157774409043119
1892.94750045783,-0.000452786527936894,0.000617391549569334,-0.000120016729900223,-0.0151788250789953,-5.80884063555622e-06,-0.00072386407212352,-0.0003319193072755,0.0156689132992507
1906.0753723179,-0.000446742460983048,0.000614156586364587,-0.000118555334927335,-0.0150732721924274,-5.73690221887513e-06,-0.00071883585324794,-0.000327373241811348,0.0155611303809458
1919.29428791772,-0.000440776815449895,0.000610923792910154,-0.00011710906708896,-0.0149684661878112,-5.66574450074804e-06,-0.000713843106592595,-0.00032288930731773,0.0154540870762531
1932.60487865912,-0.000434888633746154,0.000607693541851027,-0.000115677847698097,-0.0148644015402554,-5.59536217070664e-06,-0.000708885571741822,-0.000318466658127057,0.0153477783458672
1946.00778032282,-0.000429076968381508,0.00060446619612562,-0.00011426159584922,-0.0147610727698437,-5.52574985288759e-06,-0.000703962990366679,-0.000314104459993538,0.0152421991841101
1959.50363309877,-0.000423340881903286,0.000601242109153267,-0.000112860228530252,-0.0146584744412116,-5.45690211034835e-06,-0.000699075106205748,-0.000309801889941115,0.0151373446187205
1973.09308161673,-0.000417679446832221,0.000598021625018749,-0.00011147366073109,-0.0145566011631273,-5.38881344924356e-06,-0.000694221665046128,-0.00030555813611334,0.0150332097106436
1986.77677497706,-0.000412091745597399,0.000594805078653894,-0.000110101805548796,-0.0144554475880769,-5.32147832286648e-06,-0.000689402414704627,-0.000301372397625226,0.014929789553823
2000.55536678172,-0.000406576870470382,0.000591592796016257,-0.000108744574289503,-0.014355008411854,-5.25489113555807e-06,-0.000684617105009131,-0.000297243884417009,0.0148270792749926
2014.42951516552,-0.00040113392349861,0.000588385094264949,-0.000107401876567151,-0.0142552783731534,-5.18904624648796e-06,-0.000679865487780188,-0.000293171817109822,0.0147250740334707
2028.39988282751,-0.000395762016438074,0.000585182281933596,-0.000106073620399111,-0.0141562522531692,-5.12393797330991e-06,-0.000675147316812749,-0.000289155426863234,0.0146237690209539
2042.46713706267,-0.00039046027068536,0.000581984659100523,-0.0001047597122988,-0.0140579248751973,-5.05956059569578e-06,-0.000670462347858129,-0.000285193955234654,0.0145231594613132
2056.63194979376,-0.000385227817209046,0.000578792517556125,-0.000103460057365334,-0.0139602911042412,-4.99590835875057e-06,-0.000665810338606121,-0.000281286654040559,0.0144232406103903
2070.89499760343,-0.000380063796480559,0.000575606140967522,-0.000102174559370337,-0.0138633458466232,-4.93297547631215e-06,-0.000661191048667322,-0.00027743278521954,0.0143240077557958
2085.25696176653,-0.000374967358404472,0.000572425805040482,-0.000100903120841935,-0.0137670840495986,-4.87075613413846e-06,-0.000656604239555618,-0.000273631620697116,0.0142254562167074
2099.71852828265,-0.000369937662248325,0.00056925177767867,-9.96456431460469e-05,-0.0136715007009746,-4.80924449298534e-06,-0.000652049674670869,-0.000269882442252331,0.0141275813436703
2114.2803879089,-0.000364973876571985,0.000566084319140253,-9.84020265650193e-05,-0.013576590828733,-4.74843469157782e-06,-0.000647527119281751,-0.000266184541386078,0.0140303785183974
2128.94323619287,-0.000360075179156595,0.000562923682191875,-9.7172170373689e-05,-0.0134823495006567,-4.68832084947788e-06,-0.000643036340508802,-0.000262537219191149,0.0139338431535723
2143.7077735059,-0.000355240756933128,0.00055977011226006,-9.59559729129289e-05,-0.0133887718239604,-4.62889706985123e-06,-0.000638577107307615,-0.000258939786223979,0.0138379706926512
2158.57470507649,-0.000350469805910624,0.000556623847580062,-9.47533316607596e-05,-0.0132958529449255,-4.57015744213624e-06,-0.000634149190452228,-0.000255391562378072,0.0137427566096676
2173.54474102402,-0.000345761531104078,0.000553485119342184,-9.35641433010744e-05,-0.0132035880485379,-4.51209604461719e-06,-0.000629752362518671,-0.000251891876759073,0.0136481964090372
2188.61859639264,-0.000341115146462089,0.000550354151835627,-9.23883037900595e-05,-0.0131119723581306,-4.45470694690506e-06,-0.000625386397868694,-0.000248440067561487,0.0135542856253643
2203.79699118545,-0.00033652987479423,0.00054723116258986,-9.12257084203555e-05,-0.0130210011350298,-4.3979842123277e-06,-0.000621051072633652,-0.000245035481947,0.0134610198232485
2219.08065039887,-0.00033200494769823,0.000544116362513598,-9.00762518830325e-05,-0.0129306696782045,-4.34192190023267e-06,-0.000616746164698576,-0.000241677475924402,0.0133683945970933
2234.47030405729,-0.00032753960548695,0.000541009956031352,-8.89398283274315e-05,-0.0128409733239202,-4.28651406820445e-06,-0.000612471453686383,-0.000238365414231075,0.0132764055709154
2249.9666872479,-0.000323133097115221,0.000537912141217651,-8.78163314189355e-05,-0.0127519074453959,-4.23175477419891e-06,-0.000608226720942281,-0.00023509867021605,0.0131850483981548
2265.57054015586,-0.000318784680106544,0.000534823109928915,-8.67056543947202e-05,-0.0126634674524651,-4.17763807859712e-06,-0.000604011749518305,-0.000231876625724579,0.0130943187614862
2281.28260809959,-0.000314493620479696,0.00053174304793304,-8.56076901175484e-05,-0.0125756487912405,-4.12415804618083e-06,-0.000599826324158042,-0.000228698670984235,0.0130042123726317
2297.10364156645,-0.000310259192675261,0.000528672135036716,-8.45223311276525e-05,-0.0124884469437814,-4.07130874803187e-06,-0.000595670231281491,-0.000225564204492504,0.0129147249721736
2313.0343962485,-0.000306080679482117,0.000525610545210513,-8.34494696927678e-05,-0.012401857427766,-4.01908426335754e-06,-0.000591543258970104,-0.000222472632905854,0.0128258523293695
2329.07563307866,-0.000301957371963893,0.000522558446711759,-8.23889978563583e-05,-0.012315875796166,-3.96747868124417e-06,-0.000587445196951956,-0.000219423370930257,0.0127375902419671
2345.22811826701,-0.00029788856938544,0.000519516002205251,-8.13408074840947e-05,-0.0122304976369254,-3.91648610234099e-06,-0.000583375836587096,-0.000216415841213162,0.0126499345360216
2361.49262333744,-0.000293873579139311,0.000516483368881818,-8.03047903086243e-05,-0.0121457185726424,-3.86610064047596e-06,-0.00057933497085303,-0.000213449474236874,0.0125628810657121
2377.86992516445,-0.000289911716672311,0.000513460698574787,-7.92808379726915e-05,-0.0120615342602546,-3.81631642420615e-06,-0.000575322394330371,-0.000210523708213353,0.0124764257131611
2394.36080601029,-0.000286002305412084,0.000510448137874346,-7.82688420706436e-05,-0.0119779403907281,-3.76712759830387e-06,-0.000571337903188619,-0.000207637988980381,0.0123905643882535
2410.96605356231,-0.000282144676693824,0.000507445828239882,-7.72686941883783e-05,-0.0118949326887493,-3.718528325181e-06,-0.000567381295172116,-0.000204791769899114,0.0123052930284574
2427.6864609706,-0.000278338169687068,0.000504453906110274,-7.62802859417698e-05,-0.01181250691242,-3.67051278625289e-06,-0.000563452369586115,-0.000201984511752971,0.0122206075986455
2444.52282688584,-0.000274582131322639,0.000501472503012217,-7.53035090136227e-05,-0.0117306588529566,-3.62307518324404e-06,-0.000559550927283028,-0.000199215682647862,0.012136504090918
2461.4759554975,-0.000270875916219722,0.000498501745666567,-7.43382551891902e-05,-0.0116493843343912,-3.57620973943682e-06,-0.000555676770648782,-0.000196484757913732,0.0120529785244256
2478.54665657221,-0.00026721888661311,0.000495541756092761,-7.33844163903026e-05,-0.0115686792132772,-3.52991070086531e-06,-0.000551829703589347,-0.000193791220007404,0.0119700269451949
2495.73574549243,-0.000263610412280646,0.000492592651711339,-7.2441884708146e-05,-0.0114885393783968,-3.48417233745576e-06,-0.000548009531517387,-0.000191134558416707,0.0118876454259532
2513.04404329547,-0.000260049870470842,0.000489654545444578,-7.15105524347257e-05,-0.0114089607504727,-3.43898894411509e-06,-0.00054421606133905,-0.000188514269565863,0.0118058300659555
2530.47237671259,-0.000256536645830734,0.000486727545815292,-7.05903120930606e-05,-0.0113299392818822,-3.39435484176942e-06,-0.000540449101440909,-0.000185929856722136,0.0117245769908123
2548.02157820863,-0.000253070130333956,0.000483811757043804,-6.9681056466137e-05,-0.0112514709563744,-3.35026437835361e-06,-0.000536708461677015,-0.000183380829903705,0.0116438823523174
2565.69248602162,-0.000249649723209072,0.000480907279143139,-6.8782678624667e-05,-0.0111735517887908,-3.30671192975387e-06,-0.000532993953356107,-0.000180866705788762,0.0115637423282783
2583.48594420295,-0.000246274830868154,0.000478014208012439,-6.78950719536786e-05,-0.0110961778247883,-3.26369190070434e-06,-0.000529305389228939,-0.000178387007625806,0.0114841531223463
2601.4028026576,-0.000242944866835648,0.00047513263552866,-6.70181301779807e-05,-0.0110193451405659,-3.22119872563953e-06,-0.00052564258347575,-0.000175941265145138,0.011405110963848
2619.4439171848,-0.000239659251677517,0.000472262649636546,-6.61517473865271e-05,-0.0109430498425931,-3.17922686950351e-06,-0.000522005351693848,-0.000173529014471508,0.0113266121076178
2637.61014951883,-0.000236417412930694,0.000469404334436932,-6.52958180557225e-05,-0.0108672880673428,-3.13777082851778e-06,-0.00051839351088534,-0.000171149798037942,0.0112486528338316
2655.90236737027,-0.000233218785032833,0.000466557770273382,-6.44502370716937e-05,-0.0107920559810254,-3.09682513090846e-06,-0.000514806879444974,-0.00016880316450069,0.0111712294478411
2674.32144446737,-0.000230062809252398,0.000463723033817213,-6.36148997515636e-05,-0.0107173497793269,-3.0563843375946e-06,-0.000511245277148117,-0.000166488668655322,0.0110943382800091
2692.86826059784,-0.000226948933619076,0.0004609001981509,-6.27897018637534e-05,-0.0106431656871491,-3.01644304283855e-06,-0.000507708525138845,-0.000164205871353915,0.011017975685546
2711.54370165082,-0.000223876612854543,0.000458089332849917,-6.19745396473479e-05,-0.0105694999583529,-2.97699587485979e-06,-0.000504196445918173,-0.000161954339423362,0.0109421380443469
2730.34865965925,-0.000220845308303572,0.000455290504063015,-6.11693098305467e-05,-0.0104963488755041,-2.9380374964131e-06,-0.000500708863332382,-0.000159733645584749,0.0108668217608302
2749.28403284242,-0.000217854487865523,0.00045250377459099,-6.03739096482354e-05,-0.0104237087496219,-2.89956260533263e-06,-0.000497245602561491,-0.000157543368373809,0.0107920232637768
2768.35072564895,-0.000214903625926191,0.000449729203963926,-5.95882368586987e-05,-0.0103515759199304,-2.86156593504253e-06,-0.000493806490107827,-0.000155383092062433,0.0107177390061701
2787.54964879989,-0.000211992203290044,0.000446966848516989,-5.88121897595069e-05,-0.0102799467536118,-2.82404225503559e-06,-0.000490391353784723,-0.000153252406581224,0.0106439654650371
2806.88171933232,-0.000209119707112849,0.000444216761464739,-5.80456672025978e-05,-0.0102088176455635,-2.78698637132072e-06,-0.000487000022705329,-0.000151150907443078,0.0105706991412907
2826.34786064308,-0.0002062856308347,0.00044147899297404,-5.72885686085822e-05,-0.0101381850181566,-2.7503931268404e-06,-0.000483632327271538,-0.00014907819566779,0.0104979365595725
2845.94900253294,-0.000203489474113439,0.000438753590235542,-5.65407939802941e-05,-0.0100680453209974,-2.71425740185896e-06,-0.000480288099163016,-0.000147033877707647,0.0104256742680969
2865.68608125093,-0.000200730742758511,0.000436040597533801,-5.58022439156157e-05,-0.0099983950306916,-2.67857411432297e-06,-0.000476967171326364,-0.000145017565374035,0.010353908838496
2885.56003953913,-0.000198008948665214,0.000433340056316023,-5.50728196195912e-05,-0.00992923065061049,-2.64333822019414e-06,-0.000473669377964364,-0.000143028875764998,0.0102826368656652
2905.57182667768,-0.000195323609749394,0.000430652005259486,-5.43524229158631e-05,-0.00986054871065996,-2.60854471375639e-06,-0.000470394554525357,-0.000141067431193784,0.01021185496761
2925.72239853012,-0.000192674249882557,0.000427976480337637,-5.36409562574418e-05,-0.00979234576705165,-2.57418862789716e-06,-0.000467142537692715,-0.000139132859118327,0.0101415597852939
2946.01271758903,-0.000190060398827433,0.000425313514884908,-5.29383227368402e-05,-0.00972461840207673,-2.54026503436457e-06,-0.000463913165374425,-0.000137224792071679,0.0100717479824865
2966.44375302203,-0.00018748159217396,0.000422663139660253,-5.22444260955861e-05,-0.00965736322388176,-2.50676904400067e-06,-0.000460706276692776,-0.000135342867593366,0.0100024162456135
2987.01648071805,-0.00018493737127574,0.000420025382909449,-5.15591707331387e-05,-0.00959057686624714,-2.47369580695213e-06,-0.000457521711974151,-0.000133486728161659,0.00993356128360651
3007.73188333398,-0.000182427283186925,0.000417400270426156,-5.08824617152236e-05,-0.00952425598836761,-2.44104051285863e-06,-0.000454359312738921,-0.000131656021126752,0.00986517982775494
3028.59095034155,-0.000179950880599574,0.000414787825611785,-5.02142047816114e-05,-0.00945839727463521,-2.4087983910203e-06,-0.000451218921691446,-0.000129850398644831,0.00979726863155778
3049.59467807464,-0.00017750772178146,0.000412188069534173,-4.95543063533529e-05,-0.00939299743442431,-2.37696471054438e-06,-0.000448100382710162,-0.000128069517613019,0.00972982447057675
3070.74406977686,-0.000175097370514342,0.0004096010209851,-4.89026735394934e-05,-0.00932805320187906,-2.34553478047236e-06,-0.000445003540837789,-0.000126313039605199,0.00966284414229043
3092.04013564946,-0.000172719396032708,0.000407026696536653,-4.82592141432802e-05,-0.00926356133570274,-2.31450394988788e-06,-0.000441928242271614,-0.000124580630808685,0.00959632446594895
3113.48389289956,-0.000170373372962983,0.000404465110596481,-4.76238366678858e-05,-0.00919951861894962,-2.28386760800646e-06,-0.00043887433435389,-0.000122871961961747,0.00953026228242992
3135.07636578881,-0.000168058881263208,0.000401916275461925,-4.6996450321655e-05,-0.00913592185881857,-2.25362118424733e-06,-0.000435841665562316,-0.000121186708291967,0.00946465445409486
3156.8185856822,-0.000165775506163203,0.000399380201373089,-4.63769650229029e-05,-0.00907276788644916,-2.22376014828846e-06,-0.000432830085500625,-0.000119524549455425,0.00939949786464695
3178.71159109747,-0.000163522838105193,0.000396856896564815,-4.57652914042685e-05,-0.00901005355671951,-2.19428001010496e-06,-0.000429839444889252,-0.000117885169476687,0.0093347894189892
3200.75642775457,-0.000161300472684927,0.000394346367317641,-4.51613408166497e-05,-0.00894777574804646,-2.16517631999195e-06,-0.000426869595556108,-0.000116268256689616,0.00927052604308386
3222.9541486257,-0.000159108010593271,0.000391848618007705,-4.45650253327251e-05,-0.00888593136218752,-2.13644466857198e-06,-0.000423920390427433,-0.00011467350367895,0.00920670468381243
3245.30581398558,-0.000156945057558282,0.00038936365115566,-4.39762577500854e-05,-0.00882451732404512,-2.10808068678808e-06,-0.000420991683518748,-0.000113100607222689,0.00914332230883677
3267.81249146208,-0.000154811224287774,0.000386891467474577,-4.33949515939815e-05,-0.00876353058147257,-2.08008004588264e-06,-0.000418083329925892,-0.000111549268235234,0.00908037590646078
3290.47525608724,-0.000152706126412361,0.000384432065916889,-4.28210211197094e-05,-0.00870296810508217,-2.05243845736284e-06,-0.000415195185816151,-0.000110019191711295,0.00901786248549327
3313.29519034861,-0.000150629384428989,0.000381985443720371,-4.22543813146381e-05,-0.00864282688805511,-2.02515167295309e-06,-0.000412327108419464,-0.000108510086670556,0.00895577907511135
3336.27338424092,-0.000148580623644962,0.000379551596453179,-4.1694947899902e-05,-0.00858310394595349,-1.99821548453514e-06,-0.000409478956019733,-0.000107021666103072,0.00889412272472494
3359.41093531822,-0.000146559474122439,0.000377130518057971,-4.11426373317605e-05,-0.00852379631653392,-1.97162572407607e-06,-0.000406650587946199,-0.000105553646915408,0.0088328905038419
3382.70894874623,-0.000144565570623441,0.000374722200895116,-4.05973668026469e-05,-0.00846490105956333,-1.945378263545e-06,-0.000403841864564916,-0.000104105749877492,0.0087720795019342
3406.16853735517,-0.000142598552555325,0.000372326635785017,-4.00590542419102e-05,-0.00840641525663633,-1.91946901481869e-06,-0.000401052647270297,-0.000102677699570189,0.00871168682830473
3429.7908216929,-0.000140658063916762,0.000369943812049561,-3.95276183162666e-05,-0.00834833601099468,-1.8938939295767e-06,-0.000398282798476758,-0.000101269224333575,0.00865170961195513
3453.57693007845,-0.000138743753244194,0.000367573717552707,-3.9002978429969e-05,-0.00829066044734821,-1.86864899918641e-06,-0.000395532181610422,-9.98800562159054e-05,0.00859214500145422
3477.5279986559,-0.000136855273558786,0.000365216338740233,-3.8485054724707e-05,-0.00823338571169785,-1.84373025457845e-06,-0.000392800661100919,-9.85099309232676e-05,0.0085329901648075
3501.64517144866,-0.000134992282313856,0.000362871660678667,-3.79737680792473e-05,-0.00817650897116029,-1.81913376611283e-06,-0.000390088102373266,-9.7158587769917e-05,0.00847424228932732
3525.92960041413,-0.000133154441342803,0.000360539667093381,-3.74690401088237e-05,-0.00812002741379425,-1.79485564343629e-06,-0.000387394371839809,-9.58257696292704e-05,0.00841589858150382
3550.38244549867,-0.000131341416807514,0.000358220340405924,-3.69707931642886e-05,-0.00806393824842873,-1.77089203533119e-06,-0.000384719336892265,-9.45112228855677e-05,0.00835795626687685
3575.00487469309,-0.000129552879147255,0.000355913661770537,-3.64789503310332e-05,-0.00800823870449267,-1.74723912955634e-06,-0.000382062865893817,-9.32146973861754e-05,0.00830041258990849
3599.79806408833,-0.000127788503028055,0.00035361961110993,-3.59934354276895e-05,-0.00795292603184655,-1.72389315268022e-06,-0.00037942482817131,-9.19359463945391e-05,0.00824326481385662
3624.76319793175,-0.000126047967292565,0.000351338167150286,-3.55141730046172e-05,-0.00789799750061542,-1.70085036990672e-06,-0.000376805094007496,-9.06747265437624e-05,0.00818651022064896
3649.9014686836,-0.000124330954910402,0.000349069307455538,-3.5041088342191e-05,-0.00784345040102374,-1.67810708489406e-06,-0.000374203534633373,-8.94307977908162e-05,0.00813014611075826
3675.21407707406,-0.000122637152928975,0.000346813008460913,-3.45741074488912e-05,-0.00778928204323168,-1.65565963956691e-06,-0.000371620022220584,-8.8203923371359e-05,0.00807416980307799
3700.7022321605,-0.000120966252424787,0.000344569245505772,-3.41131570592099e-05,-0.0077354897571732,-1.63350441392237e-06,-0.000369054429873902,-8.69938697551713e-05,0.008018578634799
3726.36715138533,-0.000119317948455218,0.000342337992865743,-3.36581646313773e-05,-0.00768207089239546,-1.61163782582971e-06,-0.000366506631623766,-8.58004066021838e-05,0.00796336996128682
3752.21006063407,-0.000117691940010783,0.000340119223784177,-3.320905834492e-05,-0.00762902281790011,-1.59005633082466e-06,-0.000363976502418908,-8.46233067191048e-05,0.00790854115595993
3778.23219429398,-0.000116087929967865,0.000337912910502921,-3.27657670980533e-05,-0.00757634292198576,-1.56875642189808e-06,-0.000361463918119038,-8.34623460166247e-05,0.00785408961016851
3804.43479531291,-0.000114505625041915,0.000335719024292447,-3.23282205049214e-05,-0.00752402861209229,-1.54773462927964e-06,-0.0003589687554876,-8.23173034672051e-05,0.00780001273307433
3830.81911525882,-0.000112944735741133,0.000333537535481317,-3.18963488926859e-05,-0.00747207731464644,-1.52698752021656e-06,-0.000356490892184599,-8.11879610634287e-05,0.00774630795153102
3857.3864143794,-0.000111404976320608,0.000331368413485027,-3.1470083298475e-05,-0.00742048647490902,-1.50651169874789e-06,-0.000354030206759492,-8.0074103776919e-05,0.00769297270996544
3884.13796166242,-0.000109886064736927,0.000329211626834219,-3.10493554661957e-05,-0.0073692535568235,-1.48630380547434e-06,-0.000351586578644145,-7.89755195178063e-05,0.00764000447025952
3911.07503489621,-0.00010838772260325,0.000327067143202284,-3.06340978432196e-05,-0.00731837604286614,-1.46636051732416e-06,-0.000349159888145863,-7.78919990947476e-05,0.00758740071163312
3938.19892073078,-0.000106909675144847,0.000324934929432369,-3.0224243576943e-05,-0.00726785143389743,-1.44667854731504e-06,-0.000346750016440469,-7.68233361754792e-05,0.00753515893052739
3965.51091473924,-0.000105451651155092,0.000322814951563796,-2.98197265112346e-05,-0.00721767724901511,-1.42725464431266e-06,-0.000344356845565473,-7.57693272479084e-05,0.00748327664048908
3993.0123214797,-0.000104013382951914,0.000320707174857896,-2.94204811827686e-05,-0.00716785102540838,-1.40808559278556e-06,-0.000341980258413273,-7.47297715817238e-05,0.00743175137205543
4020.70445455755,-0.000102594606334706,0.000318611563823293,-2.90264428172561e-05,-0.00711837031821376,-1.3891682125572e-06,-0.000339620138724446,-7.37044711905301e-05,0.00738058067263993
4048.58863668828,-0.000101195060541684,0.000316528082240614,-2.86375473255742e-05,-0.00706923270037199,-1.37049935855476e-06,-0.000337276371081086,-7.26932307944885e-05,0.0073297621064187
4076.66619976054,-9.98144882076934e-05,0.000314456693186676,-2.82537312998037e-05,-0.00702043576248666,-1.35207592055547e-06,-0.000334948840900209,-7.16958577834673e-05,0.00727929325421771
4104.93848489989,-9.84526353224678e-05,0.000312397359058119,-2.78749320091749e-05,-0.00697197711268377,-1.33389482293028e-06,-0.000332637434427213,-7.07121621806849e-05,0.00722917171340056
4133.40684253274,-9.71092511893262e-05,0.000310350041594536,-2.75010873959315e-05,-0.00692385437647298,-1.31595302438516e-06,-0.00033034203872941,-6.97419566068494e-05,0.00717939509775724
4162.07263245095,-9.57840883843139e-05,0.000308314701901071,-2.7132136071113e-05,-0.00687606519660988,-1.29824751770036e-06,-0.000328062541689597,-6.87850562447776e-05,0.00712996103739331
4190.93722387671,-9.44769027157844e-05,0.00030629130047053,-2.67680173102649e-05,-0.00682860723295978,-1.28077532946758e-06,-0.000325798831999713,-6.78412788044976e-05,0.00708086717862004
4220.00199552799,-9.31874531844115e-05,0.000304279797204988,-2.64086710490757e-05,-0.0067814781623625,-1.26353351982537e-06,-0.000323550799154526,-6.69104444888179e-05,0.00703211118384506
4249.26833568435,-9.1915501943641e-05,0.000302280151436919,-2.60540378789505e-05,-0.00673467567849876,-1.24651918219289e-06,-0.000321318333445398,-6.59923759593676e-05,0.00698369073146392
4278.73764225332,-9.06608142605655e-05,0.000300292321949847,-2.57040590425206e-05,-0.00668819749175747,-1.2297294430022e-06,-0.000319101325954093,-6.50868983030906e-05,0.00693560351575213
4308.41132283705,-8.94231584772333e-05,0.000298316266998539,-2.53586764290978e-05,-0.00664204132910456,-1.21316146142921e-06,-0.000316899668546653,-6.41938389991979e-05,0.00688784724675813
4338.2907947997,-8.82023059723736e-05,0.000296351944328732,-2.50178325700716e-05,-0.00659620493395273,-1.19681242912339e-06,-0.000314713253867319,-6.3313027886563e-05,0.00684041965019668
4368.37748533501,-8.69980311235509e-05,0.000294399311196427,-2.46814706342604e-05,-0.00655068606603268,-1.18067956993659e-06,-0.000312541975332511,-6.24442971315623e-05,0.00679331846734327
4398.67283153455,-8.58101112697289e-05,0.000292458324386731,-2.43495344232117e-05,-0.0065054825012653,-1.16476013965076e-06,-0.000310385727124865,-6.15874811963468e-05,0.00674654145492888
4429.17828045629,-8.46383266742576e-05,0.00029052894023228,-2.40219683664639e-05,-0.00646059203163522,-1.14905142570511e-06,-0.000308244404187317,-6.07424168075481e-05,0.00670008638503571
4459.89528919383,-8.34824604882643e-05,0.000288611114631239,-2.36987175167645e-05,-0.00641601246506532,-1.13355074692246e-06,-0.000306117902217247,-5.9908942925403e-05,0.00665395104499331
4490.82532494586,-8.23422987144598e-05,0.000286704803064886,-2.33797275452553e-05,-0.00637174162529263,-1.1182554532352e-06,-0.000304006117660668,-5.90869007133014e-05,0.00660813323727572
4521.96986508636,-8.12176301713451e-05,0.000284809960614793,-2.30649447366222e-05,-0.00632777735174511,-1.10316292541076e-06,-0.000301908947706476,-5.8276133507742e-05,0.0065626307793989
4553.33039723509,-8.01082464578241e-05,0.000282926541979618,-2.27543159842165e-05,-0.00628411749941978,-1.08827057477687e-06,-0.000299826290280741,-5.74764867886992e-05,0.00651744150381918
4584.90841932869,-7.9013941918212e-05,0.000281054501491498,-2.24477887851482e-05,-0.00624075993876177,-1.07357584294661e-06,-0.000297758044041055,-5.66878081503877e-05,0.00647256325783208
4616.7054396922,-7.79345136076433e-05,0.000279193793132069,-2.21453112353553e-05,-0.00619770255554462,-1.05907620154342e-06,-0.000295704108370931,-5.59099472724272e-05,0.00642799390347204
4648.72297711114,-7.6869761257868e-05,0.000277344370548108,-2.18468320246514e-05,-0.00615494325075151,-1.04476915192606e-06,-0.000293664383374246,-5.51427558913943e-05,0.00638373131741255
4680.96256090399,-7.58194872434427e-05,0.000275506187066817,-2.15523004317552e-05,-0.00611247994045776,-1.03065222491387e-06,-0.00029163876986974,-5.43860877727634e-05,0.00633977339086721
4713.42573099534,-7.47834965483018e-05,0.000273679195710741,-2.12616663193024e-05,-0.00607031055571414,-1.01672298051207e-06,-0.000289627169385552,-5.3639798683225e-05,0.00629611802949117
4746.11403798933,-7.37615967327174e-05,0.00027186334921234,-2.09748801288446e-05,-0.00602843304243148,-1.00297900763754e-06,-0.000287629484153823,-5.29037463633824e-05,0.00625276315328345
4779.02904324382,-7.27535979006338e-05,0.000270058600028214,-2.06918928758361e-05,-0.00598684536126609,-9.89417923844834e-07,-0.000285645617105322,-5.21777905008159e-05,0.00620970669648966
4812.17231894485,-7.17593126673831e-05,0.000268264900352997,-2.04126561446122e-05,-0.00594554548750645,-9.76037375052874e-07,-0.000283675471864144,-5.14617927035151e-05,0.00616694660750561
4845.54544818188,-7.07785561277696e-05,0.000266482202132914,-2.01371220833593e-05,-0.00590453141096059,-9.62835035272034e-07,-0.000281718952742434,-5.07556164736692e-05,0.00612448084878133
4879.1500250233,-6.98111458245268e-05,0.000264710457079016,-1.98652433990807e-05,-0.00586380113584482,-9.49808606331964e-07,-0.000279775964735167,-5.0059127181815e-05,0.00608230739672584
4912.98765459257,-6.88569017171414e-05,0.000262949616680109,-1.95969733525595e-05,-0.00582335268067319,-9.36955817610118e-07,-0.000277846413514973,-4.9372192041335e-05,0.00604042424161258
4947.05995314498,-6.7915646151037e-05,0.000261199632215351,-1.933226575332e-05,-0.00578318407814805,-9.24274425761016e-07,-0.000275930205427003,-4.86946800833006e-05,0.00599882938748529
4981.36854814472,-6.69872038271227e-05,0.000259460454766571,-1.907107495459e-05,-0.00574329337505158,-9.11762214446434e-07,-0.000274027247483846,-4.80264621316596e-05,0.00595752085206473
5015.91507834275,-6.6071401771694e-05,0.000257732035230265,-1.88133558482659e-05,-0.00570367863213817,-8.99416994066427e-07,-0.00027213744736048,-4.73674107787569e-05,0.0059164966666558
5050.70119385496,-6.51680693066906e-05,0.000256014324329323,-1.85590638598824e-05,-0.00566433792402794,-8.87236601491403e-07,-0.000270260713389275,-4.67174003611916e-05,0.00587575487605547
5085.72855624109,-6.42770380203013e-05,0.000254307272624453,-1.8308154943587e-05,-0.00562526933910095,-8.7521889979516e-07,-0.000268396954555036,-4.60763069359983e-05,0.00583529353846113
5120.998838584,-6.33981417379193e-05,0.000252610830525336,-1.80605855771238e-05,-0.00558647097939261,-8.63361777989089e-07,-0.00026654608049009,-4.54440082571555e-05,0.00579511072537972
5156.51372556965,-6.2531216493437e-05,0.0002509249483015,-1.78163127568247e-05,-0.00554794096048974,-8.51663150757434e-07,-0.000264708001469408,-4.48203837524094e-05,0.00575520452153726
5192.27491356752,-6.16761005008856e-05,0.000249249576092933,-1.75752939926121e-05,-0.00550967741142777,-8.40120958193828e-07,-0.000262882628405785,-4.42053145004167e-05,0.00571557302478923
5228.28411071172,-6.08326341264075e-05,0.000247584663920423,-1.73374873030135e-05,-0.00547167847458861,-8.28733165539009e-07,-0.000261069872845037,-4.35986832081941e-05,0.00567621434603125
5264.54303698245,-6.00006598605664e-05,0.000245930161695651,-1.7102851210189e-05,-0.00543394230559966,-8.17497762919857e-07,-0.000259269646961265,-4.30003741888778e-05,0.00563712660911064
5301.0534242883,-5.91800222909846e-05,0.000244286019231025,-1.68713447349731e-05,-0.00539646707323342,-8.06412765089743e-07,-0.000257481863552137,-4.24102733397822e-05,0.00559830795073828
5337.81701654885,-5.83705680753115e-05,0.000242652186249271,-1.66429273919334e-05,-0.00535925095930826,-7.9547621117027e-07,-0.000255706436034226,-4.18282681207595e-05,0.00555975652040135
5374.83556977805,-5.75721459145118e-05,0.000241028612392778,-1.64175591844448e-05,-0.00532229215858974,-7.84686164394395e-07,-0.000253943278438378,-4.12542475328516e-05,0.00552147048027635
5412.11085216805,-5.67846065264793e-05,0.000239415247232713,-1.61952005997827e-05,-0.00528558887869308,-7.7404071185104e-07,-0.000252192305405122,-4.06881020972341e-05,0.00548344800514294
5449.64464417369,-5.6007802619964e-05,0.000237812040277895,-1.5975812604235e-05,-0.00524913933998621,-7.63537964231137e-07,-0.00025045343218012,-4.01297238344444e-05,0.00544568728229819
5487.43873859751,-5.52415888688184e-05,0.000236218940983454,-1.57593566382345e-05,-0.00521294177549387,-7.53176055575244e-07,-0.000248726574609655,-3.9579006243895e-05,0.00540818651147152
5525.49494067543,-5.44858218865508e-05,0.000234635898759253,-1.55457946115111e-05,-0.00517699443080234,-7.42953143022659e-07,-0.000247011649136153,-3.90358442836632e-05,0.00537094390474004
5563.81506816292,-5.37403602011906e-05,0.000233062862978108,-1.53350888982688e-05,-0.00514129556396513,-7.32867406562156e-07,-0.000245308572793748,-3.85001343505573e-05,0.00533395768644467
5602.40095142188,-5.30050642304555e-05,0.000231499782983783,-1.51272023323821e-05,-0.00510584344540937,-7.22917048784279e-07,-0.000243617263203879,-3.79717742604528e-05,0.00529722609310659
5641.254433508,-5.2279796257224e-05,0.000229946608098786,-1.49220982026192e-05,-0.00507063635784314,-7.13100294635321e-07,-0.000241937638570931,-3.74506632288981e-05,0.00526074737334447
5680.37737025889,-5.15644204053034e-05,0.000228403287631947,-1.47197402478876e-05,-0.00503567259616334,-7.03415391172911e-07,-0.000240269617677902,-3.69367018519811e-05,0.00522451978779202
5719.77163038263,-5.08588026154967e-05,0.000226869770885819,-1.45200926525062e-05,-0.00500095046736464,-6.93860607323323e-07,-0.000238613119882116,-3.64297920874599e-05,0.00518854160901628
5759.43909554709,-5.01628106219596e-05,0.000225346007163855,-1.43231200415029e-05,-0.00496646829044897,-6.84434233640438e-07,-0.000236968065110965,-3.59298372361473e-05,0.00515281112143632
5799.38166046975,-4.94763139288493e-05,0.000223831945777423,-1.4128787475939e-05,-0.00493222439633586,-6.75134582066479e-07,-0.000235334373857689,-3.54367419235506e-05,0.00511732662124259
5839.60123300829,-4.87991837872579e-05,0.000222327536052606,-1.39370604482609e-05,-0.00489821712777356,-6.65959985694445e-07,-0.000233711967177189,-3.49504120817604e-05,0.00508208641631671
5880.09973425162,-4.81312931724318e-05,0.000220832727336844,-1.37479048776797e-05,-0.00486444483925088,-6.56908798532327e-07,-0.00023210076668188,-3.44707549315869e-05,0.00504708882615186
5920.87909861173,-4.74725167612685e-05,0.000219347469005373,-1.35612871055795e-05,-0.0048309058969097,-6.47979395269072e-07,-0.000230500694537569,-3.39976789649383e-05,0.00501233218177365
5961.94127391598,-4.68227309100944e-05,0.000217871710467511,-1.33771738909541e-05,-0.0047975986784584,-6.39170171042367e-07,-0.000228911673459376,-3.3531093927441e-05,0.00497781482566161
6003.28822150028,-4.61818136327139e-05,0.000216405401172752,-1.31955324058742e-05,-0.00476452157308577,-6.30479541208189e-07,-0.000227333626707682,-3.30709108012941e-05,0.00494353511167102
6044.92191630263,-4.55496445787334e-05,0.000214948490616708,-1.30163302309839e-05,-0.00473167298137588,-6.21905941112202e-07,-0.000225766478084112,-3.26170417883604e-05,0.00490949140495551
6086.84434695757,-4.49261050121507e-05,0.000213500928346874,-1.28395353510277e-05,-0.00469905131522341,-6.1344782586294e-07,-0.000224210151927556,-3.21694002934846e-05,0.00487568208188994
6129.05751589107,-4.43110777902132e-05,0.000212062663968241,-1.26651161504091e-05,-0.00466665499774995,-6.05103670106865e-07,-0.000222664573110213,-3.17279009080421e-05,0.004842105529994
6171.56343941625,-4.37044473425361e-05,0.000210633647148747,-1.24930414087792e-05,-0.00463448246322077,-5.96871967805235e-07,-0.000221129667033672,-3.1292459393709e-05,0.00480876014785609
6214.36414782964,-4.31060996504838e-05,0.000209213827624575,-1.23232802966583e-05,-0.00460253215696239,-5.88751232012842e-07,-0.000219605359625032,-3.08629926664557e-05,0.00477564434505799
6257.46168550822,-4.25159222268048e-05,0.000207803155205299,-1.21558023710885e-05,-0.00457080253528081,-5.80739994658594e-07,-0.000218091577333037,-3.04394187807565e-05,0.00474275654209976
6300.85811100697,-4.19338040955246e-05,0.000206401579778887,-1.19905775713191e-05,-0.00453929206538044,-5.72836806327986e-07,-0.000216588247124259,-3.0021656914017e-05,0.00471009517032534
6344.55549715731,-4.13596357720868e-05,0.000205009051316552,-1.18275762145243e-05,-0.00450799922528361,-5.65040236047398e-07,-0.000215095296479301,-2.96096273512107e-05,0.00467765867184852
6388.55593116599,-4.07933092437456e-05,0.00020362551987747,-1.16667689915537e-05,-0.00447692250375088,-5.57348871070313e-07,-0.000213612653389038,-2.92032514697285e-05,0.00464544549947952
6432.86151471492,-4.02347179502017e-05,0.000202250935613353,-1.15081269627165e-05,-0.00444606040020184,-5.49761316665375e-07,-0.000212140246350879,-2.88024517244314e-05,0.00461345411665192
6477.47436406142,-3.96837567644842e-05,0.000200885248772894,-1.13516215535979e-05,-0.00441541142463672,-5.42276195906349e-07,-0.000210678004365073,-2.84071516329098e-05,0.00458168299735025
6522.39661013943,-3.91403219740697e-05,0.000199528409706072,-1.119722455091e-05,-0.00438497409755851,-5.34892149463944e-07,-0.000209225856931026,-2.80172757609418e-05,0.00455013062603788
6567.63039866118,-3.86043112622422e-05,0.000198180368868335,-1.10449080983762e-05,-0.00435474694989582,-5.27607835399542e-07,-0.00020778373404367,-2.76327497081518e-05,0.0045187954975856
6613.17789021977,-3.80756236896857e-05,0.000196841076824651,-1.08946446926486e-05,-0.00432472852292624,-5.20421928960772e-07,-0.000206351566189839,-2.72535000938623e-05,0.00448767611720043
6659.0412603923,-3.75541596763107e-05,0.000195510484253442,-1.07464071792608e-05,-0.00429491736820049,-5.1333312237901e-07,-0.00020492928434469,-2.68794545431413e-05,0.00445677100035518
6705.22269984387,-3.70398209833091e-05,0.000194188541950387,-1.0600168748613e-05,-0.00426531204746704,-5.06340124668715e-07,-0.000203516819968145,-2.65105416730376e-05,0.00442607867271824
6751.7244144321,-3.65325106954376e-05,0.000192875200832119,-1.04559029319938e-05,-0.00423591113259742,-4.9944166142869e-07,-0.000202114105001363,-2.61466910790063e-05,0.00439559767008402
6798.54862531261,-3.60321332035245e-05,0.000191570411939799,-1.03135835976335e-05,-0.00420671320551208,-4.92636474645173e-07,-0.000200721071863241,-2.57878333215171e-05,0.00436532653830376
6845.69756904508,-3.55385941871983e-05,0.000190274126442574,-1.01731849467936e-05,-0.0041777168581069,-4.85923322496833e-07,-0.000199337653446939,-2.54338999128475e-05,0.00433526383321679
6893.17349769999,-3.50518005978375e-05,0.000188986295640938,-1.00346815098908e-05,-0.0041489206921803,-4.79300979161635e-07,-0.000197963783116441,-2.50848233040548e-05,0.00430540812058239
6940.97867896634,-3.4571660641734e-05,0.000187706870969967,-9.89804814265397e-06,-0.00412032331936084,-4.72768234625541e-07,-0.000196599394703133,-2.47405368721262e-05,0.00427575797601191
6989.11539625983,-3.40980837634743e-05,0.000186435804002464,-9.7632600223174e-06,-0.00409192336103552,-4.66323894493119e-07,-0.000195244422502414,-2.44009749073052e-05,0.00424631198490151
7037.58594883204,-3.36309806295296e-05,0.000185173046451991,-9.63029264384728e-06,-0.00406371944827858,-4.59966779799962e-07,-0.000193898801270334,-2.40660726005893e-05,0.00421706874236524
7086.39265188015,-3.31702631120573e-05,0.000183918550175807,-9.49912181620345e-06,-0.00403571022178093,-4.53695726826997e-07,-0.000192562466220256,-2.37357660314003e-05,0.00418802685316868
7135.53783665763,-3.27158442729079e-05,0.000182672267177699,-9.36972365863521e-06,-0.00400789433178002,-4.47509586916602e-07,-0.000191235353019545,-2.34099921554212e-05,0.00415918493166292
7185.02385058548,-3.22676383478379e-05,0.000181434149610727,-9.24207459701207e-06,-0.00398027043799047,-4.41407226290602e-07,-0.000189917397786286,-2.30886887926003e-05,0.00413054160171904
7234.85305736446,-3.18255607309227e-05,0.000180204149779865,-9.1161513601883e-06,-0.00395283720953504,-4.35387525870051e-07,-0.000188608537086021,-2.27717946153187e-05,0.00410209549666302
7285.02783708791,-3.13895279591716e-05,0.00017898222014456,-8.9919309764028e-06,-0.00392559332487631,-4.29449381096885e-07,-0.00018730870792852,-2.24592491367193e-05,0.00407384525921112
7335.55058635552,-3.09594576973382e-05,0.000177768313321188,-8.86939076971229e-06,-0.0038985374717488,-4.2359170175735e-07,-0.000186017847764569,-2.21509926991954e-05,0.00404578954140562
7386.42371838768,-3.05352687229266e-05,0.000176562382085438,-8.74850835645971e-06,-0.00387166834709171,-4.17813411807271e-07,-0.00018473589448279,-2.18469664630363e-05,0.00401792700455108
7437.64966314091,-3.01168809113902e-05,0.000175364379374594,-8.62926164177616e-06,-0.00384498465698211,-4.12113449199097e-07,-0.000183462786406484,-2.1547112395228e-05,0.00399025631915094
7489.23086742376,-2.97042152215211e-05,0.000174174258289748,-8.51162881611743e-06,-0.00381848511656872,-4.0649076571076e-07,-0.000182198462290494,-2.12513732584072e-05,0.00396277616484468
7541.16979501382,-2.9297193681027e-05,0.000172991972097917,-8.39558835183417e-06,-0.00379216845000618,-4.00944326776295e-07,-0.000180942861318097,-2.09596925999657e-05,0.00393548523034522
7593.46892677528,-2.88957393722948e-05,0.000171817474234093,-8.28111899977633e-06,-0.00376603339038987,-3.95473111318249e-07,-0.000179695923097922,-2.06720147413041e-05,0.00390838221337692
7646.13076077758,-2.84997764183367e-05,0.000170650718303205,-8.16819978593111e-06,-0.00374007867969116,-3.90076111581849e-07,-0.000178457587660885,-2.03882847672315e-05,0.00388146582061386
7699.15781241454,-2.81092299689192e-05,0.00016949165808201,-8.05681000809492e-06,-0.00371430306869333,-3.84752332970926e-07,-0.000177227795457156,-2.01084485155116e-05,0.00385473476761869
7752.55261452471,-2.772402618687e-05,0.000168340247520905,-7.94692923257852e-06,-0.0036887053169278,-3.79500793885575e-07,-0.00017600648735314,-1.98324525665497e-05,0.00382818777878169
7806.31771751215,-2.73440922345632e-05,0.000167196440745673,-7.83853729094603e-06,-0.00366328419261099,-3.74320525561563e-07,-0.000174793604628492,-1.95602442332222e-05,0.00380182358726043
7860.45568946846,-2.69693562605778e-05,0.000166060192059149,-7.73161427678679e-06,-0.00363803847258165,-3.69210571911448e-07,-0.000173589088973147,-1.9291771550844e-05,0.00377564093491973
7914.96911629522,-2.65997473865314e-05,0.000164931455942823,-7.62614054252073e-06,-0.00361296694223863,-3.64169989367419e-07,-0.000172392882484376,-1.90269832672739e-05,0.00374963857227209
7969.86060182773,-2.62351956940821e-05,0.000163810187058373,-7.52209669623642e-06,-0.00358806839547918,-3.59197846725828e-07,-0.000171204927663862,-1.87658288331544e-05,0.00372381525841842
8025.13276795918,-2.58756322121013e-05,0.000162696340249134,-7.41946359856229e-06,-0.00356334163463775,-3.54293224993432e-07,-0.000170025167414807,-1.85082583922857e-05,0.00369816976098933
8080.78825476607,-2.55209889040113e-05,0.000161589870541494,-7.31822235957006e-06,-0.00353878547042518,-3.49455217235286e-07,-0.000168853545039045,-1.82542227721302e-05,0.00367270085608666
8136.82972063413,-2.51711986552889e-05,0.000160490733146239,-7.21835433571118e-06,-0.0035143987218685,-3.44682928424331e-07,-0.000167690004234199,-1.80036734744483e-05,0.00364740732822551
8193.25984238548,-2.48261952611303e-05,0.000159398883459827,-7.11984112678507e-06,-0.003490180216251,-3.3997547529262e-07,-0.000166534489090836,-1.77565626660606e-05,0.0036222879702766
8250.08131540631,-2.44859134142783e-05,0.000158314277065606,-7.02266457293991e-06,-0.00346612878905299,-3.35331986184203e-07,-0.000165386944089665,-1.75128431697376e-05,0.00359734158340907
8307.29685377578,-2.41502886930058e-05,0.000157236869734972,-6.9268067517051e-06,-0.00344224328389285,-3.30751600909627e-07,-0.000164247314098742,-1.72724684552134e-05,0.00357256697703363
8364.90919039556,-2.38192575492584e-05,0.000156166617428468,-6.83224997505566e-06,-0.00341852255246859,-3.26233470602082e-07,-0.000163115544370703,-1.70353926303224e-05,0.00354796296874612
8422.92107712043,-2.34927572969494e-05,0.000155103476296834,-6.73897678650797e-06,-0.00339496545449988,-3.21776757575122e-07,-0.000161991580540015,-1.68015704322568e-05,0.0035235283842714
8481.33528488963,-2.31707261004101e-05,0.000154047402681989,-6.64696995824724e-06,-0.00337157085767052,-3.17380635182022e-07,-0.000160875368620251,-1.65709572189448e-05,0.00349926205740776
8540.15460385936,-2.28531029629887e-05,0.000152998353117977,-6.55621248828565e-06,-0.00334833763757129,-3.13044287676682e-07,-0.000159766855001383,-1.6343508960545e-05,0.00347516282997146
8599.38184353586,-2.25398277157999e-05,0.000151956284331845,-6.46668759765195e-06,-0.00332526467764337,-3.08766910076128e-07,-0.000158665986447098,-1.61191822310586e-05,0.00345122955174195
8659.01983290984,-2.22308410066207e-05,0.00015092115324448,-6.37837872761137e-06,-0.00330235086912202,-3.04547708024562e-07,-0.000157572710092131,-1.58979342000555e-05,0.00342746108040717
8719.07142059136,-2.19260842889328e-05,0.000149892916971395,-6.29126953691645e-06,-0.00327959511098089,-3.00385897658962e-07,-0.000156486973439622,-1.56797226245138e-05,0.00340385628150947
8779.53947494611,-2.16254998111069e-05,0.00014887153282346,-6.20534389908787e-06,-0.00325699630987656,-2.96280705476209e-07,-0.000155408724358491,-1.54645058407708e-05,0.00338041402839169
8840.42688423224,-2.13290306057308e-05,0.000147856958307598,-6.12058589972571e-06,-0.00323455338009365,-2.9223136820175e-07,-0.000154337911080831,-1.52522427565848e-05,0.00335713320214377
8901.73655673848,-2.10366204790756e-05,0.000146849151127426,-6.03697983385023e-06,-0.00321226524349027,-2.88237132659752e-07,-0.000153274482199325,-1.50428928433038e-05,0.0033340126915496
8963.47142092288,-2.07482140007017e-05,0.000145848069183849,-5.95451020327266e-06,-0.00319013082944395,-2.84297255644769e-07,-0.000152218386664681,-1.48364161281434e-05,0.00331105139303433
9025.63442555289,-2.04637564932005e-05,0.000144853670575624,-5.87316171399523e-06,-0.00316814907479787,-2.80411003794875e-07,-0.000151169573783082,-1.46327731865687e-05,0.00328824821061192
9088.228539846,-2.01831940220716e-05,0.000143865913599862,-5.79291927364059e-06,-0.00314631892380765,-2.76577653466287e-07,-0.000150127993213661,-1.44319251347816e-05,0.00326560205583321
9151.25675361174,-1.99064733857323e-05,0.000142884756752509,-5.7137679889099e-06,-0.00312463932808841,-2.72796490609424e-07,-0.000149093594965995,-1.42338336223097e-05,0.00324311184773415
9214.72207739435,-1.96335421056596e-05,0.000141910158728769,-5.6356931630702e-06,-0.00310310924656234,-2.69066810646431e-07,-0.00014806632939761,-1.40384608246978e-05,0.00322077651278459
9278.6275426167,-1.93643484166611e-05,0.000140942078423497,-5.55868029346979e-06,-0.00308172764540654,-2.65387918350116e-07,-0.000147046147211516,-1.38457694362986e-05,0.00319859498483718
9342.97620172496,-1.90988412572749e-05,0.000139980474931553,-5.4827150690823e-06,-0.00306049349800142,-2.61759127724323e-07,-0.000146032999453751,-1.36557226631623e-05,0.00317656620507688
9407.77112833456,-1.88369702602956e-05,0.000139025307548117,-5.40778336807859e-06,-0.00303940578487931,-2.58179761885698e-07,-0.000145026837510948,-1.34682842160237e-05,0.00315468912197055
9473.0154173768,-1.85786857434256e-05,0.000138076535768966,-5.33387125542674e-06,-0.00301846349367364,-2.54649152946855e-07,-0.000144027613107922,-1.32834183033845e-05,0.00313296269121712
9538.71218524687,-1.83239387000495e-05,0.000137134119290718,-5.26096498051928e-06,-0.00299766561906833,-2.51166641900914e-07,-0.000143035278305266,-1.31010896246916e-05,0.00311138587569792
9604.86456995261,-1.80726807901305e-05,0.000136198018011041,-5.18905097482822e-06,-0.00297701116274768,-2.47731578507421e-07,-0.00014204978549698,-1.2921263363607e-05,0.00308995764542745
9671.47573126437,-1.78248643312273e-05,0.000135268192028828,-5.11811584958695e-06,-0.00295649913334662,-2.44343321179606e-07,-0.000141071087408101,-1.27439051813721e-05,0.00306867697750446
9738.54885086602,-1.75804422896295e-05,0.000134344601644336,-5.048146393499e-06,-0.00293612854640127,-2.41001236872992e-07,-0.000140099137092364,-1.256898121026e-05,0.00304754285606332
9806.08713250685,-1.73393682716106e-05,0.000133427207359301,-4.97912957047376e-06,-0.00291589842429995,-2.37704700975331e-07,-0.000139133887929874,-1.23964580471202e-05,0.00302655427222579
9874.09380215466,-1.71015965147962e-05,0.000132515969877014,-4.91105251738829e-06,-0.00289580779623451,-2.3445309719785e-07,-0.000138175293624792,-1.22263027470095e-05,0.00300571022405308
9942.57210814976,-1.68670818796473e-05,0.000131610850102367,-4.84390254187552e-06,-0.00287585569815204,-2.31245817467813e-07,-0.000137223308203051,-1.20584828169117e-05,0.00298500971649821
10011.5253213603,-1.66357798410557e-05,0.000130711809141878,-4.77766712013835e-06,-0.00285604117270694,-2.28082261822356e-07,-0.000136277886010072,-1.18929662095417e-05,0.00296445176135878
10080.9567353381,-1.64076464800516e-05,0.000129818808303678,-4.71233389478952e-06,-0.00283636326921337,-2.24961838303616e-07,-0.000135338981708512,-1.17297213172362e-05,0.00294403537722997
10150.8696664767,-1.61826384756205e-05,0.000128931809097471,-4.64789067271684e-06,-0.00281682104359796,-2.21883962855109e-07,-0.000134406550276016,-1.15687169659261e-05,0.00292375958945789
10221.267454169,-1.59607130966289e-05,0.000128050773234474,-4.58432542297384e-06,-0.00279741355835307,-2.18848059219378e-07,-0.000133480547002999,-1.14099224091933e-05,0.00290362343009329
10292.1534609671,-1.57418281938574e-05,0.000127175662627325,-4.52162627469517e-06,-0.00277813988249015,-2.15853558836862e-07,-0.00013256092749043,-1.12533073224074e-05,0.00288362593784551
10363.5310727429,-1.55259421921396e-05,0.000126306439389962,-4.45978151503714e-06,-0.00275899909149367,-2.12899900746008e-07,-0.000131647647647647,-1.10988417969434e-05,0.00286376615803684
10435.4036988501,-1.53130140826051e-05,0.000125443065837486,-4.39877958714239e-06,-0.00273999026727522,-2.09986531484586e-07,-0.000130740663690173,-1.09464963344785e-05,0.00284404314255705
10507.7747722864,-1.51030034150261e-05,0.000124585504485993,-4.33860908812919e-06,-0.00272111249812811,-2.07112904992216e-07,-0.000129839932137561,-1.07962418413668e-05,0.00282445594981842
10580.647749858,-1.48958702902653e-05,0.000123733718052384,-4.27925876710455e-06,-0.00270236487868212,-2.04278482514069e-07,-0.000128945409811247,-1.06480496230912e-05,0.00280500364471086
10654.0261123446,-1.46915753528251e-05,0.000122887669454151,-4.22071752320142e-06,-0.00268374650985881,-2.0148273250577e-07,-0.000128057053832427,-1.05018913787913e-05,0.00278568529855754
10727.9133646656,-1.4490079783495e-05,0.000122047321809144,-4.16297440363917e-06,-0.00266525649882693,-1.9872513053944e-07,-0.000127174821619933,-1.03577391958658e-05,0.00276649998907069
10802.3130360475,-1.42913452920977e-05,0.000121212638435316,-4.10601860180779e-06,-0.00264689395895837,-1.96005159210914e-07,-0.00012629867088815,-1.02155655446497e-05,0.00274744680030774
10877.2286801926,-1.40953341103314e-05,0.000120383582850438,-4.04983945537486e-06,-0.00262865800978427,-1.93322308048076e-07,-0.000125428559644921,-1.00753432731632e-05,0.00272852482262775
10952.6638754485,-1.39020089847078e-05,0.000119560118771809,-3.99442644441573e-06,-0.00261054777695154,-1.90676073420351e-07,-0.000124564446189489,-9.93704560193387e-06,0.00270973315264818
11028.6222249794,-1.37113331695841e-05,0.000118742210115933,-3.93976918956615e-06,-0.0025925623921797,-1.88065958449283e-07,-0.000123706289110442,-9.80064611888828e-06,0.00269107089320191
11105.1073569377,-1.35232704202881e-05,0.000117929820998183,-3.88585745019748e-06,-0.00257470099321803,-1.8549147292025e-07,-0.000122854047283677,-9.666118774315e-06,0.00267253715329454
11182.1229246378,-1.33377849863348e-05,0.000117122915732444,-3.83268112261395e-06,-0.00255696272380299,-1.82952133195238e-07,-0.000122007679870378,-9.53343787589546e-06,0.00265413104806204
11259.6726067303,-1.31548416047343e-05,0.000116321458830741,-3.78023023827216e-06,-0.00253934673361605,-1.80447462126732e-07,-0.000121167146315013,-9.40257808380366e-06,0.00263585169872866
11337.7601073777,-1.29744054933875e-05,0.000115525415002843,-3.72849496202196e-06,-0.0025218521782417,-1.77976988972641e-07,-0.000120332406343335,-9.27351440587243e-06,0.00261769823256506
11416.3891564316,-1.27964423445723e-05,0.000114734749155858,-3.67746559036931e-06,-0.00250447821912592,-1.75540249312313e-07,-0.000119503419960412,-9.14622219282636e-06,0.00259966978284688
11495.5635096105,-1.26209183185148e-05,0.000113949426393805,-3.62713254975998e-06,-0.00248722402353482,-1.73136784963572e-07,-0.000118680147448657,-9.02067713357961e-06,0.00258176548881344
11575.2869486794,-1.24478000370477e-05,0.000113169412017173,-3.57748639488473e-06,-0.0024700887645137,-1.70766143900804e-07,-0.000117862549365886,-8.89685525059859e-06,0.00256398449562681
11655.5632816306,-1.22770545773531e-05,0.000112394671522466,-3.52851780700507e-06,-0.00245307162084626,-1.68427880174061e-07,-0.000117050586543377,-8.77473289532764e-06,0.00254632595433112
11736.3963428651,-1.21086494657892e-05,0.000111625170601724,-3.4802175922998e-06,-0.00243617177701431,-1.6612155382918e-07,-0.000116244220083955,-8.65428674367792e-06,0.00252878902181216
11817.7899933763,-1.19425526717993e-05,0.000110860875142045,-3.43257668023191e-06,-0.0024193884231576,-1.63846730828897e-07,-0.000115443411360083,-8.53549379157755e-06,0.00251137286075727
11899.7481209338,-1.17787326019028e-05,0.000110101751225076,-3.38558612193576e-06,-0.00240272075503403,-1.61602982974962e-07,-0.000114648122011967,-8.41833135058334e-06,0.0024940766396155
11982.2746402699,-1.16171580937666e-05,0.000109347765126504,-3.33923708862406e-06,-0.00238616797398011,-1.59389887831219e-07,-0.000113858313945684,-8.3027770435519e-06,0.00247689953255798
12065.3734932659,-1.14577984103556e-05,0.000108598883315525,-3.29352087001485e-06,-0.00236972928687178,-1.57207028647667e-07,-0.00011307394933131,-8.18880880037086e-06,0.00245984071943869
12149.0486491407,-1.13006232341621e-05,0.000107855072454301,-3.24842887277783e-06,-0.00235340390608542,-1.55053994285462e-07,-0.00011229499060107,-8.07640485374776e-06,0.00244289938575537
12233.3041046402,-1.11456026615125e-05,0.000107116299397415,-3.2039526190002e-06,-0.00233719104945922,-1.52930379142889e-07,-0.000111521400447504,-7.96554373505746e-06,0.00242607472261077
12318.1438842285,-1.09927071969495e-05,0.000106382531191294,-3.16008374467145e-06,-0.00232108994025479,-1.50835783082241e-07,-0.000110753141821635,-7.85620427024564e-06,0.00240936592667412
12403.5720402798,-1.08419077476917e-05,0.000105653735073642,-3.11681399818724e-06,-0.00230509980711906,-1.48769811357647e-07,-0.000109990177931164,-7.74836557578919e-06,0.00239277220014293
12489.5926532723,-1.06931756181649e-05,0.000104929878472847,-3.07413523887183e-06,-0.00228921988404649,-1.46732074543794e-07,-0.000109232472238668,-7.64200705471129e-06,0.00237629275070496
12576.2098319827,-1.05464825046092e-05,0.000104210929007383,-3.03203943551917e-06,-0.00227344941034149,-1.44722188465573e-07,-0.000108479988459815,-7.53710839265163e-06,0.00235992679150055
12663.427713683,-1.04018004897572e-05,0.000103496854485201,-2.99051866495212e-06,-0.00225778763058117,-1.427397741286e-07,-0.00010773269056159,-7.43364955399002e-06,0.00234367354108511
12751.2504643373,-1.02591020375842e-05,0.00010278762290311,-2.94956511059994e-06,-0.00224223379457834,-1.40784457650633e-07,-0.000106990542760539,-7.3316107780236e-06,0.00232753222339194
12839.6822788018,-1.01183599881283e-05,0.000102083202446147,-2.90917106109346e-06,-0.00222678715734478,-1.38855870193849e-07,-0.000106253509521017,-7.23097257519591e-06,0.00231150206769525
12928.7273810244,-9.97954755238162e-06,0.00010138356148694,-2.86932890887817e-06,-0.00221144697905477,-1.36953647898002e-07,-0.000105521555553459,-7.13171572337817e-06,0.00229558230857352
13018.3900242466,-9.84263830724824e-06,0.000100688668585057,-2.83003114884455e-06,-0.00219621252500888,-1.35077431814413e-07,-0.000104794645812652,-7.03382126420101e-06,0.00227977218587297
13108.6744912069,-9.70760619057172e-06,9.9998492486356e-05,-2.79127037697595e-06,-0.00218108306559806,-1.3322686784082e-07,-0.00010407274549603,-6.93727049943696e-06,0.00226407094467142
13199.5850943454,-9.57442549622831e-06,9.93130021223139e-05,-2.75303928901335e-06,-0.00216605787626794,-1.31401606657047e-07,-0.000103355820041975,-6.84204498743206e-06,0.0022484778352423
13291.1261760091,-9.44307086928698e-06,9.86321666093585e-05,-2.71533067913713e-06,-0.00215113623748345,-1.2960130366151e-07,-0.000102643835128132,-6.74812653958683e-06,0.002232992113019
13383.3021086605,-9.3135173012341e-06,9.79559552481858e-05,-2.67813743866549e-06,-0.00213631743469358,-1.2782561890852e-07,-0.000101936756669737,-6.655497216885e-06,0.00221761303855932
13476.1172950852,-9.18574012526268e-06,9.72843375230736e-05,-2.64145255476946e-06,-0.00212160075829656,-1.26074217046407e-07,-0.000101234550817953,-6.5641393264702e-06,0.00220233987751033
13569.576168603,-9.05971501162518e-06,9.66172831011866e-05,-2.60526910920415e-06,-0.00210698550360514,-1.24346767256427e-07,-0.000100537183958226,-6.47403541826947e-06,0.00218717190057335
13663.6831932795,-8.93541796304844e-06,9.59547618318735e-05,-2.56958027705616e-06,-0.00209247097081224,-1.22642943192454e-07,-9.98446227086448e-05,-6.38516828166283e-06,0.00217210838346924
13758.4428641392,-8.81282531021111e-06,9.5296743745961e-05,-2.53437932550704e-06,-0.00207805646495674,-1.20962422921458e-07,-9.91568339183149e-05,-6.29752094219886e-06,0.00215714860690388
13853.8597073802,-8.69191370728129e-06,9.46431990550368e-05,-2.49965961261228e-06,-0.00206374129588958,-1.19304888864735e-07,-9.84737846657467e-05,-6.21107665835496e-06,0.00214229185653387
13949.9382805904,-8.57266012751509e-06,9.39940981507315e-05,-2.46541458609616e-06,-0.00204952477824016,-1.17670027739906e-07,-9.77954422572534e-05,-6.12581891834233e-06,0.0021275374229326
14046.6831729655,-8.45504185891382e-06,9.33494116039903e-05,-2.43163778216177e-06,-0.00203540623138279,-1.16057530503655e-07,-9.71217742253586e-05,-6.04173143695441e-06,0.00211288460155633
14144.0990055278,-8.33903649994051e-06,9.27091101643431e-05,-2.39832282431642e-06,-0.00202138497940365,-1.14467092295219e-07,-9.64527483272195e-05,-5.9587981524589e-06,0.00209833269271073
14242.190431347,-8.22462195529345e-06,9.20731647591661e-05,-2.36546342221192e-06,-0.00200746035106772,-1.12898412380589e-07,-9.57883325430565e-05,-5.87700322353197e-06,0.00208388100151747
14340.9621357626,-8.11177643173757e-06,9.14415464929413e-05,-2.33305337049994e-06,-0.00199363167978617,-1.11351194097455e-07,-9.51284950745988e-05,-5.79633102623494e-06,0.00206952883788115
14440.4188366077,-8.00047843399137e-06,9.08142266465081e-05,-2.3010865477018e-06,-0.00197989830358382,-1.09825144800844e-07,-9.44732043435368e-05,-5.71676615103196e-06,0.00205527551645642
14540.5652844341,-7.89070676067001e-06,9.01911766763141e-05,-2.26955691509301e-06,-0.00196625956506693,-1.08319975809475e-07,-9.38224289899896e-05,-5.63829339984899e-06,0.00204112035661531
14641.4062627396,-7.78244050028267e-06,8.95723682136579e-05,-2.23845851560197e-06,-0.00195271481139121,-1.06835402352805e-07,-9.31761378709795e-05,-5.56089778317273e-06,0.00202706268241478
14742.946588196,-7.67565902728443e-06,8.89577730639307e-05,-2.20778547272299e-06,-0.00193926339423001,-1.05371143518762e-07,-9.2534300058921e-05,-5.48456451718963e-06,0.00201310182256457
14845.1911108798,-7.57034199818113e-06,8.83473632058521e-05,-2.17753198944318e-06,-0.00192590466974276,-1.03926922202159e-07,-9.18968848401175e-05,-5.40927902096387e-06,0.00199923711039513
14948.1447145032,-7.4664693476872e-06,8.77411107907041e-05,-2.14769234718327e-06,-0.00191263799854372,-1.02502465053776e-07,-9.1263861713272e-05,-5.33502691365429e-06,0.00198546788382594
15051.8123166476,-7.36402128493512e-06,8.71389881415594e-05,-2.11826090475207e-06,-0.00189946274567079,-1.01097502430107e-07,-9.06352003880043e-05,-5.26179401176916e-06,0.00197179348533388
15156.1988689989,-7.26297828973644e-06,8.65409677525089e-05,-2.0892320973144e-06,-0.00188637828055468,-9.97117683437603e-08,-9.00108707833833e-05,-5.18956632645892e-06,0.00195821326192193
15261.3093575835,-7.16332110889306e-06,8.59470222878837e-05,-2.06060043537243e-06,-0.00187338397698827,-9.83450004145022e-08,-8.93908430264658e-05,-5.11833006084575e-06,0.00194472656508805
15367.1488030065,-7.06503075255874e-06,8.53571245814772e-05,-2.03236050376016e-06,-0.00186047921309612,-9.69969398209467e-08,-8.87750874508487e-05,-5.04807160739001e-06,0.00193133275079427
15473.7222606918,-6.96808849064946e-06,8.47712476357612e-05,-2.0045069606509e-06,-0.00184766337130432,-9.56673312528664e-08,-8.81635745952293e-05,-4.97877754529253e-06,0.00191803117943596
15581.0348211234,-6.87247584930278e-06,8.41893646211024e-05,-1.97703453657767e-06,-0.00183493583831042,-9.43559228641343e-08,-8.75562752019776e-05,-4.91043463793279e-06,0.00190482121581143
15689.0916100885,-6.77817460738467e-06,8.36114488749745e-05,-1.94993803346628e-06,-0.00182229600505368,-9.3062466226274e-08,-8.69531602157172e-05,-4.84302983034192e-06,0.00189170222909153
15797.8977889225,-6.6851667930441e-06,8.30374739011701e-05,-1.92321232368101e-06,-0.00180974326668551,-9.1786716282624e-08,-8.63542007819178e-05,-4.7765502467107e-06,0.0018786735927897
15907.4585547554,-6.59343468031384e-06,8.24674133690085e-05,-1.89685234908255e-06,-0.00179727702254006,-9.05284313030946e-08,-8.57593682454962e-05,-4.71098318793139e-06,0.00186573468473204
16017.7791407599,-6.50296078575768e-06,8.19012411125439e-05,-1.87085312009842e-06,-0.0017848966761051,-8.92873728395253e-08,-8.51686341494287e-05,-4.64631612917355e-06,0.00185288488702764
16128.8648164017,-6.41372786516271e-06,8.13389311297699e-05,-1.84520971480525e-06,-0.00177260163499304,-8.80633056816193e-08,-8.4581970233372e-05,-4.58253671749283e-06,0.00184012358603919
16240.720887691,-6.32571891027681e-06,8.07804575818246e-05,-1.81991727802324e-06,-0.00176039131091226,-8.6855997813464e-08,-8.39993484322953e-05,-4.51963276947289e-06,0.00182745017235366
16353.352697436,-6.23891714558988e-06,8.0225794792192e-05,-1.79497102042219e-06,-0.00174826511963846,-8.56652203706137e-08,-8.34207408751203e-05,-4.45759226889923e-06,0.00181486404075329
16466.765625498,-6.15330602515921e-06,7.96749172459048e-05,-1.77036621763944e-06,-0.00173622248098645,-8.44907475977447e-08,-8.28461198833733e-05,-4.39640336446536e-06,0.00180236459018673
16580.9650890484,-6.06886922947737e-06,7.91277995887439e-05,-1.74609820940911e-06,-0.00172426281878193,-8.33323568068587e-08,-8.22754579698439e-05,-4.33605436751006e-06,0.00178995122374034
16695.9565428276,-5.98559066238307e-06,7.85844166264388e-05,-1.72216239870287e-06,-0.00171238556083359,-8.21898283360426e-08,-8.17087278372561e-05,-4.27653374978594e-06,0.00177762334860982
16811.7454794054,-5.90345444801339e-06,7.80447433238654e-05,-1.69855425088185e-06,-0.00170059013890538,-8.10629455087652e-08,-8.11459023769464e-05,-4.21783014125836e-06,0.00176538037607184
16928.3374294433,-5.82244492779789e-06,7.75087548042457e-05,-1.67526929285971e-06,-0.00168887598868899,-7.99514945937152e-08,-8.05869546675536e-05,-4.15993232793481e-06,0.00175322172145608
17045.737961959,-5.74254665749294e-06,7.69764263483437e-05,-1.6523031122766e-06,-0.00167724254977647,-7.88552647651628e-08,-8.0031857973715e-05,-4.10282924972375e-06,0.00174114680411726
17163.9526845917,-5.66374440425682e-06,7.64477333936644e-05,-1.62965135668403e-06,-0.00166568926563312,-7.77740480638498e-08,-7.94805857447751e-05,-4.04650999832314e-06,0.0017291550474075
17282.9872438709,-5.58602314376403e-06,7.59226515336498e-05,-1.60730973274035e-06,-0.00165421558357052,-7.67076393583888e-08,-7.89331116135004e-05,-3.99096381513757e-06,0.00171724587864882
17402.8473254854,-5.50936805735919e-06,7.54011565168765e-05,-1.58527400541687e-06,-0.00164282095471977,-7.56558363071792e-08,-7.83894093948059e-05,-3.93618008922433e-06,0.00170541872910583
17523.5386545551,-5.43376452924915e-06,7.48832242462522e-05,-1.56353999721424e-06,-0.00163150483400492,-7.46184393208183e-08,-7.78494530844882e-05,-3.88214835526731e-06,0.0016936730339586
17645.0669959044,-5.35919814373365e-06,7.43688307782133e-05,-1.54210358738939e-06,-0.00162026668011661,-7.35952515250166e-08,-7.73132168579698e-05,-3.82885829157899e-06,0.00168200823227574
17767.4381543379,-5.2856546824732e-06,7.38579523219214e-05,-1.52096071119233e-06,-0.00160910595548582,-7.25860787239973e-08,-7.67806750690503e-05,-3.7762997181295e-06,0.00167042376698765
17890.6579749169,-5.21312012179436e-06,7.33505652384621e-05,-1.50010735911324e-06,-0.00159802212625792,-7.15907293643835e-08,-7.62518022486683e-05,-3.7244625946031e-06,0.00165891908485994
18014.7323432395,-5.14158063003136e-06,7.28466460400413e-05,-1.47953957613932e-06,-0.0015870146622668,-7.06090144995617e-08,-7.57265731036698e-05,-3.67333701848094e-06,0.00164749363646706
18139.667185721,-5.0710225649041e-06,7.23461713891859e-05,-1.45925346102151e-06,-0.00157608303700925,-6.96407477545181e-08,-7.5204962515588e-05,-3.62291322315039e-06,0.00163614687616611
18265.4684698776,-5.00143247093152e-06,7.18491180979409e-05,-1.43924516555079e-06,-0.00156522672761948,-6.86857452911391e-08,-7.4686945539429e-05,-3.57318157604016e-06,0.00162487826207077
18392.1422046107,-4.93279707688031e-06,7.13554631270709e-05,-1.41951089384412e-06,-0.00155444521484386,-6.77438257739748e-08,-7.41724974024685e-05,-3.52413257678107e-06,0.00161368725602551
18519.6944404947,-4.86510329324813e-06,7.08651835852594e-05,-1.40004690163972e-06,-0.00154373798301579,-6.68148103364521e-08,-7.36615935030545e-05,-3.47575685539192e-06,0.0016025733235799
18648.1312700654,-4.79833820978124e-06,7.03782567283121e-05,-1.38084949560174e-06,-0.00153310452003082,-6.58985225475412e-08,-7.31542094094213e-05,-3.4280451704905e-06,0.00159153593396313
18777.4588281112,-4.73248909302563e-06,6.98946599583577e-05,-1.36191503263397e-06,-0.00152254431732184,-6.49947883788596e-08,-7.2650320858509e-05,-3.38098840752882e-06,0.00158057456005868
18907.6832919665,-4.66754338391163e-06,6.94143708230526e-05,-1.34323991920281e-06,-0.00151205686983455,-6.41034361722164e-08,-7.21499037547931e-05,-3.33457757705278e-06,0.00156968867837916
19038.810881806,-4.60348869537134e-06,6.8937367014786e-05,-1.32482061066904e-06,-0.00150164167600305,-6.32242966075873e-08,-7.16529341691225e-05,-3.28880381298562e-06,0.00155887776904141
19170.8478609426,-4.5403128099883e-06,6.8463626369885e-05,-1.30665361062849e-06,-0.0014912982377256,-6.23572026715132e-08,-7.11593883375639e-05,-3.24365837093493e-06,0.00154814131574164
19303.8005361258,-4.47800367767942e-06,6.79931268678231e-05,-1.28873547026145e-06,-0.00148102606034058,-6.1501989625922e-08,-7.06692426602566e-05,-3.19913262652289e-06,0.00153747880573081
19437.6752578439,-4.41654941340807e-06,6.75258466304276e-05,-1.27106278769067e-06,-0.00147082465260256,-6.06584949773629e-08,-7.01824737002734e-05,-3.15521807373935e-06,0.0015268897297902
19572.4784206263,-4.35593829492868e-06,6.70617639210915e-05,-1.25363220734789e-06,-0.00146069352665866,-5.9826558446652e-08,-6.96990581824911e-05,-3.11190632331767e-06,0.00151637358220711
19708.2164633496,-4.29615876056167e-06,6.66008571439837e-05,-1.23644041934874e-06,-0.00145063219802492,-5.90060219389205e-08,-6.92189729924677e-05,-3.06918910113258e-06,0.00150592986075071
19844.8958695448,-4.23719940699895e-06,6.61431048432639e-05,-1.21948415887596e-06,-0.00144064018556295,-5.81967295140634e-08,-6.87421951753282e-05,-3.02705824662031e-06,0.00149555806664812
19982.5231677076,-4.17904898713899e-06,6.5688485702296e-05,-1.20276020557079e-06,-0.00143071701145671,-5.73985273575808e-08,-6.8268701934658e-05,-2.9855057112201e-06,0.00148525770456059
20121.1049316092,-4.12169640795173e-06,6.52369785428668e-05,-1.18626538293246e-06,-0.00142086220118944,-5.66112637518096e-08,-6.77984706314043e-05,-2.94452355683738e-06,0.0014750282825599
20260.6477806113,-4.06513072837212e-06,6.47885623244026e-05,-1.16999655772562e-06,-0.00141107528352077,-5.58347890475362e-08,-6.73314787827845e-05,-2.90410395432776e-06,0.00146486931210483
20401.1583799816,-4.00934115722276e-06,6.43432161431916e-05,-1.15395063939569e-06,-0.001401355790464,-5.50689556359924e-08,-6.68677040612038e-05,-2.86423918200202e-06,0.00145478030801796
20542.6434412127,-3.95431705116448e-06,6.39009192316045e-05,-1.13812457949194e-06,-0.00139170325726349,-5.43136179212197e-08,-6.64071242931782e-05,-2.82492162415149e-06,0.0014447607884624
20685.1097223421,-3.90004791267507e-06,6.34616509573206e-05,-1.1225153710983e-06,-0.00138211722237229,-5.35686322928083e-08,-6.59497174582673e-05,-2.78614376959375e-06,0.00143481027491891
20828.5640282755,-3.84652338805536e-06,6.30253908225526e-05,-1.10712004827167e-06,-0.00137259722742984,-5.28338570989953e-08,-6.54954616880127e-05,-2.74789821023814e-06,0.00142492829216299
20973.0132111114,-3.79373326546262e-06,6.25921184632763e-05,-1.0919356854878e-06,-0.00136314281723992,-5.21091526201266e-08,-6.50443352648856e-05,-2.71017763967114e-06,0.00141511436824227
21118.464170469,-3.7416674729706e-06,6.21618136484603e-05,-1.07695939709443e-06,-0.00135375353974863,-5.13943810424702e-08,-6.45963166212399e-05,-2.672974851761e-06,0.00140536803445393
21264.923853817,-3.69031607665611e-06,6.17344562793e-05,-1.06218833677189e-06,-0.00134442894602268,-5.06894064323833e-08,-6.41513843382747e-05,-2.63628273928157e-06,0.00139568882532242
21412.3992568061,-3.63966927871159e-06,6.1310026388451e-05,-1.0476196970007e-06,-0.0013351685902277,-4.99940947108209e-08,-6.37095171450016e-05,-2.60009429255503e-06,0.00138607627857717
21560.8974236026,-3.58971741558348e-06,6.08885041392681e-05,-1.0332507085364e-06,-0.00132597202960677,-4.93083136281904e-08,-6.32706939172225e-05,-2.56440259811321e-06,0.00137652993513057
21710.4254472254,-3.54045095613583e-06,6.04698698250439e-05,-1.01907863989136e-06,-0.00131683882445908,-4.86319327395378e-08,-6.28348936765107e-05,-2.52920083737726e-06,0.00136704933905608
21860.9904698845,-3.49186049983916e-06,6.00541038682513e-05,-1.00510079682348e-06,-0.00130776853811875,-4.79648233800718e-08,-6.24020955892028e-05,-2.49448228535551e-06,0.00135763403756646
22012.599683322,-3.44393677498368e-06,5.96411868197876e-05,-9.91314521831721e-07,-0.0012987607369338,-4.73068586410099e-08,-6.19722789653948e-05,-2.46024030935908e-06,0.00134828358099216
22165.260329156,-3.39667063691725e-06,5.9231099358222e-05,-9.77717193658414e-07,-0.00128981499024524,-4.66579133457542e-08,-6.15454232579474e-05,-2.42646836773524e-06,0.00133899752275986
22318.9796992262,-3.350053066307e-06,5.88238222890445e-05,-9.64306226798172e-07,-0.00128093087036634,-4.60178640263817e-08,-6.11215080614964e-05,-2.39316000861799e-06,0.00132977541937119
22473.7651359423,-3.30407516742492e-06,5.8419336543918e-05,-9.51079071013413e-07,-0.00127210795256205,-4.53865889004537e-08,-6.07005131114717e-05,-2.36030886869599e-06,0.00132061683038154
22629.6240326348,-3.25872816645667e-06,5.80176231799328e-05,-9.38033210856305e-07,-0.00126334581502849,-4.47639678481332e-08,-6.02824182831219e-05,-2.32790867199716e-06,0.00131152131837907
22786.5638339077,-3.21400340983354e-06,5.7618663378864e-05,-9.25166165197182e-07,-0.00125464403887273,-4.41498823896128e-08,-5.98672035905464e-05,-2.29595322869017e-06,0.0013024884489638
22944.592035995,-3.16989236258709e-06,5.72224384464306e-05,-9.12475486759185e-07,-0.00124600220809253,-4.3544215662842e-08,-5.94548491857339e-05,-2.2644364339022e-06,0.0012935177907269
23103.7161871177,-3.12638660672631e-06,5.68289298115587e-05,-8.99958761659221e-07,-0.0012374199095564,-4.29468524015569e-08,-5.90453353576082e-05,-2.23335226655304e-06,0.00128460891523013
23263.9438878451,-3.0834778396368e-06,5.6438119025646e-05,-8.87613608954996e-07,-0.00122889673298364,-4.23576789136029e-08,-5.86386425310797e-05,-2.2026947882051e-06,0.00127576139698536
23425.2827914574,-3.04115787250194e-06,5.60499877618303e-05,-8.7543768019817e-07,-0.00122043227092464,-4.17765830595502e-08,-5.8234751266105e-05,-2.17245814192931e-06,0.00126697481343427
23587.7406043117,-2.99941862874546e-06,5.56645178142594e-05,-8.63428658993463e-07,-0.00121202611874125,-4.12034542315951e-08,-5.78336422567509e-05,-2.14263655118641e-06,0.00125824874492819
23751.3250862094,-2.95825214249536e-06,5.52816910973652e-05,-8.51584260563708e-07,-0.00120367787458734,-4.06381833327472e-08,-5.74352963302675e-05,-2.1132243187238e-06,0.0012495827747081
23916.0440507678,-2.91765055706869e-06,5.49014896451393e-05,-8.39902231320699e-07,-0.00119538713938943,-4.00806627562941e-08,-5.70396944461657e-05,-2.08421582548731e-06,0.00124097648888469
24081.9053657923,-2.87760612347715e-06,5.45238956104128e-05,-8.28380348441836e-07,-0.00118715351682751,-3.95307863655448e-08,-5.66468176953023e-05,-2.05560552954808e-06,0.00123242947641865
24248.9169536531,-2.8381111989529e-06,5.41488912641375e-05,-8.17016419452409e-07,-0.00117897661331595,-3.89884494738434e-08,-5.6256647298971e-05,-2.02738796504405e-06,0.00122394132910104
24417.0867916629,-2.79915824549469e-06,5.37764589946714e-05,-8.05808281813538e-07,-0.00117085603798464,-3.84535488248544e-08,-5.58691646080001e-05,-1.99955774113605e-06,0.0012155116415338
24586.4229124585,-2.76073982843363e-06,5.34065813070657e-05,-7.94753802515601e-07,-0.0011627914026601,-3.79259825731109e-08,-5.54843511018555e-05,-1.97210954097811e-06,0.00120714001111042
24756.933404384,-2.72284861501876e-06,5.30392408223562e-05,-7.83850877677158e-07,-0.00115478232184686,-3.74056502648268e-08,-5.51021883877522e-05,-1.94503812070205e-06,0.00119882603799671
24928.6264118777,-2.6854773730217e-06,5.26744202768564e-05,-7.73097432149236e-07,-0.00114682841270893,-3.68924528189659e-08,-5.47226581997689e-05,-1.91833830841586e-06,0.00119056932511173
25101.5101358603,-2.64861896936054e-06,5.23121025214545e-05,-7.62491419124968e-07,-0.00113892929505137,-3.63862925085687e-08,-5.43457423979718e-05,-1.8920050032159e-06,0.00118236947810884
25275.5928341276,-2.61226636874239e-06,5.19522705209126e-05,-7.52030819754432e-07,-0.00113108459130204,-3.58870729423267e-08,-5.39714229675421e-05,-1.86603317421261e-06,0.00117422610535684
25450.882821744,-2.57641263232458e-06,5.15949073531697e-05,-7.41713642764734e-07,-0.0011232939264934,-3.53946990464102e-08,-5.35996820179114e-05,-1.84041785956968e-06,0.00116613881792137
25627.3884714405,-2.54105091639398e-06,5.12399962086468e-05,-7.31537924085127e-07,-0.00111555692824455,-3.49090770465367e-08,-5.32305017819018e-05,-1.81515416555623e-06,0.00115810722954622
25805.1182140139,-2.50617447106458e-06,5.08875203895561e-05,-7.21501726477251e-07,-0.00110787322674328,-3.44301144502844e-08,-5.28638646148728e-05,-1.79023726561221e-06,0.00115013095663503
25984.08053873,-2.47177663899262e-06,5.05374633092122e-05,-7.11603139170287e-07,-0.00110024245472832,-3.39577200296425e-08,-5.2499752993874e-05,-1.76566239942647e-06,0.00114220961823286
26164.2839937291,-2.43785085410943e-06,5.01898084913472e-05,-7.01840277501056e-07,-0.00109266424747168,-3.34918038037974e-08,-5.21381495168032e-05,-1.74142487202749e-06,0.0011343428360081
26345.7371864336,-2.40439064037157e-06,4.98445395694288e-05,-6.92211282558977e-07,-0.00108513824276114,-3.30322770221527e-08,-5.17790369015713e-05,-1.7175200528867e-06,0.00112653023423435
26528.4487839603,-2.37138961052793e-06,4.95016402859803e-05,-6.8271432083576e-07,-0.00107766408088282,-3.25790521475758e-08,-5.14223979852718e-05,-1.69394337503396e-06,0.00111877143977253
26712.4275135331,-2.33884146490381e-06,4.9161094491906e-05,-6.73347583879881e-07,-0.00107024140460395,-3.21320428398735e-08,-5.10682157233579e-05,-1.67069033418532e-06,0.00111106608205305
26897.6821629011,-2.30673999020149e-06,4.88228861458169e-05,-6.64109287955658e-07,-0.00106286985915564,-3.16911639394887e-08,-5.07164731888225e-05,-1.64775648788256e-06,0.0011034137930581
27084.2215807571,-2.27507905831735e-06,4.84869993133624e-05,-6.54997673706967e-07,-0.00105554909221588,-3.12563314514195e-08,-5.03671535713877e-05,-1.62513745464479e-06,0.00109581420730413
27272.0546771616,-2.24385262517492e-06,4.81534181665626e-05,-6.46011005825457e-07,-0.0010482787538926,-3.0827462529353e-08,-5.00202401766958e-05,-1.60282891313142e-06,0.00108826696182438
27461.1904239671,-2.21305472957413e-06,4.78221269831457e-05,-6.37147572723285e-07,-0.0010410584967069,-3.04044754600165e-08,-4.96757164255096e-05,-1.58082660131687e-06,0.00108077169615156
27651.6378552475,-2.18267949205607e-06,4.74931101458871e-05,-6.28405686210207e-07,-0.0010338879755763,-2.99872896477378e-08,-4.93335658529157e-05,-1.55912631567638e-06,0.00107332805230063
27843.4060677294,-2.15272111378342e-06,4.71663521419527e-05,-6.19783681175092e-07,-0.00102676684779823,-2.95758255992162e-08,-4.8993772107535e-05,-1.53772391038316e-06,0.00106593567475173
28036.5042212264,-2.1231738754361e-06,4.68418375622446e-05,-6.11279915271672e-07,-0.00101969477303353,-2.91700049084977e-08,-4.8656318950737e-05,-1.51661529651647e-06,0.0010585942104332
28230.9415390768,-2.09403213612204e-06,4.65195511007509e-05,-6.028927686086e-07,-0.00101267141329013,-2.87697502421559e-08,-4.8321190255862e-05,-1.49579644128061e-06,0.00105130330870474
28426.7273085842,-2.06529033230281e-06,4.61994775538974e-05,-5.94620643443626e-07,-0.00100569643290683,-2.83749853246705e-08,-4.79883700074458e-05,-1.47526336723456e-06,0.00104406262134065
28623.8708814609,-2.03694297673403e-06,4.58816018199035e-05,-5.86461963881969e-07,-0.000998769498537165,-2.79856349240063e-08,-4.76578423004525e-05,-1.45501215153231e-06,0.00103687180251323
28822.3816742749,-2.00898465742009e-06,4.5565908898141e-05,-5.78415175578707e-07,-0.000991890279133397,-2.76016248373857e-08,-4.73295913395104e-05,-1.43503892517348e-06,0.00102973050877624
29022.2691688993,-1.98141003658337e-06,4.52523838884963e-05,-5.70478745445243e-07,-0.00098505844593066,-2.7222881877255e-08,-4.70036014381552e-05,-1.41533987226433e-06,0.00102263839904855
29223.5429129655,-1.95421384964738e-06,4.49410119907347e-05,-5.62651161359683e-07,-0.000978273672431146,-2.68493338574399e-08,-4.66798570180766e-05,-1.39591122928882e-06,0.00101559513459784
29426.2125203191,-1.92739090423393e-06,4.46317785038698e-05,-5.54930931881187e-07,-0.000971535634388453,-2.64809095794894e-08,-4.63583426083718e-05,-1.3767492843898e-06,0.00100860037902439
29630.2876714792,-1.9009360791739e-06,4.43246688255343e-05,-5.47316585968128e-07,-0.000964844009792012,-2.61175388192033e-08,-4.60390428448025e-05,-1.35785037665988e-06,0.00100165379824508
29835.7781141006,-1.87484432353163e-06,4.40196684513551e-05,-5.39806672700111e-07,-0.000958198478851645,-2.57591523133443e-08,-4.57219424690593e-05,-1.33921089544226e-06,0.000994755060477435
30042.6936634399,-1.84911065564261e-06,4.37167629743309e-05,-5.32399761003716e-07,-0.000951598723982207,-2.54056817465282e-08,-4.54070263280284e-05,-1.3208272796409e-06,0.000987903836223731
30251.0442028234,-1.82373016216434e-06,4.3415938084214e-05,-5.25094439381984e-07,-0.000945044429788363,-2.50570597382936e-08,-4.50942793730661e-05,-1.30269601704042e-06,0.000981099798255332
30460.8396841202,-1.79869799714014e-06,4.31171795668937e-05,-5.17889315647524e-07,-0.000938535283049437,-2.47132198303446e-08,-4.47836866592764e-05,-1.28481364363506e-06,0.000974342621597027
30672.0901282168,-1.77400938107582e-06,4.28204733037847e-05,-5.10783016659286e-07,-0.000932070972704403,-2.43740964739697e-08,-4.44752333447949e-05,-1.26717674296714e-06,0.000967631983511537
30884.8056254963,-1.74965960002894e-06,4.25258052712173e-05,-5.0377418806284e-07,-0.000925651189836947,-2.40396250176279e-08,-4.41689046900765e-05,-1.24978194547432e-06,0.000960967563484094
31098.9963363199,-1.72564400471055e-06,4.22331615398317e-05,-4.96861494034224e-07,-0.00091927562766066,-2.3709741694706e-08,-4.38646860571894e-05,-1.23262592784604e-06,0.000954349043207153
31314.6724915125,-1.70195800959918e-06,4.19425282739748e-05,-4.90043617027225e-07,-0.000912943981504309,-2.33843836114402e-08,-4.35625629091124e-05,-1.21570541238861e-06,0.000947776106565182
31531.8443928511,-1.67859709206702e-06,4.1653891731101e-05,-4.83319257524105e-07,-0.000906655948797238,-2.30634887350025e-08,-4.32625208090391e-05,-1.19901716639921e-06,0.000941248439619586
31750.5224135575,-1.65555679151796e-06,4.13672382611749e-05,-4.76687133789687e-07,-0.000900411229054843,-2.27469958817482e-08,-4.29645454196846e-05,-1.18255800154825e-06,0.000934765730593702
31970.7169987928,-1.63283270853751e-06,4.10825543060792e-05,-4.70145981628796e-07,-0.000894209523864169,-2.2434844705624e-08,-4.26686225025991e-05,-1.16632477327043e-06,0.000928327669857931
32192.4386661572,-1.61042050405432e-06,4.07998263990234e-05,-4.63694554146966e-07,-0.000888050536869593,-2.21269756867317e-08,-4.23747379174849e-05,-1.150314380164e-06,0.000921933949914944
32415.6980061919,-1.58831589851313e-06,4.05190411639579e-05,-4.57331621514407e-07,-0.000881933973758619,-2.18233301200489e-08,-4.20828776215189e-05,-1.13452376339835e-06,0.00091558426538501
32640.5056828852,-1.56651467105911e-06,4.02401853149894e-05,-4.51055970733158e-07,-0.000875859542247757,-2.15238501043021e-08,-4.17930276686791e-05,-1.11894990612964e-06,0.000909278312991409
32866.8724341813,-1.54501265873333e-06,3.9963245655801e-05,-4.44866405407416e-07,-0.000869826952068517,-2.12284785309908e-08,-4.15051742090767e-05,-1.10358983292461e-06,0.00090301579154596
33094.8090724944,-1.52380575567918e-06,3.96882090790745e-05,-4.38761745516963e-07,-0.000863835914953479,-2.0937159073561e-08,-4.1219303488292e-05,-1.08844060919209e-06,0.000896796401934635
33324.3264852235,-1.50288991235978e-06,3.94150625659163e-05,-4.32740827193677e-07,-0.000857886144622491,-2.06498361767258e-08,-4.09354018467153e-05,-1.07349934062251e-06,0.000890619847103286
33555.4356352742,-1.48226113478598e-06,3.91437931852861e-05,-4.26802502501069e-07,-0.000851977356768921,-2.03664550459307e-08,-4.06534557188923e-05,-1.05876317263492e-06,0.000884485832043453
33788.1475615808,-1.46191548375498e-06,3.88743880934294e-05,-4.20945639216824e-07,-0.00084610926904605,-2.00869616369629e-08,-4.03734516328743e-05,-1.04422928983178e-06,0.00087839406377829
34022.4733796346,-1.44184907409937e-06,3.86068345333123e-05,-4.1516912061827e-07,-0.000840281601053517,-1.98113026457007e-08,-4.0095376209572e-05,-1.02989491546108e-06,0.000872344251348567
34258.4242820144,-1.42205807394644e-06,3.83411198340603e-05,-4.09471845270794e-07,-0.000834494074323895,-1.95394254980035e-08,-3.98192161621153e-05,-1.01575731088593e-06,0.000866336105798789
34496.0115389212,-1.4025387039876e-06,3.80772314103994e-05,-4.0385272681909e-07,-0.000828746412309329,-1.9271278339738e-08,-3.95449582952159e-05,-1.00181377506138e-06,0.000860369340163388
34735.2464987164,-1.38328723675791e-06,3.78151567621013e-05,-3.98310693781281e-07,-0.000823038340368296,-1.90068100269409e-08,-3.92725895045358e-05,-9.8806164401849e-07,0.000854443669453035
34976.1405884643,-1.36429999592527e-06,3.75548834734304e-05,-3.92844689345804e-07,-0.000817369585752423,-1.87459701161152e-08,-3.90020967760587e-05,-9.74498290355377e-07,0.000848558810641019
35218.7053144771,-1.34557335558959e-06,3.72963992125956e-05,-3.87453671171081e-07,-0.000811739877593436,-1.84887088546583e-08,-3.87334671854673e-05,-9.61121122735352e-07,0.00084271448264975
35462.9522628655,-1.32710373959133e-06,3.70396917312036e-05,-3.82136611187889e-07,-0.000806148946890159,-1.82349771714201e-08,-3.84666878975236e-05,-9.47927585391857e-07,0.000836910406337322
35708.8931000911,-1.30888762082967e-06,3.67847488637164e-05,-3.76892495404434e-07,-0.000800596526495643,-1.79847266673907e-08,-3.82017461654543e-05,-9.34915157640274e-07,0.0008311463044842
35956.5395735246,-1.29092152058989e-06,3.6531558526911e-05,-3.7172032371406e-07,-0.000795082351104345,-1.77379096065127e-08,-3.79386293303402e-05,-9.22081353396362e-07,0.000825421901779973
36205.9035120061,-1.27320200788008e-06,3.62801087193435e-05,-3.66619109705581e-07,-0.000789606157239432,-1.74944789066209e-08,-3.76773248205099e-05,-9.09423720701368e-07,0.000819736924810216
36456.9968264106,-1.25572569877683e-06,3.60303875208148e-05,-3.61587880476183e-07,-0.000784167683240145,-1.72543881305037e-08,-3.74178201509373e-05,-8.96939841253598e-07,0.000814091102043432
36709.831510217,-1.23848925577991e-06,3.57823830918399e-05,-3.56625676446875e-07,-0.000778766669249264,-1.70175914770862e-08,-3.7160102922644e-05,-8.84627329946458e-07,0.000808484163818085
36964.4196400802,-1.22148938717584e-06,3.55360836731213e-05,-3.51731551180453e-07,-0.000773402857200668,-1.6784043772735e-08,-3.69041608221054e-05,-8.72483834412828e-07,0.000802915842329733
37220.7733764093,-1.20472284641009e-06,3.52914775850234e-05,-3.46904571201927e-07,-0.000768075990806954,-1.65537004626788e-08,-3.66499816206606e-05,-8.60507034575659e-07,0.000797385871618231
37478.9049639467,-1.18818643146793e-06,3.5048553227052e-05,-3.42143815821405e-07,-0.000762785815547176,-1.63265176025481e-08,-3.63975531739275e-05,-8.48694642204792e-07,0.000791893987555041
37738.8267323548,-1.17187698426374e-06,3.48072990773353e-05,-3.37448376959371e-07,-0.000757532078654637,-1.61024518500286e-08,-3.61468634212203e-05,-8.37044400479794e-07,0.00078643992783061
38000.5510968034,-1.15579139003872e-06,3.45677036921088e-05,-3.32817358974356e-07,-0.000752314529104797,-1.58814604566295e-08,-3.58979003849729e-05,-8.25554083558864e-07,0.000781023431941858
38264.0905585636,-1.13992657676675e-06,3.43297557052029e-05,-3.28249878492937e-07,-0.000747132917603231,-1.56635012595623e-08,-3.56506521701645e-05,-8.14221496153587e-07,0.000775644241179727
38529.4577056047,-1.12427951456856e-06,3.40934438275338e-05,-3.23745064242069e-07,-0.000741986996573703,-1.54485326737324e-08,-3.54051069637505e-05,-8.03044473109587e-07,0.000770302098616841
38796.6652131954,-1.10884721513369e-06,3.38587568465966e-05,-3.19302056883675e-07,-0.000736876520146296,-1.52365136838373e-08,-3.51612530340966e-05,-7.92020878992879e-07,0.000764996749095222
39065.7258445091,-1.09362673115062e-06,3.36256836259624e-05,-3.1492000885151e-07,-0.000731801244145647,-1.50274038365749e-08,-3.49190787304177e-05,-7.81148607681951e-07,0.000759727939214124
39336.6524512341,-1.07861515574447e-06,3.33942131047777e-05,-3.10598084190226e-07,-0.000726760926079241,-1.48211632329562e-08,-3.46785724822189e-05,-7.70425581965392e-07,0.000754495417317919
39609.4579741865,-1.06380962192263e-06,3.31643342972672e-05,-3.0633545839665e-07,-0.000721755325125808,-1.46177525207235e-08,-3.44397227987429e-05,-7.59849753145099e-07,0.00074929893348409
39884.1554439296,-1.04920730202775e-06,3.29360362922387e-05,-3.02131318263196e-07,-0.000716784202123779,-1.4417132886872e-08,-3.42025182684187e-05,-7.49419100644868e-07,0.00074413823951129
40160.7579813948,-1.03480540719842e-06,3.27093082525924e-05,-2.97984861723437e-07,-0.000711847319559847,-1.42192660502728e-08,-3.39669475583161e-05,-7.39131631624421e-07,0.000739013088907499
40439.2787985098,-1.02060118683713e-06,3.24841394148318e-05,-2.93895297699755e-07,-0.000706944441557576,-1.40241142543973e-08,-3.37329994136025e-05,-7.2898538059867e-07,0.000733923236878246
40719.7311988284,-1.00659192808554e-06,3.2260519088578e-05,-2.8986184595309e-07,-0.000702075333866124,-1.38316402601399e-08,-3.35006626570048e-05,-7.18978409062259e-07,0.000728868440314924
41002.1285781671,-9.92774955306956e-07,3.2038436656087e-05,-2.85883736934709e-07,-0.000697239763849008,-1.3641807338739e-08,-3.32699261882737e-05,-7.09108805119216e-07,0.000723848457783181
41286.4844252437,-9.79147629575898e-07,3.18178815717702e-05,-2.81960211640025e-07,-0.000692437500472983,-1.34545792647951e-08,-3.30407789836529e-05,-6.99374683117726e-07,0.000718863049511391
41572.812322323,-9.6570734817461e-07,3.15988433617164e-05,-2.78090521464378e-07,-0.000687668314296963,-1.32699203093824e-08,-3.28132100953509e-05,-6.89774183289878e-07,0.000713911977379205
41861.1259458642,-9.52451544096545e-07,3.1381311623219e-05,-2.742739280608e-07,-0.000682931977461051,-1.30877952332566e-08,-3.25872086510174e-05,-6.80305471396398e-07,0.000708995004906181
42151.4390671752,-9.39377685556582e-07,3.11652760243036e-05,-2.70509703199713e-07,-0.000678228263675615,-1.29081692801532e-08,-3.23627638532225e-05,-6.70966738376217e-07,0.000704111897240489
42443.7655530697,-9.26483275508015e-07,3.09507263032605e-05,-2.66797128630541e-07,-0.000673556948210469,-1.27310081701791e-08,-3.21398649789405e-05,-6.61756200000886e-07,0.000699262421147703
42738.1193665299,-9.13765851166101e-07,3.07376522681782e-05,-2.63135495945198e-07,-0.000668917807884098,-1.25562780932928e-08,-3.1918501379036e-05,-6.526720965337e-07,0.000694446344999654
43034.5145673733,-9.01222983538195e-07,3.05260437964819e-05,-2.59524106443454e-07,-0.000664310621052993,-1.23839457028744e-08,-3.16986624777547e-05,-6.43712692393536e-07,0.00068966343876338
43332.9653129246,-8.88852276960263e-07,3.03158908344721e-05,-2.55962271000122e-07,-0.000659735167601019,-1.22139781093834e-08,-3.14803377722169e-05,-6.34876275823267e-07,0.000684913473990131
43633.4858586911,-8.76651368639807e-07,3.0107183396869e-05,-2.52449309934063e-07,-0.000655191228928898,-1.20463428741023e-08,-3.12635168319154e-05,-6.26161158562763e-07,0.000680196223804472
43936.0905590448,-8.64617928204998e-07,2.98999115663569e-05,-2.48984552878974e-07,-0.00065067858794373,-1.18810080029666e-08,-3.10481892982155e-05,-6.1756567552635e-07,0.000675511462893434
44240.7938679069,-8.52749657260034e-07,2.96940654931337e-05,-2.45567338655941e-07,-0.00064619702904861,-1.17179419404779e-08,-3.08343448838601e-05,-6.09088184484723e-07,0.000670858967495773
44547.6103394389,-8.41044288946547e-07,2.94896353944613e-05,-2.42197015147725e-07,-0.000641746338132305,-1.15571135637012e-08,-3.06219733724771e-05,-6.00727065751196e-07,0.000666238515391267
44856.5546287376,-8.29499587511071e-07,2.92866115542203e-05,-2.38872939174774e-07,-0.000637326302559009,-1.13984921763431e-08,-3.04110646180902e-05,-5.92480721872292e-07,0.000661649885890118
45167.641492535,-8.1811334787838e-07,2.90849843224663e-05,-2.35594476372903e-07,-0.000632936711158157,-1.12420475029116e-08,-3.0201608544634e-05,-5.8434757732254e-07,0.000657092859822403
45480.8857899031,-8.06883395230729e-07,2.88847441149894e-05,-2.32361001072676e-07,-0.000628577354214332,-1.10877496829553e-08,-2.99935951454714e-05,-5.76326078203505e-07,0.00065256721952762
45796.3024829641,-7.95807584592815e-07,2.86858814128766e-05,-2.29171896180399e-07,-0.000624248023457213,-1.09355692653813e-08,-2.97870144829148e-05,-5.68414691946906e-07,0.000648072748844278
46113.9066376045,-7.84883800422467e-07,2.84883867620768e-05,-2.26026553060766e-07,-0.00061994851205162,-1.07854772028506e-08,-2.95818566877511e-05,-5.60611907021851e-07,0.000643609233099592
46433.713424195,-7.74109956206903e-07,2.82922507729679e-05,-2.22924371421082e-07,-0.000615678614587605,-1.06374448462501e-08,-2.93781119587686e-05,-5.52916232646042e-07,0.000639176459099217
46755.7381183149,-7.63483994064568e-07,2.80974641199276e-05,-2.19864759197087e-07,-0.000611438127070632,-1.04914439392403e-08,-2.91757705622892e-05,-5.45326198501e-07,0.000634774215117076
47079.9961014825,-7.53003884352377e-07,2.79040175409062e-05,-2.16847132440321e-07,-0.000607226846911803,-1.0347446612877e-08,-2.89748228317015e-05,-5.37840354451144e-07,0.000630402290885246
47406.5028618884,-7.426676252784e-07,2.7711901837002e-05,-2.13870915207038e-07,-0.000603044572918177,-1.0205425380307e-08,-2.87752591669994e-05,-5.30457270266768e-07,0.000626060477583918
47735.2739951367,-7.32473242519793e-07,2.752110787204e-05,-2.1093553944863e-07,-0.00059889110528313,-1.00653531315355e-08,-2.85770700343217e-05,-5.23175535350792e-07,0.000621748567831421
48066.3252049891,-7.22418788846026e-07,2.73316265721526e-05,-2.08040444903548e-07,-0.000594766245576801,-9.92720312826618e-09,-2.83802459654971e-05,-5.15993758469288e-07,0.000617466355674329
48399.6723041153,-7.12502343747223e-07,2.71434489253626e-05,-2.05185078990699e-07,-0.000590669796736594,-9.79094899881026e-09,-2.81847775575904e-05,-5.08910567485675e-07,0.00061321363657761
48735.331214848,-7.02722013067642e-07,2.69565659811703e-05,-2.02368896704302e-07,-0.000586601563057754,-9.65656473306648e-09,-2.79906554724533e-05,-5.01924609098596e-07,0.000608990207414876
49073.317969944,-6.93075928644138e-07,2.67709688501417e-05,-1.99591360510171e-07,-0.000582561350183992,-9.52402467756866e-09,-2.7797870436277e-05,-4.9503454858336e-07,0.000604795866458666
49413.6487133493,-6.83562247949623e-07,2.65866487034996e-05,-1.96851940243424e-07,-0.0005785489650982,-9.39330353060168e-09,-2.76064132391492e-05,-4.88239069536963e-07,0.000600630413370827
49756.3397009709,-6.74179153741372e-07,2.6403596772718e-05,-1.94150113007577e-07,-0.000574564216113202,-9.26437633738351e-09,-2.7416274734613e-05,-4.81536873626584e-07,0.000596493649192935
50101.4073014524,-6.64924853714187e-07,2.62218043491181e-05,-1.91485363075032e-07,-0.000570606912862594,-9.13721848531375e-09,-2.722744583923e-05,-4.7492668034155e-07,0.000592385376336805
50448.8679969571,-6.55797580158288e-07,2.60412627834674e-05,-1.88857181788909e-07,-0.000566676866291629,-9.01180569928651e-09,-2.70399175321452e-05,-4.68407226748694e-07,0.000588305398575043
50798.7383839539,-6.46795589621917e-07,2.58619634855816e-05,-1.86265067466227e-07,-0.000562773888648178,-8.88811403706786e-09,-2.68536808546556e-05,-4.61977267251081e-07,0.000584253521031686
51151.0351740109,-6.37917162578543e-07,2.5683897923928e-05,-1.83708525302407e-07,-0.000558897793473739,-8.76611988473602e-09,-2.66687269097822e-05,-4.55635573350038e-07,0.000580229550172889
51505.7751945938,-6.29160603098648e-07,2.55070576252324e-05,-1.81187067277072e-07,-0.000555048395594525,-8.64579995218407e-09,-2.64850468618437e-05,-4.49380933410449e-07,0.000576233293797683
51862.9753898685,-6.2052423852602e-07,2.53314341740883e-05,-1.78700212061149e-07,-0.000551225511112605,-8.52713126868441e-09,-2.63026319360344e-05,-4.43212152429288e-07,0.000572264561028801
52222.6528215118,-6.12006419158445e-07,2.51570192125679e-05,-1.76247484925223e-07,-0.000547428957397099,-8.41009117851317e-09,-2.61214734180044e-05,-4.37128051807299e-07,0.000568323162303557
52584.8246695256,-6.0360551793283e-07,2.49838044398369e-05,-1.73828417649159e-07,-0.000543658553075452,-8.29465733663527e-09,-2.59415626534426e-05,-4.31127469123846e-07,0.000564408909364796
52949.5082330576,-5.95319930114595e-07,2.48117816117698e-05,-1.71442548432941e-07,-0.000539914118024748,-8.18080770444768e-09,-2.5762891047663e-05,-4.25209257914819e-07,0.000560521615251904
53316.7209312277,-5.87148072991365e-07,2.46409425405701e-05,-1.6908942180875e-07,-0.000536195473363101,-8.06852054558153e-09,-2.55854500651937e-05,-4.19372287453615e-07,0.000556661094291878
53686.4803039601,-5.79088385570821e-07,2.44712790943905e-05,-1.66768588554228e-07,-0.000532502441441094,-7.95777442176118e-09,-2.54092312293683e-05,-4.13615442535109e-07,0.000552827162090457
54058.8040128205,-5.71139328282733e-07,2.43027831969573e-05,-1.64479605606932e-07,-0.000528834845833285,-7.84854818872019e-09,-2.52342261219209e-05,-4.07937623262602e-07,0.000549019635523323
54433.709841861,-5.63299382685046e-07,2.41354468271964e-05,-1.62222035979957e-07,-0.000525192511329763,-7.74082099217288e-09,-2.50604263825833e-05,-4.02337744837674e-07,0.000545238332727345
54811.215698468,-5.55567051174024e-07,2.39692620188616e-05,-1.5999544867872e-07,-0.000521575263927773,-7.6345722638413e-09,-2.48878237086853e-05,-3.96814737352955e-07,0.000541483073091907
55191.3396142186,-5.4794085669834e-07,2.38042208601659e-05,-1.57799418618864e-07,-0.000517982930823388,-7.52978171753621e-09,-2.47164098547574e-05,-3.91367545587699e-07,0.000537753677250269
55574.0997457415,-5.40419342477117e-07,2.36403154934144e-05,-1.55633526545303e-07,-0.000514415340403253,-7.42642934529192e-09,-2.45461766321368e-05,-3.85995128806202e-07,0.000534049967071011
55959.5143755845,-5.33001071721802e-07,2.34775381146402e-05,-1.5349735895236e-07,-0.000510872322236362,-7.32449541355375e-09,-2.43771159085756e-05,-3.80696460558957e-07,0.00053037176564952
56347.6019130871,-5.25684627361891e-07,2.33158809732425e-05,-1.51390508005007e-07,-0.000507353707065923,-7.22396045941799e-09,-2.42092196078521e-05,-3.75470528486564e-07,0.000526718897299546
56738.380895261,-5.18468611774377e-07,2.31553363716262e-05,-1.49312571461173e-07,-0.000503859326801249,-7.12480528692282e-09,-2.40424797093841e-05,-3.70316334126304e-07,0.000523091187544807
57131.8699876742,-5.11351646516942e-07,2.29958966648456e-05,-1.4726315259512e-07,-0.000500389014509731,-7.02701096339047e-09,-2.38768882478461e-05,-3.652328927214e-07,0.000519488463110662
57528.0879853436,-5.04332372064779e-07,2.28375542602482e-05,-1.45241860121864e-07,-0.000496942604408842,-6.93055881581896e-09,-2.37124373127879e-05,-3.60219233032861e-07,0.000515910551915829
57927.053813632,-4.97409447551048e-07,2.2680301617123e-05,-1.43248308122636e-07,-0.000493519931858222,-6.83543042732364e-09,-2.35491190482564e-05,-3.55274397153945e-07,0.000512357283064175
58328.7865291527,-4.90581550510868e-07,2.25241312463491e-05,-1.41282115971347e-07,-0.00049012083335179,-6.74160763362696e-09,-2.33869256524201e-05,-3.50397440327134e-07,0.000508828486836545
58733.3053206791,-4.83847376628847e-07,2.2369035710048e-05,-1.39342908262077e-07,-0.00048674514650994,-6.64907251959676e-09,-2.32258493771961e-05,-3.45587430763649e-07,0.000505323994682666
59140.6295100621,-4.77205639490039e-07,2.22150076212372e-05,-1.37430314737542e-07,-0.000483392710071759,-6.55780741583139e-09,-2.30658825278791e-05,-3.40843449465425e-07,0.000501843639213089
59550.7785531519,-4.70655070334357e-07,2.2062039643487e-05,-1.35543970218551e-07,-0.000480063363887331,-6.46779489529214e-09,-2.29070174627743e-05,-3.3616459004954e-07,0.000498387254191204
59963.7720407286,-4.64194417814314e-07,2.19101244905785e-05,-1.33683514534413e-07,-0.000476756948910065,-6.37901776998117e-09,-2.27492465928314e-05,-3.31549958575043e-07,0.000494954674525288
60379.6296994364,-4.57822447756123e-07,2.17592549261646e-05,-1.31848592454312e-07,-0.000473473307189104,-6.29145908766539e-09,-2.25925623812819e-05,-3.26998673372175e-07,0.000491545736260636
60798.3713927276,-4.51537942924041e-07,2.16094237634325e-05,-1.30038853619607e-07,-0.000470212281861755,-6.20510212864479e-09,-2.24369573432788e-05,-3.22509864873915e-07,0.000488160276571717
61220.0171218097,-4.45339702787972e-07,2.14606238647695e-05,-1.28253952477072e-07,-0.000466973717146003,-6.11993040256539e-09,-2.22824240455388e-05,-3.18082675449856e-07,0.000484798133754407
61644.5870266023,-4.39226543294236e-07,2.13128481414294e-05,-1.26493548213033e-07,-0.000463757458333052,-6.03592764527531e-09,-2.21289551059867e-05,-3.13716259242345e-07,0.00048145914721826
62072.1013866976,-4.33197296639502e-07,2.11660895532027e-05,-1.24757304688421e-07,-0.000460563351779935,-5.95307781572447e-09,-2.19765431934027e-05,-3.09409782004891e-07,0.000478143157478845
62502.5806223305,-4.27250811047799e-07,2.10203411080877e-05,-1.23044890374705e-07,-0.000457391244902159,-5.87136509290611e-09,-2.18251810270715e-05,-3.0516242094277e-07,0.00047485000615012
62936.0452953524,-4.21385950550608e-07,2.08755958619644e-05,-1.21355978290704e-07,-0.000454240986166417,-5.7907738728407e-09,-2.16748613764348e-05,-3.00973364555837e-07,0.00047157953593688
63372.5161102152,-4.1560159476995e-07,2.07318469182705e-05,-1.19690245940264e-07,-0.000451112425083335,-5.71128876560074e-09,-2.1525577060745e-05,-2.96841812483479e-07,0.000468331590627232
63812.0139149584,-4.09896638704469e-07,2.0589087427679e-05,-1.18047375250788e-07,-0.000448005412200286,-5.63289459237662e-09,-2.13773209487224e-05,-2.92766975351712e-07,0.000465106015085143
64254.5597022062,-4.04269992518428e-07,2.04473105877788e-05,-1.16427052512602e-07,-0.000444919799094233,-5.5555763825823e-09,-2.1230085958214e-05,-2.88748074622361e-07,0.000461902655243028
64700.1746101695,-3.9872058133362e-07,2.03065096427563e-05,-1.14828968319166e-07,-0.000441855438364644,-5.47931937100097e-09,-2.10838650558548e-05,-2.84784342444329e-07,0.000458721358094392
65148.8799236562,-3.93247345024112e-07,2.01666778830801e-05,-1.13252817508079e-07,-0.000438812183626432,-5.40410899496948e-09,-2.0938651256732e-05,-2.80875021506885e-07,0.000455561971686523
65600.697075087,-3.8784923801383e-07,2.00278086451873e-05,-1.11698299102916e-07,-0.000435789889502968,-5.32993089160157e-09,-2.07944376240507e-05,-2.77019364894987e-07,0.000452424345113234
66055.6476455202,-3.8252522907689e-07,1.98898953111715e-05,-1.10165116255844e-07,-0.000432788411619121,-5.25677089504886e-09,-2.06512172688023e-05,-2.73216635946574e-07,0.000449308328507655
66513.7533656814,-3.77274301140697e-07,1.97529313084735e-05,-1.08652976191031e-07,-0.000429807606594365,-5.18461503379966e-09,-2.05089833494355e-05,-2.69466108111833e-07,0.00044621377303508
66975.0361170023,-3.72095451091722e-07,1.96169101095739e-05,-1.0716159014883e-07,-0.000426847332035912,-5.11344952801443e-09,-2.03677290715287e-05,-2.6576706481438e-07,0.000443140530885852
67439.5179326655,-3.6698768958396e-07,1.94818252316873e-05,-1.05690673330722e-07,-0.000423907446531917,-5.043260786898e-09,-2.02274476874657e-05,-2.62118799314365e-07,0.000440088455268311
67907.2209986571,-3.61950040850002e-07,1.93476702364588e-05,-1.04239944845018e-07,-0.000420987809644705,-4.97403540610752e-09,-2.0088132496113e-05,-2.58520614573435e-07,0.000437057400401774
68378.167654826,-3.56981542514712e-07,1.92144387296627e-05,-1.02809127653302e-07,-0.00041808828190407,-4.90576016519631e-09,-1.99497768424994e-05,-2.54971823121577e-07,0.000434047221509584
68852.3803959518,-3.52081245411442e-07,1.90821243609027e-05,-1.01397948517604e-07,-0.000415208724800595,-4.8384220250921e-09,-1.98123741174976e-05,-2.51471746925761e-07,0.000431057774812184
69329.8818728181,-3.47248213400793e-07,1.89507208233146e-05,-1.00006137948307e-07,-0.000412349000779039,-4.77200812561048e-09,-1.9675917757509e-05,-2.48019717260407e-07,0.00042808891752026
69810.6948932956,-3.42481523191832e-07,1.88202218532704e-05,-9.86334301527506e-08,-0.000409508973231755,-4.70650578300185e-09,-1.95404012441493e-05,-2.44615074579619e-07,0.000425140507827914
70294.8424234306,-3.37780264165792e-07,1.86906212300851e-05,-9.72795629845541e-08,-0.000406688506492168,-4.64190248753235e-09,-1.94058181039371e-05,-2.41257168391179e-07,0.000422212404905896
70782.3475885425,-3.33143538202165e-07,1.85619127757242e-05,-9.59442778936231e-08,-0.000403887465828276,-4.57818590109763e-09,-1.92721619079846e-05,-2.37945357132261e-07,0.000419304468894874
71273.2336743282,-3.285704595072e-07,1.8434090354515e-05,-9.46273198768472e-08,-0.000401105717436224,-4.51534385486963e-09,-1.91394262716902e-05,-2.34679008046869e-07,0.000416416560898761
71767.5241279742,-3.24060154444736e-07,1.83071478728577e-05,-9.33284374294672e-08,-0.000398343128433897,-4.4533643469752e-09,-1.90076048544332e-05,-2.31457497064934e-07,0.000413548542978071
72265.2425592773,-3.19611761369372e-07,1.81810792789399e-05,-9.20473824971124e-08,-0.000395599566854572,-4.39223554020684e-09,-1.88766913592708e-05,-2.2828020868309e-07,0.000410700278143342
72766.4127417709,-3.1522443046192e-07,1.80558785624527e-05,-9.07839104284937e-08,-0.000392874901640609,-4.33194575976469e-09,-1.87466795326376e-05,-2.25146535847078e-07,0.000407871630348585
73271.058613862,-3.10897323567107e-07,1.79315397543081e-05,-8.95377799287423e-08,-0.000390169002637187,-4.27248349102938e-09,-1.86175631640456e-05,-2.22055879835763e-07,0.00040506246448479
73779.2042799737,-3.06629614033516e-07,1.78080569263589e-05,-8.83087530133917e-08,-0.000387481740586082,-4.21383737736554e-09,-1.84893360857886e-05,-2.19007650146749e-07,0.000402272646373475
74290.8740116972,-3.02420486555713e-07,1.76854241911202e-05,-8.70965949629841e-08,-0.000384812987119485,-4.15599621795515e-09,-1.83619921726464e-05,-2.16001264383555e-07,0.000399502042760272
74806.0922489501,-2.9826913701855e-07,1.75636357014928e-05,-8.5901074278306e-08,-0.000382162614753874,-4.09894896566095e-09,-1.82355253415927e-05,-2.13036148144354e-07,0.000396750521308568
75324.8836011454,-2.94174772343592e-07,1.74426856504881e-05,-8.47219626362284e-08,-0.00037953049688391,-4.0426847249187e-09,-1.81099295515039e-05,-2.1011173491222e-07,0.000394017950593182
75847.2728483651,-2.90136610337663e-07,1.73225682709558e-05,-8.355903484616e-08,-0.000376916507776393,-3.98719274965868e-09,-1.79851988028707e-05,-2.07227465946901e-07,0.000391304200094088
76373.2849425456,-2.86153879543457e-07,1.72032778353119e-05,-8.24120688070897e-08,-0.000374320522564249,-3.93246244125538e-09,-1.78613271375112e-05,-2.04382790178064e-07,0.000388609140190181
76902.9450086679,-2.82225819092213e-07,1.70848086552701e-05,-8.12808454652238e-08,-0.000371742417240563,-3.87848334650553e-09,-1.7738308638286e-05,-2.01577164100009e-07,0.000385932642153091
77436.2783459591,-2.78351678558395e-07,1.69671550815738e-05,-8.01651487721979e-08,-0.000369182068652649,-3.82524515563359e-09,-1.76161374288158e-05,-1.98810051667834e-07,0.000383274578141025
77973.3104290997,-2.74530717816386e-07,1.68503115037305e-05,-7.9064765643866e-08,-0.000366639354496165,-3.77273770032481e-09,-1.74948076732e-05,-1.96080924195016e-07,0.000380634821192671
78514.0669094413,-2.70762206899124e-07,1.67342723497474e-05,-7.79794859196501e-08,-0.000364114153309268,-3.72095095178501e-09,-1.73743135757382e-05,-1.93389260252404e-07,0.000378013245221127
79058.5736162311,-2.67045425858698e-07,1.661903208587e-05,-7.69091023224499e-08,-0.00036160634446681,-3.66987501882716e-09,-1.7254649380653e-05,-1.90734545568598e-07,0.000375409725007886
79606.8565578463,-2.63379664628847e-07,1.65045852163205e-05,-7.58534104190996e-08,-0.000359115808174565,-3.61950014598399e-09,-1.7135809371815e-05,-1.88116272931692e-07,0.000372824136196848
80158.9419230357,-2.59764222889346e-07,1.63909262830399e-05,-7.48122085813677e-08,-0.000356642425463516,-3.56981671164662e-09,-1.70177878724698e-05,-1.85533942092371e-07,0.000370256355288386
80714.8560821713,-2.56198409932253e-07,1.62780498654305e-05,-7.37852979474897e-08,-0.000354186078184154,-3.52081522622858e-09,-1.6900579244966e-05,-1.82987059668332e-07,0.000367706259633444
81274.6255885071,-2.52681544529997e-07,1.61659505801007e-05,-7.27724823842297e-08,-0.000351746649000844,-3.47248633035508e-09,-1.67841778904866e-05,-1.80475139050025e-07,0.000365173727427683
81838.2771794484,-2.49212954805263e-07,1.60546230806113e-05,-7.17735684494598e-08,-0.000349324021386208,-3.42482079307697e-09,-1.66685782487811e-05,-1.77997700307676e-07,0.000362658637705658
82405.8377778279,-2.45791978102677e-07,1.59440620572237e-05,-7.07883653552549e-08,-0.000346918079615561,-3.37780951010939e-09,-1.65537747978997e-05,-1.75554270099602e-07,0.000360160870335047
82977.3344931927,-2.42417960862238e-07,1.58342622366494e-05,-6.98166849314887e-08,-0.000344528708761378,-3.33144350209428e-09,-1.64397620539292e-05,-1.73144381581768e-07,0.000357680306010907
83552.7946230977,-2.39090258494501e-07,1.57252183818017e-05,-6.88583415899341e-08,-0.000342155794687801,-3.28571391288699e-09,-1.63265345707314e-05,-1.70767574318599e-07,0.000355216826249981
84132.2456544116,-2.35808235257459e-07,1.56169252915485e-05,-6.79131522888508e-08,-0.000339799224045182,-3.24061200786611e-09,-1.62140869396827e-05,-1.68423394195009e-07,0.000352770313385037
84715.7152646274,-2.3257126413512e-07,1.55093778004673e-05,-6.69809364980611e-08,-0.000337458884264674,-3.19612917226667e-09,-1.61024137894153e-05,-1.66111393329636e-07,0.000350340650559246
85303.2313231867,-2.29378726717751e-07,1.54025707786014e-05,-6.60615161645015e-08,-0.000335134663552838,-3.15225690953605e-09,-1.59915097855607e-05,-1.63831129989279e-07,0.000347927721720603
85894.8218928089,-2.2623001308377e-07,1.52964991312178e-05,-6.51547156782512e-08,-0.000332826450886313,-3.10898683971254e-09,-1.5881369630495e-05,-1.61582168504493e-07,0.000345531411616387
86490.5152308334,-2.23124521683241e-07,1.51911577985671e-05,-6.42603618390191e-08,-0.000330534136006501,-3.06631069782597e-09,-1.57719880630855e-05,-1.59364079186357e-07,0.000343151605787647
87090.3397905676,-2.20061659222991e-07,1.50865417556446e-05,-6.33782838230975e-08,-0.000328257609414303,-3.02422033232046e-09,-1.56633598584392e-05,-1.57176438244377e-07,0.000340788190563749
87694.3242226474,-2.17040840553281e-07,1.49826460119529e-05,-6.25083131507618e-08,-0.000325996762364881,-2.98270770349858e-09,-1.55554798276533e-05,-1.55018827705519e-07,0.000338441053056931
88302.4973764047,-2.14061488556055e-07,1.48794656112668e-05,-6.16502836541233e-08,-0.000323751486862468,-2.941764881987e-09,-1.54483428175671e-05,-1.52890835334351e-07,0.000336110081156927
88914.8883012464,-2.11123034034696e-07,1.47769956313988e-05,-6.08040314454173e-08,-0.000321521675655197,-2.90138404722311e-09,-1.53419437105158e-05,-1.50792054554282e-07,0.000333795163525599
89531.5262480405,-2.08224915605323e-07,1.46752311839671e-05,-5.99693948857298e-08,-0.000319307222229988,-2.86155748596237e-09,-1.52362774240862e-05,-1.48722084369885e-07,0.000331496189591631
90152.440670515,-2.05366579589554e-07,1.45741674141642e-05,-5.91462145541492e-08,-0.000317108020807444,-2.82227759080612e-09,-1.51313389108732e-05,-1.46680529290279e-07,0.000329213049545235
90777.661226663,-2.02547479908758e-07,1.44737995005282e-05,-5.8334333217345e-08,-0.000314923966336808,-2.78353685874966e-09,-1.50271231582392e-05,-1.44666999253576e-07,0.00032694563433292
91407.217780161,-1.99767077979749e-07,1.43741226547147e-05,-5.75335957995586e-08,-0.000312754954490934,-2.74532788975006e-09,-1.49236251880744e-05,-1.42681109552347e-07,0.000324693835652273
92041.1404017939,-1.97024842611919e-07,1.42751321212704e-05,-5.67438493530104e-08,-0.000310600881661309,-2.70764338531382e-09,-1.48208400565586e-05,-1.40722480760129e-07,0.000322457545946791
92679.4593708925,-1.94320249905769e-07,1.41768231774085e-05,-5.59649430287081e-08,-0.000308461644953092,-2.67047614710366e-09,-1.47187628539254e-05,-1.38790738658924e-07,0.000320236658400742
93322.2051767786,-1.91652783152849e-07,1.40791911327859e-05,-5.51967280476589e-08,-0.000306337142180207,-2.63381907556467e-09,-1.46173887042274e-05,-1.36885514167713e-07,0.000318031066934066
93969.4085202226,-1.89021932737061e-07,1.39822313292807e-05,-5.44390576724729e-08,-0.000304227271860452,-2.597665168569e-09,-1.45167127651032e-05,-1.35006443271928e-07,0.000315840666197305
94621.1003149089,-1.86427196037315e-07,1.38859391407724e-05,-5.36917871793586e-08,-0.000302131933210657,-2.56200752007945e-09,-1.4416730227546e-05,-1.33153166953916e-07,0.000313665351566572
95277.3116889132,-1.83868077331529e-07,1.37903099729234e-05,-5.29547738305e-08,-0.000300051026141858,-2.52683931883105e-09,-1.43174363156738e-05,-1.31325331124334e-07,0.000311505019138557
95938.0739861886,-1.81344087701937e-07,1.36953392629611e-05,-5.22278768468146e-08,-0.000297984451254525,-2.49215384703102e-09,-1.42188262865011e-05,-1.29522586554508e-07,0.00030935956572556
96603.4187680637,-1.78854744941705e-07,1.36010224794627e-05,-5.15109573810826e-08,-0.000295932109833801,-2.45794447907635e-09,-1.41208954297126e-05,-1.27744588809704e-07,0.000307228888850564
97273.3778147489,-1.76399573462822e-07,1.35073551221404e-05,-5.08038784914464e-08,-0.000293893903844796,-2.42420468028907e-09,-1.40236390674377e-05,-1.25990998183321e-07,0.000305112886742345
97947.983126856,-1.73978104205256e-07,1.34143327216288e-05,-5.01065051152714e-08,-0.000291869735927893,-2.39092800566877e-09,-1.39270525540272e-05,-1.24261479631991e-07,0.000303011458330602
98627.2669269249,-1.71589874547363e-07,1.33219508392733e-05,-4.94187040433678e-08,-0.000289859509394101,-2.35810809866234e-09,-1.38311312758314e-05,-1.22555702711563e-07,0.000300924503241138
99311.2616609643,-1.69234428217513e-07,1.32302050669199e-05,-4.87403438945624e-08,-0.000287863128220431,-2.32573868995047e-09,-1.37358706509793e-05,-1.20873341513968e-07,0.00029885192179106
100000,-1.66911315206944e-07,1.31390910267069e-05,-4.8071295090623e-08,-0.000285880497045314,-2.29381359625088e-09,-1.36412661291602e-05,-1.19214074604957e-07,0.000296793614984025
