Frequency_Hz,Y11_Real,Y11_Imag,Y12_Real,Y12_Imag,Y21_Real,Y21_Imag,Y22_Real,Y22_Imag
0.1,0.339427839854705,-0.0049119569976347,-1.15871867999707,0.000774386886629097,-0.158691645501233,0.000773988884663516,-0.486071252992839,-0.000117882583564329
0.100693514841637,0.339427455622298,-0.00494604337395405,-1.1587191754849,0.000779775175269164,-0.158691764883076,0.000779368847375645,-0.48607231746885,-0.000118646434676385
0.10139183931163,0.339427065989316,-0.00498036658544846,-1.15871967784441,0.000785201203959161,-0.158691885906564,0.000784786376137291,-0.48607339669046,-0.000119414461824795
0.102095006765465,0.339426670879123,-0.00501492828372084,-1.15872018717055,0.000790665242163282,-0.158692008593989,0.000790241736782269,-0.486074490860942,-0.000120186670592236
0.102803050789954,0.339426270213978,-0.00504973013201471,-1.15872070355958,0.000796167561374649,-0.158692132967938,0.000795735197097817,-0.486075600186345,-0.000120963066114279
0.103516005204838,0.339425863915015,-0.00508477380529884,-1.15872122710907,0.000801708435132734,-0.158692259051297,0.000801267026840406,-0.486076724875528,-0.0001217436530663
0.104233904064403,0.339425451902229,-0.00512006099035236,-1.15872175791794,0.000807288139040879,-0.158692386867253,0.000806837497751697,-0.4860778651402,-0.000122528435650054
0.104956781659108,0.339425034094457,-0.00515559338585054,-1.15872229608645,0.000812906950784082,-0.158692516439299,0.000812446883574647,-0.486079021194958,-0.000123317417579927
0.105684672517218,0.339424610409358,-0.00519137270245126,-1.15872284171626,0.000818565150146871,-0.15869264779124,0.00081809546006979,-0.486080193257324,-0.000124110602068829
0.106417611406461,0.339424180763401,-0.00522740066288227,-1.15872339491039,0.000824263019031456,-0.158692780947191,0.000823783505031658,-0.486081381547785,-0.000124907991813965
0.10715563333568,0.339423745071846,-0.00526367900202896,-1.1587239557733,0.000830000841476108,-0.158692915931587,0.000829511298305393,-0.486082586289831,-0.000125709588982025
0.107898773556513,0.33942330324872,-0.00530020946702283,-1.15872452441086,0.000835778903673604,-0.158693052769183,0.000835279121803496,-0.48608380771,-0.000126515395194239
0.108647067565072,0.339422855206806,-0.00533699381733085,-1.15872510093041,0.000841597493990025,-0.158693191485061,0.000841087259522759,-0.48608504603791,-0.000127325411511024
0.109400551103639,0.33942240085762,-0.00537403382484533,-1.15872568544074,0.000847456902983677,-0.158693332104629,0.000846935997561373,-0.486086301506309,-0.000128139638416236
0.110159260162376,0.339421940111393,-0.00541133127397457,-1.15872627805214,0.000853357423424211,-0.158693474653633,0.000852825624136183,-0.48608757435111,-0.000128958075801267
0.11092323098104,0.339421472877053,-0.00544888796173417,-1.15872687887641,0.000859299350312037,-0.158693619158151,0.000858756429600151,-0.486088864811437,-0.000129780722948447
0.111692500050717,0.339420999062201,-0.00548670569783919,-1.15872748802686,0.000865282980897858,-0.158693765644607,0.000864728706459959,-0.486090173129665,-0.000130607578514498
0.112467104115564,0.339420518573098,-0.00552478630479686,-1.15872810561839,0.000871308614702474,-0.158693914139768,0.000870742749393819,-0.486091499551466,-0.00013143864051321
0.113247080174565,0.339420031314636,-0.00556313161800023,-1.15872873176743,0.00087737655353682,-0.158694064670752,0.000876798855269454,-0.486092844325848,-0.000132273906298108
0.114032465483296,0.339419537190326,-0.00560174348582232,-1.15872936659203,0.000883487101522196,-0.158694217265031,0.000882897323162253,-0.486094207705207,-0.000133113372544402
0.114823297555707,0.339419036102273,-0.00564062376971134,-1.15873001021183,0.00088964056511074,-0.158694371950435,0.000889038454373644,-0.486095589945362,-0.000133957035230746
0.115619614165913,0.339418527951152,-0.0056797743442862,-1.15873066274812,0.000895837253106109,-0.158694528755157,0.000895222552449585,-0.486096991305608,-0.000134804889620602
0.116421453349997,0.33941801263619,-0.00571919709743338,-1.15873132432385,0.00090207747668446,-0.158694687707756,0.000901449923199355,-0.48609841204876,-0.000135656930243026
0.117228853407829,0.339417490055146,-0.00575889393040397,-1.15873199506364,0.000908361549415568,-0.158694848837165,0.000907720874714419,-0.486099852441198,-0.000136513150873228
0.118041852904894,0.339416960104283,-0.00579886675791189,-1.15873267509381,0.000914689787284324,-0.15869501217269,0.000914035717387576,-0.486101312752914,-0.000137373544512535
0.118860490674132,0.339416422678349,-0.00583911750823277,-1.15873336454242,0.000921062508712305,-0.158695177744019,0.000920394763932267,-0.486102793257561,-0.000138238103368056
0.1196848058178,0.339415877670552,-0.00587964812330364,-1.15873406353925,0.000927480034579761,-0.158695345581224,0.000926798329402103,-0.486104294232503,-0.000139106818831822
0.120514837709331,0.339415324972541,-0.00592046055882329,-1.15873477221587,0.000933942688247754,-0.158695515714769,0.000933246731210562,-0.486105815958858,-0.000139979681459457
0.12135062599522,0.339414764474374,-0.00596155678435366,-1.15873549070566,0.000940450795580541,-0.158695688175509,0.000939740289150929,-0.486107358721555,-0.000140856680948466
0.122192210596917,0.339414196064503,-0.00600293878342182,-1.15873621914377,0.000947004684968316,-0.158695862994699,0.000946279325416439,-0.486108922809377,-0.000141737806115962
0.123039631712731,0.339413619629741,-0.00604460855362296,-1.15873695766724,0.000953604687350135,-0.158696040203999,0.000952864164620613,-0.486110508515015,-0.000142623044875917
0.123892929819754,0.339413035055245,-0.00608656810672409,-1.15873770641496,0.000960251136237111,-0.158696219835474,0.000959495133817824,-0.486112116135122,-0.000143512384216032
0.124752145675793,0.339412442224484,-0.00612881946876862,-1.15873846552771,0.000966944367735912,-0.158696401921605,0.000966172562524088,-0.48611374597036,-0.000144405810173935
0.125617320321316,0.339411841019214,-0.0061713646801817,-1.15873923514818,0.00097368472057251,-0.15869658649529,0.000972896782738038,-0.486115398325455,-0.000145303307812962
0.126488495081411,0.339411231319458,-0.00621420579587663,-1.15874001542101,0.000980472536116241,-0.158696773589849,0.000979668128962192,-0.486117073509249,-0.000146204861197409
0.127365711567764,0.33941061300347,-0.00625734488536183,-1.15874080649283,0.000987308158404112,-0.158696963239031,0.000986486938224355,-0.486118771834755,-0.000147110453367273
0.128249011680643,0.339409985947717,-0.00630078403284895,-1.15874160851222,0.000994191934165441,-0.158697155477017,0.000993353550099343,-0.486120493619213,-0.000148020066312288
0.129138437610901,0.339409350026843,-0.00634452533736165,-1.15874242162982,0.0010011242128467,-0.158697350338424,0.00100026830673087,-0.486122239184142,-0.000148933680945672
0.130034031841991,0.339408705113647,-0.00638857091284541,-1.1587432459983,0.00100810534663681,-0.158697547858315,0.00100723155285371,-0.486124008855396,-0.000149851277077048
0.130935837151994,0.339408051079051,-0.00643292288827818,-1.15874408177241,0.00101513569049255,-0.158697748072197,0.0010142436358161,-0.486125802963224,-0.000150772833384966
0.131843896615665,0.339407387792076,-0.00647758340778186,-1.158744929109,0.00102221560216443,-0.158697951016033,0.00102130490560234,-0.486127621842323,-0.000151698327388684
0.132758253606487,0.339406715119804,-0.00652255463073479,-1.15874578816705,0.0010293454422228,-0.158698156726243,0.00102841571485569,-0.486129465831899,-0.000152627735419505
0.133678951798747,0.339406032927356,-0.00656783873188514,-1.15874665910771,0.00103652557408423,-0.15869836523971,0.0010355764189015,-0.486131335275723,-0.000153561032591364
0.134606035169616,0.339405341077859,-0.0066134379014652,-1.15874754209431,0.00104375636403838,-0.158698576593784,0.0010427873757706,-0.486133230522194,-0.000154498192770795
0.135539548001256,0.339404639432412,-0.00665935434530663,-1.15874843729239,0.00105103818127497,-0.158698790826293,0.00105004894622292,-0.486135151924394,-0.000155439188546401
0.136479534882933,0.33940392785006,-0.0067055902849565,-1.15874934486974,0.00105837139791122,-0.158699007975539,0.00105736149377137,-0.486137099840153,-0.000156383991197481
0.137426040713143,0.339403206187758,-0.00675214795779469,-1.15875026499643,0.00106575638901965,-0.158699228080311,0.00106472538470607,-0.486139074632106,-0.000157332570662104
0.138379110701763,0.339402474300338,-0.0067990296171517,-1.15875119784483,0.00107319353265609,-0.158699451179889,0.00107214098811869,-0.486141076667763,-0.000158284895504457
0.139338790372205,0.339401732040479,-0.00684623753242789,-1.15875214358965,0.00108068320988812,-0.158699677314047,0.00107960867592719,-0.486143106319561,-0.000159240932881548
0.140305125563594,0.339400979258674,-0.00689377398921348,-1.15875310240797,0.0010882258048239,-0.158699906523059,0.00108712882290082,-0.486145163964937,-0.0001602006485091
0.141278162432955,0.33940021580319,-0.00694164128940952,-1.15875407447925,0.00109582170464128,-0.158700138847706,0.00109470180668532,-0.486147249986386,-0.000161164006626864
0.14225794745742,0.339399441520038,-0.00698984175135007,-1.15875505998541,0.00110347129961725,-0.158700374329281,0.00110232800782849,-0.486149364771532,-0.000162130969963051
0.143244527436446,0.339398656252938,-0.00703837770992503,-1.15875605911079,0.00111117498315788,-0.158700613009596,0.00111000780980598,-0.486151508713188,-0.000163101499698122
0.14423794949405,0.33939785984328,-0.00708725151670434,-1.15875707204226,0.00111893315182847,-0.158700854930982,0.00111774159904742,-0.486153682209426,-0.000164075555427759
0.145238261081064,0.33939705213009,-0.0071364655400631,-1.15875809896921,0.00112674620538424,-0.158701100136304,0.00112552976496283,-0.486155885663644,-0.000165053095125024
0.146245509977397,0.339396232949991,-0.00718602216530758,-1.15875914008356,0.00113461454680128,-0.158701348668956,0.00113337269996931,-0.486158119484633,-0.000166034075101809
0.147259744294318,0.339395402137166,-0.00723592379480245,-1.15876019557986,0.00114253858230795,-0.158701600572878,0.00114127079951806,-0.486160384086648,-0.000167018449969414
0.148281012476756,0.33939455952332,-0.00728617284809893,-1.15876126565528,0.00115051872141662,-0.15870185589255,0.00114922446212164,-0.486162679889476,-0.000168006172598253
0.149309363305612,0.33939370493764,-0.00733677176206424,-1.15876235050962,0.00115855537695594,-0.158702114673009,0.00115723408938169,-0.486165007318507,-0.000168997194076807
0.150344845900091,0.339392838206756,-0.00738772299101183,-1.15876345034541,0.00116664896510331,-0.158702376959845,0.00116530008601677,-0.486167366804807,-0.000169991463669722
0.151387509720044,0.339391959154699,-0.00743902900683287,-1.15876456536791,0.00117479990541798,-0.158702642799216,0.00117342285989069,-0.486169758785187,-0.000170988928774832
0.152437404568337,0.339391067602862,-0.00749069229912879,-1.15876569578513,0.00118300862087443,-0.158702912237846,0.00118160282204105,-0.486172183702278,-0.00017198953487952
0.153494580593225,0.339390163369958,-0.00754271537534506,-1.15876684180788,0.00119127553789622,-0.158703185323035,0.00118984038670817,-0.486174642004605,-0.000172993225516116
0.154559088290748,0.339389246271973,-0.00759510076090582,-1.15876800364983,0.00119960108639024,-0.158703462102666,0.00119813597136434,-0.486177134146662,-0.00017399994221623
0.155630978507143,0.339388316122131,-0.00764785099934983,-1.15876918152751,0.00120798569978153,-0.158703742625207,0.0012064899967434,-0.486179660588986,-0.000175009624464234
0.156710302441275,0.339387372730839,-0.00770096865246759,-1.15877037566038,0.00121642981504834,-0.15870402693972,0.00121490288687068,-0.486182221798233,-0.000176022209649768
0.15779711164708,0.339386415905655,-0.00775445630043939,-1.15877158627083,0.00122493387275776,-0.158704315095866,0.00122337506909322,-0.486184818247258,-0.000177037633019274
0.158891458036027,0.339385445451229,-0.00780831654197492,-1.15877281358425,0.00123349831710191,-0.158704607143912,0.00123190697411051,-0.486187450415192,-0.000178055827626457
0.159993393879601,0.339384461169268,-0.00786255199445353,-1.15877405782906,0.00124212359593434,-0.158704903134737,0.00124049903600535,-0.486190118787518,-0.000179076724281808
0.161102971811794,0.339383462858482,-0.0079171652940661,-1.15877531923675,0.00125081016080716,-0.158705203119835,0.00124915169227532,-0.486192823856154,-0.000180100251500906
0.162220244831628,0.339382450314539,-0.00797215909595793,-1.15877659804192,0.00125955846700851,-0.158705507151327,0.00125786538386438,-0.486195566119533,-0.000181126335451968
0.163345266305675,0.339381423330013,-0.00802753607437287,-1.1587778944823,0.00126836897360055,-0.15870581528196,0.00126664055519508,-0.486198346082686,-0.000182154899901865
0.164478089970617,0.339380381694338,-0.00808329892279854,-1.15877920879883,0.00127724214345792,-0.15870612756512,0.00127547765420094,-0.486201164257318,-0.00018318586616152
0.165618769935804,0.339379325193755,-0.0081394503541131,-1.15878054123565,0.00128617844330681,-0.158706444054833,0.00128437713235935,-0.4862040211619,-0.000184219153029713
0.166767360685846,0.339378253611263,-0.00819599310073278,-1.15878189204022,0.00129517834376443,-0.158706764805775,0.00129333944472482,-0.486206917321749,-0.000185254676736087
0.167923917083208,0.339377166726564,-0.00825292991476122,-1.15878326146325,0.00130424231937903,-0.158707089873276,0.00130236504996258,-0.486209853269112,-0.000186292350882751
0.169088494370839,0.339376064316008,-0.00831026356813955,-1.15878464975887,0.00131337084867042,-0.158707419313326,0.00131145441038267,-0.486212829543253,-0.000187332086384821
0.170261148174801,0.339374946152545,-0.00836799685279811,-1.15878605718455,0.00132256441417118,-0.158707753182581,0.00132060799197438,-0.486215846690541,-0.000188373791409673
0.171441934506935,0.339373812005666,-0.00842613258080931,-1.15878748400124,0.00133182350246819,-0.158708091538374,0.00132982626444105,-0.486218905264539,-0.000189417371314886
0.172630909767531,0.339372661641344,-0.00848467358454172,-1.15878893047337,0.00134114860424487,-0.158708434438712,0.00133910970123544,-0.486222005826088,-0.000190462728585063
0.173828130748022,0.339371494821984,-0.00854362271681568,-1.15879039686889,0.0013505402143239,-0.158708781942291,0.00134845877959538,-0.4862251489434,-0.0001915097627673
0.1750336546337,0.339370311306357,-0.00860298285105998,-1.15879188345932,0.00135999883171059,-0.158709134108499,0.00135787398057989,-0.486228335192151,-0.000192558370405251
0.176247539006444,0.339369110849547,-0.00866275688147012,-1.15879339051983,0.00136952495963677,-0.158709490997421,0.00136735578910579,-0.486231565155566,-0.000193608444971856
0.177469841847474,0.339367893202888,-0.00872294772316775,-1.15879491832924,0.00137911910560523,-0.158709852669846,0.0013769046939847,-0.48623483942452,-0.000194659876800958
0.178700621540116,0.339366658113902,-0.00878355831236139,-1.15879646717008,0.00138878178143491,-0.158710219187273,0.00138652118796047,-0.486238158597621,-0.000195712553017105
0.179939936872594,0.339365405326238,-0.00884459160650895,-1.15879803732863,0.0013985135033065,-0.15871059061192,0.00139620576774714,-0.486241523281316,-0.00019676635746424
0.181187847040838,0.33936413457961,-0.00890605058448096,-1.15879962909502,0.00140831479180879,-0.158710967006726,0.00140595893406728,-0.486244934089977,-0.000197821170632856
0.182444411651309,0.339362845609727,-0.00896793824672588,-1.15880124276321,0.0014181861719856,-0.15871134843536,0.00141578119169086,-0.486248391646002,-0.000198876869585536
0.183709690723849,0.339361538148234,-0.00903025761543638,-1.15880287863105,0.00142812817338343,-0.158711734962224,0.00142567304947458,-0.486251896579912,-0.000199933327881326
0.184983744694544,0.339360211922639,-0.00909301173471711,-1.15880453700038,0.00143814133009949,-0.158712126652466,0.00143563502040161,-0.486255449530448,-0.000200990415498148
0.186266634418617,0.339358866656249,-0.00915620367075401,-1.15880621817703,0.00144822618083079,-0.158712523571976,0.00144566762162197,-0.48625905114467,-0.000202047998753896
0.187558421173328,0.3393575020681,-0.00921983651198513,-1.15880792247087,0.00145838326892353,-0.158712925787402,0.00145577137449325,-0.486262702078058,-0.000203105940225962
0.188859166660905,0.339356117872882,-0.00928391336927263,-1.15880965019592,0.00146861314242335,-0.15871333336615,0.00146594680462192,-0.486266402994615,-0.00020416409866908
0.190168933011491,0.339354713780874,-0.00934843737607658,-1.15881140167031,0.00147891635412628,-0.15871374637639,0.00147619444190512,-0.486270154566964,-0.000205222328931422
0.191487782786108,0.339353289497867,-0.00941341168862982,-1.15881317721642,0.00148929346163024,-0.158714164887068,0.00148651482057298,-0.486273957476458,-0.000206280481869138
0.192815778979652,0.339351844725086,-0.00947883948611503,-1.15881497716086,0.00149974502738741,-0.158714588967903,0.00149690847923147,-0.486277812413277,-0.000207338404259169
0.194152985023894,0.339350379159123,-0.0095447239708424,-1.15881680183459,0.00151027161875727,-0.158715018689401,0.00150737596090573,-0.48628172007654,-0.000208395938710172
0.195499464790516,0.339348892491852,-0.00961106836842955,-1.15881865157291,0.00152087380806021,-0.158715454122857,0.00151791781308402,-0.486285681174403,-0.000209452923571919
0.196855282594159,0.339347384410352,-0.00967787592798285,-1.15882052671558,0.00153155217263221,-0.158715895340358,0.00152853458776215,-0.486289696424176,-0.000210509192842656
0.198220503195496,0.339345854596828,-0.00974514992227976,-1.1588224276068,0.00154230729487991,-0.158716342414797,0.00153922684148849,-0.486293766552421,-0.00021156457607463
0.199595191804325,0.339344302728532,-0.00981289364795358,-1.15882435459535,0.00155313976233671,-0.158716795419869,0.00154999513540955,-0.486297892295069,-0.000212618898277873
0.200979414082682,0.339342728477674,-0.00988111042567904,-1.15882630803457,0.00156405016771951,-0.158717254430086,0.00156084003531609,-0.486302074397524,-0.000213671979821958
0.202373236147981,0.339341131511341,-0.00994980360035999,-1.15882828828246,0.00157503910898622,-0.158717719520775,0.00157176211168985,-0.48630631361478,-0.000214723636335894
0.203776724576168,0.339339511491413,-0.0100189765413184,-1.15883029570173,0.00158610718939428,-0.158718190768087,0.0015827619397509,-0.486310610711525,-0.000215773678605834
0.205189946404906,0.33933786807447,-0.0100886326424849,-1.15883233065985,0.0015972550175596,-0.158718668249001,0.00159384009950544,-0.486314966462263,-0.000216821912471014
0.206612969136771,0.339336200911706,-0.0101587753225915,-1.15883439352913,0.00160848320751672,-0.158719152041333,0.00160499717579437,-0.486319381651421,-0.000217868138717478
0.208045860742482,0.33933450964884,-0.0102294080253653,-1.15883648468675,0.00161979237877957,-0.158719642223736,0.00161623375834235,-0.486323857073467,-0.000218912152969715
0.209488689664142,0.339332793926017,-0.0103005342197241,-1.15883860451482,0.00163118315640314,-0.158720138875708,0.00162755044180759,-0.486328393533025,-0.000219953745580176
0.210941524818514,0.339331053377721,-0.0103721573999739,-1.15884075340049,0.00164265617104607,-0.158720642077598,0.00163894782583211,-0.486332991844994,-0.000220992701516654
0.212404435600306,0.339329287632673,-0.0104442810860075,-1.15884293173595,0.0016542120590339,-0.158721151910608,0.0016504265150928,-0.486337652834661,-0.000222028800247381
0.21387749188549,0.339327496313739,-0.0105169088235058,-1.15884513991852,0.00166585146242357,-0.1587216684568,0.00166198711935302,-0.486342377337825,-0.000223061815623857
0.215360764034637,0.339325679037824,-0.0105900441841395,-1.15884737835071,0.00167757502906844,-0.158722191799101,0.00167363025351488,-0.486347166200914,-0.000224091515761554
0.21685432289628,0.339323835415776,-0.0106636907657739,-1.1588496474403,0.00168938341268456,-0.158722722021305,0.00168535653767225,-0.486352020281106,-0.000225117662917912
0.218358239810298,0.339321965052279,-0.0107378521926742,-1.15885194760037,0.00170127727291744,-0.158723259208082,0.00169716659716423,-0.486356940446451,-0.000226140013368514
0.21987258661132,0.339320067545749,-0.0108125321157133,-1.15885427924939,0.00171325727541029,-0.158723803444977,0.00170906106262963,-0.486361927575994,-0.000227158317280193
0.22139743563216,0.339318142488229,-0.0108877342125813,-1.15885664281127,0.00172532409187281,-0.158724354818418,0.00172104057006183,-0.486366982559899,-0.000228172318582201
0.222932859707273,0.339316189465276,-0.0109634621879963,-1.15885903871544,0.00173747840015107,-0.158724913415718,0.00173310576086451,-0.486372106299571,-0.000229181754834565
0.224478932176229,0.339314208055851,-0.0110397197739178,-1.1588614673969,0.0017497208842985,-0.158725479325082,0.00174525728190805,-0.486377299707783,-0.000230186357094042
0.22603572688722,0.339312197832207,-0.0111165107297609,-1.15886392929632,0.00176205223464758,-0.158726052635606,0.00175749578558661,-0.486382563708805,-0.000231185849777382
0.227603318200585,0.339310158359774,-0.0111938388426131,-1.15886642486005,0.00177447314788291,-0.158726633437283,0.001769821929876,-0.486387899238526,-0.000232179950521952
0.229181780992365,0.339308089197039,-0.0112717079274529,-1.15886895454025,0.001786984327115,-0.158727221821009,0.00178223637839224,-0.486393307244587,-0.000233168370043779
0.230771190657875,0.339305989895426,-0.0113501218273692,-1.15887151879492,0.00179958648195527,-0.15872781787858,0.00179473980045087,-0.486398788686508,-0.000234150811992628
0.23237162311531,0.339303859999178,-0.0114290844137845,-1.15887411808799,0.00181228032859206,-0.158728421702701,0.00180733287112707,-0.486404344535816,-0.000235126972804645
0.233983154809368,0.33930169904523,-0.0115085995866776,-1.15887675288937,0.00182506658986773,-0.158729033386986,0.00182001627131644,-0.486409975776179,-0.000236096541551656
0.235605862714901,0.33929950656308,-0.0115886712748103,-1.15887942367506,0.00183794599535678,-0.158729653025961,0.00183279068779666,-0.486415683403539,-0.000237059199788253
0.237239824340596,0.339297282074666,-0.0116693034359545,-1.15888213092715,0.00185091928144517,-0.158730280715064,0.00184565681328989,-0.486421468426238,-0.000238014621395138
0.238885117732672,0.339295025094228,-0.011750500057122,-1.15888487513399,0.00186398719141074,-0.158730916550652,0.00185861534652595,-0.486427331865158,-0.000238962472420279
0.240541821478611,0.33929273512818,-0.0118322651547959,-1.15888765679017,0.00187715047550469,-0.15873156063,0.00187166699230637,-0.486433274753852,-0.000239902410916509
0.242210014710909,0.33929041167497,-0.0119146027751642,-1.15889047639667,0.00189040989103426,-0.158732213051302,0.00188481246156919,-0.48643929813868,-0.000240834086776082
0.24388977711086,0.339288054224941,-0.0119975169943546,-1.15889333446087,0.00190376620244666,-0.158732873913672,0.00189805247145457,-0.486445403078944,-0.000241757141562382
0.24558118891236,0.339285662260191,-0.0120810119186721,-1.15889623149667,0.00191722018141406,-0.158733543317148,0.00191138774537137,-0.486451590647026,-0.00024267120833818
0.247284330905736,0.339283235254429,-0.0121650916848381,-1.15889916802455,0.00193077260691979,-0.158734221362692,0.00192481901306442,-0.486457861928524,-0.000243575911490643
0.24899928444161,0.339280772672825,-0.0122497604602319,-1.15890214457165,0.0019444242653459,-0.158734908152187,0.00193834701068272,-0.486464218022391,-0.000244470866553229
0.250726131434783,0.339278273971865,-0.0123350224431332,-1.15890516167185,0.00195817595056181,-0.15873560378844,0.00195197248084856,-0.486470660041071,-0.000245355680023943
0.252464954368146,0.339275738599194,-0.0124208818629675,-1.15890821986583,0.00197202846401423,-0.158736308375185,0.0019656961727274,-0.486477189110644,-0.000246229949180457
0.254215836296621,0.339273165993463,-0.0125073429805534,-1.15891131970117,0.00198598261481853,-0.158737022017074,0.00197951884209876,-0.486483806370961,-0.000247093261891582
0.25597886085113,0.339270555584171,-0.0125944100883514,-1.15891446173242,0.00200003921985097,-0.158737744819686,0.00199344125142793,-0.486490512975788,-0.000247945196425237
0.257754112242586,0.339267906791499,-0.0126820875107151,-1.1589176465212,0.00201419910384286,-0.158738476889519,0.00200746416993864,-0.486497310092946,-0.00024878532125297
0.259541675265918,0.339265219026155,-0.0127703796041444,-1.15892087463623,0.00202846309947553,-0.158739218333991,0.00202158837368663,-0.486504198904451,-0.000249613194850506
0.261341635304121,0.339262491689194,-0.0128592907575404,-1.15892414665348,0.0020428320474768,-0.158739969261437,0.00203581464563417,-0.486511180606663,-0.000250428365495034
0.263154078332332,0.339259724171859,-0.0129488253924627,-1.15892746315619,0.00205730679671895,-0.158740729781109,0.00205014377572552,-0.486518256410423,-0.000251230371058259
0.26497909092194,0.339256915855398,-0.0130389879633887,-1.15893082473499,0.00207188820431781,-0.158741500003172,0.00206457656096334,-0.486525427541198,-0.000252018738796003
0.266816760244719,0.339254066110894,-0.0131297829579744,-1.15893423198798,0.00208657713573357,-0.158742280038698,0.00207911380548607,-0.486532695239229,-0.000252792985133712
0.268667174076992,0.339251174299077,-0.0132212148973184,-1.1589376855208,0.0021013744648727,-0.158743069999669,0.00209375632064633,-0.48654006075967,-0.000253552615448085
0.270530420803823,0.339248239770148,-0.0133132883362266,-1.15894118594673,0.0021162810741915,-0.158743869998965,0.00210850492509023,-0.486547525372737,-0.000254297123844657
0.27240658942324,0.339245261863582,-0.0134060078634798,-1.15894473388677,0.00213129785480105,-0.158744680150367,0.00212336044483779,-0.486555090363854,-0.000255025992931202
0.274295769550488,0.339242239907946,-0.0134993781021032,-1.15894832996971,0.00214642570657363,-0.158745500568546,0.00213832371336423,-0.486562757033796,-0.00025573869358729
0.276198051422303,0.339239173220699,-0.0135934037096379,-1.15895197483226,0.00216166553825061,-0.158746331369063,0.00215339557168244,-0.486570526698837,-0.000256434684729329
0.278113525901229,0.339236061107993,-0.0136880893784145,-1.15895566911908,0.00217701826755199,-0.158747172668357,0.0021685768684264,-0.486578400690896,-0.00025711341307133
0.280042284479955,0.339232902864475,-0.0137834398358285,-1.15895941348293,0.00219248482128722,-0.158748024583744,0.00218386845993562,-0.486586380357684,-0.000257774312881667
0.281984419285683,0.339229697773076,-0.0138794598446184,-1.1589632085847,0.00220806613546791,-0.158748887233406,0.00219927121034075,-0.486594467062853,-0.000258416805735101
0.283940023084533,0.339226445104802,-0.0139761542031454,-1.15896705509356,0.00222376315542176,-0.158749760736385,0.00221478599165016,-0.486602662186138,-0.000259040300260305
0.285909189285972,0.339223144118525,-0.0140735277456751,-1.158970953687,0.00223957683590836,-0.158750645212575,0.00223041368383761,-0.486610967123511,-0.000259644191883165
0.287892011947275,0.339219794060757,-0.0141715853426615,-1.15897490505094,0.00225550814123657,-0.158751540782713,0.00224615517493106,-0.486619383287324,-0.000260227862565063
0.289888585778017,0.339216394165433,-0.0142703319010333,-1.15897890987982,0.00227155804538327,-0.158752447568368,0.00226201136110259,-0.486627912106455,-0.000260790680536804
0.291899006144599,0.339212943653682,-0.0143697723644816,-1.15898296887672,0.00228772753211422,-0.158753365691933,0.00227798314675936,-0.486636555026462,-0.000261332000027634
0.293923369074803,0.339209441733598,-0.01446991171375,-1.15898708275339,0.00230401759510611,-0.158754295276613,0.00229407144463577,-0.486645313509725,-0.00026185116098941
0.295961771262377,0.339205887600002,-0.0145707549669274,-1.15899125223043,0.00232042923807077,-0.158755236446414,0.00231027717588673,-0.486654189035592,-0.000262347488815873
0.298014310071653,0.339202280434208,-0.0146723071797417,-1.15899547803729,0.00233696347488072,-0.158756189326128,0.00232660127018209,-0.486663183100534,-0.000262820294057123
0.300081083542203,0.339198619403769,-0.0147745734458563,-1.15899976091245,0.00235362132969671,-0.158757154041327,0.00234304466580221,-0.486672297218282,-0.000263268872128783
0.302162190393513,0.339194903662238,-0.0148775588971686,-1.15900410160346,0.00237040383709686,-0.15875813071834,0.0023596083097347,-0.486681532919982,-0.000263692503016236
0.304257730029708,0.339191132348907,-0.01498126870411,-1.15900850086705,0.00238731204220771,-0.158759119484246,0.00237629315777239,-0.486690891754336,-0.000264090450973628
0.306367802544292,0.339187304588553,-0.015085708075949,-1.15901295946926,0.00240434700083705,-0.158760120466856,0.00239310017461246,-0.48670037528775,-0.000264461964217561
0.308492508724934,0.339183419491173,-0.0151908822610951,-1.15901747818549,0.00242150977960846,-0.158761133794695,0.00241003033395673,-0.48670998510448,-0.000264806274615448
0.31063195005828,0.339179476151715,-0.0152967965474054,-1.15902205780062,0.00243880145609786,-0.158762159596989,0.00242708461861325,-0.486719722806774,-0.000265122597368536
0.312786228734801,0.339175473649802,-0.0154034562624931,-1.15902669910911,0.00245622311897178,-0.158763198003642,0.00244426402059903,-0.486729590015023,-0.000265410130689481
0.314955447653674,0.339171411049461,-0.0155108667740381,-1.15903140291511,0.00247377586812772,-0.158764249145223,0.00246156954124411,-0.486739588367895,-0.000265668055473914
0.317139710427697,0.339167287398829,-0.0156190334900989,-1.15903617003253,0.00249146081483614,-0.158765313152941,0.00247900219129674,-0.486749719522488,-0.000265895534967239
0.319339121388238,0.339163101729872,-0.0157279618594276,-1.15904100128518,0.00250927908188472,-0.158766390158628,0.00249656299102995,-0.486759985154465,-0.000266091714424654
0.321553785590219,0.339158853058083,-0.0158376573717857,-1.15904589750684,0.00252723180372417,-0.158767480294715,0.00251425297034927,-0.486770386958198,-0.000266255720766287
0.323783808817133,0.339154540382186,-0.0159481255582626,-1.15905085954138,0.00254532012661653,-0.158768583694212,0.00253207316890183,-0.486780926646909,-0.000266386662225906
0.326029297586097,0.33915016268383,-0.0160593719915953,-1.15905588824285,0.00256354520878493,-0.158769700490681,0.00255002463618663,-0.486791605952809,-0.000266483627993905
0.328290359152942,0.339145718927273,-0.016171402286491,-1.15906098447559,0.00258190822056584,-0.158770830818212,0.00256810843166625,-0.486802426627234,-0.000266545687854197
0.330567101517332,0.339141208059065,-0.0162842220999501,-1.15906614911434,0.00260041034456292,-0.1587719748114,0.00258632562487968,-0.486813390440785,-0.000266571891814921
0.332859633427924,0.339136629007729,-0.0163978371315927,-1.15907138304435,0.00261905277580345,-0.158773132605315,0.00260467729555666,-0.486824499183463,-0.000266561269733359
0.335168064387565,0.339131980683423,-0.0165122531239852,-1.15907668716144,0.00263783672189626,-0.158774304335473,0.00262316453373314,-0.486835754664803,-0.000266512830933874
0.337492504658521,0.33912726197761,-0.0166274758629702,-1.15908206237218,0.00265676340319237,-0.158775490137809,0.00264178843986829,-0.486847158714004,-0.000266425563820213
0.339833065267741,0.339122471762712,-0.0167435111779969,-1.15908750959392,0.00267583405294725,-0.158776690148647,0.00266055012496257,-0.486858713180067,-0.000266298435481052
0.342189858012163,0.339117608891761,-0.016860364942454,-1.15909302975496,0.00269504991748547,-0.158777904504664,0.00267945071067748,-0.486870419931917,-0.000266130391288921
0.344562995464054,0.339112672198045,-0.0169780430740039,-1.15909862379462,0.00271441225636768,-0.15877913334286,0.00269849132945633,-0.486882280858537,-0.000265920354492979
0.346952590976386,0.339107660494741,-0.0170965515349188,-1.15910429266334,0.00273392234255933,-0.158780376800523,0.00271767312464661,-0.486894297869089,-0.000265667225804733
0.349358758688252,0.339102572574553,-0.0172158963324181,-1.15911003732283,0.00275358146260212,-0.158781635015193,0.00273699725062361,-0.486906472893043,-0.000265369882977221
0.351781613530314,0.339097407209329,-0.0173360835190072,-1.15911585874615,0.00277339091678732,-0.158782908124623,0.00275646487291544,-0.486918807880293,-0.000265027180377173
0.354221271230298,0.339092163149681,-0.0174571191928187,-1.15912175791782,0.00279335201933151,-0.158784196266744,0.00277607716832943,-0.486931304801283,-0.000264637948550792
0.356677848318515,0.339086839124594,-0.0175790094979541,-1.15912773583391,0.00281346609855457,-0.15878549957962,0.00279583532507988,-0.486943965647119,-0.000264200993781952
0.359151462133436,0.339081433841026,-0.0177017606248271,-1.15913379350222,0.00283373449705999,-0.158786818201408,0.00281574054291732,-0.486956792429686,-0.000263715097643585
0.361642230827288,0.339075945983509,-0.0178253788105089,-1.1591399319423,0.00285415857191743,-0.158788152270317,0.00283579403325898,-0.48696978718176,-0.000263179016542339
0.364150273371703,0.33907037421373,-0.017949870339074,-1.15914615218562,0.00287473969484778,-0.15878950192456,0.0028559970193208,-0.486982951957118,-0.000262591481255306
0.366675709563398,0.33906471717011,-0.0180752415419478,-1.15915245527567,0.00289547925241031,-0.158790867302308,0.00287635073625079,-0.486996288830645,-0.000261951196460206
0.369218660029898,0.339058973467383,-0.0182014987982554,-1.15915884226807,0.00291637864619261,-0.158792248541644,0.00289685643126379,-0.487009799898437,-0.000261256840257601
0.371779246235299,0.339053141696152,-0.0183286485351708,-1.15916531423066,0.00293743929300241,-0.158793645780508,0.00291751536377763,-0.4870234872779,-0.000260507063686397
0.374357590486067,0.33904722042245,-0.0184566972282686,-1.15917187224364,0.00295866262506235,-0.158795059156651,0.0029383288055508,-0.487037353107852,-0.000259700490230871
0.376953815936883,0.339041208187284,-0.018585651401875,-1.15917851739968,0.0029800500902069,-0.158796488807576,0.00295929804082132,-0.487051399548612,-0.000258835715321259
0.379568046596523,0.339035103506177,-0.0187155176294216,-1.15918525080403,0.00300160315208168,-0.158797934870488,0.0029804243664473,-0.487065628782095,-0.000257911305825934
0.382200407333782,0.339028904868697,-0.0188463025337985,-1.15919207357461,0.00302332329034558,-0.15879939748223,0.00300170909204867,-0.487080043011892,-0.000256925799536054
0.384851023883439,0.339022610737979,-0.0189780127877088,-1.15919898684215,0.0030452120008749,-0.158800876779232,0.00302315354015041,-0.487094644463362,-0.00025587770464261
0.387520022852263,0.339016219550238,-0.0191106551140243,-1.15920599175033,0.00306727079597065,-0.15880237289744,0.00304475904632727,-0.487109435383704,-0.000254765499205459
0.390207531725059,0.339009729714278,-0.0192442362861409,-1.1592130894558,0.00308950120456771,-0.15880388597226,0.0030665269593498,-0.487124418042036,-0.000253587630614616
0.392913678870758,0.33900313961098,-0.0193787631283357,-1.15922028112842,0.00311190477244709,-0.15880541613849,0.0030884586413318,-0.48713959472946,-0.000252342515043261
0.395638593548549,0.338996447592794,-0.0195142425161237,-1.15922756795126,0.00313448306245035,-0.158806963530252,0.00311055546787927,-0.487154967759134,-0.000251028536893072
0.398382405914052,0.338989651983212,-0.0196506813766146,-1.15923495112079,0.00315723765469696,-0.158808528280922,0.00313281882824056,-0.48717053946633,-0.000249644048231232
0.401145247025537,0.33898275107624,-0.0197880866888716,-1.15924243184697,0.00318017014680409,-0.158810110523058,0.00315525012545821,-0.48718631220849,-0.000248187368219424
0.403927248850181,0.33897574313585,-0.0199264654842684,-1.15925001135335,0.00320328215410891,-0.158811710388327,0.00317785077652187,-0.48720228836528,-0.000246656782534285
0.406728544270374,0.338968626395434,-0.0200658248468474,-1.15925769087723,0.0032265753098938,-0.158813328007426,0.00320062221252281,-0.487218470338634,-0.00024505054278022
0.409549267090063,0.338961399057236,-0.0202061719136779,-1.15926547166971,0.00325005126561409,-0.158814963510005,0.0032235658788098,-0.487234860552792,-0.000243366865893005
0.412389552041149,0.338954059291786,-0.0203475138752135,-1.15927335499586,0.00327371169112842,-0.158816617024581,0.00324668323514621,-0.487251461454342,-0.00024160393353595
0.415249534789915,0.338946605237314,-0.0204898579756504,-1.15928134213483,0.00329755827493174,-0.158818288678462,0.00326997575586864,-0.487268275512244,-0.000239759891486793
0.418129351943512,0.338939034999158,-0.0206332115132841,-1.15928943437992,0.0033215927243913,-0.158819978597651,0.00329344493004679,-0.487285305217854,-0.000237832849016698
0.421029141056481,0.338931346649163,-0.0207775818408664,-1.15929763303875,0.00334581676598496,-0.158821686906762,0.00331709226164473,-0.487302553084941,-0.000235820878260365
0.423949040637325,0.338923538225063,-0.020922976365962,-1.15930593943336,0.00337023214554269,-0.158823413728928,0.00334091926968345,-0.487320021649699,-0.000233722013577728
0.426889190155123,0.338915607729864,-0.0210694025513036,-1.1593143549003,0.00339484062849026,-0.158825159185703,0.00336492748840477,-0.487337713470748,-0.000231534250907217
0.429849730046193,0.338907553131198,-0.0212168679151472,-1.15932288079077,0.00341964400009614,-0.158826923396968,0.00338911846743652,-0.487355631129136,-0.0002292555471098
0.432830801720801,0.338899372360686,-0.0213653800316249,-1.15933151847076,0.00344464406572108,-0.158828706480827,0.00341349377195899,-0.487373777228324,-0.000226883819304968
0.435832547569911,0.338891063313275,-0.0215149465310987,-1.1593402693211,0.00346984265107007,-0.158830508553505,0.00343805498287263,-0.487392154394169,-0.000224416944197725
0.438855110971994,0.33888262384657,-0.0216655751005109,-1.15934913473763,0.00349524160244788,-0.158832329729245,0.00346280369696712,-0.487410765274901,-0.000221852757396751
0.441898636299867,0.338874051780152,-0.0218172734837345,-1.15935811613129,0.00352084278701653,-0.15883417012019,0.0034877415270915,-0.487429612541091,-0.000219189052723778
0.444963268927599,0.338865344894887,-0.0219700494819217,-1.15936721492826,0.00354664809305616,-0.15883602983628,0.00351287010232559,-0.487448698885605,-0.000216423581514635
0.448049155237445,0.338856500932219,-0.0221239109538501,-1.15937643257005,0.00357265943022854,-0.15883790898513,0.00353819106815263,-0.487468027023562,-0.000213554051910786
0.451156442626847,0.338847517593456,-0.0222788658162677,-1.15938577051362,0.0035988787298432,-0.158839807671911,0.00356370608663297,-0.487487599692268,-0.000210578128142652
0.454285279515466,0.338838392539041,-0.0224349220442361,-1.1593952302315,0.00362530794512697,-0.158841725999233,0.00358941683657909,-0.487507419651158,-0.000207493429803501
0.457435815352278,0.338829123387806,-0.0225920876714697,-1.15940481321191,0.00365194905149552,-0.158843664067012,0.00361532501373137,-0.487527489681712,-0.000204297531115311
0.46060820062271,0.338819707716225,-0.0227503707906751,-1.15941452095887,0.00367880404682851,-0.158845621972345,0.00364143233093546,-0.487547812587376,-0.000200987960185001
0.463802586855826,0.338810143057642,-0.0229097795538857,-1.15942435499231,0.00370587495174721,-0.158847599809378,0.00366774051832022,-0.487568391193465,-0.000197562198252177
0.467019126631568,0.338800426901497,-0.0230703221727948,-1.15943431684819,0.00373316380989509,-0.158849597669166,0.00369425132347694,-0.487589228347057,-0.000194017678928154
0.470257973588042,0.338790556692526,-0.0232320069190849,-1.1594444080786,0.00376067268822113,-0.158851615639537,0.00372096651163947,-0.487610326916881,-0.000190351787425991
0.473519282428857,0.338780529829966,-0.0233948421247542,-1.1594546302519,0.0037884036772662,-0.158853653804945,0.00374788786586535,-0.487631689793189,-0.000186561859781692
0.476803208930514,0.338770343666724,-0.0235588361824401,-1.15946498495281,0.00381635889145221,-0.158855712246324,0.00377501718721778,-0.487653319887624,-0.00018264518206712
0.480109909949849,0.338759995508557,-0.0237239975457384,-1.15947547378254,0.00384454046937419,-0.158857791040937,0.00380235629494858,-0.487675220133065,-0.000178598989593298
0.483439543431522,0.338749482613218,-0.0238903347295187,-1.15948609835889,0.00387295057409488,-0.15885989026222,0.0038299070266818,-0.487697393483479,-0.000174420466105885
0.486792268415562,0.338738802189598,-0.0240578563102365,-1.15949686031636,0.00390159139344304,-0.158862009979622,0.00385767123859838,-0.48771984291374,-0.000170106742971438
0.490168245044966,0.338727951396857,-0.0242265709262403,-1.15950776130627,0.0039304651403136,-0.158864150258444,0.00388565080562139,-0.487742571419457,-0.000165654898355488
0.493567634573345,0.338716927343529,-0.0243964872780744,-1.15951880299689,0.00395957405297132,-0.158866311159668,0.00391384762160197,-0.48776558201677,-0.000161061956391623
0.496990599372628,0.338705727086629,-0.0245676141287769,-1.15952998707349,0.00398892039535749,-0.158868492739789,0.00394226359950604,-0.487788877742151,-0.000156324886342207
0.500437302940819,0.33869434763073,-0.0247399603041732,-1.15954131523853,0.00401850645739864,-0.158870695050635,0.00397090067160154,-0.487812461652179,-0.000151440601751263
0.503907909909802,0.338682785927038,-0.0249135346931633,-1.15955278921172,0.00404833455531906,-0.158872918139189,0.00399976078964624,-0.487836336823307,-0.000146405959587814
0.50740258605321,0.338671038872442,-0.0250883462480045,-1.15956441073014,0.00407840703195561,-0.158875162047405,0.00402884592507608,-0.487860506351616,-0.000141217759382445
0.510921498294339,0.338659103308559,-0.0252644039845879,-1.15957618154835,0.00410872625707573,-0.158877426812014,0.00405815806919394,-0.487884973352557,-0.000135872742354243
0.514464814714125,0.338646976020757,-0.0254417169827089,-1.15958810343849,0.00413929462769785,-0.158879712464336,0.00408769923335877,-0.48790974096067,-0.000130367590530783
0.518032704559168,0.338634653737167,-0.0256202943863314,-1.15960017819043,0.00417011456841514,-0.158882019030077,0.00411747144917518,-0.487934812329299,-0.000124698925859423
0.52162533824982,0.338622133127677,-0.0258001454038456,-1.15961240761181,0.00420118853172183,-0.158884346529128,0.00414747676868309,-0.487960190630282,-0.000118863309311296
0.525242887388322,0.338609410802912,-0.0259812793083185,-1.15962479352821,0.00423251899834247,-0.158886694975352,0.00417771726454778,-0.487985879053638,-0.000112857239977143
0.528885524767003,0.338596483313202,-0.0261637054377378,-1.15963733778322,0.00426410847756371,-0.158889064376379,0.00420819503024994,-0.488011880807225,-0.000106677154155882
0.532553424376533,0.338583347147529,-0.0263474331952475,-1.15965004223855,0.00429595950756945,-0.158891454733379,0.00423891218027583,-0.488038199116392,-0.000100319424435363
0.536246761414231,0.33856999873246,-0.0265324720493768,-1.15966290877415,0.00432807465577825,-0.158893866040847,0.00426987085030752,-0.488064837223607,-9.37803587661989e-05
0.539965712292437,0.338556434431067,-0.0267188315342597,-1.15967593928832,0.00436045651918396,-0.158896298286368,0.00430107319741284,-0.488091798388076,-8.70561995284513e-05
0.543710454646936,0.338542650541829,-0.0269065212498477,-1.15968913569779,0.00439310772469871,-0.158898751450385,0.00433252140023545,-0.488119085885338,-8.01431225907479e-05
0.547481167345445,0.338528643297519,-0.0270955508621116,-1.15970249993783,0.00442603092949903,-0.158901225505965,0.00436421765918435,-0.488146703006845,-7.30372363636489e-05
0.551278030496154,0.338514408864073,-0.0272859301032368,-1.15971603396237,0.00445922882137463,-0.158903720418548,0.00439616419662341,-0.488174653059526,-6.5734580845328e-05
0.55510122545633,0.338499943339448,-0.0274776687718068,-1.15972973974408,0.00449270411907969,-0.158906236145701,0.00442836325706014,-0.488202939365331,-5.82311266617841e-05
0.558950934840979,0.338485242752456,-0.027670776732979,-1.15974361927452,0.00452645957268738,-0.158908772636864,0.00446081710733434,-0.488231565260755,-5.05227741000869e-05
0.56282734253157,0.338470303061588,-0.0278652639186488,-1.15975767456417,0.00456049796394639,-0.158911329833085,0.00449352803680581,-0.488260534096344,-4.26053521366265e-05
0.566730633684818,0.338455120153821,-0.0280611403276036,-1.15977190764259,0.00459482210664096,-0.15891390766676,0.00452649835754158,-0.488289849236183,-3.44746174582855e-05
0.570660994741526,0.338439689843407,-0.0282584160256675,-1.15978632055848,0.00462943484695295,-0.158916506061355,0.00455973040450242,-0.488319514057364,-2.61262534796136e-05
0.574618613435493,0.338424007870646,-0.0284571011458322,-1.15980091537982,0.00466433906382684,-0.158919124931131,0.00459322653572823,-0.488349531949432,-1.75558693538413e-05
0.578603678802477,0.33840806990064,-0.0286572058883787,-1.15981569419395,0.00469953766933752,-0.158921764180861,0.00462698913252275,-0.488379906313808,-8.75899897925803e-06
0.582616381189231,0.338391871522039,-0.0288587405209856,-1.15983065910765,0.00473503360906051,-0.158924423705539,0.00466102059963695,-0.488410640563199,2.68899999156247e-07
0.586656912262587,0.338375408245757,-0.0290617153788257,-1.15984581224728,0.0047708298624447,-0.158927103390085,0.00469532336545131,-0.488441738120979,9.53244719223423e-06
0.590725465018618,0.338358675503686,-0.0292661408646499,-1.15986115575883,0.0048069294431882,-0.158929803109044,0.00472989988215692,-0.488473202420551,1.9036340473455e-05
0.594822233791852,0.338341668647382,-0.029472027448858,-1.15987669180806,0.00484333539961608,-0.158932522726275,0.004764752625935,-0.48850503690469,2.87853569893304e-05
0.598947414264556,0.338324382946738,-0.0296793856695552,-1.15989242258058,0.00488005081506135,-0.158935262094644,0.00479988409713494,-0.488537245024855,3.87843541731214e-05
0.603101203476082,0.338306813588645,-0.0298882261325963,-1.15990835028195,0.00491707880824789,-0.158938021055696,0.00483529682045068,-0.488569830240486,4.90382707615256e-05
0.607283799832281,0.338288955675629,-0.0300985595116142,-1.15992447713776,0.0049544225336766,-0.158940799439334,0.00487099334509545,-0.488602796018276,5.95521278146105e-05
0.611495403114975,0.338270804224474,-0.0303103965480338,-1.15994080539375,0.00499208518201323,-0.158943597063482,0.00490697624497439,-0.488636145831417,7.0331029737275e-05
0.615736214491506,0.338252354164831,-0.0305237480510719,-1.1599573373159,0.00503006998047956,-0.15894641373375,0.00494324811885533,-0.488669883158821,8.13801653026525e-05
0.620006436524339,0.338233600337807,-0.0307386248977197,-1.15997407519049,0.00506838019324644,-0.158949249243086,0.00497981159053729,-0.488704011484322,9.27048086777071e-05
0.624306273180741,0.338214537494539,-0.0309550380327114,-1.15999102132426,0.00510701912182972,-0.158952103371421,0.00501666930901678,-0.488738534295845,0.000104310320449191
0.628635929842521,0.33819516029475,-0.0311729984684745,-1.16000817804446,0.0051459901054883,-0.158954975885315,0.00505382394865159,-0.488773455084559,0.000116202148650241
0.632995613315842,0.338175463305292,-0.0313925172850639,-1.16002554769893,0.00518529652162476,-0.158957866537589,0.00509127820932206,-0.488808777343995,0.000128385829787664
0.637385531841099,0.338155440998665,-0.0316136056300797,-1.16004313265626,0.00522494178618865,-0.158960775066952,0.00512903481658963,-0.488844504569147,0.000140866989868232
0.641805895102865,0.338135087751531,-0.031836274718565,-1.16006093530581,0.00526492935408167,-0.158963701197621,0.00516709652185245,-0.488880640255536,0.000153651345424527
0.646256914239905,0.338114397843198,-0.032060535832888,-1.16007895805784,0.00530526271956583,-0.158966644638939,0.0052054661024981,-0.488917187898259,0.000166744704539701
0.650738801855265,0.338093365454102,-0.0322864003226034,-1.16009720334361,0.00534594541667346,-0.15896960508498,0.00524414636205307,-0.488954150990999,0.000180152967869607
0.655251772026422,0.338071984664257,-0.0325138796042962,-1.16011567361545,0.00538698101962004,-0.158972582214147,0.00528314013032889,-0.488991533025018,0.000193882129663536
0.659796040315516,0.338050249451709,-0.0327429851614046,-1.16013437134688,0.00542837314321908,-0.158975575688769,0.00532245026356482,-0.489029337488115,0.000207938278781183
0.664371823779638,0.33802815369095,-0.0329737285440242,-1.16015329903268,0.00547012544329947,-0.158978585154686,0.00536207964456692,-0.48906756786356,0.000222327599706723
0.668979340981204,0.338005691151339,-0.0332061213686906,-1.160172459189,0.00551224161712538,-0.158981610240828,0.00540203118284324,-0.489106227628994,0.00023705637355842
0.673618811998395,0.33798285549549,-0.0334401753181414,-1.16019185435345,0.00555472540381786,-0.158984650558789,0.00544230781473498,-0.489145320255306,0.000252130979093518
0.678290458435663,0.337959640277655,-0.0336759021410576,-1.16021148708518,0.00559758058477976,-0.158987705702391,0.00548291250354381,-0.489184849205479,0.000267557893708387
0.682994503434323,0.337936038942089,-0.0339133136517816,-1.16023135996501,0.00564081098412189,-0.158990775247242,0.00552384823965435,-0.489224817933403,0.000283343694431504
0.687731171683206,0.337912044821394,-0.0341524217300137,-1.16025147559548,0.00568442046909247,-0.158993858750289,0.00556511804065256,-0.489265229882662,0.000299495058911275
0.692500689429393,0.337887651134858,-0.0343932383204866,-1.16027183660099,0.00572841295050826,-0.158996955749359,0.00560672495143931,-0.489306088485293,0.000316018766395365
0.697303284489026,0.337862850986771,-0.0346357754326147,-1.16029244562786,0.00577279238318833,-0.159000065762701,0.00564867204433908,-0.489347397160504,0.000332921698702554
0.70213918625818,0.337837637364729,-0.0348800451401214,-1.16031330534445,0.00581756276639026,-0.159003188288511,0.0056909624192036,-0.489389159313374,0.000350210841185999
0.70700862572383,0.337812003137924,-0.0351260595806407,-1.16033441844124,0.00586272814424796,-0.159006322804455,0.00573359920351017,-0.489431378333515,0.000367893283686638
0.71191183547488,0.337785941055423,-0.0353738309552963,-1.16035578763095,0.00590829260621326,-0.159009468767189,0.00577658555245483,-0.489474057593702,0.00038597622147668
0.716849049713269,0.337759443744423,-0.0356233715282527,-1.16037741564862,0.00595426028749824,-0.159012625611864,0.00581992464903943,-0.489517200448478,0.000404466956191701
0.721820504265165,0.337732503708504,-0.0358746936262425,-1.16039930525172,0.00600063536952111,-0.159015792751626,0.00586361970415337,-0.489560810232717,0.000423372896752067
0.726826436592224,0.337705113325863,-0.0361278096380682,-1.16042145922025,0.00604742208035418,-0.159018969577113,0.00590767395664902,-0.489604890260166,0.000442701560270181
0.731867085802933,0.337677264847529,-0.0363827320140756,-1.16044388035683,0.00609462469517394,-0.159022155455941,0.00595209067341102,-0.489649443821946,0.000462460572945911
0.736942692664033,0.337648950395583,-0.0366394732656014,-1.16046657148682,0.00614224753671407,-0.159025349732185,0.00599687314941904,-0.489694474185027,0.000482657670946657
0.742053499612018,0.337620161961342,-0.0368980459643934,-1.16048953545844,0.00619029497572061,-0.159028551725848,0.0060420247078041,-0.489739984590666,0.000503300701272941
0.747199750764715,0.337590891403548,-0.037158462742002,-1.16051277514283,0.00623877143140972,-0.159031760732333,0.00608754869989791,-0.489785978252816,0.000524397622608114
0.752381691932944,0.337561130446539,-0.0374207362891451,-1.1605362934342,0.00628768137192817,-0.159034976021896,0.00613344850527517,-0.489832458356501,0.000545956506150191
0.757599570632259,0.337530870678408,-0.0376848793550414,-1.16056009324991,0.00633702931481604,-0.159038196839103,0.00617972753178864,-0.489879428056152,0.000567985536427784
0.762853636094773,0.337500103549152,-0.0379509047467176,-1.16058417753063,0.00638681982747266,-0.15904142240227,0.00622638921559682,-0.489926890473926,0.000590493012095517
0.768144139281058,0.33746882036881,-0.0382188253282843,-1.16060854924039,0.00643705752762466,-0.159044651902905,0.00627343702118374,-0.489974848697971,0.000613487346710712
0.773471332892138,0.337437012305589,-0.0384886540201815,-1.16063321136673,0.00648774708379708,-0.159047884505138,0.00632087444137105,-0.490023305780677,0.000636977069489675
0.778835471381553,0.337404670383981,-0.0387604037983949,-1.16065816692083,0.00653889321578721,-0.159051119345145,0.00636870499732185,-0.490072264736882,0.000660970826041607
0.784236810967519,0.33737178548287,-0.0390340876936403,-1.16068341893761,0.00659050069514149,-0.159054355530568,0.00641693223853631,-0.490121728542046,0.000685477379080923
0.78967560964516,0.337338348333632,-0.0393097187905175,-1.16070897047586,0.00664257434563477,-0.159057592139922,0.00646555974283849,-0.490171700130403,0.000710505609115036
0.795152127198837,0.337304349518221,-0.0395873102266319,-1.16073482461836,0.00669511904375367,-0.159060828222004,0.00651459111635476,-0.490222182393061,0.000736064515108464
0.800666625214554,0.33726977946725,-0.0398668751916845,-1.16076098447202,0.00674813971918187,-0.159064062795291,0.00656402999348286,-0.490273178176089,0.000762163215120626
0.806219367092452,0.337234628458066,-0.0401484269265288,-1.160787453168,0.00680164135528938,-0.159067294847329,0.0066138800368519,-0.490324690278556,0.000788810946917545
0.811810618059391,0.337198886612809,-0.0404319787221961,-1.16081423386185,0.00685562898962497,-0.15907052333412,0.00666414493727287,-0.490376721450546,0.000816017068555136
0.817440645181619,0.337162543896476,-0.0407175439188867,-1.16084132973364,0.00691010771441167,-0.159073747179505,0.00671482841367955,-0.490429274391137,0.000843791058934007
0.823109717377527,0.337125590114967,-0.0410051359049277,-1.16086874398812,0.0069650826770461,-0.15907696527453,0.00676593421305947,-0.49048235174635,0.000872142518324959
0.828818105430497,0.337088014913133,-0.041294768115697,-1.16089647985485,0.00702055908060145,-0.159080176476822,0.00681746611037466,-0.490535956107062,0.000901081168862394
0.834566082001833,0.337049807772811,-0.0415864540325137,-1.16092454058835,0.00707654218433394,-0.159083379609944,0.00686942790847224,-0.490590090006893,0.000930616855006311
0.840353921643785,0.337010958010863,-0.0418802071814937,-1.16095292946823,0.00713303730419346,-0.159086573462756,0.0069218234379844,-0.490644755920056,0.000960759543970735
0.846181900812664,0.336971454777201,-0.0421760411323694,-1.16098164979939,0.00719004981333793,-0.15908975678876,0.00697465655721738,-0.490699956259178,0.000991519326118462
0.852050297882047,0.336931287052812,-0.0424739694972769,-1.16101070491217,0.00724758514265199,-0.159092928305453,0.0070279311520298,-0.490755693373091,0.00102290641531899
0.857959393156072,0.336890443647783,-0.0427740059295049,-1.16104009816246,0.00730564878127024,-0.159096086693658,0.00708165113569952,-0.490811969544593,0.00105493114927122
0.863909468882829,0.336848913199312,-0.0430761641222106,-1.16106983293195,0.00736424627710427,-0.159099230596865,0.00713582044877906,-0.490868786988177,0.00108760398978744
0.86990080926784,0.336806684169734,-0.0433804578070976,-1.16109991262823,0.00742338323737499,-0.159102358620558,0.00719044305893942,-0.490926147847731,0.00112093552303849
0.875933700487633,0.336763744844522,-0.0436869007530591,-1.16113034068503,0.00748306532914966,-0.159105469331541,0.00724552296080208,-0.490984054194207,0.00115493645975939
0.882008430703416,0.33672008333031,-0.0439955067647846,-1.16116112056234,0.00754329827988354,-0.159108561257258,0.00730106417575869,-0.49104250802327,0.0011896176354125
0.888125290074835,0.336675687552898,-0.0443062896813293,-1.16119225574667,0.00760408787796721,-0.159111632885109,0.0073570707517787,-0.491101511252909,0.00122499001030923
0.894284570773836,0.336630545255262,-0.0446192633746477,-1.16122374975117,0.00766543997327918,-0.159114682661762,0.00741354676320435,-0.491161065721023,0.00126106466968828
0.900486566998624,0.33658464399557,-0.0449344417480899,-1.16125560611587,0.00772736047774394,-0.159117708992461,0.00747049631053291,-0.491221173182986,0.00129785282374745
0.906731574987708,0.336537971145188,-0.0452518387348604,-1.16128782840788,0.00778985536589591,-0.15912071024033,0.00752792352018596,-0.49128183530918,0.00133536580763166
0.913019893034057,0.336490513886696,-0.0455714682964408,-1.16132042022159,0.00785293067544976,-0.15912368472567,0.00758583254426576,-0.491343053682507,0.00137361508137199
0.919351821499347,0.336442259211902,-0.0458933444209737,-1.16135338517889,0.0079165925078766,-0.159126630725262,0.00764422756029794,-0.491404829795869,0.0014126122297774
0.925727662828307,0.33639319391986,-0.0462174811216107,-1.16138672692939,0.00798084702898721,-0.159129546471657,0.00770311277096097,-0.49146716504964,0.00145236896227668
0.932147721563161,0.336343304614889,-0.0465438924348216,-1.16142044915065,0.00804570046952177,-0.159132430152465,0.00776249240380181,-0.491530060749095,0.00149289711270972
0.938612304358183,0.336292577704597,-0.0468725924186665,-1.1614545555484,0.00811115912574659,-0.159135279909647,0.00782237071093748,-0.491593518101834,0.00153420863906695
0.945121719994339,0.33624099939791,-0.0472035951510296,-1.16148904985679,0.00817722936005871,-0.1591380938388,0.00788275196874279,-0.491657538215178,0.00157631562317592
0.951676279394036,0.336188555703103,-0.0475369147278166,-1.16152393583866,0.00824391760159809,-0.159140869988436,0.00794364047752377,-0.491722122093545,0.00161923027033384
0.958276295635973,0.336135232425841,-0.0478725652611124,-1.16155921728573,0.00831123034686729,-0.159143606359271,0.0080050405611764,-0.491787270635806,0.00166296490888518
0.964922083970099,0.336081015167221,-0.0482105608773027,-1.16159489801892,0.0083791741603596,-0.159146300903498,0.00806695656683112,-0.491852984632631,0.00170753198974224
0.971613961832666,0.336025889321821,-0.0485509157151564,-1.16163098188859,0.00844775567519687,-0.159148951524068,0.00812939286448217,-0.49191926476381,0.00175294408584911
0.978352248861393,0.335969840075761,-0.0488936439238705,-1.16166747277483,0.00851698159377426,-0.159151556073968,0.0081923538466023,-0.491986111595562,0.00179921389158699
0.985137266910738,0.335912852404765,-0.0492387596610782,-1.1617043745877,0.00858685868841647,-0.159154112355496,0.00825584392774226,-0.492053525577829,0.00184635422212012
0.991969340067262,0.335854911072235,-0.0495862770908178,-1.16174169126757,0.00865739380204203,-0.159156618119538,0.00831986754411495,-0.492121507041561,0.00189437801268033
0.998848794665118,0.335796000627332,-0.0499362103814644,-1.16177942678539,0.00872859384883842,-0.159159071064841,0.00838442915316449,-0.492190056195982,0.00194329831779186
1.00577595930163,0.335736105403068,-0.0502885737036241,-1.16181758514297,0.00880046581494748,-0.159161468837294,0.00844953323311936,-0.492259173125855,0.00199312831043152
1.01275116485301,0.335675209514404,-0.0506433812279912,-1.16185617037335,0.00887301675916122,-0.159163809029198,0.00851518428253041,-0.492328857788732,0.00204388128112737
1.01977474449012,0.335613296856365,-0.0510006471231655,-1.16189518654104,0.00894625381362971,-0.159166089178544,0.00858138681979252,-0.492399110012196,0.0020955706369914
1.02684703369442,0.335550351102155,-0.0513603855534357,-1.16193463774243,0.00902018418457953,-0.159168306768293,0.00864814538265102,-0.492469929491104,0.00214820990068879
1.033968370274,0.335486355701295,-0.0517226106765231,-1.16197452810604,0.00909481515304505,-0.159170459225654,0.00871546452769156,-0.492541315784819,0.00220181270933825
1.04113909437969,0.335421293877763,-0.0520873366412888,-1.16201486179293,0.00917015407561184,-0.159172543921362,0.00878334882981419,-0.492613268314444,0.00225639281334844
1.0483595485213,0.335355148628151,-0.0524545775854036,-1.16205564299702,0.00924620838517301,-0.159174558168963,0.00885180288169131,-0.492685786360052,0.00231196407518458
1.05563007758401,0.335287902719836,-0.0528243476329825,-1.16209687594543,0.00932298559169889,-0.159176499224099,0.00892083129320925,-0.492758869057919,0.00236854046806723
1.06295102884484,0.335219538689159,-0.0531966608921807,-1.16213856489888,0.00940049328302081,-0.159178364283792,0.00899043869089351,-0.492832515397756,0.00242613607460185
1.07032275198921,0.335150038839618,-0.0535715314527541,-1.16218071415202,0.00947873912562883,-0.159180150485738,0.00906062971731764,-0.492906724219954,0.00248476508533835
1.07774559912768,0.335079385240082,-0.0539489733835837,-1.16222332803388,0.00955773086548448,-0.1591818549076,0.00913140903049576,-0.492981494212823,0.00254444179726004
1.08521992481272,0.335007559723008,-0.0543290007301634,-1.16226641090817,0.00963747632884868,-0.159183474566304,0.00920278130325841,-0.493056823909849,0.00260518061220166
1.0927460860557,0.334934543882683,-0.0547116275120519,-1.16230996717375,0.00971798342312563,-0.159185006417339,0.00927475122261197,-0.493132711686955,0.00266699603519527
1.1003244423439,0.334860319073473,-0.0550968677202894,-1.16235400126501,0.00979926013772278,-0.159186447354069,0.0093473234890815,-0.493209155759778,0.00272990267274481
1.10795535565772,0.334784866408091,-0.0554847353147785,-1.16239851765227,0.00988131454492788,-0.159187794207036,0.0094205028160369,-0.493286154180955,0.00279391523102712
1.11563919048792,0.334708166755879,-0.0558752442216303,-1.16244352084221,0.00996415480080301,-0.159189043743282,0.00949429392900274,-0.493363704837434,0.00285904851402086
1.12337631385307,0.334630200741111,-0.0562684083304744,-1.16248901537831,0.0100477891460973,-0.159190192665665,0.00956870156495093,-0.493441805447786,0.00292531742156138
1.13116709531708,0.334550948741299,-0.0566642414917353,-1.16253500584128,0.010132225907177,-0.159191237612189,0.00964373047157747,-0.493520453559559,0.00299273694732272
1.13901190700682,0.334470390885535,-0.057062757513874,-1.16258149684949,0.010217473496976,-0.159192175155338,0.00971938540656216,-0.493599646546636,0.00306132217672583
1.14691112362992,0.334388507052829,-0.0574639701605948,-1.16262849305945,0.0103035404159643,-0.159193001801415,0.00979567113681191,-0.493679381606624,0.0031310882847721
1.15486512249268,0.334305276870476,-0.0578678931480179,-1.16267599916625,0.0103904352531384,-0.159193713989887,0.0098725924376875,-0.493759655758276,0.00320205053380374
1.16287428351806,0.334220679712439,-0.0582745401418191,-1.16272401990402,0.0104781666870311,-0.159194308092743,0.00995015409221389,-0.493840465838925,0.00327422427119023
1.17093898926384,0.334134694697749,-0.0586839247543349,-1.16277256004644,0.0105667434867436,-0.159194780413852,0.0100283608902742,-0.493921808501969,0.00334762492694018
1.1790596249409,0.334047300688912,-0.0590960605416345,-1.16282162440718,0.0106561745129988,-0.159195127188339,0.0101072176277873,-0.494003680214374,0.00342226801124018
1.18723657843162,0.33395847629035,-0.0595109610005579,-1.16287121784041,0.010746468719218,-0.159195344581955,0.0101867291058688,-0.494086077254218,0.00349816911191941
1.19547024030838,0.333868199846848,-0.0599286395657227,-1.16292134524128,0.0108376351526202,-0.159195428690474,0.0102669001299768,-0.494168995708272,0.00357534389184166
1.20376100385228,0.333776449442023,-0.0603491096064961,-1.16297201154647,0.0109296829553457,-0.159195375539081,0.0103477355090404,-0.494252431469627,0.00365380808622373
1.21210926507183,0.333683202896806,-0.0607723844239352,-1.16302322173461,0.0110226213656041,-0.159195181081786,0.010429240054573,-0.494336380235349,0.00373357749988157
1.22051542272196,0.333588437767947,-0.0611984772476943,-1.1630749808269,0.0111164597188468,-0.159194841200834,0.01051141857977,-0.494420837504195,0.00381466800440444
1.22897987832301,0.333492131346538,-0.0616274012329009,-1.16312729388753,0.0112112074489663,-0.159194351706136,0.0105942758985895,-0.494505798574364,0.0038970955352578
1.23750303617991,0.333394260656544,-0.0620591694569978,-1.16318016602427,0.0113068740895211,-0.159193708334704,0.0106778168248193,-0.494591258541306,0.00398087608881503
1.24608530340153,0.333294802453365,-0.062493794916555,-1.16323360238899,0.0114034692749883,-0.159192906750098,0.0107620461711268,-0.494677212295574,0.00406602571931919
1.25472708992008,0.333193733222407,-0.0629312905240479,-1.16328760817817,0.0115010027420433,-0.15919194254189,0.0108469687480947,-0.49476365452074,0.00415256053577595
1.26342880851072,0.33309102917767,-0.0633716691046044,-1.16334218863348,0.0115994843308685,-0.159190811225131,0.0109325893632412,-0.494850579691359,0.00424049669877768
1.27219087481126,0.332986666260357,-0.0638149433927207,-1.16339734904229,0.0116989239864907,-0.159189508239838,0.0110189128200256,-0.494937982070996,0.00432985041726069
1.28101370734203,0.332880620137501,-0.0642611260289436,-1.16345309473823,0.0117993317601484,-0.159188028950487,0.0111059439168384,-0.495025855710315,0.00442063794519587
1.28989772752585,0.332772866200604,-0.0647102295565234,-1.16350943110174,0.0119007178106896,-0.159186368645523,0.0111936874459784,-0.495114194445226,0.00451287557821489
1.29884335970818,0.332663379564294,-0.0651622664180322,-1.16356636356064,0.0120030924060006,-0.159184522536884,0.0112821481926138,-0.495202991895108,0.00460657965017125
1.30785103117738,0.332552135065006,-0.0656172489519529,-1.16362389759067,0.0121064659244663,-0.159182485759531,0.0113713309337307,-0.495292241461087,0.00470176652964088
1.31692117218509,0.332439107259668,-0.0660751893892345,-1.16368203871607,0.0122108488564638,-0.159180253371002,0.0114612404370667,-0.495381936324397,0.00479845261635981
1.32605421596686,0.332324270424412,-0.0665360998498164,-1.16374079251011,0.0123162518058884,-0.159177820350972,0.0115518814600314,-0.495472069444805,0.00489665433760328
1.33525059876274,0.332207598553298,-0.0669999923391202,-1.16380016459568,0.0124226854917136,-0.159175181600833,0.0116432587486138,-0.495562633559112,0.00499638814450687
1.34451075983821,0.332089065357054,-0.0674668787445082,-1.16386016064584,0.0125301607495859,-0.159172331943282,0.0117353770362758,-0.495653621179736,0.00509767050833126
1.3538351415051,0.33196864426183,-0.0679367708317119,-1.1639207863844,0.0126386885334545,-0.159169266121932,0.0118282410428339,-0.495745024593372,0.00520051791667214
1.36322418914273,0.331846308407971,-0.0684096802412244,-1.16398204758646,0.0127482799172373,-0.159165978800933,0.0119218554733274,-0.495836835859728,0.00530494686961852
1.37267835121923,0.331722030648804,-0.068885618484663,-1.16404395007899,0.012858946096523,-0.159162464564608,0.0120162250168751,-0.495929046810351,0.0054109738758592
1.38219807931287,0.331595783549434,-0.0693645969410953,-1.1641064997414,0.0129706983903109,-0.159158717917106,0.0121113543455192,-0.496021649047537,0.00551861544874188
1.39178382813373,0.331467539385566,-0.0698466268533349,-1.16416970250606,0.0130835482427885,-0.159154733282077,0.0122072481130586,-0.496114633943326,0.00562788810228415
1.40143605554534,0.331337270142331,-0.0703317193241993,-1.16423356435889,0.0131975072251477,-0.159150505002349,0.0123039109538697,-0.496207992638587,0.00573880834714235
1.4111552225866,0.331204947513129,-0.0708198853127368,-1.16429809133992,0.0133125870374402,-0.159146027339637,0.0124013474817168,-0.496301716042199,0.00585139268653617
1.42094179349378,0.331070542898491,-0.0713111356304155,-1.1643632895438,0.0134287995104737,-0.159141294474259,0.0124995622885515,-0.496395794830316,0.00596565761213519
1.43079623572268,0.330934027404944,-0.0718054809372784,-1.16442916512038,0.0135461566077473,-0.159136300504872,0.0125985599433019,-0.496490219445734,0.00608161959990783
1.440719019971,0.330795371843903,-0.0723029317380615,-1.16449572427521,0.0136646704274298,-0.159131039448224,0.0126983449906509,-0.496584980097353,0.00619929510593503
1.45071062020079,0.33065454673056,-0.0728034983782759,-1.16456297327012,0.013784353204379,-0.159125505238925,0.0127989219498058,-0.496680066759732,0.00631870056219269
1.46077151366109,0.330511522282801,-0.073307191040251,-1.16463091842369,0.0139052173122039,-0.159119691729237,0.0129002953132578,-0.496775469172754,0.00643985237230454
1.47090218091073,0.330366268420123,-0.0738140197391412,-1.16469956611183,0.0140272752653705,-0.159113592688873,0.0130024695455321,-0.496871176841379,0.00656276690726754
1.48110310584131,0.330218754762574,-0.0743239943188921,-1.16476892276821,0.0141505397213514,-0.159107201804827,0.0131054490819299,-0.496967179035509,0.0066874605011546
1.49137477570027,0.330068950629695,-0.074837124448168,-1.16483899488483,0.01427502348282,-0.159100512681209,0.0132092383272615,-0.497063464789952,0.00681394944679581
1.50171768111418,0.329916825039484,-0.0753534196162386,-1.16490978901245,0.0144007394998892,-0.159093518839111,0.0133138416545711,-0.497160022904494,0.00694224999144155
1.5121323161122,0.32976234670736,-0.075872889128823,-1.1649813117611,0.0145277008723981,-0.159086213716477,0.0134192634038544,-0.497256841944072,0.00707237833241042
1.52261917814963,0.329605484045153,-0.0763955421038928,-1.16505356980053,0.0146559208522428,-0.159078590668004,0.0135255078807685,-0.497353910239058,0.00720435061272595
1.53317876813171,0.32944620516009,-0.0769213874674299,-1.16512656986067,0.0147854128457557,-0.159070642965054,0.0136325793553344,-0.497451215885652,0.00733818291674382
1.54381159043753,0.329284477853804,-0.0774504339491412,-1.16520031873204,0.0149161904161318,-0.159062363795586,0.0137404820606332,-0.497548746746375,0.00747389126577408
1.55451815294413,0.329120269621351,-0.0779826900781265,-1.16527482326619,0.0150482672859046,-0.159053746264111,0.0138492201914955,-0.497646490450684,0.00761149161369951
1.56529896705074,0.328953547650234,-0.0785181641784993,-1.1653500903761,0.0151816573394691,-0.159044783391656,0.0139587979031855,-0.497744434395687,0.00775099984259681
1.57615454770323,0.328784278819448,-0.0790568643649608,-1.16542612703657,0.0153163746256555,-0.159035468115758,0.0140692193100782,-0.497842565746968,0.00789243175836052
1.58708541341869,0.328612429698523,-0.0795987985383223,-1.16550294028457,0.0154524333603528,-0.15902579329047,0.0141804884843325,-0.497940871439533,0.00803580308633461
1.5980920863102,0.328437966546593,-0.0801439743809783,-1.16558053721961,0.0155898479291831,-0.159015751686384,0.0142926094545582,-0.498039338178856,0.00818112946695543
1.60917509211179,0.328260855311465,-0.0806923993523273,-1.16565892500403,0.0157286328902258,-0.159005335990683,0.014405586204479,-0.498137952442038,0.00832842645140819
1.62033496020352,0.328081061628708,-0.0812440806841382,-1.16573811086335,0.0158688029767961,-0.158994538807196,0.0145194226715908,-0.498236700479084,0.00847770949730192
1.63157222363676,0.327898550820748,-0.0817990253758625,-1.16581810208653,0.016010373100273,-0.158983352656489,0.0146341227458159,-0.498335568314284,0.00862899396436473
1.64288741915971,0.327713287895982,-0.0823572401898888,-1.16589890602622,0.0161533583529812,-0.15897176997596,0.0147496902681537,-0.498434541747706,0.00878229511016437
1.65428108724297,0.327525237547895,-0.082918731646741,-1.16598053009899,0.0162977740111275,-0.158959783119966,0.014866129029328,-0.498533606356802,0.0089376280858558
1.6657537721054,0.327334364154207,-0.0834835060202141,-1.16606298178556,0.0164436355377879,-0.158947384359954,0.0149834427684306,-0.498632747498121,0.00909500793196172
1.67730602174008,0.327140631776012,-0.084051569332451,-1.16614626863095,0.0165909585859522,-0.158934565884626,0.0151016351715629,-0.498731950309134,0.00925444957418697
1.68893838794052,0.326944004156951,-0.0846229273489551,-1.16623039824464,0.0167397590016205,-0.158921319800112,0.0152207098704745,-0.498831199710166,0.00941596781927184
1.70065142632699,0.326744444722388,-0.0851975855735375,-1.16631537830067,0.0168900528269571,-0.158907638130165,0.0153406704411995,-0.498930480406435,0.00957957735088705
1.71244569637308,0.326541916578608,-0.0857755492431994,-1.16640121653776,0.017041856303498,-0.158893512816374,0.0154615204026913,-0.499029776890202,0.00974529272557456
1.72432176143241,0.326336382512027,-0.0863568233229439,-1.16648792075931,0.0171951858754154,-0.158878935718399,0.015583263215455,-0.499129073443023,0.00991312836873676
1.73628018876552,0.326127804988423,-0.086941412500519,-1.16657549883346,0.0173500581928386,-0.158863898614219,0.0157059022801789,-0.499228354138103,0.0100830985706781
1.74832154956701,0.325916146152186,-0.087529321181088,-1.16666395869306,0.0175064901152309,-0.158848393200398,0.015829440936365,-0.499327602842762,0.0102552174827023
1.7604464189928,0.325701367825581,-0.0881205534818263,-1.16675330833558,0.0176644987148241,-0.158832411092379,0.0159538824609577,-0.499426803220996,0.0104294991132685
1.77265537618758,0.325483431508038,-0.0887151132264423,-1.16684355582306,0.0178241012801104,-0.158815943824779,0.0160792300669724,-0.499525938736136,0.0106059573242095
1.78494900431252,0.325262298375467,-0.0893130039396193,-1.16693470928194,0.017985315319392,-0.158798982851722,0.0162054869021239,-0.499624992653615,0.0107846058270164
1.79732789057308,0.32503792927958,-0.0899142288413792,-1.16702677690287,0.0181481585643883,-0.15878151954717,0.0163326560474533,-0.499723948043821,0.0109654581791899
1.80979262624709,0.32481028474726,-0.0905187908413632,-1.16711976694054,0.0183126489739022,-0.158763545205288,0.0164607405159564,-0.499822787785054,0.0111485277806662
1.82234380671297,0.324579324979937,-0.0911266925330302,-1.16721368771333,0.0184788047375443,-0.158745051040815,0.0165897432512107,-0.499921494566565,0.0113338278703156
1.83498203147818,0.324345009852999,-0.091737936187767,-1.16730854760305,0.0186466442795169,-0.158726028189462,0.0167196671260036,-0.500020050891699,0.0115213715225207
1.84770790420785,0.324107298915237,-0.0923525237489138,-1.16740435505458,0.0188161862624553,-0.158706467708315,0.0168505149409604,-0.500118439081112,0.0117111716438346
1.86052203275364,0.323866151388313,-0.0929704568256968,-1.16750111857539,0.0189874495913308,-0.158686360576271,0.0169822894231734,-0.500216641276083,0.0119032409697233
1.87342502918271,0.323621526166261,-0.0935917366870717,-1.16759884673513,0.0191604534174107,-0.158665697694475,0.0171149932248312,-0.500314639441908,0.0120975920613948
1.88641750980704,0.323373381815034,-0.0942163642554715,-1.1676975481651,0.0193352171422801,-0.158644469886786,0.0172486289218489,-0.50041241537137,0.0122942373027176
1.89950009521279,0.323121676572073,-0.0948443401004594,-1.16779723155763,0.0195117604219214,-0.158622667900253,0.0173831990124994,-0.500509950688293,0.0124931888972317
1.91267341029,0.322866368345927,-0.095475664432283,-1.1678979056655,0.0196901031708554,-0.15860028240561,0.0175187059160452,-0.500607226851163,0.012694458865253
1.92593808426241,0.322607414715907,-0.0961103370953305,-1.1679995793012,0.0198702655663413,-0.158577303997787,0.0176551519713721,-0.500704225156829,0.0128980590410759
1.93929475071751,0.32234477293179,-0.0967483575614825,-1.16810226133617,0.0200522680526365,-0.158553723196436,0.0177925394356227,-0.500800926744272,0.0131040010702756
1.95274404763682,0.322078399913565,-0.0973897249233626,-1.16820596070004,0.0202361313453176,-0.158529530446477,0.0179308704828328,-0.500897312598432,0.01331229640711
1.96628661742637,0.321808252251232,-0.0980344378874803,-1.16831068637966,0.0204218764356596,-0.158504716118654,0.018070147202567,-0.500993363554105,0.0135229563120274
1.97992310694735,0.321534286204653,-0.0986824947672684,-1.1684164474182,0.0206095245950773,-0.158479270510115,0.0182103715985574,-0.5010890602999,0.0137359918492798
1.99365416754703,0.32125645770345,-0.0993338934760087,-1.16852325291413,0.020799097379624,-0.158453183844996,0.0183515455873419,-0.501184383382248,0.013951413884643
2.00748045508988,0.320974722346975,-0.0999886315196485,-1.1686311120201,0.0209906166345522,-0.158426446275037,0.0184936709969052,-0.501279313209464,0.0141692330832464
2.0214026299889,0.320689035404334,-0.100646705989503,-1.16874003394178,0.0211841044989324,-0.158399047880196,0.0186367495653198,-0.50137383005586,0.0143894599075145
2.03542135723711,0.32039935181447,-0.101308113554844,-1.16885002793663,0.021379583410333,-0.15837097866929,0.0187807829393886,-0.501467914065902,0.014612104615221
2.0495373064394,0.320105626186323,-0.10197285045537,-1.16896110331259,0.0215770761095573,-0.15834222858065,0.0189257726732889,-0.501561545258412,0.0148371772576564
2.06375115184445,0.319807812799059,-0.102640912493561,-1.16907326942665,0.0217766056454416,-0.158312787482787,0.0190717202272171,-0.5016547035308,0.0150646876779117
2.07806357237695,0.319505865602374,-0.103312295026913,-1.1691865356834,0.0219781953797112,-0.158282645175076,0.0192186269660342,-0.501747368663343,0.0152946455092779
2.09247525167004,0.319199738216872,-0.103986992960051,-1.16930091153344,0.0221818689918945,-0.158251791388455,0.019366494157913,-0.501839520323485,0.0155270601737646
2.10698687809795,0.318889383934534,-0.104665000736718,-1.16941640647175,0.0223876504842961,-0.15822021578614,0.019515322972985,-0.501931138070162,0.0157619408807343
2.12159914480891,0.318574755719267,-0.105346312331643,-1.16953303003596,0.0225955641870265,-0.158187907964353,0.019665114481989,-0.502022201358163,0.0159992966256592
2.1363127497582,0.318255806207548,-0.106030921242283,-1.16965079180449,0.0228056347630904,-0.158154857453066,0.0198158696549198,-0.502112689542496,0.0162391361889946
2.15112839574156,0.317932487709162,-0.106718820480438,-1.16976970139465,0.0230178872135309,-0.158121053716762,0.0199675893596771,-0.502202581882778,0.0164814681351749
2.1660467904287,0.317604752208037,-0.107410002563741,-1.16988976846063,0.0232323468826298,-0.158086486155205,0.0201202743607155,-0.502291857547631,0.0167263008117293
2.18106864639712,0.317272551363188,-0.108104459507014,-1.17001100269136,0.0234490394631647,-0.158051144104236,0.020273925317694,-0.502380495619091,0.0169736423485174
2.19619468116618,0.316935836509764,-0.108802182813501,-1.17013341380831,0.0236679910017197,-0.158015016836571,0.020428542784126,-0.502468475097017,0.0172235006570875
2.21142561723131,0.31659455866021,-0.109503163465971,-1.17025701156318,0.0238892279040516,-0.157978093562627,0.0205841272060286,-0.502555774903498,0.0174758834301531
2.22676218209858,0.31624866850555,-0.110207391917684,-1.17038180573548,0.02411277694051,-0.15794036343135,0.0207406789205722,-0.502642373887261,0.0177307981411922
2.24220510831939,0.315898116416791,-0.110914858083231,-1.17050780612995,0.0243386652515086,-0.157901815531074,0.0208981981547295,-0.502728250828068,0.0179882520441652
2.25775513352553,0.315542852446452,-0.111625551329242,-1.17063502257401,0.024566920353051,-0.157862438890379,0.0210566850239235,-0.5028133844411,0.0182482521733521
2.27341300046436,0.315182826330227,-0.11233946046496,-1.17076346491491,0.0247975701423057,-0.157822222478979,0.0212161395306752,-0.502897753381327,0.0185108053433098
2.28917945703428,0.314817987488795,-0.113056573732686,-1.17089314301695,0.0250306429032324,-0.157781155208615,0.0213765615632503,-0.502981336247857,0.0187759181489464
2.30505525632052,0.314448285029759,-0.113776878798085,-1.17102406675843,0.0252661673122571,-0.157739225933973,0.0215379508943038,-0.503064111588264,0.0190435969657127
2.32104115663104,0.314073667749745,-0.114500362740369,-1.17115624602856,0.0255041724439958,-0.157696423453608,0.0217003071795249,-0.503146057902886,0.0193138479499099
2.33713792153279,0.313694084136653,-0.115227012042343,-1.17128969072426,0.0257446877770252,-0.157652736510898,0.0218636299562787,-0.503227153649095,0.019586677039112
2.35334631988814,0.313309482372064,-0.115956812580316,-1.17142441074676,0.0259877431996982,-0.157608153795,0.0220279186422471,-0.503307377245532,0.0198620899527017
2.36966712589169,0.31291981033382,-0.11668974961389,-1.17156041599814,0.026233369016006,-0.157562663941834,0.022193172534068,-0.503386707076299,0.0201400921925181
2.38610111910714,0.312525015598771,-0.117425807775608,-1.17169771637772,0.0264815959514825,-0.157516255535078,0.0223593908059715,-0.503465121495121,0.0204206890436154
2.40264908450462,0.312125045445699,-0.118164971060482,-1.17183632177829,0.0267324551591495,-0.157468917107185,0.0225265725084148,-0.503542598829449,0.0207038855751293
2.41931181249812,0.311719846858431,-0.118907222815389,-1.17197624208226,0.0269859782255041,-0.157420637140414,0.0226947165667139,-0.503619117384527,0.0209896866412508
2.43609009898327,0.311309366529136,-0.119652545728335,-1.17211748715756,0.0272421971765445,-0.157371404067882,0.0228638217796736,-0.503694655447402,0.0212780968823046
2.45298474537537,0.310893550861819,-0.1204009218176,-1.17226006685357,0.027501144483832,-0.157321206274632,0.0230338868182137,-0.503769191290877,0.0215691207259313
2.46999655864764,0.310472345976021,-0.121152332420754,-1.17240399099671,0.0277628530705903,-0.157270032098726,0.0232049102239936,-0.503842703177411,0.0218627623883687
2.48712635136979,0.310045697710724,-0.121906758183554,-1.17254926938605,0.0280273563178372,-0.157217869832347,0.0233768904080326,-0.503915169362955,0.0221590258758324
2.50437494174681,0.309613551628469,-0.122664179048717,-1.17269591178863,0.0282946880705491,-0.157164707722934,0.0235498256493282,-0.503986568100729,0.0224579149859928
2.52174315365806,0.309175853019698,-0.123424574244575,-1.17284392793477,0.028564882643855,-0.157110533974327,0.0237237140934703,-0.504056877644924,0.0227594333095442
2.53923181669665,0.308732546907323,-0.124187922273614,-1.17299332751307,0.0288379748292585,-0.157055336747936,0.0238985537512528,-0.504126076254341,0.0230635842318664
2.55684176620901,0.308283578051531,-0.1249542009009,-1.17314412016535,0.0291139999008866,-0.156999104163938,0.0240743424972816,-0.50419414219596,0.0233703709347739
2.57457384333485,0.307828890954824,-0.125723387142392,-1.17329631548141,0.0293929936217603,-0.156941824302483,0.0242510780685787,-0.504261053748427,0.0236797963983505
2.59242889504728,0.307368429867307,-0.126495457253149,-1.17344992299361,0.0296749922500888,-0.156883485204937,0.0244287580631832,-0.504326789205472,0.0239918634028672
2.61040777419332,0.306902138792239,-0.127270386715431,-1.17360495217128,0.0299600325455809,-0.156824074875136,0.0246073799387494,-0.504391326879241,0.0243065745307795
2.6285113395346,0.306429961491833,-0.128048150226695,-1.17376141241495,0.0302481517757737,-0.156763581280673,0.0247869410111402,-0.504454645103552,0.0246239321688018
2.64674045578839,0.305951841493327,-0.128828721687499,-1.17391931305045,0.0305393877223752,-0.156701992354208,0.0249674384530176,-0.504516722237068,0.0249439385100561
2.6650959936689,0.30546772209533,-0.129612074189307,-1.17407866332278,0.0308337786876183,-0.156639295994794,0.0251488692924303,-0.504577536666376,0.0252665955562912
2.68357882992886,0.304977546374449,-0.130398180002204,-1.17423947238982,0.0311313635006222,-0.156575480069243,0.0253312304113971,-0.504637066808993,0.0255919051201694
2.70218984740145,0.304481257192197,-0.131187010562529,-1.17440174931584,0.0314321815237613,-0.15651053241351,0.0255145185444874,-0.504695291116273,0.0259198688276184
2.72092993504239,0.303978797202208,-0.131978536460421,-1.17456550306487,0.0317362726590346,-0.156444440834106,0.0256987302773988,-0.504752188076223,0.0262504881202437
2.73979998797246,0.303470108857734,-0.13277272742729,-1.17473074249383,0.032043677354436,-0.156377193109538,0.0258838620455314,-0.504807736216235,0.0265837642578005
2.75880090752022,0.302955134419466,-0.13356955232322,-1.17489747634547,0.0323544366103203,-0.156308776991784,0.0260699101325593,-0.504861914105721,0.0269196983207187
2.77793360126509,0.30243381596366,-0.134368979124299,-1.17506571324115,0.0326685919857623,-0.156239180207788,0.0262568706690003,-0.50491470035865,0.0272582912126807
2.79719898308069,0.301906095390587,-0.135170974909893,-1.1752354616734,0.032986185604905,-0.156168390460994,0.0264447396307819,-0.504966073635995,0.0275995436632468
2.81659797317847,0.301371914433305,-0.13597550584986,-1.17540672999825,0.033307260163295,-0.156096395432907,0.0266335128378068,-0.505016012648085,0.0279434562305259
2.83613149815172,0.300831214666773,-0.136782537191722,-1.17557952642742,0.0336318589341986,-0.156023182784687,0.0268231859525159,-0.50506449615685,0.0282900293038875
2.85580049101974,0.3002839375173,-0.137592033247783,-1.17575385902024,0.0339600257748971,-0.155948740158776,0.0270137544784496,-0.505111502977984,0.0286392631067117
2.87560589127251,0.299730024272339,-0.138403957382223,-1.17592973567538,0.0342918051329574,-0.155873055180562,0.0272052137588095,-0.505157011982994,0.028991157699174
2.89554864491548,0.299169416090639,-0.139218271998148,-1.1761071641224,0.0346272420524723,-0.155796115460071,0.0273975589750181,-0.50520100210116,0.0293457129810621
2.91562970451479,0.298602054012755,-0.140034938524631,-1.176286151913,0.0349663821802673,-0.155717908593702,0.0275907851452797,-0.505243452321397,0.0297029286946206
2.93585002924278,0.298027878971919,-0.140853917403728,-1.17646670641219,0.0353092717720697,-0.155638422165993,0.0277848871231411,-0.505284341694008,0.0300628044274197
2.95621058492378,0.297446831805293,-0.141675168077489,-1.17664883478905,0.0356559576986365,-0.155557643751429,0.0279798595960536,-0.505323649332351,0.0304253396152469
2.97671234408028,0.29685885326559,-0.14249864897497,-1.17683254400747,0.0360064874518334,-0.155475560916282,0.0281756970839366,-0.505361354414395,0.0307905335450163
2.99735628597932,0.296263884033084,-0.143324317499249,-1.17701784081647,0.0363609091506643,-0.1553921612205,0.0283723939377439,-0.505397436184186,0.0311583853576917
3.01814339667932,0.295661864728011,-0.144152130014463,-1.17720473174045,0.0367192715472438,-0.155307432219625,0.0285699443380324,-0.505431873953209,0.0315288940512241
3.03907466907719,0.295052735923361,-0.144982041832868,-1.17739322306911,0.0370816240327084,-0.155221361466763,0.0287683422935352,-0.505464647101655,0.0319020584834957
3.06015110295567,0.294436438158078,-0.145814007201932,-1.17758332084717,0.0374480166430622,-0.155133936514585,0.0289675816397389,-0.505495735079586,0.0322778773752699
3.08137370503119,0.29381291195066,-0.146647979291471,-1.17777503086383,0.0378185000649501,-0.15504514491738,0.0291676560374661,-0.50552511740801,0.0326563493131447
3.10274348900188,0.293182097813175,-0.147483910180839,-1.17796835864206,0.0381931256413561,-0.154954974233149,0.029368558971465,-0.505552773679853,0.0330374727525043
3.12426147559604,0.292543936265699,-0.148321750846179,-1.17816330942752,0.0385719453772171,-0.154863412025741,0.029570283749005,-0.505578683560839,0.0334212460204678
3.14592869262085,0.291898367851164,-0.149161451147748,-1.17835988817738,0.0389550119449516,-0.154770445867035,0.0297728234984817,-0.505602826790274,0.0338076673188322
3.16774617501149,0.291245333150648,-0.150002959817323,-1.17855809954878,0.0393423786898925,-0.154676063339177,0.0299761711680306,-0.505625183181737,0.0341967347270042
3.18971496488059,0.290584772799084,-0.150846224445697,-1.17875794788711,0.0397340996356224,-0.154580252036848,0.0301803195241505,-0.505645732623682,0.0345884462049221
3.21183611156796,0.28991662750142,-0.151691191470288,-1.17895943721401,0.0401302294892016,-0.154482999569598,0.0303852611503397,-0.505664455079941,0.0349827995959614
3.23411067169074,0.289240838049202,-0.152537806162856,-1.17916257121514,0.0405308236462879,-0.154384293564216,0.0305909884457438,-0.505681330590143,0.0353797926298245
3.25653970919388,0.288557345337622,-0.153386012617346,-1.17936735322763,0.0409359381961339,-0.154284121667155,0.0307974936238176,-0.505696339270045,0.0357794229254086
3.27912429540095,0.287866090382995,-0.154235753737876,-1.17957378622739,0.0413456299264652,-0.154182471547008,0.0310047687110023,-0.505709461311773,0.0361816879936534
3.30186550906528,0.287167014340706,-0.155086971226867,-1.17978187281608,0.0417599563282234,-0.154079330897035,0.0312128055454195,-0.505720676983981,0.0365865852403623
3.32476443642155,0.286460058523604,-0.15593960557334,-1.1799916152078,0.0421789756001748,-0.153974687437741,0.0314215957755822,-0.505729966631916,0.036994111968997
3.3478221712376,0.285745164420851,-0.156793596041391,-1.1802030152156,0.0426027466533731,-0.153868528919506,0.0316311308591263,-0.50573731067742,0.0374042653834437
3.37103981486675,0.285022273717247,-0.157648880658847,-1.18041607423769,0.043031329115471,-0.153760843125275,0.0318414020615621,-0.50574268961883,0.0378170425907468
3.39441847630035,0.284291328313003,-0.158505396206124,-1.18063079324335,0.0434647833348747,-0.153651617873292,0.0320524004550486,-0.505746084030815,0.0382324406038091
3.41795927222076,0.283552270343993,-0.159363078205309,-1.18084717275865,0.0439031703847303,-0.153540841019896,0.0322641169171918,-0.505747474564127,0.0386504563440579
3.44166332705473,0.282805042202469,-0.160221860909449,-1.18106521285187,0.0443465520667405,-0.153428500462373,0.0324765421298685,-0.505746841945283,0.0390710866440721
3.46553177302703,0.28204958655825,-0.161081677292107,-1.18128491311862,0.0447949909147969,-0.153314584141859,0.0326896665780776,-0.505744166976166,0.0394943282501709
3.48956575021462,0.281285846380379,-0.161942459037151,-1.18150627266675,0.0452485501984278,-0.153199080046302,0.0329034805488205,-0.505739430533568,0.039920177824963
3.51376640660105,0.280513764959254,-0.162804136528824,-1.18172929010099,0.0457072939260471,-0.153081976213486,0.0331179741300125,-0.505732613568645,0.0403486319498515
3.53813489813128,0.279733285929238,-0.163666638842101,-1.1819539635073,0.0461712868480018,-0.1529632607341,0.0333331372094272,-0.505723697106326,0.0407796871274963
3.56267238876697,0.278944353291733,-0.164529893733332,-1.18218029043693,0.0466405944594052,-0.152842921754879,0.0335489594736748,-0.505712662244636,0.0412133397842311
3.58738005054197,0.278146911438738,-0.165393827631214,-1.18240826789031,0.0471152830027518,-0.152720947481793,0.033765430407218,-0.505699490153976,0.0416495862724336
3.61225906361841,0.277340905176873,-0.166258365628081,-1.18263789230058,0.0475954194703038,-0.152597326183301,0.0339825392914261,-0.505684162076322,0.0420884228728486
3.63731061634298,0.27652627975188,-0.167123431471543,-1.18286915951686,0.0480810716062392,-0.152472046193655,0.03420027520367,-0.505666659324385,0.0425298457968621
3.66253590530377,0.275702980873593,-0.167988947556487,-1.18310206478735,0.0485723079085565,-0.152345095916276,0.0344186270164595,-0.505646963280696,0.0429738511887258
3.68793613538733,0.27487095474138,-0.168854834917448,-1.18333660274207,0.0490691976307254,-0.152216463827172,0.0346375833966263,-0.50562505539665,0.0434204351277307
3.71351251983634,0.274030148070049,-0.169721013221378,-1.18357276737537,0.0495718107830732,-0.152086138478434,0.0348571328045531,-0.50560091719149,0.0438695936303294
3.73926628030746,0.273180508116225,-0.170587400760819,-1.18381055202817,0.0500802181339014,-0.151954108501771,0.0350772634934534,-0.505574530251243,0.0443213226522064
3.76519864692972,0.272321982705184,-0.171453914447503,-1.18404994937001,0.050594491210322,-0.151820362612122,0.035297963508701,-0.505545876227605,0.0447756180902957
3.7913108583633,0.271454520258148,-0.172320469806391,-1.18429095138072,0.0511147022988034,-0.151684889611311,0.0355192206872155,-0.505514936836787,0.045232475784745
3.81760416185865,0.270578069820033,-0.173186980970171,-1.18453354933195,0.0516409244454175,-0.151547678391775,0.0357410226569019,-0.505481693858305,0.0456918915208255
3.84407981331609,0.269692581087651,-0.17405336067423,-1.18477773376838,0.052173231455781,-0.151408717940335,0.0359633568361504,-0.50544612913374,0.046153861030789
3.87073907734582,0.268798004438355,-0.174919520252114,-1.18502349448873,0.0527116978946778,-0.151267997342037,0.0361862104333958,-0.505408224565449,0.0466183799956696
3.89758322732826,0.267894290959123,-0.175785369631503,-1.18527082052646,0.0532563990853553,-0.151125505784043,0.0364095704467417,-0.50536796211524,0.0470854440470306
3.92461354547494,0.266981392476081,-0.176650817330705,-1.18551970013028,0.0538074111084854,-0.150981232559585,0.036633423663649,-0.505325323803015,0.0475550487686585
3.95183132288971,0.266059261584445,-0.177515770455698,-1.18577012074443,0.0543648108007806,-0.150835167071964,0.0368577566606934,-0.505280291705373,0.0480271896982003
3.97923785963041,0.265127851678892,-0.178380134697727,-1.18602206898864,0.0549286757532531,-0.150687298838617,0.0370825558033941,-0.505232847954185,0.0485018623287471
4.00683446477099,0.264187116984343,-0.179243814331479,-1.18627553063798,0.0554990843091111,-0.150537617495231,0.0373078072461149,-0.505182974735133,0.0489790621103641
4.03462245646401,0.263237012587143,-0.18010671221386,-1.18653049060236,0.0560761155612807,-0.150386112799911,0.0375334969320416,-0.505130654286225,0.0494587844515647
4.06260316200361,0.262277494466647,-0.180968729783371,-1.18678693290592,0.0566598493495437,-0.150232774637402,0.0377596105932378,-0.505075868896283,0.0499410247207317
4.09077791788892,0.261308519527188,-0.181829767060126,-1.18704484066608,0.0572503662572813,-0.150077593023364,0.0379861337507813,-0.505018600903402,0.0504257782474856
4.11914806988789,0.26033004563042,-0.182689722646511,-1.18730419607251,0.0578477476078146,-0.149920558108694,0.0382130517149845,-0.504958832693388,0.0509130403239977
4.14771497310157,0.259342031628029,-0.183548493728505,-1.18756498036576,0.0584520754603327,-0.149761660183897,0.0384403495857002,-0.504896546698173,0.0514028062062525
4.17647999202884,0.258344437394803,-0.184405976077692,-1.18782717381581,0.0590634326053958,-0.149600889683511,0.0386680122527168,-0.50483172539421,0.0518950711152569
4.20544450063156,0.257337223862039,-0.185262064053958,-1.18809075570031,0.0596819025600088,-0.149438237190568,0.0388960243962439,-0.50476435130085,0.0523898302381982
4.23460988240025,0.256320353051284,-0.186116650608919,-1.18835570428274,0.0603075695622493,-0.149273693441107,0.0391243704874926,-0.504694406978695,0.052887078729551
4.26397753042013,0.255293788108392,-0.186969627290074,-1.18862199679027,0.0609405185654446,-0.149107249328729,0.0393530347893513,-0.504621875027946,0.053386811712134
4.29354884743766,0.254257493337888,-0.187820884245709,-1.18888960939156,0.0615808352318875,-0.14893889590919,0.0395820013571608,-0.504546738086721,0.0538890242781178
4.32332524592758,0.25321143423762,-0.188670310230569,-1.18915851717432,0.0622286059260795,-0.148768624405035,0.0398112540395912,-0.504468978829375,0.054393711489983
4.35330814816033,0.252155577533683,-0.189517792612316,-1.1894286941227,0.0628839177074929,-0.148596426210273,0.040040776479622,-0.504388579964797,0.0549008683814309
4.38349898627002,0.251089891215607,-0.190363217378785,-1.18970011309459,0.0635468583228418,-0.148422292895078,0.0402705521156293,-0.504305524234695,0.0554104899582482
4.41389920232282,0.250014344571785,-0.19120646914606,-1.18997274579871,0.0642175161978551,-0.148246216210533,0.0405005641825817,-0.504219794411877,0.0559225711991239
4.44451024838583,0.248928908225123,-0.192047431167375,-1.19024656277162,0.0648959804285362,-0.148068188093397,0.0407307957133474,-0.504131373298512,0.0564371070564216
4.47533358659646,0.247833554168905,-0.192885985342877,-1.19052153335455,0.0655823407719069,-0.147888200670904,0.0409612295401156,-0.504040243724399,0.0569540924569093
4.50637068923228,0.246728255802841,-0.193722012230238,-1.19079762567015,0.0662766876362217,-0.147706246265588,0.0411918482959336,-0.503946388545203,0.0574735223024422
4.53762303878129,0.245612987969289,-0.194555391056158,-1.19107480659912,0.066979112070645,-0.147522317400129,0.0414226344163623,-0.503849790640708,0.0579953914706068
4.56909212801278,0.244487726989626,-0.19538599972876,-1.19135304175675,0.0676897057543828,-0.147336406802218,0.0416535701412531,-0.503750432913049,0.058519694815322
4.60077946004862,0.243352450700749,-0.196213714850886,-1.19163229546936,0.068408560985259,-0.147148507409443,0.0418846375166471,-0.503648298284936,0.0590464271673996
4.63268654843505,0.242207138491683,-0.197038411734329,-1.19191253075067,0.0691357706677284,-0.146958612374188,0.0421158183967998,-0.503543369697884,0.0595755833350666
4.66481491721498,0.241051771340284,-0.197859964414987,-1.19219370927811,0.0698714283003168,-0.146766715068541,0.0423470944463327,-0.503435630110424,0.0601071581044474
4.69716610100076,0.239886331849992,-0.198678245668983,-1.1924757913691,0.0706156279624831,-0.146572809089213,0.0425784471425149,-0.503325062496319,0.0606411462400113
4.72974164504755,0.238710804286643,-0.199493127029732,-1.19275873595721,0.0713684643008907,-0.146376888262458,0.0428098577776752,-0.503211649842764,0.0611775424849805
4.76254310532705,0.237525174615281,-0.200304478805996,-1.1930425005684,0.0721300325150832,-0.146178946649,0.043041307461748,-0.503095375148594,0.0617163415617053
4.79557204860185,0.236329430536981,-0.201112170100915,-1.19332704129714,0.0729004283425577,-0.145978978548952,0.0432727771249535,-0.502976221422474,0.0622575381720033
4.82883005250031,0.23512356152562,-0.201916068832047,-1.19361231278265,0.0736797480432251,-0.145776978506732,0.0435042475206153,-0.502854171681095,0.0628011269974661
4.86231870559183,0.233907558864612,-0.202716041752406,-1.19389826818498,0.0744680883832531,-0.145572941315969,0.0437356992281158,-0.502729208947355,0.063347102699732
4.89603960746281,0.232681415683537,-0.203511954472527,-1.19418485916129,0.0752655466182835,-0.145366862024395,0.0439671126559921,-0.502601316248539,0.0638954599207294
4.92999436879299,0.231445126994678,-0.204303671483553,-1.19447203584209,0.0760722204760172,-0.145158735938718,0.0441984680451722,-0.502470476614499,0.0644461932828862
4.96418461143244,0.230198689729403,-0.205091056181366,-1.19475974680746,0.0768882081381626,-0.144948558629478,0.0444297454723555,-0.502336673075815,0.0649992973893121
4.99861196847899,0.228942102774392,-0.205873970891751,-1.19504793906351,0.0777136082217378,-0.144736325935874,0.0446609248535352,-0.502199888661961,0.0655547668239496
5.03327808435624,0.227675367007658,-0.206652276896627,-1.19533655801875,0.0785485197597247,-0.14452203397056,0.0448919859476678,-0.502060106399458,0.0661125961516973
5.06818461489212,0.226398485334353,-0.207425834461324,-1.19562554746067,0.0793930421810667,-0.144305679124408,0.0451229083604869,-0.501917309310024,0.0666727799185056
5.10333322739797,0.225111462722307,-0.208194502862931,-1.19591484953241,0.0802472752900077,-0.144087258071237,0.045353671548465,-0.501771480408709,0.0672353126514442
5.13872560074817,0.223814306237292,-0.20895814041971,-1.1962044047095,0.0811113192447647,-0.143866767772488,0.0455842548229224,-0.501622602702028,0.0678001888587437
5.17436342546036,0.22250702507796,-0.209716604521586,-1.19649415177684,0.0819852745355329,-0.143644205481864,0.0458146373542848,-0.501470659186082,0.0683674030298113
5.21024840377617,0.221189630610436,-0.210469751661711,-1.1967840278058,0.082869241961817,-0.143419568749907,0.0460447981764891,-0.501315632844666,0.0689369496352195
5.24638224974252,0.219862136402536,-0.211217437469105,-1.19707396813144,0.0837633226090873,-0.143192855428524,0.0462747161915387,-0.501157506647373,0.0695088231266713
5.2827666892935,0.218524558257561,-0.211959516742384,-1.19736390633007,0.0846676178247572,-0.142964063675449,0.0465043701742079,-0.500996263547673,0.0700830179369388
5.31940346033281,0.217176914247657,-0.212695843484557,-1.19765377419688,0.085582229193476,-0.142733191958637,0.0467337387768956,-0.500831886480997,0.070659528479778
5.35629431281677,0.215819224746685,-0.213426270938914,-1.19794350172388,0.0865072585117417,-0.142500239060589,0.046962800534628,-0.500664358362788,0.0712383491498185
5.39344100883792,0.214451512462591,-0.214150651625987,-1.19823301707809,0.0874428077618259,-0.142265204082597,0.0471915338702105,-0.500493662086552,0.0718194743224294
5.43084532270915,0.213073802469215,-0.214868837381581,-1.19852224657997,0.0883889790850136,-0.142028086448911,0.0474199170995279,-0.500319780521883,0.0724028983535601
5.4685090410485,0.211686122237536,-0.215580679395886,-1.19881111468215,0.0893458747541551,-0.141788885910812,0.0476479284369918,-0.500142696512476,0.072988615579557
5.50643396286443,0.210288501666287,-0.216286028253652,-1.19909954394846,0.09031359714553,-0.141547602550605,0.0478755460011364,-0.499962392874118,0.0735766203169542
5.54462189964184,0.208880973111931,-0.21698473397542,-1.19938745503331,0.0912922487100263,-0.141304236785498,0.0481027478203587,-0.499778852392662,0.0741669068622422
5.58307467542852,0.207463571417944,-0.217676646059814,-1.19967476666138,0.0922819319436303,-0.141058789371395,0.0483295118388048,-0.499592057821982,0.0747594694916078
5.6217941269223,0.206036333943387,-0.218361613526873,-1.19996139560771,0.0932827493572349,-0.14081126140657,0.0485558159223994,-0.499401991881894,0.0753543024606511
5.66078210355879,0.204599300590717,-0.219039484962423,-1.20024725667811,0.0942948034457634,-0.140561654335232,0.0487816378650172,-0.499208637256073,0.0759514000040739
5.70004046759971,0.203152513832811,-0.219710108563469,-1.20053226269005,0.0953181966566133,-0.140309969950974,0.0490069553947944,-0.499011976589927,0.0765507563353434
5.73957109422183,0.201696018739161,-0.220373332184608,-1.20081632445391,0.0963530313574235,-0.14005621040009,0.0492317461805797,-0.498811992488457,0.0771523656463272
5.77937587160657,0.200229863001212,-0.221029003385435,-1.2010993507547,0.0973994098031687,-0.139800378184777,0.0494559878385203,-0.498608667514083,0.0777562221068991
5.81945670103016,0.198754096956807,-0.221676969478938,-1.20138124833423,0.0984574341025825,-0.139542476166188,0.0496796579387828,-0.498401984184444,0.0783623198645172
5.85981549695445,0.197268773613689,-0.222317077580868,-1.20166192187377,0.0995272061839184,-0.139282507567355,0.0499027340124058,-0.498191924970172,0.078970653043771
5.90045418711838,0.195773948672053,-0.222949174660057,-1.20194127397719,0.100608827760051,-0.139020475975964,0.0501251935582803,-0.497978472292624,0.0795812157458956
5.94137471263004,0.194269680546082,-0.22357310758967,-1.20221920515465,0.101702400292926,-0.138756385346984,0.0503470140502576,-0.497761608521595,0.0801940020482555
5.9825790280594,0.192756030384459,-0.224188723199384,-1.20249561380677,0.10280802495736,-0.138490240005133,0.050568172944379,-0.497541315972988,0.0808090060037921
6.02406910153166,0.191233062089802,-0.22479586832845,-1.20277039620946,0.103925802604207,-0.138222044647193,0.0507886476862251,-0.497317576906454,0.0814262216404371
6.06584691482126,0.189700842337,-0.225394389879641,-1.20304344649921,0.105055833722889,-0.137951804344152,0.0510084157183822,-0.497090373522993,0.0820456429604878
6.10791446344653,0.188159440590404,-0.225984134874037,-1.20331465665906,0.106198218403306,-0.137679524543183,0.0512274544880198,-0.49685968796252,0.0826672639399436
6.15027375676503,0.186608929119856,-0.226564950506649,-1.20358391650517,0.107353056297138,-0.137405211069445,0.0514457414545774,-0.496625502301394,0.083291078527803
6.19292681806951,0.185049383015508,-0.227136684202838,-1.203851113674,0.108520446578532,-0.1371288701277,0.0516632540975555,-0.496387798549901,0.083917080645316
6.23587568468454,0.18348088020141,-0.227699183675501,-1.20411613361016,0.109700487904207,-0.13685050830375,0.051879969924406,-0.496146558649711,0.0845452641851941
6.27912240806387,0.181903501447824,-0.228252296983018,-1.20437885955497,0.110893278372969,-0.136570132565688,0.0520958664785194,-0.495901764471275,0.0851756230107722
6.32266905388835,0.180317330382246,-0.228795872587892,-1.20463917253563,0.112098915484663,-0.136287750264945,0.0523109213473012,-0.495653397811196,0.0858081509551224
6.36651770216467,0.178722453499096,-0.229329759416095,-1.20489695135521,0.11331749609856,-0.136003369137148,0.0525251121703353,-0.49540144038955,0.0864428418201162
6.41067044732463,0.17711896016805,-0.229853806917051,-1.20515207258327,0.114549116391202,-0.135716997302772,0.0527384166476275,-0.495145873847164,0.0870796893754335
6.45512939832527,0.175506942640987,-0.230367865124243,-1.20540441054729,0.115793871813715,-0.135428643267583,0.0529508125479247,-0.49488667974285,0.0877186873575152
6.49989667874954,0.173886496057513,-0.230871784716406,-1.20565383732485,0.117051857048602,-0.135138315922874,0.0531622777171038,-0.494623839550596,0.0883598294684572
6.54497442690774,0.172257718449054,-0.231365417079262,-1.20590022273658,0.118323165966041,-0.134846024545484,0.0533727900866247,-0.494357334656711,0.0890031093748432
6.5903647959397,0.170620710741475,-0.231848614367774,-1.20614343433993,0.11960789157968,-0.134551778797599,0.0535823276820414,-0.49408714635692,0.0896485207065126
6.63606995391757,0.168975576756199,-0.232321229568864,-1.20638333742375,0.120906126001978,-0.134255588726331,0.053790868631566,-0.493813255853425,0.0902960570552622
6.68209208394941,0.167322423209826,-0.232783116564574,-1.2066197950037,0.122217960399075,-0.13395746476307,0.053998391174678,-0.493535644251903,0.0909457119734769
6.72843338428345,0.16566135971219,-0.233234130195612,-1.20685266781851,0.123543484945234,-0.133657417722613,0.0542048736707728,-0.493254292558475,0.0915974789726882
6.77509606841313,0.16399249876287,-0.233674126325252,-1.20708181432713,0.124882788776859,-0.133355458802051,0.0544102946078444,-0.492969181676617,0.092251351522055
6.82208236518274,0.162315955746115,-0.234102961903551,-1.20730709070671,0.126235959946106,-0.133051599579433,0.0546146326111926,-0.49268029240403,0.092907323046766
6.86939451889399,0.160631848924157,-0.234520495031817,-1.20752835085152,0.127603085374118,-0.132745852012182,0.0548178664521508,-0.492387605429466,0.0935653869263587
6.91703478941313,0.158940299428918,-0.234926585027309,-1.20774544637275,0.128984250803888,-0.132438228435282,0.0550199750568257,-0.492091101329502,0.0942255364929528
6.96500545227891,0.157241431252073,-0.235321092488113,-1.20795822659928,0.130379540752776,-0.132128741559211,0.055220937514841,-0.491790760565282,0.0948877650293924
7.0133087988113,0.155535371233456,-0.23570387935814,-1.20816653857933,0.131789038464711,-0.131817404467645,0.0554207330880804,-0.491486563479201,0.0955520657672962
7.06194713622089,0.153822249047813,-0.236074808992216,-1.20837022708307,0.133212825862073,-0.131504230614901,0.0556193412194195,-0.491178490291557,0.096218431885011
7.11092278771915,0.152102197189864,-0.236433746221196,-1.20856913460623,0.134650983497304,-0.131189233823146,0.0558167415414411,-0.490866521097153,0.0968868565054644
7.16023809262934,0.150375350957682,-0.236780557417076,-1.20876310137465,0.136103590504248,-0.130872428279348,0.0560129138851247,-0.490550635861869,0.097557332693913
7.20989540649828,0.148641848434377,-0.237115110558031,-1.2089519653498,0.137570724549254,-0.130553828531985,0.0562078382885038,-0.49023081441918,0.0982298534555837
7.25989710120885,0.146901830468062,-0.237437275293348,-1.20913556223534,0.139052461782062,-0.130233449487499,0.0564014950052819,-0.489907036466651,0.0989044117332032
7.31024556509332,0.145155440650123,-0.237746923008189,-1.20931372548463,0.140548876786492,-0.129911306406503,0.0565938645134005,-0.489579281562385,0.0995810004044117
7.36094320304735,0.143402825291758,-0.238043926888147,-1.20948628630929,0.142060042530952,-0.129587414899736,0.0567849275235491,-0.489247529121444,0.100259612279059
7.41199243664497,0.141644133398805,-0.238328161983525,-1.20965307368877,0.143586030318811,-0.129261790923765,0.0569746649876115,-0.48891175841223,0.100940240096374
7.46339570425412,0.13987951664485,-0.238599505273313,-1.20981391438095,0.145126909738632,-0.128934450776444,0.057163058107038,-0.488571948552845,0.101622876522016
7.51515546115323,0.138109129342611,-0.238857835728776,-1.20996863293373,0.146682748614311,-0.128605411092117,0.0573500883411371,-0.488228078507417,0.102307514144982
7.56727417964842,0.136333128413607,-0.23910303437664,-1.21011705169777,0.148253612955128,-0.128274688836572,0.0575357374152772,-0.4878801270824,0.102994145474395
7.61975434919166,0.13455167335612,-0.239334984361787,-1.21025899084014,0.149839566905754,-0.127942301301756,0.0577199873289903,-0.487528072922857,0.103682762936139
7.67259847649959,0.132764926211442,-0.239553571009429,-1.21039426835914,0.151440672696218,-0.127608266100233,0.0579028203639699,-0.487171894508721,0.104373358869368
7.72580908567334,0.130973051528431,-0.239758681886708,-1.21052270010007,0.153056990591873,-0.127272601159409,0.0580842190919542,-0.486811570151032,0.105065925522854
7.77938871831903,0.129176216326374,-0.239950206863647,-1.21064409977217,0.154688578843377,-0.126935324715506,0.058264166382487,-0.486447077988178,0.105760455051195
7.83333993366922,0.127374590056177,-0.240128038173436,-1.21075827896653,0.15633549363672,-0.126596455307305,0.0584426454105469,-0.486078395982107,0.106456939510867
7.8876653087051,0.12556834455989,-0.240292070471961,-1.2108650471751,0.157997789043319,-0.126256011769647,0.0586196396640383,-0.485705501914547,0.107155370856123
7.94236743827963,0.123757654028581,-0.240442200896558,-1.21096421181078,0.1596755169702,-0.125914013226701,0.058795132951134,-0.485328373383216,0.107855740934722
7.99744893524145,0.12194269495859,-0.240578329123913,-1.21105557822851,0.161368727110301,-0.125570479085007,0.058969109407463,-0.48494698779804,0.108558041483504
8.0529124305597,0.120123646106159,-0.240700357427078,-1.21113894974754,0.163077466892922,-0.125225429026285,0.0591415535031346,-0.484561322377369,0.109262264123794
8.10876057344967,0.118300688440482,-0.240808190731536,-1.21121412767464,0.164801781434327,-0.124878883000029,0.0593124500495911,-0.484171354144214,0.109968400356633
8.16499603149936,0.11647400509518,-0.240901736670271,-1.21128091132843,0.166541713488553,-0.124530861215877,0.0594817842062806,-0.483777059922488,0.110676441557839
8.22162149079689,0.114643781318237,-0.240980905637802,-1.21133909806479,0.168297303398424,-0.124181384135773,0.0596495414871437,-0.48337841633328,0.111386378972887
8.27863965605879,0.112810204420421,-0.241045610843106,-1.2113884833033,0.170068589046808,-0.123830472465916,0.059815707766904,-0.48297539979114,0.112098203711614
8.33605325075921,0.110973463722213,-0.241095768361413,-1.21142886055471,0.171855605808138,-0.123478147148506,0.0599802692871582,-0.482567986500404,0.11281190674273
8.39386501726,0.109133750499282,-0.241131297184806,-1.2114600214495,0.173658386500221,-0.123124429353296,0.0601432126622546,-0.482156152451555,0.113527478888158
8.45207771694168,0.107291257926529,-0.241152119271578,-1.21148175576745,0.175476961336356,-0.122769340468946,0.0603045248849563,-0.481739873417616,0.11424491081717
8.51069413033537,0.10544618102074,-0.241158159594314,-1.21149385146828,0.177311357877788,-0.122412902094196,0.0604641933318795,-0.481319124950603,0.114964193040341
8.56971705725559,0.103598716581886,-0.241149346186639,-1.2114960947233,0.179161600986523,-0.122055136028857,0.0606222057687016,-0.480893882378021,0.115685315903309
8.62914931693396,0.101749063133094,-0.241125610188602,-1.21148826994806,0.181027712778521,-0.121696064264626,0.060778550355132,-0.480464120799424,0.116408269580329
8.68899374815392,0.0998974208593396,-0.241086885890633,-1.21147015983605,0.182909712577291,-0.12133570897574,0.060933215649638,-0.480029815083038,0.11713304406764
8.74925320938629,0.0980439915448978,-0.241033110776059,-1.21144154539341,0.184807616867912,-0.120974092509465,0.061086190613922,-0.479590939862458,0.117859629176628
8.80993057892579,0.0961889785095903,-0.240964225562116,-1.21140220597461,0.186721439251509,-0.120611237376439,0.0612374646171417,-0.479147469533424,0.118588014526781
8.87102875502857,0.0943325865438759,-0.24088017423943,-1.21135191931913,0.188651190400181,-0.120247166240864,0.0613870274398682,-0.478699378250679,0.119318189538448
8.93255065605059,0.0924750218428264,-0.240780904109925,-1.21129046158914,0.19059687801244,-0.119881901910569,0.0615348692777771,-0.478246639924922,0.120050143425387
8.99449922058705,0.0906164919390348,-0.240666365823132,-1.21121760740808,0.19255850676914,-0.119515467326933,0.0616809807450663,-0.477789228219862,0.120783865187111
9.05687740761275,0.0887572056345013,-0.240536513410846,-1.2111331299003,0.19453607828995,-0.119147885554704,0.0618253528775966,-0.477327116549374,0.121519343601022
9.11968819662343,0.0868973729315471,-0.240391304320116,-1.21103680073155,0.196529591090371,-0.118779179771689,0.0619679771357491,-0.476860278074775,0.12225656721434
9.18293458777804,0.0850372049628051,-0.240230699444536,-1.21092839015045,0.198539040539323,-0.118409373258355,0.0621088454069959,-0.476388685702215,0.122995524335822
9.2466196020421,0.0831769139203363,-0.240054663153794,-1.21080766703088,0.20056441881732,-0.118038489387325,0.0622479500081794,-0.475912312080205,0.123736203027269
9.31074628133199,0.0813167129839254,-0.239863163321467,-1.21067439891526,0.202605714875249,-0.117666551612797,0.0623852836874964,-0.475431129597274,0.124478591094829
9.3753176886602,0.0794568162486088,-0.239656171351027,-1.21052835205872,0.204662914393772,-0.11729358345988,0.0625208396261842,-0.474945110379777,0.125222676080085
9.44033690828169,0.0775974386514852,-0.239433662200038,-1.21036929147421,0.206735999743375,-0.116919608513873,0.0626546114399037,-0.474454226289855,0.125968445250938
9.50580704584117,0.0757387958978669,-0.239195614402525,-1.21019698097838,0.208824949945059,-0.116544650409471,0.0627865931798184,-0.473958448923554,0.12671588559228
9.57173122852146,0.073881104386824,-0.238942010089487,-1.21001118323838,0.21092974063172,-0.116168732819942,0.0629167793333661,-0.473457749609115,0.127464983796459
9.63811260519287,0.0720245811361802,-0.238672835007543,-1.20981165981949,0.213050344010201,-0.115791879446252,0.0630451648247197,-0.472952099405439,0.12821572625354
9.70495434656358,0.0701694437070127,-0.238388078535693,-1.20959817123357,0.215186728824061,-0.115414114006169,0.0631717450149377,-0.472441469100747,0.128968099041358
9.7722596453311,0.0683159101277178,-0.238087733700179,-1.2093704769883,0.217338860317049,-0.115035460223347,0.0632965157018007,-0.471925829211418,0.129722087915369
9.84003171633479,0.0664641988176946,-0.237771797187433,-1.20912833563726,0.219506700197312,-0.114655941816399,0.0634194731193333,-0.47140514998105,0.130477678298302
9.90827379670937,0.0646145285107096,-0.237440269355109,-1.20887150483071,0.22169020660235,-0.11427558248798,0.0635406139370113,-0.470879401379713,0.131234855269608
9.97698914603959,0.062767118177996,-0.23709315424118,-1.20859974136723,0.223889334064717,-0.113894405913875,0.0636599352586515,-0.470348553103438,0.131993603554714
10.0461810465159,0.0609221869511481,-0.2367304595711,-1.20831280124606,0.2261040334785,-0.113512435732109,0.0637774346209874,-0.469812574573927,0.13275390751409
10.1158528030912,0.0590799540448689,-0.236352196763033,-1.20801043972015,0.228334252066573,-0.113129695532094,0.063893109991927,-0.469271434938498,0.13351575113211
10.1860077436388,0.0572406386796295,-0.235958380931133,-1.20769241134999,0.230579933348631,-0.112746208843817,0.0640069597684963,-0.468725103070283,0.134279118005744
10.2566492191112,0.0554044600042975,-0.235549030886887,-1.20735847005808,0.232841017110039,-0.112361999127079,0.0641189827744676,-0.46817354756868,0.135043991333054
10.3277806037004,0.0535716370187943,-0.235124169138524,-1.20700836918416,0.23511743937148,-0.111977089760799,0.0642291782576754,-0.467616736760058,0.135810353901519
10.3994052949988,0.0517423884968378,-0.234683821888483,-1.20664186154103,0.237409132359423,-0.111591504032388,0.064337545887019,-0.467054638698751,0.136578188076177
10.4715267141616,0.0499169329088296,-0.234228019028954,-1.20625869947112,0.239716024477422,-0.111205265127212,0.0644440857491573,-0.466487221168319,0.137347475787605
10.5441483060703,0.048095488344943,-0.233756794135507,-1.20585863490361,0.242038040278242,-0.110818396118145,0.0645487983448944,-0.465914451683104,0.138118198519729
10.6172735394972,0.0462782724384693,-0.233270184458804,-1.20544141941226,0.244375100436837,-0.110430919955219,0.0646516845852612,-0.465336297490085,0.138890337297477
10.6909059072708,0.044465502289479,-0.232768230914419,-1.20500680427384,0.246727121724173,-0.1100428594554,0.0647527457872959,-0.464752725571036,0.139663872674274
10.7650489264432,0.0426573943888526,-0.232250978070773,-1.20455454052708,0.249094016981906,-0.109654237292476,0.0648519836695244,-0.464163702645001,0.140438784719394
10.8397061384575,0.0408541645427382,-0.23171847413521,-1.20408437903235,0.25147569509793,-0.109265075987084,0.0649494003471477,-0.463569195171095,0.141215053005169
10.9148811093176,0.0390560277974875,-0.231170770938213,-1.20359607053179,0.253872060982784,-0.108875397896871,0.0650449983269376,-0.462969169351628,0.141992656594058
10.9905774297578,0.037263198365126,-0.230607923915806,-1.20308936571007,0.256283015546946,-0.108485225206818,0.0651387805018464,-0.46236359113558,0.142771574025592
11.0667987154147,0.0354758895494095,-0.230029992090137,-1.20256401525565,0.258708455678997,-0.108094579919714,0.0652307501453352,-0.461752426222414,0.1435517833032
11.1435486070002,0.0336943136725171,-0.22943703804829,-1.20201976992264,0.261148274224674,-0.107703483846806,0.0653209109054255,-0.461135640066255,0.144333261880913
11.2208307704748,0.031918682002434,-0.228829127919332,-1.20145638059311,0.263602359966814,-0.107311958598623,0.0654092667984791,-0.460513197880417,0.145115986649977
11.2986488972231,0.0301492046810707,-0.228206331349634,-1.20087359833996,0.26607059760619,-0.106920025575994,0.0654958222027135,-0.459885064642322,0.145899933925349
11.3770067042298,0.0283860906531693,-0.227568721476483,-1.2002711744903,0.268552867743247,-0.106527705961254,0.0655805818514563,-0.459251205098779,0.146685079432125
11.4559079342577,0.0266295475960427,-0.226916374900034,-1.19964886068923,0.271049046860743,-0.106135020709659,0.0656635508261472,-0.458611583771663,0.147471398291869
11.535356356026,0.0248797818501927,-0.22624937165361,-1.19900640896423,0.273559007307287,-0.105741990541011,0.0657447345490927,-0.457966164963976,0.148258865008888
11.6153557643908,0.0231369983508517,-0.225567795172405,-1.1983435717899,0.276082617281802,-0.105348635931506,0.0658241387759804,-0.457314912766319,0.149047453456433
11.6959099805258,0.0214014005604923,-0.224871732260602,-1.19766010215323,0.278619740818889,-0.104954977105805,0.0659017695881609,-0.456657791063765,0.149837136862852
11.7770228521052,0.0196731904023424,-0.224161273056968,-1.19695575361928,0.281170237775118,-0.104561034029346,0.0659776333847031,-0.455994763543149,0.150627887797708
11.8586982534876,0.0179525681949527,-0.223436510998939,-1.19623028039733,0.283733963816234,-0.104166826400892,0.066051736874232,-0.455325793700773,0.151419678157854
11.9409400859005,0.0162397325878478,-0.222697542785247,-1.1954834374074,0.28631077040529,-0.103772373645331,0.0661240870665555,-0.454650844850547,0.152212479153501
12.0237522776272,0.0145348804983041,-0.221944468337121,-1.19471498034728,0.288900504791711,-0.103377694906732,0.0661946912640889,-0.453969880132554,0.153006261294263
12.1071387841942,0.0128382070492863,-0.221177390758114,-1.1939246657599,0.291503010001292,-0.102982809041663,0.0662635570530858,-0.453282862522057,0.153800994375214
12.1911035885602,0.0111499055085773,-0.220396416292577,-1.1931122511011,0.294118124827124,-0.102587734612776,0.0663306922946819,-0.45258975483895,0.154596647462954
12.2756507013062,0.00947016722913596,-0.219601654282848,-1.1922774948079,0.296745683821469,-0.102192489882662,0.0663961051157631,-0.451890519757656,0.155393188881701
12.3607841608273,0.00779918159070811,-0.21879321712517,-1.19142015636703,0.299385517288579,-0.101797092807994,0.066459803899664,-0.45118511981748,0.156190586199418
12.4465080335254,0.00613713594272508,-0.217971220224414,-1.19053999638391,0.30203745127846,-0.101401561033944,0.0665217972767076,-0.450473517433423,0.156988806213997
12.5328264140034,0.00448421554851405,-0.217135781947621,-1.18963677665204,0.304701307581596,-0.101005911888897,0.066582094114595,-0.449755674907449,0.157787814939493
12.6197434252612,0.0028406035308447,-0.216287023576432,-1.1887102602227,0.307376903724626,-0.100610162379451,0.0666407035086531,-0.449031554440235,0.158587577592448
12.7072632188919,0.00120648081883876,-0.215425069258431,-1.18776021147503,0.310064052966992,-0.100214329185723,0.0666976347719514,-0.448301118143376,0.159388058578287
12.7953899752808,-0.000417973903739072,-0.21455004595747,-1.18678639618652,0.312762564298556,-0.0998184286569459,0.0667528974252968,-0.447564328052069,0.160189221477831
12.8841279038047,-0.0020325842487865,-0.213662083403003,-1.1857885816038,0.315472242438189,-0.0994224768073804,0.066806501187115,-0.446821146138281,0.160991029033917
12.9734812430331,-0.00363717617274828,-0.212761314038483,-1.18476653651381,0.318192887833348,-0.0990264893125279,0.0668584559632303,-0.446071534324382,0.161793443138147
13.0634542609305,-0.00523157802406277,-0.211847872968871,-1.18372003131535,0.320924296660646,-0.0986304815056575,0.0669087718365515,-0.445315454497275,0.162596424817782
13.1540512550606,-0.00681562058915669,-0.210921897907305,-1.18264883809086,0.323666260827412,-0.0982344683746452,0.0669574590566752,-0.444552868523,0.163399934222795
13.2452765527909,-0.00838913713697417,-0.209983529120969,-1.18155273067872,0.326418567974262,-0.0978384645591288,0.0670045280294159,-0.443783738261823,0.164203930613097
13.3371345115004,-0.00995196346203076,-0.209032909376219,-1.18043148474568,0.329181001478685,-0.0974424843479804,0.0670499893062725,-0.443008025583818,0.165008372345939
13.4296295187868,-0.0115039379259787,-0.208070183883005,-1.17928487785983,0.331953340459652,-0.0970465416770976,0.0670938535738425,-0.442225692384933,0.165813216863535
13.5227659926764,-0.0130449014976814,-0.207095500238642,-1.17811268956372,0.334735359783257,-0.0966506501275148,0.0671361316431923,-0.441436700603541,0.166618420680881
13.6165483818355,-0.0145746977917873,-0.206109008370977,-1.17691470144789,0.337526830069403,-0.0962548229238353,0.067176834439195,-0.440641012237481,0.16742393937382
13.7109811657822,-0.0160931731057995,-0.205110860480988,-1.17569069722476,0.34032751769954,-0.095859072932985,0.0672159729898446,-0.439838589361588,0.168229727567351
13.806068855101,-0.0176001764556389,-0.204101210984884,-1.1744404628027,0.343137184825476,-0.0954634126632878,0.0672535584155583,-0.439029394145707,0.169035738924197
13.9018159916578,-0.0190955596096997,-0.203080216455726,-1.17316378636058,0.34595558937926,-0.0950678542638619,0.0672896019184748,-0.438213388873191,0.169841926133653
13.998227148817,-0.0205791771213975,-0.202048035564632,-1.17186045842249,0.348782485084155,-0.094672409524338,0.0673241147717604,-0.437390535959883,0.170648240900733
14.0953069316601,-0.0220508863602126,-0.201004829021609,-1.17053027193285,0.351617621466728,-0.0942770898748967,0.067357108308932,-0.436560797973582,0.171454633935623
14.1930599772055,-0.023510547541231,-0.199950759516047,-1.16917302233176,0.35446074387004,-0.0938819063866262,0.067388593913207,-0.435724137653983,0.172261054943457
14.2914909546299,-0.02495802375319,-0.198885991656933,-1.1677885076307,0.357311593467986,-0.0934868697721966,0.0674185830068898,-0.434880517933096,0.173067452614445
14.3906045654914,-0.0263931809850329,-0.197810691912812,-1.16637652848846,0.360169907280782,-0.0930919903868505,0.0674470870408052,-0.434029901956129,0.17387377461435
14.4904055439544,-0.0278158881509818,-0.196725028551557,-1.16493688828739,0.363035418191607,-0.0926972782297082,0.0674741174837879,-0.433172253102852,0.174679967575343
14.5908986570152,-0.0292260171141389,-0.195629171579974,-1.16346939320992,0.365907854964445,-0.0923027429453832,0.0674996858122375,-0.432307535009408,0.175485977087256
14.6920887047298,-0.0306234427086232,-0.194523292683283,-1.16197385231537,0.368786942263112,-0.091908393825908,0.0675238034997494,-0.431435711590594,0.176291747689229
14.7939805204436,-0.0320080427602599,-0.193407565164534,-1.16045007761694,0.371672400671513,-0.0915142398129646,0.0675464820068294,-0.430556747062589,0.177097222861794
14.8965789710218,-0.0333796981058301,-0.19228216388397,-1.15889788415907,0.374563946715132,-0.0911202895004191,0.0675677327707032,-0.429670605966124,0.177902345019391
14.999888957082,-0.0347382926108993,-0.191147265198397,-1.15731709009495,0.377461292883779,-0.0907265511371542,0.0675875671952281,-0.428777253190102,0.178707055503349
15.1039154132284,-0.0360837131862371,-0.190003046900592,-1.15570751676434,0.380364147655619,-0.0903330326301987,0.0676059966409169,-0.427876653995637,0.179511294575328
15.2086633082875,-0.037415849802847,-0.188849688158772,-1.15406898877156,0.383272215522499,-0.089939741548147,0.0676230324150827,-0.426968774040529,0.180315001411265
15.3141376455451,-0.0387345955056212,-0.187687369456189,-1.1524013340637,0.386185197016591,-0.0895466851248668,0.0676386857621129,-0.426053579404149,0.181118114095814
15.4203434629857,-0.040039846425641,-0.186516272530848,-1.15070438400911,0.389102788738383,-0.0891538702634891,0.0676529678538811,-0.425131036612731,0.181920569617319
15.5272858335329,-0.0413315017911409,-0.185336580315419,-1.14897797347596,0.392024683386035,-0.0887613035406757,0.0676658897803059,-0.424201112665065,0.182722303863315
15.6349698652918,-0.0426094639371568,-0.184148476877338,-1.14722194091108,0.394950569786123,-0.0883689912111598,0.0676774625400627,-0.423263775058577,0.183523251616595
15.7434007017931,-0.043873638313879,-0.182952147359162,-1.14543612841892,0.397880132925794,-0.0879769392125538,0.0676876970314599,-0.422318991815785,0.184323346551836
15.8525835222385,-0.0451239334937327,-0.181747777919182,-1.14362038184067,0.400813053986357,-0.087585153170419,0.0676966040434832,-0.421366731511128,0.185122521232823
15.9625235417481,-0.0463602611772058,-0.180535555672335,-1.14177455083348,0.403749010378342,-0.0871936384035917,0.0677041942470194,-0.42040696329814,0.18592070711027
16.07322601161,-0.047582536197451,-0.179315668631441,-1.13989848894986,0.406687675778037,-0.0868023999297592,0.0677104781862639,-0.419439656936977,0.186717834520258
16.1846962195303,-0.048790676523681,-0.178088305648789,-1.13799205371711,0.40962872016554,-0.0864114424712801,0.067715466270322,-0.418464782822268,0.187513832683308
16.2969394898867,-0.0499846032633847,-0.1768536563581,-1.13605510671684,0.41257180986435,-0.0860207704612423,0.0677191687650083,-0.417482312011289,0.18830862970411
16.4099611839816,-0.0511642406633867,-0.175611911116879,-1.13408751366459,0.415516607582521,-0.0856303880497515,0.0677215957848527,-0.416492216252433,0.189102152571902
16.5237667002994,-0.0523295161097754,-0.174363260949206,-1.13208914448941,0.418462772455399,-0.0852402991104451,0.067722757285319,-0.415494468013976,0.189894327161543
16.6383614747635,-0.0534803601267256,-0.17310789748895,-1.1300598734135,0.421409960089986,-0.0848505072472227,0.0677226630552424,-0.414489040513118,0.190685078235269
16.7537509809962,-0.0546167063742394,-0.171846012923459,-1.12799957903181,0.424357822610934,-0.0844610158011875,0.067721322709492,-0.413475907745269,0.19147432944516
16.8699407305804,-0.0557384916448339,-0.170577799937725,-1.12590814439157,0.427306008708217,-0.0840718278577906,0.067718745681864,-0.412455044513599,0.192262003336334
16.9869362733223,-0.0568456558591979,-0.169303451659054,-1.12378545707182,0.430254163686489,-0.0836829462541714,0.0677149412182115,-0.411426426458796,0.193048021350871
17.1047431975172,-0.0579381420608465,-0.168023161602243,-1.12163140926273,0.43320192951617,-0.0832943735866852,0.0677099183698165,-0.410390030089042,0.193832303832484
17.2233671302159,-0.0590158964097993,-0.166737123615296,-1.11944589784487,0.436148944886276,-0.0829061122186129,0.0677036859870078,-0.409345832810178,0.194614770031962
17.3428137374936,-0.0600788681753063,-0.165445531825685,-1.11722882446829,0.439094845259019,-0.0825181642880417,0.067696252713032,-0.408293812956036,0.195395338113382
17.4630887247206,-0.0611270097276501,-0.164148580587165,-1.11498009563135,0.442039262926209,-0.0821305317159119,0.0676876269781807,-0.407233949818939,0.196173925161105
17.5841978368348,-0.0621602765290486,-0.162846464427162,-1.1126996227594,0.444981827067481,-0.08174321621422,0.0676778169941776,-0.406166223680316,0.196950447187578
17.7061468586161,-0.0631786271236852,-0.161539377994743,-1.11038732228307,0.447922163810361,-0.0813562192943697,0.0676668307488322,-0.40509061584145,0.197724819141945
17.8289416149627,-0.0641820231268912,-0.160227516009182,-1.10804311571635,0.45085989629222,-0.0809695422756643,0.0676546760009616,-0.404007108654304,0.19849695491948
17.9525879711692,-0.0651704292135067,-0.158911073209112,-1.10566692973424,0.453794644724104,-0.08058318629393,0.0676413602755844,-0.402915685552433,0.199266767371846
18.0770918332073,-0.0661438131054455,-0.157590244302306,-1.10325869625001,0.456726026456502,-0.0801971523102638,0.0676268908593918,-0.401816331081936,0.200034168318212
18.2024591480069,-0.0671021455584874,-0.156265223916051,-1.10081835249209,0.459653656047043,-0.0798114411198954,0.067611274796497,-0.400709030932444,0.200799068557204
18.3286959037413,-0.0680454003483243,-0.154936206548159,-1.09834584108033,0.46257714533016,-0.0794260533611561,0.067594518884466,-0.399593771968115,0.201561377879733
18.4558081301122,-0.0689735542558841,-0.153603386518595,-1.09584111010184,0.465496103488738,-0.0790409895245454,0.0675766296706349,-0.398470542258603,0.202321005082679
18.5838018986386,-0.0698865870519543,-0.152266957921736,-1.09330411318621,0.468410137127758,-0.0786562499618866,0.0675576134487113,-0.39733933111,0.203077857983467
18.7126833229461,-0.0707844814811327,-0.150927114579265,-1.09073480958004,0.471318850349973,-0.0782718348955624,0.0675374762556677,-0.396200129095702,0.203831843435514
18.8424585590593,-0.0716672232451238,-0.149584049993696,-1.08813316422088,0.474221844833607,-0.077887744427823,0.0675162238689232,-0.395052928087194,0.204582867344578
18.9731338056957,-0.0725348009854062,-0.148237957302537,-1.08549914781032,0.477118719912123,-0.077503978550156,0.0674938618038191,-0.393897721284715,0.205330834685999
19.1047153045619,-0.0733872062652923,-0.146889029233092,-1.08283273688633,0.48000907265605,-0.0771205371527106,0.0674703953113876,-0.39273450324779,0.206075649522846
19.2372093406515,-0.0742244335514023,-0.145537458057893,-1.08013391389476,0.482892497956892,-0.0767374200337666,0.0674458293764158,-0.391563269925587,0.206817215024967
19.3706222425457,-0.0750464801945712,-0.144183435550779,-1.07740266725989,0.485768588613133,-0.07635462690924,0.0674201687158041,-0.390384018687098,0.20755543348896
19.5049603827152,-0.0758533464102127,-0.142827152943595,-1.074638991454,0.488636935418346,-0.0759721574222151,0.0673934177772222,-0.389196748351082,0.208290206359045
19.6402301778248,-0.076645035258156,-0.14146880088354,-1.07184288706593,0.491497127251409,-0.0755900111524958,0.06736558073806,-0.388001459215781,0.209021434248867
19.7764380890397,-0.0774215526219774,-0.140108569391131,-1.06901436086854,0.494348751168845,-0.0752081876261659,0.0673366615046761,-0.386798153088353,0.209749016964208
19.9135906223344,-0.0781829071878439,-0.1387466478188,-1.06615342588493,0.497191392499277,-0.0748266863251502,0.0673066637119412,-0.385586833314007,0.210472853526624
20.0516943288031,-0.0789291104228861,-0.137383224810118,-1.06326010145358,0.500024634940017,-0.0744455066967673,0.0672755907230782,-0.384367504804811,0.211192842198001
20.1907558049731,-0.0796601765531192,-0.136018488259628,-1.060334413292,0.502848060655777,-0.0740646481632655,0.0672434456297966,-0.383140174068142,0.211908880506024
20.3307816931193,-0.0803761225409266,-0.134652625273303,-1.05737639355917,0.505661250379501,-0.0736841101313329,0.0672102312527206,-0.381904849234754,0.212620865270576
20.4717786815819,-0.0810769680621234,-0.133285822129604,-1.05438608091651,0.508463783515332,-0.0733038920015734,0.0671759501421101,-0.380661540086428,0.213328692631037
20.6137535050858,-0.0817627354826148,-0.131918264241153,-1.05136352058725,0.511255238243676,-0.0729239931779385,0.0671406045788727,-0.379410258083185,0.214032258074505
20.756712945062,-0.0824334498346622,-0.130550136116993,-1.04830876441434,0.514035191628388,-0.0725444130771086,0.0671041965758652,-0.378151016390017,0.214731456464919
20.900663829972,-0.0830891387927732,-0.12918162132545,-1.0452218709167,0.516803219726049,-0.0721651511378129,0.0670667278794815,-0.37688382990313,0.215426182073088
21.0456130356336,-0.0837298326492263,-0.127812902457579,-1.04210290534362,0.51955889769733,-0.071786206830081,0.0670281999715269,-0.375608715275648,0.216116328607604
21.1915674855492,-0.0843555642892445,-0.126444161091188,-1.03895193972757,0.522301799920419,-0.0714075796644171,0.0669886140713739,-0.374325690942757,0.216801789246664
21.338534151237,-0.0849663691658282,-0.12507557775544,-1.03576905293495,0.525031500106504,-0.0710292692008886,0.066947971138398,-0.373034777146262,0.217482456670748
21.4865200525637,-0.0855622852742587,-0.12370733189602,-1.032554330715,0.527747571417283,-0.0706512750581206,0.0669062718746907,-0.371735995958526,0.218158223096187
21.6355322580795,-0.0861433531262835,-0.122339601840867,-1.0293078657467,0.53044958658448,-0.070273596922189,0.0668635167280458,-0.370429371305757,0.218828980309582
21.7855778853565,-0.0867096157239916,-0.120972564766453,-1.0260297576835,0.533137118031337,-0.0698962345554028,0.0668197058952155,-0.369114928990615,0.219494619703074
21.9366641013278,-0.0872611185333894,-0.119606396664617,-1.02272011319592,0.535809737996068,-0.0695191878049688,0.0667748393254335,-0.367792696714117,0.220155032310455
22.0887981226306,-0.0877979094576843,-0.11824127230994,-1.01937904601194,0.538467018657212,-0.0691424566115305,0.0667289167242006,-0.366462704096801,0.220810108844099
22.2419872159503,-0.0883200388102845,-0.116877365227649,-1.01600667695501,0.541108532260888,-0.0687660410175733,0.0666819375573282,-0.365124982699123,0.221459739732704
22.396238698368,-0.0888275592875226,-0.115514847662051,-1.01260313397967,0.543733851249885,-0.0683899411756883,0.0666339010552362,-0.363779566041059,0.222103815159833
22.5515599377096,-0.089320525941108,-0.114153890545496,-1.00916855220474,0.546342548394556,-0.0680141573566883,0.0665848062175001,-0.362426489620885,0.222742225103223
22.7079583528983,-0.0897989961503162,-0.112794663467847,-1.0057030739439,0.548934196925473,-0.0676386899575668,0.066534651817643,-0.361065790933099,0.223374859374869
22.8654414143084,-0.0902630295939187,-0.11143733464646,-1.00220684873368,0.551508370667802,-0.0672635395092947,0.0664834364081671,-0.359697509485467,0.224001607661838
23.0240166441225,-0.0907126882218595,-0.110082070896677,-0.998680033358759,0.554064644177328,-0.0668887066844467,0.066431158325819,-0.358321686815156,0.224622359567811
23.1836916166905,-0.0911480362266823,-0.108729037602806,-0.995122791874456,0.556602592878096,-0.0665141923046504,0.0663778156970852,-0.356938366503933,0.225237004655331
23.3444739588916,-0.0915691400147126,-0.1073783986896,-0.99153529562641,0.559121793201611,-0.0661399973478522,0.0663234064439092,-0.355547594192394,0.225845432488721
23.5063713504986,-0.0919760681769972,-0.106030316594227,-0.987917723267324,0.561621822727516,-0.0657661229553928,0.0662679282896277,-0.354149417593214,0.226447532677674
23.6693915245447,-0.0923688914600062,-0.104684952238713,-0.984270260770723,0.564102260325717,-0.0653925704388856,0.066211378765117,-0.352743886503368,0.227043194921466
23.8335422676926,-0.0927476827360974,-0.103342465002877,-0.980593101441658,0.566562686299858,-0.0650193412868934,0.0661537552151456,-0.351331052815315,0.227632309053781
23.9988314206069,-0.0931125169737481,-0.10200301269773,-0.976886445924283,0.569002682532108,-0.0646464371713953,0.0660950548049243,-0.349910970527116,0.228214765088126
24.1652668783283,-0.0934634712075538,-0.100666751539353,-0.973150502206235,0.571421832629154,-0.0642738599540399,0.0660352745268501,-0.348483695751454,0.228790453263792
24.3328565906507,-0.093800624507998,-0.0993338361232371,-0.969385485619766,0.573819722069359,-0.0639016116921777,0.065974411207434,-0.34704928672355,0.229359264092355
24.5016085625011,-0.0941240579509911,-0.0980044193990938,-0.965591618839539,0.576195938350979,-0.0635296946446683,0.0659124615144087,-0.345607803807921,0.22992108840467
24.6715308543219,-0.0944338545871827,-0.0966786526461238,-0.961769131877059,0.578550071141377,-0.0631581112774567,0.0658494219640068,-0.344159309504001,0.230475817398339
24.8426315824557,-0.0947300994110456,-0.0953566854487489,-0.957918262071648,0.580881712427142,-0.0627868642689142,0.0657852889284035,-0.342703868450555,0.231023342685612
25.0149189195333,-0.0950128793297338,-0.0940386656728023,-0.954039254077932,0.583190456665021,-0.0624159565149385,0.065720058643316,-0.34124154742891,0.23156355634171
25.1884010948637,-0.0952822831317131,-0.0927247394421761,-0.950132359849763,0.585475900933586,-0.0620453911338089,0.0656537272157524,-0.339772415364952,0.232096350953506
25.3630863948277,-0.0955384014551668,-0.0914150511159256,-0.94619783862055,0.587737645085539,-0.0616751714707921,0.065586290631902,-0.338296543329879,0.232621619668564
25.538983163273,-0.0957813267561742,-0.0901097432658316,-0.942235956879922,0.589975291900551,-0.0613053011024952,0.0655177447651591,-0.336814004539709,0.233139256244472
25.7160998019135,-0.0960111532766638,-0.0888089566544177,-0.938246988346692,0.592188447238551,-0.0609357838409607,0.0654480853842729,-0.335324874353489,0.233649155098456
25.89444477073,-0.0962279770121398,-0.0875128302134262,-0.93423121393808,0.594376720193356,-0.0605666237375014,0.0653773081616148,-0.333829230270236,0.234151211357228
26.0740265883745,-0.0964318956791832,-0.0862215010227523,-0.930188921735142,0.596539723246537,-0.0601978250862705,0.0653054086815561,-0.33232715192455,0.234645320907034
26.2548538325773,-0.096623008682726,-0.084935104289837,-0.926120406944375,0.59867707242143,-0.0598293924275656,0.0652323824489456,-0.330818721080916,0.235131380443862
26.4369351405564,-0.0968014170830995,-0.0836537733295234,-0.92202597185546,0.600788387437164,-0.0594613305508616,0.0651582248976811,-0.329304021626675,0.235609287523774
26.6202792094301,-0.0969672235628565,-0.0823776395443765,-0.917905925795123,0.60287329186261,-0.0590936444975716,0.065082931399365,-0.327783139563646,0.236078940613326
26.8048947966327,-0.0971205323933668,-0.0811068324054696,-0.913760585077057,0.604931413270138,-0.058726339563533,0.0650064972720358,-0.326256162998389,0.236540239140035
26.9907907203326,-0.0972614494011879,-0.0798414794336415,-0.909590272947923,0.606962383389062,-0.0583594213012162,0.064928917788967,-0.324723182131117,0.236993083542839
27.1779758598533,-0.097390081934209,-0.0785817061812276,-0.905395319529365,0.608965838258668,-0.0579928955216556,0.0648501881875239,-0.323184289243224,0.237437375322539
27.3664591560979,-0.0975065388275715,-0.0773276362142682,-0.901176061756057,0.610941418380693,-0.0576267682960991,0.0647703036780709,-0.321639578683442,0.237873017092153
27.556249611976,-0.0976109303693639,-0.0760793910952006,-0.896932843309752,0.61288876887115,-0.0572610459573777,0.06468925945292,-0.320089146852618,0.238299912627154
27.7473562928336,-0.0977033682660949,-0.0748370903660365,-0.892666014549321,0.614807539611372,-0.0568957351009917,0.0646070506953101,-0.318533092187099,0.238717966915549
27.9397883268864,-0.0977839656079441,-0.0736008515320343,-0.888375932436795,0.616697385398157,-0.0565308425859145,0.0645236725884115,-0.316971515140735,0.239127086207756
28.1335549056553,-0.097852836833792,-0.0723707900458667,-0.884062960459385,0.618557966092885,-0.0561663755351134,0.0644391203243432,-0.31540451816549,0.239527178066235
28.3286652844062,-0.0979100976960326,-0.071147019292295,-0.879727468547505,0.620388946769492,-0.0558023413357858,0.0643533891131968,-0.313832205690667,0.23991815141483
28.5251287825912,-0.0979558652251682,-0.0699296505733507,-0.87536983298879,0.62218999786117,-0.0554387476393142,0.0642664741920563,-0.312254684100748,0.240299916587779
28.7229547842946,-0.0979902576941925,-0.0687187930940359,-0.870990436338134,0.623960795305676,-0.0550756023609362,0.0641783708340063,-0.310672061711853,0.240672385378354
28.9221527386804,-0.0980133945827601,-0.0675145539485462,-0.866589667323751,0.62570102068911,-0.0547129136791346,0.0640890743571181,-0.309084448746817,0.241035471087076
29.1227321604441,-0.0980253965411513,-0.0663170381070235,-0.862167920749292,0.627410361388058,-0.0543506900347455,0.063998580133407,-0.307491957308905,0.241389088569471
29.324702630267,-0.0980263853540301,-0.0651263484028477,-0.857725597392039,0.629088510709951,-0.0539889401297873,0.06390688359775,-0.305894701354165,0.241733154283327
29.5280737952738,-0.0980164839040047,-0.0639425855204722,-0.853263103897199,0.630735168031532,-0.0536276729260114,0.0638139802567555,-0.304292796662418,0.242067586335389
29.7328553694936,-0.0979958161349913,-0.0627658479838124,-0.848780852668343,0.632350038935299,-0.0532668976431779,0.0637198656975781,-0.302686360806925,0.242392304527479
29.9390571343235,-0.0979645070153875,-0.0615962321451962,-0.844279261754027,0.633932835343795,-0.0529066237570564,0.0636245355966672,-0.301075513122711,0.242707230401965
30.1466889389963,-0.0979226825010618,-0.0604338321748802,-0.839758754730632,0.635483275651629,-0.0525468609971565,0.0635279857284424,-0.299460374673586,0.243012287286568
30.3557607010504,-0.0978704694981626,-0.0592787400511453,-0.83521976058148,0.637001084855095,-0.0521876193441889,0.063430211973887,-0.297841068217864,0.243307400338432
30.566282406804,-0.097807995825756,-0.0581310455509741,-0.830662713572266,0.638485994679281,-0.0518289090272621,0.0633312103290514,-0.296217718172801,0.243592496587449
30.7782641118319,-0.0977353901782968,-0.0569908362413234,-0.826088053122887,0.639937743702522,-0.0514707405208162,0.0632309769134567,-0.294590450577775,0.243867504978768
30.9917159414457,-0.0976527820879418,-0.0558581974709962,-0.821496223675697,0.64135607747811,-0.0511131245412983,0.0631295079783932,-0.292959393056228,0.244132356414465
31.2066480911777,-0.0975603018867121,-0.0547332123631227,-0.816887674560289,0.642740748653108,-0.0507560720435837,0.0630267999151018,-0.29132467477638,0.244386983794324
31.4230708272674,-0.0974580806685139,-0.0536159618082587,-0.812262859854843,0.644091517084176,-0.0503995942171456,0.0629228492628346,-0.289686426410755,0.244631322055696
31.6409944871527,-0.0973462502510255,-0.0525065244581102,-0.807622238244145,0.64540814995029,-0.0500437024819798,0.0628176527167835,-0.288044780094542,0.244865308212389
31.8604294799627,-0.0972249431374609,-0.0514049767198887,-0.80296627287433,0.646690421862224,-0.0496884084842873,0.0627112071358713,-0.286399869382795,0.245088881392556
32.0813862870155,-0.0970942924782198,-0.0503113927513103,-0.798295431204455,0.64793811496871,-0.0493337240919198,0.0626035095503967,-0.284751829206537,0.245301982875547
32.3038754623189,-0.0969544320324336,-0.049225844456241,-0.793610184854973,0.649151019059154,-0.0489796613895948,0.0624945571695263,-0.283100795827762,0.24550455612767
32.5279076330741,-0.0968054961294195,-0.048148401481,-0.788911009453212,0.650328931662792,-0.0486262326738839,0.0623843473886272,-0.281446906793386,0.245696546836853
32.7534935001834,-0.0966476196300531,-0.0470791312113252,-0.784198384475955,0.651471658144215,-0.0482734504479805,0.0622728777964316,-0.279790300888179,0.245877902946143
32.9806438387618,-0.0964809378880722,-0.0460180987700098,-0.779472793089207,0.652579011795132,-0.0479213274162531,0.0621601461820284,-0.278131118086695,0.246048574686031
33.2093694986511,-0.0963055867113239,-0.0449653670152161,-0.77473472198528,0.653650813922285,-0.0475698764785905,0.0620461505416742,-0.27646949950425,0.246208514605555
33.4396814049384,-0.0961217023229677,-0.0439209965394724,-0.769984661217272,0.654686893931437,-0.0472191107245435,0.061930889085418,-0.274805587346984,0.246357677602159
33.6715905584778,-0.0959294213226483,-0.0428850456693612,-0.765223104031078,0.655687089407322,-0.0468690434272716,0.0618143602435334,-0.273139524861029,0.246496020950267
33.9051080364161,-0.0957288806476517,-0.0418575704659013,-0.76045054669504,0.656651246189484,-0.0465196880373003,0.0616965626727517,-0.271471456280838,0.246623504328555
34.1402449927217,-0.0955202175340583,-0.040838624725633,-0.755667488327342,0.657579218443917,-0.0461710581760961,0.0615774952622916,-0.269801526776704,0.246740089845881
34.3770126587175,-0.0953035694779096,-0.0398282599824079,-0.750874430721294,0.658470868730439,-0.0458231676294661,0.0614571571396796,-0.268129882401511,0.246845742065858
34.6154223436172,-0.0950790741964003,-0.0388265255098905,-0.74607187816861,0.659326068065707,-0.0454760303407894,0.0613355476763547,-0.266456670036759,0.246940428030029
34.8554854350656,-0.0948468695891144,-0.0378334683247747,-0.741260337280822,0.660144695981822,-0.0451296604040879,0.0612126664930555,-0.264782037337909,0.247024117279636
35.0972133996824,-0.0946070936993198,-0.036849133190719,-0.73644031680895,0.660926640580448,-0.0447840720569439,0.0610885134649813,-0.263106132679084,0.247096781875954
35.3406177836102,-0.0943598846753362,-0.0358735626230034,-0.731612327461565,0.661671798582387,-0.0444392796732723,0.0609630887267265,-0.261429105097171,0.24715839641916
35.5857102130658,-0.094105380731996,-0.0349067968939118,-0.726776881721386,0.662380075372553,-0.0440952977559544,0.0608363926769819,-0.259751104235377,0.247208938065734
35.8325023948954,-0.0938437201122116,-0.0339488740388404,-0.721934493660537,0.663051385040292,-0.0437521409293425,0.0607084259829996,-0.258072280286269,0.247248386544363
36.081006117134,-0.0935750410486686,-0.0329998298631358,-0.717085678754619,0.66368565041501,-0.0434098239316424,0.0605791895848186,-0.256392783934364,0.247276724170329
36.3312332495683,-0.0932994817256603,-0.0320596979496612,-0.712230953695714,0.66428280309705,-0.0430683616071822,0.0604486846992474,-0.254712766298296,0.247293935858382
36.5831957443038,-0.0930171802410837,-0.031128509667095,-0.7073708362045,0.664842783483796,-0.0427277688985755,0.0603169128236009,-0.253032378872617,0.247300009134061
36.8369056363357,-0.0927282745686109,-0.0302062941789571,-0.702505844841584,0.665365540790968,-0.0423880608387873,0.0601838757391885,-0.251351773469283,0.247294934143471
37.0923750441235,-0.0924329025200583,-0.0292930784533663,-0.697636498818227,0.665851033069076,-0.0420492525431116,0.0600495755145517,-0.249671102158865,0.247278703661502
37.3496161701702,-0.0921312017079674,-0.0283888872735258,-0.692763317806594,0.666299227215014,-0.0417113592010677,0.059914014508449,-0.247990517211537,0.247251313098472
37.6086413016048,-0.0918233095084191,-0.0274937432489338,-0.687886821749681,0.666710098978781,-0.0413743960682252,0.0597771953725853,-0.24631017103789,0.247212760505201
37.8694628107695,-0.0915093630240972,-0.0266076668273189,-0.683007530671061,0.667083632965316,-0.0410383784579653,0.059639121054087,-0.244630216129623,0.247163046576495
38.1320931558105,-0.0911894990476207,-0.0257306763072951,-0.678125964484618,0.66741982263143,-0.0407033217331868,0.0594997947977178,-0.24295080500015,0.247102174653062
38.3965448812729,-0.090863854025163,-0.0248627878517342,-0.673242642804382,0.667718670277854,-0.0403692412979661,0.0593592201478381,-0.241272090125192,0.247030150721828
38.6628306187004,-0.090532564020377,-0.0240040155018499,-0.668358084754662,0.667980187036389,-0.0400361525891792,0.0592174009501051,-0.239594223883375,0.246946983414675
38.9309630872381,-0.0901957646786433,-0.0231543711919885,-0.663472808780576,0.668204392852175,-0.0397040710680936,0.0590743413529143,-0.237917358496915,0.246852684005602
39.2009550942403,-0.0898535911916612,-0.0223138647651216,-0.658587332459164,0.6683913164611,-0.0393730122119405,0.0589300458085818,-0.236241645972409,0.246747266406291
39.4728195358824,-0.0895061782623999,-0.0214825039890324,-0.653702172311218,0.668540995362348,-0.0390429915054737,0.0587845190742686,-0.234567238041803,0.246630747160122
39.7465693977764,-0.0891536600704285,-0.0206602945731904,-0.648817843613972,0.668653475786147,-0.0387140244325243,0.058637766212647,-0.232894286103571,0.246503145434604
40.0222177555915,-0.0887961702376429,-0.0198472401863051,-0.643934860214805,0.668728812656699,-0.0383861264675601,0.0584897925923099,-0.231222941164168,0.246364483012256
40.2997777756789,-0.0884338417944069,-0.0190433424745517,-0.6390537343461,0.668767069550378,-0.038059313067258,0.0583406038879244,-0.229553353779782,0.246214784279943
40.5792627157,-0.0880668071461265,-0.0182486010804579,-0.634174976441402,0.668768318649201,-0.0377335996620959,0.0581902060801318,-0.227885673998458,0.246054076216676
40.8606859252603,-0.0876951980402728,-0.0174630136624443,-0.629299094953021,0.668732640689622,-0.0374090016479751,0.058038605455194,-0.226220051302621,0.245882388379888
41.1440608465467,-0.0873191455338732,-0.016686575915006,-0.624426596171206,0.668660124906722,-0.0370855343778784,0.0578858086043909,-0.224556634552059,0.245699752890215
41.4294010149697,-0.0869387799614859,-0.0159192815895256,-0.619557984045055,0.668550868973824,-0.0367632131535736,0.0577318224231688,-0.222895571927395,0.245506204414778
41.7167200598098,-0.0865542309036751,-0.0151611225157056,-0.614693760005259,0.668404978937602,-0.0364420532173698,0.0575766541100437,-0.221237010874111,0.245301780149001
42.0060317048688,-0.0861656271560035,-0.0144120886236083,-0.609834422788858,0.668222569148755,-0.0361220697439337,0.057420311165262,-0.219581098047154,0.245086519796984
42.2973497691249,-0.0857730966985575,-0.0136721679662897,-0.604980468266098,0.668003762188305,-0.0358032778321742,0.0572628013892216,-0.217927979256171,0.244860465550439
42.5906881673929,-0.0853767666660206,-0.0129413467430149,-0.600132389269545,0.667748688789601,-0.0354856924972015,0.0571041328806567,-0.216277799411424,0.244623662066228
42.8860609109892,-0.0849767633183115,-0.0122196093230407,-0.595290675425573,0.667457487756098,-0.0351693286623695,0.0569443140345905,-0.214630702470409,0.244376156442524
43.1834821084004,-0.0845732120117995,-0.0115069382699509,-0.590455812988344,0.667130305875001,-0.0348542011514074,0.0567833535400585,-0.212986831385238,0.244117998193608
43.4829659659579,-0.084166237171113,-0.010803314366529,-0.585628284676403,0.666767297826857,-0.0345403246806478,0.0566212603776079,-0.211346328050807,0.243849239223347
43.7845267885158,-0.0837559622615548,-0.0101087166401541,-0.580808569512008,0.666368626091179,-0.0342277138513576,0.0564580438165753,-0.209709333253804,0.243569933797372
44.0881789801347,-0.083342509762137,-0.00942312238870184,-0.575997142663297,0.66593446084821,-0.0339163831421793,0.0562937134121501,-0.208075986622578,0.243280138513986
44.3939370447695,-0.0829260011392489,-0.0087465072069369,-0.571194475289411,0.665464979876906,-0.0336063469016879,0.056128279002225,-0.206446426577919,0.242979912273832
44.701815586962,-0.0825065568209687,-0.00807884501337677,-0.56640103438867,0.664960368449252,-0.03329761934107,0.0559617507040412,-0.204820790284774,0.242669316248358
45.0118293125388,-0.0820842961720334,-0.00742010807761287,-0.561617282649908,0.664420819221012,-0.0329902145269308,0.0557941389106317,-0.203199213604938,0.242348413847111
45.3239930293136,-0.0816593374694756,-0.00677026704806856,-0.556843678307064,0.663846532119017,-0.0326841463742354,0.0556254542870685,-0.20158183105075,0.242017270683883
45.6383216477945,-0.0812317978789384,-0.00612929098017777,-0.552080674997115,0.663237714225101,-0.0323794286393893,0.0554557077665192,-0.199968775739825,0.241675954541762
45.954830181896,-0.0808017934316792,-0.00549714736496543,-0.547328721621451,0.662594579656801,-0.0320760749134626,0.0552849105461182,-0.198360179350852,0.241324535337113
46.2735337496566,-0.0803694390022712,-0.00487380215801017,-0.542588262210767,0.661917349444936,-0.0317740986155657,0.0551130740826591,-0.196756172080483,0.240963085082524
46.5944475739604,-0.0799348482870104,-0.00425921980877157,-0.537859735793555,0.661206251408179,-0.0314735129863773,0.0549402100881119,-0.195156882601348,0.24059167784876
46.9175869832646,-0.0794981337830382,-0.00365336329026153,-0.533143576268275,0.660461520024745,-0.031174331081833,0.0547663305249746,-0.193562438021212,0.240210389725764
47.2429674123316,-0.0790594067681853,-0.00305619412904093,-0.528440212279272,0.659683396301313,-0.0308765657669765,0.0545914476014614,-0.191972963843301,0.239819298782738
47.5706044029659,-0.0786187772815444,-0.00246767243552176,-0.523750067096505,0.658872127639319,-0.030580229709979,0.0544155737665363,-0.190388583927825,0.239418485027349
47.9005136047569,-0.0781763541047778,-0.00188775693455406,-0.519073558499159,0.658027967698724,-0.0302853353763289,0.0542387217047978,-0.188809420454706,0.239008030364099
48.2327107758263,-0.0777322447441656,-0.00131640499627875,-0.514411098663179,0.6571511762594,-0.0299918950231971,0.0540609043312203,-0.187235593887543,0.238588018551896
48.5672117835806,-0.0772865554133987,-0.000753572667225144,-0.509763094052805,0.656242019080262,-0.029699920693981,0.0538821347857595,-0.185667222938832,0.238158535160873
48.904032605469,-0.0768393910171209,-0.000199214701633005,-0.50512994531613,0.655300767756265,-0.0294094242130292,0.053702426427828,-0.184104424536441,0.23771966752849
49.243189329747,-0.0763908551352247,0.000346715407021081,-0.50051204718474,0.654327699573404,-0.0291204171805509,0.053521792830648,-0.182547313791375,0.237271504714971
49.5846981562442,-0.0759410500079015,0.000884265394313577,-0.495909788377473,0.653323097361853,-0.0288329109677118,0.0533402477754868,-0.180996003966836,0.2368141374581
49.9285753971387,-0.0754900765214499,0.00141348419300073,-0.491323551508326,0.652287249347357,-0.0285469167119204,0.0531578052457834,-0.17945060644858,0.236347658127442
50.2748374777359,-0.0750380341948435,0.00193442190100311,-0.486753712998544,0.65122044900103,-0.0282624453123043,0.0529744794211708,-0.177911230716605,0.235872160678007
50.6235009372529,-0.0745850211670575,0.00244712974926743,-0.482200642992912,0.650122994887679,-0.0279795074253809,0.0527902846714031,-0.176377984318152,0.235387740603421
50.974582429609,-0.0741311341851563,0.00295166006952687,-0.477664705280274,0.648995190512785,-0.0276981134609226,0.0526052355501919,-0.174850972842049,0.234894494888631
51.3280987242209,-0.0736764685931398,0.00344806626198095,-0.473146257218293,0.647837344168278,-0.0274182735780181,0.05241934678896,-0.173330299894381,0.234392521962189
51.6840667068035,-0.0732211183215479,0.00393640276291346,-0.46864564966246,0.646649768777242,-0.0271399976813318,0.0522326332905196,-0.171816067075519,0.233881921648171
52.0425033801768,-0.0727651758778217,0.00441672501226986,-0.464163226899363,0.645432781737668,-0.0268632954175613,0.0520451101226794,-0.170308373958483,0.233362795117751
52.4034258650778,-0.0723087323374177,0.00488908942121453,-0.459699326584215,0.644186704765394,-0.0265881761720933,0.0518567925117907,-0.168807318068653,0.232835244840488
52.7668514009784,-0.0718518773356736,0.00535355333968669,-0.455254279682641,0.642911863736364,-0.0263146490658604,0.0516676958362355,-0.167312994864839,0.232299374535363
53.1327973469088,-0.0713946990604199,0.00581017502397496,-0.450828410416713,0.641608588528331,-0.026042722952396,0.0514778356198665,-0.165825497721677,0.231755289121608
53.5012811822866,-0.0709372842453351,0.0062590136043305,-0.446422036215229,0.640277212862127,-0.02577240641509,0.0512872275254031,-0.164344917913389,0.231203094669364
53.8723205077517,-0.0704797181640372,0.00670012905263739,-0.442035467668208,0.638918074142632,-0.0255037077646437,0.051095887347791,-0.162871344598867,0.230642898350214
54.2459330460073,-0.0700220846249084,0.00713358215015934,-0.437669008485604,0.63753151329957,-0.0252366350367231,0.0509038310075318,-0.161404864808099,0.230074808387629
54.6221366426659,-0.0695644659666447,0.00755943445538151,-0.433322955460188,0.636117874628246,-0.0249711959898112,0.0507110745439892,-0.159945563429916,0.229498934007367
55.0009492671021,-0.0691069430545252,0.00797774827196572,-0.428997598434593,0.634677505630349,-0.0247073981032573,0.0505176341086763,-0.158493523201066,0.228915385387858
55.3823890133107,-0.0686495952773933,0.00838858661683679,-0.424693220272478,0.633210756854944,-0.0244452485755229,0.0503235259585334,-0.157048824696587,0.22832427361063
55.7664741007712,-0.0681925005453418,0.00879201318841866,-0.420410096833792,0.631717981739766,-0.0241847543226222,0.0501287664491993,-0.155611546321486,0.22772571061079
56.1532228753178,-0.0677357352880943,0.00918809233503606,-0.416148496954068,0.630199536452933,-0.0239259219767567,0.049933372028283,-0.154181764303708,0.227119809127622
56.5426538100157,-0.0672793744540736,0.00957688902350044,-0.41190868242775,0.628655779735194,-0.0236687578851414,0.0497373592286435,-0.152759552688372,0.226506682655314
56.9347855060436,-0.0668234915101484,0.0099584688078956,-0.407690907995466,0.627087072742816,-0.0234132681090212,0.0495407446616805,-0.151344983333275,0.225886445393876
57.3296366935823,-0.0663681584420478,0.0103328977985792,-0.403495421335226,0.625493778891222,-0.0231594584228749,0.0493435450106439,-0.149938125905639,0.225259212200257
57.7272262327089,-0.0659134457554343,0.0107002426314169,-0.399322463057481,0.623876263699493,-0.022907334313806,0.049145777023966,-0.148539047880087,0.224625098539719
58.1275731142982,-0.0654594224776248,0.0110605704372636,-0.39517226670399,0.622234894635823,-0.022656900981116,0.0489474575086237,-0.147147814537839,0.223984220437483
58.5306964609293,-0.0650061561599476,0.0114139488117064,-0.391045058750445,0.620570040964036,-0.0224081633360596,0.0487486033235341,-0.145764488967092,0.22333669443069
58.9366155277994,-0.0645537128807251,0.0117604457850853,-0.386941058612782,0.618882073591271,-0.0221611260017774,0.0485492313729891,-0.144389132064594,0.222682637520707
59.3453497036433,-0.064102157248871,0.0121001297928034,-0.382860478657122,0.617171364916904,-0.021915793313405,0.0483493586001354,-0.143021802538358,0.222022167125807
59.7569185116595,-0.0636515524080878,0.0124330696459423,-0.378803524213282,0.615438288682836,-0.0216721693183544,0.0481490019805021,-0.141662556911522,0.221355401034248
60.1713416104428,-0.063201960041655,0.0127593345021943,-0.374770393591777,0.613683219825194,-0.0214302577767647,0.0479481785155835,-0.140311449527329,0.220682457357793
60.5886387949234,-0.0627534403777931,0.0130789938371246,-0.370761278104248,0.611906534327576,-0.0211900621621202,0.0477469052264788,-0.138968532555191,0.220003454485684
61.0088299973121,-0.0623060521955922,0.0133921174157749,-0.366776362087251,0.610108609075878,-0.0209515856620301,0.0475451991475957,-0.137633855997835,0.219318511039105
61.4319352880526,-0.0618598528314909,0.0136987752646216,-0.362815822929322,0.60828982171482,-0.0207148311791697,0.0473430773204203,-0.13630746769949,0.218627745826166
61.8579748767801,-0.061414898186292,0.0139990376438971,-0.358879831101251,0.606450550506227,-0.0204798013323765,0.0471405567873579,-0.134989413355103,0.217931277797408
62.2869691132868,-0.0609712427327031,0.0142929750202876,-0.354968550189478,0.604591174189141,-0.0202464984578997,0.046937654585649,-0.133679736520555,0.217229226001889
62.7189384884933,-0.0605289395233854,0.0145806580400151,-0.351082136932547,0.602712071841842,-0.0200149246107984,0.0467343877413637,-0.132378478623853,0.216521709543845
63.1539036354283,-0.0600880401994994,0.0148621575023148,-0.347220741260523,0.600813622745837,-0.019785081566485,0.0465307732634782,-0.131085678977273,0.215808847539954
63.5918853302131,-0.0596485949997318,0.0151375443333157,-0.343384506337298,0.598896206251887,-0.0195569708224102,0.0463268281380378,-0.129801374790428,0.215090759077239
64.032904493055,-0.0592106527697897,0.0154068895603341,-0.339573568605705,0.596960201648125,-0.0193305935998855,0.0461225693224074,-0.128525601184232,0.214367563171607
64.4769821892457,-0.0587742609723477,0.015670264286587,-0.335788057835344,0.595005988030333,-0.0191059508460389,0.0459180137396151,-0.127258391205745,0.213639378727062
64.9241396301678,-0.0583394656974331,0.0159277396663339,-0.332028097173055,0.593033944174418,-0.0188830432359007,0.0457131782727905,-0.125999775843851,0.212906324495591
65.3743981743082,-0.0579063116732352,0.0161793868804525,-0.328293803195937,0.591044448411156,-0.0186618711746141,0.0455080797597003,-0.12474978404577,0.212168519037766
65.827779328278,-0.0574748422773237,0.0164252771124571,-0.324585285966828,0.589037878503233,-0.0184424347997681,0.0453027349873849,-0.123508442734352,0.211426080684045
66.2843047478397,-0.0570450995482606,0.016665481524963,-0.320902649092173,0.587014611524643,-0.0182247339838465,0.0450971606868972,-0.122275776826136,0.210679127496811
66.7439962389419,-0.0566171241975924,0.0169000712366049,-0.317245989782172,0.584975023742468,-0.0180087683367909,0.0448913735281466,-0.121051809250151,0.209927777233159
67.2068757587607,-0.0561909556222074,0.0171291172994127,-0.313615398913137,0.582919490501101,-0.0177945372086727,0.0446853901148506,-0.119836560967423,0.209172147308429
67.6729654167483,-0.0557666319170419,0.0173526906766495,-0.31001096109197,0.580848386108921,-0.0175820396924688,0.0444792269795949,-0.118630050991167,0.208412354760514
68.1422874756894,-0.055344189888123,0.0175708622211165,-0.306432754722658,0.578762083727469,-0.017371274626939,0.044272900579005,-0.117432296407628,0.207648516214943
68.6148643527643,-0.0549236650659311,0.017783702653928,-0.302880852074721,0.576660955263155,-0.0171622405995986,0.04406642728903,-0.116243312397557,0.206880747850757
69.0907186206199,-0.0545050917190689,0.0179912825437588,-0.299355319353504,0.574545371261504,-0.0169549359497843,0.0438598234003412,-0.115063112258274,0.206109165367173
69.5698730084476,-0.0540885028682218,0.0181936722865684,-0.295856216772245,0.572415700803989,-0.0167493587718069,0.0436531051138453,-0.113891707426318,0.205333883951059
70.0523504030693,-0.0536739303003952,0.0183909420858027,-0.29238359862581,0.570272311407447,-0.0165455069181882,0.0434462885363153,-0.112729107500627,0.204555018245217
70.5381738500302,-0.0532614045834145,0.0185831619330751,-0.288937513366033,0.568115568926115,-0.0163433780029772,0.0432393896761381,-0.111575320266241,0.203772682317484
71.0273665547,-0.0528509550806733,0.0187704015893295,-0.285518003678558,0.565945837456282,-0.0161429694051419,0.0430324244391819,-0.110430351718497,0.202986989630653
71.5199518833807,-0.0524426099661161,0.0189527305664846,-0.282125106561102,0.56376347924359,-0.0159442782720321,0.042825408624782,-0.109294206087681,0.202198053013222
72.0159533644237,-0.0520363962394406,0.0191302181095609,-0.278758853403056,0.561568854592967,-0.0157473015229093,0.0426183579218477,-0.108166885864119,0.201405984630966
72.5153946893524,-0.0516323397415074,0.0193029331792903,-0.27541927006634,0.559362321781223,-0.0155520358525395,0.0424112879050889,-0.107048391823676,0.200610895959351
73.0182997139948,-0.0512304651699416,0.0194709444352075,-0.272106376967431,0.557144236972293,-0.0153584777348455,0.0422042140313644,-0.105938723053643,0.199812897756767
73.5246924596224,-0.0508307960949138,0.0196343202192237,-0.268820189160471,0.554914954135145,-0.0151666234266135,0.0419971516361511,-0.104837876978971,0.199012100038608
74.0345971140979,-0.050433354975087,0.0197931285396801,-0.265560716421394,0.552674824964333,-0.0149764689712514,0.0417901159301346,-0.103745849388845,0.198208612052172
74.5480380330304,-0.0500381631737163,0.0199474370558802,-0.262327963332969,0.550424198803212,-0.0147880102025934,0.0415831219959212,-0.102662634463566,0.197402542252404
75.0650397409388,-0.0496452409748887,0.0200973130631004,-0.259121929370701,0.548163422569789,-0.0146012427487493,0.0413761847848709,-0.101588224801704,0.196593998278466
75.585626932423,-0.0492546075998893,0.0202428234780743,-0.255942608989496,0.545892840685216,-0.0144161620359913,0.0411693191140522,-0.100522611447514,0.195783086931132
76.1098244733437,-0.0488662812236826,0.0203840348249509,-0.252789991711022,0.543612795004912,-0.0142327632926789,0.0409625396633162,-0.0994657839185894,0.194969914151015
76.6376574020103,-0.0484802789914966,0.0205210132217218,-0.249664062211692,0.54132362475229,-0.0140510415532137,0.0407558609724926,-0.0984177302337143,0.194154584997608
77.1691509303763,-0.0480966170354961,0.0206538243671157,-0.246564800411192,0.539025666455093,-0.0138709916620243,0.0405492974387037,-0.0973784369409072,0.193337203629156
77.7043304452438,-0.0477153104915356,0.0207825335279562,-0.243492181561474,0.536719253884308,-0.0136926082775754,0.0403428633137988,-0.0963478891456258,0.192517873283322
78.2432215094763,-0.0473363735159787,0.0209072055269794,-0.240446176336166,0.534404717995644,-0.0135158858763983,0.0401365727019057,-0.0953260705391121,0.191696696258677
78.7858498632195,-0.0469598193025734,0.0210279047311073,-0.237426750920299,0.532082386873561,-0.0133408187571399,0.0399304395571009,-0.0943129634268547,0.19087377389698
79.3322414251308,-0.0465856600993716,0.0211446950401737,-0.234433867100311,0.529752585677807,-0.0131674010446259,0.0397244776811948,-0.0933085487571488,0.190049206566262
79.8824222936175,-0.0462139072256833,0.0212576398760957,-0.23146748235424,0.527415636592472,-0.012995626693936,0.0395187007216337,-0.0923128061497307,0.189223093644685
80.436418748083,-0.0458445710890536,0.0213668021724901,-0.228527549942056,0.525071858777503,-0.0128254894944872,0.0393131221695153,-0.0913257139244679,0.188395533505194
80.9942572501823,-0.045477661202253,0.0214722443647263,-0.225614018996061,0.522721568322668,-0.0126569830741216,0.0391077553577181,-0.090347249130084,0.187566623500933
81.555964445086,-0.0451131862002712,0.0215740283804116,-0.222726834611295,0.520365078203946,-0.0124901009031977,0.0389026134591417,-0.0893773875728992,0.186736459951421
82.121567162753,-0.0447511538573035,0.0216722156303056,-0.219865937935898,0.518002698242294,-0.0123248362986795,0.0386977094850591,-0.0884161038455668,0.185905138129494
82.6910924192116,-0.0443915711037227,0.0217668669996552,-0.217031266261351,0.51563473506479,-0.0121611824282231,0.0384930562835772,-0.0874633713557885,0.185072752248975
83.2645674178507,-0.0440344440430248,0.0218580428399465,-0.214222753112558,0.513261492068084,-0.0119991323142555,0.0382886665382053,-0.086519162354989,0.184239395453096
83.8420195507184,-0.0436797779687408,0.0219458029610679,-0.211440328337705,0.510883269384157,-0.0118386788380456,0.0380845527665305,-0.0855834479669339,0.18340515980363
84.423476399831,-0.0433275773813072,0.022030206623877,-0.20868391819784,0.508500363848334,-0.0116798147437626,0.0378807273189967,-0.0846561982162727,0.182570136270745
85.0089657384898,-0.0429778460048842,0.0221113125331669,-0.205953445456132,0.506113068969522,-0.01152253264252,0.0376772023777879,-0.0837373820569925,0.181734414723562
85.5985155326084,-0.0426305868041158,0.0221891788310246,-0.203248829466749,0.503721674902641,-0.0113668250164033,0.0374739899558122,-0.0828269674007636,0.1808980839214
86.1921539420481,-0.0422858020008236,0.0222638630905756,-0.200569986263309,0.501326468423197,-0.0112126842224778,0.0372711018957855,-0.0819249211451655,0.180061231505704
86.7899093219629,-0.0419434930906263,0.0223354223101085,-0.19791682864687,0.498927732903977,-0.0110601024967757,0.0370685498694136,-0.0810312092017748,0.179223943992644
87.3918102241541,-0.0416036608594775,0.022403912907572,-0.195289266273388,0.496525748293821,-0.0109090719582587,0.0368663453766704,-0.0801457965241039,0.17838630676637
87.9978853984339,-0.0412663054001162,0.0224693907154395,-0.19268720574063,0.494120791098422,-0.0107595846127555,0.0366644997451698,-0.079268647135375,0.177548404072912
88.6081637939989,-0.0409314261284223,0.022531910975933,-0.190110550674476,0.491713134363132,-0.0106116323568707,0.0364630241296313,-0.0783997241561173,0.176710319014711
89.2226745608124,-0.0405990217996706,0.0225915283365997,-0.187559201814587,0.489303047657717,-0.0104652069818647,0.0362619295114349,-0.0775389898315734,0.175872133545776
89.8414470509972,-0.0402690905246777,0.0226482968462363,-0.185033057099388,0.486890797063032,-0.0103203001775008,0.0360612266982654,-0.0766864055589048,0.175033928467443
90.4645108202374,-0.0399416297858365,0.0227022699511512,-0.182532011750338,0.484476645159568,-0.0101769035358598,0.0358609263238436,-0.0758419319141837,0.174195783424731
91.0918956291901,-0.0396166364530309,0.0227535004917598,-0.180055958355456,0.482060851017835,-0.0100350085551185,0.0356610388477418,-0.0750055286791601,0.173357776903285
91.7236314449071,-0.0392941067994278,0.0228020406995063,-0.177604786952049,0.479643670190536,-0.00989460664329226,0.035461574555282,-0.0741771548677942,0.172519986226881
92.3597484422661,-0.038974036517139,0.0228479421941024,-0.175178385108642,0.477225354706483,-0.00975568912193768,0.0352625435575157,-0.0733567687525432,0.171682487555492
93.0002770054119,-0.03865642073275,0.0228912559810792,-0.172776638006047,0.474806153066227,-0.00961824722981684,0.0350639557912818,-0.0725443278903947,0.170845355883896
93.645247729208,-0.0383412540227104,0.0229320324496431,-0.17039942851757,0.472386310239354,-0.00948227212651908,0.034865821019341,-0.0717397891486352,0.170008665040817
94.2946914206979,-0.0380285304285814,0.0229703213708291,-0.168046637288312,0.469966067663392,-0.00934775489604065,0.0346681488305859,-0.070943108730348,0.16917248768858
94.9486391005764,-0.0377182434721367,0.0230061718959456,-0.165718142813543,0.467545663244306,-0.00921468655032012,0.0344709486403231,-0.0701542421996292,0.168336895323267
95.6071220046713,-0.0374103861703129,0.0230396325553021,-0.16341382151613,0.465125331358526,-0.00908305803272877,0.0342742296906263,-0.069373144506518,0.167501958275373
96.2701715854358,-0.0371049510500055,0.0230707512572144,-0.161133547822988,0.462705302856465,-0.00895286022151466,0.0340780010507575,-0.06859977001163,0.166667745710933
96.9378195134503,-0.0368019301627079,0.0230995752872793,-0.158877194240541,0.460285805067497,-0.00882408393319943,0.0338822716176556,-0.0678340725104908,0.165834325633111
97.6100976789355,-0.0365013150989892,0.0231261513079121,-0.156644631429169,0.457867061806328,-0.0086967199259268,0.0336870501164889,-0.0670760052575606,0.16500176488425
98.2870381932754,-0.0362030970028089,0.0231505253581408,-0.15443572827662,0.455449293380749,-0.00857075890276189,0.0334923451012705,-0.066325520989946,0.164170129148349
98.9686733905512,-0.0359072665856645,0.0231727428536491,-0.152250351970381,0.453032716600698,-0.00844619151494052,0.0332981649555342,-0.0655825719507917,0.163339482953975
99.6550358290861,-0.0356138141405713,0.0231928485870623,-0.150088368068977,0.450617544788616,-0.00832300836506773,0.0331045178930686,-0.0648471099123496,0.162509889677581
100.346158292999,-0.0353227295558701,0.023210886728469,-0.147949640572201,0.448203987791032,-0.00820120001026481,0.0329114119587081,-0.064119086198719,0.161681411547227
101.042073793774,-0.0350340023288623,0.0232269008261719,-0.145834031990243,0.445792251991349,-0.00808075696526411,0.0327188550291781,-0.0633984517082528,0.160854109646685
101.742815571832,-0.0347476215792694,0.0232409338076614,-0.143741403411723,0.443382540323793,-0.00796166970545132,0.0325268548139929,-0.0626851569356297,0.160028043919924
102.448417098122,-0.034463576062516,0.0232530279808055,-0.141671614570612,0.440975052288469,-0.0078439286698543,0.0323354188564043,-0.0619791519935844,0.159203273175947
103.15891207572,-0.0341818541828336,0.0232632250352493,-0.139624523912025,0.4385699839675,-0.00772752426407832,0.0321445545343985,-0.061280386634296,0.158379855093988
103.874334441436,-0.0339024440061855,0.0232715660440174,-0.13759998865689,0.436167528042193,-0.00761244686318718,0.0319542690617399,-0.0605888102704309,0.157557846229039
104.594718367439,-0.0336253332730095,0.0232780914653145,-0.135597864865471,0.433767873811209,-0.00749868681452985,0.0317645694890595,-0.0599043719958369,0.156737302017704
105.320098262886,-0.0333505094107795,0.0232828411445156,-0.133618007499755,0.431371207209683,-0.00738623444051238,0.031575462704987,-0.0592270206058889,0.155918276784364
106.050508775566,-0.0330779595463833,0.0232858543163419,-0.131660270484691,0.428977710829266,-0.00727508004131481,0.0313869554373226,-0.0585567046174818,0.155100823747647
106.785984793556,-0.0328076705183171,0.0232871696072154,-0.129724506768267,0.426587563939045,-0.00716521389755287,0.0311990542542491,-0.0578933722886707,0.154284995027187
107.526561446888,-0.0325396288886954,0.0232868250377857,-0.127810568380447,0.424200942507301,-0.00705662627288438,0.0310117655655809,-0.057236971637958,0.153470841650654
108.272274109224,-0.0322738209550759,0.0232848580256241,-0.125918306490936,0.421818019224076,-0.00694930741656026,0.030825095624049,-0.0565874504632252,0.152658413561057
109.023158399549,-0.0320102327621,0.0232813053880796,-0.124047571465798,0.419438963524503,-0.00684324756591996,0.0306390505266189,-0.0559447563603091,0.151847759624303
109.779250183872,-0.0317488501129468,0.0232762033452896,-0.122198212922911,0.417063941612871,-0.00673843694883159,0.0304536362158419,-0.0553088367412236,0.151038927636996
110.540585576935,-0.0314896585806029,0.023269587523341,-0.120370079786267,0.414693116487383,-0.00663486578607646,0.0302688584812354,-0.0546796388520256,0.150231964334469
111.307200943943,-0.0312326435189459,0.023261492957576,-0.118563020339117,0.412326647965575,-0.00653252429367837,0.0300847229606929,-0.0540571097903265,0.149426915399045
112.079132902301,-0.0309777900736436,0.0232519540960375,-0.116776882275959,0.409964692710359,-0.00643140268517769,0.0299012351419205,-0.0534411965224482,0.148623825468504
112.856418323356,-0.0307250831928676,0.0232410048030476,-0.115011512753385,0.407607404256661,-0.00633149117385034,0.029718400363899,-0.0528318459002272,0.147822738144754
113.639094334169,-0.0304745076378229,0.023228678362916,-0.113266758439773,0.405254933038616,-0.00623277997487193,0.0295362238183693,-0.0522290046774648,0.147023696002692
114.427198319278,-0.0302260479930934,0.023215007483772,-0.111542465563845,0.40290742641729,-0.00613525930742736,0.0293547105513408,-0.0516326195260266,0.146226740599256
115.220767922492,-0.0299796886768037,0.0232000243015151,-0.109838479962091,0.400565028708892,-0.00603891939676594,0.0291738654646196,-0.0510426370515921,0.145431912482635
116.019841048683,-0.0297354139505988,0.0231837603838802,-0.108154647125054,0.398227881213454,-0.00594375047620266,0.0289936933173564,-0.0504590038090563,0.144639251201652
116.824455865599,-0.0294932079294411,0.0231662467346123,-0.106490812242509,0.39589612224394,-0.0058497427890656,0.0288141987276121,-0.0498816663175846,0.143848795315301
117.634650805689,-0.0292530545912268,0.0231475137977452,-0.104846820247511,0.393569887155756,-0.00575688659059017,0.0286353861739389,-0.0493105710753235,0.14306058240242
118.450464567934,-0.029014937786222,0.0231275914619818,-0.10322251585935,0.391249308376631,-0.0056651721497603,0.0284572599969769,-0.0487456645737699,0.14227464907151
119.271936119701,-0.0287788412463192,0.0231065090651696,-0.101617743625397,0.388934515436847,-0.00557458975109725,0.0282798244010642,-0.0481868933117993,0.141491030970673
120.099104698599,-0.0285447485941164,0.0230842953988676,-0.100032347961872,0.386625634999776,-0.00548512969639631,0.0281030834558582,-0.047634203809358,0.140709762797675
120.932009814357,-0.0283126433518179,0.0230609787130017,-0.0984661731935211,0.384322790892711,-0.00539678230641197,0.0279270410979681,-0.0470875426208201,0.139930878310113
121.77069125071,-0.0280825089499606,0.0230365867206023,-0.096919063592235,0.382026104137954,-0.00530953792249212,0.0277517011325974,-0.0465468563480128,0.139154410335686
122.615189067297,-0.0278543287359647,0.0230111466026222,-0.0953908634146032,0.379735692984138,-0.00522338690816156,0.0275770672351933,-0.0460120916529125,0.138380390782566
123.46554360158,-0.0276280859825111,0.0229846850128297,-0.0938814169384225,0.377451672937762,-0.00513831965065571,0.0274031429531043,-0.0454831952700161,0.137608850649849
124.321795470765,-0.0274037638957473,0.0229572280827738,-0.0923905684981693,0.375174156794906,-0.00505432656240488,0.0272299317072424,-0.044960114018388,0.136839820038086
125.183985573745,-0.027181345623322,0.022928801426817,-0.0909181625194484,0.372903254673106,-0.00497139808246966,0.0270574367937508,-0.0444427948133894,0.136073328159889
126.052155093052,-0.0269608142622505,0.0228994301472328,-0.0894640435524294,0.370639074043365,-0.00488952467792824,0.0268856613856746,-0.0439311846780899,0.1353094033506
126.926345496825,-0.0267421528666126,0.0228691388393651,-0.0880280563042838,0.368381719762282,-0.00480869684521608,0.0267146085346335,-0.0434252307543677,0.134548073079018
127.806598540793,-0.0265253444550834,0.0228379515968441,-0.0866100456706364,0.366131294104261,-0.00472890511141873,0.0265442811724968,-0.0429248803137,0.133789363958178
128.692956270265,-0.0263103720183,0.0228058920168571,-0.085209856766043,0.363887896793804,-0.00465014003551834,0.0263746821130572,-0.0424300807676483,0.133033301756175
129.585461022141,-0.0260972185260644,0.0227729832054712,-0.0838273349535082,0.361651625037834,-0.00457239220959457,0.0262058140537051,-0.0419407796780417,0.132279911407028
130.484155426934,-0.0258858669343842,0.0227392477830029,-0.0824623258730586,0.359422573558065,-0.00449565225998076,0.0260376795771003,-0.041456924766862,0.131529217021572
131.389082410804,-0.0256763001923539,0.0227047078894339,-0.0811146754693827,0.357200834623363,-0.00441991084837567,0.0258702811528416,-0.040978463925835,0.130781241898381
132.300285197614,-0.0254685012488765,0.0226693851898688,-0.0797842300185536,0.354986498082108,-0.004345158672912,0.025703621139132,-0.0405053452257312,0.130036008534712
133.217807310988,-0.0252624530592289,0.0226333008800316,-0.0784708361538495,0.352779651394517,-0.00427138646918194,0.0255377017844403,-0.0400375169253797,0.12929353863746
134.141692576393,-0.0250581385914707,0.0225964756918001,-0.0771743408906838,0.350580379664929,-0.00419858501122083,0.0253725252291566,-0.0395749274804,0.12855385313413
135.071985123233,-0.0248555408327006,0.0225589298987731,-0.0758945916506638,0.348388765674014,-0.00412674511244955,0.0252080935072423,-0.0391175255516556,0.12781697218381
136.008729386957,-0.0246546427951585,0.0225206833218695,-0.0746314362847883,0.346204889910911,-0.00405585762657627,0.0250444085478722,-0.0386652600134319,0.127082915188139
136.951970111177,-0.024455427522179,0.0224817553349566,-0.073384723095804,0.34402883060526,-0.00398591344845859,0.0248814721770697,-0.0382180799613449,0.126351700802283
137.901752349813,-0.0242578780939939,0.022442164870504,-0.0721543008597312,0.341860663759128,-0.00391690351492653,0.0247192861193333,-0.037775934719983,0.125623346945888
138.858121469236,-0.0240619776333889,0.0224019304252628,-0.0709400188465782,0.339700463178797,-0.00384881880556744,0.0245578519992538,-0.0373387738502865,0.124897870814026
139.821123150444,-0.0238677093112129,0.0223610700659656,-0.069741726840258,0.337548300506423,-0.00378165034347332,0.0243971713431216,-0.0369065471566686,0.124175288888122
140.790803391236,-0.0236750563517446,0.0223196014350465,-0.0685592751577221,0.335404245251526,-0.00371538919595154,0.0242372455805233,-0.0364792046938835,0.12345561694686
141.767208508414,-0.0234840020379148,0.0222775417563789,-0.0673925146673281,0.333268364822316,-0.00365002647519966,0.024078076045928,-0.0360566967736427,0.122738870077056
142.750385139995,-0.023294529716389,0.0222349078410282,-0.066241296806458,0.331140724556842,-0.00358555333894516,0.023919663980261,-0.0356389739709871,0.122025062684506
143.740380247435,-0.0231066228025097,0.0221917160930183,-0.0651054735984,0.329021387753936,-0.00352196099105085,0.0237620105324656,-0.0352259871304169,0.121314208504802
144.737241117876,-0.0229202647851011,0.022147982515109,-0.063984897668511,0.326910415703959,-0.00345924068208669,0.0236051167610518,-0.0348176873717833,0.120606320614105
145.741015366405,-0.0227354392311372,0.0221037227145836,-0.0628794222596766,0.324807867719327,-0.00339738370986901,0.023448983635632,-0.0344140260959474,0.119901411439876
146.751750938323,-0.0225521297902756,0.0220589519090439,-0.0617889012470824,0.322713801164813,-0.00333638141996769,0.0232936120384429,-0.0340149549902095,0.119199492771571
147.769496111443,-0.0223703201992569,0.0220136849322108,-0.0607131891523138,0.320628271487608,-0.0032762252061822,0.0231390027658525,-0.0336204260335129,0.11850057577128
148.794299498388,-0.0221899942861735,0.0219679362397296,-0.059652141156799,0.318551332247134,-0.00321690651098736,0.0229851565298531,-0.0332303915014267,0.117804670984321
149.826210048919,-0.0220111359746073,0.0219217199149774,-0.0586056131146118,0.316483035144609,-0.00315841682594946,0.0228320739595387,-0.032844803970911,0.117111788349773
150.865277052271,-0.021833729287639,0.0218750496748718,-0.0575734615646495,0.314423430052338,-0.00310074769211362,0.0226797556025671,-0.0324636163248693,0.116421937210965
151.911550139505,-0.0216577583517299,0.0218279388756783,-0.0565555437422006,0.312372565042738,-0.00304389070036315,0.022528201926606,-0.0320867817564914,0.115735126325894
152.965079285884,-0.0214832074004773,0.0217804005188158,-0.0555517175899202,0.31033048641708,-0.00298783749175179,0.0223774133207629,-0.0317142537733913,0.11505136387759
154.025914813254,-0.0213100607782463,0.0217324472566583,-0.0545618417682251,0.308297238733947,-0.00293257975780935,0.0222273900969984,-0.031345986201543,0.114370657484412
155.094107392451,-0.0211383029436778,0.0216840913983312,-0.053585775665128,0.306272864837396,-0.00287810924082186,0.0220781324915226,-0.0309819331890204,0.113693014210283
156.169708045722,-0.0209679184730747,0.0216353449155011,-0.0526233794055223,0.304257405884821,-0.00282441773408675,0.0219296406661749,-0.0306220492095418,0.113018440574853
157.25276814916,-0.0207988920636685,0.0215862194481572,-0.0516745138599358,0.30225090137451,-0.00277149708214394,0.0217819147097857,-0.0302662890658263,0.112346942563589
158.34333943516,-0.0206312085367658,0.0215367263103835,-0.0507390406527661,0.300253389172893,-0.00271933918098357,0.021634954639521,-0.0299146078927632,0.111678525637805
159.441473994887,-0.0204648528407781,0.0214868764961206,-0.0498168221700145,0.298264905541475,-0.00266793597823112,0.021488760402209,-0.0295669611603997,0.111013194744603
160.547224280766,-0.0202998100541345,0.0214366806849144,-0.0489077215665317,0.296285485163441,-0.00261727947331072,0.021343331875649,-0.0292233046767501,0.110350954326746
161.66064310899,-0.0201360653880798,0.0213861492476522,-0.0480116027727914,0.294315161169951,-0.00256736171758729,0.0211986688699019,-0.0288835945904306,0.109691808332455
162.781783662036,-0.019973604189358,0.0213352922522844,-0.0471283305012057,0.292353965166095,-0.00251817481448836,0.0210547711285623,-0.0285477873931219,0.109035760225122
163.910699491214,-0.0198124119427844,0.0212841194695297,-0.0462577702519961,0.290401927256522,-0.00246971091960626,0.0209116383300129,-0.028215839921866,0.108382812992946
165.047444519217,-0.0196524742737049,0.0212326403785633,-0.0453997883186369,0.288459076070738,-0.00242196224078133,0.0207692700886597,-0.0278877093611972,0.107732969158486
166.192073042701,-0.0194937769503467,0.0211808641726877,-0.0445542517928812,0.286525438788059,-0.00237492103816697,0.0206276659561486,-0.0275633532451141,0.107086230788128
167.344639734876,-0.0193363058860582,0.0211287997649829,-0.043721028569388,0.284601041162235,-0.0023285796242772,0.0204868254225642,-0.0272427294588943,0.106442599501474
168.505199648122,-0.0191800471414432,0.0210764557939372,-0.0428999873499605,0.28268590754573,-0.00228293036401735,0.0203467479176086,-0.0269257962407547,0.105802076480639
169.673808216612,-0.0190249869263865,0.0210238406290553,-0.0420909976474114,0.280780060913658,-0.00223796567469873,0.0202074328117628,-0.0266125121833629,0.105164662479463
170.850521258965,-0.0188711116019757,0.0209709623764443,-0.0412939297890677,0.27888352288738,-0.00219367802603778,0.0200688794174287,-0.0263028362352012,0.104530357832638
172.03539498091,-0.0187184076823174,0.0209178288843753,-0.0405086549199289,0.276996313757755,-0.00215005994014052,0.019931086990052,-0.0259967277017867,0.10389916246474
173.228485977972,-0.0185668618362508,0.0208644477488206,-0.039735045005492,0.27511845250805,-0.00210710399147282,0.0197940547292274,-0.0256941462467521,0.10327107589918
174.429851238172,-0.0184164608889593,0.020810826318964,-0.0389729728342539,0.273249956836504,-0.00206480280681726,0.0196577817797841,-0.0253950518927881,0.102646097267055
175.639548144754,-0.0182671918234806,0.0207569717026843,-0.0382223120199077,0.271390843178546,-0.00202314906521716,0.0195222672328534,-0.0250994050224535,0.102024225315916
176.857634478922,-0.0181190417821175,0.0207028907720108,-0.0374829370032424,0.269541126728677,-0.00198213549790845,0.0193875101269177,-0.024807166378853,0.101405458418439
178.084168422602,-0.0179719980677492,0.0206485901685491,-0.036754723053759,0.267700821462001,-0.00194175488823985,0.0192535094488404,-0.024518297066188,0.100789794581003
179.319208561219,-0.0178260481450453,0.0205940763088762,-0.036037546271016,0.265869940155418,-0.00190200007158227,0.0191202641348782,-0.0242327585501826,0.100177231452179
180.562813886497,-0.017681179641583,0.0205393553899054,-0.0353312835857155,0.264048494408483,-0.00186286393522763,0.0189877730716748,-0.0239505126583879,0.0995677663311215
181.815043799277,-0.0175373803488685,0.020484433394217,-0.0346358127605407,0.262236494663915,-0.00182433941827805,0.0188560350972363,-0.0236715215803671,0.0989613961758663
183.075958112354,-0.0173946382232642,0.020429316095357,-0.0339510123907585,0.26043395022778,-0.00178641951152575,0.0187250490018894,-0.023395747867765,0.0983581176115345
184.345617053333,-0.0172529413868217,0.0203740090631002,-0.0332767619045953,0.258640869289332,-0.00174909725732428,0.0185948135292204,-0.0231231544342645,0.0977579269384408
185.624081267505,-0.0171122781280226,0.0203185176686782,-0.0326129415634007,0.256857258940528,-0.0017123657494517,0.0184653273769979,-0.0228537045554323,0.0971608201401058
186.911411820748,-0.0169726369024286,0.0202628470899707,-0.0319594324616055,0.25508312519521,-0.00167621813296609,0.0183365891980774,-0.0225873618684576,0.0965667928911735
188.207670202438,-0.0168340063332396,0.0202070023166586,-0.0313161165264886,0.253318473007961,-0.00164064760405411,0.0182085976012884,-0.0223240903717857,0.0959758405652311
189.512918328392,-0.0166963752117643,0.0201509881553394,-0.03068287651776,0.251563306292636,-0.00160564740987292,0.0180813511523047,-0.0220638544246494,0.0953879582425339
190.827218543819,-0.0165597324978006,0.0200948092346018,-0.0300595960269721,0.249817627940579,-0.00157121084838612,0.0179548483744979,-0.0218066187465007,0.0948031407176324
192.150633626303,-0.0164240673199305,0.0200384700100601,-0.0294461594767669,0.248081439838513,-0.00153733126819409,0.0178290877497739,-0.0215523484163465,0.0942213825069037
193.483226788801,-0.0162893689757276,0.0199819747693468,-0.0288424521199707,0.246354742886127,-0.00150400206835923,0.0177040677193931,-0.0213010088719882,0.0936426778559845
194.82506168266,-0.0161556269318801,0.0199253276370619,-0.0282483600385439,0.244637537013346,-0.00147121669822658,0.0175797866847745,-0.0210525659091713,0.0930670207471084
196.176202400658,-0.0160228308242293,0.019868532579679,-0.0276637701423965,0.242929821197301,-0.00143896865724027,0.0174562430082837,-0.0208069856806443,0.0924944049063454
197.536713480066,-0.0158909704577254,0.0198115934104061,-0.0270885701680762,0.241231593478993,-0.00140725149475612,0.0173334350140051,-0.0205642346951308,0.0919248238107443
198.906659905733,-0.0157600358063017,0.0197545137940003,-0.0265226486773389,0.239542850979662,-0.00137605880985099,0.0172113609884991,-0.0203242798162178,0.0913582706953773
200.286107113184,-0.0156300170126675,0.0196972972515365,-0.0259658950556098,0.237863589916866,-0.00134538425112911,0.0170900191815435,-0.0200870882611608,0.0907947385602891
201.675120991751,-0.0155009043880212,0.0196399471651268,-0.0254181995103423,0.23619380562027,-0.00131522151652591,0.0169694078068605,-0.0198526275996095,0.0902342201773464
203.073767887718,-0.0153726884116859,0.0195824667825922,-0.0248794530692831,0.234533492547149,-0.00128556435310962,0.0168495250428288,-0.0196208657522562,0.0896767080969923
204.482114607491,-0.0152453597306665,0.0195248592220836,-0.0243495475786507,0.232882644297618,-0.00125640655688107,0.0167303690331817,-0.0193917709894079,0.0891221946549025
205.900228420788,-0.0151189091591307,0.0194671274766521,-0.0238283757012343,0.231241253629585,-0.00122774197257201,0.016611937887691,-0.0191653119294866,0.0885706719785448
207.32817706385,-0.0149933276778159,0.0194092744187675,-0.0233158309144208,0.229609312473438,-0.00119956449344231,0.0164942296828367,-0.0189414575374572,0.088022131993642
208.766028742684,-0.0148686064333611,0.0193513028047833,-0.0228118075081555,0.227986811946465,-0.00117186806107629,0.0163772424624643,-0.0187201771231883,0.0874765664305378
210.213852136311,-0.0147447367375664,0.0192932152793487,-0.0223162005828437,0.226373742367025,-0.00114464666517858,0.0162609742384282,-0.0185014403397447,0.0869339668304662
211.671716400053,-0.0146217100665815,0.0192350143797648,-0.021828906047199,0.224770093268453,-0.00111789434336971,0.0161454229912228,-0.0182852171816166,0.0863943245517246
213.139691168835,-0.0144995180600238,0.0191767025402851,-0.0213498206160442,0.223175853412731,-0.00109160518098175,0.0160305866706005,-0.0180714779828858,0.0858576307757511
214.617846560511,-0.0143781525200271,0.0191182820963599,-0.0208788418080713,0.221591010803911,-0.00106577331085434,0.0159164631961782,-0.0178601934153319,0.0853238765131049
216.10625317921,-0.014257605410223,0.019059755288822,-0.0204158679435636,0.220015552701299,-0.00104039291313115,0.0158030504580318,-0.0176513344864791,0.0847930526093525
217.604982118714,-0.0141378688546564,0.0190011242680144,-0.0199607981420887,0.218449465632419,-0.00101545821505723,0.0156903463172792,-0.0174448725375881,0.0842651497508565
219.114104965849,-0.0140189351366352,0.0189423910978577,-0.0195135323201634,0.216892735405742,-0.000990963490777329,0.0155783486066518,-0.0172407792415922,0.0837401584704715
220.633693803907,-0.0139007966975163,0.0188835577598577,-0.0190739711888977,0.215345347123198,-0.000966903061135476,0.0154670551310556,-0.0170390266009817,0.0832180691531433
222.163821216089,-0.0137834461354305,0.0188246261570509,-0.0186420162516217,0.213807285192479,-0.000943271293475912,0.0153564636681216,-0.0168395869456374,0.0826988720414144
223.704560288971,-0.0136668762039445,0.0187655981178884,-0.0182175698014988,0.212278533339132,-0.000920062601445678,0.0152465719687462,-0.0166424329306154,0.082182557240835
225.255984615994,-0.0135510798106655,0.0187064754000562,-0.0178005349191295,0.210759074618446,-0.000897271444798926,0.0151373777576214,-0.0164475375338851,0.0816691147252806
226.818168300982,-0.013436050015786,0.0186472596942313,-0.01739081547015,0.209248891427147,-0.000874892329203161,0.0150288787337558,-0.0162548740540222,0.0811585343421753
228.391185961678,-0.0133217800305731,0.0185879526277739,-0.0169883161028277,0.207747965514907,-0.000852919806047526,0.0149210725709864,-0.0160644161078583,0.0806508058176227
229.975112733314,-0.0132082632158022,0.0185285557683528,-0.0165929422456581,0.206256277995652,-0.000831348472253272,0.0148139569184811,-0.0158761376280896,0.0801459187614433
231.570024272191,-0.0130954930801369,0.0184690706275054,-0.0162046001049646,0.204773809358711,-0.000810172970086519,0.0147075294012333,-0.0156900128608452,0.0796438626721201
233.175996759301,-0.0129834632784575,0.0184094986641306,-0.0158231966625058,0.203300539479778,-0.000789387986973407,0.014601787620548,-0.0155060163632182,0.0791446269416524
234.793106903962,-0.012872167610138,0.0183498412879126,-0.0154486396730901,0.201836447631708,-0.00076898825531774,0.0144967291545199,-0.0153241230007605,0.0786482008603171
236.421431947482,-0.0127616000172752,0.0182900998626781,-0.0150808376622021,0.200381512495156,-0.000748968552321179,0.0143923515585039,-0.0151443079449427,0.0781545736213403
238.061049666849,-0.0126517545828693,0.0182302757096829,-0.0147196999236421,0.198935712169052,-0.000729323699806065,0.0142886523655786,-0.0149665466705818,0.077663734325477
239.712038378445,-0.0125426255289594,0.018170370110829,-0.0143651365171797,0.197499024180933,-0.000710048564040913,0.0141856290870029,-0.0147908149532375,0.0771756719855018
241.374476941791,-0.0124342072147149,0.0181103843118116,-0.0140170582662239,0.196071425497118,-0.000691138055568625,0.0140832792126654,-0.0146170888665791,0.0766903755306094
243.048444763306,-0.0123264941344841,0.0180503195251949,-0.0136753767555109,0.194652892532753,-0.000672587129037451,0.0139816002115281,-0.0144453447797246,0.0762078338107258
244.734021800108,-0.0122194809158019,0.0179901769334163,-0.0133400043288106,0.193243401161716,-0.000654390783034705,0.0138805895320636,-0.0142755593545537,0.0757280356007313
246.431288563827,-0.0121131623173589,0.0179299576917186,-0.0130108540866528,0.19184292672639,-0.000636544059923271,0.0137802446026871,-0.0141077095429958,0.0752509696045957
248.140326124455,-0.0120075332269326,0.01786966293101,-0.0126878398840736,0.190451444047312,-0.000619042045680855,0.0136805628321821,-0.0139417725842956,0.0747766244594253
249.861216114214,-0.0119025886592826,0.0178092937606507,-0.0123708763283829,0.189068927432709,-0.000601879869742015,0.0135815416101219,-0.0137777260022561,0.0743049887394235
251.594040731461,-0.011798323754013,0.0177488512711662,-0.0120598787769538,0.187695350687902,-0.000585052704842904,0.0134831783072852,-0.0136155476024632,0.0738360509597649
253.338882744608,-0.0116947337734011,0.0176883365368876,-0.0117547633350325,0.186330687124623,-0.00056855576686873,0.013385470276068,-0.0134552154694901,0.0733697995803836
255.09582549608,-0.0115918141001969,0.0176277506185171,-0.0114554468535706,0.184974909570202,-0.000552384314703866,0.0132884148508906,-0.0132967079640861,0.0729062230096769
256.864952906292,-0.011489560235393,0.0175670945656197,-0.0111618469270788,0.183627990376672,-0.000536533650084563,0.0131920093486003,-0.0131400037203491,0.0724453096081234
258.646349477661,-0.0113879677959681,0.0175063694190401,-0.0108738818915012,0.182289901429767,-0.000520999117454228,0.0130962510688711,-0.0129850816428845,0.0719870476918188
260.440100298641,-0.0112870325126054,0.0174455762132455,-0.0105914708221109,0.180960614157833,-0.000505776103821157,0.0130011372945985,-0.0128319209039511,0.0715314255359269
262.246291047787,-0.0111867502273872,0.0173847159785927,-0.0103145335314254,0.179640099540643,-0.000490860038618699,0.0129066652922922,-0.0126805009405961,0.0710784313780496
264.065007997846,-0.0110871168914688,0.0173237897435213,-0.0100429905671412,0.178328328118144,-0.000476246393567723,0.0128128323124646,-0.0125308014517804,0.0706280534215141
265.896338019882,-0.0109881285627321,0.0172627985366708,-0.00977676321008732,0.177025269999102,-0.000461930682541328,0.0127196355900173,-0.0123828023954951,0.0701802798385793
267.740368587419,-0.0108897814034213,0.0172017433889239,-0.00951577347219568,0.175730894869692,-0.00044790846143168,0.0126270723446239,-0.0122364839858711,0.069735098773562
269.597187780627,-0.0107920716777632,0.0171406253353742,-0.00925994409448842,0.174445172002005,-0.000434175328018887,0.0125351397811108,-0.0120918266902834,0.0692924983458832
271.466884290521,-0.0106949957495724,0.0170794454172188,-0.00900919854507981,0.173168070262482,-0.000420726921841789,0.0124438350898361,-0.01194881122645,0.0688524666530358
273.349547423206,-0.010598550079845,0.0170182046835768,-0.00876346101719223,0.171899558120296,-0.000407558924070564,0.012353155447065,-0.0118074185595292,0.0684149917734741
275.245267104134,-0.0105027312243407,0.016956904193233,-0.00852265642718427,0.17063960365566,-0.000394667057381011,0.0122630980153449,-0.0116676298992134,0.0679800617694258
277.154133882404,-0.0104075358311571,0.0168955450163072,-0.00828671041258945,0.169388174568081,-0.000382047085830398,0.0121736599438773,-0.0115294266968237,0.0675476646896277
279.07623893509,-0.0103129606382964,0.0168341282358496,-0.00805554933016439,0.168145238184559,-0.000369694814734749,0.0120848383688889,-0.0113927906424044,0.0671177885719857
281.011674071587,-0.0102190024712269,0.0167726549493623,-0.00782910025394406,0.166910761467729,-0.000357606090547422,0.0119966304140009,-0.0112577036618197,0.06669042144616
282.960531738006,-0.0101256582404415,0.0167111262702477,-0.00760729097330263,0.165684711023955,-0.000345776800738843,0.0119090331905967,-0.0111241479138536,0.0662655513360756
284.922905021585,-0.0100329249390141,0.0166495433291838,-0.00739004999101823,0.16446705311138,-0.000334202873677281,0.011822043798189,-0.0109921057873133,0.065843166262361
286.898887655133,-0.00994079964015653,0.0165879072754272,-0.00717730652133935,0.163257753647921,-0.000322880278510472,0.0117356593247851,-0.0108615598981394,0.0654232542447132
288.888574021513,-0.00984927949477705,0.0165262192780439,-0.00696899048805109,0.162056778219229,-0.000311805025048002,0.0116498768472519,-0.0107324930865213,0.0650058033041919
290.892059158146,-0.00975836172904262,0.0164644805270688,-0.00676503252253935,0.160864092086604,-0.00030097316364425,0.0115646934316791,-0.0106048884140207,0.0645908014654433
292.909438761552,-0.00966804364194636,0.0164026922345948,-0.00656536396185061,0.159679660194874,-0.000290380785081785,0.011480106133743,-0.0104787291607046,0.0641782367588542
294.940809191919,-0.00957832260288212,0.016340855635791,-0.00636991684674545,0.158503447180231,-0.000280024020455022,0.011396111999068,-0.0103539988222864,0.0637680972226374
296.986267477709,-0.00948919604922761,0.0162789719898525,-0.00617862391974361,0.157335417378038,-0.000269899041054039,0.0113127080635885,-0.0102306811072798,0.0633603709048492
299.045911320291,-0.00940066148393789,0.0162170425808803,-0.00599141862315835,0.156175534830593,-0.000260002058248337,0.0112298913539102,-0.0101087599341627,0.0629550458653404
301.119839098607,-0.00931271647315083,0.0161550687186945,-0.00580823509711821,0.155023763294872,-0.000250329323370453,0.0111476588876706,-0.00998821942855558,0.0625521101776414
303.208149873869,-0.00922535864380596,0.0160930517395795,-0.00562900817757357,0.153880066250226,-0.000240877127599233,0.0110660076738989,-0.00986904392041218,0.0621515519307824
305.310943394298,-0.00913858568127855,0.0160309930069633,-0.00545367339428636,0.15274440690606,-0.000231641801842616,0.0109849347133762,-0.00975121794122607,0.0617533592310495
307.428320099879,-0.00905239532703019,0.0159688939120322,-0.00528216696880036,0.151616748209474,-0.00022261971661981,0.0109044369989948,-0.00963472622125215,0.0613575202036787
309.560381127168,-0.00896678537627756,0.0159067558742798,-0.00511442581239002,0.150497052852877,-0.000213807281942661,0.010824511516117,-0.00951955368674502,0.0609640229944873
311.707228314113,-0.00888175367568077,0.015844580341994,-0.00495038752398584,0.149385283281576,-0.000205200947196102,0.0107451552429342,-0.00940568545721455,0.0605728557714445
313.868964204927,-0.0087972981210527,0.0157823687926808,-0.00478999038807393,0.14828140170133,-0.000196797201017526,0.0106663651508252,-0.00929310684269978,0.0601840067261826
316.045692054981,-0.00871341665509079,0.0157201227334274,-0.00463317337256787,0.147185370085886,-0.000188592571174935,0.0105881382047145,-0.00918180334106186,0.0597974640754493
318.237515835737,-0.00863010726513265,0.0156578437012048,-0.00447987612665055,0.146097150184474,-0.000180583624443713,0.01051047136343,-0.00907176063529671,0.059413216062502
320.444540239715,-0.0085473679809367,0.0155955332631118,-0.00433003897858435,0.145016703529291,-0.000172766966481908,0.0104333615800607,-0.00896296459086833,0.0590312509584455
322.666870685493,-0.00846519687248929,0.015533193016561,-0.00418360293348722,0.143943991442945,-0.000165139241703862,0.0103568058023139,-0.00885540125306343,0.0586515570635146
324.904613322743,-0.0083835920478394,0.0154708245894078,-0.00404050967107305,0.142878975045878,-0.000157697133152068,0.0102808009728719,-0.00874905684436796,0.0582741227083009
327.1578750373,-0.00830255165096232,0.0154084296400249,-0.00390070154335433,0.141821615263756,-0.000150437362367118,0.0102053440297486,-0.00864391776186645,0.0578989362549275
329.426763456268,-0.00822207385965311,0.0153460098573219,-0.00376412157230517,0.140771872834841,-0.000143356689255625,0.0101304319066456,-0.00853997057466457,0.0575259860981703
331.711386953162,-0.00814215688345145,0.0152835669607126,-0.00363071344748304,0.139729708317322,-0.000136451911955976,0.0100560615333076,-0.00843720202133572,0.0571552606665283
334.011854653082,-0.00806279896159853,0.0152211027000303,-0.00350042152360746,0.138695082096624,-0.000129719866701825,0.00998222983587761,-0.0083355990073921,0.0567867484232439
336.328276437929,-0.00798399836102721,0.0151586188553936,-0.00337319081809385,0.137667954392691,-0.000123157427683187,0.00990893373725108,-0.00823514860278092,0.056420437867273
338.660762951648,-0.00790575337438645,0.0150961172370226,-0.00324896700854132,0.136648285267227,-0.000116761506905047,0.00983617015743006,-0.00813583803940626,0.0560563175342082
341.009425605519,-0.00782806231810084,0.0150335996850086,-0.00312769643017235,0.135636034630916,-0.000110529054043348,0.00976393601387609,-0.00803765470867706,0.0556943759971544
343.374376583475,-0.00775092353046619,0.0149710680690371,-0.00300932607322345,0.13463116225061,-0.000104457056298299,0.00969222822186253,-0.00794058615908181,0.0553346018675583
345.75572884746,-0.00767433536978201,0.0149085242880662,-0.00289380358028503,0.13363362775647,-9.85425382448652e-05,0.00962104369482599,-0.00784462009379023,0.0549769837959933
348.153596142828,-0.00759829621252175,0.0148459702699624,-0.00278107724358945,0.132643390649094,-9.27825616803851e-05,0.00955037934471681,-0.00774974436828259,0.0546215104729008
350.568093003772,-0.00752280445154131,0.0147834079710943,-0.00267109600224598,0.131660410306591,-8.71742254692143e-05,0.00948023208234853,-0.00765594698800689,0.0542681706292884
352.999334758797,-0.00744785849432686,0.014720839375886,-0.00256380943942145,0.130684645991627,-8.17146653843154e-05,0.00941059881774619,-0.00756321610606434,0.0539169530373868
355.44743753623,-0.00737345676128231,0.0146582664963321,-0.00245916777946575,0.129716056858432,-7.64010539457261e-05,0.00934147646049346,-0.00747154002092348,0.0535678465112662
357.912518269762,-0.00729959768405727,0.0145956913714747,-0.00235712188498104,0.128754601959768,-7.12306002558412e-05,0.00927286192007844,-0.00738090717416334,0.0532208399074131
360.39469470404,-0.00722627970391582,0.0145331160668454,-0.00225762325383391,0.127800240253854,-6.62005498314332e-05,0.00920475210623803,-0.00729130614824574,0.0528759221252688
362.894085400285,-0.00715350127014687,0.0144705426738728,-0.00216062401610984,0.126852930611249,-6.13081844323711e-05,0.00913714392930086,-0.00720272566431718,0.0525330821077308
365.410809741959,-0.00708126083851627,0.0144079733092564,-0.00206607693100903,0.125912631821696,-5.65508218869756e-05,0.0090700343005285,-0.00711515458004051,0.0521923088416178
367.944987940466,-0.00700955686976134,0.0143454101143102,-0.00197393538368314,0.124979302600914,-5.19258159139665e-05,0.009003420132455,-0.00702858188745654,0.0518535913580994
370.496741040893,-0.00693838782812796,0.0142828552542761,-0.00188415338201262,0.124052901597346,-4.74305559409746e-05,0.00893729833922459,-0.0069429967108758,0.0515169187330921
373.066190927794,-0.00686775217995075,0.0142203109176086,-0.00179668555332391,0.123133387398861,-4.30624669195694e-05,0.0088716658369275,-0.0068583883048007,0.051182280087622
375.653460331008,-0.00679764839227633,0.014157779315233,-0.00171148714104639,0.122220718539406,-3.8819009136782e-05,0.00880651954393354,-0.00677474605187808,0.0508496645881553
378.258672831527,-0.00672807493153017,0.0140952626797786,-0.00162851400130895,0.121314853505597,-3.46976780231107e-05,0.00874185638122378,-0.0066920594608824,0.050519061446898
380.881952867393,-0.006659030262227,0.0140327632647868,-0.00154772259947575,0.120415750743272,-3.06960039569745e-05,0.00867767327271971,-0.00661031816472954,0.0501904599220659
383.523425739646,-0.00659051284572493,0.0139702833438984,-0.00146907000662154,0.119523368663976,-2.68115520656233e-05,0.00861396714561012,-0.0065295119185214,0.0498638493181249
386.183217618305,-0.00652252113902347,0.0139078252100185,-0.00139251389594619,0.118637665651397,-2.30419220224869e-05,0.00855073493067551,-0.00644963059762123,0.049539218986004
388.861455548399,-0.00645505359360531,0.0138453911744629,-0.00131801253912892,0.117758600067741,-1.93847478409726e-05,0.00848797356260975,-0.00637066419575972,0.0492165583232812
391.558267456034,-0.00638810865432203,0.0137829835660856,-0.00124552480262223,0.116886130260045,-1.5837697664714e-05,0.00842567998033914,-0.00629260282317201,0.048895856774343
394.273782154498,-0.00632168475832353,0.0137206047303905,-0.001175010143886,0.116020214566433,-1.23984735542876e-05,0.00836385112733857,-0.00621543670476534,0.0485771038305192
397.008129350424,-0.00625578033403121,0.0136582570286269,-0.00110642860756205,0.115160811322307,-9.06481127040505e-06,0.00830248395194468,-0.00613915617831744,0.0482602890301938
399.761439649975,-0.00619039380015467,0.0135959428368723,-0.00103974082158979,0.114307878866468,-5.83448005362069e-06,0.00824157540766598,-0.00606375169270561,0.0479454019588922
402.533844565089,-0.00612552356475177,0.0135336645451012,-0.000974907993263323,0.11346137554718,-2.70528240056385e-06,0.00818112245348986,-0.00598921380616636,0.0476324322493464
405.325476519761,-0.00606116802433192,0.0134714245562443,-0.000911891905230939,0.11262125972816,3.24946163256907e-07,0.00812112205418617,-0.00591553318458541,0.0473213695815394
408.136468856361,-0.00599732556300219,0.0134092252852368,-0.000850654911437517,0.111787489794494,3.25833731404021e-06,0.00806157118060753,-0.00584270059981818,0.0470122036827282
410.966955842014,-0.00593399455165611,0.0133470691580586,-0.00079115993301068,0.110960024158493,6.09699016364046e-06,0.00800246680998607,-0.00577070692804027,0.0467049243274482
413.817072675003,-0.0058711733472047,0.0132849586107671,-0.000733370454091688,0.110138821265467,8.84297149680879e-06,0.00794380592622658,-0.00569954314812809,0.0463995213374983
416.686955491232,-0.00580886029184943,0.0132228960885245,-0.0006772505176119,0.109323839599426,1.14983160116934e-05,0.00788558552019598,-0.00562920034006927,0.0460959845819086
419.576741370729,-0.00574705371239673,0.0131608840446194,-0.000622764721015964,0.108515037688713,1.40650265635272e-05,0.00782780259000892,-0.00555966968340267,0.0457943039768907
422.486568344193,-0.00568575191961355,0.0130989249394861,-0.000569878211932707,0.107712374111545,1.65450744114573e-05,0.00777045414130957,-0.00549094245568787,0.0454944694857725
425.416575399583,-0.0056249532076236,0.0130370212397205,-0.000518556683794972,0.106915807501492,1.89403994684361e-05,0.00771353718754934,-0.00542301003100376,0.0451964711189166
428.366902488763,-0.00556465585334366,0.0129751754170953,-0.000468766371409562,0.106125296552865,2.12529105541169e-05,0.00765704875026055,-0.00535586387847618,0.0449002989336253
431.337690534184,-0.00550485811595956,0.0129133899475751,-0.000420474046478639,0.105340800026025,2.3484485650672e-05,0.00760098585932592,-0.00528949556083406,0.0446059430340311
434.329081435613,-0.00544555823644122,0.0128516673103327,-0.000373647013073875,0.104562276752615,2.56369721614665e-05,0.0075453455532438,-0.00522389673299417,0.0443133935709742
437.341218076915,-0.00538675443709616,0.0127900099867666,-0.000328253103064759,0.103789685640699,2.77121871724989e-05,0.00749012487938907,-0.0051590591406738,0.0440226407418678
440.374244332875,-0.00532844492116093,0.0127284204595231,-0.000284260671502478,0.103022985679826,2.97119177165323e-05,0.00743532089426961,-0.00509497461903135,0.0437336747905519
443.428305076071,-0.00527062787242977,0.0126669012115213,-0.000241638591960929,0.102262135946005,3.16379210398264e-05,0.00738093066377827,-0.00503163509133439,0.0434464860071359
446.503546183793,-0.00521330145491997,0.0126054547249836,-0.000200356251836346,0.101507095606584,3.34919248713839e-05,0.00732695126344031,-0.00496903256765488,0.0431610647278316
449.600114545014,-0.00515646381257306,0.0125440834804726,-0.000160383547607156,0.100757823925061,3.5275627694617e-05,0.00727337977865617,-0.00490715914359125,0.0428774013347755
452.718158067401,-0.00510011306899141,0.0124827899559342,-0.000121690880055619,0.100014280265786,3.69906990213431e-05,0.00722021330493958,-0.00484600699901696,0.0425954862558437
455.857825684385,-0.00504424732720927,0.0124215766257496,-8.42491494530539e-05,0.0992764240985847,3.86387796680105e-05,0.00716744894815086,-0.0047855683968552,0.0423153099644572
459.01926736227,-0.00498886466949777,0.0123604459597949,-4.80297507101535e-05,0.0985442150032914,4.02214820340574e-05,0.00711508382472547,-0.0047258356818794,0.0420368629793804
462.202634107401,-0.00493396315720287,0.0122994004225111,-1.30045684942886e-05,0.0978176126741871,4.17403903823013e-05,0.00706311506189765,-0.00466680127953906,0.0417601358645117
465.408077973374,-0.00487954083061585,0.0122384424719836,2.08540276846123e-05,0.0970965769243485,4.31970611212609e-05,0.00701153979791914,-0.00460845769481071,0.0414851192286689
468.635752068297,-0.00482559570887517,0.0121775745590335,5.35731884176525e-05,0.0963810676899038,4.45930230893001e-05,0.00696035518227301,-0.00455079751107344,0.0412118037253669
471.885810562108,-0.00477212578989934,0.0121167991263199,8.51795893684008e-05,0.095671045034196,4.59297778404955e-05,0.00690955837588236,-0.00449381338900875,0.0409401800525916
475.158408693936,-0.00471912905034963,0.0120561186074553,0.000115699436270246,0.094966469151853,4.72087999321138e-05,0.00685914655131409,-0.00443749806552415,0.0406702389525679
478.453702779515,-0.00466660344562213,0.0119955354261338,0.000145158469947867,0.0942673003727637,4.84315372135987e-05,0.00680911689297757,-0.00438184435270029,0.040401971211524
481.771850218653,-0.00461454690986813,0.0119350519952728,0.000173581971360976,0.0935734991659603,4.95994111169507e-05,0.00675946659731816,-0.00432684513676114,0.0401353676594507
485.113009502749,-0.00456295735604215,0.0118746707161691,0.000200994766668479,0.0928850261434058,5.0713816948398e-05,0.00671019287300564,-0.00427249337706675,0.0398704191698587
488.477340222363,-0.00451183267597673,0.0118143939776703,0.000227421232311164,0.0922018420636874,5.17761241812419e-05,0.00666129294111753,-0.00421878210512828,0.0396071166595319
491.865003074839,-0.00446117074048313,0.0117542241553608,0.000252885300111085,0.0915239078356153,5.27876767497696e-05,0.0066127640353171,-0.00416570442364477,0.0393454510882785
495.276159871982,-0.00441096939947723,0.0116941636107643,0.00027741046238574,0.0908511845217257,5.37497933441249e-05,0.00656460340202637,-0.00411325350556135,0.0390854134586796
498.710973547785,-0.00436122648212968,0.0116342146905619,0.000301019777075148,0.09018363334169,5.46637677060212e-05,0.0065168083005938,-0.00406142259314838,0.0388269948158368
502.169608166212,-0.00431193979703948,0.0115743797258279,0.000323735872880006,0.0895212156756283,5.55308689251901e-05,0.00646937600345681,-0.00401020499710116,0.0385701862471175
505.652228929035,-0.00426310713243025,0.0115146610312816,0.000345580954409019,0.0888638930673288,5.63523417364534e-05,0.00642230379629906,-0.00395959409565966,0.0383149788819
509.159002183727,-0.00421472625636825,0.0114550609045577,0.000366576807333549,0.0882116272273719,5.71294068173091e-05,0.00637558897820265,-0.00390958333374808,0.0380613638913171
512.690095431402,-0.00416679491700141,0.0113955816254934,0.000386744803547708,0.0875643800361603,5.78632610859179e-05,0.00632922886179495,-0.00386016622213355,0.0378093324880006
516.245677334823,-0.0041193108428184,0.0113362254554348,0.000406105906332122,0.0869221135468543,5.85550779993866e-05,0.00628322077339034,-0.00381133633660371,0.0375588759258243
519.825917726449,-0.00407227174292715,0.0112769946365607,0.00042468067551944,0.0862847899882141,5.92060078522363e-05,0.00623756205312678,-0.00376308731716276,0.0373099854996484
523.430987616559,-0.00402567530735172,0.0112178913912256,0.000442489272659865,0.0856523717673477,5.98171780749451e-05,0.00619225005509713,-0.00371541286724542,0.037062652545064
527.061059201407,-0.00397951920734698,0.0111589179213216,0.000459551466184866,0.085024821472366,6.03896935324679e-05,0.00614728214747542,-0.00366830675294852,0.0368168684381388
530.716305871459,-0.00393380109573003,0.0111000764076591,0.000475886636567265,0.0844021018749454,6.09246368226129e-05,0.00610265571263792,-0.00362176280227973,0.0365726245951631
534.396902219665,-0.00388851860722779,0.0110413690093667,0.000491513781476037,0.0837841759327977,6.14230685741875e-05,0.00605836814727913,-0.00357577490442305,0.0363299124723982
538.103024049808,-0.00384366935883978,0.010982797863311,0.000506451520923988,0.0831710067920495,6.18860277447958e-05,0.00601441686252274,-0.00353033700902058,0.0360887235658255
541.834848384891,-0.00379925095021547,0.0109243650835353,0.000520718102406678,0.0825625577895291,6.23145319181942e-05,0.00597079928402744,-0.00348544312547032,0.035849049410898
545.592553475602,-0.00375526096404517,0.0108660727607183,0.000534331406030854,0.0819587924549646,6.27095776011018e-05,0.00592751285208785,-0.00344108732223932,0.0356108815822932
549.376318808822,-0.00371169696646413,0.010807922961652,0.000547308949630765,0.0813596745130918,6.30721405193682e-05,0.00588455502173036,-0.00339726372619211,0.0353742116936687
553.1863251162,-0.00366855650746849,0.0107499177287399,0.000559667893870752,0.0807651678856726,6.34031759134008e-05,0.00584192326280411,-0.00335396652193374,0.0351390313974198
557.022754382788,-0.00362583712134296,0.0106920590795147,0.000571425047332474,0.0801752366934271,6.37036188327572e-05,0.00579961506006704,-0.00331118995116716,0.0349053323844397
560.885789855729,-0.00358353632709897,0.0106343490061753,0.000582596871585224,0.0795898452578765,6.39743844298068e-05,0.00575762791326712,-0.0032689283120646,0.0346731063838825
564.775616053012,-0.00354165162892294,0.0105767894751439,0.000593199486237821,0.0790089581031012,6.42163682523762e-05,0.00571595933721873,-0.00322717595865237,0.0344423451629286
568.692418772287,-0.00350018051663372,0.0105193824266432,0.000603248673970544,0.0784325399574129,6.4430446535279e-05,0.00567460686187434,-0.00318592730020894,0.0342130405265536
572.636385099737,-0.00345912046614863,0.0104621297742919,0.000612759885545696,0.0778605557549424,6.46174764906545e-05,0.00563356803239145,-0.0031451768006758,0.0339851843172994
576.607703419018,-0.00341846893995738,0.0104050334047213,0.0006217482447953,0.0772929706371437,6.47782965970181e-05,0.00559284040919492,-0.00310491897808067,0.0337587684150496
580.606563420252,-0.00337822338760312,0.0103480951772102,0.000630228553584597,0.076729749954216,6.49137268869492e-05,0.00555242156803463,-0.00306514840397287,0.0335337847368067
584.633156109091,-0.00333838124617018,0.0102913169233395,0.000638215296749975,0.0761708592664442,6.502456923333e-05,0.00551230910003873,-0.00302585970287033,0.033310225236474
588.687673815838,-0.00329893994077751,0.0102347004466658,0.000645722647009971,0.0756162643454591,6.5111607634059e-05,0.0054725006117623,-0.002987047551718,0.0330880819046401
592.77031020464,-0.00325989688507756,0.0101782475224144,0.000652764469848132,0.0750659311754183,6.51756084951618e-05,0.00543299372523162,-0.00294870667935722,0.0328673467683668
596.881260282727,-0.00322124948175972,0.0101219598971911,0.000659354328366441,0.0745198259541096,6.5217320912224e-05,0.00539378607798416,-0.00291083186600584,0.032648011890981
601.020720409738,-0.00318299512305783,0.010065839288712,0.000665505488108157,0.0739779150939765,6.52374769500764e-05,0.0053548753231042,-0.0028734179427486,0.0324300693718697
605.188888307094,-0.00314513119126115,0.0100098873855526,0.000671230921848833,0.0734401652230687,6.52367919206592e-05,0.00531625912925426,-0.00283645979103756,0.0322135113462791
609.385963067442,-0.00310765505922824,0.00995410584691491,0.000676543314354493,0.0729065431859182,6.52159646590031e-05,0.00527793518070236,-0.00279995234220223,0.0319983299851168
613.612145164168,-0.00307056409090319,0.00989849630241259,0.000681455067105772,0.0723770160443418,6.51756777972558e-05,0.00523990117734527,-0.0027638905769691,0.0317845174947578
617.867636460969,-0.00303385564183361,0.00984306035187389,0.000685978302987092,0.0718515510781714,6.51165980366987e-05,0.00520215483472762,-0.00272826952499016,0.0315720661168546
622.152640221499,-0.00299752705968991,0.00978779956516228,0.000690124870939775,0.0713301157859138,6.50393764176863e-05,0.00516469388405715,-0.00269308426438033,0.0313609681281504
626.467361119072,-0.00296157568478539,0.00973271548201437,0.000693906350578192,0.0708126778853411,6.49446485874567e-05,0.0051275160722161,-0.00265832992126327,0.0311512158402963
630.812005246445,-0.00292599885059658,0.00967780961189495,0.000697334056768034,0.0702992053140128,6.48330350657544e-05,0.00509061916176873,-0.00262400166932543,0.0309428015996723
635.186780125658,-0.00289079388428334,0.00962308343386877,0.000700419044165759,0.0697896662297304,6.47051415082128e-05,0.00505400093096514,-0.00259009472937802,0.0307357177872115
639.591894717946,-0.00285595810720836,0.00956853839648895,0.000703172111718463,0.0692840290109273,6.45615589674476e-05,0.00501765917374152,-0.00255660436892662,0.0305299568182286
644.027559433723,-0.00282148883545556,0.00951417591770155,0.00070560380712332,0.0687822622569937,6.44028641518106e-05,0.00498159169971668,-0.00252352590174819,0.0303255111422514
648.493986142629,-0.00278738338034689,0.00945999738476615,0.000707724431245853,0.0682843347885391,6.42296196817607e-05,0.00494579633418516,-0.0024908546874752,0.0301223732428568
652.991388183652,-0.00275363904895722,0.00940600415419202,0.000709544042496293,0.0677902156475923,6.40423743438058e-05,0.00491027091810693,-0.0024585861311866,0.029920535637509
657.519980375318,-0.00272025314462692,0.00935219755168968,0.000711072461163407,0.0672998740977424,6.38416633419777e-05,0.00487501330809371,-0.00242671568300551,0.0297199908774028
662.07997902595,-0.00268722296747165,0.00929857887213751,0.000712319273705075,0.0668132796242194,6.36280085467982e-05,0.00484002137639197,-0.00239523883770317,0.0295207315473093
666.671601944003,-0.0026545458148891,0.00924514937956295,0.000713293836995081,0.0663304019339183,6.3401918741702e-05,0.00480529301086287,-0.00236415113430921,0.0293227502654258
671.295068448464,-0.00262221898206222,0.00919191030713824,0.000714005282525518,0.0658512109553663,6.31638898668832e-05,0.00477082611495889,-0.00233344815572772,0.0291260396832285
675.950599379332,-0.00259023976245877,0.00913886285719011,0.000714462520564289,0.0653756768386354,6.29144052605292e-05,0.00473661860769758,-0.00230312552835911,0.0289305924853291
680.638417108163,-0.00255860544832662,0.00908600820122328,0.00071467424426723,0.0649037699552012,6.2653935897417e-05,0.00470266842363228,-0.00227317892172746,0.0287364013893342
685.358745548692,-0.00252731333118478,0.00903334747995729,0.000714648933744378,0.0644354608977494,6.23829406248429e-05,0.0046689735128199,-0.00224360404811323,0.0285434591457087
690.11181016753,-0.00249636070230962,0.00898088180337645,0.000714394860080008,0.0639707204799319,6.21018663958582e-05,0.00463553184078602,-0.00221439666219095,0.0283517585376419
694.897837994932,-0.00246574485321613,0.00892861225079249,0.000713920089306009,0.0635095197360729,6.18111484997921e-05,0.00460234138848708,-0.00218555256067198,0.0281612923809165
699.717057635642,-0.00243546307613395,0.00887653987091959,0.000713232486328304,0.0630518299208265,6.15112107900354e-05,0.00456940015227008,-0.00215706758195188,0.0279720535237814
704.569699279812,-0.00240551266447784,0.00882466568196151,0.000712339718805962,0.0625976225087881,6.12024659090705e-05,0.00453670614382955,-0.00212893760576242,0.027784034846827
709.455994713995,-0.00237589091331249,0.00877299067171034,0.000711249260982772,0.0621468691940596,6.0885315510728e-05,0.00450425739016212,-0.00210115855282789,0.0275972292628636
714.376177332221,-0.0023465951198113,0.00872151579765675,0.000709968397470987,0.0616995418897706,6.05601504796565e-05,0.00447205193351859,-0.00207372638452569,0.0274116297168026
719.33048214714,-0.00231762258370898,0.00867024198711111,0.000708504226987059,0.0612556127275564,6.02273511479906e-05,0.00444008783135369,-0.00204663710255095,0.0272272291855408
724.31914580125,-0.00228897060774783,0.00861917013733545,0.000706863666039192,0.0608150540569948,5.98872875092079e-05,0.00440836315627349,-0.00201988674858501,0.0270440206778473
729.342406578201,-0.00226063649811741,0.00856830111568565,0.000705053452566514,0.0603778384450015,5.9540319429164e-05,0.00437687599598064,-0.00199347140396772,0.0268619972342525
734.400504414174,-0.00223261756488751,0.00851763575976376,0.000703080149529836,0.0599439386751871,5.91867968542989e-05,0.00434562445321752,-0.00196738718937328,0.0266811519269408
739.493680909344,-0.0022049111224342,0.00846717487757985,0.000700950148453828,0.0595133277471764,5.88270600170095e-05,0.00431460664570719,-0.00194163026448959,0.0265014778596447
744.622179339418,-0.00217751448985884,0.00841691924772337,0.000698669672920593,0.05908597887589,5.8461439638181e-05,0.00428382070609247,-0.00191619682770091,0.0263229681675423
749.786244667259,-0.00215042499139992,0.00836686961954339,0.000696244782014597,0.0586618654907913,5.80902571268796e-05,0.00425326478187305,-0.00189108311577373,0.0261456160171565
754.98612355458,-0.00212363995683762,0.00831702671333757,0.000693681373718975,0.0582409612350991,5.77138247772021e-05,0.00422293703534071,-0.00186628540354572,0.0259694146062568
760.222064373731,-0.00209715672189087,0.00826739122054951,0.000690985188263185,0.0578232399649672,5.73324459622834e-05,0.00419283564351284,-0.00184180000361772,0.0257943571637629
765.494317219563,-0.00207097262860695,0.00821796380397407,0.000688161811422103,0.0574086757486314,5.69464153254667e-05,0.00416295879806411,-0.00181762326604841,0.0256204369496512
770.803133921369,-0.00204508502574346,0.00816874509797045,0.000685216677766614,0.0569972428655274,5.65560189686372e-05,0.00413330470525666,-0.00179375157805196,0.0254476472548628
776.148768054917,-0.00201949126914256,0.00811973570868266,0.000682155073865786,0.0565889158053773,5.61615346377264e-05,0.00410387158586855,-0.00177018136369815,0.0252759814012134
781.531474954562,-0.00199418872209741,0.00807093621426706,0.000678982141440775,0.0561836692672492,5.57632319053927e-05,0.00407465767512077,-0.0017469090836151,0.0251054327413054
786.951511725437,-0.00196917475571086,0.00802234716512661,0.000675702880470563,0.0557814781585889,5.5361372350887e-05,0.00404566122260278,-0.00172393123469445,0.0249359946584417
792.40913725574,-0.0019444467492461,0.00797396908415171,0.000672322152249738,0.0553823175942249,5.49562097371119e-05,0.0040168804921967,-0.00170124434979897,0.0247676605665415
797.904612229097,-0.00192000209046948,0.00792580246696708,0.000668844682398454,0.0549861628953499,5.45479901848853e-05,0.00398831376200006,-0.00167884499747231,0.0246004239100573
803.438199137013,-0.00189583817598525,0.00787784778218457,0.00066527506382482,0.0545929895884759,5.41369523444199e-05,0.0039599593242474,-0.00165672978165108,0.0244342781638938
809.01016229141,-0.00187195241156239,0.00783010547166155,0.000661617759639909,0.054202773404369,5.37233275640324e-05,0.00393181548523063,-0.00163489534137903,0.0242692168333282
814.620767837254,-0.00184834221245327,0.0077825759507645,0.000657877106025648,0.0538154902769597,5.33073400560937e-05,0.00390388056521821,-0.0016133383505232,0.0241052334539323
820.270283765263,-0.00182500500370435,0.00773525960863773,0.000654057315055839,0.0534311163422347,5.28892070602397e-05,0.00387615289837324,-0.00159205551749219,0.0239423215914956
825.958979924714,-0.00180193822045882,0.00768815680847668,0.000650162477470598,0.0530496279371065,5.24691390038539e-05,0.00384863083267062,-0.00157104358495622,0.0237804748419496
831.687128036326,-0.0017791393082511,0.00764126788780579,0.000646196565404498,0.0526710015982654,5.20473396598422e-05,0.00382131272981307,-0.00155029932956913,0.0236196868312938
837.455001705243,-0.00175660572329335,0.00759459315876048,0.000642163435068732,0.0522952140610135,5.1624006301716e-05,0.00379419696514636,-0.00152981956169215,0.0234599512155229
843.262876434102,-0.00173433493275396,0.00754813290837307,0.000638066829387615,0.0519222422580807,5.11993298560043e-05,0.00376728192757363,-0.00150960112511938,0.023301261680554
849.111029636188,-0.00171232441502796,0.0075018873988623,0.000633910380589768,0.0515520633184256,5.07734950520123e-05,0.0037405660194689,-0.00148964089680505,0.0231436119421568
854.999740648693,-0.00169057165999947,0.00745585686792639,0.000629697612754328,0.0511846545660202,5.03466805689481e-05,0.0037140476565898,-0.00146993578659234,0.0229869957458825
860.92929074605,-0.00166907416929619,0.00741004152903911,0.000625431944312568,0.0508199935186209,4.99190591804408e-05,0.0036877252679896,-0.00145048273694382,0.0228314068669958
866.899963153375,-0.00164782945653595,0.00736444157174884,0.000621116690505275,0.050458057886526,4.94907978964672e-05,0.00366159729592861,-0.00143127872267347,0.0226768391104059
872.91204305999,-0.00162683504756541,0.00731905716198029,0.000616755065796299,0.0500988255713197,4.90620581027145e-05,0.00363566219578492,-0.00141232075068019,0.0225232863105995
878.965817633049,-0.0016060884806909,0.0072738884423387,0.000612350186242666,0.0497422746646049,4.86329956974005e-05,0.0036099184359646,-0.0013936058596828,0.0223707423315739
885.061576031251,-0.00158558730690152,0.00722893553241618,0.00060790507182165,0.0493883834467253,4.82037612255747e-05,0.00358436449781135,-0.00137513111995648,0.0222192010667711
891.199609418655,-0.00156532909008442,0.00718419852910015,0.000603422648715246,0.0490371303854761,4.77745000109252e-05,0.00355899887551574,-0.00135689363307061,0.0220686564390123
897.380210978585,-0.00154531140723257,0.00713967750688349,0.00059890575155246,0.0486884941348061,4.73453522851182e-05,0.00353382007602394,-0.00133889053162801,0.0219191024004329
903.603675927636,-0.00152553184864484,0.00709537251817632,0.000594357125609834,0.0483424535335108,4.69164533146918e-05,0.00350882661894611,-0.00132111897900551,0.0217705329324182
909.870301529772,-0.00150598801811854,0.00705128359361906,0.000589779428970694,0.0479989876039174,4.64879335255347e-05,0.00348401703646447,-0.00130357616909588,0.0216229420455393
916.18038711053,-0.00148667753313459,0.00700741074239683,0.000585175234643527,0.0476580755505621,4.60599186249728e-05,0.00345938987324094,-0.00128625932605105,0.0214763237794899
922.534234071309,-0.00146759802503524,0.00696375395255462,0.000580547032639967,0.0473196967588616,4.56325297214923e-05,0.00343494368632467,-0.00126916570402656,0.0213306722030225
928.932145903777,-0.00144874713919457,0.00692031319131346,0.000575897232012849,0.0469838307937777,4.52058834421256e-05,0.00341067704505927,-0.0012522925869274,0.0211859814138857
935.374428204358,-0.00143012253518172,0.00687708840538703,0.000571228162854807,0.0466504573984772,4.47800920475287e-05,0.0033865885309898,-0.00123563728815493,0.0210422455387616
941.861388688833,-0.00141172188691703,0.00683407952129882,0.00056654207825787,0.0463195564929868,4.43552635447759e-05,0.00336267673776971,-0.0012191971503552,0.020899458733203
948.39333720704,-0.00139354288282114,0.00679128644569946,0.000561841156234564,0.0459911081728439,4.39315017979037e-05,0.00333894027106756,-0.00120296954516833,0.0207576151815712
954.970585757668,-0.00137558322595713,0.00674870906568428,0.000557127501600965,0.0456650927077444,4.35089066362268e-05,0.00331537774847374,-0.00118695187297921,0.0206167090969737
961.593448503166,-0.00135784063416587,0.00670634724911061,0.000552403147822232,0.0453414905401865,4.30875739604601e-05,0.00329198779940708,-0.00117114156266933,0.0204767347212017
968.262241784745,-0.00134031284019455,0.00666420084491507,0.000547670058821067,0.0450202822841136,4.26675958466721e-05,0.00326876906502146,-0.0011555360713698,0.0203376863246685
974.977284137491,-0.00132299759181858,0.00662226968343031,0.000542930130749633,0.0447014487235542,4.22490606481006e-05,0.00324572019811242,-0.00114013288421555,0.0201995582063466
981.738896305574,-0.00130589265195694,0.00658055357670136,0.000538185193725393,0.0443849708112609,4.18320530948578e-05,0.00322283986302385,-0.00112492951410072,0.0200623446937058
988.547401257578,-0.0012889957987811,0.00653905231880126,0.000533437013531368,0.0440708296673493,4.14166543915558e-05,0.00320012673555469,-0.00110992350143513,0.0199260401426509
995.403124201917,-0.00127230482581753,0.00649776568614589,0.000528687293281344,0.0437590065779354,4.1002942312881e-05,0.0031775795028658,-0.00109511241390199,0.0197906389374591
1002.30639260238,-0.00125581754204401,0.00645669343780792,0.000523937675050491,0.0434494829937742,4.05909912971468e-05,0.00315519686338689,-0.00108049384621672,0.0196561354907171
1009.25753619375,-0.00123953177197979,0.00641583531582967,0.000519189741471896,0.043142240528899,4.01808725378537e-05,0.00313297752672362,-0.00106606541988693,0.0195225242432589
1016.2568869976,-0.00122344535576968,0.00637519104553481,0.00051444501729953,0.0428372609592605,3.97726540732867e-05,0.00311092021356491,-0.00105182478297351,0.019389799664102
1023.30477933808,-0.00120755614926229,0.00633476033583883,0.000509704970938138,0.0425345262213697,3.93664008741796e-05,0.00308902365559044,-0.00103776960985292,0.019257956250385
1030.40154985798,-0.00119186202408232,0.00629454287955795,0.000504971015940525,0.0422340184109405,3.89621749294736e-05,0.00306728659537835,-0.00102389760098056,0.0191269885273029
1037.5475375347,-0.00117636086769731,0.00625453835371676,0.0005002445124728,0.0419357197815365,3.85600353302033e-05,0.00304570778631321,-0.00101020648265535,0.0189968910480444
1044.74308369654,-0.00116105058347858,0.00621474641985399,0.000495526768747992,0.0416396127432191,3.81600383515351e-05,0.00302428599249424,-0.000996694006785395,0.0188676583937269
1051.98853203895,-0.00114592909075687,0.00617516672432681,0.00049081904242861,0.0413456798611999,3.77622375329913e-05,0.00300301998864388,-0.000983357950654842,0.0187392851733323
1059.28422864097,-0.00113099432487247,0.00613579889861313,0.000486122541998582,0.0410539038544959,3.73666837568849e-05,0.00298190856001657,-0.000970196116691837,0.0186117660236419
1066.63052198171,-0.00111624423722009,0.0060966425596122,0.000481438428105114,0.0407642675945889,3.69734253249981e-05,0.00296095050230803,-0.000957206332237693,0.0184850956091713
1074.02776295709,-0.00110167679528863,0.00605769730994299,0.000476767814870915,0.0404767541040888,3.65825080335298e-05,0.00294014462156463,-0.000944386449317147,0.0183592686221046
1081.4763048965,-0.00108728998269582,0.00601896273824077,0.000472111771177316,0.0401913465554017,3.61939752463448e-05,0.00291948973409342,-0.000931734344409838,0.0182342797822283
1088.97650357974,-0.00107308179921792,0.00598043841945133,0.00046747132191873,0.0399080282694026,3.58078679665481e-05,0.00289898466637233,-0.000919247918222896,0.0181101238368644
1096.52871725401,-0.00105905026081464,0.00594212391512317,0.00046284744922898,0.0396267827141132,3.54242249064192e-05,0.0028786282549609,-0.000906925095464734,0.0179867955608039
1104.13330665098,-0.00104519339964926,0.00590401877369721,0.00045824109367992,0.0393475935033852,3.50430825557277e-05,0.00285841934641129,-0.000894763824619985,0.0178642897562386
1111.79063500406,-0.00103150926410419,0.00586612253079439,0.00045365315545289,0.0390704443955891,3.46644752484652e-05,0.00283835679717993,-0.000882762077725645,0.0177426012526938
1119.50106806575,-0.00101799591879193,0.00582843470950058,0.000449084495483404,0.0387953192923088,3.42884352280146e-05,0.00281843947353937,-0.000870917850148363,0.017621724906959
1127.26497412507,-0.00100465144456177,0.00579095482064927,0.00044453593657962,0.0385222022370431,3.3914992710791e-05,0.00279866625149084,-0.000859229160362961,0.0175016556030195
1135.0827240252,-0.000991473938502024,0.00575368236310156,0.000440008264514985,0.0382510774139124,3.35441759483761e-05,0.00277903601667702,-0.000847694049732103,0.0173823882519863
1142.95469118117,-0.000978461513938186,0.00571661682402368,0.000435502229095572,0.0379819291463728,3.31760112881775e-05,0.00275954766429558,-0.00083631058228721,0.0172639177920264
1150.8812515977,-0.000965612300426966,0.00567975767916173,0.000431018545202529,0.037714741895937,3.28105232326362e-05,0.00274020009901294,-0.00082507684451054,0.0171462391882917
1158.86278388715,-0.000952924443746351,0.00564310439311397,0.000426557893810128,0.0374495002609017,3.24477344970134e-05,0.00272099223487876,-0.000813990945118518,0.0170293474328483
1166.89966928762,-0.000940396105881757,0.00560665641960012,0.000422120922979819,0.0371861889750828,3.20876660657785e-05,0.00270192299524081,-0.000803051014846248,0.0169132375446041
1174.99229168114,-0.000928025465008463,0.00557041320172814,0.000417708248830791,0.0369247929065577,3.17303372476285e-05,0.00268299131266043,-0.000792255206233294,0.0167979045692368
1183.14103761204,-0.000915810715470312,0.00553437417225804,0.000413320456487421,0.0366652970564152,3.13757657291607e-05,0.00266419612882851,-0.000781601693410644,0.0166833435791209
1191.34629630538,-0.000903750067754896,0.00549853875386295,0.000408958101004101,0.036407686557513,3.10239676272297e-05,0.00264553639448204,-0.000771088671888962,0.0165695496732543
1199.60845968555,-0.000891841748465216,0.00546290635938727,0.000404621708267822,0.0361519466732433,3.06749575400081e-05,0.00262701106932114,-0.000760714358348042,0.0164565179771838
1207.92792239501,-0.000880084000288022,0.00542747639210198,0.000400311775879005,0.0358980627963064,3.03287485967818e-05,0.00260861912192676,-0.000750476990427551,0.0163442436429309
1216.3050818131,-0.000868475081958829,0.00539224824595695,0.000396028774010917,0.0356460204474921,2.99853525064988e-05,0.00259035952967887,-0.000740374826518993,0.0162327218489161
1224.74033807505,-0.000857013268223804,0.00535722130583044,0.000391773146248188,0.03539580527447,2.96447796051028e-05,0.00257223127867527,-0.000730406145558979,0.0161219477998833
1233.23409409112,-0.000845696849798515,0.00532239494777542,0.000387545310404739,0.0351474030505876,2.9307038901669e-05,0.00255423336365092,-0.000720569246823722,0.0160119167268232
1241.78675556577,-0.000834524133323754,0.00528776853926317,0.000383345659321619,0.0349007996736772,2.89721381233719e-05,0.00253636478789796,-0.000710862449724857,0.0159026238868963
1250.39873101711,-0.000823493441318398,0.00525334143942362,0.000379174561645076,0.0346559811648714,2.86400837593039e-05,0.00251862456318621,-0.00070128409360649,0.0157940645633551
1259.07043179635,-0.000812603112129535,0.00521911299928287,0.000375032362585319,0.0344129336674277,2.83108811031726e-05,0.00250101170968437,-0.000691832537543597,0.0156862340654663
1267.80227210752,-0.000801851499879811,0.00518508256199756,0.000370919384656317,0.0341716434455606,2.79845342948953e-05,0.00248352525588172,-0.000682506160141656,0.0155791277284315
1276.5946690272,-0.000791236974412203,0.00515124946308625,0.000366835928397047,0.0339320968832842,2.76610463611175e-05,0.00246616423851052,-0.000673303359337619,0.0154727409133077
1285.44804252445,-0.000780757921232233,0.00511761303065777,0.000362782273074571,0.0336942804832628,2.73404192546749e-05,0.00244892770246901,-0.000664222552202189,0.015367069006928
1294.36281548089,-0.000770412741447728,0.00508417258563646,0.000358758677369289,0.0334581808656707,2.7022653893022e-05,0.00243181470074489,-0.000655262174743375,0.0152621074218203
1303.33941371088,-0.000760199851706238,0.0050509274419844,0.000354765380042783,0.0332237847670612,2.67077501956501e-05,0.00241482429433963,-0.000646420681711402,0.0151578515961265
1312.37826598188,-0.000750117684130137,0.00501787690692052,0.000350802600588569,0.0329910790392445,2.63957071205138e-05,0.00239795555219324,-0.000637696546404908,0.0150542969935206
1321.47980403488,-0.000740164686249568,0.00498502028113676,0.00034687053986616,0.0327600506481752,2.60865226994899e-05,0.00238120755110971,-0.000629088260478499,0.0149514391031267
1330.6444626051,-0.000730339320933227,0.004952356859011,0.000342969380718754,0.0325306866728483,2.57801940728869e-05,0.00236457937568305,-0.000620594333751593,0.0148492734394359
1339.87267944269,-0.000720640066317151,0.00491988592881714,0.00033909928857493,0.0323029743042056,2.54767175230276e-05,0.00234807011822405,-0.000612213294018641,0.0147477955422228
1349.16489533366,-0.000711065415731505,0.00488760677293188,0.000335260412034661,0.03207690084405,2.51760885069243e-05,0.00233167887868748,-0.000603943686860647,0.0146470009764618
1358.52155412096,-0.000701613877625523,0.00485551866803868,0.000331452883440023,0.0318524537039708,2.48783016880655e-05,0.00231540476460015,-0.000595784075458062,0.0145468853322425
1367.94310272563,-0.000692283975490605,0.00482362088532852,0.000327676819430881,0.0316296204042761,2.45833509673356e-05,0.00229924689098935,-0.000587733040404988,0.0144474442246847
1377.42999116818,-0.000683074247781721,0.0047919126906977,0.000323932321485935,0.0314083885729373,2.42912295130855e-05,0.00228320438031216,-0.000579789179524769,0.0143486732938526
1386.98267259009,-0.000673983247837104,0.0047603933449426,0.000320219476449393,0.0311887459445403,2.40019297903722e-05,0.00226727636238515,-0.000571951107686891,0.0142505682046691
1396.60160327544,-0.000665009543796404,0.00472906210395138,0.000316538357043634,0.0309706803592481,2.37154435893892e-05,0.00225146197431493,-0.000564217456625279,0.014153124646829
1406.2872426727,-0.000656151718517276,0.00469791821889276,0.000312889022368137,0.0307541797617718,2.34317620531014e-05,0.00223576036042913,-0.000556586874757906,0.0140563383347117
1416.04005341668,-0.000647408369490555,0.00466696093640173,0.000309271518385012,0.0305392322003513,2.31508757041079e-05,0.00222017067220818,-0.000549058027007799,0.013960205007294
1425.86050135065,-0.000638778108754003,0.00463618949876231,0.000305685878391396,0.0303258258257449,2.28727744707437e-05,0.00220469206821755,-0.000541629594625374,0.0138647204280617
1435.74905554856,-0.000630259562804783,0.00460560314408741,0.000302132123479054,0.0301139488902291,2.25974477124456e-05,0.00218932371404074,-0.000534300275012162,0.0137698803849212
1445.70618833745,-0.000621851372510633,0.00457520110649561,0.000298610262981438,0.0299035897466072,2.23248842443914e-05,0.00217406478221283,-0.000527068781545866,0.0136756806901105
1455.73237532004,-0.000613552193019882,0.00454498261628516,0.000295120294908512,0.0296947368472273,2.20550723614358e-05,0.00215891445215468,-0.000519933843406817,0.0135821171801095
1465.8280953974,-0.000605360693670304,0.00451494690010494,0.0002916622063696,0.0294873787430098,2.17879998613544e-05,0.00214387191010772,-0.000512894205405761,0.0134891857155502
1475.99383079187,-0.000597275557896929,0.00448509318112266,0.000288235973984575,0.0292815040824839,2.1523654067416e-05,0.00212893634906937,-0.000505948627813047,0.0133968821811263
1486.23006707006,-0.000589295483138814,0.00445542067919005,0.000284841564283596,0.0290771016108339,2.12620218502952e-05,0.00211410696872908,-0.000499095886189146,0.0133052024855025
1496.53729316606,-0.000581419180744882,0.00442592861100532,0.000281478934095724,0.0288741601689542,2.10030896493455e-05,0.00209938297540498,-0.000492334771216574,0.0132141425612229
1506.9160014048,-0.000573645375878839,0.00439661619027268,0.000278148030926621,0.0286726686925139,2.07468434932422e-05,0.00208476358198111,-0.000485664088533141,0.0131236983646199
1517.36668752555,-0.000565972807423267,0.00436748262785919,0.000274848793325631,0.0284726162110304,2.04932690200168e-05,0.00207024800784536,-0.000479082658566611,0.0130338658757217
1527.88985070559,-0.000558400227882902,0.00433852713194866,0.000271581151242462,0.0282739918469521,2.02423514964916e-05,0.00205583547882783,-0.000472589316370683,0.01294464109816
1538.4859935841,-0.000550926403287203,0.00430974890819292,0.000268345026373743,0.0280767848147506,1.99940758371335e-05,0.00204152522714,-0.000466182911462377,0.0128560200590774
1549.15562228612,-0.000543550113092191,0.00428114715986029,0.000265140332499653,0.0278809844200214,1.97484266223374e-05,0.00202731649131431,-0.000459862307660752,0.0127679988090339
1559.89924644673,-0.000536270150081698,0.00425272108798135,0.000261966975810928,0.0276865800585941,1.95053881161567e-05,0.00201320851614452,-0.000453626382927013,0.0126805734219137
1570.71737923542,-0.000529085320267974,0.00422446989149199,0.000258824855226395,0.0274935612156513,1.92649442834912e-05,0.00199920055262647,-0.000447474029205951,0.012593739994831
1581.61053738059,-0.000521994442791796,0.00419639276737389,0.000255713862701335,0.0273019174648566,1.90270788067483e-05,0.00198529185789959,-0.000441404152268778,0.0125074946480361
1592.57924119422,-0.000514996349822039,0.00416848891079221,0.000252633883526844,0.0271116384674914,1.87917751019882e-05,0.00197148169518891,-0.000435415671557278,0.0124218335248207
1603.62401459674,-0.000508089886454834,0.00414075751523081,0.000249584796620444,0.0269227139716006,1.85590163345689e-05,0.00195776933374765,-0.000429507520029355,0.0123367527914229
1614.74538514202,-0.000501273910612274,0.00411319777262478,0.000246566474808134,0.0267351338111469,1.83287854343e-05,0.00194415404880044,-0.000423678644005893,0.0122522486369325
1625.94388404263,-0.000494547292940788,0.00408580887349052,0.000243578785098115,0.0265488879051744,1.81010651101207e-05,0.00193063512148708,-0.000417928003019006,0.0121683172731953
1637.22004619516,-0.000487908916709167,0.00405859000705311,0.000240621588946369,0.0263639662569798,1.78758378643118e-05,0.00191721183880682,-0.000412254569661598,0.0120849549347172
1648.57441020578,-0.000481357677706318,0.00403154036137142,0.000237694742514313,0.0261803589532934,1.76530860062555e-05,0.00190388349356335,-0.000406657329438299,0.0120021578785687
1660.00751841599,-0.000474892484138753,0.00400465912346047,0.000234798096918714,0.0259980561634678,1.74327916657522e-05,0.00189064938431017,-0.000401135280617713,0.0119199223842882
1671.51991692849,-0.000468512256527892,0.00397794547941159,0.000231931498474064,0.0258170481386757,1.72149368059075e-05,0.00187750881529667,-0.000395687434086031,0.0118382447537859
1683.11215563331,-0.000462215927607168,0.00395139861450994,0.000229094788927601,0.0256373252111155,1.69995032355999e-05,0.00186446109641469,-0.00039031281320195,0.0117571213112469
1694.78478823403,-0.000456002442219022,0.00392501771334983,0.000226287805687159,0.025458877793226,1.67864726215398e-05,0.0018515055431456,-0.000385010453652946,0.0116765484030342
1706.53837227424,-0.000449870757211766,0.00389880195994752,0.00022351038204203,0.0252816963769086,1.65758264999301e-05,0.00183864147650804,-0.000379779403312854,0.0115965223975919
1718.37346916419,-0.000443819841336409,0.00387275053785178,0.000220762347377025,0.0251057715327588,1.63675462877398e-05,0.00182586822300608,-0.000374618722100784,0.0115170396853473
1730.2906442076,-0.000437848675143412,0.00384686263025205,0.000218043527379881,0.0249310939093045,1.61616132935998e-05,0.00181318511457794,-0.000369527481841333,0.0114380966786141
1742.29046662864,-0.000431956250879477,0.00382113742008446,0.000215353744242222,0.024757654232254,1.59580087283312e-05,0.00180059148854537,-0.00036450476612614,0.0113596898114941
1754.37350959913,-0.000426141572384327,0.00379557409013544,0.000212692816854196,0.0245854433037502,1.57567137151154e-05,0.00178808668756333,-0.000359549670176713,0.0112818155397794
1766.54035026596,-0.000420403654987564,0.00377017182314318,0.000210060560992993,0.0244144520016349,1.55577092993167e-05,0.00177567005957041,-0.000354661300708583,0.0112044703408549
1778.79156977856,-0.000414741525405606,0.00374492980189697,0.000207456789505376,0.0242446712787194,1.53609764579649e-05,0.00176334095773965,-0.000349838775796751,0.0111276507135995
1791.12775331676,-0.00040915422163873,0.0037198472093342,0.000204881312484378,0.0240760921620631,1.51664961089081e-05,0.00175109874042986,-0.000345081224742411,0.011051353178288
1803.54949011869,-0.000403640792868267,0.0036949232286354,0.000202333937440345,0.023908705752261,1.49742491196448e-05,0.00173894277113759,-0.000340387787940982,0.0109755742764929
1816.05737350894,-0.000398200299353944,0.00367015704331705,0.000199814469466437,0.0237425032227376,1.4784216315843e-05,0.0017268724184494,-0.000335757616751401,0.0109003105709856
1828.65200092687,-0.000392831812331442,0.00364554783732239,0.000197322711398768,0.0235774758190493,1.45963784895555e-05,0.0017148870559948,-0.000331189873366704,0.0108255586456378
1841.33397395519,-0.00038753441391014,0.0036210947951101,0.000194858463971289,0.0234136148581936,1.44107164071394e-05,0.00170298606239962,-0.000326683730685864,0.010751315105323
1854.10389834867,-0.000382307196971122,0.00359679710174106,0.000192421525965593,0.0232509117279271,1.42272108168884e-05,0.00169116882123987,-0.000322238372186905,0.0106775765758174
1866.9623840631,-0.000377149265065427,0.003572653942963,0.000190011694355744,0.0230893578860889,1.40458424563842e-05,0.00167943472099605,-0.000317852991801257,0.010604339703701
1879.91004528435,-0.000372059732312596,0.00354866450529333,0.000187628764448285,0.0229289448599336,1.38665920595774e-05,0.00166778315500806,-0.000313526793789379,0.010531601156259
1892.94750045783,-0.000367037723299509,0.00352482797609984,0.000185272530017534,0.02276966424547,1.36894403636028e-05,0.00165621352143045,-0.000309258992617603,0.0104593576213824
1906.0753723179,-0.000362082372979559,0.00350114354367972,0.000182942783436328,0.0226115077068075,1.35143681153385e-05,0.00164472522318824,-0.000305048812836243,0.0103876058074693
1919.29428791772,-0.000357192826572161,0.00347761039733647,0.000180639315802288,0.0224544669755098,1.33413560777137e-05,0.00163331766793316,-0.000300895488958903,0.0103163424433257
1932.60487865912,-0.000352368239462627,0.00345422772745518,0.000178361917059785,0.0222985338499557,1.31703850357755e-05,0.00162199026800034,-0.000296798265343038,0.0102455642780664
1946.00778032282,-0.000347607777102418,0.00343099472557579,0.000176110376117668,0.0221437001947062,1.3001435802518e-05,0.00161074244036554,-0.000292756396071708,0.0101752680810156
1959.50363309877,-0.000342910614909802,0.0034079105844647,0.000173884480962916,0.0219899579398799,1.28344892244832e-05,0.00159957360660272,-0.000288769144836559,0.0101054506416087
1973.09308161673,-0.000338275938170915,0.0033849744981845,0.000171684018770294,0.0218372990805334,1.26695261871385e-05,0.00158848319284217,-0.000284835784821993,0.010036108769292
1986.77677497706,-0.000333702941941267,0.00336218566216207,0.000169508776008143,0.0216857156760506,1.25065276200382e-05,0.001577470629729,-0.000280955598590545,0.00996723929342461
2000.55536678172,-0.000329190830947673,0.00333954327325488,0.000167358538540397,0.0215351998495368,1.23454745017741e-05,0.0015665353523821,-0.000277127877969435,0.00989883906317895
2014.42951516552,-0.000324738819490672,0.00331704652981561,0.000165233091724944,0.0213857437872206,1.21863478647232e-05,0.00155567680035358,-0.000273351923938314,0.00983090494744182
2028.39988282751,-0.000320346131347394,0.00329469463175517,0.000163132220508422,0.021237339737862,1.2029128799596e-05,0.00154489441758854,-0.000269627046518174,0.00976343383471534
2042.46713706267,-0.000316011999674937,0.00327248678060403,0.000161055709517561,0.0210899800121673,1.18737984597933e-05,0.00153418765238539,-0.000265952564661425,0.00969642263301821
2056.63194979376,-0.000311735666914226,0.00325042217957197,0.000159003343147154,0.0209436569822097,1.17203380655756e-05,0.00152355595735648,-0.000262327806143132,0.0096298682697867
2070.89499760343,-0.000307516384694405,0.00322850003360622,0.000156974905644771,0.0207983630808571,1.15687289080515e-05,0.00151299878938922,-0.000258752107453403,0.00956376769177595
2085.25696176653,-0.000303353413737735,0.00320671954944809,0.000154970181192286,0.0206540908012059,1.14189523529907e-05,0.00150251560960761,-0.000255224813690913,0.00949811786496117
2099.71852828265,-0.000299246023765044,0.00318507993568806,0.000152988953984329,0.0205108326960207,1.12709898444653e-05,0.0014921058833341,-0.000251745278457574,0.00943291577443913
2114.2803879089,-0.000295193493401715,0.00316358040281928,0.000151031008303738,0.0203685813771806,1.11248229083264e-05,0.00148176908005196,-0.000248312863754314,0.00936815842432954
2128.94323619287,-0.000291195110084233,0.00314222016328977,0.000149096128594099,0.0202273295151315,1.09804331555202e-05,0.00147150467336802,-0.000244926939877999,0.00930384283767668
2143.7077735059,-0.000287250169967299,0.00312099843155298,0.000147184099529457,0.020087069838344,1.08378022852474e-05,0.0014613121409757,-0.000241586885319441,0.009239966056351
2158.57470507649,-0.000283357977831523,0.00309991442411707,0.000145294706081294,0.0199477951327783,1.06969120879728e-05,0.00145119096461865,-0.000238292086662526,0.00917652514095105
2173.54474102402,-0.000279517846991695,0.00307896735959265,0.000143427733582825,0.0198094982413534,1.05577444482874e-05,0.00144114063005451,-0.000235041938484429,0.00911351717070525
2188.61859639264,-0.000275729099205656,0.00305815645873929,0.00014158296779072,0.0196721720634236,1.04202813476298e-05,0.00143116062701928,-0.000231835843256919,0.00905093924337412
2203.79699118545,-0.000271991064583759,0.00303748094451052,0.000139760194944306,0.01953580955426,1.02845048668688e-05,0.00142125044919196,-0.000228673211248736,0.00898878847515231
2219.08065039887,-0.000268303081498953,0.00301694004209766,0.000137959201822343,0.0194004037245378,1.0150397188754e-05,0.00141140959415954,-0.000225553460429048,0.00892706200057111
2234.47030405729,-0.000264664496497463,0.00299653297897216,0.000136179775797414,0.0192659476398292,1.0017940600236e-05,0.00140163756338244,-0.00022247601637196,0.00886575697240076
2249.9666872479,-0.000261074664210109,0.00297625898492687,0.000134421704888044,0.0191324344201024,9.88711749466248e-06,0.00139193386216027,-0.000219440312162088,0.00880487056155333
2265.57054015586,-0.000257532947264233,0.00295611729211581,0.000132684777808572,0.0189998572392246,9.75791037385298e-06,0.00138229799959794,-0.000216445788301163,0.00874439995698538
2281.28260809959,-0.000254038716196276,0.00293610713509294,0.000130968784016877,0.0188682093244727,9.63030185005619e-06,0.00137272948857213,-0.000213491892615687,0.00868434236560106
2297.10364156645,-0.000250591349364979,0.0029162277508495,0.000129273513759999,0.018737483956047,9.50427464779358e-06,0.00136322784569818,-0.000210578080165609,0.00862469501215523
2313.0343962485,-0.000247190232865237,0.00289647837885032,0.000127598758117734,0.018607674466592,9.37981160559364e-06,0.00135379259129723,-0.000207703813154026,0.00856545513915694
2329.07563307866,-0.000243834760442584,0.00287685826106887,0.000125944309044257,0.0184787742407215,9.25689567761921e-06,0.00134442324936374,-0.00020486856083789,0.00850662000677284
2345.22811826701,-0.000240524333408353,0.00285736664202119,0.000124309959407835,0.0183507767145492,9.13550993519221e-06,0.00133511934753342,-0.000202071799439727,0.00844818689273113
2361.49262333744,-0.000237258360555463,0.00283800276879866,0.000122695503028687,0.0182236753752241,9.01563756821872e-06,0.00132588041705137,-0.000199313012060344,0.00839015309222539
2377.86992516445,-0.000234036258074886,0.00281876589109972,0.000121100734715051,0.0180974637604715,8.89726188651778e-06,0.00131670599274066,-0.000196591688592527,0.0083325159178189
2394.36080601029,-0.000230857449472761,0.00279965526126045,0.000119525450297515,0.0179721354581384,8.78036632105708e-06,0.00130759561297119,-0.000193907325635715,0.00827527269934888
2410.96605356231,-0.000227721365488181,0.00278067013428412,0.000117969446661657,0.0178476841057446,8.66493442509865e-06,0.0012985488196289,-0.000191259426411647,0.00821842078383132
2427.6864609706,-0.000224627444011635,0.00276180976786967,0.000116432521779055,0.0177241033900375,8.55094987525748e-06,0.00128956515808525,-0.000188647500680966,0.00816195753536564
2444.52282688584,-0.000221575130004136,0.00274307342243916,0.000114914474736719,0.0176013870465531,8.43839647247631e-06,0.00128064417716709,-0.000186071064660784,0.00810588033503997
2461.4759554975,-0.000218563875416996,0.00272446036116426,0.000113415105764988,0.0174795288591803,8.32725814291883e-06,0.00127178542912679,-0.000183529640943184,0.00805018658083634
2478.54665657221,-0.000215593139112292,0.0027059698499917,0.000111934216263944,0.0173585226597315,8.21751893878474e-06,0.00126298846961271,-0.00018102275841466,0.00799487368753633
2495.73574549243,-0.000212662386784,0.00268760115766779,0.000110471608828399,0.0172383623275166,8.10916303904903e-06,0.00125425285763997,-0.000178549952176492,0.00793993908662691
2513.04404329547,-0.000209771090879794,0.00266935355576196,0.000109027087271478,0.0171190417889216,8.00217475012787e-06,0.00124557815556149,-0.000176110763466031,0.00788538022620646
2530.47237671259,-0.000206918730523535,0.00265122631868942,0.00010760045664687,0.0170005550169931,7.89653850647444e-06,0.00123696392903939,-0.000173704739578904,0.00783119457089121
2548.02157820863,-0.00020410479143842,0.00263321872373284,0.000106191523269775,0.0168828960310254,7.79223887110596e-06,0.00122840974701663,-0.000171331433792113,0.00777737960172173
2565.69248602162,-0.000201328765870819,0.00261533005106322,0.000104800094736586,0.0167660588961535,7.68926053606588e-06,0.001219915181689,-0.000168990405288043,0.00772393281606993
2583.48594420295,-0.000198590152514782,0.00259755958375981,0.000103425979943364,0.0166500377229492,7.58758832282187e-06,0.00121147980847732,-0.000166681219079335,0.00767085172754611
2601.4028026576,-0.000195888456437225,0.00257990660782924,0.000102068989103128,0.0165348266670234,7.48720718260355e-06,0.001203103206,-0.000164403445934664,0.00761813386590646
2619.4439171848,-0.000193223189003783,0.00256237041222374,0.000100728933762009,0.0164204199286301,7.3881021966807e-06,0.00119478495604584,-0.00016215666230536,0.0075657767769607
2637.61014951883,-0.000190593867805354,0.00254495028885862,9.94056268143046e-05,0.016306811752277,7.29025857658528e-06,0.00118652464354715,-0.000159940450252914,0.00751377802248019
2655.90236737027,-0.000188000016585298,0.00252764553262887,9.80988825164692e-05,0.0161939964263387,7.19366166427855e-06,0.00117832185655306,-0.000157754397377317,0.00746213518010605
2674.32144446737,-0.000185441165167325,0.00251045544142502,9.68085165000781e-05,0.0160819682826748,7.09829693226577e-06,0.00117017618620322,-0.000155598096746266,0.00741084584325793
2692.86826059784,-0.000182916849384046,0.0024933793161482,9.55343457837965e-05,0.0159707216962515,7.00414998366016e-06,0.00116208722670166,-0.000153471146825184,0.0073599076210427
2711.54370165082,-0.0001804266110062,0.00247641646072449,9.42761887843932e-05,0.015860251084768,6.91120655219846e-06,0.00115405457529101,-0.00015137315140809,0.00730931813816379
2730.34865965925,-0.000177969997672545,0.00245956618211847,9.30338653268248e-05,0.0157505509082856,6.81945250220922e-06,0.00114607783222688,-0.000149303719549277,0.00725907503483056
2749.28403284242,-0.000175546562820421,0.00244282779034607,9.18071966534306e-05,0.0156416156688624,6.72887382853659e-06,0.00113815660075259,-0.000147262465495804,0.00720917596666815
2768.35072564895,-0.000173155865616979,0.00242620059848675,9.059600543226e-05,0.01553343991019,6.63945665642042e-06,0.00113029048707412,-0.000145249008620802,0.00715961860462756
2787.54964879989,-0.000170797470891074,0.00240968392269493,8.94001157645736e-05,0.0154260182172356,6.55118724133513e-06,0.00112247910033532,-0.000143262973357567,0.00711040063489609
2806.88171933232,-0.000168470949065811,0.00239327708221075,8.82193531915359e-05,0.0153193452158868,6.46405196878839e-06,0.00111472205259333,-0.000141303989134442,0.00706151975880802
2826.34786064308,-0.000166175876091771,0.00237697939937026,8.70535447001382e-05,0.0152134155726008,6.37803735408189e-06,0.00110701895879432,-0.000139371690310494,0.00701297369275577
2845.94900253294,-0.000163911833380871,0.00236079019961476,8.59025187283713e-05,0.0151082239940566,6.29313004203483e-06,0.00109936943674941,-0.000137465716111941,0.00696476016810113
2865.68608125093,-0.000161678407740896,0.00234470881149975,8.47661051696842e-05,0.0150037652268118,6.20931680667286e-06,0.00109177310711087,-0.000135585710569369,0.00691687693108713
2885.56003953913,-0.000159475191310674,0.00232873456670306,8.36441353767421e-05,0.0149000340569615,6.12658455088258e-06,0.00108422959334854,-0.000133731322455687,0.00686932174274994
2905.57182667768,-0.000157301781495907,0.0023128668000325,8.25364421645253e-05,0.0147970253098026,6.04492030603432e-06,0.00107673852172649,-0.000131902205224843,0.00682209237883134
2925.72239853012,-0.000155157780905641,0.00229710484943284,8.14428598127767e-05,0.0146947338494999,5.96431123157341e-06,0.00106929952127992,-0.000130098016951278,0.00677518662969133
2946.01271758903,-0.00015304279728939,0.00228144805599226,8.03632240678379e-05,0.0145931545787567,5.8847446145824e-06,0.00106191222379226,-0.000128318420270116,0.00672860230022126
2966.44375302203,-0.000150956443474888,0.00226589576394818,7.92973721438835e-05,0.0144922824384884,5.80620786931441e-06,0.00105457626377254,-0.000126563082318079,0.00668233720975711
2987.01648071805,-0.000148898337306493,0.00225044732069263,7.82451427235875e-05,0.0143921124074993,5.72868853669991e-06,0.00104729127843298,-0.000124831674675123,0.00663638919199333
3007.73188333398,-0.000146868101584213,0.00223510207677695,7.72063759582336e-05,0.0142926395021634,5.65217428382727e-06,0.00104005690766674,-0.000123123873306784,0.00659075609489677
3028.59095034155,-0.000144865364003369,0.00221985938591607,7.61809134673011e-05,0.0141938587761077,5.57665290339896e-06,0.00103287279402598,-0.00012143935850723,0.00654543578062122
3049.59467807464,-0.000142889757094887,0.00220471860499224,7.5168598337537e-05,0.0140957653198991,5.50211231316407e-06,0.00102573858270005,-0.000119777814843009,0.00650042612542205
3070.74406977686,-0.00014094091816621,0.00218967909405821,7.41692751215433e-05,0.0139983542607345,5.42854055532851e-06,0.00101865392149397,-0.000118138931097487,0.0064557250195714
3092.04013564946,-0.000139018489242829,0.00217474021634,7.31827898358907e-05,0.0139016207621342,5.35592579594377e-06,0.00101161846080707,-0.000116522400215964,0.0064113303672736
3113.48389289956,-0.000137122117010441,0.00215990133823911,7.22089899587867e-05,0.0138055600236381,5.2842563242757e-06,0.00100463185361185,-0.000114927919251474,0.00636724008658102
3135.07636578881,-0.000135251452757708,0.00214516182933433,7.12477244273059e-05,0.0137101672805049,5.21352055215359e-06,0.000997693755433072,-0.000113355189311238,0.00632345210931016
3156.8185856822,-0.000133406152319635,0.00213052106238303,7.02988436342122e-05,0.0136154378034151,5.14370701330144e-06,0.000990803824327002,-0.000111803915503796,0.00627996438095827
3178.71159109747,-0.000131585876021542,0.00211597841332204,6.93621994243769e-05,0.0135213668981761,5.07480436265142e-06,0.000983961720860913,-0.000110273806886773,0.00623677486062017
3200.75642775457,-0.000129790288623654,0.00210153326126809,6.84376450908241e-05,0.0134279499054309,5.00680137564137e-06,0.000977167108092759,-0.000108764576415306,0.00619388152090551
3222.9541486257,-0.000128019059266273,0.00208718498851781,6.75250353704042e-05,0.013335182200369,4.9396869474963e-06,0.000970419651551025,-0.0001072759408911,0.00615128234785637
3245.30581398558,-0.000126271861415553,0.00207293298054734,6.66242264391256e-05,0.0132430591924414,4.8734500924957e-06,0.000963719019214821,-0.000105807620912124,0.00610897534086524
3267.81249146208,-0.000124548372809859,0.00205877662601148,6.57350759071485e-05,0.0131515763250774,4.80807994322652e-06,0.000957064881494117,-0.000104359340822922,0.00606695851259333
3290.47525608724,-0.000122848275406719,0.00204471531674254,6.48574428134637e-05,0.0130607290754042,4.74356574982357e-06,0.000950456911210205,-0.000102930828665555,0.00602522988888929
3313.29519034861,-0.000121171255330346,0.00203074844774871,6.39911876202643e-05,0.0129705129539704,4.67989687919724e-06,0.000943894783576325,-0.000101521816131143,0.00598378750870822
3336.27338424092,-0.000119517002819751,0.0020168754172121,6.31361722070304e-05,0.012880923504471,4.61706281425005e-06,0.000937378176178495,-0.000100132038512018,0.00594262942403119
3359.41093531822,-0.000117885212177415,0.00200309562648639,6.22922598643338e-05,0.0127919563034758,4.5550531530822e-06,0.000930906768956503,-9.87612346544708e-05,0.00590175369978491
3382.70894874623,-0.00011627558171854,0.00198940848009419,6.14593152873822e-05,0.0127036069601604,4.49385760818716e-06,0.000924480244185102,-9.74091469120932e-05,0.00586115841376203
3406.16853735517,-0.000114687813720857,0.00197581338572395,6.06372045693087e-05,0.0126158711160395,4.43346600563777e-06,0.000918098286455361,-9.60755210997004e-05,0.00582084165654153
3429.7908216929,-0.000113121614375003,0.00196230975422662,5.98257951942271e-05,0.0125287444447037,4.37386828426375e-06,0.000911760582656222,-9.4760106447836e-05,0.00578080153140979
3453.57693007845,-0.000111576693735441,0.00194889699961193,5.9024956030055e-05,0.0124422226515576,4.31505449482087e-06,0.000905466821956194,-9.34626555578424e-05,0.00574103615428172
3477.5279986559,-0.000110052765671945,0.00193557453904435,5.82345573211248e-05,0.0123563014735617,4.2570147991528e-06,0.000899216695785253,-9.21829243575015e-05,0.00570154365362246
3501.64517144866,-0.00010854954782162,0.00192234179283881,5.74544706805901e-05,0.0122709766789762,4.19973946934611e-06,0.000893009897816901,-9.09206720572324e-05,0.00566232217036945
3525.92960041413,-0.000107066761541475,0.00190919818445598,5.66845690826358e-05,0.0121862440671071,4.14321888687874e-06,0.000886846123950378,-8.96756611068383e-05,0.00562336985785473
3550.38244549867,-0.000105604131861522,0.00189614314049739,5.5924726854508e-05,0.0121020994680554,4.08744354176283e-06,0.000880725072293072,-8.84476571528046e-05,0.00558468488172782
3575.00487469309,-0.000104161387438421,0.00188317609070017,5.51748196683673e-05,0.0120185387424683,4.03240403168221e-06,0.000874646443143061,-8.72364289961308e-05,0.00554626541987873
3599.79806408833,-0.000102738260509648,0.00187029646793159,5.44347245329823e-05,0.011935557781293,3.97809106112538e-06,0.000868609938971844,-8.60417485507018e-05,0.00550810966236159
3624.76319793175,-0.000101334486848183,0.00185750370818321,5.37043197852649e-05,0.0118531525055325,3.9244954405139e-06,0.000862615264407211,-8.48633908021802e-05,0.00547021581131845
3649.9014686836,-9.99498057177292e-05,0.00184479725056493,5.29834850816637e-05,0.0117713188660045,3.87160808532735e-06,0.000856662126216298,-8.37011337674261e-05,0.00543258208090366
3675.21407707406,-9.85839598284387e-05,0.00183217653729859,5.22721013894184e-05,0.0116900528431017,3.81942001522476e-06,0.000850750233288763,-8.25547584544258e-05,0.00539520669720835
3700.7022321605,-9.7236695293154e-05,0.00181964101371153,5.15700509776894e-05,0.0116093504465552,3.76792235316334e-06,0.000844879296620161,-8.14240488227359e-05,0.0053580878981856
3726.36715138533,-9.59077615841529e-05,0.0018071901282297,5.0877217408564e-05,0.0115292077151997,3.71710632451466e-06,0.000839049029295426,-8.03087917444246e-05,0.00532122393357571
3752.21006063407,-9.45969114904001e-05,0.00179482333237069,5.01934855279552e-05,0.0114496207167413,3.66696325617898e-06,0.000833259146472551,-7.92087769655165e-05,0.00528461306483209
3778.23219429398,-9.33039010752905e-05,0.00178254008073645,4.95187414563918e-05,0.0113705855475268,3.61748457569771e-06,0.000827509365366378,-7.81237970679225e-05,0.00524825356504724
3804.43479531291,-9.20284896348927e-05,0.00177033983100583,4.88528725797164e-05,0.0112920983323161,3.56866181036492e-06,0.000821799405232565,-7.70536474318617e-05,0.00521214371887945
3830.81911525882,-9.07704396566738e-05,0.00175822204392688,4.81957675396903e-05,0.0112141552240562,3.52048658633771e-06,0.00081612898735168,-7.59981261987584e-05,0.00517628182247952
3857.3864143794,-8.95295167787149e-05,0.00174618618330893,4.75473162245184e-05,0.0111367524036576,3.47295062774632e-06,0.000810497835013456,-7.49570342346176e-05,0.00514066618341818
3884.13796166242,-8.8305489749401e-05,0.0017342317160145,4.6907409759296e-05,0.0110598860797725,3.42604575580382e-06,0.000804905673501175,-7.39301750938651e-05,0.0051052951206136
3911.07503489621,-8.7098130387591e-05,0.00172235811195099,4.62759404963885e-05,0.0109835524885752,3.37976388791619e-06,0.000799352230076207,-7.29173549836561e-05,0.0050701669642595
3938.19892073078,-8.59072135432529e-05,0.00171056484406221,4.56528020057451e-05,0.010907747893545,3.3340970367926e-06,0.000793837233962672,-7.19183827286356e-05,0.0050352800557535
3965.51091473924,-8.47325170585714e-05,0.00169885138831967,4.50378890651583e-05,0.0108324685852505,3.28903730955673e-06,0.000788360416332267,-7.09330697361574e-05,0.00500063274762592
3993.0123214797,-8.3573821729511e-05,0.00168721722371374,4.44310976504685e-05,0.010757710881136,3.24457690685891e-06,0.000782921510289195,-6.99612299619441e-05,0.00496622340346886
4020.70445455755,-8.24309112678427e-05,0.0016756618322446,4.3832324925726e-05,0.0106834711253105,3.20070812198979e-06,0.000777520250855264,-6.90026798761944e-05,0.00493205039786578
4048.58863668828,-8.13035722636175e-05,0.00166418469891309,4.32414692333093e-05,0.0106097456883381,3.15742333999542e-06,0.000772156374955094,-6.80572384301211e-05,0.00489811211632136
4076.66619976054,-8.01915941480941e-05,0.00165278531171132,4.2658430084011e-05,0.0105365309670303,3.11471503679437e-06,0.000766829621401473,-6.71247270229259e-05,0.00486440695519175
4104.93848489989,-7.90947691571056e-05,0.00164146316161312,4.20831081470901e-05,0.0104638233842403,3.07257577829676e-06,0.000761539730880831,-6.62049694691954e-05,0.00483093332161521
4133.40684253274,-7.80128922948703e-05,0.00163021774256446,4.15154052403017e-05,0.01039161938866,3.03099821952587e-06,0.000756286445938855,-6.52977919667211e-05,0.00479768963344316
4162.07263245095,-7.69457612982338e-05,0.00161904855147355,4.09552243199028e-05,0.0103199154546172,2.98997510374196e-06,0.000751069510966224,-6.44030230647328e-05,0.00476467431917145
4190.93722387671,-7.58931766013465e-05,0.00160795508820094,4.04024694706449e-05,0.0102487080818763,2.9494992615693e-06,0.000745888672184476,-6.35204936325456e-05,0.00473188581787224
4220.00199552799,-7.48549413007625e-05,0.00159693685554941,3.98570458957499e-05,0.0101779937954399,2.90956361012572e-06,0.000740743677631993,-6.2650036828609e-05,0.004699322579126
4249.26833568435,-7.38308611209663e-05,0.00158599335925375,3.93188599068824e-05,0.0101077691453527,2.87016115215575e-06,0.000735634277150119,-6.17914880699608e-05,0.00466698306295409
4278.73764225332,-7.28207443803122e-05,0.00157512410797041,3.87878189141141e-05,0.0100380307065066,2.83128497516682e-06,0.00073056022236939,-6.09446850020731e-05,0.00463486573975153
4308.41132283705,-7.18244019573826e-05,0.00156432861326702,3.82638314158899e-05,0.00996877507844812,2.79292825056915e-06,0.000725521266695901,-6.01094674690929e-05,0.00460296909022032
4338.2907947997,-7.08416472577506e-05,0.00155360638961184,3.77468069889959e-05,0.00989999888518746,2.7550842328193e-06,0.000720517165297767,-5.92856774844665e-05,0.00457129160530294
4368.37748533501,-6.9872296181153e-05,0.00154295695436301,3.72366562785361e-05,0.00983169877500913,2.71774625856768e-06,0.000715547675091735,-5.84731592019476e-05,0.00453983178611637
4398.67283153455,-6.89161670890593e-05,0.00153237982775776,3.67332909879157e-05,0.00976387142028429,2.68090774580992e-06,0.00071061255472988,-5.767175888698e-05,0.00450858814388637
4429.17828045629,-6.79730807726421e-05,0.00152187453290151,3.62366238688417e-05,0.00969651351728503,2.64456219304261e-06,0.000705711564586449,-5.68813248884559e-05,0.00447755919988223
4459.89528919383,-6.70428604211358e-05,0.00151144059575683,3.57465687113365e-05,0.00962962178599997,2.60870317842322e-06,0.000700844466744786,-5.61017076108382e-05,0.00444674348535175
4490.82532494586,-6.61253315905883e-05,0.00150107754513234,3.52630403337734e-05,0.00956319296995189,2.57332435893454e-06,0.000696011024984406,-5.53327594866501e-05,0.00441613954145673
4521.96986508636,-6.52203221729927e-05,0.00149078491267152,3.47859545729324e-05,0.00949722383601658,2.53841946955363e-06,0.000691211004768146,-5.45743349493197e-05,0.00438574591920868
4553.33039723509,-6.43276623658031e-05,0.00148056223284138,3.43152282740827e-05,0.00943171117424375,2.50398232242561e-06,0.000686444173229461,-5.38262904063823e-05,0.00435556117940503
4584.90841932869,-6.34471846418231e-05,0.00147040904292112,3.38507792810907e-05,0.0093666517976791,2.47000680604201e-06,0.000681710299159796,-5.30884842130297e-05,0.00432558389256557
4616.7054396922,-6.25787237194702e-05,0.00146032488299065,3.33925264265603e-05,0.00930204254218835,2.43648688442437e-06,0.000677009152996097,-5.23607766460085e-05,0.00429581263886937
4648.72297711114,-6.17221165334044e-05,0.00145030929591906,3.29403895220035e-05,0.00923788026628256,2.40341659631246e-06,0.000672340506808405,-5.16430298778558e-05,0.00426624600809194
4680.96256090399,-6.0877202205525e-05,0.00144036182735301,3.24942893480477e-05,0.00917416185094516,2.37079005435804e-06,0.000667704134287579,-5.09351079514765e-05,0.00423688259954289
4713.42573099534,-6.00438220163235e-05,0.00143048202570506,3.20541476446781e-05,0.00911088419946037,2.33860144432344e-06,0.000663099810733095,-5.02368767550489e-05,0.00420772102200375
4746.11403798933,-5.92218193765967e-05,0.00142066944214191,3.16198871015205e-05,0.00904804423724332,2.30684502428568e-06,0.000658527313040988,-4.9548203997264e-05,0.00417875989366641
4779.02904324382,-5.84110397995087e-05,0.00141092363057257,3.11914313481637e-05,0.00898563891167138,2.27551512384584e-06,0.000653986419691853,-4.88689591828847e-05,0.00414999784207161
4812.17231894485,-5.76113308730042e-05,0.00140124414763655,3.07687049445265e-05,0.00892366519191738,2.2446061433439e-06,0.000649476910738988,-4.819901358863e-05,0.00412143350404809
4845.54544818188,-5.68225422325643e-05,0.00139163055269186,3.03516333712678e-05,0.00886212006878377,2.2141125530791e-06,0.000644998567796606,-4.75382402393723e-05,0.0040930655256518
4879.1500250233,-5.60445255343039e-05,0.00138208240780307,2.9940143020243e-05,0.00880100055453868,2.18402889253583e-06,0.000640551174028169,-4.68865138846496e-05,0.00406489256210571
4912.98765459257,-5.52771344284073e-05,0.00137259927772925,2.95341611850105e-05,0.00874030368275324,2.15434976961522e-06,0.00063613451413481,-4.62437109754864e-05,0.00403691327773985
4947.05995314498,-5.45202245328943e-05,0.00136318072991193,2.91336160513851e-05,0.00868002650814017,2.12506985987232e-06,0.00063174837434385,-4.56097096415177e-05,0.00400912634593163
4981.36854814472,-5.37736534077188e-05,0.00135382633446293,2.87384366880439e-05,0.00862016610639408,2.09618390575915e-06,0.000627392542397425,-4.49843896684166e-05,0.00398153044904672
5015.91507834275,-5.30372805291901e-05,0.00134453566415218,2.83485530371842e-05,0.0085607195740328,2.06768671587339e-06,0.00062306680754119,-4.43676324756166e-05,0.00395412427838004
5050.70119385496,-5.231096726472e-05,0.00133530829439557,2.79638959052354e-05,0.0085016840282404,2.03957316421304e-06,0.000618770960513137,-4.37593210943302e-05,0.00392690653409727
5085.72855624109,-5.1594576847884e-05,0.00132614380324263,2.75843969536253e-05,0.00844305660671131,2.01183818943682e-06,0.000614504793532486,-4.31593401458541e-05,0.00389987592517659
5120.998838584,-5.08879743538021e-05,0.00131704177136431,2.72099886896036e-05,0.00838483446749598,1.98447679413059e-06,0.000610268100288694,-4.25675758201642e-05,0.00387303116935087
5156.51372556965,-5.01910266748259e-05,0.00130800178204061,2.68406044571208e-05,0.00832701478884769,1.95748404407959e-06,0.000606060675930526,-4.19839158547896e-05,0.00384637099305008
5192.27491356752,-4.95036024965379e-05,0.00129902342114829,2.64761784277677e-05,0.00826959476907083,1.93085506754679e-06,0.000601882317055246,-4.14082495139689e-05,0.00381989413134418
5228.28411071172,-4.88255722740515e-05,0.00129010627714846,2.61166455917721e-05,0.0082125716263703,1.90458505455704e-06,0.000597732821697872,-4.08404675680784e-05,0.00379359932788617
5264.54303698245,-4.81568082086142e-05,0.00128124994107419,2.57619417490575e-05,0.00815594259870242,1.87866925618745e-06,0.000593611989320544,-4.02804622733363e-05,0.00376748533485571
5301.0534242883,-4.74971842245057e-05,0.00127245400651811,2.54120035003612e-05,0.00809970494362684,1.85310298386359e-06,0.000589519620801957,-3.97281273517711e-05,0.00374155091290283
5337.81701654885,-4.6846575946232e-05,0.00126371806961996,2.50667682384156e-05,0.00804385593815998,1.82788160866192e-06,0.000585455518426901,-3.91833579714592e-05,0.0037157948310922
5374.83556977805,-4.62048606760078e-05,0.00125504172905413,2.47261741391911e-05,0.00798839287862945,1.80300056061814e-06,0.00058141948587587,-3.86460507270205e-05,0.00369021586684752
5412.11085216805,-4.55719173715279e-05,0.0012464245860172,2.43901601532035e-05,0.00793331308052995,1.77845532804171e-06,0.000577411328214777,-3.81161036203755e-05,0.00366481280589646
5449.64464417369,-4.49476266240197e-05,0.00123786624421542,2.40586659968839e-05,0.00787861387838014,1.75424145683638e-06,0.000573430851884727,-3.75934160417549e-05,0.00363958444221575
5487.43873859751,-4.43318706365788e-05,0.00122936630985229,2.37316321440147e-05,0.00782429262558097,1.73035454982689e-06,0.000569477864691901,-3.70778887509633e-05,0.00361452957797673
5525.49494067543,-4.37245332027792e-05,0.00122092439161596,2.34089998172293e-05,0.00777034669427495,1.70679026609162e-06,0.000565552175797497,-3.65694238588889e-05,0.0035896470234911
5563.81506816292,-4.31254996855591e-05,0.00121254010066677,2.30907109795789e-05,0.00771677347520681,1.68354432030149e-06,0.000561653595707782,-3.60679248092619e-05,0.00356493559715716
5602.40095142188,-4.25346569963755e-05,0.00120421305062473,2.27767083261638e-05,0.00766357037758512,1.66061248206484e-06,0.000557781936264191,-3.55732963606513e-05,0.00354039412540621
5641.254433508,-4.19518935746279e-05,0.00119594285755697,2.24669352758327e-05,0.00761073482894536,1.63799057527843e-06,0.000553937010633544,-3.50854445687051e-05,0.00351602144264941
5680.37737025889,-4.13770993673445e-05,0.00118772913996524,2.21613359629478e-05,0.00755826427501372,1.6156744774845e-06,0.000550118633298303,-3.46042767686221e-05,0.00349181639122488
5719.77163038263,-4.08101658091311e-05,0.00117957151877337,2.18598552292182e-05,0.00750615617957249,1.59366011923396e-06,0.000546326620046947,-3.4129701557861e-05,0.00346777782134516
5759.43909554709,-4.0250985802376e-05,0.00117146961731472,2.15624386155992e-05,0.00745440802432614,1.57194348345553e-06,0.00054256078796439,-3.3661628779076e-05,0.00344390459104495
5799.38166046975,-3.96994536977118e-05,0.00116342306131972,2.12690323542618e-05,0.0074030173087689,1.55052060483105e-06,0.000538820955422506,-3.31999695032826e-05,0.00342019556612924
5839.60123300829,-3.91554652747267e-05,0.00115543147890329,2.09795833606275e-05,0.00735198155005305,1.52938756917673e-06,0.000535106942070705,-3.27446360132444e-05,0.00339664962012169
5880.09973425162,-3.86189177229276e-05,0.00114749450055236,2.06940392254738e-05,0.00730129828285867,1.50854051283052e-06,0.000531418568826606,-3.22955417870845e-05,0.00337326563421338
5920.87909861173,-3.80897096229453e-05,0.00113961175911337,2.04123482071064e-05,0.00725096505926414,1.48797562204535e-06,0.00052775565786677,-3.18526014821122e-05,0.0033500424972118
5961.94127391598,-3.75677409279862e-05,0.00113178288977974,2.01344592236009e-05,0.00720097944861798,1.46768913238851e-06,0.000524118032617518,-3.14157309188679e-05,0.00332697910549027
6003.28822150028,-3.70529129455207e-05,0.00112400753007944,1.98603218451123e-05,0.00715133903741147,1.44767732814687e-06,0.000520505517745809,-3.09848470653787e-05,0.00330407436293755
6044.92191630263,-3.65451283192113e-05,0.00111628531986248,1.95898862862545e-05,0.0071020414291526,1.42793654173813e-06,0.000516917939150212,-3.05598680216258e-05,0.00328132718090783
6086.84434695757,-3.60442910110728e-05,0.00110861590128843,1.93231033985468e-05,0.00705308424424077,1.40846315312794e-06,0.000513355123951925,-3.01407130042178e-05,0.00325873647817104
6129.05751589107,-3.55503062838653e-05,0.00110099891881405,1.9059924662931e-05,0.00700446511984276,1.38925358925299e-06,0.000509816900485888,-2.972730233127e-05,0.00323630118086342
6171.56343941625,-3.50630806837143e-05,0.00109343401918078,1.88003021823556e-05,0.00695618170976951,1.37030432344988e-06,0.000506303098291952,-2.9319557407484e-05,0.00321402022243841
6214.36414782964,-3.45825220229579e-05,0.00108592085140241,1.85441886744302e-05,0.00690823168435408,1.35161187488991e-06,0.000502813548106124,-2.8917400709429e-05,0.0031918925436179
6257.46168550822,-3.41085393632158e-05,0.00107845906675261,1.82915374641473e-05,0.00686061273033039,1.33317280801968e-06,0.000499348081851881,-2.85207557710171e-05,0.00316991709234367
6300.85811100697,-3.36410429986796e-05,0.00107104831875262,1.80423024766738e-05,0.0068133225507132,1.31498373200752e-06,0.000495906532631555,-2.81295471691754e-05,0.00314809282372929
6344.55549715731,-3.31799444396191e-05,0.00106368826315884,1.77964382302099e-05,0.00676635886467881,1.29704130019556e-06,0.000492488734717775,-2.77437005097079e-05,0.00312641870001214
6388.55593116599,-3.27251563961056e-05,0.00105637855795058,1.75538998289177e-05,0.00671971940744692,1.27934220955773e-06,0.000489094523544999,-2.7363142413348e-05,0.0031048936905059
6432.86151471492,-3.22765927619452e-05,0.00104911886331767,1.73146429559162e-05,0.00667340193016328,1.26188320016325e-06,0.000485723735701085,-2.69878005019961e-05,0.00308351677155322
6477.47436406142,-3.18341685988237e-05,0.00104190884164825,1.7078623866347e-05,0.00662740419978346,1.24466105464603e-06,0.000482376208918953,-2.66176033851439e-05,0.00306228692647872
6522.39661013943,-3.13978001206567e-05,0.00103474815751645,1.68457993805046e-05,0.00658172399895735,1.22767259767947e-06,0.000479051782068293,-2.62524806464775e-05,0.00304120314554231
6567.63039866118,-3.09674046781458e-05,0.00102763647767023,1.66161268770374e-05,0.00653635912591481,1.21091469545709e-06,0.000475750295147355,-2.58923628306631e-05,0.00302026442589279
6613.17789021977,-3.05429007435355e-05,0.00102057347101911,1.63895642862143e-05,0.00649130739435199,1.19438425517854e-06,0.000472471589274789,-2.55371814303074e-05,0.00299946977152171
6659.0412603923,-3.01242078955706e-05,0.00101355880862203,1.61660700832595e-05,0.00644656663331882,1.1780782245413e-06,0.000469215506681561,-2.51868688730945e-05,0.00297881819321758
6705.22269984387,-2.97112468046494e-05,0.00100659216367522,1.59456032817534e-05,0.00640213468710715,1.1619935912378e-06,0.000465981890702918,-2.48413585090945e-05,0.00295830870852031
6751.7244144321,-2.93039392181728e-05,0.000999673211500042,1.57281234271016e-05,0.00635800941514,1.14612738245805e-06,0.000462770585770434,-2.45005845982426e-05,0.002937940341676
6798.54862531261,-2.8902207946084e-05,0.000992801629530947,1.55135905900687e-05,0.00631418869186149,1.13047666439768e-06,0.000459581437404102,-2.41644822979864e-05,0.00291771212359191
6845.69756904508,-2.85059768465991e-05,0.000985977097303395,1.53019653603797e-05,0.00627067040662779,1.11503854177135e-06,0.000456414292204491,-2.38329876510986e-05,0.00289762309179187
6893.17349769999,-2.8115170812125e-05,0.000979199296441852,1.50932088403867e-05,0.00622745246359892,1.09981015733162e-06,0.000453268997844977,-2.35060375736546e-05,0.00287767229037185
6940.97867896634,-2.77297157553609e-05,0.000972467910647793,1.48872826388006e-05,0.00618453278163131,1.08478869139299e-06,0.000450145403064009,-2.31835698431695e-05,0.00285785876995584
6989.11539625983,-2.73495385955845e-05,0.000965782625687757,1.46841488644894e-05,0.00614190929417131,1.06997136136136e-06,0.000447043357657466,-2.28655230868972e-05,0.00283818158765205
7037.58594883204,-2.69745672451169e-05,0.00095914312938142,1.44837701203401e-05,0.00609957994914948,1.05535542126861e-06,0.000443962712471042,-2.25518367702841e-05,0.00281863980700931
7086.39265188015,-2.66047305959669e-05,0.000952549111589728,1.42861094971856e-05,0.00605754270887577,1.04093816131253e-06,0.000440903319392715,-2.22424511855803e-05,0.00279923249797388
7135.53783665763,-2.623995850665e-05,0.00094600026420303,1.40911305677963e-05,0.00601579554993542,1.02671690740175e-06,0.000437865031345258,-2.19373074406025e-05,0.00277995873684638
7185.02385058548,-2.58801817891823e-05,0.000939496281129292,1.38987973809348e-05,0.00597433646308585,1.01268902070591e-06,0.000434847702278819,-2.16363474476489e-05,0.00276081760623909
7234.85305736446,-2.55253321962448e-05,0.000933036858282306,1.37090744554743e-05,0.00593316345315415,9.98851897210869e-07,0.000431851187163545,-2.13395139125627e-05,0.00274180819503351
7285.02783708791,-2.51753424085178e-05,0.00092662169356997,1.35219267745805e-05,0.00589227453893558,9.8520296727898e-07,0.000428875341982279,-2.10467503239437e-05,0.0027229295983382
7335.55058635552,-2.4830146022182e-05,0.000920250486882583,1.33373197799553e-05,0.00585166775309264,9.71739695214328e-07,0.000425920023723298,-2.0758000942504e-05,0.00270418091744682
7386.42371838768,-2.44896775365852e-05,0.000913922940081202,1.3155219366144e-05,0.00581134114205521,9.58459578832976e-07,0.000422985090373116,-2.04732107905683e-05,0.00268556125979654
7437.64966314091,-2.41538723420711e-05,0.000907638756986011,1.29755918749029e-05,0.00577129276592113,9.45360149038093e-07,0.00042007040090934,-2.01923256417142e-05,0.00266706973892666
7489.23086742376,-2.38226667079701e-05,0.00090139764336476,1.27984040896302e-05,0.00573152069835792,9.32438969400003e-07,0.000417175815293577,-1.99152920105542e-05,0.00264870547443749
7541.16979501382,-2.3495997770748e-05,0.00089519930692122,1.26236232298559e-05,0.00569202302650489,9.19693635741029e-07,0.000414301194464401,-1.96420571426528e-05,0.00263046759194951
7593.46892677528,-2.31738035223125e-05,0.000889043457283702,1.24512169457943e-05,0.00565279785087637,9.0712177572517e-07,0.000411446400330369,-1.9372569004582e-05,0.00261235522306284
7646.13076077758,-2.28560227984732e-05,0.000882929805993588,1.22811533129553e-05,0.00561384328526536,8.94721048452501e-07,0.000408611295763092,-1.91067762741094e-05,0.00259436750531683
7699.15781241454,-2.25425952675563e-05,0.000876858066493944,1.2113400826816e-05,0.00557515745664826,8.82489144058328e-07,0.000405795744590363,-1.88446283305192e-05,0.0025765035821501
7752.55261452471,-2.22334614191684e-05,0.000870827954118137,1.19479283975517e-05,0.00553673850508997,8.7042378331697e-07,0.000402999611589324,-1.85860752450636e-05,0.00255876260286068
7806.31771751215,-2.19285625531111e-05,0.000864839186078522,1.17847053448261e-05,0.00549858458365007,8.58522717250212e-07,0.000400222762479702,-1.83310677715434e-05,0.00254114372256652
7860.45568946846,-2.16278407684406e-05,0.000858891481455158,1.16237013926387e-05,0.00546069385828947,8.4678372674031e-07,0.000397465063917086,-1.80795573370155e-05,0.00252364610216614
7914.96911629522,-2.13312389526746e-05,0.000852984561184576,1.14648866642321e-05,0.00542306450777793,8.35204622147583e-07,0.000394726383486257,-1.78314960326258e-05,0.00250626890829966
7969.86060182773,-2.10387007711413e-05,0.000847118148048585,1.13082316770549e-05,0.00538569472360221,8.23783242932463e-07,0.000392006589694564,-1.7586836604566e-05,0.00248901131331
8025.13276795918,-2.07501706564703e-05,0.000841291966663131,1.11537073377833e-05,0.00534858270987496,8.12517457282064e-07,0.000389305551965364,-1.73455324451528e-05,0.00247187249520435
8080.78825476607,-2.04655937982231e-05,0.000835505743467192,1.10012849373983e-05,0.00531172668324431,8.01405161741117e-07,0.000386623140631493,-1.7107537584027e-05,0.00245485163761591
8136.82972063413,-2.01849161326619e-05,0.000829759206711724,1.08509361463194e-05,0.00527512487280413,7.90444280847332e-07,0.000383959226928802,-1.68728066794726e-05,0.00243794792976584
8193.25984238548,-1.99080843326534e-05,0.000824052086448649,1.07026330095945e-05,0.005238775520005,7.79632766771059e-07,0.000381313682989731,-1.66412950098519e-05,0.00242116056642548
8250.08131540631,-1.96350457977091e-05,0.0008183841145199,1.05563479421438e-05,0.00520267687856585,7.6896859895929e-07,0.000378686381836938,-1.64129584651578e-05,0.00240448874787888
8307.29685377578,-1.93657486441556e-05,0.000812755024546488,1.041205372406e-05,0.00516682721438627,7.58449783783863e-07,0.000376077197376972,-1.61877535386787e-05,0.0023879316798854
8364.90919039556,-1.91001416954385e-05,0.000807164551917649,1.02697234959617e-05,0.00513122480545952,7.4807435419394e-07,0.000373486004393995,-1.59656373187782e-05,0.00237148857364278
8422.92107712043,-1.88381744725529e-05,0.000801612433780003,1.0129330754401e-05,0.00509586794178612,7.37840369372596e-07,0.000370912678543552,-1.5746567480784e-05,0.00235515864575022
8481.33528488963,-1.85797971846041e-05,0.000796098409026794,9.99084934732458e-06,0.00506075492528824,7.27745914397604e-07,0.000368357096346385,-1.5530502278988e-05,0.00233894111817192
8540.15460385936,-1.8324960719492e-05,0.000790622218287141,9.85425346958763e-06,0.00502588406972456,7.17789099906248e-07,0.000365819135182297,-1.53174005387535e-05,0.00232283521820069
8599.38184353586,-1.80736166347216e-05,0.000785183603915378,9.71951765852014e-06,0.00499125370060595,7.07968061764242e-07,0.000363298673284059,-1.51072216487309e-05,0.0023068401784219
8659.01983290984,-1.78257171483347e-05,0.000779782309980397,9.58661678954497e-06,0.00495686215511164,6.98280960738609e-07,0.000360795589731362,-1.48999255531764e-05,0.00229095523667758
8719.07142059136,-1.75812151299638e-05,0.000774418082255081,9.45552607184798e-06,0.00492270778200617,6.8872598217458e-07,0.000358309764444819,-1.46954727443772e-05,0.00227517963603086
8779.53947494611,-1.73400640920047e-05,0.00076909066820575,9.32622104409834e-06,0.00488878894155681,6.79301335676365e-07,0.000355841078180003,-1.44938242551777e-05,0.00225951262473053
8840.42688423224,-1.71022181809083e-05,0.000763799816981683,9.19867757022029e-06,0.00485510400545177,6.70005254791868e-07,0.000353389412521541,-1.42949416516074e-05,0.00224395345617596
8901.73655673848,-1.68676321685868e-05,0.000758545279404666,9.07287183521409e-06,0.00482165135671885,6.60835996701203e-07,0.00035095464987724,-1.40987870256087e-05,0.00222850138888208
8963.47142092288,-1.66362614439375e-05,0.000753326807958608,8.94878034102734e-06,0.00478842938964489,6.51791841909054e-07,0.000348536673472268,-1.39053229878636e-05,0.00221315568644479
9025.63442555289,-1.64080620044773e-05,0.000748144156779188,8.82637990247474e-06,0.00475543650969565,6.42871093940774e-07,0.000346135367343364,-1.37145126607165e-05,0.00219791561750642
9088.228539846,-1.61829904480913e-05,0.000742997081643569,8.70564764320722e-06,0.00472267113343644,6.34072079042253e-07,0.000343750616333112,-1.3526319671195e-05,0.00218278045572155
9151.25675361174,-1.59610039648908e-05,0.000737885339960137,8.58656099172842e-06,0.00469013168845323,6.25393145883413e-07,0.00034138230608423,-1.33407081441225e-05,0.00216774947972293
9214.72207739435,-1.57420603291808e-05,0.000732808690758321,8.46909767745977e-06,0.00465781661327443,6.16832665265439e-07,0.000339030323033931,-1.31576426953271e-05,0.00215282197308777
9278.6275426167,-1.55261178915343e-05,0.000727766894678427,8.35323572685205e-06,0.00462572435729322,6.0838902983153e-07,0.000336694554408299,-1.29770884249406e-05,0.00213799722430412
9342.97620172496,-1.53131355709747e-05,0.000722759713961555,8.23895345954434e-06,0.00459385338069049,6.00060653781309e-07,0.000334374888216726,-1.27990109107893e-05,0.00212327452673753
9407.77112833456,-1.51030728472604e-05,0.000717786912439534,8.12622948456883e-06,0.0045622021543583,5.91845972588699e-07,0.00033207121324638,-1.2623376201874e-05,0.00210865317859795
9473.0154173768,-1.48958897532757e-05,0.000712848255524932,8.01504269660185e-06,0.00453076915982398,5.83743442723344e-07,0.000329783419056716,-1.24501508119391e-05,0.00209413248290682
9538.71218524687,-1.46915468675213e-05,0.0007079435102011,7.90537227226e-06,0.00449955288917474,5.75751541375465e-07,0.00032751139597403,-1.22793017131283e-05,0.00207971174746435
9604.86456995261,-1.4490005306707e-05,0.00070307244501227,7.79719766644143e-06,0.0044685518449829,5.67868766184144e-07,0.000325255035086047,-1.21107963297269e-05,0.00206539028481707
9671.47573126437,-1.4291226718444e-05,0.000698234830053709,7.69049860871164e-06,0.00443776454023161,5.60093634969e-07,0.000323014228236562,-1.19446025319889e-05,0.00205116741222559
9738.54885086602,-1.40951732740343e-05,0.000693430436961903,7.58525509973292e-06,0.00440718949824119,5.52424685465194e-07,0.000320788868020097,-1.17806886300479e-05,0.00203704245163253
9806.08713250685,-1.3901807661358e-05,0.000688659038904823,7.481447407738e-06,0.00437682525259596,5.44860475061771e-07,0.000318578847776627,-1.16190233679106e-05,0.00202301472963068
9874.09380215466,-1.37110930778552e-05,0.000683920410572202,7.37905606504617e-06,0.00434667034707164,5.37399580543244e-07,0.000316384061586318,-1.14595759175322e-05,0.0020090835774314
9942.57210814976,-1.35229932236032e-05,0.000679214328165897,7.2780618646226e-06,0.00431672333556333,5.30040597834452e-07,0.000314204404264321,-1.13023158729718e-05,0.00199524833083321
10011.5253213603,-1.33374722944864e-05,0.000674540569390274,7.1784458566795e-06,0.00428698278201388,5.22782141748579e-07,0.000312039771355596,-1.11472132446276e-05,0.00198150833019055
10080.9567353381,-1.31544949754576e-05,0.000669898913442663,7.08018934531936e-06,0.00425744726034304,5.15622845738381e-07,0.000309890059129778,-1.09942384535507e-05,0.00196786292038285
10150.8696664767,-1.29740264338907e-05,0.000665289141003841,6.98327388521933e-06,0.00422811535437684,5.08561361650508e-07,0.000307755164576073,-1.0843362325835e-05,0.00195431145078365
10221.267454169,-1.27960323130227e-05,0.000660711034228593,6.88768127835663e-06,0.00419898565777777,5.01596359482942e-07,0.000305634985398205,-1.06945560870851e-05,0.00194085327523009
10292.1534609671,-1.26204787254832e-05,0.000656164376736288,6.79339357077434e-06,0.0041700567739752,4.94726527145485e-07,0.000303529420009388,-1.05477913569574e-05,0.00192748775199248
10363.5310727429,-1.24473322469125e-05,0.000651648953601541,6.70039304938731e-06,0.00414132731609662,4.87950570223284e-07,0.000301438367527338,-1.04030401437777e-05,0.00191421424374416
10435.4036988501,-1.22765599096639e-05,0.000647164551344892,6.60866223882757e-06,0.0041127959068991,4.81267211743326e-07,0.000299361727769321,-1.02602748392296e-05,0.00190103211753146
10507.7747722864,-1.21081291965926e-05,0.000642710957923559,6.51818389832904e-06,0.00408446117870143,4.74675191943916e-07,0.000297299401247245,-1.01194682131171e-05,0.00188794074474398
10580.647749858,-1.19420080349268e-05,0.000638287962722223,6.42894101865081e-06,0.00405632177331671,4.68173268047054e-07,0.00029525128916277,-9.98059340819727e-06,0.00187493950108496
10654.0261123446,-1.17781647902222e-05,0.000633895356543879,6.34091681903905e-06,0.00402837634198543,4.61760214033722e-07,0.000293217293402475,-9.84362393508365e-06,0.00186202776654193
10727.9133646656,-1.16165682603983e-05,0.000629532931600714,6.25409474422636e-06,0.00400062354530906,4.55434820422007e-07,0.000291197316533044,-9.70853366721896e-06,0.00184920492535748
10802.3130360475,-1.14571876698542e-05,0.000625200481505064,6.16845846146917e-06,0.00397306205318411,4.4919589404807e-07,0.000289191261796495,-9.57529683591624e-06,0.00183647036600032
10877.2286801926,-1.12999926636643e-05,0.000620897801260387,6.08399185762165e-06,0.00394569054473664,4.43042257849877e-07,0.000287199033105438,-9.44388802546716e-06,0.0018238234811364
10952.6638754485,-1.11449533018527e-05,0.000616624687252318,6.00067903624679e-06,0.00391850770825737,4.3697275065372e-07,0.000285220535038378,-9.31428216831748e-06,0.00181126366760037
11028.6222249794,-1.09920400537441e-05,0.000612380937239741,5.91850431476333e-06,0.00389151224113712,4.30986226963436e-07,0.000283255672835036,-9.1864545403075e-06,0.00179879032636714
11105.1073569377,-1.08412237923913e-05,0.000608166350345941,5.8374522216288e-06,0.00386470284980282,4.25081556752339e-07,0.00028130435239172,-9.06038075597799e-06,0.00178640286252363
11182.1229246378,-1.06924757890782e-05,0.000603980727049778,5.75750749355786e-06,0.00383807824965393,4.19257625257799e-07,0.000279366480256717,-8.93603676393936e-06,0.00177410068524074
11259.6726067303,-1.05457677078967e-05,0.00059982386917693,5.67865507277583e-06,0.0038116371649994,4.13513332778473e-07,0.000277441963625732,-8.81339884230452e-06,0.00176188320774551
11337.7601073777,-1.04010716003967e-05,0.000595695579891171,5.60088010430665e-06,0.00378537832899496,4.07847594474104e-07,0.000275530710337339,-8.69244359418331e-06,0.00174974984729344
11416.3891564316,-1.02583599003093e-05,0.000591595663685707,5.52416793329538e-06,0.00375930048358106,4.0225934016793e-07,0.000273632628868493,-8.57314794323893e-06,0.001737700025141
11495.5635096105,-1.01176054183399e-05,0.000587523926374553,5.44850410236427e-06,0.00373340237942103,3.96747514151594e-07,0.000271747628330045,-8.45548912930427e-06,0.00172573316651836
11575.2869486794,-9.97878133703291e-06,0.000583480175083965,5.37387434900264e-06,0.00370768277583992,3.9131107499259e-07,0.000269875618462315,-8.3394447040585e-06,0.00171384870060224
11655.5632816306,-9.84186120570527e-06,0.000579464218243915,5.30026460298952e-06,0.0036821404407636,3.85948995344168e-07,0.000268016509630675,-8.22499252676209e-06,0.00170204606048899
11736.3963428651,-9.70681893544877e-06,0.00057547586557962,5.2276609838493e-06,0.00365677415065844,3.8066026175771e-07,0.000266170212821186,-8.11211076005042e-06,0.00169032468316786
11817.7899933763,-9.57362879419957e-06,0.000571514928103109,5.15604979833944e-06,0.00363158269047132,3.75443874497497e-07,0.000264336639636245,-8.00077786578416e-06,0.00167868400949437
11899.7481209338,-9.44226540187509e-06,0.000567581218104854,5.08541753797056e-06,0.00360656485357016,3.70298847357906e-07,0.000262515702290279,-7.89097260095679e-06,0.00166712348416399
11982.2746402699,-9.31270372557585e-06,0.000563674549145427,5.01575087655755e-06,0.00358171944168483,3.65224207482923e-07,0.00026070731360546,-7.78267401365731e-06,0.00165564255568582
12065.3734932659,-9.18491907485315e-06,0.000559794736047232,4.94703666780255e-06,0.00355704526484853,3.60218995188039e-07,0.000258911387007462,-7.67586143908855e-06,0.00164424067635668
12149.0486491407,-9.05888709704e-06,0.000555941594886255,4.87926194290818e-06,0.00353254114133953,3.55282263784403e-07,0.000257127836521232,-7.5705144956392e-06,0.00163291730223509
12233.3041046402,-8.93458377264593e-06,0.000552114942983887,4.81241390822184e-06,0.00350820589762344,3.504130794053e-07,0.000255356576766812,-7.46661308100995e-06,0.00162167189311571
12318.1438842285,-8.8119854108136e-06,0.000548314598898774,4.74647994290967e-06,0.00348403836829573,3.45610520834838e-07,0.000253597522955168,-7.36413736839185e-06,0.00161050391250373
12403.5720402798,-8.69106864483752e-06,0.000544540382418735,4.68144759666075e-06,0.0034600373960249,3.40873679338893e-07,0.000251850590884075,-7.26306780269743e-06,0.00159941282758957
12489.5926532723,-8.57181042774287e-06,0.000540792114552701,4.61730458742026e-06,0.00343620183149581,3.36201658498218e-07,0.000250115696934002,-7.16338509684257e-06,0.00158839810922366
12576.2098319827,-8.45418802792481e-06,0.000537069617522732,4.55403879915224e-06,0.00341253053335363,3.3159357404375e-07,0.000248392758064058,-7.06507022807965e-06,0.00157745923189146
12663.427713683,-8.33817902484634e-06,0.000533372714756045,4.49163827963067e-06,0.00338902236814801,3.27048553694037e-07,0.000246681691807938,-6.96810443438023e-06,0.00156659567368861
12751.2504643373,-8.22376130479506e-06,0.000529701230877128,4.43009123825928e-06,0.00336567621027787,3.22565736994803e-07,0.00024498241626992,-6.8724692108675e-06,0.00155580691629623
12839.6822788018,-8.11091305669681e-06,0.000526054991699861,4.36938604391918e-06,0.00334249094193633,3.18144275160578e-07,0.000243294850120875,-6.77814630629698e-06,0.00154509244495646
12928.7273810244,-7.99961276798669e-06,0.000522433824219717,4.30951122284445e-06,0.0033194654530563,3.13783330918422e-07,0.000241618912594322,-6.68511771958567e-06,0.00153445174844808
13018.3900242466,-7.88983922053556e-06,0.000518837556605984,4.25045545652489e-06,0.00329659864125623,3.09482078353658e-07,0.000239954523482489,-6.59336569638812e-06,0.0015238843190623
13108.6744912069,-7.78157148663222e-06,0.000515266018194052,4.19220757963615e-06,0.00327388941178643,3.0523970275765e-07,0.000238301603132429,-6.50287272571962e-06,0.00151338965257884
13199.5850943454,-7.67478892501973e-06,0.000511719039477728,4.13475657799628e-06,0.00325133667747566,3.01055400477547e-07,0.000236660072442135,-6.41362153662511e-06,0.00150296724824197
13291.1261760091,-7.56947117698585e-06,0.000508196452101615,4.078091586549e-06,0.00322893935867816,2.96928378768007e-07,0.000235029852856712,-6.32559509489389e-06,0.00149261660873687
13383.3021086605,-7.46559816250617e-06,0.000504698088853517,4.02220188737287e-06,0.00320669638322106,2.92857855644847e-07,0.00023341086636455,-6.23877659981888e-06,0.00148233724016609
13476.1172950852,-7.36315007643994e-06,0.000501223783656909,3.96707690771634e-06,0.00318460668635213,2.88843059740626e-07,0.000231803035493543,-6.15314948100027e-06,0.00147212865202616
13569.576168603,-7.26210738477739e-06,0.000497773371563437,3.91270621805836e-06,0.00316266921068795,2.84883230162114e-07,0.000230206283307326,-6.06869739519286e-06,0.00146199035718438
13663.6831932795,-7.16245082093781e-06,0.000494346688745468,3.85907953019396e-06,0.00314088290616243,2.8097761634962e-07,0.000228620533401539,-5.98540422319618e-06,0.00145192187185576
13758.4428641392,-7.06416138211836e-06,0.000490943572488689,3.80618669534496e-06,0.00311924672997569,2.77125477938189e-07,0.000227045709900125,-5.90325406678743e-06,0.00144192271558011
13853.8597073802,-6.96722032569191e-06,0.000487563861184744,3.75401770229494e-06,0.00309775964654334,2.73326084620598e-07,0.000225481737451641,-5.82223124569594e-06,0.00143199241119928
13949.9382805904,-6.87160916565437e-06,0.000484207394323918,3.70256267554879e-06,0.00307642062744609,2.69578716012166e-07,0.000223928541225612,-5.74232029461927e-06,0.00142213048483459
14046.6831729655,-6.7773096691197e-06,0.000480874012487866,3.65181187351595e-06,0.00305522865137972,2.65882661517338e-07,0.000222386046908895,-5.6635059602797e-06,0.00141233646586435
14144.0990055278,-6.68430385286315e-06,0.000477563557342386,3.60175568671757e-06,0.00303418270410545,2.62237220198031e-07,0.000220854180702079,-5.58577319852134e-06,0.0014026098869016
14242.190431347,-6.59257397991091e-06,0.000474275871630234,3.55238463601677e-06,0.00301328177840062,2.58641700643693e-07,0.000219332869315909,-5.50910717144647e-06,0.00139295028377192
14340.9621357626,-6.5021025561766e-06,0.000471010799163986,3.50368937087235e-06,0.00299252487400974,2.55095420843106e-07,0.000217822039967732,-5.43349324459135e-06,0.0013833571954915
14440.4188366077,-6.412872327143e-06,0.000467768184818938,3.45566066761494e-06,0.00297191099759588,2.51597708057844e-07,0.00021632162037797,-5.35891698414027e-06,0.00137383016424525
14540.5652844341,-6.32486627458941e-06,0.000464547874526058,3.40828942774597e-06,0.00295143916269246,2.48147898697427e-07,0.000214831538766621,-5.28536415417804e-06,0.00136436873536511
14641.4062627396,-6.238067613363e-06,0.00046134971526497,3.36156667625869e-06,0.00293110838965528,2.4474533819611e-07,0.00021335172384978,-5.21282071397958e-06,0.00135497245730851
14742.946588196,-6.15245978819447e-06,0.000458173555056992,3.31548355998137e-06,0.002910917705615,2.41389380891298e-07,0.000211882104836186,-5.141272815337e-06,0.00134564088163698
14845.1911108798,-6.0680264705567e-06,0.000455019242958207,3.27003134594193e-06,0.00289086614442987,2.38079389903574e-07,0.0002104226114238,-5.07070679992276e-06,0.00133637356299483
14948.1447145032,-5.98475155556648e-06,0.000451886629052588,3.22520141975431e-06,0.0028709527466389,2.3481473701831e-07,0.000208973173796393,-5.00110919668925e-06,0.00132717005908814
15051.8123166476,-5.90261915892792e-06,0.000448775564445149,3.18098528402574e-06,0.00285117655941526,2.31594802568838e-07,0.000207533722620176,-4.93246671930355e-06,0.00131802993066367
15156.1988689989,-5.82161361391796e-06,0.000445685901255158,3.1373745567851e-06,0.00283153663652005,2.28418975321179e-07,0.000206104189040437,-4.8647662636176e-06,0.00130895274148813
15261.3093575835,-5.74171946841246e-06,0.000442617492609374,3.09436096993179e-06,0.00281203203825644,2.25286652360285e-07,0.000204684504678216,-4.79799490517261e-06,0.00129993805832742
15367.1488030065,-5.66292148195308e-06,0.000439570192635337,3.0519363677051e-06,0.00279266183142408,2.22197238977801e-07,0.000203274601626993,-4.73213989673786e-06,0.00129098545092613
15473.7222606918,-5.58520462285384e-06,0.000436543856454697,3.0100927051736e-06,0.00277342508927383,2.191501485613e-07,0.000201874412449405,-4.66718866588289e-06,0.00128209449198709
15581.0348211234,-5.50855406534728e-06,0.000433538340176583,2.96882204674454e-06,0.00275432089146292,2.16144802485004e-07,0.000200483870173985,-4.60312881258314e-06,0.00127326475715114
15689.0916100885,-5.43295518676925e-06,0.00043055350089101,2.92811656469266e-06,0.00273534832401024,2.13180630001939e-07,0.000199102908291923,-4.53994810685805e-06,0.00126449582497697
15797.8977889225,-5.35839356478226e-06,0.000427589196662339,2.88796853770867e-06,0.00271650647925214,2.10257068137531e-07,0.000197731460753854,-4.4776344864417e-06,0.00125578727692113
15907.4585547554,-5.2848549746364e-06,0.000424645286522761,2.84837034946658e-06,0.00269779445579842,2.07373561584608e-07,0.00019636946196666,-4.41617605448506e-06,0.00124713869731817
16017.7791407599,-5.21232538646783e-06,0.000421721630465839,2.80931448721018e-06,0.00267921135848868,2.04529562599811e-07,0.000195016846790307,-4.35556107728988e-06,0.00123854967336091
16128.8648164017,-5.14079096263372e-06,0.000418818089440074,2.77079354035793e-06,0.00266075629834896,2.0172453090136e-07,0.000193673550534689,-4.29577798207336e-06,0.00123001979508085
16240.720887691,-5.07023805508393e-06,0.000415934525342525,2.73280019912651e-06,0.00264242839254872,1.98957933568203e-07,0.000192339508956513,-4.2368153547636e-06,0.00122154865532871
16353.352697436,-5.00065320276799e-06,0.00041307080101246,2.69532725317235e-06,0.00262422676435807,1.96229244940484e-07,0.000191014658256187,-4.17866193782495e-06,0.00121313584975512
16466.765625498,-4.93202312907791e-06,0.000410226780225052,2.65836759025129e-06,0.00260615054310541,1.9353794652136e-07,0.000189698935074743,-4.12130662811334e-06,0.0012047809767914
16580.9650890484,-4.86433473932539e-06,0.000407402327685112,2.62191419489584e-06,0.00258819886413518,1.90883526880103e-07,0.000188392276490776,-4.06473847476072e-06,0.00119648363763048
16695.9565428276,-4.79757511825377e-06,0.000404597309020862,2.58596014711002e-06,0.00257037086876613,1.88265481556509e-07,0.000187094620017409,-4.00894667708867e-06,0.00118824343620803
16811.7454794054,-4.73173152758358e-06,0.000401811590777747,2.55049862108143e-06,0.00255266570424976,1.85683312966569e-07,0.00018580590359927,-3.9539205825503e-06,0.00118005997918357
16928.3374294433,-4.66679140359184e-06,0.000399045040412292,2.51552288391049e-06,0.00253508252372903,1.83136530309413e-07,0.000184526065609505,-3.89964968470051e-06,0.00117193287592186
17045.737961959,-4.60274235472407e-06,0.000396297526285981,2.48102629435632e-06,0.00251762048619745,1.80624649475472e-07,0.000183255044846797,-3.84612362119384e-06,0.0011638617384743
17163.9526845917,-4.5395721592391e-06,0.0003935689176592,2.44700230159949e-06,0.00250027875645843,1.78147192955897e-07,0.000181992780532417,-3.79333217180989e-06,0.00115584618156054
17282.9872438709,-4.47726876288576e-06,0.000390859084685193,2.41344444402101e-06,0.00248305650508485,1.75703689753151e-07,0.000180739212307289,-3.74126525650555e-06,0.00114788582255012
17402.8473254854,-4.41582027661151e-06,0.000388167898404078,2.38034634799763e-06,0.00246595290837904,1.73293675292831e-07,0.00017949428022908,-3.6899129334941e-06,0.00113998028144439
17523.5386545551,-4.35521497430203e-06,0.000385495230736882,2.34770172671306e-06,0.0024489671483329,1.70916691336638e-07,0.000178257924769306,-3.63926539735034e-06,0.00113212918085837
17645.0669959044,-4.29544129055191e-06,0.000382840954479631,2.31550437898505e-06,0.00243209841258847,1.68572285896531e-07,0.000177030086810466,-3.58931297714189e-06,0.00112433214600285
17767.4381543379,-4.23648781846546e-06,0.000380204943297462,2.28374818810804e-06,0.00241534589439859,1.66260013150016e-07,0.000175810707643187,-3.54004613458589e-06,0.00111658880466659
17890.6579749169,-4.17834330748787e-06,0.000377587071718789,2.25242712071122e-06,0.00239870879258798,1.63979433356579e-07,0.000174599728963393,-3.49145546223099e-06,0.00110889878719864
18014.7323432395,-4.12099666126552e-06,0.000374987215129487,2.22153522563169e-06,0.00238218631151454,1.61730112775222e-07,0.000173397092869498,-3.44353168166421e-06,0.00110126172649073
18139.667185721,-4.06443693553593e-06,0.000372405249767137,2.19106663280282e-06,0.00236577766103095,1.59511623583125e-07,0.000172202741859613,-3.39626564174234e-06,0.00109367725795989
18265.4684698776,-4.00865333604613e-06,0.00036984105271528,2.16101555215714e-06,0.00234948205644648,1.5732354379537e-07,0.000171016618828771,-3.34964831684752e-06,0.00108614501953106
18392.1422046107,-3.95363521649969e-06,0.000367294501897734,2.13137627254415e-06,0.00233329871848912,1.55165457185767e-07,0.000169838667066182,-3.30367080516673e-06,0.00107866465161992
18519.6944404947,-3.89937207653157e-06,0.000364765476072929,2.10214316066228e-06,0.00231722687326801,1.5303695320872e-07,0.000168668830252494,-3.25832432699479e-06,0.00107123579711577
18648.1312700654,-3.84585355971077e-06,0.000362253854828289,2.07331066000529e-06,0.00230126575223603,1.50937626922152e-07,0.000167507052457085,-3.21360022306065e-06,0.00106385810136459
18777.4588281112,-3.79306945157012e-06,0.000359759518574644,2.04487328982259e-06,0.00228541459215277,1.48867078911461e-07,0.000166353278135363,-3.16948995287646e-06,0.00105653121215214
18907.6832919665,-3.74100967766302e-06,0.000357282348540679,2.01682564409354e-06,0.00226967263504765,1.46824915214494e-07,0.000165207452126095,-3.12598509310941e-06,0.00104925477968723
19038.810881806,-3.68966430164674e-06,0.000354822226767426,1.9891623905154e-06,0.00225403912818341,1.44810747247531e-07,0.000164069519648748,-3.08307733597571e-06,0.00104202845658511
19170.8478609426,-3.63902352339172e-06,0.000352379036102777,1.96187826950473e-06,0.00223851332401977,1.42824191732256e-07,0.000162939426300852,-3.04075848765664e-06,0.00103485189785089
19303.8005361258,-3.58907767711696e-06,0.000349952660196049,1.9349680932123e-06,0.0022230944801774,1.40864870623719e-07,0.00016181711805538,-2.99902046673626e-06,0.00102772476086324
19437.6752578439,-3.53981722955056e-06,0.00034754298349257,1.90842674455095e-06,0.00220778185940207,1.38932411039253e-07,0.000160702541258146,-2.95785530266045e-06,0.00102064670535797
19572.4784206263,-3.49123277811563e-06,0.000345149891228309,1.88224917623667e-06,0.00219257472952919,1.37026445188358e-07,0.000159595642625223,-2.91725513421722e-06,0.00101361739341195
19708.2164633496,-3.4433150491408e-06,0.000342773269424536,1.85643040984231e-06,0.00217747236344843,1.3514661030352e-07,0.000158496369240377,-2.87721220803755e-06,0.00100663648942698
19844.8958695448,-3.39605489609529e-06,0.000340413004882521,1.83096553486415e-06,0.00216247403906873,1.33292548571958e-07,0.000157404668552522,-2.83771887711704e-06,0.000999703660113865
19982.5231677076,-3.34944329784796e-06,0.00033806898517826,1.80584970780071e-06,0.00214757903928346,1.314639070683e-07,0.00015632048837319,-2.79876759935761e-06,0.000992818574476518
20121.1049316092,-3.30347135695029e-06,0.000335741098657248,1.7810781512442e-06,0.00213278665193589,1.29660337688149e-07,0.000155243776874018,-2.76035093612926e-06,0.000985980903796259
20260.6477806113,-3.25813029794265e-06,0.000333429234429266,1.7566461529839e-06,0.00211809616978484,1.27881497082556e-07,0.000154174482584257,-2.72246155085145e-06,0.000979190321616145
20401.1583799816,-3.21341146568386e-06,0.000331133282363226,1.73254906512164e-06,0.00210350689047066,1.26127046593368e-07,0.000153112554388292,-2.68509220759405e-06,0.00097244650372546
20542.6434412127,-3.16930632370342e-06,0.000328853133082028,1.70878230319917e-06,0.00208901811648133,1.2439665218945e-07,0.000152057941523188,-2.6482357696972e-06,0.000965749128144274
20685.1097223421,-3.12580645257639e-06,0.000326588677957466,1.68534134533718e-06,0.00207462915511892,1.2268998440376e-07,0.000151010593576243,-2.61188519841039e-06,0.000959097875108136
20828.5640282755,-3.08290354832038e-06,0.000324339809105155,1.6622217313859e-06,0.00206033931846617,1.2100671827128e-07,0.000149970460482566,-2.57603355154984e-06,0.000952492427052846
20973.0132111114,-3.04058942081449e-06,0.000322106419379503,1.63941906208707e-06,0.00204614792335345,1.19346533267776e-07,0.000148937492522672,-2.54067398217458e-06,0.000945932468599361
21118.464170469,-2.99885599223982e-06,0.000319888402368705,1.6169289982472e-06,0.00203205429132575,1.17709113249385e-07,0.000147911640320082,-2.50579973728041e-06,0.000939417686538765
21264.923853817,-2.95769529554134e-06,0.000317685652389779,1.59474725992188e-06,0.00201805774861011,1.16094146393022e-07,0.00014689285483896,-2.47140415651192e-06,0.000932947769817384
21412.3992568061,-2.91709947291069e-06,0.000315498064483623,1.57286962561109e-06,0.00200415762608314,1.14501325137583e-07,0.000145881087381747,-2.43748067089205e-06,0.000926522409521966
21560.8974236026,-2.87706077428988e-06,0.000313325534410121,1.55129193146529e-06,0.00199035325923883,1.12930346125943e-07,0.000144876289586824,-2.40402280156912e-06,0.000920141298864993
21710.4254472254,-2.83757155589522e-06,0.000311167958643262,1.53001007050221e-06,0.00197664398815652,1.11380910147738e-07,0.000143878413426187,-2.37102415858093e-06,0.000913804133170063
21860.9904698845,-2.79862427876166e-06,0.000309025234366306,1.50901999183414e-06,0.00196302915746923,1.09852722082922e-07,0.000142887411203134,-2.33847843963592e-06,0.000907510609857404
22012.599683322,-2.76021150730677e-06,0.000306897259466972,1.4883176999056e-06,0.00194950811633202,1.08345490846076e-07,0.00014190323554998,-2.30637942891089e-06,0.000901260428429454
22165.260329156,-2.72232590791467e-06,0.000304783932532667,1.46789925374136e-06,0.00193608021839076,1.06858929331483e-07,0.000140925839425774,-2.27472099586531e-06,0.000895053290456575
22318.9796992262,-2.68496024753896e-06,0.000302685152845734,1.4477607662044e-06,0.00192274482175097,1.05392754358929e-07,0.000139955176114042,-2.24349709407177e-06,0.000888888899562824
22473.7651359423,-2.64810739232509e-06,0.000300600820378744,1.42789840326407e-06,0.001909501288947,1.0394668662025e-07,0.000138991199220542,-2.21270176006253e-06,0.000882766961411865
22629.6240326348,-2.61176030625129e-06,0.000298530835789809,1.40830838327389e-06,0.0018963489869113,1.02520450626589e-07,0.000138033862671032,-2.1823291121918e-06,0.000876687183692937
22786.5638339077,-2.57591204978828e-06,0.000296475100417932,1.3889869762593e-06,0.00188328728694404,1.01113774656378e-07,0.000137083120709061,-2.15237334951372e-06,0.000870649276106951
22944.592035995,-2.54055577857719e-06,0.000294433516278383,1.36993050321477e-06,0.00187031556468281,9.97263907040142e-08,0.000136138927893767,-2.12282875067556e-06,0.000864652950352656
23103.7161871177,-2.50568474212561e-06,0.000292405986058113,1.35113533541055e-06,0.00185743320007264,9.83580344292295e-08,0.000135201239097695,-2.0936896728262e-06,0.00085869792011292
23263.9438878451,-2.47129228252146e-06,0.000290392413111186,1.33259789370872e-06,0.00184463957733618,9.7008445107152e-08,0.000134270009504632,-2.06495055053953e-06,0.000852783901041088
23425.2827914574,-2.43737183316446e-06,0.000288392701454255,1.31431464788842e-06,0.00183193408494407,9.5677365579037e-08,0.000133345194607453,-2.03660589475261e-06,0.00084691061074745
23587.7406043117,-2.4039169175149e-06,0.000286406755762054,1.29628211598022e-06,0.00181931611558556,9.4364542203664e-08,0.000132426750205979,-2.00865029171833e-06,0.000841077768785782
23751.3250862094,-2.37092114785965e-06,0.000284434481362934,1.27849686360946e-06,0.00180678506613931,9.30697248093975e-08,0.000131514632404865,-1.98107840197252e-06,0.000835285096640001
23916.0440507678,-2.33837822409485e-06,0.000282475784234418,1.26095550334842e-06,0.00179434033764442,9.17926666468874e-08,0.000130608797611481,-1.95388495931508e-06,0.000829532317710892
24081.9053657923,-2.30628193252547e-06,0.000280530570998787,1.24365469407729e-06,0.00178198133527159,9.05331243424186e-08,0.000129709202533826,-1.92706476980522e-06,0.000823819157302941
24248.9169536531,-2.27462614468111e-06,0.000278598748918699,1.22659114035369e-06,0.0017697074682946,8.92908578518847e-08,0.000128815804178447,-1.90061271077032e-06,0.000818145342611239
24417.0867916629,-2.24340481614813e-06,0.000276680225892836,1.2097615917908e-06,0.00175751815006188,8.80656304153917e-08,0.000127928559848376,-1.87452372982854e-06,0.000812510602708507
24586.4229124585,-2.21261198541765e-06,0.000274774910451577,1.19316284244377e-06,0.00174541279796832,8.68572085124697e-08,0.000127047427141078,-1.8487928439246e-06,0.000806914668532169
24756.933404384,-2.18224177274944e-06,0.0002728827117527,1.17679173020451e-06,0.0017333908334273,8.56653618178975e-08,0.000126172363946419,-1.82341513837905e-06,0.000801357272871554
24928.6264118777,-2.15228837905121e-06,0.000271003539577116,1.16064513620462e-06,0.0017214516818429,8.44898631581203e-08,0.000125303328444644,-1.7983857659503e-06,0.000795838150355151
25101.5101358603,-2.12274608477334e-06,0.000269137304324631,1.14471998422641e-06,0.00170959477258224,8.33304884682632e-08,0.000124440279104367,-1.77369994590972e-06,0.000790357037437979
25275.5928341276,-2.09360924881869e-06,0.000267283917009729,1.1290132401218e-06,0.00169781953894815,8.21870167497219e-08,0.00012358317468058,-1.74935296312924e-06,0.000784913672389025
25450.882821744,-2.06487230746736e-06,0.000265443289257395,1.11352191123925e-06,0.00168612541815189,8.10592300283338e-08,0.000122731974212677,-1.72534016718162e-06,0.000779507795278777
25627.3884714405,-2.0365297733161e-06,0.00026361533329895,1.09824304585819e-06,0.00167451185128613,7.99469133131107e-08,0.000121886637022481,-1.70165697145292e-06,0.000774139147966835
25805.1182140139,-2.00857623423232e-06,0.000261799961967933,1.08317373263137e-06,0.00166297828329815,7.88498545555367e-08,0.000121047122712299,-1.6782988522672e-06,0.00076880747408962
25984.08053873,-1.98100635232233e-06,0.000259997088695994,1.06831110003453e-06,0.00165152416296313,7.77678446094121e-08,0.00012021339116298,-1.65526134802321e-06,0.000763512519048152
26164.2839937291,-1.95381486291376e-06,0.00025820662750882,1.05365231582364e-06,0.00164014894285772,7.67006771912473e-08,0.000119385402531992,-1.63254005834286e-06,0.000758254029995918
26345.7371864336,-1.92699657355194e-06,0.000256428493022092,1.03919458649947e-06,0.00162885207933374,7.56481488411924e-08,0.000118563117251509,-1.6101306432315e-06,0.000753031755826833
26528.4487839603,-1.90054636300986e-06,0.000254662600437462,1.02493515677934e-06,0.00161763303249207,7.46100588844939e-08,0.000117746496026516,-1.58802882224952e-06,0.00074784544716326
26712.4275135331,-1.87445918031191e-06,0.000252908865538565,1.01087130907613e-06,0.00160649126615678,7.358620939348e-08,0.00011693549983292,-1.56623037369548e-06,0.000742694856344141
26897.6821629011,-1.84873004377076e-06,0.000251167204687047,9.97000362984238e-07,0.00159542624784931,7.25764051500565e-08,0.000116130089915681,-1.54473113380029e-06,0.00073757973741318
27084.2215807571,-1.8233540400376e-06,0.00024943753481863,9.83319674772581e-07,0.001584437448763,7.15804536087167e-08,0.000115330227786952,-1.52352699593257e-06,0.000732499846107134
27272.0546771616,-1.79832632316526e-06,0.000247719773439195,9.69826636884402e-07,0.00157352434373763,7.05981648600482e-08,0.000114535875224234,-1.50261390981479e-06,0.000727454939844163
27461.1904239671,-1.77364211368425e-06,0.000246013838620899,9.56518677443915e-07,0.00156268641123427,6.96293515947415e-08,0.000113746994268542,-1.48198788075027e-06,0.000722444777712276
27651.6378552475,-1.74929669769138e-06,0.00024431964899831,9.43393259769575e-07,0.00155192313331022,6.86738290680816e-08,0.000112963547222588,-1.46164496886063e-06,0.000717469120457839
27843.4060677294,-1.72528542595088e-06,0.000242637123764573,9.30447881893995e-07,0.00154123399559419,6.77314150649265e-08,0.000112185496648966,-1.44158128833383e-06,0.000712527730474182
28036.5042212264,-1.70160371300782e-06,0.000240966182667601,9.17680076090325e-07,0.00153061848726157,6.68019298651572e-08,0.000111412805368366,-1.42179300668247e-06,0.000707620371790267
28230.9415390768,-1.67824703631373e-06,0.000239306746006288,9.05087408405111e-07,0.00152007610100995,6.58851962096024e-08,0.000110645436457783,-1.40227634401223e-06,0.000702746810059444
28426.7273085842,-1.65521093536408e-06,0.000237658734626753,8.92667478197412e-07,0.00150960633303478,6.49810392664204e-08,0.000109883353248755,-1.38302757230035e-06,0.000697906812548273
28623.8708814609,-1.6324910108477e-06,0.000236022069918604,8.80417917684257e-07,0.0014992086830052,6.40892865979438e-08,0.000109126519325597,-1.36404301468408e-06,0.000693100148125444
28822.3816742749,-1.61008292380769e-06,0.000234396673811229,8.68336391492178e-07,0.00148888265404002,6.32097681279693e-08,0.00010837489852366,-1.34531904475873e-06,0.000688326587250743
29022.2691688993,-1.58798239481401e-06,0.000232782468770116,8.56420596214907e-07,0.00147862775268391,6.23423161094971e-08,0.000107628454927599,-1.32685208588552e-06,0.000683585901964122
29223.5429129655,-1.56618520314722e-06,0.000231179377793187,8.44668259977011e-07,0.0014684434888837,6.14867650929053e-08,0.000106887152869644,-1.30863861050879e-06,0.000678877865874823
29426.2125203191,-1.54468718599357e-06,0.000229587324407167,8.33077142003503e-07,0.0014583293759649,6.06429518945599e-08,0.000106150956927901,-1.29067513948263e-06,0.000674202254150594
29630.2876714792,-1.5234842376509e-06,0.000228006232663975,8.21645032195243e-07,0.00144828493060836,5.98107155658488e-08,0.000105419831924643,-1.2729582414067e-06,0.000669558843506959
29835.7781141006,-1.50257230874567e-06,0.000226436027137134,8.1036975071016e-07,0.00143830967282707,5.89898973626406e-08,0.000104693742924633,-1.25548453197124e-06,0.000664947412196585
30042.6936634399,-1.48194740546051e-06,0.00022487663291821,7.99249147550096e-07,0.00142840312594316,5.81803407151547e-08,0.000103972655233445,-1.23825067331098e-06,0.000660367739998697
30251.0442028234,-1.46160558877243e-06,0.000223327975613277,7.88281102153335e-07,0.00141856481656502,5.73818911982462e-08,0.000103256534395803,-1.22125337336792e-06,0.00065581960820859
30460.8396841202,-1.44154297370148e-06,0.000221789981339398,7.7746352299258e-07,0.00140879427456463,5.65943965020896e-08,0.000102545346193928,-1.20448938526289e-06,0.000651302799627193
30672.0901282168,-1.42175572856968e-06,0.000220262576721135,7.66794347178489e-07,0.001399091033055,5.58177064032676e-08,0.000101839056645901,-1.18795550667571e-06,0.000646817098550718
30884.8056254963,-1.40224007427007e-06,0.000218745688887084,7.56271540068502e-07,0.00138945462836777,5.50516727362473e-08,0.000101137632004034,-1.17164857923379e-06,0.000642362290760369
31098.9963363199,-1.38299228354584e-06,0.00021723924546643,7.45893094881059e-07,0.00137988460003102,5.42961493652497e-08,0.00010044103875325,-1.15556548790923e-06,0.000637938163512135
31314.6724915125,-1.36400868027928e-06,0.000215743174585523,7.35657032315006e-07,0.00137038049074715,5.3550992156499e-08,9.97492436094831e-05,-1.13970316042408e-06,0.000633544505526636
31531.8443928511,-1.34528563879052e-06,0.000214257404864485,7.25561400174223e-07,0.00136094184637101,5.28160589508517e-08,9.90622135180774e-05,-1.12405856666382e-06,0.000629181106979061
31750.5224135575,-1.32681958314578e-06,0.000212781865413828,7.15604272997304e-07,0.00135156821588806,5.20912095367963e-08,9.83799156522072e-05,-1.10862871809884e-06,0.000624847759489147
31970.7169987928,-1.30860698647524e-06,0.000211316485831112,7.05783751692319e-07,0.00134225915139283,5.13763056238237e-08,9.77023174113044e-05,-1.0934106672139e-06,0.000620544256111255
32192.4386661572,-1.29064437030015e-06,0.000209861196197604,6.96097963176503e-07,0.00133301420806736,5.06712108161567e-08,9.70293864194947e-05,-1.07840150694537e-06,0.00061627039132449
32415.6980061919,-1.27292830386917e-06,0.000208415927074978,6.86545060020881e-07,0.00132383294415999,4.99757905868413e-08,9.6361090524049e-05,-1.06359837012624e-06,0.000612025961022912
32640.5056828852,-1.25545540350383e-06,0.000206980609502027,6.77123220099691e-07,0.00131471492096409,4.92899122521868e-08,9.56973977938414e-05,-1.04899842893864e-06,0.000607810762505789
32866.8724341813,-1.238222331953e-06,0.000205555174991401,6.6783064624461e-07,0.00130565970279708,4.86134449465583e-08,9.50382765178211e-05,-1.03459889437403e-06,0.000603624594467942
33094.8090724944,-1.22122579775606e-06,0.000204139555526364,6.58665565903648e-07,0.00129666685697956,4.79462595975085e-08,9.43836952034924e-05,-1.02039701570061e-06,0.000599467256990133
33324.3264852235,-1.20446255461499e-06,0.000202733683557581,6.49626230804731e-07,0.00128773595381455,4.72882289012528e-08,9.37336225754075e-05,-1.00639007993818e-06,0.000595338551529539
33555.4356352742,-1.18792940077487e-06,0.000201337491999911,6.40710916623799e-07,0.00127886656656691,4.66392272984744e-08,9.30880275736676e-05,-9.92575411340142e-07,0.000591238280910277
33788.1475615808,-1.17162317841305e-06,0.00019995091422924,6.31917922657491e-07,0.00127005827144291,4.59991309504628e-08,9.24468793524361e-05,-9.78950370882586e-07,0.000587166249314006
34022.4733796346,-1.15554077303656e-06,0.000198573884079321,6.23245571500219e-07,0.00126131064756987,4.53678177155743e-08,9.18101472784607e-05,-9.65512355760419e-07,0.000583122262270575
34258.4242820144,-1.1396791128878e-06,0.000197206335838644,6.14692208725697e-07,0.00125262327697607,4.47451671260168e-08,9.11778009296075e-05,-9.52258798890411e-07,0.000579106126648763
34496.0115389212,-1.12403516835846e-06,0.000195848204247322,6.06256202572753e-07,0.00124399574457067,4.41310603649478e-08,9.05498100934026e-05,-9.39187168421006e-07,0.000575117650647052
34735.2464987164,-1.10860595141133e-06,0.000194499424494003,5.97935943635468e-07,0.00123542763812385,4.35253802438874e-08,8.99261447655873e-05,-9.26294967248927e-07,0.000571156643784493
34976.1405884643,-1.09338851501018e-06,0.000193159932212797,5.89729844557487e-07,0.00122691854824703,4.29280111804375e-08,8.93067751486794e-05,-9.13579732542337e-07,0.000567222916891605
35218.7053144771,-1.07837995255735e-06,0.000191829663480228,5.81636339730539e-07,0.00121846806837332,4.2338839176306e-08,8.86916716505484e-05,-9.01039035270615e-07,0.000563316282101364
35462.9522628655,-1.06357739733908e-06,0.000190508554812205,5.73653884997022e-07,0.00121007579473797,4.17577517956298e-08,8.80808048829968e-05,-8.88670479740505e-07,0.00055943655284023
35708.8931000911,-1.04897802197845e-06,0.000189196543161014,5.65780957356676e-07,0.00120174132635908,4.11846381435945e-08,8.74741456603546e-05,-8.76471703138704e-07,0.000555583543819259
35956.5395735246,-1.03457903789583e-06,0.000187893565912331,5.5801605467722e-07,0.00119346426501838,4.06193888453446e-08,8.68716649980806e-05,-8.64440375080652e-07,0.000551757071025254
36205.9035120061,-1.02037769477668e-06,0.000186599560882254,5.50357695408959e-07,0.00118524421524214,4.00618960251827e-08,8.62733341113762e-05,-8.52574197165576e-07,0.000547956951711992
36456.9968264106,-1.00637128004668e-06,0.000185314466314354,5.42804418303256e-07,0.00117708078428228,3.95120532860516e-08,8.5679124413806e-05,-8.40870902537581e-07,0.000544183004391506
36709.831510217,-9.92557118354069e-07,0.000184038220876748,5.35354782134857e-07,0.00116897358209748,3.89697556892961e-08,8.50890075159299e-05,-8.29328255452798e-07,0.00054043504882542
36964.4196400802,-9.78932571059023e-07,0.000182770763659196,5.28007365428007e-07,0.00116092222133457,3.84348997347028e-08,8.45029552239446e-05,-8.1794405085247e-07,0.000536712906016363
37220.7733764093,-9.65495035730078e-07,0.000181512034170202,5.20760766186262e-07,0.00115292631730995,3.79073833408093e-08,8.39209395383327e-05,-8.06716113941858e-07,0.000533016398199417
37478.9049639467,-9.52241945647459e-07,0.00018026197233416,5.13613601626035e-07,0.00114498548799117,3.73871058254858e-08,8.33429326525238e-05,-7.95642299774973e-07,0.000529345348833646
37738.8267323548,-9.39170769313175e-07,0.000179020518488491,5.06564507913735e-07,0.00113709935397863,3.68739678867779e-08,8.27689069515623e-05,-7.84720492844955e-07,0.000525699582593662
38000.5510968034,-9.26279009967882e-07,0.000177787613380823,4.9961213990651e-07,0.00112926753848745,3.63678715840143e-08,8.21988350107868e-05,-7.7394860668012e-07,0.000522078925361275
38264.0905585636,-9.13564205114319e-07,0.000176563198166176,4.92755170896517e-07,0.00112148966732935,3.58687203191701e-08,8.1632689594516e-05,-7.63324583445498e-07,0.000518483204217171
38529.4577056047,-9.01023926047328e-07,0.000175347214404173,4.85992292358687e-07,0.00111376536889484,3.53764188184861e-08,8.10704436547468e-05,-7.5284639354989e-07,0.000514912247432672
38796.6652131954,-8.8865577739026e-07,0.000174139604056263,4.79322213701914e-07,0.00110609427413532,3.48908731143373e-08,8.05120703298579e-05,-7.42512035258259e-07,0.000511365884461537
39065.7258445091,-8.76457396637798e-07,0.000172940309482972,4.7274366202367e-07,0.0010984760165455,3.44119905273514e-08,7.99575429433262e-05,-7.32319534309495e-07,0.000507843945931827
39336.6524512341,-8.64426453704985e-07,0.000171749273441167,4.66255381867917e-07,0.00109091023214577,3.39396796487687e-08,7.94068350024484e-05,-7.2226694353937e-07,0.000504346263637822
39609.4579741865,-8.52560650482496e-07,0.000170566439081338,4.59856134986379e-07,0.00108339655946487,3.34738503230457e-08,7.88599201970741e-05,-7.12352342508717e-07,0.000500872670531999
39884.1554439296,-8.40857720397948e-07,0.000169391749944899,4.53544700103021e-07,0.00107593463952248,3.30144136306938e-08,7.83167723983462e-05,-7.02573837136658e-07,0.000497423000717055
40160.7579813948,-8.29315427983279e-07,0.000168225149961511,4.47319872681778e-07,0.00106852411581213,3.25612818713545e-08,7.77773656574511e-05,-6.92929559338913e-07,0.000493997089437997
40439.2787985098,-8.17931568448009e-07,0.00016706658344642,4.4118046469743e-07,0.00106116463428406,3.21143685471037e-08,7.72416742043761e-05,-6.83417666671028e-07,0.000490594773074276
40719.7311988284,-8.067039672584e-07,0.000165915995097813,4.35125304409616e-07,0.00105385584332833,3.16735883459864e-08,7.67096724466773e-05,-6.74036341976534e-07,0.000487215889131984
41002.1285781671,-7.95630479722335e-07,0.000164773329994188,4.29153236139925e-07,0.00104659739375794,3.12388571257743e-08,7.61813349682539e-05,-6.647837930399e-07,0.000483860276236095
41286.4844252437,-7.8470899057994e-07,0.000163638533591757,4.23263120052042e-07,0.00103938893879215,3.08100918979468e-08,7.56566365281329e-05,-6.55658252244278e-07,0.00048052777412277
41572.812322323,-7.73937413599774e-07,0.000162511551721844,4.17453831934871e-07,0.00103223013403988,3.03872108118894e-08,7.51355520592606e-05,-6.46657976233914e-07,0.000477218223631701
41861.1259458642,-7.63313691180593e-07,0.000161392330588321,4.11724262988651e-07,0.00102512063748319,2.99701331393095e-08,7.46180566673043e-05,-6.37781245581222e-07,0.000473931466698528
42151.4390671752,-7.52835793958537e-07,0.000160280816765051,4.06073319613957e-07,0.00101806010946095,2.95587792588644e-08,7.41041256294595e-05,-6.29026364458386e-07,0.000470667346347285
42443.7655530697,-7.42501720419751e-07,0.000159176957193347,4.00499923203617e-07,0.00101104821265257,2.91530706409995e-08,7.35937343932689e-05,-6.20391660313518e-07,0.000467425706682915
42738.1193665299,-7.3230949651826e-07,0.000158080699179456,3.95003009937434e-07,0.00100408461206185,2.87529298329932e-08,7.30868585754463e-05,-6.11875483551201e-07,0.000464206392883826
43034.5145673733,-7.2225717529914e-07,0.000156991990392055,3.89581530579747e-07,0.000997168975000973,2.83582804442075e-08,7.2583473960711e-05,-6.03476207217472e-07,0.00046100925119451
43332.9653129246,-7.1234283652681e-07,0.000155910778859763,3.84234450279726e-07,0.000990300971074528,2.79690471315386e-08,7.20835565006282e-05,-5.95192226689078e-07,0.000457834128918197
43633.4858586911,-7.02564586318461e-07,0.000154837012968676,3.78960748374415e-07,0.000983480272163764,2.7585155585068e-08,7.15870823124598e-05,-5.87021959367033e-07,0.000454680874409572
43936.0905590448,-6.92920556782471e-07,0.000153770641459908,3.73759418194454e-07,0.000976706552410841,2.7206532513908e-08,7.10940276780207e-05,-5.78963844374352e-07,0.000451549337067539
44240.7938679069,-6.8340890566182e-07,0.000152711613427161,3.68629466872459e-07,0.000969979488203267,2.68331056322425e-08,7.06043690425451e-05,-5.71016342257956e-07,0.00044843936732803
44547.6103394389,-6.74027815982356e-07,0.000151659878314304,3.63569915154018e-07,0.000963298758158386,2.64648036455571e-08,7.01180830135585e-05,-5.63177934694638e-07,0.00044535081665687
44856.5546287376,-6.64775495705922e-07,0.00015061538591297,3.58579797211275e-07,0.000956664043108025,2.61015562370588e-08,6.96351463597603e-05,-5.55447124201099e-07,0.000442283537542687
45167.641492535,-6.55650177388203e-07,0.000149578086360172,3.53658160459042e-07,0.0009500750260832,2.57432940542798e-08,6.91555360099108e-05,-5.47822433847926e-07,0.000439237383489871
45480.8857899031,-6.46650117841296e-07,0.000148547930135928,3.48804065373455e-07,0.000943531392298966,2.53899486958667e-08,6.8679229051729e-05,-5.40302406977525e-07,0.000436212209011586
45796.3024829641,-6.37773597800884e-07,0.000147524868060913,3.44016585313071e-07,0.000937032829139343,2.50414526985476e-08,6.82062027307955e-05,-5.32885606925899e-07,0.000433207869622819
46113.9066376045,-6.29018921598001e-07,0.000146508851294116,3.39294806342447e-07,0.000930579026142369,2.46977395242802e-08,6.7736434449465e-05,-5.25570616748269e-07,0.000430224221833493
46433.713424195,-6.20384416835259e-07,0.000145499831330523,3.34637827058092e-07,0.000924169674985236,2.43587435475734e-08,6.72699017657846e-05,-5.18356038948431e-07,0.000427261123141611
46755.7381183149,-6.11868434067567e-07,0.000144497759998808,3.30044758416832e-07,0.000917804469469548,2.40244000429841e-08,6.68065823924213e-05,-5.11240495211855e-07,0.000424318432026459
47079.9961014825,-6.03469346487174e-07,0.000143502589459041,3.25514723566494e-07,0.000911483105506662,2.36946451727831e-08,6.63464541955948e-05,-5.04222626142418e-07,0.00042139600794185
47406.5028618884,-5.95185549613082e-07,0.000142514272200417,3.21046857678929e-07,0.000905205281103151,2.33694159747919e-08,6.58894951940201e-05,-4.97301091002782e-07,0.000418493711309415
47735.2739951367,-5.87015460984673e-07,0.000141532761038996,3.16640307785286e-07,0.000898970696346343,2.30486503503841e-08,6.5435683557855e-05,-4.90474567458295e-07,0.000415611403511941
48066.3252049891,-5.78957519859582e-07,0.000140558009115457,3.12294232613572e-07,0.000892779053389987,2.27322870526517e-08,6.49849976076574e-05,-4.83741751324447e-07,0.000412748946886758
48399.6723041153,-5.71010186915671e-07,0.00013958996989287,3.08007802428404e-07,0.000886630056439991,2.24202656747332e-08,6.45374158133466e-05,-4.77101356317756e-07,0.000409906204719161
48735.331214848,-5.63171943957134e-07,0.000138628597154486,3.03780198872977e-07,0.000880523411740286,2.21125266383016e-08,6.40929167931757e-05,-4.705521138101e-07,0.000407083041235894
49073.317969944,-5.55441293624586e-07,0.000137673845001533,2.99610614813161e-07,0.000874458827558759,2.1809011182209e-08,6.36514793127072e-05,-4.64092772586393e-07,0.000404279321598659
49413.6487133493,-5.47816759109176e-07,0.000136725667851039,2.95498254183771e-07,0.000868436014173311,2.15096613512884e-08,6.32130822837987e-05,-4.57722098605617e-07,0.000401494911897688
49756.3397009709,-5.40296883870578e-07,0.000135784020433659,2.91442331836894e-07,0.000862454683857987,2.1214419985306e-08,6.27777047635935e-05,-4.51438874765101e-07,0.000398729679145348
50101.4073014524,-5.32880231358891e-07,0.000134848857791523,2.87442073392328e-07,0.000856514550869223,2.09232307080677e-08,6.234532595352e-05,-4.45241900668064e-07,0.000395983491269792
50448.8679969571,-5.2556538474031e-07,0.000133920135276098,2.83496715090041e-07,0.000850615331432169,2.06360379166721e-08,6.1915925198296e-05,-4.39129992394321e-07,0.000393256217108656
50798.7383839539,-5.18350946626605e-07,0.000132997808546062,2.79605503644665e-07,0.000844756743727124,2.03527867709125e-08,6.14894819849421e-05,-4.33101982274158e-07,0.000390547726402798
51151.0351740109,-5.11235538808269e-07,0.000132081833565197,2.75767696101963e-07,0.000838938507876046,2.00734231828224e-08,6.10659759417998e-05,-4.27156718665294e-07,0.000387857889790079
51505.7751945938,-5.04217801991358e-07,0.000131172166600289,2.71982559697273e-07,0.000833160345929175,1.97978938063649e-08,6.06453868375575e-05,-4.21293065732911e-07,0.00038518657879919
51862.9753898685,-4.97296395537927e-07,0.000130268764219054,2.68249371715888e-07,0.000827421981851736,1.95261460272638e-08,6.02276945802837e-05,-4.15509903232704e-07,0.000382533665843517
52222.6528215118,-4.90469997210019e-07,0.000129371583288063,2.64567419355329e-07,0.000821723141510732,1.9258127952972e-08,5.98128792164656e-05,-4.09806126296898e-07,0.000379899024215053
52584.8246695256,-4.83737302917189e-07,0.000128480580970696,2.60935999589527e-07,0.000816063552661841,1.89937884027794e-08,5.94009209300552e-05,-4.04180645223219e-07,0.000377282528078347
52949.5082330576,-4.77097026467461e-07,0.0001275957147251,2.5735441903484e-07,0.000810442944936387,1.87330768980543e-08,5.89918000415216e-05,-3.98632385266736e-07,0.000374684052464498
53316.7209312277,-4.70547899321733e-07,0.000126716942302164,2.53821993817919e-07,0.000804861049828419,1.84759436526201e-08,5.85854970069105e-05,-3.93160286434589e-07,0.000372103473265191
53686.4803039601,-4.64088670351519e-07,0.000125844221743511,2.50338049445372e-07,0.000799317600681857,1.82223395632623e-08,5.81819924169089e-05,-3.87763303283502e-07,0.000369540667226768
54058.8040128205,-4.57718105600046e-07,0.000124977511379497,2.46901920675217e-07,0.000793812332677753,1.79722162003663e-08,5.77812669959178e-05,-3.82440404720107e-07,0.00036699551194435
54433.709841861,-4.51434988046599e-07,0.000124116769827231,2.43512951390089e-07,0.000788344982821615,1.77255257986826e-08,5.73833016011301e-05,-3.7719057380398e-07,0.000364467885855988
54811.215698468,-4.45238117374125e-07,0.000123261955988601,2.4017049447219e-07,0.000782915289930841,1.74822212482202e-08,5.69880772216156e-05,-3.72012807553399e-07,0.000361957668236865
55191.3396142186,-4.39126309739998e-07,0.000122413029048322,2.36873911679938e-07,0.000777522994622214,1.72422560852617e-08,5.65955749774117e-05,-3.66906116753753e-07,0.000359464739193526
55574.0997457415,-4.3309839754996e-07,0.000121569948471991,2.33622573526315e-07,0.000772167839299518,1.70055844835045e-08,5.62057761186213e-05,-3.618695257686e-07,0.000356988979658163
55959.5143755845,-4.27153229235128e-07,0.000120732674004154,2.30415859158872e-07,0.000766849568141197,1.67721612453215e-08,5.58186620245155e-05,-3.56902072353289e-07,0.000354530271382923
56347.6019130871,-4.21289669032095e-07,0.000119901165666395,2.27253156241385e-07,0.000761567927088142,1.65419417931416e-08,5.54342142026442e-05,-3.52002807471172e-07,0.000352088496934268
56738.380895261,-4.1550659676602e-07,0.00011907538375543,2.24133860837117e-07,0.000756322663831528,1.6314882160949e-08,5.50524142879514e-05,-3.47170795112309e-07,0.000349663539687364
57131.8699876742,-4.09802907636712e-07,0.000118255288841213,2.21057377293695e-07,0.000751113527800759,1.6090938985898e-08,5.46732440418973e-05,-3.42405112114685e-07,0.00034725528382052
57528.0879853436,-4.04177512007631e-07,0.000117440841765065,2.18023118129544e-07,0.000745940270151476,1.58700695000434e-08,5.42966853515863e-05,-3.3770484798786e-07,0.000344863614309649
57927.053813632,-3.98629335197811e-07,0.000116632003637804,2.15030503921896e-07,0.000740802643753672,1.56522315221837e-08,5.39227202289017e-05,-3.33069104739057e-07,0.000342488416922788
58328.7865291527,-3.93157317276604e-07,0.000115828735837894,2.12078963196309e-07,0.000735700403179858,1.54373834498159e-08,5.35513308096444e-05,-3.28496996701619e-07,0.000340129578214634
58733.3053206791,-3.87760412861269e-07,0.00011503100000961,2.09167932317721e-07,0.000730633304693346,1.52254842512011e-08,5.31824993526804e-05,-3.2398765036584e-07,0.000337786985521134
59140.6295100621,-3.82437590917315e-07,0.000114238758061203,2.06296855382975e-07,0.00072560110623658,1.50164934575379e-08,5.28162082390911e-05,-3.19540204212096e-07,0.000335460526954104
59550.7785531519,-3.77187834561606e-07,0.000113451972163094,2.03465184114836e-07,0.000720603567419572,1.48103711552439e-08,5.24524399713326e-05,-3.15153808546288e-07,0.000333150091395889
59963.7720407286,-3.72010140868145e-07,0.000112670604746068,2.00672377757435e-07,0.0007156404495084,1.46070779783421e-08,5.20911771723978e-05,-3.1082762533752e-07,0.000330855568494053
60379.6296994364,-3.66903520676542e-07,0.000111894618499484,1.9791790297317e-07,0.000710711515413804,1.44065751009521e-08,5.17324025849869e-05,-3.06560828058029e-07,0.00032857684865612
60798.3713927276,-3.61866998403087e-07,0.000111123976369501,1.95201233740994e-07,0.000705816529679839,1.42088242298841e-08,5.13760990706813e-05,-3.02352601525289e-07,0.000326313823044328
61220.0171218097,-3.56899611854447e-07,0.000110358641557308,1.92521851256119e-07,0.000700955258472628,1.40137875973343e-08,5.10222496091255e-05,-2.98202141746301e-07,0.000324066383570447
61644.5870266023,-3.52000412043882e-07,0.000109598577517375,1.89879243831072e-07,0.000696127469569172,1.38214279536798e-08,5.06708372972123e-05,-2.94108655764004e-07,0.000321834422890607
62072.1013866976,-3.47168463010018e-07,0.000108843747955714,1.87272906798122e-07,0.000691332932346258,1.36317085603736e-08,5.03218453482756e-05,-2.90071361505807e-07,0.000319617834400181
62502.5806223305,-3.42402841638077e-07,0.000108094116828141,1.84702342413033e-07,0.000686571417769421,1.34445931829351e-08,4.99752570912878e-05,-2.86089487634189e-07,0.000317416512228688
62936.0452953524,-3.37702637483581e-07,0.00010734964833857,1.82167059760141e-07,0.00068184269838201,1.32600460840384e-08,4.96310559700626e-05,-2.82162273399359e-07,0.000315230351234747
63372.5161102152,-3.33066952598458e-07,0.000106610306937299,1.79666574658726e-07,0.000677146548294296,1.30780320166939e-08,4.92892255424639e-05,-2.78288968493926e-07,0.000313059247001048
63812.0139149584,-3.28494901359555e-07,0.000105876057319319,1.77200409570672e-07,0.000672482743172687,1.28985162175242e-08,4.89497494796199e-05,-2.74468832909583e-07,0.000310903095829371
64254.5597022062,-3.23985610299474e-07,0.000105146864422635,1.74768093509384e-07,0.000667851060228994,1.27214644001314e-08,4.86126115651421e-05,-2.7070113679573e-07,0.000308761794735635
64700.1746101695,-3.19538217939764e-07,0.000104422693426588,1.72369161949963e-07,0.000663251278209789,1.25468427485563e-08,4.8277795694351e-05,-2.66985160320066e-07,0.000306635241444982
65148.8799236562,-3.1515187462637e-07,0.000103703509750205,1.70003156740596e-07,0.000658683177385817,1.23746179108261e-08,4.79452858735051e-05,-2.63320193531072e-07,0.00030452333438689
65600.697075087,-3.10825742367362e-07,0.000102989279050543,1.67669626015179e-07,0.000654146539541502,1.22047569925911e-08,4.76150662190379e-05,-2.59705536222399e-07,0.000302425972690325
66055.6476455202,-3.06558994672878e-07,0.000102279967221057,1.65368124107116e-07,0.000649641147964507,1.20372275508486e-08,4.72871209567974e-05,-2.56140497799096e-07,0.000300343056178926
66513.7533656814,-3.02350816397271e-07,0.000101575540389973,1.63098211464318e-07,0.000645166787435385,1.18719975877528e-08,4.69614344212929e-05,-2.52624397145702e-07,0.000298274485366221
66975.0361170023,-2.98200403583413e-07,0.000100875964918674,1.6085945456535e-07,0.000640723244217275,1.17090355445088e-08,4.66379910549459e-05,-2.49156562496119e-07,0.000296220161450877
67439.5179326655,-2.94106963309147e-07,0.000100181207400098,1.58651425836743e-07,0.000636310306045701,1.15483102953519e-08,4.63167754073466e-05,-2.45736331305293e-07,0.000294179986311983
67907.2209986571,-2.90069713535834e-07,9.94912346571433e-05,1.56473703571417e-07,0.000631927762118414,1.13897911416073e-08,4.59977721345153e-05,-2.42363050122644e-07,0.00029215386250436
68378.167654826,-2.86087882958988e-07,9.88060137410906e-05,1.54325871848248e-07,0.000627575403085321,1.12334478058333e-08,4.56809659981694e-05,-2.39036074467239e-07,0.000290141693253919
68852.3803959518,-2.8216071086095e-07,9.81255119300292e-05,1.52207520452711e-07,0.000623253021038473,1.10792504260429e-08,4.53663418649946e-05,-2.35754768704672e-07,0.000288143382453028
69329.8818728181,-2.78287446965601e-07,9.74496967272998e-05,1.50118244798631e-07,0.000618960409502135,1.09271695500059e-08,4.50538847059218e-05,-2.32518505925643e-07,0.000286158834655931
69810.6948932956,-2.74467351295042e-07,9.67785358599439e-05,1.48057645850992e-07,0.000614697363422904,1.07771761296285e-08,4.47435795954088e-05,-2.29326667826194e-07,0.000284187955074187
70294.8424234306,-2.70699694028269e-07,9.6111997277167e-05,1.46025330049814e-07,0.000610463679159921,1.06292415154104e-08,4.44354117107272e-05,-2.26178644589596e-07,0.000282230649572147
70782.3475885425,-2.66983755361767e-07,9.54500491488092e-05,1.44020909235058e-07,0.000606259154475126,1.04833374509767e-08,4.41293663312533e-05,-2.23073834769851e-07,0.000280286824662455
71273.2336743282,-2.63318825372027e-07,9.47926598638291e-05,1.42044000572584e-07,0.000602083588523599,1.03394360676867e-08,4.38254288377652e-05,-2.20011645176796e-07,0.000278356387501588
71767.5241279742,-2.59704203879945e-07,9.41397980287964e-05,1.40094226481093e-07,0.000597936781843953,1.01975098793143e-08,4.35235847117438e-05,-2.16991490762788e-07,0.00027643924588542
72265.2425592773,-2.56139200317081e-07,9.34914324663949e-05,1.38171214560099e-07,0.000593818536348807,1.00575317768034e-08,4.32238195346789e-05,-2.14012794510932e-07,0.000274535308244819
72766.4127417709,-2.52623133593763e-07,9.28475322139372e-05,1.3627459751887e-07,0.000589728655315313,9.9194750230937e-09,4.29261189873805e-05,-2.1107498732486e-07,0.000272644483641279
73271.058613862,-2.49155331968984e-07,9.22080665218873e-05,1.34404013106345e-07,0.000585666943375754,9.78331324801825e-09,4.26304688492935e-05,-2.08177507920005e-07,0.000270766681762572
73779.2042799737,-2.45735132922101e-07,9.15730048523961e-05,1.32559104042019e-07,0.00058163320650821,9.64902044327067e-09,4.23368549978195e-05,-2.05319802716383e-07,0.000268901812918439
74290.8740116972,-2.42361883026281e-07,9.09423168778437e-05,1.30739517947768e-07,0.000577627252027277,9.51657095744104e-09,4.20452634076403e-05,-2.02501325732835e-07,0.000267049788036305
74806.0922489501,-2.39034937823697e-07,9.0315972479395e-05,1.2894490728061e-07,0.000573648888574867,9.38593949112067e-09,4.17556801500491e-05,-1.99721538482728e-07,0.00026521051865703
75324.8836011454,-2.3575366170242e-07,8.96939417455624e-05,1.27174929266387e-07,0.000569697926111049,9.2571010920729e-09,4.14680913922836e-05,-1.96979909871078e-07,0.000263383916930677
75847.2728483651,-2.32517427775021e-07,8.90761949707809e-05,1.2542924583436e-07,0.000565774175904983,9.13003115047116e-09,4.11824833968658e-05,-1.94275916093103e-07,0.000261569895612328
76373.2849425456,-2.29325617758817e-07,8.846270265399e-05,1.23707523552693e-07,0.000561877450525882,9.0047053942014e-09,4.08988425209448e-05,-1.91609040534143e-07,0.000259768368057905
76902.9450086679,-2.2617762185778e-07,8.7853435497229e-05,1.22009433564828e-07,0.000558007563834069,8.88109988422964e-09,4.06171552156457e-05,-1.88978773670981e-07,0.000257979248220047
77436.2783459591,-2.23072838646048e-07,8.7248364404238e-05,1.20334651526728e-07,0.000554164330972068,8.7591910100324e-09,4.03374080254209e-05,-1.86384612974492e-07,0.000256202450643988
77973.3104290997,-2.20010674953055e-07,8.6647460479072e-05,1.18682857544981e-07,0.00055034756835578,8.63895548509042e-09,4.00595875874084e-05,-1.83826062813651e-07,0.000254437890463484
78514.0669094413,-2.16990545750216e-07,8.60506950247217e-05,1.17053736115752e-07,0.000546557093665699,8.52037034244348e-09,3.97836806307921e-05,-1.8130263436084e-07,0.000252685483396759
79058.5736162311,-2.14011874039186e-07,8.54580395417465e-05,1.15446976064576e-07,0.000542792725838208,8.40341293030679e-09,3.95096739761683e-05,-1.78813845498473e-07,0.000250945145742479
79606.8565578463,-2.11074090741636e-07,8.48694657269134e-05,1.13862270486967e-07,0.000539054285056918,8.28806090774697e-09,3.92375545349155e-05,-1.7635922072688e-07,0.000249216794375755
80158.9419230357,-2.08176634590558e-07,8.42849454718495e-05,1.12299316689851e-07,0.000535341592744079,8.17429224041777e-09,3.89673093085693e-05,-1.73938291073481e-07,0.000247500346744176
80714.8560821713,-2.05318952023044e-07,8.37044508616994e-05,1.10757816133795e-07,0.00053165447155204,8.06208519635373e-09,3.86989253882007e-05,-1.71550594003181e-07,0.000245795720863865
81274.6255885071,-2.02500497074554e-07,8.31279541737955e-05,1.09237474376031e-07,0.000527992745354783,7.95141834182208e-09,3.84323899538e-05,-1.69195673330019e-07,0.000244102835315563
81838.2771794484,-1.99720731274617e-07,8.25554278763348e-05,1.07738001014259e-07,0.000524356239239492,7.84227053723102e-09,3.81676902736631e-05,-1.66873079130008e-07,0.000242421609240744
82405.8377778279,-1.96979123543985e-07,8.19868446270665e-05,1.06259109631226e-07,0.000520744779498209,7.73462093309453e-09,3.79048137037844e-05,-1.6458236765519e-07,0.000240751962337751
82977.3344931927,-1.94275150093172e-07,8.14221772719873e-05,1.04800517740051e-07,0.00051715819361952,7.62844896605202e-09,3.76437476872513e-05,-1.62323101248854e-07,0.000239093814857963
83552.7946230977,-1.91608294322412e-07,8.08613988440469e-05,1.03361946730322e-07,0.000513596310280318,7.52373435494316e-09,3.73844797536453e-05,-1.60094848261931e-07,0.000237447087601984
84132.2456544116,-1.88978046722969e-07,8.03044825618612e-05,1.01943121814904e-07,0.000510058959337612,7.42045709693591e-09,3.7126997518445e-05,-1.57897182970528e-07,0.000235811701915866
84715.7152646274,-1.86383904779816e-07,7.97514018284354e-05,1.00543771977504e-07,0.000506545971820399,7.31859746370816e-09,3.68712886824353e-05,-1.55729685494601e-07,0.000234187579687348
85303.2313231867,-1.83825372875637e-07,7.92021302298949e-05,9.91636299209323e-08,0.000503057179921586,7.21813599768126e-09,3.66173410311191e-05,-1.53591941717733e-07,0.000232574643342127
85894.8218928089,-1.81301962196158e-07,7.86566415342259e-05,9.78024320160875e-08,0.000499592416989973,7.1190535083058e-09,3.63651424341338e-05,-1.51483543208029e-07,0.000230972815840157
86490.5152308334,-1.78813190636769e-07,7.81149096900234e-05,9.6459918251633e-08,0.000496151517522287,7.02133106839753e-09,3.61146808446715e-05,-1.4940408714008e-07,0.000229382020671965
87090.3397905676,-1.76358582710433e-07,7.75769088252495e-05,9.51358321843701e-08,0.000492734317155276,6.92495001052436e-09,3.58659442989038e-05,-1.47353176218014e-07,0.000227802181855001
87694.3242226474,-1.73937669456854e-07,7.7042613245998e-05,9.38299208902827e-08,0.00048934065265785,6.82989192344218e-09,3.56189209154094e-05,-1.45330418599586e-07,0.000226233223930005
88302.4973764047,-1.71549988352894e-07,7.65119974352704e-05,9.2541934916263e-08,0.000485970361923286,6.73613864858014e-09,3.53735988946072e-05,-1.43335427821327e-07,0.00022467507195741
88914.8883012464,-1.69195083224223e-07,7.59850360517565e-05,9.12716282324906e-08,0.000482623283961476,6.64367227657365e-09,3.51299665181918e-05,-1.4136782272471e-07,0.000223127651513758
89531.5262480405,-1.66872504158172e-07,7.5461703928628e-05,9.00187581854705e-08,0.000479299258891241,6.55247514384534e-09,3.48880121485738e-05,-1.39427227383332e-07,0.000221590888688149
90152.440670515,-1.6458180741779e-07,7.49419760723353e-05,8.87830854517107e-08,0.000475998127932681,6.46252982923251e-09,3.46477242283239e-05,-1.37513271031091e-07,0.000220064710078708
90777.661226663,-1.62322555357084e-07,7.44258276614175e-05,8.75643739920395e-08,0.000472719733399596,6.37381915066122e-09,3.44090912796204e-05,-1.35625587991363e-07,0.000218549042789083
91407.217780161,-1.60094316337405e-07,7.39132340453165e-05,8.63623910065433e-08,0.000469463918691947,6.28632616186566e-09,3.41721019037007e-05,-1.33763817607131e-07,0.000217043814424962
92041.1404017939,-1.57896664645005e-07,7.34041707432021e-05,8.51769068901288e-08,0.000466230528288375,6.20003414915277e-09,3.39367447803173e-05,-1.31927604172092e-07,0.000215548953090616
92679.4593708925,-1.55729180409705e-07,7.28986134428033e-05,8.40076951886884e-08,0.000463019407738765,6.11492662821102e-09,3.37030086671957e-05,-1.30116596862693e-07,0.000214064387385467
93322.2051767786,-1.53591449524691e-07,7.23965379992491e-05,8.2854532555872e-08,0.000459830403656872,6.03098734096315e-09,3.34708823994986e-05,-1.28330449671114e-07,0.000212590046400675
93969.4085202226,-1.51483063567407e-07,7.18979204339157e-05,8.17171987104465e-08,0.000456663363712984,5.94820025246184e-09,3.32403548892912e-05,-1.26568821339162e-07,0.000211125859715756
94621.1003149089,-1.49403619721537e-07,7.14027369332832e-05,8.05954763942456e-08,0.000453518136626653,5.86654954782828e-09,3.30114151250123e-05,-1.24831375293075e-07,0.000209671757395214
95277.3116889132,-1.47352720700049e-07,7.09109638477991e-05,7.94891513306901e-08,0.000450394572159453,5.78601962923235e-09,3.27840521709478e-05,-1.23117779579222e-07,0.000208227669985206
95938.0739861886,-1.45329974669304e-07,7.042257769075e-05,7.83980121838826e-08,0.000447292521107816,5.70659511291458e-09,3.25582551667079e-05,-1.21427706800683e-07,0.000206793528510222
96603.4187680637,-1.43334995174206e-07,6.99375551371405e-05,7.73218505182589e-08,0.000444211835295888,5.62826082624865e-09,3.23340133267089e-05,-1.19760834054701e-07,0.000205369264469791
97273.3778147489,-1.41367401064375e-07,6.94558730225815e-05,7.62604607587958e-08,0.00044115236756846,5.55100180484442e-09,3.21113159396571e-05,-1.18116842870996e-07,0.000203954809835213
97947.983126856,-1.3942681642133e-07,6.89775083421834e-05,7.52136401517618e-08,0.000438113971783931,5.47480328969048e-09,3.18901523680375e-05,-1.16495419150917e-07,0.000202550097046305
98627.2669269249,-1.37512870486687e-07,6.85024382494596e-05,7.41811887260093e-08,0.000435096502807325,5.39965072433617e-09,3.16705120476054e-05,-1.14896253107436e-07,0.00020115505900818
99311.2616609643,-1.35625197591322e-07,6.80306400552356e-05,7.31629092547935e-08,0.000432099816503357,5.32552975211185e-09,3.14523844868816e-05,-1.13319039205966e-07,0.000199769629088036
100000,-1.33763437085522e-07,6.75620912265672e-05,7.215860721812e-08,0.000429123769729548,5.25242621338779e-09,3.12357592666513e-05,-1.11763476105989e-07,0.000198393741111982
