Frequency_Hz,Y11_Real,Y11_Imag,Y12_Real,Y12_Imag,Y21_Real,Y21_Imag,Y22_Real,Y22_Imag
0.1,0.479426689639419,-0.0046014964757375,0.714855018350382,-0.000127197568256273,0.0306268005555349,-0.000126944571312974,-0.611951845835899,3.10356229993314e-07
0.100693514841637,0.479426448736954,-0.00463343220243259,0.714855287591127,-0.000128085363171505,0.0306268236717384,-0.000127827074267394,-0.611952917929673,3.65723912890137e-07
0.10139183931163,0.479426204427409,-0.00466558990030644,0.714855560572716,-0.000128979433247706,0.0306268471062612,-0.000128715741807751,-0.611954004875446,4.22587158904753e-07
0.102095006765465,0.479425956661856,-0.00469797111894643,0.714855837347035,-0.000129879824464885,0.0306268708634383,-0.000129610617607708,-0.611955106877981,4.80979512454405e-07
0.102803050789954,0.479425705390644,-0.0047305774188955,0.714856117966684,-0.000130786583172986,0.0306268949476626,-0.000130511745662879,-0.611956224144842,5.40935232121176e-07
0.103516005204838,0.479425450563388,-0.00476341037173233,0.714856402484992,-0.000131699756095482,0.0306269193633851,-0.000131419170293454,-0.61195735688642,6.02489305327747e-07
0.104233904064403,0.479425192128959,-0.0047964715601522,0.714856690956022,-0.000132619390333027,0.0306269441151162,-0.00013233293614685,-0.611958505315981,6.65677463748682e-07
0.104956781659108,0.47942493003547,-0.00482976257804851,0.714856983434588,-0.000133545533367196,0.0306269692074261,-0.000133253088200387,-0.6119596696497,7.30536198742526e-07
0.105684672517218,0.479424664230264,-0.00486328503059479,0.714857279976259,-0.000134478233064231,0.0306269946449454,-0.000134179671763991,-0.611960850106696,7.97102777172487e-07
0.106417611406461,0.479424394659905,-0.0048970405343277,0.714857580637371,-0.00013541753767882,0.0306270204323666,-0.000135112732482926,-0.611962046909081,8.65415257546298e-07
0.10715563333568,0.479424121270162,-0.00493103071723032,0.714857885475039,-0.000136363495858003,0.030627046574444,-0.000136052316340548,-0.611963260281992,9.355125065863e-07
0.107898773556513,0.479423844006002,-0.0049652572188163,0.714858194547169,-0.000137316156645051,0.030627073075995,-0.000136998469661099,-0.611964490453631,1.00743421604238e-06
0.108647067565072,0.47942356281157,-0.00499972169021475,0.714858507912462,-0.000138275569483417,0.0306270999419007,-0.000137951239112513,-0.611965737655313,1.0812209198241e-06
0.109400551103639,0.479423277630183,-0.00503442579425564,0.714858825630433,-0.000139241784220768,0.0306271271771067,-0.000138910671709264,-0.6119670021215,1.15691401157691e-06
0.110159260162376,0.479422988404313,-0.00506937120555605,0.714859147761417,-0.00014021485111303,0.0306271547866242,-0.000139876814815233,-0.611968284089846,1.23455576252207e-06
0.11092323098104,0.479422695075574,-0.00510455961060697,0.714859474366584,-0.000141194820828515,0.0306271827755301,-0.000140849716146615,-0.611969583801241,1.3141893398308e-06
0.111692500050717,0.479422397584713,-0.00513999270786095,0.714859805507947,-0.000142181744452094,0.0306272111489687,-0.000141829423774847,-0.611970901499849,1.39585882508869e-06
0.112467104115564,0.479422095871588,-0.00517567220782032,0.714860141248374,-0.000143175673489412,0.0306272399121519,-0.000142815986129568,-0.611972237433158,1.47960923351648e-06
0.113247080174565,0.479421789875162,-0.00521159983312619,0.714860481651603,-0.000144176659871181,0.0306272690703603,-0.000143809452001607,-0.61197359185202,1.56548653313521e-06
0.114032465483296,0.479421479533484,-0.00524777731864826,0.714860826782249,-0.000145184755957522,0.030627298628944,-0.000144809870546015,-0.611974965010693,1.65353766478499e-06
0.114823297555707,0.479421164783678,-0.00528420641157517,0.71486117670582,-0.000146200014542358,0.0306273285933235,-0.000145817291285113,-0.611976357166895,1.74381056226164e-06
0.115619614165913,0.479420845561923,-0.00532088887150574,0.714861531488728,-0.000147222488857868,0.0306273589689903,-0.000146831764111575,-0.611977768581839,1.83635417286276e-06
0.116421453349997,0.479420521803445,-0.00535782647054093,0.7148618911983,-0.000148252232579034,0.0306273897615083,-0.000147853339291551,-0.61197919952029,1.93121847856526e-06
0.117228853407829,0.479420193442497,-0.00539502099337642,0.714862255902791,-0.00014928929982817,0.0306274209765142,-0.000148882067467813,-0.611980650250601,2.02845451739708e-06
0.118041852904894,0.479419860412344,-0.00543247423739618,0.7148626256714,-0.000150333745179615,0.0306274526197185,-0.00014991799966294,-0.61198212104477,2.12811440541277e-06
0.118860490674132,0.47941952264525,-0.00547018801276657,0.714863000574278,-0.000151385623664407,0.0306274846969067,-0.000150961187282538,-0.611983612178483,2.23025135905747e-06
0.1196848058178,0.479419180072458,-0.00550816414253143,0.714863380682544,-0.000152444990775061,0.0306275172139398,-0.000152011682118485,-0.611985123931161,2.33491971793343e-06
0.120514837709331,0.479418832624179,-0.00554640446270772,0.714863766068297,-0.000153511902470408,0.0306275501767554,-0.000153069536352221,-0.611986656586017,2.44217496817717e-06
0.12135062599522,0.479418480229568,-0.00558491082238221,0.714864156804629,-0.000154586415180494,0.0306275835913688,-0.000154134802558066,-0.611988210430096,2.55207376612804e-06
0.122192210596917,0.479418122816716,-0.00562368508380868,0.714864552965642,-0.000155668585811532,0.0306276174638735,-0.000155207533706576,-0.611989785754334,2.66467396264902e-06
0.123039631712731,0.479417760312626,-0.00566272912250615,0.714864954626456,-0.000156758471750987,0.0306276518004426,-0.000156287783167934,-0.611991382853602,2.78003462787779e-06
0.123892929819754,0.479417392643198,-0.00570204482735784,0.714865361863229,-0.000157856130872623,0.0306276866073294,-0.000157375604715377,-0.611993002026764,2.89821607640101e-06
0.124752145675793,0.479417019733211,-0.00574163410071096,0.714865774753165,-0.000158961621541717,0.0306277218908689,-0.000158471052528666,-0.611994643576725,3.01927989308087e-06
0.125617320321316,0.479416641506306,-0.00578149885847724,0.714866193374533,-0.000160075002620316,0.030627757657478,-0.000159574181197578,-0.611996307810487,3.14328895933969e-06
0.126488495081411,0.479416257884967,-0.00582164103023448,0.714866617806682,-0.00016119633347253,0.0306277939136572,-0.000160685045725456,-0.611997995039199,3.27030747997864e-06
0.127365711567764,0.479415868790501,-0.00586206255932875,0.714867048130049,-0.000162325673969954,0.0306278306659909,-0.000161803701532778,-0.611999705578216,3.40040101053096e-06
0.128249011680643,0.479415474143021,-0.00590276540297759,0.714867484426184,-0.000163463084497155,0.0306278679211492,-0.000162930204460782,-0.612001439747149,3.53363648522564e-06
0.129138437610901,0.479415073861425,-0.00594375153237396,0.714867926777755,-0.000164608625957175,0.0306279056858884,-0.000164064610775118,-0.612003197869926,3.67008224545773e-06
0.130034031841991,0.479414667863377,-0.00598502293279111,0.714868375268569,-0.000165762359777217,0.0306279439670519,-0.000165206977169543,-0.612004980274844,3.80980806887615e-06
0.130935837151994,0.479414256065287,-0.00602658160368844,0.714868829983589,-0.000166924347914319,0.0306279827715717,-0.000166357360769665,-0.612006787294626,3.95288519907527e-06
0.131843896615665,0.479413838382292,-0.00606842955881792,0.714869291008945,-0.000168094652861158,0.0306280221064691,-0.000167515819136712,-0.612008619266483,4.09938637579987e-06
0.132758253606487,0.479413414728232,-0.00611056882633178,0.714869758431951,-0.00016927333765193,0.0306280619788557,-0.000168682410271359,-0.612010476532169,4.24938586592732e-06
0.133678951798747,0.479412985015631,-0.00615300144889095,0.714870232341124,-0.000170460465868286,0.030628102395935,-0.000169857192617586,-0.612012359438038,4.40295949490771e-06
0.134606035169616,0.479412549155676,-0.00619572948377425,0.714870712826198,-0.000171656101645396,0.0306281433650026,-0.000171040225066586,-0.612014268335111,4.56018467892561e-06
0.135539548001256,0.479412107058192,-0.00623875500298883,0.71487119997814,-0.000172860309678073,0.0306281848934481,-0.000172231566960711,-0.612016203579129,4.72114045776267e-06
0.136479534882933,0.479411658631624,-0.00628208009338123,0.71487169388917,-0.000174073155226981,0.0306282269887556,-0.000173431278097462,-0.612018165530617,4.88590752818069e-06
0.137426040713143,0.479411203783012,-0.00632570685674962,0.714872194652773,-0.000175294704124959,0.030628269658505,-0.000174639418733535,-0.612020154554948,5.05456827815803e-06
0.138379110701763,0.479410742417968,-0.0063696374099568,0.71487270236372,-0.000176525022783402,0.0306283129103735,-0.000175856049588893,-0.612022171022403,5.22720682166744e-06
0.139338790372205,0.47941027444065,-0.00641387388504433,0.714873217118086,-0.00017776417819877,0.0306283567521359,-0.000177081231850901,-0.612024215308236,5.40390903421006e-06
0.140305125563594,0.479409799753745,-0.00645841842934746,0.714873739013263,-0.000179012237959155,0.0306284011916663,-0.000178315027178497,-0.612026287792736,5.58476258916835e-06
0.141278162432955,0.479409318258437,-0.0065032732056112,0.714874268147984,-0.00018026927025098,0.0306284462369393,-0.00017955749770642,-0.612028388861295,5.76985699474175e-06
0.14225794745742,0.479408829854385,-0.00654844039210727,0.714874804622336,-0.000181535343865762,0.0306284918960308,-0.000180808706049476,-0.612030518904472,5.95928363169435e-06
0.143244527436446,0.479408334439701,-0.00659392218275199,0.714875348537782,-0.000182810528207011,0.030628538177119,-0.000182068715306852,-0.61203267831806,6.15313579182403e-06
0.14423794949405,0.479407831910919,-0.00663972078722538,0.714875899997177,-0.000184094893297185,0.0306285850884864,-0.000183337589066492,-0.612034867503152,6.35150871732687e-06
0.145238261081064,0.479407322162972,-0.00668583843109124,0.714876459104789,-0.000185388509784785,0.03062863263852,-0.000184615391409515,-0.612037086866211,6.55449964086924e-06
0.146245509977397,0.479406805089163,-0.00673227735591793,0.714877025966317,-0.000186691448951564,0.0306286808357131,-0.00018590218691468,-0.612039336819137,6.76220782642317e-06
0.147259744294318,0.479406280581141,-0.00677903981940063,0.714877600688908,-0.000188003782719753,0.0306287296886661,-0.000187198040662901,-0.612041617779339,6.97473461097609e-06
0.148281012476756,0.479405748528871,-0.00682612809548448,0.714878183381184,-0.000189325583659533,0.030628779206088,-0.000188503018241834,-0.612043930169802,7.19218344710781e-06
0.149309363305612,0.479405208820606,-0.00687354447448862,0.714878774153253,-0.000190656924996516,0.0306288293967974,-0.000189817185750491,-0.612046274419161,7.41465994645585e-06
0.150344845900091,0.479404661342858,-0.00692129126323153,0.714879373116734,-0.000191997880619344,0.0306288802697238,-0.000191140609803915,-0.612048650961774,7.64227192382588e-06
0.151387509720044,0.479404105980371,-0.00696937078515738,0.714879980384778,-0.000193348525087475,0.0306289318339088,-0.000192473357537929,-0.612051060237789,7.87512944257218e-06
0.152437404568337,0.479403542616089,-0.00701778538046341,0.714880596072086,-0.000194708933638989,0.0306289840985074,-0.000193815496613909,-0.612053502693226,8.11334486049836e-06
0.153494580593225,0.479402971131125,-0.0070665374062284,0.714881220294931,-0.000196079182198565,0.0306290370727891,-0.000195167095223637,-0.612055978780046,8.35703287698636e-06
0.154559088290748,0.479402391404733,-0.00711562923654251,0.714881853171181,-0.000197459347385583,0.0306290907661391,-0.000196528222094201,-0.612058488956226,8.60631058083317e-06
0.155630978507143,0.479401803314273,-0.00716506326263776,0.714882494820318,-0.000198849506522337,0.0306291451880597,-0.000197898946492948,-0.61206103368584,8.86129749924636e-06
0.156710302441275,0.479401206735184,-0.00721484189302023,0.714883145363459,-0.000200249737642343,0.0306292003481717,-0.000199279338232512,-0.612063613439131,9.12211564769311e-06
0.15779711164708,0.479400601540944,-0.00726496755360278,0.714883804923383,-0.000201660119498803,0.0306292562562152,-0.000200669467675879,-0.612066228692591,9.38888958080392e-06
0.158891458036027,0.479399987603044,-0.00731544268783961,0.714884473624548,-0.000203080731573206,0.0306293129220513,-0.000202069405741534,-0.612068879929042,9.6617464442339e-06
0.159993393879601,0.479399364790951,-0.00736626975686136,0.714885151593117,-0.000204511654084027,0.0306293703556632,-0.000203479223908649,-0.612071567637711,9.94081602762042e-06
0.161102971811794,0.47939873297207,-0.00741745123961177,0.714885838956978,-0.000205952967995603,0.0306294285671576,-0.000204898994222351,-0.612074292314315,1.02262308186857e-05
0.162220244831628,0.479398092011717,-0.00746898963298548,0.714886535845772,-0.000207404755027077,0.0306294875667656,-0.000206328789299037,-0.612077054461141,1.05181260580886e-05
0.163345266305675,0.479397441773074,-0.00752088745196692,0.714887242390911,-0.000208867097661528,0.0306295473648448,-0.000207768682331767,-0.612079854587126,1.08166397959006e-05
0.164478089970617,0.479396782117161,-0.00757314722977054,0.714887958725604,-0.000210340079155245,0.0306296079718796,-0.000209218747095708,-0.612082693207943,1.11219129485807e-05
0.165618769935804,0.479396112902791,-0.00762577151798214,0.714888684984884,-0.000211823783547125,0.0306296693984835,-0.000210679057953653,-0.612085570846087,1.14340893576995e-05
0.166767360685846,0.479395433986539,-0.00767876288670162,0.71488942130563,-0.000213318295668197,0.0306297316553995,-0.000212149689861603,-0.612088488030954,1.1753315849336e-05
0.167923917083208,0.479394745222698,-0.00773212392468682,0.714890167826588,-0.000214823701151327,0.0306297947535023,-0.000213630718374417,-0.612091445298932,1.20797422950292e-05
0.169088494370839,0.479394046463242,-0.00778585723949874,0.714890924688404,-0.000216340086441037,0.0306298587037988,-0.00021512221965153,-0.612094443193487,1.24135216736029e-05
0.170261148174801,0.479393337557786,-0.00783996545764794,0.714891692033644,-0.000217867538803528,0.0306299235174302,-0.00021662427046274,-0.612097482265251,1.27548101345673e-05
0.171441934506935,0.479392618353546,-0.00789445122474234,0.714892470006822,-0.000219406146336788,0.0306299892056727,-0.000218136948194066,-0.612100563072107,1.31037670624626e-05
0.172630909767531,0.479391888695294,-0.0079493172056362,0.714893258754423,-0.000220955997980927,0.0306300557799392,-0.000219660330853677,-0.612103686179286,1.34605551427372e-05
0.173828130748022,0.47939114842532,-0.0080045660845806,0.714894058424934,-0.000222517183528573,0.0306301232517808,-0.000221194497077893,-0.61210685215945,1.38253404286873e-05
0.1750336546337,0.479390397383384,-0.00806020056537506,0.714894869168868,-0.000224089793635585,0.0306301916328875,-0.000222739526137262,-0.612110061592789,1.41982924099782e-05
0.176247539006444,0.479389635406675,-0.00811622337152055,0.714895691138791,-0.000225673919831753,0.0306302609350902,-0.000224295497942707,-0.612113315067111,1.4579584082311e-05
0.177469841847474,0.479388862329768,-0.00817263724637408,0.714896524489351,-0.000227269654531801,0.030630331170362,-0.000225862493051754,-0.612116613177937,1.49693920185462e-05
0.178700621540116,0.479388077984571,-0.00822944495330419,0.714897369377304,-0.000228877091046473,0.0306304023508192,-0.000227440592674829,-0.612119956528594,1.53678964412846e-05
0.179939936872594,0.479387282200287,-0.0082866492758484,0.714898225961544,-0.000230496323593871,0.0306304744887229,-0.000229029878681641,-0.612123345730311,1.57752812967871e-05
0.181187847040838,0.47938647480336,-0.00834425301787152,0.71489909440313,-0.000232127447310887,0.0306305475964803,-0.00023063043360764,-0.612126781402316,1.61917343303661e-05
0.182444411651309,0.479385655617429,-0.00840225900372588,0.714899974865317,-0.000233770558264871,0.0306306216866463,-0.000232242340660555,-0.612130264171934,1.6617447163414e-05
0.183709690723849,0.479384824463279,-0.00846067007841244,0.714900867513582,-0.000235425753465477,0.0306306967719244,-0.000233865683727011,-0.612133794674682,1.70526153716669e-05
0.184983744694544,0.47938398115879,-0.0085194891077438,0.714901772515657,-0.000237093130876631,0.0306307728651685,-0.000235500547379234,-0.612137373554373,1.74974385651824e-05
0.186266634418617,0.479383125518884,-0.00857871897850849,0.714902690041557,-0.000238772789428804,0.0306308499793842,-0.000237147016881833,-0.612141001463212,1.79521204700314e-05
0.187558421173328,0.479382257355476,-0.00863836259863669,0.714903620263611,-0.000240464829031355,0.0306309281277299,-0.000238805178198674,-0.612144679061903,1.84168690112244e-05
0.188859166660905,0.479381376477417,-0.00869842289736738,0.714904563356494,-0.000242169350585139,0.0306310073235185,-0.000240475117999831,-0.612148407019743,1.8891896397602e-05
0.190168933011491,0.479380482690444,-0.00875890282541728,0.714905519497254,-0.000243886455995315,0.0306310875802187,-0.000242156923668635,-0.612152186014733,1.93774192081414e-05
0.191487782786108,0.479379575797118,-0.00881980535515081,0.714906488865351,-0.00024561624818431,0.0306311689114561,-0.000243850683308793,-0.61215601673368,1.98736584802114e-05
0.192815778979652,0.479378655596774,-0.00888113348075219,0.714907471642682,-0.000247358831105021,0.0306312513310149,-0.000245556485751627,-0.612159899872301,2.03808397992375e-05
0.194152985023894,0.479377721885459,-0.00894289021839833,0.714908468013616,-0.000249114309754222,0.0306313348528392,-0.000247274420563369,-0.612163836135328,2.08991933904404e-05
0.195499464790516,0.479376774455875,-0.00900507860643407,0.714909478165028,-0.000250882790186185,0.0306314194910342,-0.000249004578052573,-0.612167826236622,2.14289542120674e-05
0.196855282594159,0.479375813097318,-0.00906770170554849,0.71491050228633,-0.000252664379526481,0.0306315052598677,-0.000250747049277614,-0.612171870899272,2.19703620506911e-05
0.198220503195496,0.47937483759562,-0.00913076259895267,0.714911540569509,-0.000254459185986065,0.0306315921737714,-0.000252501926054271,-0.612175970855712,2.25236616181387e-05
0.199595191804325,0.479373847733079,-0.00919426439255966,0.714912593209153,-0.000256267318875531,0.0306316802473421,-0.000254269300963428,-0.612180126847827,2.30891026505864e-05
0.200979414082682,0.479372843288406,-0.00925821021516545,0.714913660402494,-0.000258088888619581,0.0306317694953436,-0.000256049267358851,-0.612184339627068,2.36669400091941e-05
0.202373236147981,0.479371824036651,-0.00932260321863182,0.71491474234944,-0.0002599240067718,0.0306318599327073,-0.000257841919375071,-0.612188609954561,2.42574337830648e-05
0.203776724576168,0.47937078974914,-0.00938744657807102,0.714915839252606,-0.000261772786029586,0.030631951574534,-0.000259647351935383,-0.61219293860122,2.48608493940358e-05
0.205189946404906,0.47936974019341,-0.00945274349203157,0.714916951317357,-0.000263635340249344,0.030632044436095,-0.000261465660759912,-0.612197326347865,2.54774577033712e-05
0.206612969136771,0.479368675133138,-0.0095184971826864,0.714918078751841,-0.000265511784461943,0.0306321385328336,-0.000263296942373822,-0.612201773985335,2.61075351207923e-05
0.208045860742482,0.479367594328068,-0.0095847108960221,0.714919221767023,-0.000267402234888383,0.0306322338803662,-0.0002651412941156,-0.612206282314606,2.67513637153827e-05
0.209488689664142,0.479366497533946,-0.00965138790203021,0.714920380576728,-0.000269306808955722,0.0306323304944838,-0.000266998814145457,-0.612210852146904,2.74092313287261e-05
0.210941524818514,0.479365384502441,-0.00971853149490016,0.714921555397674,-0.000271225625313308,0.0306324283911531,-0.000268869601453843,-0.61221548430383,2.80814316902939e-05
0.212404435600306,0.479364254981075,-0.00978614499321378,0.714922746449511,-0.000273158803849146,0.0306325275865179,-0.000270753755870053,-0.612220179617473,2.87682645347814e-05
0.21387749188549,0.479363108713141,-0.00985423174014176,0.714923953954863,-0.000275106465706689,0.0306326280969003,-0.000272651378070964,-0.612224938930538,2.94700357220956e-05
0.215360764034637,0.479361945437634,-0.00992279510364183,0.714925178139362,-0.000277068733301751,0.0306327299388018,-0.000274562569589872,-0.612229763096457,3.01870573592988e-05
0.21685432289628,0.479360764889164,-0.00999183847665861,0.714926419231691,-0.000279045730339787,0.0306328331289048,-0.000276487432825444,-0.612234652979521,3.09196479251345e-05
0.218358239810298,0.479359566797883,-0.0100613652773254,0.714927677463624,-0.000281037581833361,0.0306329376840737,-0.000278426071050784,-0.612239609454999,3.16681323965784e-05
0.21987258661132,0.479358350889394,-0.0101313789491674,0.714928953070065,-0.00028304441412003,0.0306330436213559,-0.000280378588422624,-0.612244633409263,3.24328423784298e-05
0.22139743563216,0.479357116884675,-0.0102018829613076,0.71493024628909,-0.00028506635488033,0.0306331509579834,-0.000282345089990626,-0.612249725739913,3.32141162346922e-05
0.222932859707273,0.479355864499989,-0.0102728808086733,0.714931557361989,-0.000287103533156242,0.0306332597113735,-0.000284325681706801,-0.612254887355903,3.40122992228548e-05
0.224478932176229,0.4793545934468,-0.0103443760122058,0.714932886533306,-0.00028915607936977,0.0306333698991302,-0.000286320470435054,-0.61226011917767,3.48277436307137e-05
0.22603572688722,0.479353303431679,-0.0104163721190706,0.714934234050885,-0.000291224125341983,0.0306334815390451,-0.000288329563960863,-0.612265422137261,3.56608089154831e-05
0.227603318200585,0.47935199415622,-0.0104888727028706,0.714935600165911,-0.00029330780431221,0.030633594649099,-0.00029035307100106,-0.612270797178461,3.65118618461391e-05
0.229181780992365,0.479350665316941,-0.0105618813638608,0.714936985132953,-0.000295407250957679,0.0306337092474623,-0.000292391101213753,-0.612276245256926,3.73812766476939e-05
0.230771190657875,0.479349316605193,-0.0106354017291645,0.714938389210012,-0.000297522601413372,0.0306338253524964,-0.000294443765208376,-0.612281767340311,3.82694351488549e-05
0.23237162311531,0.479347947707063,-0.0107094374529923,0.714939812658561,-0.000299653993292247,0.0306339429827546,-0.000296511174555872,-0.612287364408404,3.91767269322246e-05
0.233983154809368,0.479346558303276,-0.0107839922168618,0.714941255743592,-0.00030180156570575,0.0306340621569834,-0.000298593441798993,-0.612293037453258,4.01035494871499e-05
0.235605862714901,0.479345148069094,-0.010859069729821,0.714942718733665,-0.00030396545928469,0.030634182894123,-0.000300690680462748,-0.612298787479326,4.10503083656533e-05
0.237239824340596,0.479343716674213,-0.0109346737286717,0.71494420190095,-0.000306145816200414,0.0306343052133084,-0.000302803005064982,-0.612304615503593,4.20174173414445e-05
0.238885117732672,0.479342263782659,-0.0110108079781962,0.714945705521275,-0.000308342780186391,0.0306344291338704,-0.000304930531127086,-0.612310522555714,4.30052985714441e-05
0.240541821478611,0.479340789052685,-0.0110874762713858,0.714947229874176,-0.000310556496560019,0.0306345546753364,-0.000307073375184863,-0.61231650967815,4.40143827609013e-05
0.242210014710909,0.479339292136655,-0.0111646824296711,0.714948775242945,-0.000312787112244899,0.0306346818574312,-0.00030923165479951,-0.612322577926304,4.50451093310517e-05
0.24388977711086,0.47933777268094,-0.0112424303031539,0.714950341914674,-0.000315034775793404,0.0306348107000777,-0.000311405488568758,-0.612328728368661,4.60979265903549e-05
0.24558118891236,0.479336230325801,-0.0113207237708423,0.714951930180311,-0.000317299637409639,0.0306349412233979,-0.000313594996138161,-0.612334962086923,4.71732919086615e-05
0.247284330905736,0.479334664705276,-0.0113995667408865,0.714953540334704,-0.000319581848972694,0.0306350734477132,-0.00031580029821251,-0.612341280176156,4.82716718945564e-05
0.24899928444161,0.479333075447057,-0.0114789631508179,0.714955172676656,-0.000321881564060423,0.0306352073935456,-0.000318021516567422,-0.612347683744923,4.93935425763953e-05
0.250726131434783,0.479331462172378,-0.0115589169677891,0.714956827508975,-0.00032419893797344,0.0306353430816177,-0.000320258774061056,-0.612354173915427,5.05393895861156e-05
0.252464954368146,0.479329824495885,-0.0116394321888171,0.714958505138524,-0.000326534127759567,0.0306354805328539,-0.000322512194645993,-0.612360751823658,5.17097083470169e-05
0.254215836296621,0.479328162025515,-0.0117205128410277,0.714960205876275,-0.00032888729223874,0.0306356197683805,-0.000324781903381266,-0.61236741861953,5.29050042646223e-05
0.25597886085113,0.479326474362368,-0.0118021629819028,0.714961930037363,-0.00033125859202815,0.0306357608095263,-0.000327068026444547,-0.612374175467025,5.41257929210642e-05
0.257754112242586,0.479324761100573,-0.0118843866995287,0.714963677941136,-0.000333648189567926,0.0306359036778229,-0.000329370691144487,-0.612381023544342,5.53726002733013e-05
0.259541675265918,0.47932302182716,-0.0119671881128482,0.714965449911215,-0.000336056249147235,0.0306360483950054,-0.000331690025933221,-0.612387964044034,5.66459628548593e-05
0.261341635304121,0.479321256121921,-0.0120505713719131,0.714967246275543,-0.00033848293693067,0.0306361949830123,-0.000334026160419033,-0.612394998173162,5.79464279810288e-05
0.263154078332332,0.479319463557274,-0.01213454065814,0.714969067366446,-0.000340928420985147,0.0306363434639861,-0.000336379225379181,-0.612402127153433,5.92745539581135e-05
0.26497909092194,0.479317643698119,-0.0122191001845681,0.714970913520684,-0.000343392871307281,0.0306364938602732,-0.000338749352772888,-0.612409352221353,6.06309102964969e-05
0.266816760244719,0.479315796101697,-0.0123042541961185,0.714972785079515,-0.000345876459851065,0.0306366461944244,-0.000341136675754505,-0.612416674628372,6.20160779272877e-05
0.268667174076992,0.479313920317437,-0.0123900069698568,0.714974682388744,-0.000348379360556116,0.0306368004891944,-0.00034354132868684,-0.612424095641027,6.34306494231712e-05
0.270530420803823,0.479312015886817,-0.0124763628152569,0.714976605798788,-0.000350901749376267,0.0306369567675423,-0.000345963447154652,-0.612431616541099,6.48752292231325e-05
0.27240658942324,0.479310082343198,-0.0125633260744673,0.714978555664734,-0.000353443804308719,0.0306371150526314,-0.000348403167978328,-0.612439238625755,6.63504338613286e-05
0.274295769550488,0.479308119211676,-0.0126509011225802,0.714980532346396,-0.000356005705423559,0.0306372753678288,-0.000350860629227732,-0.612446963207701,6.78568921999717e-05
0.276198051422303,0.47930612600892,-0.0127390923679019,0.714982536208377,-0.000358587634893798,0.0306374377367055,-0.000353335970236227,-0.612454791615326,6.93952456665564e-05
0.278113525901229,0.47930410224301,-0.012827904252226,0.714984567620133,-0.000361189777025931,0.0306376021830359,-0.000355829331614882,-0.612462725192858,7.09661484951246e-05
0.280042284479955,0.479302047413269,-0.0129173412511089,0.714986626956029,-0.000363812318290819,0.0306377687307975,-0.000358340855266851,-0.612470765300513,7.25702679719997e-05
0.281984419285683,0.479299961010097,-0.013007407874147,0.714988714595408,-0.000366455447355286,0.0306379374041703,-0.00036087068440195,-0.612478913314642,7.42082846859893e-05
0.283940023084533,0.479297842514794,-0.0130981086652567,0.714990830922648,-0.000369119355114016,0.0306381082275364,-0.000363418963551406,-0.612487170627885,7.58808927827509e-05
0.285909189285972,0.479295691399388,-0.0131894482029565,0.714992976327234,-0.000371804234722072,0.0306382812254792,-0.000365985838582791,-0.61249553864932,7.75888002239739e-05
0.287892011947275,0.479293507126449,-0.0132814311006513,0.714995151203814,-0.000374510281627924,0.0306384564227827,-0.000368571456715168,-0.612504018804615,7.93327290510432e-05
0.289888585778017,0.479291289148914,-0.0133740620069188,0.714997355952271,-0.0003772376936069,0.0306386338444309,-0.00037117596653439,-0.612512612536181,8.11134156531862e-05
0.291899006144599,0.47928903690989,-0.0134673456057984,0.714999590977789,-0.000379986670795331,0.0306388135156062,-0.000373799518008634,-0.61252132130332,8.29316110407263e-05
0.293923369074803,0.47928674984247,-0.0135612866170824,0.715001856690916,-0.000382757415725018,0.0306389954616893,-0.000376442262504095,-0.612530146582377,8.47880811227636e-05
0.295961771262377,0.479284427369533,-0.0136558897966096,0.715004153507635,-0.000385550133358496,0.030639179708257,-0.0003791043528009,-0.612539089866894,8.66836069898791e-05
0.298014310071653,0.479282068903549,-0.0137511599365601,0.715006481849435,-0.000388365031124629,0.0306393662810819,-0.00038178594310921,-0.612548152667759,8.86189852018771e-05
0.300081083542203,0.479279673846373,-0.0138471018657543,0.715008842143377,-0.000391202318954852,0.0306395552061303,-0.000384487189085527,-0.612557336513355,9.05950280802037e-05
0.302162190393513,0.479277241589037,-0.0139437204499522,0.715011234822164,-0.000394062209320062,0.030639746509561,-0.000387208247849198,-0.612566642949717,9.26125640059866e-05
0.304257730029708,0.479274771511542,-0.0140410205921563,0.715013660324215,-0.000396944917267918,0.0306399402177237,-0.000389949277999139,-0.612576073540677,9.46724377226538e-05
0.306367802544292,0.479272262982638,-0.014139007232916,0.715016119093735,-0.000399850660460905,0.0306401363571571,-0.000392710439630742,-0.612585629868017,9.67755106440482e-05
0.308492508724934,0.479269715359608,-0.0142376853506352,0.71501861158079,-0.000402779659214817,0.0306403349545873,-0.000395491894353021,-0.612595313531617,9.89226611680799e-05
0.31063195005828,0.479267127988038,-0.0143370599618803,0.715021138241379,-0.000405732136537999,0.0306405360369254,-0.000398293805305933,-0.61260512614961,0.000101114784995193
0.312786228734801,0.479264500201594,-0.014437136121693,0.715023699537507,-0.000408708318171084,0.0306407396312657,-0.000401116337177944,-0.612615069358523,0.000103352795452816
0.314955447653674,0.479261831321784,-0.014537918923903,0.715026295937266,-0.000411708432627438,0.0306409457648832,-0.000403959656223797,-0.612625144813432,0.000105637623824956
0.317139710427697,0.479259120657717,-0.0146394135014445,0.715028927914905,-0.000414732711234194,0.0306411544652311,-0.000406823930282481,-0.612635354188106,0.000107970219687684
0.319339121388238,0.479256367505867,-0.0147416250266737,0.715031595950912,-0.000417781388173867,0.0306413657599385,-0.000409709328795448,-0.61264569917516,0.00011035155125011
0.321553785590219,0.479253571149818,-0.0148445587116901,0.715034300532088,-0.000420854700526673,0.0306415796768073,-0.000412616022825024,-0.612656181486192,0.000112782605701023
0.323783808817133,0.479250730860014,-0.014948219808658,0.715037042151629,-0.00042395288831365,0.0306417962438095,-0.000415544185073057,-0.61266680285194,0.000115264389561762
0.326029297586097,0.479247845893497,-0.0150526136101321,0.715039821309206,-0.000427076194540039,0.0306420154890843,-0.000418493989899782,-0.612677565022416,0.000117797929044455
0.328290359152942,0.479244915493649,-0.0151577454493836,0.715042638511043,-0.000430224865239862,0.0306422374409342,-0.000421465613342907,-0.612688469767058,0.000120384270416662
0.330567101517332,0.479241938889915,-0.0152636207007298,0.715045494270002,-0.000433399149520695,0.0306424621278224,-0.000424459233136934,-0.612699518874867,0.000123024480371797
0.332859633427924,0.479238915297537,-0.0153702447798653,0.715048389105664,-0.000436599299609514,0.0306426895783686,-0.000427475028732713,-0.612710714154553,0.000125719646405911
0.335168064387565,0.479235843917268,-0.0154776231441946,0.715051323544411,-0.000439825570898965,0.0306429198213455,-0.000430513181317203,-0.612722057434673,0.000128470877200443
0.337492504658521,0.479232723935088,-0.0155857612931683,0.715054298119516,-0.000443078221994603,0.0306431528856747,-0.000433573873833488,-0.612733550563768,0.000131279303011503
0.339833065267741,0.479229554521913,-0.0156946647686201,0.715057313371221,-0.000446357514762574,0.0306433888004226,-0.000436657291001018,-0.612745195410504,0.000134146076065225
0.342189858012163,0.4792263348333,-0.0158043391551061,0.715060369846832,-0.000449663714378254,0.030643627594796,-0.000439763619336078,-0.612756993863808,0.000137072370959876
0.344562995464054,0.479223064009137,-0.0159147900802467,0.715063468100797,-0.000452997089375528,0.0306438692981373,-0.000442893047172501,-0.612768947832997,0.000140059385074318
0.346952590976386,0.479219741173342,-0.0160260232150702,0.715066608694804,-0.000456357911696858,0.0306441139399202,-0.000446045764682621,-0.612781059247918,0.000143108338983011
0.349358758688252,0.479216365433545,-0.0161380442743575,0.715069792197863,-0.000459746456744046,0.0306443615497441,-0.000449221963898447,-0.612793330059072,0.000146220476877706
0.351781613530314,0.47921293588076,-0.0162508590169902,0.715073019186402,-0.00046316300342988,0.0306446121573292,-0.000452421838733098,-0.612805762237749,0.000149397066996126
0.354221271230298,0.479209451589069,-0.0163644732462996,0.715076290244354,-0.00046660783423046,0.0306448657925112,-0.000455645585002465,-0.61281835777615,0.000152639402057064
0.356677848318515,0.479205911615277,-0.0164788928104177,0.715079605963252,-0.000470081235238368,0.0306451224852349,-0.000458893400447123,-0.612831118687513,0.000155948799702627
0.359151462133436,0.479202314998575,-0.0165941236026303,0.715082966942325,-0.000473583496216626,0.030645382265549,-0.000462165484754472,-0.612844047006235,0.000159326602947568
0.361642230827288,0.479198660760193,-0.0167101715617316,0.715086373788586,-0.000477114910653522,0.0306456451635995,-0.000465462039581146,-0.612857144787994,0.000162774180635275
0.364150273371703,0.479194947903043,-0.0168270426723808,0.715089827116936,-0.000480675775818142,0.0306459112096231,-0.000468783268575646,-0.612870414109864,0.000166292927901351
0.366675709563398,0.479191175411361,-0.0169447429654602,0.715093327550254,-0.000484266392816839,0.0306461804339408,-0.000472129377401219,-0.612883857070429,0.000169884266643855
0.369218660029898,0.479187342250334,-0.0170632785184346,0.715096875719499,-0.000487887066650566,0.0306464528669509,-0.000475500573758999,-0.612897475789899,0.000173549646001483
0.371779246235299,0.479183447365724,-0.0171826554557135,0.715100472263808,-0.00049153810627291,0.0306467285391213,-0.000478897067411379,-0.612911272410214,0.000177290542838313
0.374357590486067,0.479179489683488,-0.0173028799490131,0.715104117830594,-0.000495219824649274,0.0306470074809822,-0.000482319070205649,-0.612925249095155,0.000181108462236887
0.376953815936883,0.479175468109387,-0.0174239582177211,0.715107813075652,-0.00049893253881662,0.0306472897231185,-0.000485766796097846,-0.612939408030441,0.000185004937997654
0.379568046596523,0.479171381528584,-0.0175458965292629,0.715111558663257,-0.000502676569944332,0.0306475752961611,-0.000489240461176905,-0.612953751423833,0.000188981533147045
0.382200407333782,0.479167228805238,-0.0176687011994682,0.71511535526627,-0.000506452243395919,0.0306478642307787,-0.000492740283689004,-0.61296828150523,0.000193039840452505
0.384851023883439,0.479163008782095,-0.0177923785929395,0.715119203566243,-0.000510259888791564,0.0306481565576691,-0.000496266484062205,-0.612983000526758,0.000197181482945535
0.387520022852263,0.479158720280061,-0.0179169351234224,0.715123104253522,-0.000514099840071756,0.03064845230755,-0.000499819284931304,-0.612997910762862,0.000201408114452115
0.390207531725059,0.479154362097773,-0.018042377254176,0.71512705802736,-0.000517972435561682,0.0306487515111496,-0.000503398911162961,-0.613013014510388,0.000205721420131519
0.392913678870758,0.479149933011162,-0.0181687114983452,0.715131065596019,-0.00052187801803668,0.0306490541991965,-0.000507005589881058,-0.613028314088665,0.000210123117022495
0.395638593548549,0.479145431773002,-0.0182959444193336,0.715135127676882,-0.000525816934788689,0.03064936040241,-0.000510639550492316,-0.613043811839581,0.000214614954597736
0.398382405914052,0.479140857112461,-0.0184240826311773,0.715139244996565,-0.000529789537693542,0.0306496701514895,-0.00051430102471215,-0.613059510127656,0.000219198715326122
0.401145247025537,0.479136207734632,-0.01855313279892,0.715143418291031,-0.000533796183279402,0.0306499834771036,-0.000517990246590787,-0.613075411340107,0.000223876215243307
0.403927248850181,0.47913148232006,-0.0186831016389886,0.715147648305695,-0.000537837232796018,0.0306503004098786,-0.00052170745253961,-0.613091517886913,0.000228649304530107
0.406728544270374,0.479126679524264,-0.0188139959195693,0.71515193579555,-0.000541913052285251,0.0306506209803874,-0.000525452881357763,-0.613107832200868,0.000233519868099274
0.409549267090063,0.479121797977241,-0.0189458224609848,0.715156281525274,-0.000546024012652357,0.0306509452191372,-0.000529226774258996,-0.613124356737641,0.00023848982619061
0.412389552041149,0.47911683628297,-0.0190785881360713,0.715160686269352,-0.000550170489738475,0.030651273156557,-0.00053302937489875,-0.613141093975815,0.000243561134974118
0.415249534789915,0.4791117930189,-0.0192122998705569,0.715165150812192,-0.000554352864394154,0.0306516048229852,-0.000536860929401485,-0.613158046416935,0.0002487357871616
0.418129351943512,0.479106666735431,-0.0193469646434391,0.715169675948246,-0.000558571522553938,0.0306519402486557,-0.000540721686388254,-0.613175216585539,0.000254015812626837
0.421029141056481,0.479101455955387,-0.0194825894873633,0.715174262482132,-0.0005628268553119,0.0306522794636852,-0.000544611897004505,-0.613192607029191,0.00025940327903376
0.423949040637325,0.479096159173474,-0.0196191814890015,0.715178911228757,-0.00056711925899857,0.0306526224980579,-0.000548531814948136,-0.613210220318503,0.000264900292473613
0.426889190155123,0.479090774855735,-0.0197567477894303,0.715183623013438,-0.000571449135258639,0.030652969381612,-0.000552481696497765,-0.613228059047154,0.000270508998110347
0.429849730046193,0.479085301438989,-0.0198952955845094,0.715188398672031,-0.000575816891130017,0.0306533201440243,-0.000556461800541247,-0.6132461258319,0.000276231580834396
0.432830801720801,0.479079737330262,-0.0200348321252592,0.715193239051055,-0.000580222939123999,0.0306536748147944,-0.00056047238860442,-0.613264423312578,0.000282070265925444
0.435832547569911,0.47907408090621,-0.0201753647182389,0.715198145007823,-0.000584667697306397,0.0306540334232295,-0.000564513724880067,-0.613282954152103,0.000288027319723633
0.438855110971994,0.479068330512526,-0.0203169007259227,0.71520311741057,-0.000589151589380152,0.030654395998427,-0.000568586076257119,-0.61330172103646,0.000294105050309468
0.441898636299867,0.47906248446334,-0.020459447567077,0.715208157138585,-0.000593675044768822,0.0306547625692586,-0.000572689712350062,-0.613320726674682,0.000300305808191875
0.444963268927599,0.47905654104061,-0.0206030127171356,0.715213265082342,-0.000598238498701498,0.030655133164352,-0.000576824905528591,-0.613339973798831,0.000306631987006062
0.448049155237445,0.479050498493497,-0.0207476037085743,0.715218442143639,-0.000602842392298811,0.0306555078120734,-0.00058099193094744,-0.613359465163959,0.000313086024219034
0.451156442626847,0.479044355037732,-0.0208932281312844,0.715223689235728,-0.000607487172660223,0.0306558865405089,-0.000585191066576449,-0.613379203548071,0.000319670401844163
0.454285279515466,0.479038108854971,-0.0210398936329451,0.715229007283456,-0.000612173292952545,0.0306562693774452,-0.000589422593230837,-0.613399191752074,0.000326387647164889
0.457435815352278,0.479031758092138,-0.0211876079193943,0.715234397223404,-0.000616901212499646,0.0306566563503505,-0.000593686794601676,-0.613419432599716,0.000333240333466545
0.46060820062271,0.479025300860761,-0.0213363787549981,0.715239860004025,-0.000621671396873615,0.0306570474863539,-0.000597983957286548,-0.613439928937524,0.000340231080777187
0.463802586855826,0.479018735236286,-0.0214862139630178,0.71524539658579,-0.000626484317987119,0.030657442812225,-0.000602314370820417,-0.613460683634724,0.000347362556617437
0.467019126631568,0.479012059257391,-0.0216371214259765,0.715251007941327,-0.000631340454186981,0.0306578423543523,-0.000606678327706694,-0.613481699583155,0.000354637476758513
0.470257973588042,0.479005270925279,-0.0217891090860217,0.715256695055572,-0.000636240290349289,0.0306582461387215,-0.000611076123448451,-0.613502979697176,0.000362058605989424
0.473519282428857,0.478998368202963,-0.0219421849452871,0.715262458925912,-0.000641184317975642,0.0306586541908928,-0.000615508056579848,-0.613524526913557,0.000369628758892432
0.476803208930514,0.478991349014539,-0.0220963570662515,0.715268300562336,-0.000646173035291041,0.0306590665359777,-0.00061997442869772,-0.613546344191367,0.000377350800627785
0.480109909949849,0.478984211244446,-0.0222516335720949,0.715274220987585,-0.000651206947342817,0.0306594831986157,-0.000624475544493329,-0.613568434511843,0.000385227647726388
0.483439543431522,0.478976952736711,-0.0224080226470516,0.715280221237305,-0.000656286566101248,0.0306599042029493,-0.000629011711784276,-0.613590800878257,0.000393262268891692
0.486792268415562,0.478969571294183,-0.0225655325367611,0.7152863023602,-0.000661412410561543,0.0306603295725992,-0.00063358324154657,-0.613613446315767,0.000401457685809681
0.490168245044966,0.478962064677757,-0.0227241715486144,0.715292465418189,-0.000666585006847145,0.0306607593306383,-0.000638190447946833,-0.613636373871253,0.000409816973967719
0.493567634573345,0.478954430605581,-0.0228839480520982,0.715298711486565,-0.000671804888314566,0.0306611934995657,-0.000642833648374657,-0.613659586613153,0.00041834326348153
0.496990599372628,0.478946666752248,-0.0230448704791342,0.715305041654153,-0.000677072595659897,0.0306616321012794,-0.000647513163475091,-0.61368308763127,0.000427039739931329
0.500437302940819,0.478938770747984,-0.0232069473244155,0.71531145702347,-0.000682388677026489,0.0306620751570481,-0.000652229317181227,-0.613706880036586,0.000435909645204846
0.503907909909802,0.478930740177811,-0.0233701871457382,0.715317958710894,-0.000687753688114426,0.0306625226874832,-0.000656982436746941,-0.613730966961044,0.000444956278350339
0.50740258605321,0.478922572580706,-0.0235345985643287,0.715324547846825,-0.000693168192291434,0.0306629747125092,-0.000661772852779702,-0.613755351557335,0.000454182996436486
0.510921498294339,0.478914265448738,-0.0237001902651668,0.715331225575853,-0.000698632760705399,0.0306634312513338,-0.000666600899273504,-0.613780036998656,0.00046359321542111
0.514464814714125,0.4789058162262,-0.0238669709973031,0.71533799305693,-0.000704147972398504,0.0306638923224171,-0.00067146691364187,-0.613805026478467,0.000473190411027474
0.518032704559168,0.478897222308719,-0.0240349495741722,0.71534485146354,-0.000709714414422941,0.0306643579434399,-0.00067637123675094,-0.613830323210223,0.000482978119628996
0.52162533824982,0.478888481042358,-0.0242041348738998,0.715351801983871,-0.000715332681958329,0.0306648281312718,-0.000681314212952627,-0.613855930427104,0.000492959939140836
0.525242887388322,0.4788795897227,-0.0243745358396045,0.715358845820993,-0.00072100337843075,0.0306653029019377,-0.000686296190117828,-0.613881851381717,0.000503139529920565
0.528885524767003,0.47887054559392,-0.0245461614796935,0.715365984193037,-0.000726727115633492,0.0306657822705839,-0.000691317519669677,-0.613908089345794,0.000513520615674834
0.532553424376533,0.478861345847839,-0.0247190208681521,0.71537321833337,-0.000732504513849624,0.0306662662514437,-0.000696378556616836,-0.613934647609869,0.000524106984374467
0.536246761414231,0.478851987622971,-0.0248931231448272,0.715380549490786,-0.000738336201976129,0.0306667548578015,-0.00070147965958682,-0.613961529482941,0.000534902489176592
0.539965712292437,0.478842468003548,-0.025068477515703,0.715387978929681,-0.00074422281765002,0.0306672481019565,-0.000706621190859304,-0.613988738292118,0.000545911049353753
0.543710454646936,0.478832784018532,-0.0252450932531707,0.715395507930244,-0.000750165007376173,0.0306677459951857,-0.000711803516399466,-0.614016277382254,0.00055713665123
0.547481167345445,0.478822932640616,-0.0254229796962899,0.715403137788651,-0.000756163426656957,0.0306682485477052,-0.000717027005891276,-0.614044150115555,0.000568583349124019
0.551278030496154,0.478812910785206,-0.0256021462510435,0.715410869817245,-0.00076221874012386,0.0306687557686319,-0.000722292032770785,-0.614072359871179,0.000580255266298124
0.55510122545633,0.478802715309388,-0.0257826023905829,0.715418705344743,-0.000768331621670899,0.030669267665943,-0.000727598974259351,-0.614100910044816,0.000592156595914578
0.558950934840979,0.478792343010885,-0.0259643576554668,0.715426645716423,-0.000774502754590081,0.0306697842464358,-0.00073294821139684,-0.61412980404825,0.000604291601997708
0.56282734253157,0.478781790626992,-0.02614742165389,0.715434692294325,-0.000780732831708708,0.0306703055156853,-0.000738340129074705,-0.614159045308896,0.000616664620401275
0.566730633684818,0.478771054833503,-0.0263318040619039,0.715442846457455,-0.000787022555528823,0.0306708314780022,-0.000743775116069032,-0.614188637269333,0.00062928005978316
0.570660994741526,0.478760132243613,-0.0265175146236271,0.715451109601988,-0.000793372638368622,0.0306713621363892,-0.000749253565073442,-0.614218583386806,0.000642142402584173
0.574618613435493,0.478749019406819,-0.0267045631514473,0.715459483141471,-0.000799783802505914,0.030671897492496,-0.000754775872731897,-0.61424888713271,0.000655256206012506
0.578603678802477,0.47873771280779,-0.0268929595262129,0.715467968507035,-0.000806256780323818,0.0306724375465744,-0.000760342439671367,-0.614279551992061,0.000668626103033559
0.582616381189231,0.478726208865231,-0.027082713697413,0.715476567147609,-0.000812792314458494,0.0306729822974317,-0.000765953670534335,-0.614310581462941,0.000682256803364201
0.586656912262587,0.478714503930736,-0.0272738356833492,0.715485280530131,-0.000819391157949149,0.0306735317423832,-0.000771609974011144,-0.614341979055924,0.000696153094471408
0.590725465018618,0.478702594287607,-0.027466335571294,0.715494110139763,-0.000826054074390306,0.0306740858772034,-0.000777311762872142,-0.614373748293483,0.00071031984257508
0.594822233791852,0.478690476149682,-0.0276602235176394,0.715503057480121,-0.00083278183808614,0.0306746446960774,-0.000783059453999644,-0.614405892709376,0.000724761993654816
0.598947414264556,0.478678145660128,-0.0278555097480327,0.715512124073486,-0.000839575234207586,0.0306752081915498,-0.000788853468419642,-0.614438415848002,0.000739484574460297
0.603101203476082,0.478665598890227,-0.0280522045575005,0.715521311461038,-0.000846435058951246,0.0306757763544732,-0.000794694231333268,-0.614471321263753,0.000754492693524539
0.607283799832281,0.478652831838146,-0.0282503183105612,0.715530621203082,-0.000853362119701322,0.0306763491739561,-0.000800582172148036,-0.614504612520325,0.000769791542179793
0.611495403114975,0.478639840427693,-0.0284498614413225,0.71554005487928,-0.000860357235193482,0.030676926637309,-0.000806517724508737,-0.614538293190018,0.000785386395576904
0.615736214491506,0.47862662050705,-0.0286508444535672,0.715549614088888,-0.000867421235681641,0.0306775087299899,-0.000812501326328069,-0.614572366853006,0.000801282613705573
0.620006436524339,0.478613167847501,-0.0288532779208252,0.715559300450989,-0.000874554963107101,0.0306780954355485,-0.000818533419816922,-0.614606837096593,0.00081748564241696
0.624306273180741,0.478599478142136,-0.0290571724864305,0.715569115604743,-0.000881759271270391,0.0306786867355695,-0.000824614451514317,-0.614641707514436,0.0008340010144475
0.628635929842521,0.478585547004544,-0.029262538863565,0.715579061209621,-0.000889035026005854,0.0306792826096149,-0.00083074487231697,-0.614676981705743,0.000850834350443253
0.632995613315842,0.478571369967491,-0.0294693878352861,0.715589138945661,-0.000896383105358868,0.0306798830351648,-0.00083692513750846,-0.61471266327446,0.000867991359985332
0.637385531841099,0.47855694248158,-0.0296777302545399,0.715599350513717,-0.000903804399765888,0.0306804879875574,-0.000843155706787975,-0.614748755828418,0.000885477842614585
0.641805895102865,0.478542259913896,-0.029887577044159,0.71560969763571,-0.000911299812237511,0.030681097439928,-0.000849437044298623,-0.614785262978462,0.000903299688856302
0.646256914239905,0.478527317546641,-0.0300989391968426,0.715620182054893,-0.000918870258544202,0.0306817113631464,-0.000855769618655256,-0.614822188337557,0.00092146288124359
0.650738801855265,0.478512110575745,-0.0303118277751218,0.715630805536103,-0.000926516667405314,0.030682329725754,-0.000862153902971828,-0.614859535519858,0.000939973495339891
0.655251772026422,0.47849663410947,-0.0305262539113075,0.715641569866037,-0.000934239980680901,0.0306829524938988,-0.000868590374888207,-0.614897308139768,0.000958837700758552
0.659796040315516,0.478480883166996,-0.0307422288074201,0.715652476853513,-0.000942041153566907,0.03068357963127,-0.000875079516596456,-0.614935509810957,0.000978061762180682
0.664371823779638,0.478464852676991,-0.0309597637351024,0.715663528329742,-0.000949921154793421,0.0306842110990309,-0.00088162181486654,-0.614974144145363,0.000997652040369973
0.668979340981204,0.478448537476167,-0.0311788700355142,0.715674726148611,-0.000957880966826287,0.0306848468557515,-0.000888217761071441,-0.615013214752159,0.00101761499318317
0.673618811998395,0.478431932307827,-0.0313995591192075,0.715686072186956,-0.000965921586071894,0.0306854868573386,-0.000894867851211617,-0.615052725236698,0.00103795717657704
0.678290458435663,0.478415031820387,-0.0316218424659835,0.71569756834485,-0.000974044023085818,0.0306861310569664,-0.00090157258593886,-0.615092679199426,0.00105868524561054
0.682994503434323,0.478397830565893,-0.03184573162473,0.715709216545888,-0.000982249302784607,0.0306867794050042,-0.000908332470579416,-0.615133080234775,0.0010798059554411
0.687731171683206,0.478380322998519,-0.0320712382132379,0.715721018737481,-0.000990538464661218,0.0306874318489446,-0.000915148015156425,-0.615173931930012,0.00110132616231534
0.692500689429393,0.478362503473054,-0.0322983739179994,0.71573297689115,-0.000998912563004453,0.0306880883333293,-0.00092201973441162,-0.615215237864078,0.00112325282455289
0.697303284489026,0.478344366243375,-0.0325271504939832,0.715745093002829,-0.00100737266712191,0.030688748799674,-0.000928948147826239,-0.615257001606386,0.00114559300352304
0.70213918625818,0.478325905460903,-0.03275757976439,0.715757369093164,-0.00101591986156699,0.0306894131863929,-0.000935933779641149,-0.615299226715591,0.00116835386461361
0.70700862572383,0.478307115173051,-0.0329896736203864,0.715769807207827,-0.00102455524636957,0.0306900814287211,-0.000942977158876132,-0.615341916738339,0.00119154267819008
0.71191183547488,0.478287989321655,-0.033223444020815,0.715782409417822,-0.00103327993727136,0.0306907534586358,-0.000950078819348309,-0.615385075207974,0.0012151668205469
0.716849049713269,0.478268521741394,-0.033458902991885,0.715795177819812,-0.00104209506596482,0.0306914292047774,-0.000957239299689673,-0.615428705643226,0.0012392337748473
0.721820504265165,0.478248706158199,-0.0336960626268375,0.715808114536429,-0.0010510017803369,0.0306921085923684,-0.000964459143363696,-0.615472811546862,0.00126375113205321
0.726826436592224,0.478228536187645,-0.0339349350855886,0.715821221716609,-0.00106000124471673,0.0306927915431312,-0.000971738898680964,-0.615517396404313,0.00128872659184251
0.731867085802933,0.478208005333336,-0.0341755325943484,0.715834501535917,-0.0010690946401283,0.0306934779752056,-0.000979079118813844,-0.615562463682265,0.0013141679635153
0.736942692664033,0.478187106985274,-0.0344178674452168,0.715847956196887,-0.00107828316454738,0.030694167803064,-0.000986480361810111,-0.615608016827219,0.00134008316688547
0.742053499612018,0.478165834418223,-0.0346619519957531,0.715861587929357,-0.00108756803316347,0.0306948609374261,-0.000993943190605509,-0.61565405926403,0.00136648023315916
0.747199750764715,0.478144180790054,-0.0349077986685227,0.715875398990817,-0.00109695047864657,0.0306955572851727,-0.00100146817303525,-0.615700594394403,0.00139336730579837
0.752381691932944,0.478122139140085,-0.0351554199506173,0.715889391666757,-0.00110643175141888,0.0306962567492575,-0.00100905588184436,-0.615747625595365,0.00142075264136829
0.757599570632259,0.478099702387405,-0.0354048283931496,0.715903568271024,-0.00111601311993174,0.0306969592286186,-0.00101670689469686,-0.615795156217705,0.00144864461036856
0.762853636094773,0.478076863329197,-0.035656036610722,0.715917931146178,-0.00112569587094798,0.0306976646180885,-0.00102442179418382,-0.615843189584385,0.00147705169804768
0.768144139281058,0.478053614639042,-0.0359090572808692,0.715932482663858,-0.0011354813098294,0.0306983728083026,-0.00103220116783006,-0.615891728988913,0.0015059825051974
0.773471332892138,0.478029948865218,-0.0361639031434736,0.715947225225152,-0.0011453707608301,0.0306990836856077,-0.00104004560809974,-0.615940777693692,0.00153544574892997
0.778835471381553,0.478005858428989,-0.0364205870001539,0.715962161260969,-0.00115536556739546,0.0306997971319681,-0.00104795571240049,-0.615990338928338,0.00156545026343374
0.784236810967519,0.477981335622885,-0.0366791217136254,0.715977293232425,-0.00116546709246686,0.0307005130248714,-0.00105593208308637,-0.616040415887961,0.00159600500070867
0.78967560964516,0.477956372608978,-0.0369395202070338,0.715992623631221,-0.00117567671879266,0.0307012312372334,-0.00106397532745931,-0.616091011731419,0.00162711903127907
0.795152127198837,0.477930961417141,-0.0372017954632594,0.716008154980038,-0.00118599584924519,0.0307019516373007,-0.00107208605776924,-0.616142129579544,0.0016588015448839
0.800666625214554,0.47790509394331,-0.0374659605241938,0.71602388983293,-0.00119642590714427,0.0307026740885542,-0.00108026489121278,-0.616193772513331,0.00169106185114326
0.806219367092452,0.477878761947733,-0.0377320284899869,0.71603983077573,-0.00120696833658709,0.0307033984496097,-0.00108851244993036,-0.616245943572097,0.00172390938019959
0.811810618059391,0.477851957053211,-0.0380000125182659,0.71605598042645,-0.00121762460278489,0.0307041245741183,-0.00109682936100196,-0.616298645751619,0.00175735368333296
0.817440645181619,0.477824670743339,-0.0382699258233234,0.7160723414357,-0.00122839619240662,0.0307048523106664,-0.0011052162564412,-0.616351882002227,0.0017914044335498
0.823109717377527,0.477796894360738,-0.0385417816752769,0.716088916487101,-0.00123928461392944,0.0307055815026734,-0.00111367377318787,-0.616405655226878,0.00182607142614344
0.828818105430497,0.477768619105278,-0.038815593399198,0.716105708297712,-0.00125029139799676,0.0307063119882896,-0.00112220255309891,-0.616459968279195,0.00186136457922592
0.834566082001833,0.477739836032306,-0.0390913743742111,0.716122719618457,-0.00126141809778348,0.0307070436002923,-0.00113080324293759,-0.616514823961478,0.0018972939342293
0.840353921643785,0.477710536050859,-0.0393691380325615,0.71613995323456,-0.00127266628936909,0.0307077761659817,-0.00113947649436114,-0.616570225022687,0.00193386965637657
0.846181900812664,0.477680709921882,-0.0396488978586533,0.716157411965991,-0.00128403757211849,0.0307085095070753,-0.00114822296390659,-0.616626174156389,0.00197110203512024
0.852050297882047,0.477650348256435,-0.0399306673880555,0.716175098667903,-0.00129553356907093,0.0307092434396019,-0.00115704331297486,-0.616682673998687,0.00200900148454741
0.857959393156072,0.477619441513907,-0.0402144602064779,0.716193016231095,-0.00130715592733738,0.0307099777737945,-0.001165938207813,-0.616739727126114,0.00204757854375121
0.863909468882829,0.477587980000217,-0.0405002899487144,0.716211167582462,-0.00131890631850599,0.0307107123139822,-0.00117490831949473,-0.616797336053499,0.00208684387716646
0.86990080926784,0.477555953866023,-0.0407881702975558,0.716229555685465,-0.00133078643905668,0.030711446858482,-0.00118395432389894,-0.616855503231807,0.00212680827486947
0.875933700487633,0.477523353104922,-0.0410781149826702,0.716248183540599,-0.00134279801078468,0.0307121811994888,-0.00119307690168646,-0.616914231045953,0.00216748265283989
0.882008430703416,0.477490167551656,-0.0413701377794514,0.716267054185868,-0.00135494278123278,0.0307129151229657,-0.00120227673827472,-0.616973521812591,0.00220887805318379
0.888125290074835,0.47745638688031,-0.0416642525078363,0.716286170697272,-0.00136722252413359,0.0307136484085326,-0.00121155452381066,-0.61703337777787,0.00225100564431849
0.894284570773836,0.477422000602524,-0.0419604730310884,0.716305536189289,-0.00137963903986109,0.0307143808293554,-0.00122091095314138,-0.617093801115174,0.00229387672111506
0.900486566998624,0.477386998065687,-0.0422588132545508,0.716325153815375,-0.0013921941558924,0.0307151121520329,-0.00123034672578298,-0.617154793922834,0.00233750270499986
0.906731574987708,0.47735136845115,-0.042559287124365,0.716345026768462,-0.0014048897272792,0.0307158421364846,-0.00123986254588722,-0.617216358221811,0.00238189514401332
0.913019893034057,0.477315100772433,-0.0428619086261593,0.716365158281465,-0.00141772763713016,0.0307165705358371,-0.0012494591222061,-0.617278495953363,0.00242706571282433
0.919351821499347,0.477278183873433,-0.0431666917837029,0.716385551627793,-0.00143070979710375,0.0307172970963103,-0.0012591371680543,-0.617341208976689,0.00247302621269976
0.925727662828307,0.477240606426639,-0.0434736506575283,0.71640621012187,-0.001443838147912,0.0307180215571027,-0.00126889740126951,-0.617404499066547,0.00251978857142823
0.932147721563161,0.477202356931352,-0.0437827993435216,0.71642713711966,-0.00145711465983564,0.0307187436502768,-0.00127874054417052,-0.617468367910853,0.00256736484319611
0.938612304358183,0.477163423711902,-0.0440941519714783,0.716448336019195,-0.00147054133325056,0.0307194631006435,-0.00128866732351311,-0.617532817108266,0.00261576720841619
0.945121719994339,0.47712379491588,-0.0444077227036294,0.716469810261114,-0.00148412019916626,0.0307201796256467,-0.00129867847044371,-0.617597848165743,0.00266500797350583
0.951676279394036,0.477083458512366,-0.044723525733132,0.716491563329206,-0.00149785331977621,0.0307208929352471,-0.00130877472045073,-0.617663462496085,0.00271509957061639
0.958276295635973,0.477042402290168,-0.0450415752825299,0.716513598750955,-0.00151174278902069,0.0307216027318057,-0.0013189568133137,-0.617729661415465,0.00276605455731024
0.964922083970099,0.477000613856068,-0.0453618856021796,0.716535920098102,-0.00152579073316221,0.0307223087099677,-0.00132922549304992,-0.617796446140937,0.00281788561618554
0.971613961832666,0.476958080633069,-0.0456844709686459,0.716558530987198,-0.00153999931137405,0.030723010556545,-0.00133958150785895,-0.61786381778793,0.00287060555444874
0.978352248861393,0.47691478985866,-0.0460093456830638,0.716581435080176,-0.00155437071634182,0.0307237079503998,-0.00135002561006454,-0.617931777367733,0.00292422730343131
0.985137266910738,0.476870728583076,-0.0463365240694682,0.716604636084919,-0.00156890717487904,0.0307244005623274,-0.00136055855605432,-0.618000325784965,0.00297876391805293
0.991969340067262,0.476825883667577,-0.0466660204730932,0.716628137755841,-0.0015836109485559,0.0307250880549387,-0.00137118110621696,-0.618069463835031,0.00303422857622687
0.998848794665118,0.476780241782732,-0.0469978492586373,0.716651943894471,-0.00159848433434322,0.0307257700825435,-0.00138189402487693,-0.618139192201574,0.00309063457820985
1.00577595930163,0.47673378940671,-0.0473320248084987,0.71667605835004,-0.00161352966527001,0.030726446291033,-0.00139269808022682,-0.618209511453912,0.00314799534589322
1.01275116485301,0.476686512823588,-0.0476685615209776,0.716700485020076,-0.00162874931109645,0.0307271163177628,-0.00140359404425716,-0.618280422044474,0.00320632442203506
1.01977474449012,0.476638398121657,-0.048007473808448,0.716725227851007,-0.00164414567900208,0.0307277797914362,-0.0014145826926837,-0.618351924306224,0.00326563546943365
1.02684703369442,0.476589431191757,-0.0483487760954984,0.716750290838764,-0.00165972121428923,0.030728436331987,-0.0014256648048723,-0.618424018450088,0.00332594227003996
1.033968370274,0.476539597725602,-0.0486924828170406,0.716775678029391,-0.00167547840110255,0.0307290855504633,-0.00143684116376113,-0.618496704562369,0.00338725872400886
1.04113909437969,0.476488883214138,-0.0490386084163891,0.716801393519667,-0.00169141976316464,0.0307297270489113,-0.00144811255578049,-0.61856998260217,0.00344959884868856
1.0483595485213,0.476437272945892,-0.0493871673433086,0.716827441457717,-0.00170754786452841,0.0307303604202591,-0.00145947977076996,-0.618643852398809,0.00351297677754797
1.05563007758401,0.476384752005354,-0.0497381740520324,0.716853826043649,-0.0017238653103462,0.0307309852482015,-0.00147094360189304,-0.618718313649242,0.0035774067590405
1.06295102884484,0.476331305271354,-0.0500916429992506,0.716880551530176,-0.00174037474765629,0.0307316011070847,-0.00148250484554922,-0.618793365915488,0.00364290315540322
1.07032275198921,0.476276917415468,-0.050447588642068,0.716907622223255,-0.00175707886618685,0.0307322075617921,-0.00149416430128343,-0.618869008622053,0.00370948044139324
1.07774559912768,0.47622157290042,-0.0508060254359333,0.716935042482726,-0.00177398039917816,0.0307328041676298,-0.00150592277169296,-0.618945241053373,0.00377715320295785
1.08521992481272,0.476165255978516,-0.0511669678325392,0.716962816722958,-0.00179108212422274,0.030733390470214,-0.00151778106233174,-0.619022062351255,0.0038459361358395
1.0927460860557,0.476107950690082,-0.0515304302776932,0.716990949413492,-0.00180838686412482,0.0307339660053576,-0.00152973998161206,-0.61909947151233,0.00391584404411521
1.1003244423439,0.476049640861913,-0.0518964272091605,0.717019445079701,-0.0018258974877782,0.0307345302989587,-0.00154180034070366,-0.619177467385526,0.00398689183866929
1.10795535565772,0.475990310105749,-0.0522649730544783,0.717048308303438,-0.00184361691106397,0.0307350828668894,-0.00155396295343027,-0.619256048669546,0.00405909453560027
1.11563919048792,0.475929941816754,-0.0526360822287431,0.7170775437237,-0.00186154809776798,0.0307356232148856,-0.0015662286361635,-0.619335213910366,0.00413246725455951
1.12337631385307,0.475868519172018,-0.0530097691323691,0.717107156037289,-0.00187969406051833,0.0307361508384374,-0.00157859820771415,-0.619414961498753,0.00420702521702399
1.13116709531708,0.475806025129069,-0.0533860481488215,0.717137149999481,-0.00189805786174356,0.030736665222681,-0.00159107248922101,-0.619495289667797,0.00428278374450142
1.13901190700682,0.475742442424402,-0.053764933642321,0.71716753042469,-0.00191664261465181,0.0307371658422912,-0.00160365230403696,-0.619576196490473,0.00435975825666773
1.14691112362992,0.475677753572031,-0.054146439955523,0.717198302187142,-0.00193545148423095,0.0307376521613753,-0.00161633847761255,-0.61965767987722,0.00443796426943688
1.15486512249268,0.475611940862042,-0.0545305814071707,0.717229470221552,-0.00195448768827083,0.0307381236333678,-0.00162913183737709,-0.619739737573549,0.00451741739296363
1.16287428351806,0.475544986359176,-0.0549173722897222,0.717261039523794,-0.00197375449840728,0.0307385797009267,-0.00164203321261703,-0.619822367157679,0.00459813332957942
1.17093898926384,0.475476871901417,-0.0553068268669519,0.717293015151585,-0.00199325524118854,0.0307390197958311,-0.00165504343435196,-0.619905566038205,0.00468012787165922
1.1790596249409,0.475407579098609,-0.0556989593715275,0.717325402225161,-0.0020129932991647,0.0307394433388794,-0.001668163335208,-0.619989331451795,0.00476341689942372
1.18723657843162,0.475337089331073,-0.0560937840025616,0.717358205927961,-0.0020329721120001,0.03073984973979,-0.00168139374928871,-0.620073660460923,0.0048480163786721
1.19547024030838,0.475265383748251,-0.0564913149231396,0.717391431507305,-0.00205319517760937,0.0307402383971022,-0.00169473551204347,-0.620158549951638,0.00493394235845068
1.20376100385228,0.475192443267368,-0.056891566257823,0.717425084275082,-0.00207366605331735,0.0307406086980803,-0.0017081894601335,-0.620243996631374,0.00502121096865427
1.21210926507183,0.475118248572096,-0.0572945520901287,0.717459169608431,-0.00209438835704349,0.0307409600186172,-0.00172175643129534,-0.620329997026798,0.00510983841756191
1.22051542272196,0.47504278011125,-0.0577002864599855,0.717493692950424,-0.00211536576851062,0.0307412917231414,-0.00173543726420191,-0.620416547481704,0.00519984098930859
1.22897987832301,0.47496601809749,-0.0581087833611672,0.717528659810749,-0.00213660203047894,0.0307416031645247,-0.00174923279832123,-0.62050364415495,0.00529123504129109
1.23750303617991,0.474887942506043,-0.0585200567387019,0.717564075766396,-0.00215810095000558,0.0307418936839918,-0.00176314387377276,-0.620591283018442,0.00538403700151191
1.24608530340153,0.474808533073433,-0.0589341204862602,0.717599946462334,-0.00217986639972965,0.0307421626110322,-0.00177717133118134,-0.620679459855172,0.00547826336585872
1.25472708992008,0.474727769296241,-0.0593509884435197,0.717636277612199,-0.00220190231918374,0.0307424092633131,-0.00179131601152895,-0.620768170257303,0.0055739306953233
1.26342880851072,0.474645630429863,-0.0597706743935075,0.717673074998962,-0.00222421271613155,0.0307426329465949,-0.00180557875600402,-0.620857409624311,0.00567105561315789
1.27219087481126,0.474562095487294,-0.0601931920599213,0.717710344475616,-0.0022468016679329,0.0307428329546484,-0.00181996040584867,-0.620947173161182,0.00576965480197311
1.28101370734203,0.474477143237922,-0.0606185551044279,0.717748091965845,-0.00226967332293566,0.030743008569174,-0.00183446180220364,-0.621037455876668,0.00586974500077542
1.28989772752585,0.474390752206339,-0.0610467771239407,0.717786323464699,-0.00229283190189532,0.030743159059723,-0.00184908378595109,-0.621128252581603,0.00597134300194846
1.29884335970818,0.474302900671166,-0.0614778716478748,0.717825045039258,-0.00231628169942269,0.030743283683621,-0.00186382719755524,-0.621219557887283,0.00607446564817671
1.30785103117738,0.474213566663883,-0.0619118521353819,0.717864262829299,-0.00234002708545979,0.0307433816858933,-0.00187869287690102,-0.621311366203909,0.00617912982931457
1.31692117218509,0.474122727967687,-0.0623487319725622,0.717903983047958,-0.00236407250678433,0.0307434522991931,-0.0018936816631305,-0.621403671739101,0.00628535247920181
1.32605421596686,0.474030362116352,-0.0627885244696565,0.717944211982382,-0.00238842248854353,0.0307434947437309,-0.0019087943944775,-0.621496468496473,0.0063931505724269
1.33525059876274,0.473936446393104,-0.0632312428582163,0.717984955994385,-0.00241308163581674,0.0307435082272075,-0.00192403190810011,-0.62158975027429,0.00650254112103948
1.34451075983821,0.47384095782951,-0.0636769002882519,0.718026221521086,-0.00243805463520867,0.0307434919447479,-0.00193939503991138,-0.621683510664184,0.00661354117121499
1.3538351415051,0.473743873204376,-0.0641255098253607,0.718068015075556,-0.00246334625647161,0.0307434450788392,-0.00195488462440811,-0.621777743049964,0.00672616779987079
1.36322418914273,0.473645169042662,-0.0645770844478328,0.718110343247445,-0.00248896135415866,0.0307433667992693,-0.00197050149449783,-0.621872440606482,0.00684043811123841
1.37267835121923,0.473544821614396,-0.0650316370437348,0.718153212703612,-0.00251490486930775,0.0307432562630695,-0.00198624648132399,-0.621967596298594,0.00695636923339177
1.38219807931287,0.473442806933615,-0.065489180407973,0.71819663018874,-0.00254118183115616,0.0307431126144583,-0.00200212041408952,-0.622063202880194,0.00707397831473483
1.39178382813373,0.4733391007573,-0.065949727239334,0.718240602525948,-0.00256779735888707,0.0307429349847889,-0.00201812411987863,-0.622159252893331,0.00719328252044887
1.40143605554534,0.473233678584328,-0.0664132901375018,0.718285136617391,-0.00259475666340711,0.0307427224924986,-0.00203425842347702,-0.622255738667413,0.00731429902890418
1.4111552225866,0.473126515654436,-0.0668798816000554,0.718330239444856,-0.00262206504915645,0.030742474243061,-0.00205052414719065,-0.622352652318495,0.00743704502803672
1.42094179349378,0.473017586947186,-0.0673495140194406,0.718375918070341,-0.00264972791595085,0.0307421893289405,-0.00206692211066282,-0.622449985748652,0.00756153771169121
1.43079623572268,0.472906867180942,-0.0678221996799198,0.718422179636631,-0.00267775076085641,0.0307418668295502,-0.00208345313068999,-0.622547730645448,0.00768779427593591
1.440719019971,0.472794330811855,-0.0682979507544981,0.718469031367858,-0.00270613918009741,0.0307415058112117,-0.00210011802103607,-0.622645878481488,0.00781583191534896
1.45071062020079,0.472679952032853,-0.0687767793018257,0.718516480570053,-0.00273489887099693,0.0307411053271184,-0.0021169175922455,-0.622744420514065,0.00794566781927947
1.46077151366109,0.472563704772637,-0.0692586972630742,0.718564534631685,-0.00276403563395144,0.0307406644173006,-0.00213385265145496,-0.622843347784903,0.00807731916808713
1.47090218091073,0.472445562694687,-0.0697437164587898,0.718613201024185,-0.00279355537443884,0.0307401821085942,-0.00215092400220396,-0.62294265111999,0.00821080312936134
1.48110310584131,0.472325499196267,-0.0702318485857186,0.71866248730246,-0.00282346410506076,0.0307396574146117,-0.00216813244424421,-0.623042321129508,0.00834613685412489
1.49137477570027,0.47220348740744,-0.0707231052136066,0.718712401105397,-0.00285376794761909,0.0307390893357162,-0.00218547877334788,-0.623142348207863,0.00848333747302055
1.50171768111418,0.472079500190088,-0.0712174977819722,0.71876295015634,-0.00288447313522705,0.0307384768589983,-0.00220296378111493,-0.623242722533806,0.00862242209248953
1.5121323161122,0.471953510136931,-0.0717150375968509,0.718814142263567,-0.00291558601445553,0.0307378189582553,-0.00222058825477936,-0.623343434070662,0.00876340779094043
1.52261917814963,0.471825489570554,-0.0722157358275104,0.718865985320742,-0.00294711304751405,0.0307371145939739,-0.00223835297701459,-0.623444472566649,0.00890631161491245
1.53317876813171,0.471695410542435,-0.0727196035031366,0.718918487307351,-0.00297906081446767,0.0307363627133154,-0.00225625872573798,-0.623545827555303,0.00905115057523642
1.54381159043753,0.471563244831977,-0.0732266515094898,0.718971656289126,-0.00301143601548927,0.0307355622501037,-0.00227430627391456,-0.623647488356006,0.00919794164319748
1.55451815294413,0.471428963945543,-0.0737368905855269,0.719025500418449,-0.00304424547314765,0.0307347121248162,-0.00229249638936,-0.623749444074605,0.00934670174670021
1.56529896705074,0.47129253911549,-0.0742503313199939,0.719080027934736,-0.00307749613473202,0.0307338112445779,-0.00231082983454292,-0.623851683604148,0.00949744776644235
1.57615454770323,0.471153941299209,-0.0747669841479822,0.719135247164802,-0.00311119507461323,0.0307328585031576,-0.0023293073663866,-0.623954195625706,0.00965019653209764
1.58708541341869,0.471013141178161,-0.0752868593474515,0.719191166523211,-0.00314534949664082,0.0307318527809675,-0.00234792973607007,-0.624056968609313,0.00980496481851262
1.5980920863102,0.470870109156923,-0.0758099670357161,0.719247794512599,-0.00317996673657778,0.0307307929450657,-0.0023666976888288,-0.624159990814993,0.00996176934192033
1.60917509211179,0.470724815362222,-0.0763363171658943,0.719305139723982,-0.00321505426457193,0.0307296778491614,-0.00238561196375477,-0.624263250293905,0.0101206267561731
1.62033496020352,0.470577229641985,-0.076865919523318,0.719363210837038,-0.00325061968766503,0.0307285063336226,-0.00240467329359637,-0.624366734889576,0.0102815536490006
1.63157222363676,0.470427321564376,-0.0773987837219043,0.719422016620365,-0.00328667075233927,0.0307272772254869,-0.00242388240455774,-0.624470432239247,0.0104445665382923
1.64288741915971,0.470275060416842,-0.0779349192004837,0.719481565931724,-0.00332321534710142,0.0307259893384754,-0.00244324001609804,-0.624574329775315,0.010609681868412
1.65428108724297,0.470120415205159,-0.0784743352190879,0.719541867718248,-0.00336026150510541,0.030724641473009,-0.00246274684073028,-0.624678414726875,0.010776916006544
1.6657537721054,0.469963354652473,-0.0790170408551901,0.719602931016631,-0.00339781740681272,0.0307232324162273,-0.00248240358382016,-0.62478267412137,0.0109462852390771
1.67730602174008,0.469803847198346,-0.0795630449999031,0.719664764953292,-0.00343589138269162,0.0307217609420108,-0.00250221094338462,-0.624887094786332,0.0111178057680283
1.68893838794052,0.469641860997807,-0.080112356354127,0.719727378744511,-0.00347449191595482,0.0307202258110054,-0.00252216960989045,-0.624991663351228,0.0112914937075105
1.70065142632699,0.469477363920392,-0.0806649834246502,0.719790781696535,-0.00351362764533567,0.0307186257706499,-0.00254228026605278,-0.6250963662494,0.0114673650802452
1.71244569637308,0.469310323549197,-0.0812209345201977,0.719854983205664,-0.00355330736790432,0.0307169595552057,-0.00256254358663357,-0.625201189720109,0.0116454358141278
1.72432176143241,0.469140707179926,-0.0817802177474287,0.719919992758298,-0.00359354004192194,0.03071522588579,-0.00258296023824023,-0.625306119810663,0.0118257217388436
1.73628018876552,0.468968481819944,-0.0823428410068788,0.719985819930963,-0.00363433478973535,0.0307134234704107,-0.00260353087912431,-0.625411142378653,0.0120082385825432
1.74832154956701,0.468793614187329,-0.0829088119888474,0.720052474390299,-0.00367570090071084,0.0307115510040044,-0.00262425615898028,-0.625516243094271,0.0121930019685751
1.7604464189928,0.468616070709932,-0.0834781381692258,0.720119965893023,-0.00371764783420769,0.0307096071684771,-0.00264513671874454,-0.625621407442724,0.0123800274122839
1.77265537618758,0.468435817524432,-0.0840508268052679,0.720188304285853,-0.00376018522259181,0.0307075906327471,-0.00266617319039467,-0.62572662072674,0.0125693303178722
1.78494900431252,0.468252820475407,-0.084626884931297,0.720257499505408,-0.00380332287428969,0.0307055000527907,-0.00268736619674882,-0.625831868069157,0.0127609259753339
1.79732789057308,0.468067045114398,-0.085206319354351,0.720327561578059,-0.0038470707768824,0.0307033340716899,-0.00270871635126551,-0.625937134415602,0.0129548295574597
1.80979262624709,0.467878456698986,-0.0857891366497614,0.720398500619764,-0.0038914391002399,0.0307010913196833,-0.00273022425784363,-0.62604240453725,0.0131510561169167
1.82234380671297,0.467687020191875,-0.0863753431566652,0.720470326835849,-0.00393643819969675,0.0306987704142188,-0.00275189051062287,-0.626147663033667,0.0133496205834083
1.83498203147818,0.467492700259977,-0.0869649449734474,0.720543050520761,-0.00398207861926761,0.0306963699600086,-0.00277371569378445,-0.626252894335735,0.013550537760914
1.84770790420785,0.467295461273515,-0.0875579479531122,0.720616682057785,-0.00402837109490459,0.0306938885490874,-0.00279570038135224,-0.62635808270865,0.0137538223250142
1.86052203275364,0.467095267305128,-0.0881543576985812,0.720691231918714,-0.00407532655779497,0.0306913247608716,-0.00281784513699436,-0.626463212254992,0.0139594888203018
1.87342502918271,0.466892082128988,-0.0887541795579157,0.720766710663486,-0.0041229561377005,0.030688677162222,-0.00284015051382506,-0.626568266917878,0.0141675516578829
1.88641750980704,0.466685869219935,-0.0893574186194621,0.720843128939774,-0.00417127116633809,0.0306859443075078,-0.0028626170542072,-0.626673230484171,0.0143780251129704
1.89950009521279,0.466476591752621,-0.0899640797069174,0.720920497482542,-0.00422028318080184,0.0306831247386733,-0.00288524528955508,-0.626778086587762,0.0145909233225723
1.91267341029,0.466264212600672,-0.0905741673743132,0.720998827113546,-0.00427000392702689,0.0306802169853067,-0.00290803574013776,-0.626882818712917,0.0148062602832765
1.92593808426241,0.466048694335862,-0.0911876859009171,0.721078128740801,-0.00432044536329432,0.0306772195647105,-0.00293098891488284,-0.626987410197681,0.0150240498491352
1.93929475071751,0.465829999227316,-0.0918046392860467,0.721158413357997,-0.00437161966377886,0.030674130981975,-0.00295410531118077,-0.627091844237341,0.0152443057296519
1.95274404763682,0.465608089240725,-0.0924250312437983,0.721239692043874,-0.00442353922213778,0.0306709497300526,-0.00297738541468956,-0.62719610388794,0.0154670414878716
1.96628661742637,0.465382926037585,-0.0930488651976827,0.721321975961535,-0.00447621665514203,0.0306676742898349,-0.00300082969913997,-0.627300172069848,0.0156922705385755
1.97992310694735,0.465154470974467,-0.0936761442751731,0.721405276357733,-0.0045296648063495,0.0306643031302318,-0.00302443862614127,-0.627404031571372,0.0159200061465865
1.99365416754703,0.464922685102307,-0.0943068713021561,0.721489604562082,-0.00458389674982013,0.0306608347082519,-0.00304821264498736,-0.627507665052421,0.016150261425181
2.00748045508988,0.464687529165727,-0.0949410487972888,0.721574971986237,-0.00463892579387348,0.0306572674690853,-0.00307215219246339,-0.627611055048201,0.0163830493346141
2.0214026299889,0.464448963602392,-0.0955786789662575,0.721661390123013,-0.00469476548488904,0.0306535998461882,-0.00309625769265286,-0.627714183972951,0.0166183826807564
2.03542135723711,0.464206948542394,-0.0962197636959373,0.721748870545443,-0.00475142961114755,0.0306498302613689,-0.00312052955674507,-0.627817034123716,0.0168562741138454
2.0495373064394,0.463961443807681,-0.0968643045484498,0.721837424905797,-0.00480893220671566,0.0306459571248764,-0.00314496818284311,-0.627919587684141,0.0170967361273526
2.06375115184445,0.463712408911519,-0.0975123027551174,0.721927064934531,-0.00486728755537269,0.03064197883549,-0.00316957395577211,-0.628021826728302,0.017339781056966
2.07806357237695,0.463459803057998,-0.0981637592103135,0.722017802439178,-0.00492651019457949,0.0306378937806109,-0.00319434724688799,-0.628123733224548,0.0175854210796928
2.09247525167004,0.463203585141587,-0.098818674465204,0.72210964930319,-0.00498661491948968,0.0306337003363553,-0.00321928841388651,-0.628225289039367,0.0178336682130778
2.10698687809795,0.462943713746732,-0.0994770487213822,0.722202617484709,-0.00504761678700319,0.0306293968676499,-0.00324439780061261,-0.628326475941268,0.0180845343145428
2.12159914480891,0.462680147147507,-0.100138881824391,0.722296719015276,-0.00510953111986184,0.0306249817283283,-0.00326967573687014,-0.628427275604669,0.0183380310808466
2.1363127497582,0.462412843307324,-0.100804173257137,0.722391965998487,-0.0051723735107872,0.030620453261229,-0.0032951225382318,-0.628527669613791,0.0185941700476634
2.15112839574156,0.462141759878694,-0.101472922133186,0.722488370608565,-0.00523615982666017,0.0306158097982957,-0.00332073850584931,-0.628627639466562,0.0188529625892845
2.1660467904287,0.461866854203056,-0.102145127189946,0.722585945088887,-0.00530090621274298,0.0306110496606787,-0.00334652392626381,-0.628727166578507,0.0191144199184394
2.18106864639712,0.46158808331067,-0.102820786781737,0.722684701750418,-0.00536662909694216,0.0306061711588378,-0.00337247907121641,-0.628826232286647,0.0193785530862391
2.19619468116618,0.46130540392057,-0.103499898872738,0.7227846529701,-0.00543334519411387,0.0306011725926473,-0.00339860419745889,-0.628924817853374,0.0196453729822393
2.21142561723131,0.461018772440608,-0.104182461029818,0.72288581118915,-0.00550107151041027,0.030596052251502,-0.00342489954656446,-0.629022904470325,0.0199148903346273
2.22676218209858,0.460728144967553,-0.104868470415245,0.722988188911289,-0.00556982534766678,0.0305908084144252,-0.00345136534473852,-0.629120473262228,0.0201871157105253
2.24220510831939,0.460433477287289,-0.105557923779273,0.723091798700907,-0.0056396243078311,0.0305854393501779,-0.00347800180262954,-0.629217505290736,0.020462059516418
2.25775513352553,0.460134724875087,-0.106250817452613,0.723196653181132,-0.00571048629743187,0.0305799433173699,-0.00350480911513979,-0.629313981558226,0.0207397319986969
2.27341300046436,0.459831842895967,-0.106947147338773,0.723302765031835,-0.00578242953208855,0.0305743185645724,-0.00353178746123601,-0.629409883011578,0.0210201432443254
2.28917945703428,0.45952478620516,-0.107646908906277,0.723410146987552,-0.00585547254106109,0.030568563330432,-0.00355893700375996,-0.62950519054591,0.0213033031816197
2.30505525632052,0.459213509348656,-0.108350097180759,0.723518811835313,-0.00592963417183878,0.0305626758437865,-0.00358625788923873,-0.629599885008288,0.0215892215811483
2.32104115663104,0.458897966563867,-0.109056706736935,0.723628772412405,-0.00600493359476909,0.0305566543237822,-0.00361375024769489,-0.629693947201382,0.0218779080567468
2.33713792153279,0.458578111780388,-0.109766731690441,0.723740041604028,-0.00608139030772478,0.0305504969799929,-0.0036414141924563,-0.62978735788709,0.0221693720666457
2.35334631988814,0.45825389862087,-0.110480165689556,0.723852632340882,-0.00615902414080988,0.0305442020125408,-0.00366924981996558,-0.629880097790099,0.0224636229147138
2.36966712589169,0.457925280402014,-0.111197001906787,0.723966557596649,-0.00623785526110274,0.0305377676122182,-0.00369725720958921,-0.629972147601407,0.0227606697518102
2.38610111910714,0.457592210135681,-0.111917233030336,0.724081830385392,-0.00631790417743699,0.0305311919606121,-0.0037254364234262,-0.63006348798178,0.0230605215772482
2.40264908450462,0.457254640530133,-0.112640851255434,0.724198463758853,-0.00639919174521916,0.03052447323023,-0.00375378750611629,-0.630154099565154,0.0233631872403658
2.41931181249812,0.456912523991398,-0.113367848275557,0.724316470803663,-0.00648173917128139,0.0305176095846271,-0.00378231048464747,-0.63024396296197,0.0236686754422024
2.43609009898327,0.45656581262478,-0.114098215273502,0.724435864638442,-0.0065655680187707,0.0305105991785361,-0.00381100536816316,-0.630333058762444,0.0239769947372802
2.45298474537537,0.456214458236502,-0.114831942912353,0.724556658410812,-0.00665070021207176,0.0305034401579983,-0.00383987214776849,-0.63042136753977,0.0242881535354859
2.46999655864764,0.455858412335501,-0.11556902132631,0.724678865294293,-0.00673715804176409,0.0304961306604971,-0.00386891079633609,-0.630508869853243,0.0246021601040538
2.48712635136979,0.455497626135373,-0.116309440111395,0.724802498485106,-0.00682496416961159,0.030488668815093,-0.00389812126831099,-0.630595546251311,0.0249190225696437
2.50437494174681,0.455132050556477,-0.117053188316041,0.72492757119886,-0.00691414163358461,0.0304810527425612,-0.00392750349951486,-0.630681377274545,0.0252387489205155
2.52174315365806,0.454761636228197,-0.117800254431552,0.725054096667137,-0.00700471385291213,0.0304732805555306,-0.00395705740694937,-0.630766343458526,0.0255613470087946
2.53923181669665,0.454386333491381,-0.118550626382437,0.725182088133954,-0.00709670463316489,0.0304653503586261,-0.0039867828885986,-0.630850425336646,0.0258868245528261
2.55684176620901,0.454006092400946,-0.119304291516637,0.725311558852126,-0.00719013817136668,0.0304572602486117,-0.00401667982323068,-0.630933603442821,0.0262151891396174
2.57457384333485,0.453620862728666,-0.120061236595619,0.725442522079497,-0.00728503906113359,0.0304490083145376,-0.0040467480701984,-0.631015858314116,0.0265464482273629
2.59242889504728,0.453230593966143,-0.120821447784362,0.725574991075064,-0.00738143229783958,0.0304405926378881,-0.00407698746923876,-0.631097170493266,0.0268806091480492
2.61040777419332,0.452835235327979,-0.121584910641219,0.72570897909497,-0.00747934328380731,0.0304320112927333,-0.00410739784027166,-0.631177520531112,0.0272176791101389
2.6285113395346,0.452434735755127,-0.122351610107677,0.725844499388383,-0.00757879783352322,0.0304232623458827,-0.00413797898319732,-0.631256888988934,0.0275576652013287
2.64674045578839,0.452029043918461,-0.123121530497991,0.725981565193235,-0.00767982217887342,0.0304143438570418,-0.00416873067769279,-0.631335256440677,0.0279005743913777
2.6650959936689,0.451618108222548,-0.123894655488722,0.726120189731851,-0.00778244297440281,0.0304052538789713,-0.00419965268300725,-0.631412603475081,0.0282464135350056
2.68357882992886,0.451201876809635,-0.124670968108161,0.726260386206424,-0.00788668730259107,0.0303959904576492,-0.00423074473775618,-0.631488910697704,0.0285951893748544
2.70218984740145,0.450780297563855,-0.125450450725649,0.726402167794377,-0.00799258267914801,0.0303865516324364,-0.00426200655971435,-0.631564158732833,0.028946908544511
2.72092993504239,0.450353318115663,-0.126233085040799,0.726545547643576,-0.00810015705832359,0.0303769354362445,-0.0042934378456077,-0.631638328225293,0.0293015775715894
2.73979998797246,0.449920885846504,-0.12701885207262,0.726690538867405,-0.00820943883823272,0.0303671398957081,-0.00432503827090397,-0.631711399842135,0.0296592028808654
2.75880090752022,0.449482947893713,-0.127807732148542,0.726837154539704,-0.00832045686619143,0.030357163031359,-0.00435680748960211,-0.631783354274222,0.0300197907974641
2.77793360126509,0.44903945115567,-0.128599704893354,0.72698540768956,-0.00843324044406349,0.0303470028578049,-0.00438874513402059,-0.631854172237694,0.0303833475500936
2.79719898308069,0.448590342297198,-0.129394749218052,0.727135311295951,-0.00854781933361518,0.0303366573839118,-0.0044208508145844,-0.631923834475318,0.0307498792743222
2.81659797317847,0.44813556775522,-0.130192843308607,0.727286878282238,-0.00866422376187534,0.0303261246129891,-0.00445312411961087,-0.631992321757724,0.0311193920158966
2.83613149815172,0.447675073744677,-0.130993964614648,0.727440121510512,-0.00878248442649884,0.0303154025429797,-0.00448556461509443,-0.632059614884521,0.0314918917340968
2.85580049101974,0.447208806264715,-0.131798089838074,0.727595053775777,-0.0089026325011318,0.0303044891666535,-0.00451817184449001,-0.632125694685293,0.0318673843051228
2.87560589127251,0.446736711105151,-0.132605194921592,0.727751687799985,-0.00902469964077449,0.0302933824718051,-0.00455094532849542,-0.63219054202048,0.0322458755255106
2.89554864491548,0.44625873385321,-0.133415255037192,0.7279100362259,-0.00914871798714093,0.0302820804414562,-0.00458388456483259,-0.632254137782131,0.0326273711155752
2.91562970451479,0.445774819900558,-0.134228244574561,0.72807011161081,-0.00927472017401154,0.0302705810540616,-0.00461698902802767,-0.632316462894543,0.033011876722873
2.93585002924278,0.44528491445062,-0.135044137129435,0.728231926420069,-0.00940273933257607,0.0302588822837206,-0.00465025816919015,-0.632377498314776,0.0333993979256843
2.95621058492378,0.444788962526201,-0.135862905491911,0.728395493020464,-0.00953280909676463,0.0302469821003927,-0.00468369141579096,-0.632437225033041,0.0337899402365096
2.97671234408028,0.44428690897741,-0.136684521634705,0.728560823673427,-0.00966496360856306,0.0302348784701183,-0.00471728817143953,-0.632495624072975,0.0341835091055757
2.99735628597932,0.443778698489889,-0.137508956701372,0.728727930528061,-0.00979923752330952,0.0302225693552444,-0.00475104781566008,-0.632552676491786,0.0345801099243502
3.01814339667932,0.443264275593363,-0.138336180994503,0.72889682561399,-0.0099356660149697,0.0302100527146556,-0.00478496970366702,-0.632608363380278,0.0349797480290591
3.03907466907719,0.442743584670512,-0.139166163963877,0.729067520834042,-0.0100742847813871,0.0301973265040099,-0.00481905316613958,-0.632662665862753,0.0353824287042029
3.06015110295567,0.44221656996616,-0.139998874194614,0.729240027956738,-0.0102151300495038,0.030184388675981,-0.00485329750899574,-0.632715565096794,0.0357881571860708
3.08137370503119,0.441683175596809,-0.140834279395295,0.729414358608607,-0.0103582385805506,0.0301712371805053,-0.00488770201316566,-0.632767042272921,0.0361969386662463
3.10274348900188,0.441143345560502,-0.141672346386091,0.729590524266306,-0.0105036476751999,0.0301578699650351,-0.00492226593436449,-0.632817078614128,0.0366087782951023
3.12426147559604,0.440597023747026,-0.142513041086886,0.729768536248562,-0.0106513951786799,0.030144284974798,-0.00495698850286481,-0.632865655375301,0.0370236811852808
3.14592869262085,0.440044153948478,-0.143356328505404,0.729948405707915,-0.010801519485844,0.0301304801530618,-0.00499186892326885,-0.632912753842511,0.037441652415157
3.16774617501149,0.439484679870164,-0.144202172725363,0.730130143622272,-0.0109540595461948,0.0301164534414064,-0.00502690637428041,-0.632958355332192,0.0378626970322788
3.18971496488059,0.438918545141872,-0.145050536894644,0.73031376078626,-0.0111090548688533,0.0301022027800016,-0.00506210000847681,-0.633002441190196,0.038286820056785
3.21183611156796,0.4383456933295,-0.145901383213496,0.730499267802392,-0.0112665455274745,0.030087726107892,-0.00509744895208086,-0.633044992790736,0.0387140264847924
3.23411067169074,0.437766067947053,-0.146754672922779,0.73068667507202,-0.0114265721651009,0.0300730213632879,-0.00513295230473309,-0.633085991535201,0.0391443212917542
3.25653970919388,0.437179612469014,-0.147610366292264,0.730875992786093,-0.0115891759989516,0.030058086483864,-0.00516860913926428,-0.633125418850871,0.0395777094357813
3.27912429540095,0.436586270343091,-0.148468422608979,0.731067230915712,-0.0117543988251409,0.0300429194070648,-0.00520441850146858,-0.633163256189504,0.0400141958609287
3.30186550906528,0.435985985003344,-0.149328800165632,0.731260399202474,-0.0119222830233229,0.0300275180704167,-0.0052403794098772,-0.633199485025815,0.040453785500439
3.32476443642155,0.435378699883697,-0.150191456249109,0.731455507148606,-0.0120928715612562,0.0300118804118487,-0.00527649085553309,-0.633234086855841,0.0408964832799426
3.3478221712376,0.434764358431844,-0.151056347129054,0.7316525640069,-0.0122662079992837,0.0299960043700191,-0.00531275180176647,-0.633267043195201,0.041342294120611
3.37103981486675,0.434142904123538,-0.151923428046551,0.731851578770418,-0.0124423364947227,0.0299798878846513,-0.0053491611839718,-0.633298335577238,0.0417912229422618
3.39441847630035,0.43351428047729,-0.152792653202909,0.732052560162003,-0.0126213018061596,0.0299635288968762,-0.00538571790938592,-0.633327945551062,0.0422432746664089
3.41795927222076,0.432878431069454,-0.153663975748566,0.732255516623555,-0.0128031492976443,0.0299469253495836,-0.00542242085686799,-0.633355854679481,0.0426984542192586
3.44166332705473,0.432235299549727,-0.154537347772118,0.732460456305106,-0.0129879249427778,0.0299300751877806,-0.00545926887668121,-0.63338204453683,0.0431567665346473
3.46553177302703,0.431584829657046,-0.155412720289487,0.732667387053667,-0.0131756753286874,0.0299129763589595,-0.00549626079027654,-0.633406496706699,0.0436182165569198
3.48956575021462,0.430926965235902,-0.156290043233242,0.732876316401857,-0.0133664476598852,0.0298956268134726,-0.00553339539007876,-0.633429192779557,0.0440828092437418
3.51376640660105,0.43026165025306,-0.157169265442072,0.733087251556311,-0.0135602897620011,0.0298780245049165,-0.00557067143927507,-0.633450114350282,0.0445505495688495
3.53813489813128,0.429588828814692,-0.158050334650441,0.733300199385871,-0.0137572500853874,0.0298601673905246,-0.00560808767160636,-0.633469243015589,0.0450214425247288
3.56267238876697,0.428908445183932,-0.15893319747842,0.733515166409541,-0.0139573777085853,0.0298420534315683,-0.00564564279116163,-0.633486560371365,0.045495493125226
3.58738005054197,0.428220443798841,-0.15981779942172,0.733732158784231,-0.0141607223416506,0.029823680593767,-0.0056833354721756,-0.633502048009914,0.0459727064080844
3.61225906361841,0.4275247692908,-0.160704084841925,0.73395118229227,-0.0143673343293285,0.0298050468477067,-0.00572116435882991,-0.633515687517108,0.0464530874374062
3.63731061634298,0.426821366503312,-0.161591996956954,0.734172242328691,-0.0145772646540737,0.0297861501692684,-0.00575912806505818,-0.633527460469448,0.0469366413060388
3.66253590530377,0.426110180511234,-0.162481477831756,0.734395343888297,-0.0147905649389076,0.0297669885400641,-0.00579722517435513,-0.633537348431042,0.0474233731378801
3.68793613538733,0.42539115664043,-0.163372468369238,0.734620491552493,-0.0150072874501059,0.0297475599478839,-0.00583545423959021,-0.633545332950498,0.0479132880901042
3.71351251983634,0.424664240487839,-0.164264908301471,0.734847689475895,-0.0152274850997098,0.0297278623871502,-0.00587381378282585,-0.633551395557731,0.0484063913553043
3.73926628030746,0.423929377941978,-0.165158736181155,0.735076941372715,-0.0154512114478541,0.0297078938593825,-0.00591230229514084,-0.633555517760694,0.0489026881635503
3.76519864692972,0.423186515203851,-0.16605388937337,0.735308250502915,-0.0156785207049036,0.0296876523736716,-0.00595091823645896,-0.63355768104203,0.0494021837843606
3.7913108583633,0.422435598808289,-0.166950304047634,0.735541619658137,-0.0159094677333924,0.0296671359471619,-0.00598966003538333,-0.633557866855645,0.0499048835285859
3.81760416185865,0.421676575645713,-0.167847915170268,0.735777051147406,-0.0161441080497568,0.0296463426055445,-0.0060285260890368,-0.633556056623215,0.050410792750203
3.84407981331609,0.420909392984303,-0.168746656497087,0.736014546782613,-0.0163824978258552,0.0296252703835587,-0.0060675147629086,-0.633552231730615,0.0509199168480185
3.87073907734582,0.420133998492597,-0.169646460566437,0.736254107863764,-0.0166246938902682,0.0296039173255037,-0.00610662439070776,-0.633546373524277,0.0514322612672795
3.89758322732826,0.419350340262492,-0.170547258692581,0.73649573516402,-0.0168707537293683,0.0295822814857589,-0.00614585327422345,-0.633538463307495,0.0519478315011903
3.92461354547494,0.418558366832672,-0.171448980959463,0.736739428914501,-0.0171207354881551,0.0295603609293141,-0.00618519968319287,-0.633528482336649,0.0524666330923343
3.95183132288971,0.417758027212426,-0.172351556214847,0.736985188788881,-0.0173746979708447,0.0295381537323094,-0.00622466185517674,-0.633516411817379,0.0529886716340005
3.97923785963041,0.416949270905891,-0.173254912064863,0.737233013887757,-0.0176327006412074,0.0295156579825835,-0.00626423799544302,-0.633502232900689,0.05351395277141
4.00683446477099,0.416132047936679,-0.174158974868961,0.737482902722807,-0.0178948036226448,0.0294928717802326,-0.00630392627685907,-0.633485926679006,0.0540424822028482
4.03462245646401,0.415306308872916,-0.175063669735299,0.73773485320073,-0.0181610676979977,0.029469793238177,-0.00634372483979273,-0.633467474182172,0.0545742656806925
4.06260316200361,0.414472004852661,-0.175968920516569,0.737988862606975,-0.0184315543090781,0.0294464204827386,-0.00638363179202257,-0.63344685637339,0.0551093090123438
4.09077791788892,0.413629087609721,-0.176874649806288,0.73824492758926,-0.0187063255559142,0.029422751654226,-0.0064236452086579,-0.633424054145118,0.0556476180610549
4.11914806988789,0.412777509499844,-0.17778077893556,0.738503044140886,-0.0189854441957035,0.0293987849075299,-0.00646376313206872,-0.63339904831491,0.056189198746656
4.14771497310157,0.411917223527289,-0.178687227970325,0.738763207583851,-0.019268973641462,0.0293745184127263,-0.00650398357182613,-0.633371819621219,0.0567340570461789
4.17647999202884,0.411048183371758,-0.179593915709119,0.739025412551752,-0.0195569779603639,0.0293499503556891,-0.00654430450465358,-0.633342348719148,0.0572821989943764
4.20544450063156,0.410170343415703,-0.180500759681353,0.739289652972503,-0.0198495218717611,0.0293250789387118,-0.00658472387438932,-0.633310616176166,0.0578336306841379
4.23460988240025,0.409283658771969,-0.181407676146117,0.739555922050856,-0.020146670744876,0.0292999023811363,-0.00662523959196044,-0.633276602467776,0.0583883582668004
4.26397753042013,0.408388085311801,-0.182314580091555,0.739824212250733,-0.0204484905961558,0.0292744189199917,-0.00666584953536906,-0.633240287973156,0.0589463879523533
4.29354884743766,0.407483579693174,-0.183221385234786,0.740094515277375,-0.0207550480862842,0.02924862681064,-0.00670655154969079,-0.633201652970753,0.0595077260095375
4.32332524592758,0.406570099389453,-0.184128004022422,0.740366822059311,-0.0210664105168369,0.0292225243274305,-0.00674734344708616,-0.633160677633855,0.060072378765839
4.35330814816033,0.405647602718381,-0.185034347631672,0.740641122730152,-0.0213826458265763,0.0291961097643616,-0.00678822300682519,-0.63311734202612,0.0606403526073739
4.38349898627002,0.404716048871358,-0.185940325972071,0.740917406610221,-0.021703822587374,0.0291693814357504,-0.00682918797532573,-0.633071626097092,0.0612116539786684
4.41389920232282,0.403775397943028,-0.18684584768782,0.741195662188016,-0.0220300099997537,0.0291423376769094,-0.00687023606620569,-0.633023509677667,0.0617862893823293
4.44451024838583,0.40282561096115,-0.187750820160789,0.741475877101512,-0.0223612778880461,0.0291149768448303,-0.0069113649603499,-0.632972972475557,0.0623642653786078
4.47533358659646,0.401866649916733,-0.18865514951416,0.741758038119321,-0.0226976966951465,0.0290872973188743,-0.00695257230599168,-0.632919994070716,0.0629455885848552
4.50637068923228,0.400898477794444,-0.189558740616751,0.742042131121698,-0.0230393374768655,0.0290592975014697,-0.00699385571880979,-0.63286455391075,0.0635302656748693
4.53762303878129,0.399921058603249,-0.190461497088034,0.742328141081416,-0.0233862718958677,0.0290309758188145,-0.00703521278204092,-0.632806631306308,0.0641183033781345
4.56909212801278,0.398934357407303,-0.191363321303839,0.742616052044507,-0.023738572215186,0.0290023307215858,-0.00707664104660829,-0.632746205426452,0.0647097084789504
4.60077946004862,0.397938340357038,-0.192264114402792,0.742905847110883,-0.0240963112913051,0.0289733606856543,-0.00711813803126668,-0.632683255294013,0.0653044878154537
4.63268654843505,0.396932974720476,-0.193163776293473,0.743197508414836,-0.0244595625668061,0.0289440642128039,-0.00715970122276427,-0.632617759780942,0.065902648278531
4.66481491721498,0.395918228914713,-0.194062205662321,0.743491017105433,-0.0248284000625628,0.0289144398314559,-0.00720132807602162,-0.632549697603628,0.0665041968106211
4.69716610100076,0.394894072537587,-0.194959299982305,0.743786353326819,-0.0252028983694825,0.0288844860973983,-0.00724301601432833,-0.63247904731823,0.0671091404044107
4.72974164504755,0.39386047639949,-0.195854955522354,0.744083496198418,-0.0255831326397827,0.0288542015945182,-0.00728476242955749,-0.632405787315983,0.0677174861014183
4.76254310532705,0.392817412555323,-0.196749067357586,0.744382423795061,-0.025969178577796,0.0288235849355382,-0.00732656468239854,-0.632329895818504,0.0683292409904712
4.79557204860185,0.391764854336573,-0.197641529380325,0.744683113127042,-0.0263611124302954,0.028792634762756,-0.00736842010260866,-0.632251350873094,0.0689444122060722
4.82883005250031,0.390702776383481,-0.198532234311937,0.744985540120108,-0.0267590109763328,0.0287613497487859,-0.00741032598928321,-0.632170130348033,0.0695630069266575
4.86231870559183,0.389631154677304,-0.199421073715485,0.745289679595398,-0.0271629515165812,0.0287297285973035,-0.00745227961114543,-0.632086211927875,0.0701850323727449
4.89603960746281,0.388549966572625,-0.200307938009216,0.745595505249348,-0.0275730118621773,0.0286977700437911,-0.0074942782068558,-0.631999573108741,0.070810495804974
4.92999436879299,0.387459190829714,-0.201192716480898,0.745902989633553,-0.0279892703230527,0.0286654728562851,-0.00753631898534125,-0.631910191193616,0.0714394045220359
4.96418461143244,0.386358807646905,-0.20207529730302,0.746212104134619,-0.0284118056957501,0.028632835836123,-0.00757839912614475,-0.631818043287646,0.0720717658584952
4.99861196847899,0.385248798692969,-0.202955567548844,0.746522818954006,-0.0288406972507161,0.0285998578186914,-0.0076205157797952,-0.631723106293444,0.0727075871825013
5.03327808435624,0.384129147139465,-0.20383341320935,0.746835103087864,-0.0292760247190652,0.0285665376741729,-0.00766266606819832,-0.63162535690639,0.0733468758933924
5.06818461489212,0.382999837693047,-0.204708719211059,0.747148924306902,-0.0297178682788074,0.0285328743082923,-0.00770484708504841,-0.631524771609954,0.0739896394191891
5.10333322739797,0.381860856627696,-0.205581369434756,0.74746424913627,-0.0301663085405348,0.0284988666630608,-0.00774705589626152,-0.631421326671015,0.0746358852139796
5.13872560074817,0.380712191816857,-0.206451246735117,0.747781042835484,-0.0306214265325599,0.0284645137175179,-0.00778928954042998,-0.631314998135199,0.0752856207551962
5.17436342546036,0.379553832765462,-0.207318232961243,0.748099269378417,-0.0310833036855019,0.0284298144884709,-0.00783154502929882,-0.631205761822218,0.0759388535407818
5.21024840377617,0.378385770641808,-0.208182208978124,0.748418891433337,-0.031552021816314,0.0283947680312299,-0.0078738193482639,-0.631093593321232,0.0765955910862487
5.24638224974252,0.377207998309261,-0.209043054689012,0.748739870343042,-0.0320276631117478,0.0283593734403398,-0.00791610945689234,-0.63097846798622,0.0772558409216275
5.2827666892935,0.376020510357767,-0.209900649058745,0.749062166105079,-0.0325103101112507,0.0283236298503062,-0.00795841228946497,-0.630860360931364,0.0779196105883073
5.31940346033281,0.374823303135149,-0.21075487013799,0.749385737352079,-0.0330000456892899,0.0282875364363162,-0.00800072475554133,-0.630739247026458,0.0785869076357671
5.35629431281677,0.373616374778136,-0.21160559508844,0.749710541332206,-0.0334969530371018,0.0282510924149535,-0.00804304374054703,-0.630615100892324,0.0792577396181976
5.39344100883792,0.37239972524314,-0.212452700208943,0.750036533889755,-0.0340011156438614,0.0282142970449055,-0.00808536610638379,-0.630487896896256,0.0799321140910147
5.43084532270915,0.371173356336705,-0.213296060962592,0.750363669445891,-0.0345126172772688,0.0281771496276635,-0.00812768869206205,-0.63035760914748,0.080610038607263
5.4685090410485,0.36993727174564,-0.214135552004751,0.750691900979562,-0.0350315419635506,0.0281396495082138,-0.00817000831435637,-0.630224211492636,0.0812915207139103
5.50643396286443,0.368691477066781,-0.214971047212042,0.751021180008599,-0.035557973966873,0.0281017960757201,-0.0082123217684835,-0.630087677511286,0.0819765679480329
5.54462189964184,0.367435979836368,-0.215802419712273,0.751351456571005,-0.0360919977681651,0.0280635887641959,-0.00825462582880321,-0.629947980511441,0.0826651878328914
5.58307467542852,0.366170789558997,-0.216629541915326,0.751682679206469,-0.0366336980433509,0.0280250270531657,-0.00829691724954188,-0.629805093525121,0.0833573878738967
5.6217941269223,0.364895917736126,-0.217452285544986,0.752014794938106,-0.0371831596409875,0.0279861104683154,-0.0083391927655387,-0.629658989303931,0.0840531755544658
5.66078210355879,0.363611377894099,-0.218270521671719,0.752347749254443,-0.0377404675593112,0.0279468385821301,-0.00838144909301443,-0.629509640314675,0.0847525583317685
5.70004046759971,0.362317185611656,-0.219084120746395,0.752681486091678,-0.0383057069226882,0.0279072110145183,-0.00842368293036287,-0.629357018734994,0.085455543632363
5.73957109422183,0.361013358546912,-0.219892952634946,0.75301594781621,-0.0388789629574737,0.0278672274334236,-0.00846589095896442,-0.629201096449036,0.0861621388477217
5.77937587160657,0.359699916463754,-0.220696886653958,0.753351075207472,-0.0394603209672758,0.0278268875554199,-0.00850806984402208,-0.629041845043153,0.0868723513296463
5.81945670103016,0.358376881257636,-0.221495791607192,0.753686807441079,-0.0400498663076294,0.0277861911462929,-0.00855021623541941,-0.628879235801641,0.0875861883855706
5.85981549695445,0.35704427698075,-0.222289535823025,0.754023082072309,-0.0406476843600792,0.0277451380216041,-0.00859232676860031,-0.628713239702502,0.0883036572737543
5.90045418711838,0.355702129866516,-0.223077987192795,0.75435983501993,-0.0412538605056747,0.0277037280472384,-0.00863439806547045,-0.628543827413251,0.0890247651983634
5.94137471263004,0.354350468353387,-0.223861013210061,0.754697000550398,-0.0418684800978796,0.0276619611399331,-0.00867642673531994,-0.628370969286752,0.0897495193044391
5.9825790280594,0.352989323107926,-0.22463848101074,0.755034511262439,-0.0424916284349005,0.0276198372677887,-0.00871840937576715,-0.628194635357099,0.0904779266727546
6.02406910153166,0.351618727047112,-0.225410257414134,0.755372298072032,-0.0431233907314355,0.0275773564507605,-0.00876034257372306,-0.62801479533553,0.0912099943145595
6.06584691482126,0.350238715359869,-0.226176208964817,0.755710290197813,-0.0437638520898492,0.0275345187611284,-0.00880222290637613,-0.627831418606384,0.0919457291662094
6.10791446344653,0.348849325527766,-0.22693620197538,0.756048415146917,-0.0444130974707796,0.0274913243239473,-0.00884404694219695,-0.627644474223103,0.0926851380836842
6.15027375676503,0.34745059734486,-0.22769010257001,0.756386598701273,-0.0450712116631798,0.0274477733174743,-0.00888581124196257,-0.627453930904271,0.0934282278369909
6.19292681806951,0.346042572936663,-0.228437776728894,0.75672476490438,-0.0457382792538023,0.0274038659735735,-0.00892751235979971,-0.627259757029701,0.0941750051044513
6.23587568468454,0.34462529677819,-0.229179090333422,0.757062836048559,-0.0464143845961317,0.0273596025780973,-0.00896914684424677,-0.627061920636569,0.0949254764668764
6.27912240806387,0.343198815711059,-0.229913909212184,0.757400732662734,-0.0470996117787742,0.0273149834712432,-0.0090107112393337,-0.626860389415595,0.0956796484016236
6.32266905388835,0.341763178959616,-0.230642099187726,0.757738373500719,-0.0477940445933083,0.0272700090478854,-0.00905220208567952,-0.626655130707271,0.096437527276538
6.36651770216467,0.340318438146056,-0.231363526124055,0.758075675530065,-0.0484977665016099,0.0272246797578806,-0.00909361592160668,-0.626446111498139,0.0971991193437773
6.41067044732463,0.338864647304511,-0.232078055974867,0.758412553921455,-0.0492108606026554,0.0271789961063472,-0.00913494928427183,-0.626233298417126,0.0979644307335191
6.45512939832527,0.337401862894061,-0.232785554832478,0.75874892203869,-0.0499334095988164,0.0271329586539166,-0.00917619871081213,-0.626016657731928,0.0987334674475497
6.49989667874954,0.335930143810667,-0.233485888977422,0.759084691429262,-0.0506654957616535,0.0270865680169569,-0.00921736073950667,-0.625796155345453,0.099506235352735
6.54497442690774,0.334449551397972,-0.234178924928714,0.759419771815542,-0.0514072008972204,0.0270398248677676,-0.00925843191095209,-0.625571756792312,0.100282740174371
6.5903647959397,0.332960149456958,-0.234864529494725,0.759754071086601,-0.0521586063108908,0.0269927299347442,-0.00929940876925173,-0.625343427235385,0.101062987489416
6.63606995391757,0.331462004254419,-0.235542569824657,0.760087495290671,-0.0529197927717167,0.0269452840025134,-0.0093402878632176,-0.625111131462431,0.101846982719599
6.68209208394941,0.329955184530247,-0.236212913460593,0.760419948628275,-0.0536908404763347,0.0268974879120364,-0.00938106574758424,-0.62487483388277,0.102634731124409
6.72843338428345,0.328439761503467,-0.236875428390068,0.760751333446033,-0.054471829012429,0.0268493425606817,-0.00942173898423371,-0.624634498524024,0.103426237793964
6.77509606841313,0.326915808877043,-0.237529983099168,0.761081550231162,-0.0552628373217675,0.0268008489022647,-0.00946230414343084,-0.624390089028933,0.104221507641751
6.82208236518274,0.325383402841389,-0.238176446626082,0.761410497606686,-0.0560639436628232,0.0267520079470549,-0.00950275780506783,-0.624141568652226,0.105020545397247
6.86939451889399,0.323842622076584,-0.238814688615113,0.761738072327376,-0.0568752255729979,0.0267028207617504,-0.0095430965599173,-0.623888900257571,0.105823355598416
6.91703478941313,0.322293547753273,-0.239444579371085,0.762064169276423,-0.057696759830459,0.0266532884694171,-0.00958331701089273,-0.623632046314598,0.106629942584077
6.96500545227891,0.320736263532209,-0.240065989914122,0.76238868146287,-0.05852862241561,0.0266034122493948,-0.00962341577431551,-0.623370968895992,0.107440310486151
7.0133087988113,0.319170855562445,-0.240678792034772,0.762711500019819,-0.0593708884722078,0.0265531933371676,-0.00966338948118737,-0.623105629674663,0.108254463221774
7.06194713622089,0.317597412478128,-0.241282858349416,0.763032514203408,-0.0602236322681441,0.0265026330241994,-0.00970323477846731,-0.622835989921002,0.109072404485292
7.11092278771915,0.316016025393904,-0.241878062355949,0.763351611392593,-0.0610869271559083,0.0264517326577329,-0.00974294833035189,-0.622562010500206,0.109894137740117
7.16023809262934,0.314426787898895,-0.24246427848967,0.763668677089742,-0.0619608455327506,0.0264004936405536,-0.00978252681955789,-0.622283651869701,0.110719666210466
7.20989540649828,0.312829796049242,-0.243041382179364,0.763983594922037,-0.0628454588005605,0.0263489174307156,-0.00982196694860601,-0.62200087407664,0.111548992872957
7.25989710120885,0.311225148359204,-0.243609249903516,0.764296246643729,-0.0637408373254838,0.0262970055412325,-0.00986126544110482,-0.621713636755499,0.112382120448086
7.31024556509332,0.309612945790782,-0.244167759246629,0.764606512139216,-0.0646470503972923,0.026244759539729,-0.00990041904303346,-0.621421899125755,0.113219051391566
7.36094320304735,0.30799329174188,-0.244716788955592,0.764914269426998,-0.0655641661885301,0.026192181048057,-0.00993942452402217,-0.62112561998967,0.114059787885534
7.41199243664497,0.306366292032968,-0.245256218996072,0.765219394664481,-0.0664922517134538,0.0261392717418727,-0.00997827867862936,-0.620824757730161,0.11490433182963
7.46339570425412,0.304732054892259,-0.245785930608858,0.765521762153669,-0.0674313727867862,0.0260860333501766,-0.0100169783276139,-0.62051927030878,0.115752684831937
7.51515546115323,0.303090690939374,-0.246305806366148,0.765821244347731,-0.068381593982308,0.0260324676548151,-0.0100555203192018,-0.620209115263789,0.116604848199791
7.56727417964842,0.301442313167498,-0.246815730227708,0.766117711858473,-0.0693429785913042,0.0259785764899449,-0.0100939015303454,-0.61989424970835,0.117460822930454
7.61975434919166,0.299787036924025,-0.24731558759686,0.7664110334647,-0.0703155885808901,0.0259243617414579,-0.0101321188679744,-0.619574630328814,0.118320609701652
7.67259847649959,0.298124979889678,-0.247805265376271,0.766701076121497,-0.0712994845522352,0.0258698253463696,-0.0101701692702373,-0.619250213383135,0.119184208861978
7.72580908567334,0.296456262056106,-0.248284652023476,0.76698770497042,-0.0722947256987104,0.0258149692921682,-0.0102080497077316,-0.618920954699389,0.120051620421157
7.77938871831903,0.294781005701963,-0.248753637606097,0.767270783350613,-0.0733013697639785,0.0257597956161266,-0.0102457571847223,-0.61858680967442,0.120922844040177
7.83333993366922,0.293099335367468,-0.249212113856717,0.767550172810844,-0.0743194730000512,0.0257043064045759,-0.0102832887403466,-0.618247733272607,0.121797879021278
7.8876653087051,0.291411377827435,-0.249659974227349,0.76782573312249,-0.0753490901253353,0.0256485037921416,-0.0103206414498036,-0.617903680024756,0.122676724297809
7.94236743827963,0.289717262062803,-0.250097113943461,0.768097322293439,-0.0763902742826915,0.0255923899609425,-0.0103578124255282,-0.617554604027123,0.123559378423942
7.99744893524145,0.288017119230646,-0.25052343005751,0.768364796582943,-0.0774430769975267,0.0255359671397519,-0.010394798818348,-0.617200458940576,0.124445839564246
8.0529124305597,0.286311082632688,-0.250938821501932,0.768628010517414,-0.0785075481359475,0.0254792376031227,-0.0104315978186204,-0.616841197989889,0.125336105483132
8.10876057344967,0.284599287682325,-0.251343189141547,0.76888681690716,-0.0795837358629926,0.0254222036704752,-0.0104682066573511,-0.61647677396318,0.12623017353415
8.16499603149936,0.282881871870168,-0.251736435825324,0.769141066864065,-0.0806716866009719,0.0253648677051497,-0.0105046226072898,-0.6161071392115,0.127128040649146
8.22162149079689,0.281158974728112,-0.252118466437468,0.769390609820224,-0.0817714449879341,0.0253072321134226,-0.0105408429840051,-0.615732245648561,0.128029703327289
8.27863965605879,0.27943073779196,-0.252489187947768,0.769635293547516,-0.0828830538362861,0.0252492993434881,-0.0105768651469337,-0.615352044750637,0.128935157623952
8.33605325075921,0.277697304562599,-0.25284850946118,0.769874964178125,-0.0840065540915876,0.025191071884405,-0.010612686500406,-0.614966487556603,0.129844399139455
8.39386501726,0.275958820465768,-0.253196342266574,0.770109466226006,-0.085141984791546,0.0251325522650101,-0.0106483044946444,-0.614575524668156,0.130757423007671
8.45207771694168,0.27421543281041,-0.253532599884618,0.770338642609292,-0.086289383025233,0.0250737430527972,-0.0106837166267344,-0.61417910625019,0.131674223884492
8.51069413033537,0.272467290745662,-0.253857198114745,0.770562334673637,-0.0874487838925473,0.0250146468527652,-0.0107189204415665,-0.613777182031355,0.132594795936161
8.56971705725559,0.270714545216472,-0.254170055081158,0.770780382216499,-0.0886202204639462,0.0249552663062326,-0.0107539135327486,-0.613369701304788,0.133519132827457
8.62914931693396,0.268957348917892,-0.254471091277829,0.770992623512347,-0.0898037237404705,0.0248956040896228,-0.0107886935434864,-0.612956612929025,0.134447227709757
8.68899374815392,0.267195856248064,-0.254760229612455,0.771198895338801,-0.0909993226140838,0.0248356629132174,-0.010823258167432,-0.612537865329104,0.135379073208949
8.74925320938629,0.265430223259925,-0.255037395449311,0.771399033003685,-0.0922070438283494,0.0247754455198821,-0.0108576051494984,-0.612113406497858,0.136314661413215
8.80993057892579,0.263660607611661,-0.25530251665098,0.771592870372996,-0.0934269119394697,0.0247149546837627,-0.0108917322866398,-0.611683183997409,0.137253983860682
8.87102875502857,0.261887168515947,-0.255555523618894,0.77178023989978,-0.0946589492777059,0.0246541932089551,-0.0109256374285959,-0.61124714496086,0.138197031526935
8.93255065605059,0.260110066687997,-0.255796349332674,0.771960972653905,-0.0959031759092054,0.0245931639281477,-0.0109593184785988,-0.610805236094197,0.1391437948124
8.99449922058705,0.25832946429246,-0.256024929388201,0.772134898352722,-0.0971596095982535,0.0245318697012397,-0.0109927733940429,-0.610357403678407,0.140094263529592
9.05687740761275,0.256545524889201,-0.256241202034398,0.772301845392613,-0.0984282657699749,0.0244703134139349,-0.0110260001871153,-0.609903593571809,0.141048426890241
9.11968819662343,0.254758413378003,-0.256445108208679,0.772461640881406,-0.0997091574735037,0.0244084979763124,-0.0110589969253864,-0.609443751212617,0.142006273492287
9.18293458777804,0.252968295942225,-0.256636591571035,0.772614110671647,-0.101002295345644,0.0243464263213754,-0.0110917617323601,-0.608977821621725,0.142967791306738
9.2466196020421,0.251175339991451,-0.256815598536707,0.772759079394733,-0.10230768757504,0.0242841014035805,-0.0111242927879812,-0.608505749405733,0.143932967664425
9.31074628133199,0.249379714103192,-0.256982078307435,0.772896370495872,-0.103625339866877,0.0242215261973464,-0.0111565883291017,-0.608027478760215,0.144901789242614
9.3753176886602,0.247581587963652,-0.257135982901229,0.773025806269882,-0.104955255408132,0.0241587036955458,-0.0111886466499027,-0.607542953473229,0.145874242051507
9.44033690828169,0.245781132307626,-0.257277267180645,0.773147207897792,-0.106297434833393,0.0240956369079799,-0.0112204661022725,-0.607052116929084,0.146850311420628
9.50580704584117,0.243978518857568,-0.257405888879533,0.773260395484254,-0.107651876191267,0.0240323288598384,-0.0112520450961399,-0.606554912112368,0.147829981985087
9.57173122852146,0.242173920261864,-0.257521808628226,0.773365188095741,-0.109018574911391,0.0239687825901456,-0.0112833820997615,-0.606051281612237,0.148813237671734
9.63811260519287,0.240367510032377,-0.257624989977152,0.773461403799516,-0.110397523772068,0.0239050011501937,-0.0113144756399637,-0.605541167626977,0.149800061685204
9.70495434656358,0.238559462481285,-0.257715399418828,0.773548859703365,-0.111788712868545,0.0238409876019654,-0.0113453243023369,-0.605024511968843,0.150790436493854
9.7722596453311,0.236749952657291,-0.257793006408236,0.773627371996076,-0.113192129581943,0.0237767450165479,-0.0113759267313832,-0.604501256069185,0.151784343815596
9.84003171633479,0.234939156281227,-0.257857783381539,0.773696755988644,-0.114607758548863,0.0237122764725382,-0.011406281630616,-0.603971340983858,0.152781764603634
9.90827379670937,0.233127249681122,-0.257909705773131,0.773756826156194,-0.116035581631682,0.0236475850544421,-0.0114363877626115,-0.603434707398931,0.153782679032095
9.97698914603959,0.231314409726771,-0.257948752030993,0.773807396180606,-0.117475577889549,0.0235826738510693,-0.0114662439490114,-0.602891295636701,0.154787066481582
10.0461810465159,0.229500813763866,-0.257974903630347,0.773848278993819,-0.118927723550098,0.0235175459539243,-0.0114958490704769,-0.602341045662013,0.155794905524623
10.1158528030912,0.227686639547735,-0.257988145085591,0.773879286821802,-0.120391991981897,0.0234522044555969,-0.0115252020665935,-0.601783897088892,0.156806173911049
10.1860077436388,0.225872065176753,-0.257988463960499,0.773900231229181,-0.121868353667637,0.0233866524481516,-0.0115543019357266,-0.601219789187505,0.157820848553278
10.2566492191112,0.224057269025456,-0.25797585087668,0.773910923164496,-0.123356776178082,0.0233208930215196,-0.0115831477348271,-0.600648660891444,0.158838905511543
10.3277806037004,0.222242429677434,-0.257950299520289,0.773911173006073,-0.124857224146781,0.023254929261894,-0.011611738579188,-0.600070450805345,0.15986031997903
10.3994052949988,0.22042772585805,-0.257911806646976,0.773900790608501,-0.126369659245569,0.0231887642501295,-0.0116400736421506,-0.59948509721285,0.160885066266963
10.4715267141616,0.218613336367029,-0.257860372085067,0.773879585349692,-0.127894040160857,0.0231224010601492,-0.0116681521547621,-0.598892538084913,0.161913117789629
10.5441483060703,0.216799440010989,-0.257795998736995,0.773847366178499,-0.129430322570719,0.0230558427573601,-0.0116959734053822,-0.598292711088465,0.162944447049344
10.6172735394972,0.214986215535946,-0.257718692578943,0.773803941662895,-0.130978459122794,0.0229890923970773,-0.011723536739242,-0.59768555359543,0.163979025621375
10.6909059072708,0.213173841559874,-0.25762846265874,0.773749120038671,-0.132538399413009,0.0229221530229612,-0.0117508415579518,-0.597071002692119,0.16501682413882
10.7650489264432,0.21136249650535,-0.257525321091975,0.773682709258654,-0.134110089965132,0.0228550276654673,-0.0117778873189621,-0.596448995188988,0.16605781227745
10.8397061384575,0.209552358532351,-0.257409283056368,0.773604517042423,-0.135693474211154,0.022787719340311,-0.0118046735349734,-0.59581946763078,0.167101958740525
10.9148811093176,0.207743605471257,-0.257280366784379,0.773514350926499,-0.137288492472523,0.022720231046949,-0.0118311997733005,-0.595182356307049,0.168149231243588
10.9905774297578,0.205936414756102,-0.257138593554072,0.773412018315001,-0.13889508194223,0.0226525657670792,-0.0118574656551864,-0.59453759726308,0.169199596499244
11.0667987154147,0.204130963358147,-0.256983987678249,0.773297326530744,-0.140513176667745,0.0225847264631599,-0.0118834708550707,-0.593885126311201,0.17025302020193
11.1435486070002,0.202327427719803,-0.256816576491864,0.77317008286677,-0.142142707534821,0.0225167160769507,-0.0119092150998102,-0.593224879042509,0.171309467012689
11.2208307704748,0.200525983688975,-0.256636390337715,0.77303009463828,-0.143783602252167,0.022448537528077,-0.0119346981678537,-0.59255679083899,0.172368900543953
11.2986488972231,0.19872680645387,-0.256443462550466,0.772877169234973,-0.145435785336991,0.0223801937126181,-0.0119599198883714,-0.591880796886077,0.173431283344336
11.3770067042298,0.196930070478324,-0.256237829438971,0.772711114173753,-0.147099178101424,0.0223116875017221,-0.0119848801403388,-0.591196832185606,0.174496576883463
11.4559079342577,0.195135949437693,-0.256019530266956,0.772531737151803,-0.148773698639825,0.0222430217402482,-0.0120095788515778,-0.59050483156922,0.175564741536825
11.535356356026,0.193344616155362,-0.255788607232065,0.772338846099999,-0.150459261816968,0.0221741992454388,-0.0120340159977532,-0.589804729712192,0.176635736570682
11.6153557643908,0.191556242539916,-0.255545105443285,0.772132249236662,-0.152155779257121,0.0221052228056211,-0.0120581916013277,-0.589096461147697,0.177709520127016
11.6959099805258,0.189770999523029,-0.255289072896796,0.771911755121616,-0.153863159334015,0.0220360951789424,-0.0120821057304759,-0.588379960281518,0.178786049208551
11.7770228521052,0.187989056998107,-0.255020560450244,0.771677172710548,-0.155581307161705,0.0219668190921373,-0.0121057584979568,-0.587655161407215,0.17986527966384
11.8586982534876,0.186210583759738,-0.254739621795493,0.771428311409655,-0.157310124586324,0.0218973972393309,-0.0121291500599477,-0.586921998721733,0.180947166172439
11.9409400859005,0.184435747443988,-0.254446313429858,0.771164981130554,-0.159049510178743,0.0218278322808782,-0.01215228061484,-0.586180406341483,0.182031662230175
12.0237522776272,0.182664714469596,-0.254140694625875,0.770886992345452,-0.160799359228117,0.0217581268422404,-0.0121751504019974,-0.585430318318879,0.183118720134515
12.1071387841942,0.180897649980092,-0.253822827399614,0.770594156142556,-0.162559563736342,0.0216882835129008,-0.0121977597004782,-0.584671668659347,0.184208290970054
12.1911035885602,0.179134717786904,-0.253492776477593,0.770286284281705,-0.164330012413404,0.0216183048453206,-0.0122201088277233,-0.583904391338809,0.185300324594127
12.2756507013062,0.177376080313464,-0.253150609262304,0.769963189250224,-0.166110590673633,0.0215481933539356,-0.0122421981382103,-0.583128420321638,0.186394769622563
12.3607841608273,0.175621898540384,-0.252796395796408,0.769624684318976,-0.167901180632864,0.0214779515141959,-0.0122640280220759,-0.582343689579104,0.187491573415589
12.4465080335254,0.173872331951704,-0.252430208725618,0.769270583598597,-0.169701661106484,0.0214075817616488,-0.0122855989037071,-0.581550133108295,0.188590682063895
12.5328264140034,0.172127538482279,-0.252052123260319,0.768900702095912,-0.171511907608405,0.0213370864910663,-0.0123069112403035,-0.580747684951539,0.18969204037488
12.6197434252612,0.170387674466313,-0.251662217135962,0.768514855770518,-0.173331792350919,0.0212664680556186,-0.0123279655204111,-0.579936279216302,0.190795591859078
12.7072632188919,0.168652894587096,-0.251260570572263,0.76811286159151,-0.175161184245466,0.0211957287660934,-0.01234876226243,-0.579115850095597,0.191901278716798
12.7953899752808,0.166923351827947,-0.250847266231266,0.767694537594359,-0.176999948904307,0.0211248708901639,-0.0123693020130972,-0.57828633188888,0.193009041824969
12.8841279038047,0.165199197424426,-0.250422389174289,0.767259702937909,-0.178847948643094,0.0210538966517038,-0.0123895853459456,-0.577447659023451,0.194118820724221
12.9734812430331,0.163480580817809,-0.24998602681782,0.766808177961507,-0.180705042484346,0.0209828082301525,-0.0124096128597412,-0.576599766076355,0.195230553606206
13.0634542609305,0.161767649609873,-0.249538268888378,0.766339784242229,-0.182571086161833,0.0209116077599299,-0.0124293851769004,-0.575742587796787,0.196344177301178
13.1540512550606,0.160060549519017,-0.249079207376418,0.765854344652215,-0.184445932125856,0.0208402973299014,-0.0124489029418878,-0.574876059129007,0.197459627265845
13.2452765527909,0.158359424337718,-0.248608936489281,0.765351683416091,-0.186329429549438,0.0207688789828952,-0.0124681668195978,-0.574000115235753,0.198576837571509
13.3371345115004,0.156664415891379,-0.248127552603281,0.764831626168472,-0.188221424335418,0.0206973547152704,-0.0124871774937201,-0.573114691522169,0.199695740892509
13.4296295187868,0.154975663998553,-0.247635154214937,0.764294000011532,-0.190121759124449,0.0206257264765381,-0.0125059356650919,-0.57221972366024,0.20081626849498
13.5227659926764,0.153293306432586,-0.24713184189141,0.76373863357265,-0.192030273303906,0.0205539961690357,-0.0125244420500379,-0.571315147613727,0.201938350225943
13.6165483818355,0.151617478884682,-0.246617718220203,0.763165357062091,-0.193946803017701,0.0204821656476534,-0.0125426973787003,-0.570400899663624,0.203061914502754
13.7109811657822,0.149948314928413,-0.246092887758145,0.762574002330752,-0.195871181177003,0.0204102367196159,-0.0125607023933593,-0.569476916434103,0.204186888302908
13.806068855101,0.148285945985673,-0.245557456979723,0.761964402927934,-0.197803237471875,0.0203382111443168,-0.0125784578467479,-0.568543134918985,0.205313197154229
13.9018159916578,0.146630501294103,-0.245011534224815,0.761336394159148,-0.199742798383817,0.0202660906332081,-0.012595964500361,-0.567599492508696,0.20644076512546
13.998227148817,0.144982107875992,-0.244455229645843,0.76068981314394,-0.201689687199234,0.020193876849744,-0.0126132231227608,-0.566645927017737,0.207569514817266
14.0953069316601,0.143340890508648,-0.243888655154428,0.760024498873738,-0.20364372402381,0.0201215714093787,-0.0126302344878814,-0.565682376712649,0.208699367353669
14.1930599772055,0.141706971696268,-0.243311924367563,0.759340292269696,-0.205604725797808,0.0200491758796198,-0.012646999373333,-0.564708780340473,0.209830242373934
14.2914909546299,0.140080471643291,-0.24272515255337,0.758637036240546,-0.207572506312295,0.0199766917801358,-0.0126635185587082,-0.563725077157707,0.210962058024922
14.3906045654914,0.138461508229252,-0.242128456576481,0.757914575740433,-0.209546876226289,0.0199041205829183,-0.012679792823892,-0.562731206959746,0.212094730953925
14.4904055439544,0.136850196985126,-0.24152195484309,0.757172757826745,-0.211527643084841,0.019831463712499,-0.0126958229473771,-0.561727110110809,0.213228176302004
14.5908986570152,0.13524665107117,-0.240905767245716,0.756411431717911,-0.213514611338052,0.0197587225462209,-0.0127116097045867,-0.560712727574346,0.214362307697849
14.6920887047298,0.133650981256263,-0.240280015107731,0.755630448851169,-0.215507582361027,0.0196858984145637,-0.0127271538662063,-0.559688000943917,0.215497037252174
14.7939805204436,0.132063295898725,-0.239644821127698,0.754829662940303,-0.217506354474776,0.0196129926015235,-0.0127424561965255,-0.558652872474536,0.21663227555267
14.8965789710218,0.130483700928634,-0.239000309323555,0.754008930033326,-0.219510722968068,0.0195400063450453,-0.0127575174517932,-0.557607285114482,0.217767931659529
14.999888957082,0.128912299831613,-0.238346604976694,0.753168108570111,-0.221520480120235,0.0194669408375095,-0.0127723383785865,-0.556551182537555,0.218903913101565
15.1039154132284,0.127349193634093,-0.23768383457598,0.752307059439959,-0.223535415224946,0.0193937972262711,-0.0127869197121952,-0.555484509175784,0.220040125872945
15.2086633082875,0.125794480890039,-0.237012125761757,0.751425646039103,-0.225555314614945,0.0193205766142504,-0.0128012621750247,-0.554407210252565,0.221176474430542
15.3141376455451,0.124248257669122,-0.236331607269864,0.750523734328121,-0.227579961687772,0.0192472800605768,-0.0128153664750171,-0.553319231816237,0.222312861691949
15.4203434629857,0.122710617546339,-0.23564240887573,0.749601192889269,-0.22960913693246,0.0191739085812822,-0.0128292333040942,-0.552220520774061,0.223449189034146
15.5272858335329,0.121181651593057,-0.234944661338567,0.748657892983714,-0.231642617957228,0.0191004631500464,-0.0128428633366221,-0.551111024926622,0.224585356292862
15.6349698652918,0.119661448369467,-0.234238496345709,0.747693708608662,-0.23368017951818,0.019026944698991,-0.012856257227901,-0.549990693002614,0.225721261762634
15.7434007017931,0.118150093918441,-0.233524046457136,0.746708516554361,-0.235721593549005,0.0189533541195235,-0.0128694156126794,-0.54885947469402,0.22685680219759
15.8525835222385,0.116647671760766,-0.232801445050225,0.745702196460986,-0.237766629191697,0.0188796922632285,-0.0128823391036973,-0.547717320691655,0.22799187281297
15.9625235417481,0.115154262891744,-0.232070826264753,0.744674630875377,-0.239815052828308,0.0188059599428072,-0.0128950282902566,-0.546564182721078,0.229126367287412
16.07322601161,0.113669945779138,-0.2313323249482,0.743625705307634,-0.241866628113731,0.0187321579330627,-0.012907483736823,-0.54540001357884,0.230260177766008
16.1846962195303,0.112194796362437,-0.230586076601388,0.742555308287536,-0.243921116009537,0.0186582869719316,-0.0129197059816592,-0.54422476716907,0.231393194864155
16.2969394898867,0.110728888053434,-0.229832217324479,0.741463331420803,-0.245978274818865,0.0185843477615592,-0.0129316955354916,-0.54303839854037,0.232525307672224
16.4099611839816,0.109272291738082,-0.229070883763375,0.740349669445151,-0.248037860222383,0.018510340969419,-0.0129434528802116,-0.541840863923018,0.233656403761054
16.5237667002994,0.107825075779609,-0.228302213056551,0.739214220286156,-0.250099625315326,0.0184362672294739,-0.0129549784676134,-0.540632120766447,0.234786369188301
16.6383614747635,0.106387306022876,-0.227526342782347,0.738056885112895,-0.252163320645629,0.0183621271433796,-0.0129662727181682,-0.539412127776996,0.235915088505642
16.7537509809962,0.104959045799944,-0.22674341090676,0.736877568393357,-0.254228694253155,0.0182879212817269,-0.0129773360198388,-0.5381808449559,0.237042444766877
16.8699407305804,0.103540355936833,-0.22595355573175,0.735676177949596,-0.256295491710038,0.0182136501853239,-0.0129881687269325,-0.536938233637524,0.238168319536915
16.9869362733223,0.102131294761439,-0.225156915844102,0.734452625012632,-0.258363456162153,0.0181393143665156,-0.0129987711589966,-0.53568425652779,0.239292592901686
17.1047431975172,0.100731918112596,-0.224353630064863,0.733206824277054,-0.26043232837172,0.0180649143105394,-0.0130091435997558,-0.534418877742806,0.240415143478986
17.2233671302159,0.0993422793502412,-0.223543837399379,0.731938693955329,-0.262501846761053,0.0179904504769163,-0.0130192862960929,-0.533142062847658,0.241535848430263
17.3428137374936,0.0979624293666703,-0.222727676987966,0.73064815583178,-0.264571747457471,0.0179159233008753,-0.0130291994570755,-0.531853778895348,0.242654583473378
17.4630887247206,0.096592416598845,-0.221905288057226,0.729335135316233,-0.266641764339376,0.0178413331948102,-0.0130388832530269,-0.530553994465861,0.243771222896334
17.5841978368348,0.0952322870417299,-0.221076809872037,0.727999561497283,-0.268711629083516,0.0177666805497675,-0.0130483378146449,-0.52924267970533,0.244885639572008
17.7061468586161,0.0938820842626298,-0.220242381688239,0.726641367195193,-0.270781071213442,0.0176919657369632,-0.0130575632321684,-0.527919806365275,0.245997704973887
17.8289416149627,0.0925418494164967,-0.219402142706037,0.725260489014364,-0.272849818149159,0.0176171891093282,-0.0130665595545922,-0.526585347841904,0.247107289192824
17.9525879711692,0.0912116212621809,-0.218556232024129,0.723856867395385,-0.274917595258008,0.0175423510030793,-0.013075326788932,-0.525239279215434,0.248214260954838
18.0770918332073,0.0898914361795928,-0.217704788594593,0.722430446666616,-0.27698412590676,0.0174674517393156,-0.01308386489954,-0.523881577289413,0.249318487639951
18.2024591480069,0.0885813281877497,-0.216847951178539,0.720981175095291,-0.27904913151495,0.0173924916256383,-0.0130921738074712,-0.522512220630023,0.250419835302091
18.3286959037413,0.0872813289636755,-0.215985858302546,0.719509004938099,-0.281112331609457,0.0173174709577914,-0.0131002533899021,-0.521131189605322,0.251518168690066
18.4558081301122,0.085991467862125,-0.21511864821589,0.718013892491238,-0.283173443880343,0.0172423900213236,-0.0131081034796026,-0.519738466424412,0.25261335126962
18.5838018986386,0.0847117719361023,-0.214246458848595,0.716495798139886,-0.285232184237942,0.0171672490932673,-0.0131157238644609,-0.518334035176491,0.253705245246581
18.7126833229461,0.0834422659581424,-0.213369427770293,0.714954686407083,-0.287288266871239,0.0170920484438359,-0.0131231142870621,-0.516917881869773,0.254793711591108
18.8424585590593,0.0821829724423301,-0.212487692149933,0.713390526001971,-0.289341404307515,0.0170167883381346,-0.0131302744443219,-0.515489994470229,0.255878610063055
18.9731338056957,0.0809339116670206,-0.211601388716323,0.71180328986738,-0.291391307473286,0.0169414690378861,-0.0131372039871757,-0.514050362940137,0.256959799238448
19.1047153045619,0.079695101698237,-0.210710653719531,0.710192955226713,-0.293437685756529,0.0168660908031667,-0.0131439025203221,-0.512598979276396,0.258037136537085
19.2372093406515,0.0784665584137121,-0.209815622893148,0.708559503630099,-0.295480247070217,0.0167906538941533,-0.0131503696020233,-0.511135837548574,0.259110478251277
19.3706222425457,0.0772482955275474,-0.208916431417418,0.706902920999786,-0.297518697917141,0.0167151585728782,-0.0131566047439618,-0.509660933936664,0.260179679575714
19.5049603827152,0.0760403246154567,-0.208013213883241,0.705223197674724,-0.29955274345606,0.0166396051049905,-0.0131626074111525,-0.50817426676851,0.261244594638482
19.6402301778248,0.0748426551405694,-0.207106104257063,0.703520328454321,-0.30158208756914,0.016563993761522,-0.0131683770219132,-0.506675836556867,0.262305076533219
19.7764380890397,0.0736552944797609,-0.206195235846639,0.701794312641307,-0.30360643293072,0.0164883248206564,-0.0131739129478912,-0.505165646036068,0.263360977352419
19.9135906223344,0.0724782479504836,-0.205280741267696,0.700045154083697,-0.305625481077385,0.0164125985694995,-0.0131792145141467,-0.503643700198254,0.264412148221886
20.0516943288031,0.07131151883807,-0.204362752411472,0.698272861215791,-0.307638932479349,0.0163368153058489,-0.0131842809992942,-0.502110006329146,0.265458439336336
20.1907558049731,0.070155108423479,-0.20344140041316,0.696477447098182,-0.309646486613152,0.016260975339961,-0.0131891116357006,-0.500564574043302,0.26649969999615
20.3307816931193,0.069009016011459,-0.202516815621228,0.694658929456725,-0.311647842035665,0.0161850789963146,-0.0131937056097406,-0.499007415318843,0.267535778645268
20.4717786815819,0.0678732389591001,-0.201589127567648,0.69281733072043,-0.313642696459397,0.0161091266153674,-0.0131980620621095,-0.49743854453161,0.268566522910234
20.6137535050858,0.0667477727047475,-0.200658464938998,0.690952678058228,-0.315630746829098,0.0160331185553063,-0.013202180088192,-0.495857978488695,0.269591779640375
20.756712945062,0.0656326107972523,-0.199724955548467,0.689065003414586,-0.31761168939966,0.0159570551937863,-0.0132060587384892,-0.494265736461337,0.270611394949119
20.900663829972,0.0645277449255301,-0.198788726308736,0.687154343543894,-0.319585219815295,0.0158809369296603,-0.0132096970191008,-0.492661840217124,0.271625214256441
21.0456130356336,0.063433164948406,-0.197849903205743,0.685220740043616,-0.321551033189988,0.0158047641846939,-0.0132130938922642,-0.49104631405148,0.272633082332426
21.1915674855492,0.0623488589247169,-0.196908611273339,0.683264239386133,-0.323508824189211,0.0157285374052664,-0.0132162482769492,-0.489419184818381,0.273634843341952
21.338534151237,0.0612748131436496,-0.195964974568795,0.681284892949245,-0.32545828711289,0.0156522570640555,-0.0132191590495083,-0.487780481960283,0.274630340890465
21.4865200525637,0.060211012155289,-0.195019116149203,0.679282757045285,-0.3273991159796,0.0155759236617028,-0.0132218250443818,-0.48613023753721,0.275619418070857
21.6355322580795,0.0591574388013537,-0.194071158048721,0.677257892948796,-0.329331004611977,0.0154995377284598,-0.0132242450548574,-0.484468486254963,0.276601917511407
21.7855778853565,0.0581140742460949,-0.193121221256686,0.67521036692272,-0.331253646723339,0.0154230998258124,-0.0132264178338835,-0.48279526549243,0.277577681424804
21.9366641013278,0.0570808980073372,-0.192169425696571,0.673140250243068,-0.333166736005475,0.0153466105480814,-0.0132283420949362,-0.481110615327929,0.278546551658202
22.0887981226306,0.0560578879876395,-0.191215890205785,0.671047619222008,-0.3350699662176,0.0152700705239982,-0.013230016512938,-0.479414578564579,0.27950836974432
22.2419872159503,0.0550450205055529,-0.19026073251631,0.668932555229325,-0.336963031276438,0.0151934804182539,-0.0132314397252296,-0.47770720075464,0.280462976953549
22.396238698368,0.054042270326957,-0.189304069236161,0.666795144712222,-0.33884562534742,0.0151168409330193,-0.0132326103325911,-0.475988530222785,0.281410214347054
22.5515599377096,0.0530496106964525,-0.188346015831661,0.664635479213392,-0.340717442936958,0.0150401528094357,-0.0132335269003148,-0.474258618088282,0.282349922830857
22.7079583528983,0.0520670133687921,-0.187386686610529,0.662453655387338,-0.342578178985773,0.0149634168290733,-0.0132341879593266,-0.472517518286034,0.283281943210858
22.8654414143084,0.0510944486403285,-0.186426194705759,0.660249775014868,-0.344427528963248,0.0148866338153571,-0.0132345920073556,-0.470765287586445,0.284206116248803
23.0240166441225,0.0501318853804631,-0.18546465206029,0.658023945015746,-0.34626518896276,0.0148098046349574,-0.0132347375101517,-0.469001985614077,0.285122282719136
23.1836916166905,0.0491792910630764,-0.184502169412456,0.655776277459436,-0.348090855797974,0.0147329301991444,-0.013234622902749,-0.467227674865065,0.286030283466743
23.3444739588916,0.0482366317979222,-0.183538856282194,0.653506889573894,-0.349904227100043,0.0146560114651049,-0.0132342465907744,-0.46544242072325,0.286929959465534
23.5063713504986,0.0473038723619702,-0.182574820958012,0.651215903752372,-0.351705001415691,0.0145790494372201,-0.0132336069518003,-0.463646291474991,0.28782115187785
23.6693915245447,0.0463809762306795,-0.181610170484707,0.648903447558187,-0.353492878306128,0.0145020451683019,-0.0132327023367409,-0.461839358322639,0.288703702114662
23.8335422676926,0.0454679056091881,-0.180645010651802,0.646569653727397,-0.355267558446755,0.0144249997607887,-0.0132315310712889,-0.460021695396616,0.289577451896518
23.9988314206069,0.044564621463403,-0.179679445982712,0.644214660169376,-0.357028743727619,0.014347914367896,-0.0132300914573936,-0.45819337976609,0.290442243315224
24.1652668783283,0.0436710835509765,-0.17871357972462,0.641838609965198,-0.358776137354563,0.0142707901947239,-0.0132283817747776,-0.456354491448196,0.291297918896206
24.3328565906507,0.0427872504521552,-0.177747513839043,0.639441651363843,-0.360509443951027,0.0141936284993178,-0.0132264002824913,-0.454505113415781,0.292144321661529
24.5016085625011,0.0419130796004871,-0.176781348993088,0.637023937776135,-0.36222836966045,0.0141164305936822,-0.0132241452205035,-0.452645331603639,0.29298129519353
24.6715308543219,0.0410485273133753,-0.175815184551372,0.634585627766409,-0.363932622249213,0.014039197844746,-0.0132216148113271,-0.450775234913211,0.293808683699029
24.8426315824557,0.0401935488224658,-0.174849118568612,0.632126885041862,-0.365621911210076,0.0139619316752785,-0.0132188072616781,-0.448894915215721,0.294626332074074
25.0149189195333,0.0393480983038566,-0.173883247782852,0.629647878439535,-0.367295947866043,0.0138846335647549,-0.0132157207641662,-0.447004467353715,0.295434085969186
25.1884010948637,0.0385121289081182,-0.172917667609325,0.627148781910918,-0.36895444547461,0.0138073050501696,-0.0132123534990155,-0.445103989140984,0.296231791855053
25.3630863948277,0.0376855927901142,-0.17195247213494,0.624629774504125,-0.370597119332317,0.0137299477267975,-0.0132087036358145,-0.443193581360845,0.29701929708863
25.538983163273,0.0368684411386116,-0.170987754113377,0.622091040343621,-0.372223686879558,0.0136525632489014,-0.0132047693352922,-0.441273347762753,0.297796449979615
25.7160998019135,0.0360606242056719,-0.170023604960766,0.619532768607462,-0.373833867805574,0.0135751533303849,-0.0132005487511203,-0.439343395057228,0.298563099857228
25.89444477073,0.0352620913358133,-0.169060114751969,0.61695515350203,-0.375427384153572,0.0134977197453902,-0.0131960400317387,-0.437403832909068,0.299319097137273
26.0740265883745,0.0344727909949349,-0.168097372217408,0.61435839423423,-0.377003960425888,0.0134202643288395,-0.0131912413222025,-0.435454773928837,0.300064293389418
26.2548538325773,0.0336926707989953,-0.16713546474047,0.611742694981132,-0.378563323689149,0.0133427889769195,-0.0131861507660498,-0.433496333662606,0.300798541404647
26.4369351405564,0.0329216775424387,-0.166174478355442,0.609108264857028,-0.380105203679332,0.0132652956475087,-0.0131807665071873,-0.431528630579928,0.301521695262838
26.6202792094301,0.0321597572263586,-0.165214497745983,0.606455317877896,-0.381629332906682,0.0131877863605463,-0.0131750866917929,-0.429551786060036,0.302233610400413
26.8048947966327,0.031406855086395,-0.164255606244116,0.603784072923245,-0.383135446760383,0.0131102631983424,-0.0131691094702324,-0.427565924376255,0.302934143678009
26.9907907203326,0.030662915620357,-0.16329788582972,0.601094753695331,-0.384623283612933,0.0130327283058288,-0.0131628329989896,-0.425571172678606,0.303623153448114
27.1779758598533,0.0299278826155657,-0.162341417130524,0.598387588675737,-0.386092584924137,0.0129551838907504,-0.0131562554426066,-0.423567660974595,0.304300499622619
27.3664591560979,0.0292016991759108,-0.161386279422569,0.595662811079284,-0.387543095344631,0.0128776322237963,-0.0131493749756344,-0.42155552210819,0.304966043740233
27.556249611976,0.0284843077486166,-0.160432550631158,0.592920658805306,-0.388974562818883,0.0128000756386706,-0.013142189784589,-0.419534891736966,0.305619649033694
27.7473562928336,0.0277756501507122,-0.159480307332241,0.590161374386243,-0.390386738687566,0.0127225165321028,-0.0131346980699141,-0.417505908307415,0.306261180496742
27.9397883268864,0.0270756675952016,-0.158529624754261,0.587385204933581,-0.391779377789241,0.0126449573637963,-0.0131268980479464,-0.41546871302843,0.306890504950775
28.1335549056553,0.0263843007169285,-0.157580576780424,0.584592402081118,-0.393152238561265,0.0125674006563178,-0.0131187879528824,-0.413423449842947,0.307507491111147
28.3286652844062,0.0257014895981344,-0.156633235951395,0.58178322192558,-0.394505083139839,0.0124898489949233,-0.0131103660387447,-0.411370265397757,0.308112009653047
28.5251287825912,0.0250271737937037,-0.155687673468397,0.578957924964571,-0.395837677459113,0.0124123050273253,-0.0131016305813454,-0.409309309011488,0.308703933276903
28.7229547842946,0.0243612923560947,-0.154743959196716,0.576116776031891,-0.397149791349281,0.0123347714633971,-0.0130925798802454,-0.407240732640758,0.309283136773246
28.9221527386804,0.023703783859953,-0.153802161669582,0.573260044230207,-0.398441198633557,0.0122572510748174,-0.0130832122607068,-0.405164690844511,0.30984949708699
29.1227321604441,0.0230545864264045,-0.152862348092438,0.570388002861122,-0.399711677223978,0.0121797466946541,-0.0130735260756374,-0.403081340746543,0.31040289338106
29.324702630267,0.0224136377470264,-0.151924584347563,0.567500929352631,-0.400961009215933,0.012102261216887,-0.0130635197075243,-0.400990841996234,0.310943207099316
29.5280737952738,0.0217808751074935,-0.150988934999052,0.564599105184008,-0.402188980981334,0.0120247975958707,-0.0130531915703554,-0.398893356727487,0.311470322028711
29.7328553694936,0.0211562354108982,-0.15005546329814,0.561682815808136,-0.403395383260363,0.0119473588457386,-0.0130425401115267,-0.396789049515901,0.31198412436063
29.9390571343235,0.0205396552007439,-0.149124231188858,0.558752350571306,-0.404580011251695,0.0118699480397461,-0.0130315638137332,-0.394678087334193,0.312484502751349
30.1466889389963,0.0199310706836086,-0.14819529931401,0.555808002630529,-0.405742664701127,0.0117925683095562,-0.0130202611968421,-0.392560639505878,0.312971348381567
30.3557607010504,0.0193304177514788,-0.147268727021465,0.552850068868374,-0.406883147988521,0.0117152228444665,-0.0130086308197458,-0.390436877657249,0.313444555014937
30.566282406804,0.0187376320037534,-0.146344572370747,0.549878849805385,-0.408001270212995,0.011637914890579,-0.0129966712821925,-0.388306975667655,0.313904019055558
30.7782641118319,0.0181526487689156,-0.14542289213992,0.54689464951011,-0.409096845276264,0.0115606477499125,-0.0129843812265945,-0.386171109618126,0.314349639604363
30.9917159414457,0.0175754031258736,-0.144503741832759,0.543897775506779,-0.410169691964071,0.0114834247794594,-0.0129717593398093,-0.384029457738349,0.314781318514351
31.2066480911777,0.0170058299249694,-0.143587175686188,0.540888538680687,-0.411219634025609,0.0114062493901873,-0.0129588043548946,-0.381882200352053,0.315198960444608
31.4230708272674,0.0164438638086552,-0.142673246677985,0.537867253181325,-0.412246500250883,0.0113291250459862,-0.0129455150528337,-0.379729519820803,0.315602472913067
31.6409944871527,0.0158894392318386,-0.141762006534749,0.534834236323304,-0.413250124545907,0.0112520552625624,-0.0129318902642303,-0.37757160048626,0.315991766347947
31.8604294799627,0.0153424904818955,-0.140853505740102,0.531789808485141,-0.414230346005687,0.0111750436062798,-0.0129179288709699,-0.375408628610933,0.316366754137836
32.0813862870155,0.0148029516983528,-0.139947793543139,0.528734293005943,-0.415187008984905,0.0110980936929508,-0.0129036298078486,-0.373240792317457,0.316727352680347
32.3038754623189,0.0142707568922391,-0.139044917967103,0.525668016080073,-0.416119963166233,0.0110212091865759,-0.0128889920641641,-0.371068281526445,0.317073481429313
32.5279076330741,0.0137458399651065,-0.138144925818281,0.522591306649843,-0.417029063626207,0.0109443937980352,-0.0128740146852709,-0.36889128789295,0.317405062940467
32.7534935001834,0.013228134727723,-0.137247862695116,0.5195044962963,-0.417914170898609,0.0108676512837324,-0.0128586967740955,-0.36671000474157,0.317722022915565
32.9806438387618,0.0127175749184358,-0.136353772997523,0.516407919128183,-0.418775151035263,0.0107909854441916,-0.0128430374926111,-0.364524627000266,0.318024290244899
33.2093694986511,0.0122140942212083,-0.135462699936399,0.513301911669115,-0.419611875664208,0.01071440012261,-0.0128270360632709,-0.36233535113291,0.318311797048163
33.4396814049384,0.0117176262833302,-0.134574685543333,0.5101868127431,-0.420424222045174,0.0106378992033661,-0.0128106917703973,-0.360142375070628,0.318584478713633
33.6715905584778,0.0112281047328029,-0.133689770680485,0.507062963358409,-0.421212073122309,0.0105614866104867,-0.0127940039615268,-0.357945898141985,0.318842273935603
33.9051080364161,0.0107454631954006,-0.132807995050653,0.503930706589919,-0.421975317574087,0.0104851663060726,-0.0127769720487083,-0.355746121002063,0.319085124750064
34.1402449927217,0.0102696353114096,-0.1319293972075,0.500790387460003,-0.422713849860365,0.0104089422886852,-0.0127595955097546,-0.353543245560472,0.319312976568563
34.3770126587175,0.00980055475204585,-0.131054014565944,0.497642352818035,-0.423427570266516,0.0103328185916958,-0.0127418738894448,-0.351337474908374,0.319525778210227
34.6154223436172,0.00933815523555379,-0.130181883412706,0.494486951218607,-0.424116384944609,0.0102567992815991,-0.0127238068006771,-0.349129013244546,0.319723481931903
34.8554854350656,0.00888237054298631,-0.129313038917004,0.491324532798536,-0.424780205951573,0.010180888456292,-0.0127053939255708,-0.346918065800561,0.319906043456393
35.0972133996824,0.00843313453366882,-0.128447515141383,0.488155449152754,-0.425418951284315,0.01010509024332,-0.0126866350165168,-0.344704838765127,0.320073421998744
35.3406177836102,0.00799038116034837,-0.127585345052689,0.484980053209164,-0.426032544911748,0.0100294087980934,-0.0126675298971743,-0.342489539207664,0.32022558029058
35.5857102130658,0.00755404448402977,-0.126726560533167,0.481798699102566,-0.426620916803688,0.00995384830207358,-0.0126480784634146,-0.34027237500115,0.320362484602429
35.8325023948954,0.00712405868850024,-0.12587119239168,0.478611742047721,-0.427184002956596,0.00987841296093232,-0.0126282806842099,-0.338053554744328,0.320484104764042
36.081006117134,0.00670035809454465,-0.125019270375047,0.475419538211686,-0.427721745416127,0.00980310700268606,-0.0126081366024667,-0.335833287683308,0.32059041418267
36.3312332495683,0.00628287717385298,-0.124170823179493,0.472222444585466,-0.428234092296461,0.00972793467580605,-0.0125876463358032,-0.333611783632651,0.320681389859281
36.5831957443038,0.00587155056262198,-0.123325878462202,0.469020818855122,-0.428720997796393,0.00965290024730713,-0.0125668100772699,-0.331389252895975,0.3207570124027
36.8369056363357,0.00546631307485247,-0.122484462852969,0.46581501927241,-0.42918242221216,0.00957800800081643,-0.0125456280960124,-0.329165906186166,0.320817266041668
37.0923750441235,0.00506709971534531,-0.121646601965946,0.462605404525056,-0.429618331946993,0.00950326223462434,-0.0125241007378771,-0.326941954545249,0.320862138634781
37.3496161701702,0.00467384569239639,-0.120812320411481,0.459392333606759,-0.430028699517373,0.00942866725971934,-0.0125022284259578,-0.32471760926398,0.320891621678327
37.6086413016048,0.00428648643019408,-0.119981641808031,0.456176165687027,-0.430413503555986,0.00935422739780874,-0.012480011661084,-0.322493081801238,0.320905710311995
37.8694628107695,0.00390495758092012,-0.119154588794164,0.452957259980954,-0.430772728811366,0.00927994697932738,-0.0124574510222498,-0.320268583703271,0.320904403322453
38.1320931558105,0.00352919503655661,-0.118331183040625,0.449735975619015,-0.431106366144231,0.00920583034143594,-0.0124345471669839,-0.318044326522858,0.320887703144801
38.3965448812729,0.00315913494040061,-0.117511445262473,0.446512671516998,-0.431414412520504,0.00913188182601115,-0.0124113008316601,-0.315820521738472,0.320855615861879
38.6628306187004,0.00279471369828896,-0.116695395231285,0.443287706246175,-0.431696871001025,0.00905810577762964,-0.0123877128317476,-0.31359738067349,0.320808151201446
38.9309630872381,0.00243586798953472,-0.11588305178741,0.440061437903794,-0.431953750727963,0.0089845065415473,-0.0123637840620023,-0.31137511441552,0.320745322531235
39.2009550942403,0.00208253477757806,-0.115074432852282,0.43683422398401,-0.43218506690794,0.00891108846167643,-0.0123395154965985,-0.309153933735926,0.320667146851871
39.4728195358824,0.00173465132035296,-0.114269555440784,0.43360642124934,-0.432390840791879,0.0088378558785622,-0.0123149081892004,-0.306934049009591,0.320573644787681
39.7465693977764,0.00139215518037263,-0.113468435673648,0.430378385602756,-0.432571099651593,0.00876481312736059,-0.0122899632729756,-0.304715670135003,0.320464840575393
40.0222177555915,0.0010549842345349,-0.112671088789901,0.427150471960499,-0.432725876753138,0.00869196453581979,-0.0122646819605476,-0.302499006454724,0.32034076205074
40.2997777756789,0.000723076683650504,-0.111877529159346,0.42392303412572,-0.432855211326958,0.00861931442226662,-0.0122390655438914,-0.300284266676294,0.320201440632989
40.5792627157,0.000396371061696104,-0.111087770295071,0.42069642466304,-0.432959148534841,0.00854686709360026,-0.0122131153941694,-0.298071658793654,0.320046911307397
40.8606859252603,7.48062447941851e-05,-0.110301824865985,0.417470994774134,-0.433037739433728,0.00847462684329484,-0.0121868329615097,-0.295861390009133,0.319877212605633
41.1440608465467,-0.000241678540077958,-0.10951970470938,0.414247094174409,-0.433091040936406,0.00840259794941288,-0.0121602197747269,-0.29365366665607,0.319692386584166
41.4294010149697,-0.000553143706647675,-0.108741420843506,0.411025070970905,-0.433119115769113,0.00833078467263137,-0.012133277440986,-0.291448694122126,0.319492478800666
41.7167200598098,-0.000859649301172964,-0.107966983480164,0.407805271541471,-0.433122032426117,0.00825919125428222,-0.0121060076454096,-0.289246676773356,0.319277538288415
42.0060317048688,-0.00116125499453257,-0.107196402037305,0.404588040415334,-0.433099865121292,0.00818782191440889,-0.0120784121506298,-0.287047817879086,0.319047617528787
42.2973497691249,-0.00145802007457788,-0.10642968515164,0.401373720155139,-0.433052693736755,0.00811668084984097,-0.012050492796285,-0.284852319537669,0.318802772421794
42.5906881673929,-0.00175000343874444,-0.105666840691248,0.398162651240541,-0.432980603768599,0.00804577223228819,-0.0120222514984625,-0.282660382603156,0.318543062254759
42.8860609109892,-0.00203726358692075,-0.104907875768186,0.39495517195344,-0.432883686269787,0.00797510020645587,-0.0119936902490878,-0.28047220661296,0.318268549669126
43.1834821084004,-0.00231985861457189,-0.104152796751088,0.391751618264939,-0.432762037790264,0.00790466888818305,-0.0119648111152621,-0.278287989716557,0.317979300625458
43.4829659659579,-0.00259784620611579,-0.103401609277759,0.388552323724102,-0.43261576031433,0.00783448236260511,-0.0119356162385469,-0.276107928605264,0.317675384366652
43.7845267885158,-0.0028712836285497,-0.102654318267757,0.385357619348593,-0.43244496119535,0.00776454468234241,-0.0119061078342001,-0.27393221844317,0.317356873379406
44.0881789801347,-0.00314022772532427,-0.101910927934953,0.382167833517272,-0.432249753087869,0.00769485986571632,-0.0118762881903609,-0.271761052799254,0.31702384335399
44.3939370447695,-0.00340473491046331,-0.101171441800074,0.378983291864812,-0.432030253877173,0.00762543189499418,-0.011846159667188,-0.269594623580736,0.316676373142353
44.701815586962,-0.00366486116292615,-0.100435862703226,0.375804317178419,-0.431786586606393,0.00755626471466459,-0.0118157246959494,-0.267433120967721,0.316314544714614
45.0118293125388,-0.00392066202121077,-0.0997041928163815,0.372631229296717,-0.431518879401211,0.00748736222974432,-0.0117849857780669,-0.265276733349163,0.315938443113974
45.3239930293136,-0.00417219257819457,-0.0989764336558417,0.369464345010854,-0.43122726539223,0.00741872830411827,-0.0117539454841159,-0.263125647260213,0.315548156410109
45.6383216477945,-0.00441950747621093,-0.0982525860946643,0.366303977967915,-0.430911882635103,0.00735036675891354,-0.0117226064527818,-0.260980047320967,0.315143775651081
45.954830181896,-0.00466266090235837,-0.0975326503750523,0.36315043857667,-0.430572874028484,0.00728228137090906,-0.0116909713897739,-0.258840116176684,0.314725394813813
46.2735337496566,-0.0049017065840402,-0.0968166261207026,0.360004033915741,-0.43021038722988,0.00721447587098164,-0.0116590430666986,-0.256706034439476,0.31429311075319
46.5944475739604,-0.00513669778473199,-0.0961045123491113,0.356865067644223,-0.429824574569491,0.00714695394258987,-0.0116268243198938,-0.254577980631544,0.313847023149824
46.9175869832646,-0.00536768729997395,-0.095396307483831,0.353733839914819,-0.429415592962112,0.00707971922029656,-0.0115943180492244,-0.252456131129956,0.313387234456546
47.2429674123316,-0.00559472745358597,-0.0946920093666783,0.350610647289531,-0.428983603817182,0.00701277528833102,-0.0115615272168419,-0.250340660113032,0.312913849843666
47.5706044029659,-0.0058178700941023,-0.0939916152698881,0.347495782657961,-0.428528772947064,0.00694612567919186,-0.0115284548459084,-0.248231739508342,0.312426977143062
47.9005136047569,-0.00603716659142353,-0.0932951219082113,0.344389535158244,-0.428051270473648,0.00687977387229135,-0.0114951040192873,-0.246129538942358,0.311926726791158
48.2327107758263,-0.00625266783368262,-0.0926025254509534,0.341292190100673,-0.427551270733344,0.00681372329264211,-0.0114614778782015,-0.244034225691776,0.311413211770827
48.5672117835806,-0.00646442422432291,-0.0919138215339508,0.338204028894039,-0.427028952180576,0.00674797730958682,-0.0114275796208615,-0.24194596463655,0.310886547552295
48.904032605469,-0.00667248567938467,-0.0912290052714825,0.33512532897472,-0.426484497289849,0.00668253923557174,-0.0113934125010635,-0.239864918214631,0.310346852033093
49.243189329747,-0.00687690162499768,-0.0905480712681137,0.332056363738542,-0.425918092456477,0.00661741232496467,-0.0113589798267612,-0.237791246378455,0.309794245477106
49.5846981562442,-0.0070777209950772,-0.0898710136304682,0.328997402475455,-0.425329927896069,0.00655259977291783,-0.0113242849586101,-0.235725106553196,0.309228850452792
49.9285753971387,-0.00727499222921998,-0.0891978259789296,0.325948710307024,-0.424720197542859,0.00648810471427639,-0.0112893313084889,-0.233666653596777,0.308650791770618
50.2748374777359,-0.00746876327079783,-0.088528501459264,0.32291054812677,-0.424089098946965,0.00642393022253287,-0.0112541223379966,-0.231616039761686,0.308060196419767
50.6235009372529,-0.00765908156524566,-0.0878630327541671,0.31988317254337,-0.423436833170671,0.00636007930882805,-0.0112186615569295,-0.229573414658576,0.307457193504179
50.974582429609,-0.00784599405854106,-0.0872014120947281,0.316866835826734,-0.422763604683818,0.00629655492099859,-0.0111829525217376,-0.227538925221685,0.30684191417799
51.3280987242209,-0.00802954719587261,-0.0865436312718121,0.31386178585696,-0.422069621258399,0.00623335994267167,-0.0111469988339635,-0.225512715676069,0.306214491580406
51.6840667068035,-0.00820978692049352,-0.0858896816473557,0.310868266076189,-0.421355093862442,0.00617049719240707,-0.0111108041386644,-0.223494927506651,0.305575060770091
52.0425033801768,-0.00838675867275806,-0.0852395541655755,0.30788651544334,-0.420620236553266,0.00610796942288656,-0.0110743721228188,-0.221485699429105,0.304923758659112
52.4034258650778,-0.00856050738933764,-0.0845932393640861,0.304916768391757,-0.41986526637021,0.00604577932015098,-0.0110377065137208,-0.219485167362561,0.304260723946502
52.7668514009784,-0.00873107750261317,-0.0839507273849256,0.301959254789735,-0.419090403226912,0.00598392950288506,-0.0110008110773616,-0.217493464404135,0.303586097051502
53.1327973469088,-0.00889851294024105,-0.0833120079854869,0.299014199903939,-0.418295869803228,0.00592242252174979,-0.0109636896168007,-0.215510720805291,0.302900020046523
53.5012811822866,-0.00906285712488943,-0.0826770705493526,0.296081824365707,-0.417481891436878,0.00586126085876269,-0.010926345970529,-0.213537063950016,0.302202636589902
53.8723205077517,-0.0092241529741417,-0.0820459040970314,0.29316234414021,-0.416648696014909,0.00580044692672541,-0.0108887840108241,-0.211572618334812,0.301494091858495
54.2459330460073,-0.00938244290056418,-0.0814184972965941,0.290255970498484,-0.415796513865041,0.00573998306869901,-0.0108510076420996,-0.2096175055505,0.300774532480167
54.6221366426659,-0.00953776881193474,-0.0807948384742074,0.287362909992284,-0.41492557764701,0.00567987155752636,-0.0108130207992512,-0.20767184426581,0.300044106466218
55.0009492671021,-0.00969017211162924,-0.0801749156245638,0.284483364431771,-0.414036122243955,0.00562011459540168,-0.0107748274459985,-0.205735750212771,0.299302963143829
55.3823890133107,-0.00983969369916273,-0.0795587164212065,0.28161753086599,-0.413128384653959,0.00556071431348675,-0.0107364315732265,-0.203809336173867,0.29855125308854
55.7664741007712,-0.00998637397088206,-0.0789462282267455,0.278765601566125,-0.412202603881803,0.00550167277157362,-0.010697837197327,-0.20189271197095,0.297789128056846
56.1532228753178,-0.0101302528208069,-0.078337438102967,0.275927764011509,-0.411259020831026,0.00544299195779332,-0.0106590483585412,-0.199985984455907,0.297016740918936
56.5426538100157,-0.0102713696416156,-0.0777323328208303,0.27310420087834,-0.410297878196353,0.00538467378837031,-0.0106200691193052,-0.19808925750304,0.296234245591642
56.9347855060436,-0.0104097633257738,-0.0771308988703552,0.270295090031097,-0.409319420356579,0.00532672010742198,-0.0105809035625994,-0.196202632003166,0.295441796971634
57.3296366935823,-0.0105454722668006,-0.0765331224703945,0.267500604516609,-0.408323893267975,0.00526913268680295,-0.0105415557903043,-0.194326205859393,0.294639550868917
57.7272262327089,-0.0106785343606713,-0.0759389895782932,0.264720912560742,-0.407311544358285,0.0052119132259935,-0.010502029921562,-0.192460073984565,0.293827663940665
58.1275731142982,-0.0108089870073519,-0.0753484858994324,0.261956177567672,-0.406282622421389,0.00515506335203154,-0.0104623300911466,-0.190604328300355,0.293006293625452
58.5306964609293,-0.0109368671124632,-0.0747615968966556,0.259206558121701,-0.405237377512706,0.00509858461948764,-0.0104224604478429,-0.188759057737967,0.29217559807791
58.9366155277994,-0.0110622110890704,-0.0741783077995781,0.256472207991571,-0.404176060845381,0.00504247851048224,-0.0103824251528368,-0.186924348240434,0.291335736103861
59.3453497036433,-0.0111850548595956,-0.073598603613778,0.253753276137249,-0.403098924687344,0.00498674643474466,-0.010342228378116,-0.185100282766483,0.290486867095976
59.7569185116595,-0.0113054338578504,-0.0730224691298664,0.251049906719119,-0.402006222259294,0.00493138972971297,-0.0103018743048848,-0.18328694129594,0.289629150969972
60.1713416104428,-0.011423383031184,-0.0724498889324387,0.248362239109543,-0.400898207633656,0.00487640966067405,-0.0102613671219914,-0.181484400836636,0.288762748101424
60.5886387949234,-0.0115389368427454,-0.0718808474089034,0.24569040790675,-0.399775135634599,0.00482180742094313,-0.0102207110243711,-0.179692735432804,0.287887819263196
61.0088299973121,-0.0116521292738553,-0.0713153287581903,0.243034542950994,-0.398637261739129,0.00476758413208193,-0.0101799102115049,-0.177912016174916,0.287004525563548
61.4319352880526,-0.0117629938264849,-0.0707533169993346,0.240394769342935,-0.397484841979355,0.00471374084415467,-0.0101389688858952,-0.176142311210945,0.286113028384941
61.8579748767801,-0.0118715635258389,-0.0701947959799398,0.237771207464194,-0.396318132845947,0.00466027853602095,-0.0100978912515594,-0.174383685759007,0.285213489323587
62.2869691132868,-0.0119778709230386,-0.0696397493845155,0.235163973000021,-0.395137391192845,0.00460719811566492,-0.0100566815125419,-0.172636202121355,0.284306070129762
62.7189384884933,-0.0120819480979038,-0.069088160742692,0.232573176964039,-0.393942874143279,0.00455450042055949,-0.0100153438714461,-0.170899919699703,0.283390932648921
63.1539036354283,-0.0121838266618279,-0.0685400134373101,0.229998925724984,-0.392734838997125,0.00450218621806504,-0.00997388252798668,-0.169174895011817,0.282468238763642
63.5918853302131,-0.0122835377607457,-0.0679952907123868,0.22744132103541,-0.391513543139651,0.00445025620586143,-0.00993230167756331,-0.16746118170937,0.281538150336429
64.032904493055,-0.012381112078189,-0.0674539756809557,0.224900460062293,-0.390279243951698,0.00439871101241251,-0.009890605509856,-0.165758830597004,0.280600829153397
64.4769821892457,-0.0124765798384283,-0.0669160513327823,0.222376435419473,-0.38903219872132,0.0043475511974622,-0.00984879820744352,-0.164067889652577,0.279656436868864
64.9241396301678,-0.0125699708096969,-0.0663815005419545,0.219869335201878,-0.387772664556936,0.00429677725256111,-0.00980688394444508,-0.162388404048543,0.278705134950882
65.3743981743082,-0.0126613143074941,-0.0658503060743479,0.217379243021486,-0.386500898302014,0.00424638960162273,-0.00976486688518606,-0.160720416174447,0.277747084627717
65.827779328278,-0.0127506391979662,-0.0653224505949654,0.214906238044938,-0.385217156451332,0.00419638860150831,-0.00972275118288839,-0.159063965660485,0.276782446835304
66.2843047478397,-0.0128379739013607,-0.0647979166751524,0.212450395032778,-0.383921695068832,0.0041467745426393,-0.00968054097838612,-0.157419089402094,0.275811382165706
66.7439962389419,-0.0129233463955517,-0.0642766867996867,0.210011784380225,-0.382614769707106,0.00409754764963647,-0.00963824039886676,-0.155785821585542,0.274834050816574
67.2068757587607,-0.0130067842196333,-0.0637587433737433,0.207590472159454,-0.381296635328537,0.00404870808198466,-0.00959585355663879,-0.154164193714469,0.273850612541651
67.6729654167483,-0.013088314477579,-0.0632440687297359,0.205186520163293,-0.379967546228112,0.00400025593472215,-0.00955338454792587,-0.152554234637353,0.272861226602307
68.1422874756894,-0.0131679638419638,-0.0627326451340324,0.202799985950299,-0.378627755957937,0.00395219123915368,-0.00951083745168816,-0.150955970575857,0.27186605172015
68.6148643527643,-0.0132457585577453,-0.0622244547935481,0.200430922891149,-0.377277517253468,0.00390451396358606,-0.00946821632847101,-0.149369425154016,0.270865246030694
69.0907186206199,-0.0133217244461039,-0.0617194798622149,0.198079380216274,-0.375917081961479,0.00385722401408551,-0.00942552521928156,-0.147794619428239,0.269858967038127
69.5698730084476,-0.0133958869083365,-0.061217702447327,0.1957454030647,-0.374546700969775,0.00381032123525543,-0.00938276814449343,-0.146231571918075,0.268847371571157
70.0523504030693,-0.0134682709298031,-0.060719104615765,0.193429032534015,-0.373166624138674,0.00376380541103397,-0.00933994910277966,-0.144680298637715,0.267830615739976
70.5381738500302,-0.0135389010839224,-0.0602236684000974,0.191130305731413,-0.371777100234259,0.00371767626551013,-0.00929707207007448,-0.143140813128188,0.266808854894326
71.0273665547,-0.0136078015362156,-0.059731375804561,0.18884925582576,-0.370378376863417,0.00367193346375749,-0.00925414099856371,-0.141613126490212,0.265782243582689
71.5199518833807,-0.0136749960483942,-0.0592422088109206,0.186585912100619,-0.368970700410671,0.00362657661268463,-0.00921115981570428,-0.140097247417678,0.264750935512591
72.0159533644237,-0.0137405079824906,-0.0587561493842082,0.184340300008176,-0.3675543159768,0.00358160526190113,-0.00916813242327276,-0.138593182231707,0.263715083512042
72.5153946893524,-0.0138043603050283,-0.0582731794783438,0.182112441224012,-0.366129467319277,0.00353701890459841,-0.00912506269644324,-0.137100934915265,0.262674839492107
73.0182997139948,-0.0138665755912304,-0.0577932810416369,0.179902353702669,-0.364696396794491,0.00349281697844416,-0.00908195448289443,-0.135620507148293,0.261630354410597
73.5246924596224,-0.0139271760292632,-0.05731643602217,0.177710051733945,-0.363255345301788,0.00344899886648964,-0.00903881160194614,-0.134151898343306,0.260581778236907
74.0345971140979,-0.013986183424513,-0.0568426263730658,0.175535545999873,-0.361806552229309,0.0034055638980888,-0.00899563784372514,-0.132695105681453,0.259529259917976
74.5480380330304,-0.0140436192038945,-0.0563718340576379,0.173378843632317,-0.360350255401625,0.00336251134982836,-0.00895243696836031,-0.13125012414897,0.258472947345388
75.0650397409388,-0.0140995044201878,-0.0559040410544263,0.171239948271155,-0.358886691029176,0.00331984044646781,-0.0089092127052072,-0.129816946574021,0.257412987323592
75.585626932423,-0.0141538597564022,-0.0554392293621186,0.169118860122959,-0.35741609365949,0.00327755036188861,-0.00886596875210175,-0.128395563663877,0.256349525539254
76.1098244733437,-0.0142067055301655,-0.0549773810043577,0.167015576020165,-0.355938696130191,0.00323564022005154,-0.00882270877464316,-0.126985964042404,0.25528270653173
76.6376574020103,-0.0142580616981358,-0.0545184780344374,0.164930089480642,-0.354454729523782,0.00319410909596144,-0.00877943640550586,-0.125588134287834,0.254212673664656
77.1691509303763,-0.0143079478604343,-0.054062502539886,0.162862390767636,-0.352964423124183,0.00315295601663836,-0.00873615524378027,-0.124202058970779,0.253139569098645
77.7043304452438,-0.0143563832650976,-0.05360943664694,0.160812466950028,-0.351468004375033,0.00311217996209448,-0.00869286885434234,-0.122827720692454,0.252063533765089
78.2432215094763,-0.0144033868125474,-0.0531592625249084,0.158780301962865,-0.349965698839724,0.00307177986631568,-0.00864958076725159,-0.121465100123102,0.250984707341065
78.7858498632195,-0.0144489770600752,-0.0527119623904279,0.156765876668104,-0.348457730163162,0.0030317546182473,-0.00860629447717744,-0.120114176040551,0.249903228225315
79.3322414251308,-0.0144931722263415,-0.0522675185116119,0.154769168915547,-0.346944320035238,0.00299210306278296,-0.0085630134428537,-0.118774925368917,0.248819233515317
79.8824222936175,-0.0145359901958872,-0.0518259132120925,0.152790153603888,-0.345425688156001,0.00295282400175591,-0.00851974108656075,-0.117447323217391,0.24773285898542
80.436418748083,-0.0145774485236547,-0.0513871288749578,0.150828802741867,-0.343902052202494,0.00291391619493205,-0.00847648079363542,-0.116131342919103,0.246644239066034
80.9942572501823,-0.0146175644395194,-0.0509511479465846,0.148885085509451,-0.342373627797264,0.00287537836100393,-0.00843323591200805,-0.114826956070023,0.245553506823875
81.555964445086,-0.0146563548528273,-0.0505179529403691,0.146958968319029,-0.340840628478504,0.00283720917858485,-0.00839000975176649,-0.113534132567883,0.244460793943241
82.121567162753,-0.0146938363569397,-0.050087526440355,0.145050414876564,-0.339303265671814,0.00279940728720272,-0.00834680558474679,-0.112252840651083,0.243366230708311
82.6910924192116,-0.0147300252337813,-0.0496598511047616,0.143159386242665,-0.337761748663563,0.00276197128829251,-0.00830362664415015,-0.110983046937567,0.242269945986454
83.2645674178507,-0.0147649374583928,-0.0492349096694117,0.141285840893552,-0.336216284575831,0.00272489974618714,-0.0082604761241858,-0.109724716463638,0.241172067212538
83.8420195507184,-0.0147985887034842,-0.0488126849510617,0.139429734781857,-0.334667078342898,0.0026881911891057,-0.00821735717973946,-0.108477812722687,0.24007272037422
84.423476399831,-0.0148309943439891,-0.0483931598506339,0.137591021397242,-0.333114332689274,0.00265184411013873,-0.00817427292606697,-0.107242297703826,0.238972029998205
85.0089657384898,-0.0148621694616183,-0.0479763173563535,0.13576965182679,-0.331558248109221,0.00261585696822979,-0.00813122643851272,-0.106018131930376,0.237870119137459
85.5985155326084,-0.0148921288494113,-0.0475621405467899,0.133965574815141,-0.329999022847777,0.00258022818915277,-0.00808822075225247,-0.104805274498225,0.236767109359358
86.1921539420481,-0.0149208870162845,-0.0471506125938045,0.132178736824332,-0.328436852883221,0.00254495616648434,-0.00804525886206014,-0.103603683114003,0.235663120734768
86.7899093219629,-0.0149484581915758,-0.0467417167654053,0.130409082093322,-0.326871931910976,0.00251003926257108,-0.00800234372209812,-0.102413314133067,0.23455827182802
87.3918102241541,-0.0149748563295829,-0.0463354364285111,0.128656552697156,-0.32530445132892,0.0024754758094907,-0.00795947824573069,-0.101234122597288,0.233452679687789
87.9978853984339,-0.0150000951140962,-0.045931755051624,0.126921088605756,-0.323734600224067,0.00244126411000689,-0.00791666530536014,-0.100066062272596,0.232346459838841
88.6081637939989,-0.0150241879629235,-0.0455306562074133,0.125202627742293,-0.322162565360614,0.00240740243851727,-0.00787390773228508,-0.0989090856862876,0.231239726274635
89.2226745608124,-0.0150471480324071,-0.045132123575211,0.123501106041134,-0.320588531169292,0.00237388904199396,-0.00783120831658044,-0.0977631441640711,0.230132591450773
89.8414470509972,-0.0150689882219303,-0.0447361409434202,0.121816457505313,-0.319012679738035,0.00234072214091648,-0.00778856980699889,-0.0966281878668289,0.229025166279268
90.4645108202374,-0.0150897211784156,-0.0443426922118372,0.120148614263525,-0.3174351908039,0.0023078999301963,-0.00774599491089296,-0.0955041658270876,0.227917560123623
91.0918956291901,-0.0151093593008101,-0.0439517613938893,0.118497506626609,-0.315856241746237,0.00227542058009286,-0.00770348629415756,-0.0943910259851778,0.226809880794691
91.7236314449071,-0.0151279147445597,-0.0435633326187882,0.116863063143491,-0.314276007581066,0.0022432822371206,-0.00766104658119237,-0.0932887152250702,0.22570223454732
92.3597484422661,-0.015145399426071,-0.0431773901336009,0.115245210656579,-0.312694660956636,0.0022114830249465,-0.00761867835488356,-0.0921971794098736,0.224594726077734
93.0002770054119,-0.015161825027159,-0.0427939183052382,0.11364387435658,-0.311112372150144,0.00218002104527804,-0.00757638415660447,-0.0911163634169839,0.223487458521663
93.645247729208,-0.0151772029994807,-0.0424129016223635,0.112058977836729,-0.309529309065569,0.00214889437874102,-0.00753416648623469,-0.0900462111728687,0.222380533453187
94.2946914206979,-0.0151915445689546,-0.042034324697221,0.110490443146395,-0.30794563723261,0.00211810108574702,-0.007492027802197,-0.0889866656874791,0.221274050884273
94.9486391005764,-0.0152048607401634,-0.0416581722673855,0.108938190844072,-0.306361519806689,0.0020876392073502,-0.0074499705215118,-0.0879376690882755,0.220168109265005
95.6071220046713,-0.0152171623007415,-0.0412844291974344,0.107402140049711,-0.304777117569986,0.00205750676609319,-0.00740799701986848,-0.0868991626538586,0.219062805484469
96.2701715854358,-0.0152284598257449,-0.040913080480543,0.105882208496402,-0.30319258893349,0.00202770176684173,-0.00736610963171319,-0.0858710868471948,0.217958234872288
96.9378195134503,-0.0152387636820041,-0.0405441112400037,0.104378312581378,-0.301608089940026,0.0019982221976079,-0.0073243106503526,-0.0848533813484276,0.216854491200779
97.6100976789355,-0.0152480840324584,-0.0401775067306705,0.10289036741633,-0.300023774268229,0.00196906603036161,-0.00728260232807311,-0.0838459850872668,0.215751666687731
98.2870381932754,-0.0152564308404724,-0.0398132523403297,0.101418286877022,-0.298439793237448,0.00194023122183036,-0.00724098687627508,-0.0828488362749467,0.214649851999759
98.9686733905512,-0.0152638138741326,-0.0394513335909968,0.0999619836522027,-0.296856295813533,0.00191171571428669,-0.00719946646562146,-0.0818618724357464,0.213549136256251
99.6550358290861,-0.0152702427105246,-0.039091736140142,0.0985213692917818,-0.295273428615492,0.00188351743632359,-0.00715804322620053,-0.0808850304380665,0.212449607033851
100.346158292999,-0.01527572673999,-0.0387344457818437,0.0970963542542896,-0.293691335922986,0.0018556343036174,-0.00711671924770208,-0.0799182465250549,0.211351350371503
101.042073793774,-0.0152802751703629,-0.0383794484478714,0.095686847953587,-0.292110159684622,0.00182806421967809,-0.00707549657960665,-0.0789614563447749,0.210254450775992
101.742815571832,-0.015283897031185,-0.0380267302086997,0.0942927588048347,-0.290530039527034,0.00180080507658691,-0.00703437723138743,-0.0780145949799147,0.209158991228013
102.448417098122,-0.0152866011778991,-0.0376762772744524,0.0929139942697041,-0.288951112764714,0.00177385475572125,-0.0069933631727241,-0.077077596977029,0.208065053188712
103.15891207572,-0.0152883962960209,-0.0373280759957785,0.09155046090083,-0.287373514410562,0.00174721112846646,-0.00695245633372841,-0.0761503963753106,0.206972716606701
103.874334441436,-0.0152892909052875,-0.0369821128646617,0.0902020643854972,-0.285797377187139,0.00172087205691476,-0.00691165860518089,-0.0752329267348896,0.205882059925525
104.594718367439,-0.0152892933637842,-0.0366383745151623,0.0888687095885564,-0.284222831538585,0.001694835394551,-0.0068709718387783,-0.0743251211646552,0.204793160091572
105.320098262886,-0.015288411872047,-0.0362968477240934,0.0875503005945667,-0.282650005643182,0.00166909898692529,-0.00683039784739124,-0.0734269123495977,0.203706092562393
106.050508775566,-0.0152866544771415,-0.0359575194116319,0.0862467407491612,-0.281079025426536,0.00164366067231239,-0.00678993840533168,-0.0725382325776699,0.202620931315436
106.785984793556,-0.0152840290767182,-0.035620376641865,0.0849579326996316,-0.279510014575339,0.00161851828235788,-0.00674959524862978,-0.0716590137661646,0.20153774885716
107.526561446888,-0.0152805434230431,-0.0352854066232727,0.0836837784347337,-0.277943094551712,0.00159366964271103,-0.00670937007531962,-0.0707891874876072,0.200456616232524
108.272274109224,-0.0152762051270027,-0.0349525967091467,0.0824241793237085,-0.276378384608073,0.00156911257364439,-0.00666926454573352,-0.069928684995163,0.199377603034834
109.023158399549,-0.0152710216620848,-0.0346219343979473,0.0811790361545223,-0.274816001802524,0.00154484489066005,-0.00662928028280428,-0.0690774372475585,0.198300777415932
109.779250183872,-0.0152650003683325,-0.0342934073335978,0.0799482491713232,-0.273256061014735,0.00152086440508264,-0.00658941887237519,-0.0682353749335152,0.197226206096704
110.540585576935,-0.0152581484562734,-0.0339670033057174,0.0787317181111167,-0.271698674962277,0.00149716892463906,-0.00654968186351725,-0.0674024284956984,0.196153954377907
111.307200943943,-0.015250473010821,-0.0336427102497934,0.0775293422396603,-0.270143954217415,0.00147375625402487,-0.00651007076885316,-0.0665785281541796,0.195084086151291
112.079132902301,-0.0152419809951503,-0.0333205162472932,0.0763410203865802,-0.268592007224304,0.00145062419545762,-0.0064705870648878,-0.065763603929414,0.194016663910996
112.856418323356,-0.0152326792545457,-0.0330004095257158,0.0751666509797123,-0.267042940316592,0.00142777054921682,-0.00643123219234478,-0.0649575856647344,0.192951748765232
113.639094334169,-0.0152225745202211,-0.0326823784585854,0.0740061320786701,-0.265496857735386,0.00140519311417096,-0.00639200755650851,-0.0641604030483634,0.191889400448192
114.427198319278,-0.0152116734131125,-0.0323664115653845,0.0728593614076434,-0.263953861647573,0.00138288968829136,-0.00635291452757174,-0.0633719856349444,0.19082967733223
115.220767922492,-0.0151999824476421,-0.0320524975114302,0.0717262363874314,-0.262414052164469,0.00136085806915312,-0.00631395444098784,-0.0625922628665951,0.189772636440244
116.019841048683,-0.0151875080354527,-0.031740625107692,0.0706066541667155,-0.260877527360776,0.00133909605442311,-0.00627512859782774,-0.0618211640934842,0.188718333458289
116.824455865599,-0.0151742564891143,-0.0314307833105523,0.0695005116525757,-0.259344383293821,0.00131760144233516,-0.00623643826514098,-0.0610586185939355,0.18766682274838
117.634650805689,-0.0151602340257997,-0.0311229612215108,0.0684077055402564,-0.25781471402307,0.00129637203215255,-0.00619788467632067,-0.0603045555940617,0.186618157361497
118.450464567934,-0.0151454467709312,-0.0308171480868312,0.0673281323421872,-0.256288611629874,0.00127540562461785,-0.00615946903147192,-0.0595589042869298,0.185572389050753
119.271936119701,-0.0151299007617954,-0.0305133332971335,0.0662616884162655,-0.254766166237455,0.00125470002239029,-0.00612119249778345,-0.0588215938512637,0.184529568284734
120.099104698599,-0.0151136019511283,-0.0302115063869292,0.0652082699934054,-0.253247466031094,0.0012342530304707,-0.00608305620990204,-0.0580925534696857,0.183489744260995
120.932009814357,-0.0150965562106685,-0.0299116570341031,0.0641677732043627,-0.251732597278502,0.00121406245661418,-0.00604506127030953,-0.0573717123465014,0.182452964919689
121.77069125071,-0.0150787693346778,-0.029613775059339,0.0631400941058404,-0.250221644350371,0.00119412611173065,-0.00600720874970205,-0.056658999725032,0.181419276957335
122.615189067297,-0.0150602470434307,-0.0293178504254919,0.0621251287058835,-0.248714689741073,0.00117444181027336,-0.00596949968737112,-0.055954344904498,0.1803887258407
123.46554360158,-0.0150409949866696,-0.0290238732369065,0.0611227729885716,-0.24721181408949,0.00115500737061552,-0.00593193509158646,-0.0552576772564579,0.179361355820794
124.321795470765,-0.0150210187470281,-0.0287318337386816,0.0601329229380149,-0.245713096199974,0.00113582061541528,-0.00589451593998007,-0.0545689262408085,0.178337209946964
125.183985573745,-0.0150003238434188,-0.0284417223158824,0.0591554745616651,-0.244218613063398,0.00111687937196896,-0.00585724317993145,-0.0538880214213482,0.177316330081072
126.052155093052,-0.0149789157343881,-0.0281535294926991,0.0581903239129472,-0.242728439878299,0.00109818147255302,-0.00582011772895353,-0.0532148924809113,0.176298756911758
126.926345496825,-0.0149567998214346,-0.0278672459315547,0.0572373671132223,-0.24124265007209,0.00107972475475467,-0.00578314047507926,-0.0525494692360757,0.17528452996877
127.806598540793,-0.0149339814522932,-0.0275828624321596,0.0562965003730905,-0.239761315322329,0.00106150706179135,-0.00574631227724834,-0.0518916816514506,0.174273687637356
128.692956270265,-0.0149104659241824,-0.0273003699305156,0.0553676200130423,-0.238284505578029,0.00104352624281931,-0.00570963396569413,-0.0512414598535483,0.173266267172704
129.585461022141,-0.0148862584870145,-0.0270197594978691,0.0544506224834689,-0.236812289080994,0.0010257801532314,-0.00567310634233022,-0.050598734144246,0.17226230471443
130.484155426934,-0.0148613643465695,-0.0267410223396132,0.0535454043840406,-0.235344732387172,0.00100826665494419,-0.0056367301811367,-0.0499634350138428,0.171261835301098
131.389082410804,-0.0148357886676299,-0.0264641497941398,0.052651862482463,-0.233881900388001,0.000990983616674715,-0.0056005062285457,-0.049335493153717,0.170264892884764
132.300285197614,-0.014809536577078,-0.0261891333316425,0.0517698937326212,-0.23242385633175,0.000973928914206947,-0.00556443520382604,-0.0487148394685892,0.169271510345546
133.217807310988,-0.0147826131669529,-0.0259159645528696,0.050899395292122,-0.230970661844833,0.000957100430648156,-0.00552851779946691,-0.0481014050883974,0.168281719506194
134.141692576393,-0.0147550234974684,-0.0256446351878288,0.0500402645392443,-0.229522376953082,0.000940496056675394,-0.00549275468156012,-0.0474951213797888,0.167295551146672
135.071985123233,-0.0147267725999897,-0.0253751370944434,0.0491923990893082,-0.228079060102979,0.000924113690772257,-0.00545714649018105,-0.0468959199572353,0.166313035018736
136.008729386957,-0.0146978654799696,-0.0251074622571605,0.0483556968104729,-0.22664076818282,0.000907951239456098,-0.00542169383976778,-0.0463037326937762,0.165334199860495
136.951970111177,-0.0146683071198417,-0.0248416027855119,0.0475300558389744,-0.225207556543816,0.000892006617495919,-0.00538639731949853,-0.0457184917313972,0.164359073410961
137.901752349813,-0.014638102481872,-0.0245775509126284,0.0467153745938133,-0.223779479021112,0.000876277748121082,-0.00535125749366699,-0.0451401294910477,0.163387682424574
138.858121469236,-0.0146072565109661,-0.0243152989937075,0.0459115517909036,-0.222356587954712,0.000860762563221065,-0.00531627490205552,-0.0445685786823056,0.162420052685695
139.821123150444,-0.0145757741374332,-0.0240548395044353,0.0451184864566927,-0.220938934210306,0.000845459003536436,-0.00528145006030606,-0.0440037723126932,0.161456209023066
140.790803391236,-0.0145436602797042,-0.0237961650393631,0.0443360779412648,-0.219526567199996,0.000830365018841243,-0.0052467834602885,-0.0434456436966518,0.160496175324225
141.767208508414,-0.0145109198470048,-0.0235392683102395,0.0435642259309361,-0.218119534902887,0.000815478568116997,-0.00521227557046646,-0.0428941264641789,0.159539974549877
142.750385139995,-0.0144775577419822,-0.0232841421442983,0.0428028304603565,-0.216717883885574,0.000800797619718479,-0.00517792683626036,-0.0423491545691365,0.158587628748215
143.740380247435,-0.0144435788632841,-0.023030779482503,0.0420517919241235,-0.21532165932248,0.000786320151531518,-0.00514373768040754,-0.0418106622972338,0.157639159069175
144.737241117876,-0.01440898810809,-0.0227791733777483,0.0413110110879246,-0.213930905016054,0.000772044151122959,-0.00510970850331938,-0.0412785842736923,0.156694585778637
145.741015366405,-0.0143737903745939,-0.0225293169930198,0.040580389099215,-0.212545663416833,0.000757967615883013,-0.00507583968343536,-0.0407528554705978,0.155753928272555
146.751750938323,-0.0143379905644367,-0.0222812035995115,0.0398598274974439,-0.211165975643333,0.000744088553160176,-0.00504213157757384,-0.0402334112139461,0.154817205091017
147.769496111443,-0.0143015935850891,-0.0220348265747033,0.0391492282238393,-0.209791881501792,0.000730404980388916,-0.0050085845212795,-0.0397201871903879,0.153884433932229
148.794299498388,-0.0142646043521827,-0.0217901794003984,0.038448493630762,-0.208423419505734,0.000716914925210314,-0.00497519882916737,-0.0392131194536791,0.152955631666419
149.826210048919,-0.0142270277917889,-0.0215472556607205,0.0377575264906405,-0.207060626895373,0.000703616425585853,-0.00494197479526332,-0.0387121444308415,0.152030814349655
150.865277052271,-0.0141888688426458,-0.0213060490400739,0.037076230004497,-0.205703539656826,0.000690507529904558,-0.00490891269334097,-0.0382171989280408,0.151109997237581
151.911550139505,-0.0141501324583302,-0.021066553321065,0.0364045078100748,-0.204352192541154,0.000677586297083653,-0.00487601277725491,-0.0377282201361871,0.150193194799055
152.965079285884,-0.0141108236093762,-0.0208287623823874,0.035742263989579,-0.203006619083202,0.000664850796662949,-0.00484327528127011,-0.0372451456362641,0.149280420729702
154.025914813254,-0.0140709472853379,-0.0205926701966709,0.0350894030770402,-0.20166685162026,0.000652299108893139,-0.00481070042038757,-0.0367679134043917,0.148371687965356
155.094107392451,-0.0140305084967963,-0.0203582708282955,0.0344458300653118,-0.200332921310521,0.000639929324818187,-0.00477828839066608,-0.0362964618166291,0.147467008695415
156.169708045722,-0.0139895122773089,-0.0201255584311718,0.033811450412712,-0.199004858151335,0.000627739546352,-0.00474603936953996,-0.0358307296535232,0.146566394376085
157.25276814916,-0.0139479636853019,-0.0198945272464879,0.0331861700493203,-0.197682690997269,0.000615727886349571,-0.00471395351613291,-0.0353706561044075,0.14566985574352
158.34333943516,-0.0139058678059039,-0.0196651716004244,0.0325698953829389,-0.196366447577954,0.000603892468672767,-0.00468203097156778,-0.0349161807714586,0.144777402826852
159.441473994887,-0.0138632297527198,-0.0194374859018381,0.0319625333047299,-0.195056154515722,0.000592231428250946,-0.00465027185927222,-0.0344672436735136,0.143889044961109
160.547224280766,-0.0138200546695454,-0.0192114646399165,0.0313639911945373,-0.193751837343037,0.00058074291113659,-0.00461867628528029,-0.0340237852496565,0.143004790800025
161.66064310899,-0.0137763477320204,-0.0189871023818031,0.0307741769259052,-0.192453520519704,0.000569425074556123,-0.00458724433852988,-0.0335857463625762,0.142124648328729
162.781783662036,-0.0137321141492202,-0.0187643937701946,0.0301929988708001,-0.191161227449868,0.000558276086956089,-0.00455597609115602,-0.0331530683017036,0.141248624876318
163.910699491214,-0.0136873591651856,-0.0185433335209124,0.0296203659040498,-0.189874980498794,0.00054729412804487,-0.0045248715987799,-0.0327256927861319,0.140376727128308
165.047444519217,-0.0136420880603888,-0.0183239164204487,0.0290561874075067,-0.188594801009428,0.000536477388830109,-0.00449393090079384,-0.0323035619673261,0.139508961138975
166.192073042701,-0.013596306153136,-0.018106137323488,0.0285003732739442,-0.187320709318733,0.000525824071652009,-0.00446315402064189,-0.0318866184316262,0.138645332343556
167.344639734876,-0.013550018800906,-0.0178899911504066,0.0279528339106996,-0.186052724773811,0.000515332390212681,-0.00443254096609636,-0.0314748052025494,0.137785845570339
168.505199648122,-0.013503231401623,-0.0176754728847505,0.0274134802430672,-0.184790865747801,0.000505000569601687,-0.00440209172953002,-0.0310680657428966,0.136930505052626
169.673808216612,-0.013455949394864,-0.017462577570693,0.0268822237174557,-0.183535149655549,0.000494826846317961,-0.00437180628818416,-0.0306663439566682,0.136079314440562
170.850521258965,-0.0134081782630001,-0.0172513003104742,0.0263589763043165,-0.182285592969068,0.000484809468288255,-0.00434168460443239,-0.0302695841907931,0.135232276812844
172.03539498091,-0.0133599235322707,-0.0170416362618224,0.0258436505008512,-0.18104221123276,0.000474946694882266,-0.00431172662604028,-0.0298777312366777,0.134389394688298
173.228485977972,-0.0133111907737901,-0.0168335806353609,0.0253361593335092,-0.17980501907843,0.000465236796924599,-0.00428193228642084,-0.0294907303315775,0.133550670037324
174.429851238172,-0.0132619856044867,-0.0166271286919993,0.0248364163602821,-0.178574030240068,0.000455678056703723,-0.00425230150488576,-0.0291085271597977,0.132716104293216
175.639548144754,-0.0132123136879729,-0.016422275740313,0.0243443356728039,-0.17734925756842,0.000446268767978055,-0.00422283418689255,-0.0287310678537265,0.131885698363346
176.857634478922,-0.0131621807353471,-0.0162190171339108,0.0238598318982657,-0.176130713045329,0.000437007235979326,-0.00419353022428763,-0.0283582989947058,0.131059452640216
178.084168422602,-0.0131115925059257,-0.0160173482687932,0.0233828202011519,-0.174918407797862,0.000427891777413372,-0.00416438949554523,-0.0279901676137443,0.130237367012381
179.319208561219,-0.0130605548079056,-0.0158172645807027,0.0229132162848074,-0.173712352112223,0.000418920720458478,-0.0041354118660023,-0.0276266211920767,0.129419440875237
180.562813886497,-0.0130090734989568,-0.015618761542467,0.0224509363928416,-0.172512555447441,0.000410092404761422,-0.0041065971880894,-0.0272676076615744,0.128605673141674
181.815043799277,-0.0129571544867446,-0.0154218346613387,0.0219958973103783,-0.171319026448851,0.000401405181431345,-0.00407794530155759,-0.0269130754050103,0.1277960622526
183.075958112354,-0.0129048037293814,-0.0152264794763303,0.0215480163651584,-0.170131772961363,0.000392857413031574,-0.00404945603370143,-0.0265629732561839,0.126990606187326
184.345617053333,-0.0128520272358072,-0.0150326915555493,0.0211072114285027,-0.168950802042508,0.000384447473569534,-0.00402112919957803,-0.0262172504999094,0.126189302473821
185.624081267505,-0.0127988310661001,-0.0148404664935329,0.020673400916141,-0.167776119975293,0.000376173748484858,-0.00399296460222232,-0.0258758568718715,0.125392148198831
186.911411820748,-0.0127452213317148,-0.0146497999085845,0.020246503788916,-0.166607732280837,0.000368034634635821,-0.0039649620328585,-0.0255387425583527,0.124599140017867
188.207670202438,-0.0126912041956504,-0.0144606874401149,0.0198264395533669,-0.165445643730806,0.000360028540284216,-0.00393712127110771,-0.0252058581958368,0.123810274165053
189.512918328392,-0.0126367858725474,-0.0142731247459883,0.0194131282622007,-0.16428985835965,0.000352153885078776,-0.00390944208519214,-0.0248771548704903,0.123025546462847
190.827218543819,-0.0125819726287128,-0.0140871074998764,0.0190064905146567,-0.163140379476637,0.000344409100037258,-0.00388192423213537,-0.0245525841175287,0.122244952331626
192.150633626303,-0.012526770782075,-0.0139026313886214,0.0186064474567699,-0.161997209677691,0.000336792627527294,-0.00385456745795923,-0.0242320979204687,0.121468486799135
193.483226788801,-0.0124711867020673,-0.0137196921096099,0.0182129207815402,-0.160860350857043,0.0003293029212461,-0.00382737149787714,-0.0239156487102712,0.12069614450981
194.82506168266,-0.0124152268094408,-0.0135382853681601,0.0178258327290127,-0.15972980421868,0.000321938446199158,-0.00380033607648401,-0.0236031893643788,0.119927919733959
196.176202400658,-0.0123588975760072,-0.0133584068749238,0.0174451060862745,-0.158605570287623,0.00031469767867795,-0.00377346090794274,-0.0232946732056502,0.11916380637682
197.536713480066,-0.012302205524311,-0.0131800523433044,0.0170706641873738,-0.157487648921003,0.000307579106236842,-0.00374674569616744,-0.0229900540011971,0.118403797987483
198.906659905733,-0.0122451572272323,-0.0130032174868942,0.0167024309131652,-0.156376039318973,0.000300581227669208,-0.00372019013500339,-0.022689285961124,0.117647887767679
200.286107113184,-0.0121877593075199,-0.0128278980169312,0.016340330691088,-0.155270740035432,0.000293702552982872,-0.00369379390840386,-0.0223923237371773,0.116896068580443
201.675120991751,-0.0121300184372562,-0.0126540896397789,0.0159842884948817,-0.154171748988582,0.000286941603374949,-0.00366755669060377,-0.0220991224213047,0.116148332958646
203.073767887718,-0.0120719413372528,-0.0124817880544292,0.0156342298442413,-0.153079063471305,0.000280296911206162,-0.00364147814629038,-0.0218096375441292,0.115404673113393
204.482114607491,-0.0120135347763792,-0.0123109889500321,0.0152900808044205,-0.151992680161386,0.000273767019974715,-0.00361555793077099,-0.0215238250733406,0.1146650809423
205.900228420788,-0.0119548055708242,-0.0121416880034527,0.0149517679857833,-0.150912595131567,0.000267350484289777,-0.00358979569013779,-0.0212416414120069,0.11392954803764
207.32817706385,-0.0118957605832906,-0.0119738808768576,0.0146192185433105,-0.149838803859435,0.000261045869844655,-0.00356419106142985,-0.0209630433968102,0.113198065694357
208.766028742684,-0.0118364067221249,-0.0118075632153329,0.0142923601760641,-0.148771301237168,0.00025485175338971,-0.00353874367279242,-0.0206879882962079,0.112470624917964
210.213852136311,-0.011776750940382,-0.0116427306445355,0.0139711211266128,-0.147710081581115,0.000248766722705089,-0.00351345314363359,-0.0204164338085244,0.111747216432303
211.671716400053,-0.0117168002348258,-0.011479378768379,0.0136554301804227,-0.146655138641241,0.000242789376573303,-0.00348831908477828,-0.0201483380599734,0.111027830687196
213.139691168835,-0.0116565616448676,-0.0113175031667571,0.0133452166652164,-0.145606465610417,0.000236918324751724,-0.00346334109861987,-0.0198836596026165,0.110312457865956
214.617846560511,-0.0115960422514417,-0.0111570993933042,0.0130404104503029,-0.144564055133572,0.00023115218794505,-0.00343851877926925,-0.0196223574122582,0.109601087892788
216.10625317921,-0.0115352491758215,-0.0109981629731981,0.0127409419458821,-0.143527899316716,0.000225489597777761,-0.0034138517127016,-0.0193643908862817,0.10889371044006
217.604982118714,-0.0114741895783746,-0.0108406894010026,0.0124467421023261,-0.142497989735817,0.000219929196766633,-0.00338933947690094,-0.0191097198414273,0.108190314935459
219.114104965849,-0.0114128706572605,-0.0106846741385552,0.0121577424094401,-0.141474317445561,0.000214469638293328,-0.00336498164200235,-0.0188583045115155,0.107490890569025
220.633693803907,-0.0113512996470709,-0.0105301126128998,0.0118738748957048,-0.140456872987976,0.000209109586577115,-0.0033407777704322,-0.0186101055451185,0.106795426300062
222.163821216089,-0.0112894838174133,-0.0103770002142652,0.0115950721275028,-0.139445646400946,0.000203847716647726,-0.00331672741704625,-0.018365084003181,0.106103910863941
223.704560288971,-0.0112274304714417,-0.0102253322940938,0.0113212672083314,-0.138440627226597,0.000198682714318407,-0.00329283012926582,-0.0181232013565945,0.105416332778776
225.255984615994,-0.0111651469443328,-0.0100751041631184,0.0110523937780029,-0.137441804519577,0.00019361327615916,-0.00326908544721205,-0.0178844194837247,0.104732680351989
226.818168300982,-0.0111026406017111,-0.009926311089492,0.0107883860118346,-0.136449166855216,0.000188638109470223,-0.00324549290383832,-0.0176487006678971,0.104052941686765
228.391185961678,-0.0110399188380244,-0.00977894829696964,0.0105291786198296,-0.135462702337593,0.000183755932255784,-0.00322205202506097,-0.0174160075948414,0.103377104688382
229.975112733314,-0.0109769890748697,-0.00963301096314465,0.0102747068458506,-0.13448239860749,0.000178965473197963,-0.00319876232988829,-0.0171863033500966,0.102705157070443
231.570024272191,-0.0109138587592737,-0.00948849421774083,0.0100249064667866,-0.133508242850246,0.000174265471631068,-0.00317562333054791,-0.0169595514163796,0.102037086360983
233.175996759301,-0.0108505353619269,-0.00934539314096133,0.00977971379171502,-0.132540221803528,0.000169654677516133,-0.00315263453261272,-0.0167357156709197,0.101372879908475
234.793106903962,-0.0107870263753746,-0.00920370276189596,0.00953906566105886,-0.13157832176499,0.000165131851415747,-0.0031297954351252,-0.0165147603827593,0.100712524887726
236.421431947482,-0.0107233393121669,-0.00906341805698774,0.00930289944574046,-0.130622528599864,0.000160695764469184,-0.00310710553072049,-0.0162966502100246,0.10005600830566
238.061049666849,-0.0106594817029676,-0.0089245339485602,0.00907115304633229,-0.129672827748452,0.000156345198367828,-0.00308456430574802,-0.016081350197167,0.0994033170070026
239.712038378445,-0.0105954610946258,-0.00878704530340619,0.00884376489220515,-0.128729204233541,0.000152078945330899,-0.00306217124039192,-0.0158688257721774,0.0987544376798504
241.374476941791,-0.0105312850482119,-0.00865094693143942,0.00862067394067423,-0.127791642667735,0.000147895808081472,-0.0030399258087902,-0.0156590427437752,0.098109356861146
243.048444763306,-0.0104669611370178,-0.00851623358440978,0.00840181967614325,-0.126860127260724,0.000143794599822789,-0.00301782747915284,-0.0154519672985738,0.0974680609420428
244.734021800108,-0.0104024969445269,-0.00838289995468303,0.00818714210924676,-0.125934641826464,0.000139774144214852,-0.00299587571387873,-0.0152475659982237,0.0968305361731718
246.431288563827,-0.0103379000623516,-0.00825094067408603,0.00797658177599063,-0.125015169790299,0.00013583327535129,-0.00297406996967163,-0.015045805776536,0.0961967686698056
248.140326124455,-0.0102731780881448,-0.0081203503128181,0.0077700797368906,-0.124101694196014,0.000131970837736489,-0.00295240969765512,-0.0148466539365867,0.0955667444169245
249.861216114214,-0.0102083386234835,-0.00799112337842928,0.00756757757610855,-0.123194197712821,0.000128185686262969,-0.00293089434348674,-0.0146500781478039,0.0949404492741836
251.594040731461,-0.010143389271729,-0.00786325431486617,0.00736901740058635,-0.122292662642292,0.000124476686188989,-0.00290952334747109,-0.0144560464430397,0.0943178689807826
253.338882744608,-0.0100783376358652,-0.00773673750158579,0.00717434183917674,-0.121397070925225,0.000120842713116373,-0.00288829614467233,-0.0142645272156275,0.0936989891602406
255.09582549608,-0.0100131913163166,-0.00761156725273816,0.00698349404177059,-0.12050740414846,0.000117282652968527,-0.00286721216502577,-0.0140754892164267,0.0930837953250757
256.864952906292,-0.00994795790874879,-0.00748773781641782,0.00679641767842019,-0.119623643551644,0.000113795401968633,-0.00284627083344879,-0.0138889015508567,0.0924722728813913
258.646349477661,-0.00988264500185311,-0.00736524337398487,0.00661305693845768,-0.118745770033938,0.000110379866617993,-0.00282547156995116,-0.0137047336759196,0.0918644071333704
260.440100298641,-0.00981726017511806,-0.00724407803945563,0.00643335652960773,-0.117873764160684,0.0001070349636745,-0.0028048137897446,-0.0135229553972154,0.0912601832876786
262.246291047787,-0.00975181099658916,-0.00712423585896326,0.00625726167709401,-0.117007606170019,0.000103759620131217,-0.00278429690335192,-0.0133435368659493,0.0906595864577777
264.065007997846,-0.0096863050206198,-0.0070057108102884,0.00608471812273804,-0.116147275979452,0.000100552773195028,-0.00276392031671547,-0.0131664485759329,0.0900626016681505
265.896338019882,-0.00962074978561499,-0.00688849680246002,0.00591567212404971,-0.115292753192391,9.74133702653398e-05,-0.00274368343130519,-0.0129916613605802,0.0894692138584382
267.740368587419,-0.00955515281177041,-0.00677258767542632,0.00575007045330842,-0.11444401710464,9.4340368912802e-05,-0.00272358564422612,-0.0128191463899005,0.088879407887492
269.597187780627,-0.00948952159880875,-0.00665797719979578,0.00558786039663365,-0.113601046710847,9.13327368580252e-05,-0.00270362634832552,-0.0126488751674874,0.0882931685373395
271.466884290521,-0.00942386362371554,-0.00654465907664805,0.00542898975304368,-0.112763820710921,8.83894519502495e-05,-0.00268380493229956,-0.0124808195275077,0.0877104805170671
273.349547423206,-0.0093581863384767,-0.00643262693741455,0.00527340683350163,-0.111932317516418,8.55095021459525e-05,-0.00266412078079959,-0.0123149516316885,0.0871313284666205
275.245267104134,-0.00929249716781988,-0.00632187434382852,0.00512106045994723,-0.111106515256882,8.26918854873489e-05,-0.00264457327453814,-0.0121512439663053,0.0865556969605232
277.154133882404,-0.00922680350696169,-0.00621239478794405,0.00497189996431308,-0.110286391786167,7.9935610080758e-05,-0.00262516179039452,-0.011989669339172,0.0859835705115151
279.07623893509,-0.00916111271936304,-0.00610418169222374,0.00482587518752443,-0.109471924688715,7.72396940748064e-05,-0.00260588570152011,-0.0118302008766326,0.0854149335741124
281.011674071587,-0.00909543213449456,-0.00599722840969452,0.00468293647848071,-0.108663091285817,7.46031656384277e-05,-0.00258674437744343,-0.0116728120205566,0.084849770548089
282.960531738006,-0.00902976904561427,-0.00589152822417086,0.00454303469301775,-0.107859868641833,7.20250629386315e-05,-0.00256773718417485,-0.0115174765253392,0.0842880657818817
284.922905021585,-0.00896413070755938,-0.00578707435054495,0.00440612119284924,-0.107062233570395,6.95044341180053e-05,-0.00254886348431106,-0.0113641684549055,0.0837298035759201
286.898887655133,-0.00889852433455451,-0.0056838599351431,0.00427214784448604,-0.106270162640573,6.70403372719169e-05,-0.00253012263713937,-0.0112128621797218,0.0831749681858814
288.888574021513,-0.00883295709803802,-0.00558187805614737,0.00414106701813205,-0.10548363218302,6.46318404253833e-05,-0.00251151399874168,-0.0110635323738133,0.082623543825873
290.892059158146,-0.00876743612450858,-0.00548112172408197,0.00401283158655514,-0.104702618296096,6.22780215095736e-05,-0.00249303692209826,-0.010916154011789,0.0820755146715422
292.909438761552,-0.00870196849339383,-0.00538158388236309,0.0038873949239319,-0.103927096851952,5.99779683379129e-05,-0.00247469075719131,-0.0107707023658757,0.0815308648631156
294.940809191919,-0.00863656123494307,-0.00528325740791157,0.00376471090466466,-0.103157043502605,5.77307785817522e-05,-0.00245647485110835,-0.0106271530029602,0.0809895785083684
296.986267477709,-0.00857122132814571,-0.00518613511182713,0.00364473390216974,-0.102392433685979,5.55355597455769e-05,-0.00243838854814529,-0.0104854817816424,0.0804516396855251
299.045911320291,-0.00850595569867737,-0.00509020974012321,0.00352741878763515,-0.101633242631927,5.33914291417142e-05,-0.00242043118990941,-0.0103456648492972,0.0799170324460927
301.119839098607,-0.00844077121687541,-0.00499547397452124,0.00341272092874688,-0.100879445368221,5.1297513864517e-05,-0.00240260211542204,-0.0102076786391496,0.0793857408176278
303.208149873869,-0.00837567469574541,-0.00490192043330305,0.00330059618838209,-0.100131016726528,4.92529507639855e-05,-0.00238490066122109,-0.0100714998673593,0.0788577488064372
305.310943394298,-0.00831067288900053,-0.0048095416722204,0.00319100092326827,-0.0993879313483548,4.72568864188016e-05,-0.0023673261614633,-0.0099371055301193,0.0783330404002161
307.428320099879,-0.00824577248913512,-0.00471833018546002,0.00308389198260681,-0.0986501636909707,4.53084771087441e-05,-0.00234987794802631,-0.00980447290076673,0.0778115995706215
309.560381127168,-0.00818098012553427,-0.00462827840666309,0.00297922670666009,-0.0979176880333052,4.34068887864569e-05,-0.00233255535061049,-0.00967357952690687,0.077293410275784
311.707228314113,-0.00811630236262078,-0.00453937870999762,0.00287696292530061,-0.0971904784818217,4.15512970485419e-05,-0.00231535769684051,-0.00954440322755161,0.0767784564627592
313.868964204927,-0.00805174569804096,-0.00445162341128223,0.00277705895652132,-0.0964685089763653,3.97408871059504e-05,-0.00229828431236665,-0.00941692209027212,0.076266722069918
316.045692054981,-0.00798731656089068,-0.00436500476916009,0.00267947360490586,-0.095751753295985,3.79748537536476e-05,-0.0022813345209659,-0.00929111446836657,0.0757581910292791
318.237515835737,-0.00792302130998301,-0.00427951498632114,0.00258416616005774,-0.0950401850647298,3.62524013395228e-05,-0.00226450764464271,-0.00916695897804315,0.0752528472687825
320.444540239715,-0.00785886623215874,-0.0041951462107714,0.00249109639498751,-0.0943337777574185,3.45727437325247e-05,-0.00224780300372948,-0.00904443449561908,0.0747506747145072
322.666870685493,-0.00779485754064091,-0.0041118905371475,0.00240022456445687,-0.0936325047053816,3.2935104289997e-05,-0.00223121991698673,-0.00892352015473581,0.0742516572928318
324.904613322743,-0.0077310013734346,-0.00402974000807495,0.00231151140327895,-0.0929363391021753,3.1338715824195e-05,-0.00221475770170297,-0.00880419534359088,0.0737557789325415
327.1578750373,-0.00766730379177309,-0.00394868661556839,0.00222491812457384,-0.0922452540092671,2.97828205679589e-05,-0.00219841567379416,-0.00868643970218692,0.0732630235668804
329.426763456268,-0.00760377077861126,-0.00386872230247229,0.00214040641797865,-0.0915592223616906,2.82666701395297e-05,-0.00218219314790285,-0.00857023311959794,0.0727733751355509
331.711386953162,-0.00754040823716739,-0.0037898389639402,0.00205793844781125,-0.0908782169736715,2.67895255064868e-05,-0.00216608943749695,-0.00845555573125347,0.0722868175866619
334.011854653082,-0.00747722198951415,-0.00371202844895096,0.00197747685118729,-0.0902022105442208,2.5350656948791e-05,-0.00215010385496799,-0.00834238791624075,0.0718033348786249
336.328276437929,-0.00741421777521962,-0.00363528256186003,0.00189898473608954,-0.0895311756626959,2.39493440209196e-05,-0.00213423571172909,-0.00823071029462527,0.0713229109820014
338.660762951648,-0.00735140125003916,-0.00355959306398432,0.00182242567938938,-0.0888650848143288,2.25848755130772e-05,-0.00211848431831234,-0.00812050372478999,0.0708455298813001
341.009425605519,-0.00728877798465882,-0.00348495167521848,0.00174776372481962,-0.0882039103857196,2.12565494114726e-05,-0.00210284898446577,-0.00801174930079355,0.0703711755767264
343.374376583475,-0.00722635346349088,-0.00341135007568111,0.00167496338089856,-0.0875476246702941,1.99636728576486e-05,-0.0020873290192498,-0.00790442834974759,0.0698998320858852
345.75572884746,-0.00716413308352222,-0.00333877990738901,0.00160398961880467,-0.0868961998737259,1.87055621068548e-05,-0.00207192373113316,-0.00779852242921355,0.0694314834454361
348.153596142828,-0.00710212215321588,-0.0032672327759575,0.00153480787020174,-0.0862496081193197,1.74815424854591e-05,-0.00205663242808824,-0.00769401332461914,0.0689661137127048
350.568093003772,-0.00704032589146639,-0.00319670025232528,0.00146738402501434,-0.0856078214533561,1.62909483473846e-05,-0.00204145441768588,-0.00759088304669461,0.0685037069672485
352.999334758797,-0.00697874942660914,-0.00312717387450178,0.00140168442915324,-0.0849708118503968,1.51331230295723e-05,-0.00202638900718948,-0.00748911382892909,0.0680442473123784
355.44743753623,-0.00691739779548422,-0.00305864514933529,0.00133767588219092,-0.0843385512185481,1.40074188064629e-05,-0.00201143550364858,-0.00738868812504716,0.0675877188766395
357.912518269762,-0.00685627594255492,-0.00299110555430004,0.001275325634987,-0.0837110114046822,1.29131968434949e-05,-0.00199659321399168,-0.00728958860650587,0.0671341058152482
360.39469470404,-0.00679538871908108,-0.0029245465393004,0.0012146013872637,-0.0830881641996145,1.18498271496186e-05,-0.00198186144511844,-0.00719179816001211,0.0666833923114884
362.894085400285,-0.00673474088234744,-0.00285895952849045,0.00115547128513147,-0.082469981343237,1.08166885288268e-05,-0.00196723950399106,-0.00709529988506091,0.0662355625780683
365.410809741959,-0.00667433709494703,-0.00279433592210707,0.00109790391856482,-0.081856434529605,9.81316853070218e-06,-0.00195272669772502,-0.00700007709149428,0.0657906008584371
367.944987940466,-0.00661418192411974,-0.00273066709831486,0.00104186831882877,-0.0812474954119761,8.8386633999842e-06,-0.00193832233367899,-0.0069061132970811,0.0653484914280626
370.496741040893,-0.00655427984114575,-0.00266794441506095,0.000987333955856135,-0.0806431356078018,7.89257802516339e-06,-0.00192402571954392,-0.00681339222511801,0.0649092185956725
373.066190927794,-0.00649463522079402,-0.00260615921193822,0.000934270735575947,-0.0800433267036687,6.97432588610326e-06,-0.00190983616343133,-0.00672189780205126,0.0644727667044565
375.653460331008,-0.00643525234082543,-0.00254530281205494,0.000882648997193551,-0.0794480402601888,6.08332900070021e-06,-0.00189575297396073,-0.00663161415511985,0.0640391201332341
378.258672831527,-0.00637613538155051,-0.00248536652390933,0.000832439510422838,-0.0788572478168381,5.21901787059014e-06,-0.00188177546034615,-0.00654252561001981,0.0636082632975857
380.881952867393,-0.00631728842544139,-0.00242634164326714,0.000783613472671038,-0.0782709208967417,4.38083142590803e-06,-0.00186790293248178,-0.00645461668858976,0.063180180650949
383.523425739646,-0.00625871545679763,-0.00236821945504087,0.00073614250617685,-0.0776890310114042,3.56821696911465e-06,-0.00185413470102662,-0.00636787210651777,0.0627548566856818
386.183217618305,-0.00620042036146569,-0.0023109912351687,0.000689998655102446,-0.0771115496653856,2.78063011789932e-06,-0.00184047007748822,-0.00628227677106962,0.0623322759340915
388.861455548399,-0.00614240692661136,-0.00225464825249168,0.000645154382580071,-0.0765384483609186,2.01753474717465e-06,-0.00182690837430539,-0.00619781577883825,0.061912422969431
391.558267456034,-0.00608467884054492,-0.00219918177062768,0.00060158256771408,-0.0759696986024703,1.27840293017426e-06,-0.00181344890492992,-0.00611447441351479,0.0614952824068639
394.273782154498,-0.00602723969259833,-0.00214458304984033,0.000559256502539153,-0.0754052719012436,5.627148786729e-07,-0.00180009098390727,-0.00603223814368083,0.0610808389043984
397.008129350424,-0.00597009297305396,-0.0020908433489016,0.000518149888935522,-0.074845139779619,-1.30041117660126e-07,-0.00178683392695614,-0.00595109262062202,0.0606690771637896
399.761439649975,-0.00591324207312416,-0.00203795392694649,0.00047823683550228,-0.0742892737755357,-8.00368752751308e-07,-0.00177367705104701,-0.00587102367616315,0.060259981931413
402.533844565089,-0.0058566902849811,-0.00198590604531841,0.000439491854389523,-0.0737376454468107,-1.448763766443e-06,-0.00176061967447958,-0.00579201732052436,0.0598535379991085
405.325476519761,-0.00580044080183612,-0.00193469096940376,0.0004018898580905,-0.0731902263753949,-2.0757140076214e-06,-0.00174766111695898,-0.00571405974019883,0.0594497302049957
408.136468856361,-0.00574449671806786,-0.00188429997045444,0.000365406156194724,-0.0726469881715659,-2.68169949813296e-06,-0.001734800699671,-0.00563713729585159,0.0590485434342616
410.966955842014,-0.00568886102939832,-0.00183472432739685,0.000330016452103146,-0.0721079024780551,-3.2671924974691e-06,-0.00172203774535593,-0.00556123652023951,0.0586499626199205
413.817072675003,-0.00563353663311624,-0.00178595532862617,0.000295696839706543,-0.0715729409741108,-3.83265756819553e-06,-0.00170937157838144,-0.00548634411615256,0.058253972743548
416.686955491232,-0.00557852632834664,-0.00173798427378464,0.000262423800028235,-0.0710420753794937,-4.37855164210572e-06,-0.00169680152481405,-0.005412446954376,0.057860558835988
419.576741370729,-0.00552383281636593,-0.00169080247552252,0.000230174197832382,-0.070515277458406,-4.90532408707278e-06,-0.00168432691248951,-0.0053395320716737,0.0574697059780354
422.486568344193,-0.00546945870096149,-0.00164440126124077,0.000198925278199014,-0.0699925190233528,-5.41341677457824e-06,-0.00167194707108187,-0.0052675866687923,0.0570813993010926
425.416575399583,-0.00541540648883484,-0.00159877197481406,0.000168654663067111,-0.0694737719389344,-5.9032641478906e-06,-0.00165966133217128,-0.00519659810848631,0.0566956239878031
428.366902488763,-0.00536167859004745,-0.00155390597829324,0.000139340347746994,-0.0689590081255703,-6.3752932908706e-06,-0.00164746902931056,-0.0051265539135639,0.0563123652726598
431.337690534184,-0.00530827731850817,-0.00150979465358609,0.000110960697403305,-0.0684481995631527,-6.82992399737546e-06,-0.00163536949809048,-0.00505744176495344,0.0559316084425916
434.329081435613,-0.00525520489250129,-0.00146642940411534,8.34944435099743e-05,-0.067941318294631,-7.2675688412372e-06,-0.00162336207620364,-0.00498924949979056,0.0555533388375265
437.341218076915,-0.00520246343525411,-0.00142380165645315,5.69206802784354e-05,-0.0674383364295242,-7.68863324678744e-06,-0.00161144610350719,-0.00492196510952572,0.0551775418509326
440.374244332875,-0.00515005497554312,-0.0013819028619309,3.12188610605496e-05,-0.0669392261473625,-8.09351555990171e-06,-0.00159962092208411,-0.00485557673805216,0.054804202930338
443.428305076071,-0.00509798144833758,-0.00134072449822359,6.36879472756466e-06,-0.0664439597010583,-8.48260711953575e-06,-0.00158788587630316,-0.00479007267985404,0.0544333075778289
446.503546183793,-0.00504624469547941,-0.00130025807090801,-1.76493579734571e-05,-0.065952509420204,-8.85629232972579e-06,-0.00157624031287756,-0.00472544137817482,0.054064841350528
449.600114545014,-0.00499484646639844,-0.00126049511499377,-4.0855088084382e-05,-0.065464847714298,-9.21494873202513e-06,-0.00156468358092222,-0.00466167142320562,0.053698789861052
452.718158067401,-0.00494378841886168,-0.00122142719642656,-6.32675421203786e-05,-0.0649809470758981,-9.55894707834723e-06,-0.00155321503200968,-0.00459875155029342,0.05333513877795
455.857825684385,-0.00489307211975571,-0.00118304591356295,-8.49055257726361e-05,-0.0645007800837026,-9.88865140418862e-06,-0.00154183402022464,-0.00453667063816913,0.0529738738261224
459.01926736227,-0.00484269904590084,-0.00114534289861597,-0.000105787507627884,-0.0640243194055577,-1.02044191022011e-05,-0.00153053990221715,-0.00447541770719525,0.0526149807872216
462.202634107401,-0.00479267058489609,-0.00110830981907097,-0.00012593162290329,-0.0635515378013924,-1.05066009960855e-05,-0.00151933203725438,-0.00441498191763305,0.0522584455000341
465.408077973374,-0.00474298803599372,-0.00107193837907115,-0.000145355677195327,-0.0630824081260798,-1.07955414147774e-05,-0.00150820978727107,-0.0043553525679291,0.051904253860845
468.635752068297,-0.00469365261100215,-0.00103622032077217,-0.000164077150241131,-0.0626169033322258,-1.1071578266896e-05,-0.00149717251691848,-0.00429651909302101,0.051552391823785
471.885810562108,-0.00464466543521628,-0.0010011474256655,-0.000182113199690885,-0.0621549964728842,-1.13350431154277e-05,-0.00148621959361214,-0.00423847106266238,0.0512028454011608
475.158408693936,-0.00459602754837376,-0.000966711515869931,-0.000199480664889847,-0.0616966607041985,-1.15862612526137e-05,-0.001475350387578,-0.00418119817976654,0.0508556006637687
478.453702779515,-0.00454773990563639,-0.000932904455390897,-0.000216196070668528,-0.0612418692879715,-1.18255517750154e-05,-0.0014645642718974,-0.00412469027876913,0.0505106437411923
481.771850218653,-0.00449980337859524,-0.000899718151347309,-0.000232275631139621,-0.0607905955941607,-1.20532276587263e-05,-0.00145386062255046,-0.00406893732400943,0.0501679608220846
485.113009502749,-0.00445221875629846,-0.000867144555165462,-0.000247735253500224,-0.0603428131033024,-1.2269595834703e-05,-0.00144323881845826,-0.00401392940813,0.0498275381544343
488.477340222363,-0.00440498674630061,-0.000835175663739831,-0.000262590541838006,-0.0598984954088622,-1.24749572641871e-05,-0.00143269824152352,-0.00395965675049486,0.049489362045818
491.865003074839,-0.00435810797573235,-0.000803803520560473,-0.000276856800939837,-0.0594576162195142,-1.26696070141892e-05,-0.00142223827666996,-0.00390610969562569,0.0491534188636374
495.276159871982,-0.00431158299238941,-0.000773020216806847,-0.000290549040101568,-0.0590201493613473,-1.2853834333007e-05,-0.00141185831188028,-0.00385327871165616,0.0488196950353422
498.710973547785,-0.00426541226583963,-0.000742817892407866,-0.000303681976937509,-0.0585860687800008,-1.302792272575e-05,-0.00140155773823277,-0.00380115438880411,0.0484881770486396
502.169608166212,-0.00421959618854705,-0.000713188737068075,-0.000316270041188313,-0.0581553485427287,-1.3192150029843e-05,-0.00139133594993657,-0.00374972743786147,0.0481588514516898
505.652228929035,-0.00417413507701191,-0.000684124991259843,-0.000328327378525906,-0.0577279628403924,-1.33467884904834e-05,-0.00138119234436554,-0.00369898868870162,0.0478317048532894
509.159002183727,-0.00412902917292535,-0.000655618947181521,-0.000339867854354105,-0.0573038859893846,-1.3492104836021e-05,-0.00137112632209088,-0.00364892908880436,0.0475067239230407
512.690095431402,-0.00408427864433798,-0.000627662949681521,-0.000350905057603657,-0.056883092433482,-1.36283603532394e-05,-0.00136113728691229,-0.00359953970179789,0.0471838953915096
516.245677334823,-0.00403988358684103,-0.000600249397148354,-0.000361452304520408,-0.0564655567456293,-1.37558109625087e-05,-0.0013512246458879,-0.00355081170601802,0.0468632060503709
519.825917726449,-0.00399584402475906,-0.000573370742366633,-0.000371522642445324,-0.0560512536296549,-1.38747072927867e-05,-0.00134138780936284,-0.00350273639308421,0.0465446427525421
523.430987616559,-0.00395215991235335,-0.00054701949333913,-0.000381128853585139,-0.055640157921918,-1.3985294756442e-05,-0.00133162619099654,-0.00345530516649239,0.0462281924123052
527.061059201407,-0.00390883113503473,-0.000521188214074987,-0.00039028345877242,-0.0552322445928881,-1.40878136238757e-05,-0.00132193920778866,-0.00340850954022435,0.0459138420054177
530.716305871459,-0.00386585751058499,-0.000495869525344188,-0.000398998721213808,-0.054827488748658,-1.41824990979152e-05,-0.00131232628010388,-0.00336234113737358,0.045601578569213
534.396902219665,-0.00382323879038585,-0.000471056105398486,-0.00040728665022536,-0.0544258656323909,-1.42695813879604e-05,-0.00130278683169523,-0.00331679168878732,0.045291389202689
538.103024049808,-0.00378097466065447,-0.000446740690658931,-0.000415159004953746,-0.0540273506257016,-1.43492857838544e-05,-0.00129332028972638,-0.00327185303172473,0.0449832610665879
541.834848384891,-0.00373906474368461,-0.000422916076370238,-0.000422627298082267,-0.0536319192499731,-1.44218327294608e-05,-0.00128392608479248,-0.00322751710853102,0.0446771813834649
545.592553475602,-0.0036975085990925,-0.000399575117222195,-0.000429702799520571,-0.0532395471676096,-1.44874378959219e-05,-0.00127460365093994,-0.00318377596532729,0.044373137437747
549.376318808822,-0.00365630572506644,-0.000376710727938426,-0.000436396540076996,-0.0528502101832261,-1.45463122545782e-05,-0.0012653524256849,-0.003140621750716,0.0440711165757835
553.1863251162,-0.00361545555961937,-0.00035431588383273,-0.000442719315112552,-0.0524638842447758,-1.45986621495279e-05,-0.00125617185003055,-0.00309804671450194,0.0437711062058854
557.022754382788,-0.00357495748184337,-0.000332383621333326,-0.000448681688175508,-0.0520805454446162,-1.46446893698067e-05,-0.00124706136848323,-0.00305604320642835,0.0434730937983574
560.885789855729,-0.00353481081316534,-0.000310907038475348,-0.000454293994615594,-0.0517001700205141,-1.46845912211662e-05,-0.00123802042906742,-0.0030146036749283,0.0431770668855201
564.775616053012,-0.00349501481860312,-0.000289879295361895,-0.000459566345176936,-0.0513227343565915,-1.47185605974343e-05,-0.00122904848333955,-0.00297372066589091,0.042883013061724
568.692418772287,-0.00345556870802097,-0.000269293614594036,-0.00046450862956875,-0.0509482149842121,-1.47467860514369e-05,-0.00122014498640063,-0.00293338682144247,0.0425909199833553
572.636385099737,-0.00341647163738395,-0.000249143281670121,-0.000469130520012933,-0.0505765885828102,-1.47694518654651e-05,-0.0012113093969079,-0.0028935948787421,0.0423007753688332
576.607703419018,-0.00337772271001015,-0.000229421645354827,-0.000473441474767727,-0.0502078319806624,-1.47867381212678e-05,-0.00120254117708524,-0.00285433766879197,0.0420125669985998
580.606563420252,-0.00333932097782025,-0.000210122118018321,-0.00047745074162657,-0.0498419221556033,-1.4798820769556e-05,-0.00119383979273261,-0.00281560811526177,0.0417262827151018
584.633156109091,-0.00330126544258354,-0.000191238175946004,-0.000481167361391424,-0.0494788362356862,-1.48058716990005e-05,-0.00118520471323434,-0.0027773992333274,0.0414419104227655
588.687673815838,-0.0032635550571598,-0.000172763359619248,-0.000484600171319744,-0.0491185514997892,-1.48080588047085e-05,-0.00117663541156649,-0.00273970412852364,0.0411594380879636
592.77031020464,-0.00322618872673627,-0.000154691273967603,-0.000487757808544398,-0.0487610453781687,-1.48055460561642e-05,-0.00116813136430306,-0.00270251599561064,0.0408788537389757
596.881260282727,-0.00318916531005919,-0.000137015588592939,-0.000490648713465848,-0.0484062954529603,-1.47984935646188e-05,-0.00115969205162133,-0.00266582811745419,0.0406001454659418
601.020720409738,-0.00315248362065913,-0.000119730037965998,-0.000493281133115892,-0.0480542794586284,-1.47870576499168e-05,-0.00115131695730609,-0.0026296338639194,0.0403233014208088
605.188888307094,-0.00311614242806963,-0.000102828421595856,-0.000495663124492344,-0.0477049752823659,-1.47713909067451e-05,-0.00114300556875302,-0.0025939266907779,0.040048309817271
609.385963067442,-0.00308014045903851,-8.63046041727808e-05,-0.000497802557864064,-0.0473583609644446,-1.47516422702928e-05,-0.00113475737697102,-0.00255870013862823,0.0397751589307037
613.612145164168,-0.00304447639873122,-7.01525156850185e-05,-0.000499707120045718,-0.0470144146985171,-1.47279570813102e-05,-0.00112657187658373,-0.00252394783182926,0.0395038370980916
617.867636460969,-0.00300914889192591,-5.43661515099987e-05,-0.000501384317641766,-0.046673114831872,-1.47004771505552e-05,-0.00111844856583006,-0.00248966347744662,0.03923433271795
622.152640221499,-0.00297415654419941,-3.89395724805018e-05,-0.000502841480259137,-0.0463344398656425,-1.46693408226168e-05,-0.00111038694656382,-0.00245584086421189,0.0389666342502417
626.467361119072,-0.00293949792310384,-2.38669049263151e-05,-0.000504085763688095,-0.0459983684549701,-1.46346830391061e-05,-0.00110238652425259,-0.00242247386149446,0.038700730216287
630.812005246445,-0.00290517155933334,-9.14234069190325e-06,-0.000505124153050865,-0.0456648794091238,-1.45966354012052e-05,-0.00109444680797566,-0.00238955641828582,0.0384366091986689
635.186780125658,-0.00287117594788038,5.23986286934844e-06,-0.00050596346591757,-0.0453339516915771,-1.45553262315648e-05,-0.00108656731042114,-0.00235708256219628,0.0381742598411329
639.591894717946,-0.00283750954918128,1.92853829237899e-05,-0.000506610355389081,-0.0450055644200415,-1.4510880635543e-05,-0.00107874754788233,-0.00232504639846387,0.0379136708484816
644.027559433723,-0.00280417079025061,3.2999831208503e-05,-0.000507071313146404,-0.0446796968664604,-1.44634205617771e-05,-0.00107098704025323,-0.00229344210897526,0.0376548309864645
648.493986142629,-0.00277115806580388,4.63887541040913e-05,-0.000507352672466278,-0.0443563284569618,-1.44130648620818e-05,-0.00106328531102337,-0.00226226395129869,0.0373977290816628
652.991388183652,-0.00273846973936838,5.94576327287118e-05,-0.000507460611202646,-0.0440354387717727,-1.43599293506668e-05,-0.00105564188727179,-0.00223150625772864,0.037142354021369
657.519980375318,-0.0027061041443817,7.22118830527936e-05,-0.000507401154733698,-0.0437170075450951,-1.43041268626681e-05,-0.0010480562996604,-0.00220116343434214,0.0368886947534633
662.07997902595,-0.00267405958527754,8.46568560338872e-05,-0.00050718017887427,-0.0434010146649452,-1.42457673119878e-05,-0.00104052808242659,-0.00217122996006661,0.0366367402862839
666.671601944003,-0.0026423343385587,9.67978377710915e-05,-0.000506803412753297,-0.0430874401729565,-1.41849577484364e-05,-0.00103305677337509,-0.00214170038575913,0.0363864796884946
671.295068448464,-0.00261092665385678,0.000108640049678507,-0.000506276441656168,-0.0427762642641475,-1.41218024141752e-05,-0.00102564191386931,-0.00211256933329682,0.0361379020889466
675.950599379332,-0.00257983475497839,0.000120188648677156,-0.000505604709831741,-0.0424674672866564,-1.40564027994525e-05,-0.00101828304882189,-0.00208383149467847,0.0358909966765377
680.638417108163,-0.00254905684093766,0.000131448727404823,-0.000504793523263886,-0.0421610297414417,-1.39888576976325e-05,-0.00101097972668472,-0.00205548163113709,0.0356457527000669
685.358745548692,-0.00251859108697472,0.000142425314443261,-0.000503848052407421,-0.041856932281951,-1.39192632595116e-05,-0.00100373149943828,-0.00202751457226329,0.0354021594680853
690.11181016753,-0.00248843564556004,0.000153123374562232,-0.000502773334888294,-0.0415551557137593,-1.38477130469221e-05,-0.000996537922580457,-0.00199992521513943,0.035160206348743
694.897837994932,-0.00245858864738438,0.00016354780897981,-0.000501574278167944,-0.0412556809941764,-1.37742980856196e-05,-0.000989398555114756,-0.00197270852348433,0.0349198827696333
699.717057635642,-0.00242904820233413,0.000173703455638431,-0.000500255662171768,-0.0409584892318254,-1.3699106917453e-05,-0.000982312959537954,-0.00194585952680847,0.0346811782176322
704.569699279812,-0.00239981240045198,0.000183595089496152,-0.000498822141881615,-0.0406635616861929,-1.36222256518162e-05,-0.000975280701827238,-0.00191937331957954,0.034444082238736
709.455994713995,-0.00237087931288272,0.000193227422832565,-0.000497278249892319,-0.0403708797671522,-1.35437380163811e-05,-0.000968301351426826,-0.00189324506039817,0.0342085844378943
714.376177332221,-0.00234224699280397,0.000202605105568867,-0.000495628398932236,-0.0400804250344596,-1.34637254071105e-05,-0.000961374481234088,-0.0018674699711838,0.0339746744788408
719.33048214714,-0.00231391347634184,0.000211732725601546,-0.000493876884347791,-0.0397921791972252,-1.33822669375524e-05,-0.000954499667585185,-0.00184204333637053,0.0337423420839205
724.31914580125,-0.00228587678347141,0.00022061480914917,-0.000492027886552099,-0.0395061241133599,-1.32994394874157e-05,-0.000947676490240256,-0.00181696050211285,0.0335115770339145
729.342406578201,-0.00225813491890181,0.00022925582111177,-0.000490085473437659,-0.0392222417889973,-1.32153177504274e-05,-0.000940904532368155,-0.00179221687550101,0.0332823691678614
734.400504414174,-0.00223068587294597,0.000237660165442312,-0.00048805360275324,-0.0389405143778942,-1.31299742814742e-05,-0.000934183380530762,-0.00176780792378617,0.0330547083828761
739.493680909344,-0.00220352762237498,0.000245832185529761,-0.000485936124445002,-0.0386609241808079,-1.30434795430287e-05,-0.00092751262466689,-0.00174372917361495,0.0328285846339664
744.622179339418,-0.00217665813125689,0.000253776164593232,-0.000483736782961973,-0.0383834536448534,-1.29559019508629e-05,-0.00092089185807579,-0.00171997621027342,0.0326039879338465
749.786244667259,-0.00215007535178005,0.000261496326086767,-0.000481459219526004,-0.0381080853628392,-1.28673079190513e-05,-0.00091432067740029,-0.00169654467694039,0.032380908352748
754.98612355458,-0.0021237772250609,0.000268996834114238,-0.000479106974366313,-0.0378348020725846,-1.27777619042654e-05,-0.000907798682609569,-0.00167343027394983,0.0321593360182291
760.222064373731,-0.00209776168193622,0.000276281793853904,-0.000476683488918799,-0.0375635866562173,-1.26873264493644e-05,-0.000901325476981582,-0.00165062875806242,0.0319392611149809
765.494317219563,-0.00207202664373986,0.000283355251992194,-0.00047419210799025,-0.0372944221394544,-1.25960622262824e-05,-0.000894900667085164,-0.00162813594174599,0.0317206738846315
770.803133921369,-0.00204657002306393,0.000290221197166203,-0.000471636081887661,-0.037027291690865,-1.25040280782191e-05,-0.000888523862761821,-0.00160594769246489,0.0315035646255484
776.148768054917,-0.00202138972450451,0.000296883560414499,-0.000469018568512818,-0.0367621786211171,-1.24112810611346e-05,-0.000882194677107216,-0.00158405993197801,0.0312879236926386
781.531474954562,-0.00199648364539191,0.000303346215635788,-0.000466342635422375,-0.0364990663822088,-1.23178764845545e-05,-0.000875912726452375,-0.00156246863564551,0.0310737414971462
786.951511725437,-0.00197184967650549,0.000309612980054991,-0.000463611261853632,-0.0362379385666848,-1.22238679516887e-05,-0.000869677630344627,-0.0015411698317441,0.0308610085064491
792.40913725574,-0.00194748570277318,0.000315687614696329,-0.00046082734071623,-0.0359787789068381,-1.21293073988678e-05,-0.000863489011528287,-0.00152015960079066,0.0306497152438528
797.904612229097,-0.00192338960395561,0.00032157382486299,-0.000457993680550021,-0.0357215712738989,-1.20342451343041e-05,-0.000857346495925094,-0.00149943407487432,0.0304398522883834
803.438199137013,-0.00189955925531515,0.000327275260622966,-0.000455113007449343,-0.0354662996772108,-1.19387298761794e-05,-0.000851249712614432,-0.00147898943699666,0.0302314102745778
809.01016229141,-0.00187599252826972,0.00033279551730068,-0.000452187966953967,-0.0352129482633943,-1.1842808790066e-05,-0.000845198293813325,-0.00145882192042013,0.0300243798922734
814.620767837254,-0.00185268729103162,0.000338138135973982,-0.000449221125906998,-0.0349615013154995,-1.17465275256874e-05,-0.000839191874856244,-0.00143892780802447,0.0298187518863954
820.270283765263,-0.00182964140923133,0.000343306603976171,-0.00044621497427997,-0.0347119432521477,-1.16499302530223e-05,-0.000833230094174716,-0.00141930343167107,0.0296145170567429
825.958979924714,-0.00180685274652658,0.000348304355402632,-0.000443171926965469,-0.034464258626663,-1.15530596977584e-05,-0.000827312593276762,-0.00139994517157519,0.0294116662577735
831.687128036326,-0.00178431916519658,0.000353134771621751,-0.000440094325537531,-0.0342184321261943,-1.14559571761028e-05,-0.000821439016726173,-0.00138084945568593,0.0292101903983867
837.455001705243,-0.00176203852672175,0.000357801181789734,-0.000436984439980165,-0.0339744485708288,-1.13586626289531e-05,-0.000815609012121631,-0.00136201275907386,0.0290100804417054
843.262876434102,-0.00174000869234883,0.000362306863368999,-0.00043384447038426,-0.0337322929126962,-1.12612146554377e-05,-0.000809822230075695,-0.00134343160332621,0.0288113274048571
849.111029636188,-0.00171822752364179,0.000366655042649784,-0.000430676548613234,-0.0334919502350666,-1.11636505458299e-05,-0.000804078324193656,-0.00132510255594957,0.0286139223587529
854.999740648693,-0.00169669288301836,0.000370848895274658,-0.000427482739937717,-0.0332534057514399,-1.10660063138424e-05,-0.000798376951052273,-0.00130702222977993,0.0284178564278656
860.92929074605,-0.00167540263427263,0.000374891546765602,-0.000424265044639617,-0.0330166448046293,-1.096831672831e-05,-0.000792717770178409,-0.00128918728240009,0.0282231207900076
866.899963153375,-0.00165435464308357,0.000378786073053349,-0.000421025399585887,-0.0327816528658388,-1.08706153442659e-05,-0.000787100444027562,-0.00127159441556419,0.0280297066761061
872.91204305999,-0.00163354677750994,0.000382535501008687,-0.000417765679772336,-0.0325484155337343,-1.07729345334192e-05,-0.000781524637962321,-0.00125424037462945,0.0278376053699788
878.965817633049,-0.00161297690847138,0.000386142808975419,-0.000414487699837833,-0.0323169185335109,-1.06753055140396e-05,-0.000775990020230737,-0.00123712194799492,0.027646808208108
885.061576031251,-0.00159264291021618,0.00038961092730469,-0.000411193215549237,-0.0320871477159544,-1.05777583802572e-05,-0.000770496261944633,-0.00122023596654718,0.0274573065794137
891.199609418655,-0.0015725426607757,0.00039294273889042,-0.000407883925257413,-0.0318590890564996,-1.04803221307843e-05,-0.000765043037057855,-0.00120357930311294,0.027269091925026
897.380210978585,-0.0015526740424056,0.000396141079705546,-0.000404561471324693,-0.0316327286542844,-1.03830246970655e-05,-0.000759630022344479,-0.0011871488719184,0.0270821557380569
903.603675927636,-0.0015330349420142,0.000399208739338838,-0.000401227441524118,-0.0314080527312012,-1.02858929708641e-05,-0.000754256897376973,-0.00117094162805535,0.0268964895633711
909.870301529772,-0.00151362325157791,0.000402148461532007,-0.000397883370410852,-0.0311850476309451,-1.01889528312918e-05,-0.000748923344504339,-0.00115495456695388,0.026712084997356
916.18038711053,-0.00149443686854419,0.000404962944716883,-0.00039453074066609,-0.0309636998180603,-1.00922291712888e-05,-0.00074362904883022,-0.00113918472386169,0.0265289336876916
922.534234071309,-0.00147547369622192,0.000407654842552403,-0.000391170984413867,-0.0307439958769839,-9.99574592356199e-06,-0.000738373698191007,-0.00112362917332977,0.0263470273331187
928.932145903777,-0.00145673164415958,0.000410226764461196,-0.000387805484511099,-0.030525922511089,-9.89952608598786e-06,-0.000733156983133929,-0.00110828502870461,0.026166357683208
935.374428204358,-0.00143820862851137,0.000412681276165534,-0.00038443557581124,-0.0303094665417264,-9.80359174648864e-06,-0.000727978596895154,-0.0010931494416266,0.0259869165381271
941.861388688833,-0.00141990257239131,0.000415020900222425,-0.000381062546401921,-0.0300946149072651,-9.70796410738788e-06,-0.000722838235377889,-0.00107821960153482,0.0258086957484082
948.39333720704,-0.00140181140621577,0.000417248116557662,-0.000377687638816935,-0.029881354662133,-9.61266350925367e-06,-0.000717735597130509,-0.00106349273517782,0.025631687214715
954.970585757668,-0.00138393306803435,0.000419365362998606,-0.000374312051222945,-0.0296696729758575,-9.51770945423663e-06,-0.000712670383324696,-0.00104896610613069,0.0254558828876084
961.593448503166,-0.00136626550384944,0.000421375035805518,-0.000370936938581273,-0.0294595571321065,-9.42312062891016e-06,-0.000707642297733619,-0.00103463701431798,0.0252812747673135
968.262241784745,-0.0013488066679247,0.000423279490201261,-0.000367563413785154,-0.0292509945277294,-9.32891492662036e-06,-0.000702651046710139,-0.0010205027955427,0.0251078549034842
974.977284137491,-0.00133155452308245,0.000425081040899181,-0.000364192548772812,-0.0290439726717999,-9.23510946935324e-06,-0.000697696339165067,-0.00100656082102111,0.0249356153949695
981.738896305574,-0.00131450704099034,0.000426781962629005,-0.000360825375616737,-0.0288384791846597,-9.14172062912622e-06,-0.000692777886545463,-0.000992808496923417,0.0247645483895779
988.547401257578,-0.00129766220243744,0.000428384490660583,-0.000357462887589516,-0.0286345017969638,-9.04876404891173e-06,-0.000687895402812993,-0.000979243263920094,0.0245946460838423
995.403124201917,-0.00128101799759988,0.000429890821325321,-0.00035410604020661,-0.0284320283487273,-8.95625466310018e-06,-0.000683048604422341,-0.000965862596733968,0.0244259007227851
1002.30639260238,-0.00126457242629635,0.000431303112535157,-0.000350755752246414,-0.0282310467883752,-8.86420671750953e-06,-0.000678237210299687,-0.00095266400369787,0.024258304599682
1009.25753619375,-0.00124832349823345,0.000432623484298921,-0.000347412906747988,-0.028031545171794,-8.77263378894906e-06,-0.000673460941821264,-0.000939645026317828,0.0240918500558267
1016.2568869976,-0.00123226923324134,0.000433854019235953,-0.000344078351986813,-0.0278335116613852,-8.68154880434433e-06,-0.000668719522791969,-0.000926803238841727,0.023926529480295
1023.30477933808,-0.00121640766149969,0.000434996763086843,-0.000340752902428928,-0.0276369345251238,-8.59096405943093e-06,-0.00066401267942408,-0.000914136247833396,0.0237623353097091
1030.40154985798,-0.00120073682375409,0.000436053725221168,-0.000337437339663821,-0.0274418021356174,-8.50089123702393e-06,-0.000659340140316029,-0.000901641691751999,0.0235992600280011
1037.5475375347,-0.00118525477152335,0.000437026879142089,-0.000334132413316418,-0.0272481029691705,-8.41134142487062e-06,-0.000654701636431289,-0.000889317240536744,0.0234372961661776
1044.74308369654,-0.00116995956729754,0.000437918162987727,-0.000330838841938535,-0.0270558256048514,-8.32232513309318e-06,-0.000650096901077332,-0.000877160595196768,0.0232764363020836
1051.98853203895,-0.00115484928472728,0.00043872948002917,-0.000327557313880147,-0.0268649587235633,-8.23385231122905e-06,-0.000645525669884699,-0.000865169487406207,0.0231166730601664
1059.28422864097,-0.00113992200880422,0.000439462699165039,-0.000324288488140808,-0.0266754911071192,-8.14593236487524e-06,-0.000640987680786155,-0.000853341679104324,0.0229579991112399
1066.63052198171,-0.001125175836033,0.000440119655412492,-0.000321032995201598,-0.0264874116373209,-8.0585741719444e-06,-0.000636482673995968,-0.000841674962100702,0.0228004071722489
1074.02776295709,-0.0011106088745949,0.000440702150394589,-0.000317791437837911,-0.0263007092950421,-7.97178609853896e-06,-0.000632010391989268,-0.000830167157685358,0.0226438900060331
1081.4763048965,-0.0010962192445033,0.000441211952823918,-0.00031456439191346,-0.0261153731593167,-7.88557601445072e-06,-0.000627570579481544,-0.000818816116243824,0.0224884404210921
1088.97650357974,-0.00108200507775108,0.000441650798982411,-0.000311352407155799,-0.0259313924064309,-7.79995130829214e-06,-0.00062316298340823,-0.000807619716877019,0.0223340512713495
1096.52871725401,-0.0010679645184504,0.00044202039319726,-0.000308156007913747,-0.025748756309021,-7.71491890226699e-06,-0.000618787352904428,-0.000796575867025963,0.0221807154559182
1104.13330665098,-0.00105409572296457,0.000442322408312871,-0.000304975693896986,-0.0255674542351749,-7.63048526658578e-06,-0.000614443439284728,-0.000785682502101185,0.0220284259188648
1111.79063500406,-0.00104039686003272,0.000442558486158777,-0.000301811940898236,-0.0253874756475404,-7.54665643353418e-06,-0.000610130996023176,-0.000774937585116845,0.0218771756489759
1119.50106806575,-0.00102686611088704,0.000442730238013452,-0.000298665201498258,-0.0252088101024369,-7.46343801119935e-06,-0.000605849778733339,-0.000764339106329439,0.0217269576795226
1127.26497412507,-0.00101350166936291,0.000442839245063971,-0.000295535905754076,-0.025031447248974,-7.38083519686226e-06,-0.000601599545148517,-0.000753885082881111,0.0215777650880268
1135.0827240252,-0.00100030174200213,0.00044288705886145,-0.000292424461870681,-0.0248553768281744,-7.29885279006097e-06,-0.000597380055102068,-0.000743573558447432,0.0214295909960272
1142.95469118117,-0.000987264548149353,0.000442875201772221,-0.000289331256856582,-0.0246805886721033,-7.21749520533253e-06,-0.000593191070507881,-0.000733402602889684,0.0212824285688459
1150.8812515977,-0.000974388320041904,0.000442805167424691,-0.000286256657163471,-0.0245070727030027,-7.13676648463871e-06,-0.000589032355340961,-0.000723370311911494,0.0211362710153548
1158.86278388715,-0.000961671302893146,0.000442678421151855,-0.000283201009310355,-0.0243348189324323,-7.05667030948269e-06,-0.000584903675618169,-0.00071347480671987,0.0209911115877431
1166.89966928762,-0.000949111754969553,0.000442496400429398,-0.000280164640492423,-0.0241638174604152,-6.97721001272188e-06,-0.000580804799379077,-0.000703714233690487,0.0208469435812845
1174.99229168114,-0.00093670794766169,0.000442260515309378,-0.000277147859174971,-0.023994058474591,-6.89838859008411e-06,-0.000576735496666984,-0.000694086764037264,0.0207037603341053
1183.14103761204,-0.000924458165549171,0.000441972148849439,-0.000274150955672676,-0.0238255322493733,-6.8202087113918e-06,-0.000572695539510048,-0.000684590593486089,0.0205615552269525
1191.34629630538,-0.000912360706459862,0.00044163265753753,-0.000271174202714518,-0.0236582291451147,-6.7426727315014e-06,-0.000568684701902577,-0.000675223941952735,0.0204203216829629
1199.60845968555,-0.000900413881523361,0.000441243371712112,-0.000268217855994622,-0.0234921396072772,-6.6657827009628e-06,-0.000564702759786445,-0.000665985053224824,0.0202800531674318
1207.92792239501,-0.000888616015219032,0.000440805595977818,-0.000265282154709337,-0.0233272541656095,-6.58954037640521e-06,-0.000560749491032671,-0.000656872194647881,0.020140743187583
1216.3050818131,-0.00087696544541862,0.000440320609616554,-0.000262367322080803,-0.0231635634333295,-6.51394723065466e-06,-0.00055682467542312,-0.000647883656815335,0.0200023852923387
1224.74033807505,-0.000865460523423708,0.000439789666994033,-0.000259473565867306,-0.0230010581063144,-6.43900446258926e-06,-0.000552928094632365,-0.000639017753262518,0.0198649730720907
1233.23409409112,-0.000854099613998047,0.000439213997961703,-0.000256601078860677,-0.0228397289622965,-6.36471300673706e-06,-0.000549059532209685,-0.000630272820164513,0.0197285001584705
1241.78675556577,-0.000842881095395024,0.000438594808254095,-0.000253750039371029,-0.0226795668600658,-6.2910735426226e-06,-0.000545218773561217,-0.000621647216037901,0.0195929602241222
1250.39873101711,-0.000831803359380277,0.000437933279881548,-0.000250920611699068,-0.0225205627386785,-6.21808650386703e-06,-0.000541405605932244,-0.000613139321446271,0.0194583469824737
1259.07043179635,-0.000820864811249725,0.000437230571518333,-0.000248112946596277,-0.0223627076166732,-6.14575208704738e-06,-0.000537619818389645,-0.000604747538709527,0.0193246541875101
1267.80227210752,-0.000810063869843029,0.000436487818886152,-0.000245327181713185,-0.0222059925912922,-6.0740702603198e-06,-0.000533861201804481,-0.000596470291616876,0.0191918756335469
1276.5946690272,-0.00079939896755271,0.000435706135133032,-0.000242563442036028,-0.0220504088377105,-6.00304077181242e-06,-0.000530129548834729,-0.000588306025143506,0.0190600051550037
1285.44804252445,-0.000788868550329016,0.000434886611207602,-0.000239821840312007,-0.0218959476082711,-5.93266315779236e-06,-0.00052642465390818,-0.000580253205170884,0.0189290366261791
1294.36281548089,-0.000778471077680638,0.000434030316228753,-0.000237102477463415,-0.0217426002317267,-5.86293675061199e-06,-0.000522746313205467,-0.000572310318210622,0.0187989639610255
1303.33941371088,-0.00076820502267148,0.000433138297850716,-0.00023440544299087,-0.0215903581124885,-5.79386068643958e-06,-0.000519094324643252,-0.000564475871131898,0.0186697811129253
1312.37826598188,-0.000758068871913506,0.000432211582623523,-0.000231730815365887,-0.021439212729881,-5.72543391277859e-06,-0.000515468487857559,-0.000556748390892347,0.0185414820744667
1321.47980403488,-0.000748061125555893,0.000431251176348906,-0.000229078662413033,-0.0212891556374042,-5.65765519578094e-06,-0.000511868604187262,-0.000549126424272431,0.0184140608772213
1330.6444626051,-0.000738180297270507,0.000430258064431608,-0.000226449041681883,-0.0211401784620019,-5.59052312735835e-06,-0.000508294476657712,-0.000541608537613184,0.0182875115915217
1339.87267944269,-0.00072842491423391,0.000429233212226155,-0.000223842000809019,-0.0209922729033375,-5.52403613209658e-06,-0.000504745909964526,-0.00053419331655736,0.0181618283262396
1349.16489533366,-0.000718793517105934,0.000428177565379071,-0.000221257577870284,-0.020845430733075,-5.4581924739771e-06,-0.000501222710457508,-0.000526879365793868,0.018037005228565
1358.52155412096,-0.000709284660005007,0.000427092050166582,-0.000218695801723514,-0.0206996437941687,-5.39299026291034e-06,-0.00049772468612474,-0.000519665308805534,0.0179130364837861
1367.94310272563,-0.000699896910480269,0.000425977573827813,-0.000216156692341954,-0.0205549040001574,-5.32842746108499e-06,-0.000494251646576799,-0.00051254978762006,0.0177899163150697
1377.42999116818,-0.000690628849480666,0.000424835024893505,-0.000213640261138598,-0.0204112033344671,-5.26450188913774e-06,-0.000490803403031143,-0.000505531462564238,0.0176676389832422
1386.98267259009,-0.000681479071321041,0.000423665273510264,-0.00021114651128162,-0.0202685338497194,-5.20121123214724e-06,-0.000487379768296629,-0.000498609012021285,0.0175461987865715
1396.60160327544,-0.000672446183645419,0.000422469171760384,-0.000208675438001133,-0.0201268876670465,-5.13855304545684e-06,-0.000483980556758188,-0.00049178113219134,0.0174255900605498
1406.2872426727,-0.000663528807387488,0.000421247553977249,-0.000206227028887459,-0.0199862569754133,-5.07652476032967e-06,-0.000480605584361639,-0.00048504653685502,0.0173058071776768
1416.04005341668,-0.000654725576728479,0.000420001237056355,-0.000203801264181117,-0.0198466340309461,-5.01512368944046e-06,-0.00047725466859866,-0.000478403957140055,0.0171868445472438
1425.86050135065,-0.000646035139052447,0.000418731020761968,-0.00020139811705471,-0.019708011156267,-4.9543470322074e-06,-0.000473927628491895,-0.000471852141290904,0.0170686966151185
1435.74905554856,-0.000637456154899125,0.00041743768802946,-0.000199017553886911,-0.0195703807398362,-4.89419187996863e-06,-0.000470624284580212,-0.000465389854441383,0.0169513578635307
1445.70618833745,-0.000628987297914388,0.000416122005263336,-0.000196659534528733,-0.0194337352352998,-4.83465522100613e-06,-0.0004673444589041,-0.000459015878390195,0.0168348228108586
1455.73237532004,-0.000620627254798464,0.000414784722630995,-0.000194324012562256,-0.0192980671608444,-4.77573394542162e-06,-0.000464087974991224,-0.000452729011379395,0.0167190860114162
1465.8280953974,-0.000612374725251935,0.000413426574352247,-0.000192010935551999,-0.0191633690985587,-4.71742484986718e-06,-0.000460854657842099,-0.000446528067875697,0.0166041420552406
1475.99383079187,-0.000604228421919666,0.000412048278984635,-0.000189720245289112,-0.0190296336938007,-4.65972464213488e-06,-0.000457644333915937,-0.000440411878354634,0.0164899855678816
1486.23006707006,-0.000596187070332695,0.000410650539704568,-0.000187451878028557,-0.0188968536545719,-4.60262994560822e-06,-0.000454456831116605,-0.00043437928908749,0.0163766112101904
1496.53729316606,-0.000588249408848218,0.000409234044584324,-0.000185205764719444,-0.0187650217508978,-4.54613730357926e-06,-0.000451291978778751,-0.000428429161931024,0.0162640136781106
1506.9160014048,-0.000580414188587696,0.000407799466864949,-0.000182981831228689,-0.0186341308142148,-4.49024318343433e-06,-0.000448149607654052,-0.00042256037411989,0.0161521877024687
1517.36668752555,-0.000572680173373232,0.000406347465225076,-0.000180779998558171,-0.0185041737367628,-4.43494398071197e-06,-0.000445029549897611,-0.00041677181806178,0.0160411280487667
1527.88985070559,-0.000565046139662209,0.00040487868404572,-0.000178600183055512,-0.0183751434709855,-4.38023602303586e-06,-0.000441931639054488,-0.000411062401135202,0.0159308295169744
1538.4859935841,-0.00055751087648036,0.000403393753671072,-0.000176442296618677,-0.0182470330289351,-4.3261155739263e-06,-0.000438855710046369,-0.000405431045489907,0.0158212869413232
1549.15562228612,-0.000550073185353251,0.000401893290665327,-0.000174306246894515,-0.018119835481685,-4.2725788364928e-06,-0.000435801599158377,-0.000399876687849892,0.0157124951901005
1559.89924644673,-0.000542731880236333,0.000400377898065603,-0.000172191937471401,-0.0179935439587473,-4.21962195701122e-06,-0.000432769144026015,-0.000394398279318987,0.015604449165445
1570.71737923542,-0.000535485787443562,0.000398848165630953,-0.000170099268066134,-0.0178681516474973,-4.16724102838814e-06,-0.000429758183622236,-0.000388994785188944,0.0154971438031427
1581.61053738059,-0.000528333745574711,0.000397304670087556,-0.000168028134705218,-0.0177436517926035,-4.1154320935153e-06,-0.000426768558244669,-0.000383665184750059,0.015390574072424
1592.57924119422,-0.000521274605441396,0.000395747975370074,-0.000165978429900678,-0.017620037695464,-4.06419114851702e-06,-0.00042380010950295,-0.000378408471104225,0.0152847349757614
1603.62401459674,-0.000514307229991927,0.000394178632859263,-0.000163950042820545,-0.0174973027136492,-4.0135141458934e-06,-0.00042085268030621,-0.000373223650980459,0.0151796215486682
1614.74538514202,-0.000507430494234987,0.000392597181615839,-0.000161942859454139,-0.0173754402603491,-3.96339699756172e-06,-0.000417926114850673,-0.000368109744552806,0.0150752288594982
1625.94388404263,-0.000500643285162278,0.00039100414861066,-0.000159956762772297,-0.0172544438038287,-3.91383557779902e-06,-0.000415020258607406,-0.000363065785260636,0.0149715520092458
1637.22004619516,-0.000493944501670113,0.000389400048951261,-0.000157991632882648,-0.017134306866887,-3.86482572608807e-06,-0.000412134958310174,-0.000358090819631281,0.0148685861313473
1648.57441020578,-0.00048733305448008,0.00038778538610477,-0.000156047347180093,-0.0170150230263233,-3.81636324986966e-06,-0.000409270061943444,-0.000353183907104995,0.0147663263914832
1660.00751841599,-0.000480807866058779,0.000386160652117266,-0.000154123780492588,-0.0168965859124089,-3.76844392720315e-06,-0.0004064254187305,-0.000348344119862193,0.0146647679873812
1671.51991692849,-0.000474367870536747,0.000384526327829602,-0.000152220805222361,-0.0167789892083643,-3.72106350933827e-06,-0.000403600879121698,-0.000343570542652963,0.0145639061486198
1683.11215563331,-0.000468012013626558,0.000382882883089738,-0.000150338291482682,-0.016662226649842,-3.67421772319999e-06,-0.000400796294782827,-0.00033886227262879,0.0144637361364332
1694.78478823403,-0.000461739252540209,0.00038123077696163,-0.0001484761072303,-0.0165462920244157,-3.62790227378916e-06,-0.000398011518583618,-0.000334218419176511,0.0143642532435171
1706.53837227424,-0.000455548555905803,0.000379570457930712,-0.000146634118393652,-0.0164311791710739,-3.58211284650092e-06,-0.000395246404586351,-0.000329638103754412,0.0142654527938349
1718.37346916419,-0.000449438903683606,0.00037790236410601,-0.000144812188996972,-0.0163168819797201,-3.53684510936322e-06,-0.000392500808034604,-0.000325120459730504,0.0141673301424254
1730.2906442076,-0.000443409287081497,0.000376226923418933,-0.000143010181280383,-0.0162033943906777,-3.49209471519752e-06,-0.000389774585342103,-0.000320664632222897,0.0140698806752109
1742.29046662864,-0.000437458708469894,0.000374544553818776,-0.000141227955816108,-0.0160907103942009,-3.44785730370382e-06,-0.00038706759408171,-0.000316269777942285,0.0139730998088063
1754.37350959913,-0.000431586181296161,0.000372855663464984,-0.000139465371620871,-0.0159788240299904,-3.40412850347204e-06,-0.000384379692974516,-0.000311935065036483,0.0138769829903296
1766.54035026596,-0.000425790729998571,0.000371160650916209,-0.000137722286264612,-0.015867729386715,-3.36090393392175e-06,-0.000381710741879055,-0.000307659672937021,0.0137815256972122
1778.79156977856,-0.000420071389919862,0.000369459905316211,-0.000135998555975607,-0.0157574206015383,-3.31817920717235e-06,-0.000379060601780636,-0.000303442792207747,0.0136867234370114
1791.12775331676,-0.000414427207220402,0.000367753806576625,-0.000134294035742087,-0.0156478918596501,-3.27594992984529e-06,-0.000376429134780786,-0.000299283624395411,0.0135925717472227
1803.54949011869,-0.000408857238791049,0.000366042725556663,-0.000132608579410448,-0.015539137393804,-3.23421170480058e-06,-0.00037381620408681,-0.000295181381882238,0.0134990661950939
1816.05737350894,-0.000403360552165692,0.000364327024239762,-0.000130942039780153,-0.0154311514838589,-3.19296013280918e-06,-0.000371221674001461,-0.000291135287740413,0.013406202377439
1828.65200092687,-0.000397936225433564,0.00036260705590724,-0.000129294268695409,-0.0153239284563267,-3.15219081416313e-06,-0.000368645409912722,-0.000287144575588506,0.0133139759204543
1841.33397395519,-0.000392583347151307,0.000360883165308984,-0.000127665117133702,-0.0152174626839245,-3.11189935022506e-06,-0.000366087278283698,-0.000283208489449767,0.0132223824795346
1854.10389834867,-0.000387301016254888,0.000359155688831226,-0.000126054435291293,-0.0151117485851312,-3.07208134491909e-06,-0.000363547146642621,-0.00027932628361231,0.01313141773909
1866.9623840631,-0.00038208834197133,0.000357424954661429,-0.000124462072665729,-0.0150067806237505,-3.03273240616423e-06,-0.000361024883572955,-0.00027549722249112,0.0130410774123648
1879.91004528435,-0.000376944443730367,0.00035569128295034,-0.000122887878135489,-0.0149025533084772,-2.9938481472526e-06,-0.000358520358703617,-0.000271720580491899,0.0129513572412559
1892.94750045783,-0.00037186845107597,0.000353954985971232,-0.000121331700036805,-0.0147990611924692,-2.95542418817335e-06,-0.000356033442699293,-0.000267995641876687,0.0128622529961331
1906.0753723179,-0.00036685950357787,0.000352216368276394,-0.000119793386237766,-0.0146962988729241,-2.91745615688438e-06,-0.000353564007250876,-0.000264321700631282,0.01277376047566
1919.29428791772,-0.000361916750743008,0.000350475726850884,-0.000118272784209766,-0.0145942609906604,-2.87993969053302e-06,-0.000351111925065983,-0.00026069806033439,0.0126858755066156
1932.60487865912,-0.000357039351927037,0.000348733351263608,-0.000116769741096376,-0.0144929422297036,-2.84287043662732e-06,-0.000348677069859601,-0.000257124034028519,0.0125985939437171
1946.00778032282,-0.00035222647624582,0.000346989523815745,-0.000115284103779699,-0.0143923373168764,-2.80624405415928e-06,-0.000346259316344811,-0.000253598944092566,0.0125119116694434
1959.50363309877,-0.00034747730248702,0.000345244519686562,-0.000113815718944309,-0.014292441021394,-2.77005621468151e-06,-0.00034385854022363,-0.000250122122116105,0.0124258245938595
1973.09308161673,-0.000342791019021749,0.000343498607076663,-0.000112364433138802,-0.014193248154464,-2.73430260333857e-06,-0.000341474618177941,-0.000246692908775324,0.0123403286544422
1986.77677497706,-0.000338166823716358,0.000341752047348697,-0.000110930092835061,-0.01409475356889,-2.69897891985447e-06,-0.000339107427860529,-0.000243310653710615,0.0122554198159062
2000.55536678172,-0.000333603923844332,0.000340005095165576,-0.000109512544485282,-0.0139969521586803,-2.66408087947747e-06,-0.000336756847886203,-0.000239974715405777,0.012171094070031
2014.42951516552,-0.000329101535998376,0.000338257998626229,-0.000108111634576828,-0.0138998388586608,-2.62960421388355e-06,-0.00033442275782303,-0.000236684461068824,0.0120873474354894
2028.39988282751,-0.000324658886002655,0.000336510999398932,-0.000106727209684981,-0.0138034086440921,-2.59554467203974e-06,-0.000332105038183647,-0.000233439266514373,0.0120041759576765
2042.46713706267,-0.000320275208825264,0.000334764332852255,-0.000105359116523636,-0.0137076565302913,-2.56189802102856e-06,-0.000329803570416683,-0.00023023851604759,0.0119215757085393
2056.63194979376,-0.000315949748490896,0.000333018228183651,-0.000104007201994019,-0.0136125775722567,-2.52866004683462e-06,-0.000327518236898257,-0.000227081602349673,0.0118395427864075
2070.89499760343,-0.000311681757993781,0.000331272908545739,-0.000102671313231466,-0.013518166864299,-2.49582655509476e-06,-0.000325248920923583,-0.000223967926364864,0.0117580733158255
2085.25696176653,-0.000307470499210864,0.000329528591170297,-0.000101351297650329,-0.0134244195396739,-2.46339337181246e-06,-0.000322995506698653,-0.000220896897188946,0.0116771634473848
2099.71852828265,-0.000303315242815289,0.000327785487490018,-0.00010004700298707,-0.0133313307702211,-2.43135634403814e-06,-0.000320757879332025,-0.000217867931959238,0.0115968093575573
2114.2803879089,-0.000299215268190164,0.000326043803258048,-9.8758277341579e-05,-0.0132388957660059,-2.39971134051576e-06,-0.000318535924826678,-0.000214880455746036,0.01151700724853
2128.94323619287,-0.000295169863342654,0.000324303738665352,-9.74849692167871e-05,-0.0131471097749653,-2.36845425229742e-06,-0.00031632953007198,-0.000211933901445508,0.01143775334804
2143.7077735059,-0.000291178324818405,0.000322565488455939,-9.62269275566107e-05,-0.0130559680825581,-2.33758099332638e-06,-0.000314138582835718,-0.000209027709674009,0.0113590439092108
2158.57470507649,-0.000287239957616319,0.000320829242039974,-9.49840017822896e-05,-0.0129654660114184,-2.30708750098989e-06,-0.000311962971756234,-0.000206161328663803,0.0112808752103895
2173.54474102402,-0.000283354075103686,0.000319095183604813,-9.37560418271523e-05,-0.0128755989210138,-2.27696973664258e-06,-0.000309802586334631,-0.000203334214160165,0.0112032435549841
2188.61859639264,-0.000279519998931708,0.000317363492224006,-9.25428981698722e-05,-0.0127863622073064,-2.24722368610132e-06,-0.000307657316927072,-0.00020054582931987,0.0111261452713032
2203.79699118545,-0.000275737058951402,0.000315634341964272,-9.13444218662445e-05,-0.0126977513024184,-2.21784536011266e-06,-0.000305527054737157,-0.000197795644611015,0.011049576712395
2219.08065039887,-0.00027200459312992,0.000313907901990514,-9.0160464579542e-05,-0.0126097616743008,-2.18883079479343e-06,-0.000303411691808382,-0.00019508313771419,0.0109735342558883
2234.47030405729,-0.000268321947467275,0.000312184336668873,-8.89908786094827e-05,-0.0125223888264061,-2.16017605204559e-06,-0.000301311121016682,-0.000192407793424951,0.0108980143038338
2249.9666872479,-0.000264688475913513,0.000310463805667875,-8.78355169198598e-05,-0.0124356282973648,-2.13187721994609e-06,-0.000299225236063048,-0.000189769103557616,0.0108230132825464
2265.57054015586,-0.00026110354028631,0.000308746464057693,-8.66942331648688e-05,-0.0123494756606644,-2.10393041311251e-06,-0.000297153931466229,-0.000187166566850314,0.0107485276424486
2281.28260809959,-0.000257566510189036,0.000307032462407555,-8.55668817141781e-05,-0.0122639265243337,-2.07633177304532e-06,-0.000295097102555509,-0.000184599688871332,0.0106745538579145
2297.10364156645,-0.000254076762929268,0.000305321946881323,-8.44533176767747e-05,-0.012178976530629,-2.0490774684475e-06,-0.000293054645463556,-0.000182067981926686,0.0106010884271147
2313.0343962485,-0.000250633683437789,0.000303615059331291,-8.3353396923633e-05,-0.0120946213557245,-2.02216369552235e-06,-0.000291026457119363,-0.000179570964968944,0.0105281278718624
2329.07563307866,-0.00024723666418806,0.000301911937390208,-8.22669761092315e-05,-0.0120108567094061,-1.99558667824997e-06,-0.000289012435241239,-0.000177108163507253,0.0104556687374598
2345.22811826701,-0.000243885105116186,0.000300212714561575,-8.11939126919673e-05,-0.0119276783347681,-1.96934266864353e-06,-0.000287012478329904,-0.00017467910951858,0.0103837075925459
2361.49262333744,-0.000240578413541379,0.000298517520308227,-8.013406495349e-05,-0.0118450820079139,-1.94342794698557e-06,-0.000285026485661627,-0.00017228334136013,0.0103122410289448
2377.86992516445,-0.000237316004086932,0.00029682648013925,-7.90872920170014e-05,-0.0117630635376596,-1.91783882204538e-06,-0.000283054357281465,-0.000169920403682943,0.0102412656615154
2394.36080601029,-0.000234097298601702,0.000295139715695237,-7.80534538645432e-05,-0.0116816187652405,-1.89257163127782e-06,-0.000281095993996547,-0.000167589847346635,0.0101707781280008
2410.96605356231,-0.000230921726082123,0.000293457344831932,-7.70324113533152e-05,-0.0116007435640215,-1.86762274100439e-06,-0.000279151297369453,-0.000165291229335293,0.0101007750888801
2427.6864609706,-0.000227788722594732,0.000291779481702273,-7.60240262310469e-05,-0.0115204338392104,-1.8429885465771e-06,-0.000277220169711645,-0.000163024112674485,0.01003125322722
2444.52282688584,-0.000224697731199249,0.000290106236836875,-7.50281611504612e-05,-0.011440685527574,-1.81866547252581e-06,-0.000275302514076978,-0.000160788066349387,0.00996220924852726
2461.4759554975,-0.000221648201872177,0.000288437717222964,-7.40446796828515e-05,-0.0113614945971574,-1.79464997268946e-06,-0.000273398234255268,-0.000158582665224003,0.00989363988060282
2478.54665657221,-0.000218639591430963,0.000286774026381805,-7.30734463308082e-05,-0.011282857047007,-1.7709385303319e-06,-0.000271507234765943,-0.000156407489961465,0.00982554187339572
2495.73574549243,-0.000215671363458701,0.000285115264444639,-7.21143265401216e-05,-0.0112047689068954,-1.74752765824289e-06,-0.000269629420851748,-0.000154262126945411,0.00975791199885873
2513.04404329547,-0.000212742988229392,0.000283461528227155,-7.11671867108827e-05,-0.0111272262370504,-1.72441389882468e-06,-0.000267764698472515,-0.000152146168202404,0.00969074705080424
2530.47237671259,-0.000209853942633765,0.000281812911302531,-7.02318942078192e-05,-0.011050225127886,-1.70159382416473e-06,-0.000265912974299013,-0.000150059211325398,0.0096240438447614
2548.02157820863,-0.000207003710105652,0.00028016950407305,-6.93083173698812e-05,-0.0109737616997365,-1.67906403609519e-06,-0.000264074155706842,-0.000148000859398228,0.00955779921783372
2565.69248602162,-0.000204191780548951,0.000278531393840347,-6.8396325519112e-05,-0.0108978321025943,-1.65682116623945e-06,-0.000262248150770406,-0.000145970720921117,0.00949201002855789
2583.48594420295,-0.000201417650265133,0.000276898664874271,-6.74957889688196e-05,-0.0108224325158493,-1.63486187604636e-06,-0.00026043486825694,-0.000143968409737175,0.00942667315676304
2601.4028026576,-0.000198680821881341,0.000275271398480425,-6.6606579031082e-05,-0.0107475591480318,-1.61318285681258e-06,-0.000258634217620603,-0.000141993544959893,0.00936178550343119
2619.4439171848,-0.000195980804279056,0.000273649673066378,-6.57285680235991e-05,-0.0106732082365581,-1.59178082969343e-06,-0.00025684610899663,-0.000140045750901602,0.00929734399055822
2637.61014951883,-0.000193317112523348,0.000272033564206586,-6.48616292759241e-05,-0.0105993760474785,-1.57065254570271e-06,-0.000255070453195548,-0.000138124657002904,0.00923334556101591
2655.90236737027,-0.000190689267792697,0.000270423144706047,-6.40056371350882e-05,-0.0105260588752284,-1.54979478570199e-06,-0.000253307161697442,-0.000136229897763035,0.00916978717841457
2674.32144446737,-0.00018809679730941,0.000268818484662702,-6.31604669706455e-05,-0.0104532530423819,-1.52920436037971e-06,-0.000251556146646296,-0.000134361112671182,0.00910666582696674
2692.86826059784,-0.000185539234270607,0.000267219651528612,-6.23259951791534e-05,-0.0103809548994077,-1.5088781102204e-06,-0.000249817320844374,-0.000132517946138705,0.0090439785113514
2711.54370165082,-0.000183016117779807,0.00026562671016993,-6.15020991881159e-05,-0.0103091608244283,-1.48881290546468e-06,-0.000248090597746673,-0.000130700047432286,0.0089817222565793
2730.34865965925,-0.000180526992779087,0.000264039722925693,-6.06886574593998e-05,-0.0102378672229806,-1.46900564606005e-06,-0.000246375891455426,-0.000128907070607968,0.00891989410785881
2749.28403284242,-0.000178071409981838,0.000262458749665447,-5.98855494921538e-05,-0.0101670705277805,-1.44945326160322e-06,-0.000244673116714659,-0.000127138674446083,0.00885849113046287
2768.35072564895,-0.000175648925806104,0.000260883847845735,-5.90926558252378e-05,-0.0100967671984889,-1.43015271127395e-06,-0.000242982188904811,-0.000125394522387053,0.0087975104095964
2787.54964879989,-0.000173259102308512,0.000259315072565464,-5.83098580391891e-05,-0.0100269537214803,-1.41110098376111e-06,-0.000241303024037402,-0.000123674282468066,0.00873694905026484
2806.88171933232,-0.000170901507118787,0.000257752476620171,-5.75370387577384e-05,-0.00995762660961429,-1.39229509718101e-06,-0.000239635538749756,-0.000121977627260586,0.00867680417714321
2826.34786064308,-0.000168575713374857,0.000256196110555205,-5.67740816488931e-05,-0.00988878240200897,-1.37373209898848e-06,-0.000237979650299782,-0.000120304233808724,0.00861707293444621
2845.94900253294,-0.000166281299658549,0.000254646022717856,-5.60208714256048e-05,-0.00982041766381696,-1.35540906588093e-06,-0.000236335276560801,-0.000118653783568421,0.00855775248579879
2865.68608125093,-0.000164017849931872,0.000253102259308436,-5.52772938460376e-05,-0.00975252898600382,-1.33732310369581e-06,-0.000234702336016431,-0.000117025962347469,0.00849884001410792
2885.56003953913,-0.00016178495347388,0.000251564864430336,-5.45432357134497e-05,-0.00968511298512843,-1.31947134730156e-06,-0.000233080747755519,-0.000115420460246321,0.00844033272143467
2905.57182667768,-0.000159582204818134,0.000250033880139089,-5.3818584875709e-05,-0.00961816630312613,-1.30185096048262e-06,-0.000231470431467128,-0.000113836971599713,0.00838222782886751
2925.72239853012,-0.000157409203690739,0.000248509346490431,-5.31032302244482e-05,-0.00955168560709362,-1.28445913581843e-06,-0.000229871307435567,-0.000112275194919067,0.00832452257639605
2946.01271758903,-0.000155265554948976,0.00024699130158741,-5.23970616938853e-05,-0.00948566758907654,-1.26729309455712e-06,-0.000228283296535484,-0.000110734832835672,0.00826721422278576
2966.44375302203,-0.000153150868520502,0.000245479781626535,-5.16999702593107e-05,-0.00942010896585881,-1.25035008648365e-06,-0.000226706320226992,-0.000109215592044629,0.00821030004545327
2987.01648071805,-0.000151064759343151,0.000243974820942998,-5.10118479352652e-05,-0.00935500647875453,-1.2336273897831e-06,-0.000225140300550852,-0.000107717183249557,0.00815377734034269
3007.73188333398,-0.000149006847305301,0.000242476452054975,-5.03325877734131e-05,-0.00929035689340169,-1.2171223108991e-06,-0.000223585160123708,-0.000106239321108041,0.00809764342180239
3028.59095034155,-0.000146976757186826,0.000240984705707035,-4.96620838601289e-05,-0.00922615699955828,-1.20083218438767e-06,-0.000222040822133357,-0.000104781724177817,0.00804189562246283
3049.59467807464,-0.000144974118600623,0.000239499610912662,-4.90002313138062e-05,-0.00916240361090019,-1.18475437276679e-06,-0.000220507210334077,-0.000103344114863684,0.00798653129311484
3070.74406977686,-0.000142998565934715,0.000238021194995916,-4.83469262819032e-05,-0.00909909356482146,-1.16888626636182e-06,-0.000218984249041997,-0.000101926219365134,0.00793154780258898
3092.04013564946,-0.000141049738294929,0.000236549483632241,-4.77020659377319e-05,-0.00903622372223632,-1.15322528314707e-06,-0.000217471863130507,-0.000100527767624687,0.00787694253763531
3113.48389289956,-0.000139127279448143,0.000235084500888441,-4.70655484770092e-05,-0.00897379096738342,-1.13776886858363e-06,-0.000215969978025726,-9.91484932769266e-05,0.00782271290280424
3135.07636578881,-0.000137230837766096,0.000233626269261835,-4.64372731141711e-05,-0.00891179220763192,-1.12251449545376e-06,-0.000214478519702,-9.77881335982186e-05,0.00776885632032777
3156.8185856822,-0.00013536006616978,0.000232174809718618,-4.58171400784706e-05,-0.00885022437328965,-1.107459663692e-06,-0.000212997414677454,-9.64464294571183e-05,0.00771537023000181
3178.71159109747,-0.000133514622074375,0.000230730141731426,-4.52050506098601e-05,-0.00878908441741302,-1.09260190021313e-06,-0.000211526590009584,-9.51231252654381e-05,0.00766225208906893
3200.75642775457,-0.000131694167334763,0.000229292283316129,-4.46009069546751e-05,-0.00872836931561913,-1.07793875873725e-06,-0.000210065973290889,-9.38179689299851e-05,0.0076094993721021
3222.9541486257,-0.000129898368191589,0.000227861251067866,-4.40046123611242e-05,-0.00866807606589942,-1.06346781961213e-06,-0.00020861549264455,-9.25307118049443e-05,0.0075571095708889
3245.30581398558,-0.000128126895217887,0.000226437060196347,-4.34160710745963e-05,-0.00860820168843551,-1.04918668963295e-06,-0.000207175076720151,-9.12611086449119e-05,0.00750508019431671
3267.81249146208,-0.000126379423266248,0.000225019724560402,-4.2835188332794e-05,-0.00854874322541663,-1.03509300185966e-06,-0.000205744654689436,-9.00089175585584e-05,0.0074534087682584
3290.47525608724,-0.000124655631416549,0.00022360925670184,-4.22618703607014e-05,-0.00848969774085905,-1.02118441543212e-06,-0.00020432415624211,-8.87738999629237e-05,0.00740209283545889
3313.29519034861,-0.000122955202924217,0.000222205667878582,-4.16960243653935e-05,-0.0084310623204271,-1.00745861538306e-06,-0.000202913511581683,-8.75558205383255e-05,0.00735112995542229
3336.27338424092,-0.000121277825169054,0.000220808968097125,-4.1137558530698e-05,-0.00837283407125627,-9.93913312449182e-07,-0.000201512651421351,-8.63544471838843e-05,0.00730051770429993
3359.41093531822,-0.000119623189604582,0.000219419166144313,-4.05863820117141e-05,-0.00831501012177768,-9.8054624288044e-07,-0.000200121506979912,-8.51695509736428e-05,0.00725025367477882
3382.70894874623,-0.000117990991707942,0.000218036269618461,-4.00424049291978e-05,-0.00825758762154463,-9.67355168247643e-07,-0.000198740009977734,-8.40009061132872e-05,0.00720033547597116
3406.16853735517,-0.000116380930930317,0.000216660284959808,-3.95055383638202e-05,-0.00820056374106058,-9.54337875248515e-07,-0.000197368092632744,-8.2848289897448e-05,0.00715076073330417
3429.7908216929,-0.000114792710647896,0.000215291217480356,-3.89756943503073e-05,-0.00814393567160908,-9.41492175512417e-07,-0.000196005687656471,-8.17114826675847e-05,0.00710152708841099
3453.57693007845,-0.000113226038113351,0.000213929071393065,-3.84527858714644e-05,-0.00808770062508509,-9.28815905403722e-07,-0.000194652728250117,-8.05902677704358e-05,0.00705263219902192
3477.5279986559,-0.000111680624407853,0.000212573849840436,-3.79367268520964e-05,-0.00803185583382812,-9.16306925824079e-07,-0.000193309148100666,-7.94844315170359e-05,0.00700407373885661
3501.64517144866,-0.0001101561843936,0.000211225554922508,-3.74274321528275e-05,-0.00797639855045708,-9.03963122013653e-07,-0.000191974881377035,-7.8393763142287e-05,0.00695584939751685
3525.92960041413,-0.000108652436666861,0.000209884187724238,-3.69248175638264e-05,-0.00792132604770642,-8.91782403351388e-07,-0.000190649862726254,-7.73180547650753e-05,0.00690795688037991
3550.38244549867,-0.000107169103511542,0.000208549748342329,-3.64287997984445e-05,-0.00786663561826421,-8.79762703154504e-07,-0.00018933402726969,-7.62571013489337e-05,0.00686039390849284
3575.00487469309,-0.000105705910853247,0.000207222235911471,-3.5939296486771e-05,-0.00781232457461152,-8.6790197847724e-07,-0.000188027310599296,-7.52107006632316e-05,0.00681315821846709
3599.79806408833,-0.000104262588213867,0.000205901648630033,-3.54562261691126e-05,-0.00775839024886357,-8.5619820990903e-07,-0.000186729648773906,-7.4178653244897e-05,0.00676624756237417
3624.76319793175,-0.000102838868666646,0.000204587983785208,-3.49795082894006e-05,-0.00770482999261217,-8.446494013721e-07,-0.000185440978315556,-7.31607623606521e-05,0.00671965970764162
3649.9014686836,-0.000101434488791765,0.000203281237777624,-3.45090631885339e-05,-0.00765164117676993,-8.3325357991872e-07,-0.000184161236205845,-7.21568339697664e-05,0.00667339243694995
3675.21407707406,-0.000100049188632413,0.000201981406145424,-3.40448120976578e-05,-0.00759882119141569,-8.2200879552803e-07,-0.000182890359882325,-7.11666766873103e-05,0.00662744354812999
3700.7022321605,-9.86827116513507e-05,0.000200688483587842,-3.35866771313905e-05,-0.00754636744564173,-8.10913120902713e-07,-0.00018162828723493,-7.01901017479119e-05,0.00658181085406112
3726.36715138533,-9.73348046879583e-05,0.000199402463988259,-3.31345812809945e-05,-0.00749427736740209,-7.99964651265421e-07,-0.000180374956602429,-6.92269229700013e-05,0.00653649218256992
3752.21006063407,-9.60052179157739e-05,0.000198123340436781,-3.26884484075034e-05,-0.00744254840336271,-7.8916150415518e-07,-0.000179130306768924,-6.82769567205442e-05,0.0064914853763297
3778.23219429398,-9.46937048005033e-05,0.000196851105252319,-3.22482032348043e-05,-0.0073911780187526,-7.78501819223731e-07,-0.00017789427696037,-6.73400218802506e-05,0.00644678829276044
3804.43479531291,-9.34000220585128e-05,0.000195585750004197,-3.18137713426828e-05,-0.0073401636972168,-7.67983758031992e-07,-0.000176666806841131,-6.64159398092594e-05,0.00640239880392965
3830.81911525882,-9.21239296157878e-05,0.000194327265533297,-3.13850791598327e-05,-0.00728950294067037,-7.57605503846595e-07,-0.000175447836510565,-6.55045343132855e-05,0.00635831479645355
3857.3864143794,-9.08651905673646e-05,0.000193075641972745,-3.09620539568361e-05,-0.00723919326915408,-7.4736526143669e-07,-0.000174237306499646,-6.46056316102301e-05,0.00631453417139916
3884.13796166242,-8.96235711372215e-05,0.000191830868768142,-3.05446238391144e-05,-0.00718923222069115,-7.37261256870959e-07,-0.000173035157767609,-6.37190602972408e-05,0.00627105484418685
3911.07503489621,-8.83988406386347e-05,0.000190592934697368,-3.01327177398591e-05,-0.00713961735114561,-7.27291737315011e-07,-0.000171841331698633,-6.28446513182236e-05,0.0062278747444936
3938.19892073078,-8.71907714349855e-05,0.000189361827889947,-2.97262654129401e-05,-0.00709034623408175,-7.17454970829123e-07,-0.000170655770098546,-6.19822379317912e-05,0.00618499181615684
3965.51091473924,-8.59991389010252e-05,0.000188137535845988,-2.93251974257993e-05,-0.00704141646062508,-7.07749246166483e-07,-0.000169478415191568,-6.11316556796523e-05,0.00614240401707897
3993.0123214797,-8.48237213845819e-05,0.000186920045454722,-2.89294451523294e-05,-0.00699282563932438,-6.9817287257187e-07,-0.000168309209617077,-6.02927423554252e-05,0.00610010931913239
4020.70445455755,-8.36643001687188e-05,0.000185709343012622,-2.85389407657446e-05,-0.00694457139601524,-6.88724179580964e-07,-0.000167148096426407,-5.94653379738803e-05,0.00605810570806528
4048.58863668828,-8.25206594343257e-05,0.000184505414241132,-2.81536172314418e-05,-0.00689665137368466,-6.79401516820199e-07,-0.000165995019079675,-5.86492847405956e-05,0.00601639118340786
4076.66619976054,-8.13925862231535e-05,0.000183308244304009,-2.77734082998598e-05,-0.00684906323233709,-6.70203253807319e-07,-0.000164849921442636,-5.784442702203e-05,0.00597496375837937
4104.93848489989,-8.02798704012752e-05,0.00018211781782427,-2.73982484993344e-05,-0.00680180464886151,-6.61127779752599e-07,-0.000163712747783564,-5.7050611315999e-05,0.00593382145979557
4133.40684253274,-7.91823046229812e-05,0.000180934118900786,-2.70280731289577e-05,-0.00675487331689992,-6.52173503360851e-07,-0.000162583442770166,-5.62676862225552e-05,0.00589296232797688
4162.07263245095,-7.80996842950931e-05,0.000179757131124483,-2.66628182514379e-05,-0.00670826694671686,-6.43338852634166e-07,-0.000161461951466514,-5.54955024152624e-05,0.0058523844166571
4190.93722387671,-7.70318075417045e-05,0.000178586837594213,-2.63024206859679e-05,-0.00666198326507033,-6.34622274675549e-07,-0.000160348219330018,-5.47339126128627e-05,0.00581208579289277
4220.00199552799,-7.5978475169332e-05,0.000177423220932241,-2.59468180011e-05,-0.00661602001508357,-6.2602223549335e-07,-0.000159242192208412,-5.39827715513267e-05,0.005772064536973
4249.26833568435,-7.4939490632485e-05,0.000176266263299418,-2.55959485076333e-05,-0.00657037495611843,-6.17537219806665e-07,-0.000158143816336775,-5.32419359562865e-05,0.00573231874233008
4278.73764225332,-7.39146599996389e-05,0.000175115946409989,-2.52497512515125e-05,-0.00652504586364943,-6.09165730851616e-07,-0.000157053038334576,-5.25112645158411e-05,0.00569284651545044
4308.41132283705,-7.29037919196182e-05,0.000173972251546088,-2.49081660067429e-05,-0.0064800305291394,-6.00906290188649e-07,-0.000155969805202746,-5.17906178537348e-05,0.00565364597578643
4338.2907947997,-7.19066975883752e-05,0.000172835159571899,-2.45711332683202e-05,-0.00643532675991583,-5.92757437510795e-07,-0.000154894064320771,-5.10798585028977e-05,0.00561471525566845
4368.37748533501,-7.09231907161718e-05,0.000171704650947503,-2.42385942451822e-05,-0.00639093237904871,-5.84717730453002e-07,-0.000153825763443818,-5.03788508793493e-05,0.00557605250021785
4398.67283153455,-6.9953087495148e-05,0.000170580705742408,-2.39104908531776e-05,-0.00634684522522915,-5.76785744402478e-07,-0.000152764850699882,-4.96874612564544e-05,0.00553765586726025
4429.17828045629,-6.89962065672861e-05,0.000169463303648781,-2.35867657080603e-05,-0.00630306315264935,-5.68960072310177e-07,-0.000151711274586953,-4.90055577395327e-05,0.00549952352723952
4459.89528919383,-6.80523689927545e-05,0.000168352423994374,-2.32673621185055e-05,-0.00625958403088341,-5.61239324503345e-07,-0.00015066498397022,-4.83330102408106e-05,0.00546165366313227
4490.82532494586,-6.71213982186382e-05,0.000167248045755157,-2.29522240791525e-05,-0.0062164057447694,-5.53622128499241e-07,-0.000149625928079287,-4.76696904547179e-05,0.00542404447036295
4521.96986508636,-6.62031200480424e-05,0.000166150147567672,-2.26412962636739e-05,-0.00617352619429236,-5.46107128819988e-07,-0.000148594056505418,-4.70154718335173e-05,0.00538669415671943
4553.33039723509,-6.52973626095744e-05,0.000165058707741096,-2.23345240178743e-05,-0.0061309432944684,-5.38692986808627e-07,-0.00014756931919881,-4.6370229563269e-05,0.00534960094226925
4584.90841932869,-6.44039563271916e-05,0.000163973704269027,-2.20318533528175e-05,-0.00608865497522975,-5.31378380446347e-07,-0.000146551666465881,-4.57338405401201e-05,0.00531276305927627
4616.7054396922,-6.35227338904198e-05,0.000162895114841016,-2.17332309379867e-05,-0.00604665918131093,-5.2416200417096e-07,-0.000145541048966588,-4.51061833469194e-05,0.00527617875211802
4648.72297711114,-6.26535302249297e-05,0.000161822916853809,-2.14386040944754e-05,-0.00600495387213585,-5.17042568696582e-07,-0.000144537417711764,-4.44871382301485e-05,0.00523984627720348
4680.96256090399,-6.17961824634773e-05,0.000160757087422357,-2.11479207882134e-05,-0.00596353702170594,-5.10018800834595e-07,-0.000143540724060482,-4.38765870771696e-05,0.00520376390289147
4713.42573099534,-6.09505299171938e-05,0.000159697603390548,-2.08611296232264e-05,-0.00592240661848922,-5.03089443315854e-07,-0.000142550919717438,-4.32744133937808e-05,0.00516792990940949
4746.11403798933,-6.01164140472329e-05,0.000158644441341708,-2.05781798349325e-05,-0.0058815606653104,-4.96253254614191e-07,-0.000141567956730357,-4.26805022820805e-05,0.00513234258877326
4779.02904324382,-5.92936784367596e-05,0.000157597577608847,-2.02990212834749e-05,-0.00584099717924187,-4.89509008771204e-07,-0.000140591787487419,-4.20947404186297e-05,0.00509700024470658
4812.17231894485,-5.8482168763289e-05,0.000156556988284677,-2.00236044470927e-05,-0.00580071419149575,-4.82855495222361e-07,-0.000139622364714716,-4.15170160329158e-05,0.00506190119256188
4845.54544818188,-5.76817327713608e-05,0.00015552264923138,-1.97518804155304e-05,-0.00576070974731673,-4.76291518624415e-07,-0.000138659641473719,-4.0947218886107e-05,0.00502704375924123
4879.1500250233,-5.68922202455527e-05,0.000154494536090167,-1.94838008834868e-05,-0.00572098190587593,-4.69815898684155e-07,-0.00013770357115877,-4.03852402500979e-05,0.00499242628311785
4912.98765459257,-5.61134829838281e-05,0.0001534726242906,-1.92193181441051e-05,-0.00568152874016575,-4.63427469988497e-07,-0.000136754107494602,-3.98309728868412e-05,0.00495804711395822
4947.05995314498,-5.53453747712101e-05,0.000152456889059693,-1.89583850825028e-05,-0.00564234833689544,-4.57125081835904e-07,-0.00013581120453387,-3.92843110279594e-05,0.00492390461284458
4981.36854814472,-5.45877513537851e-05,0.00015144730543081,-1.87009551693449e-05,-0.00560343879638778,-4.50907598069192e-07,-0.000134874816654707,-3.87451503546367e-05,0.00488999715209811
5015.91507834275,-5.38404704130258e-05,0.000150443848252338,-1.84469824544589e-05,-0.00556479823247642,-4.44773896909661e-07,-0.000133944898558305,-3.82133879777836e-05,0.00485632311520242
5050.70119385496,-5.31033915404362e-05,0.000149446492196168,-1.81964215604932e-05,-0.00552642477240438,-4.38722870792636e-07,-0.000133021405266508,-3.76889224184732e-05,0.00482288089672773
5085.72855624109,-5.23763762125089e-05,0.000148455211765958,-1.79492276766192e-05,-0.00548831655672313,-4.32753426204332e-07,-0.00013210429211943,-3.71716535886429e-05,0.00478966890225541
5120.998838584,-5.16592877659982e-05,0.000147469981305217,-1.77053565522782e-05,-0.00545047173919277,-4.26864483520154e-07,-0.000131193514773092,-3.66614827720618e-05,0.00475668554830316
5156.51372556965,-5.09519913734972e-05,0.000146490775005176,-1.74647644909722e-05,-0.00541288848668289,-4.21054976844317e-07,-0.00013028902919708,-3.61583126055545e-05,0.00472392926225049
5192.27491356752,-5.02543540193252e-05,0.000145517566912486,-1.72274083441014e-05,-0.00537556497907442,-4.15323853850913e-07,-0.00012939079167222,-3.56620470604847e-05,0.00469139848226496
5228.28411071172,-4.9566244475712e-05,0.000144550330936719,-1.69932455048464e-05,-0.00533849940916216,-4.09670075626318e-07,-0.000128498758788271,-3.5172591424488e-05,0.00465909165722862
5264.54303698245,-4.88875332792853e-05,0.000143589040857697,-1.67622339020969e-05,-0.00530168998255829,-4.04092616513021e-07,-0.000127612887441646,-3.46898522834572e-05,0.0046270072466652
5301.0534242883,-4.82180927078485e-05,0.000142633670332629,-1.65343319944273e-05,-0.00526513491759654,-3.98590463954822e-07,-0.000126733134833137,-3.42137375037706e-05,0.00459514372066755
5337.81701654885,-4.75577967574551e-05,0.000141684192903092,-1.63094987641187e-05,-0.00522883244523737,-3.93162618343448e-07,-0.000125859458465675,-3.37441562147656e-05,0.00456349955982581
5374.83556977805,-4.6906521119767e-05,0.000140740582001824,-1.60876937112288e-05,-0.00519278080897368,-3.87808092866536e-07,-0.000124991816142093,-3.32810187914487e-05,0.00453207325515578
5412.11085216805,-4.62641431597022e-05,0.000139802810959365,-1.58688768477085e-05,-0.00515697826473761,-3.82525913357032e-07,-0.000124130165962922,-3.28242368374443e-05,0.00450086330802805
5449.64464417369,-4.56305418933612e-05,0.000138870853010519,-1.56530086915669e-05,-0.00512142308080786,-3.77315118143967e-07,-0.000123274466324194,-3.23737231681739e-05,0.00446986823009735
5487.43873859751,-4.50055979662347e-05,0.000137944681300675,-1.54400502610843e-05,-0.00508611353771798,-3.7217475790464e-07,-0.000122424675915266,-3.19293917942672e-05,0.00443908654323257
5525.49494067543,-4.43891936316848e-05,0.00013702426889195,-1.52299630690727e-05,-0.00505104792816529,-3.67103895518169e-07,-0.000121580753716665,-3.14911579051972e-05,0.00440851677944709
5563.81506816292,-4.37812127297011e-05,0.000136109588769198,-1.50227091171858e-05,-0.00501622455692068,-3.62101605920464e-07,-0.00012074265899795,-3.10589378531417e-05,0.00437815748082971
5602.40095142188,-4.31815406659231e-05,0.000135200613845854,-1.48182508902762e-05,-0.00498164174073899,-3.57166975960544e-07,-0.000119910351315583,-3.0632649137062e-05,0.0043480071994759
5641.254433508,-4.25900643909326e-05,0.000134297316969645,-1.46165513508027e-05,-0.0049472978082704,-3.52299104258279e-07,-0.000119083790510833,-3.02122103870023e-05,0.00431806449741971
5680.37737025889,-4.20066723798053e-05,0.00013339967092814,-1.4417573933285e-05,-0.00491319109997223,-3.47497101063478e-07,-0.000118262936707681,-2.97975413486003e-05,0.00428832794656583
5719.77163038263,-4.14312546119262e-05,0.000132507648454178,-1.42212825388081e-05,-0.00487931996802177,-3.42760088116379e-07,-0.000117447750310752,-2.93885628678126e-05,0.00425879612862247
5759.43909554709,-4.0863702551059e-05,0.000131621222231143,-1.40276415295754e-05,-0.00484568277622961,-3.38087198509488e-07,-0.000116638192003259,-2.89851968758457e-05,0.00422946763503436
5799.38166046975,-4.03039091256724e-05,0.000130740364898113,-1.38366157235104e-05,-0.00481227789995383,-3.33477576550814e-07,-0.00011583422274497,-2.85873663742954e-05,0.00420034106691641
5839.60123300829,-3.97517687095147e-05,0.000129865049054874,-1.36481703889082e-05,-0.00477910372601476,-3.28930377628437e-07,-0.000115035803770178,-2.81949954204873e-05,0.00417141503498774
5880.09973425162,-3.92071771024396e-05,0.000128995247266806,-1.34622712391349e-05,-0.00474615865261063,-3.24444768076459e-07,-0.000114242896585707,-2.78080091130195e-05,0.00414268815950613
5920.87909861173,-3.86700315114748e-05,0.000128130932069641,-1.32788844273765e-05,-0.00471344108923367,-3.20019925042296e-07,-0.000113455462968913,-2.74263335775001e-05,0.00411415907020294
5961.94127391598,-3.81402305321348e-05,0.000127272075974098,-1.30979765414369e-05,-0.00468094945658716,-3.1565503635532e-07,-0.000112673464965716,-2.70498959524833e-05,0.00408582640621849
6003.28822150028,-3.76176741299716e-05,0.000126418651470397,-1.29195145985845e-05,-0.00464868218650287,-3.11349300396846e-07,-0.000111896864888644,-2.66786243755937e-05,0.00405768881603778
6044.92191630263,-3.71022636223642e-05,0.000125570631032658,-1.27434660404476e-05,-0.00461663772185948,-3.07101925971453e-07,-0.000111125625314889,-2.63124479698438e-05,0.0040297449574268
6086.84434695757,-3.65939016605395e-05,0.000124727987123175,-1.25697987279583e-05,-0.00458481451650138,-3.02912132179634e-07,-0.000110359709084378,-2.59512968301354e-05,0.00400199349736905
6129.05751589107,-3.60924922118272e-05,0.00012389069219659,-1.23984809363457e-05,-0.00455321103515835,-2.98779148291772e-07,-0.000109599079297871,-2.55951020099484e-05,0.00397443311200271
6171.56343941625,-3.55979405421403e-05,0.000123058718703941,-1.2229481350177e-05,-0.00452182575336572,-2.94702213623427e-07,-0.000108843699315057,-2.52437955082089e-05,0.00394706248655805
6214.36414782964,-3.51101531986836e-05,0.000122232039096616,-1.20627690584473e-05,-0.00449065715738536,-2.90680577411941e-07,-0.000108093532752677,-2.48973102563389e-05,0.00391988031529541
6257.46168550822,-3.46290379928829e-05,0.00012141062583019,-1.18983135497172e-05,-0.00445970374412708,-2.86713498694337e-07,-0.000107348543482659,-2.45555801054817e-05,0.00389288530144344
6300.85811100697,-3.41545039835374e-05,0.000120594451368163,-1.17360847072994e-05,-0.00442896402107088,-2.82800246186523e-07,-0.000106608695630267,-2.42185398139024e-05,0.00386607615713793
6344.55549715731,-3.36864614601861e-05,0.000119783488185596,-1.15760528044923e-05,-0.0043984365061897,-2.78940098163765e-07,-0.00010587395357226,-2.38861250345609e-05,0.00383945160336089
6388.55593116599,-3.3224821926693e-05,0.000118977708772647,-1.14181884998619e-05,-0.00436811972787283,-2.7513234234247e-07,-0.00010514428193508,-2.35582723028546e-05,0.00381301036988013
6432.86151471492,-3.27694980850416e-05,0.000118177085638009,-1.12624628325712e-05,-0.00433801222484991,-2.71376275763202e-07,-0.000104419645593035,-2.32349190245281e-05,0.00378675119518923
6477.47436406142,-3.23204038193417e-05,0.000117381591312256,-1.11088472177572e-05,-0.0043081125461156,-2.67671204675004e-07,-0.000103700009666511,-2.29160034637497e-05,0.00376067282644792
6522.39661013943,-3.18774541800409e-05,0.000116591198351089,-1.09573134419544e-05,-0.00427841925085477,-2.64016444420939e-07,-0.000102985339520193,-2.2601464731349e-05,0.00373477401942282
6567.63039866118,-3.14405653683442e-05,0.000115805879338504,-1.08078336585665e-05,-0.00424893090836836,-2.60411319324905e-07,-0.000102275600761296,-2.22912427732174e-05,0.00370905353842864
6613.17789021977,-3.10096547208326e-05,0.000115025606889852,-1.06603803833835e-05,-0.00421964609799974,-2.56855162579671e-07,-0.000101570759237819,-2.19852783588655e-05,0.0036835101562697
6659.0412603923,-3.05846406942841e-05,0.000114250353654833,-1.05149264901465e-05,-0.0041905634090618,-2.53347316136155e-07,-0.000100870781036802,-2.16835130701383e-05,0.00365814265418196
6705.22269984387,-3.01654428506903e-05,0.000113480092320386,-1.0371445206158e-05,-0.00416168144076447,-2.49887130593918e-07,-0.000100175632482608,-2.13858892900836e-05,0.0036329498217753
6751.7244144321,-2.97519818424696e-05,0.000112714795613511,-1.02299101079391e-05,-0.0041329988021429,-2.46473965092878e-07,-9.94852801352056e-05,-2.10923501919736e-05,0.0036079304569763
6798.54862531261,-2.93441793978712e-05,0.000111954436303998,-1.00902951169312e-05,-0.00410451411198619,-2.43107187206216e-07,-9.87996907884774e-05,-2.08028397284764e-05,0.00358308336597134
6845.69756904508,-2.89419583065709e-05,0.000111198987207083,-9.95257449524514e-06,-0.00407622599876665,-2.39786172834487e-07,-9.81188314685325e-05,-2.05173026209751e-05,0.00355840736315011
6893.17349769999,-2.85452424054547e-05,0.000110448421186026,-9.8167228414538e-06,-0.00404813310056972,-2.36510306100924e-07,-9.74426694320373e-05,-2.02356843490342e-05,0.00353390127104952
6940.97867896634,-2.81539565645861e-05,0.000109702711154607,-9.68271508643075e-06,-0.00402023406502427,-2.33278979247895e-07,-9.67711721645562e-05,-1.99579311400083e-05,0.00350956392029793
6989.11539625983,-2.77680266733598e-05,0.000108961830079558,-9.55052648923369e-06,-0.00399252754923367,-2.30091592534558e-07,-9.61043073789073e-05,-1.96839899587954e-05,0.00348539414955984
7037.58594883204,-2.7387379626833e-05,0.000108225750982907,-9.42013263303168e-06,-0.00396501221970716,-2.26947554135652e-07,-9.5442043013529e-05,-1.94138084977275e-05,0.00346139080548086
7086.39265188015,-2.7011943312239e-05,0.00010749444694427,-9.29150942107736e-06,-0.00393768675229197,-2.23846280041452e-07,-9.47843472308612e-05,-1.91473351666026e-05,0.00343755274263313
7135.53783665763,-2.66416465956739e-05,0.000106767891103056,-9.1646330727224e-06,-0.00391054983210585,-2.2078719395885e-07,-9.41311884157362e-05,-1.88845190828502e-05,0.00341387882346105
7185.02385058548,-2.6276419308961e-05,0.000106046056660613,-9.03948011947707e-06,-0.00388360015347014,-2.17769727213589e-07,-9.34825351737858e-05,-1.86253100618337e-05,0.00339036791822744
7234.85305736446,-2.59161922366842e-05,0.000105328916882307,-8.9160274011127e-06,-0.00385683641984342,-2.14793318653593e-07,-9.28383563298564e-05,-1.83696586072839e-05,0.00336701890495998
7285.02783708791,-2.55608971033947e-05,0.000104616445099534,-8.79425206180754e-06,-0.00383025734375562,-2.11857414553428e-07,-9.21986209264401e-05,-1.81175159018646e-05,0.0033438306693981
7335.55058635552,-2.52104665609825e-05,0.000103908614711669,-8.67413154633485e-06,-0.00380386164674264,-2.08961468519858e-07,-9.15632982221146e-05,-1.7868833797866e-05,0.00332080210494015
7386.42371838768,-2.48648341762166e-05,0.000103205399187954,-8.55564359629386e-06,-0.00377764805928158,-2.06104941398493e-07,-9.09323576899981e-05,-1.76235648080273e-05,0.00329793211259103
7437.64966314091,-2.45239344184466e-05,0.000102506772069321,-8.43876624638233e-06,-0.00375161532072629,-2.03287301181526e-07,-9.03057690162128e-05,-1.73816620964827e-05,0.00327521960091001
7489.23086742376,-2.41877026474677e-05,0.000101812706970164,-8.32347782071135e-06,-0.00372576217924361,-2.0050802291654e-07,-8.96835020983636e-05,-1.71430794698336e-05,0.00325266348595911
7541.16979501382,-2.38560751015446e-05,0.000101123177580046,-8.20975692916112e-06,-0.00370008739174996,-1.97766588616378e-07,-8.9065527044025e-05,-1.69077713683406e-05,0.00323026269125163
7593.46892677528,-2.35289888855934e-05,0.000100438157665352,-8.09758246377812e-06,-0.00367458972384853,-1.95062487170077e-07,-8.84518141692426e-05,-1.66756928572389e-05,0.0032080161477012
7646.13076077758,-2.32063819595185e-05,9.9757621070882e-05,-7.98693359521297e-06,-0.00364926794976685,-1.92395214254833e-07,-8.78423339970429e-05,-1.64467996181693e-05,0.00318592279357101
7699.15781241454,-2.28881931267049e-05,9.90815417214014e-05,-7.87778976919885e-06,-0.00362412085229496,-1.89764272249016e-07,-8.72370572559581e-05,-1.62210479407298e-05,0.00316398157442357
7752.55261452471,-2.257436202266e-05,9.84098936231249e-05,-7.77013070306982e-06,-0.00359914722272391,-1.87169170146203e-07,-8.66359548785584e-05,-1.59983947141401e-05,0.00314219144307061
7806.31771751215,-2.22648291038076e-05,9.77426508651587e-05,-7.6639363823193e-06,-0.00357434586078492,-1.8460942347023e-07,-8.60389979999982e-05,-1.57787974190223e-05,0.0031205513595235
7860.45568946846,-2.19595356364277e-05,9.70797876208864e-05,-7.55918705719764e-06,-0.00354971557458877,-1.82084554191252e-07,-8.54461579565716e-05,-1.55622141192924e-05,0.00309906029094384
7914.96911629522,-2.16584236857449e-05,9.64212781493094e-05,-7.45586323934924e-06,-0.00352525518056594,-1.79594090642801e-07,-8.485740628428e-05,-1.53486034541645e-05,0.00307771721159459
7969.86060182773,-2.13614361051582e-05,9.57670967963362e-05,-7.35394569848798e-06,-0.00350096350340692,-1.77137567439826e-07,-8.42727147174095e-05,-1.51379246302629e-05,0.00305652110279128
8025.13276795918,-2.1068516525616e-05,9.51172179960271e-05,-7.25341545911177e-06,-0.00347683937600319,-1.74714525397724e-07,-8.36920551871204e-05,-1.49301374138434e-05,0.00303547095285377
8080.78825476607,-2.07796093451297e-05,9.44716162717908e-05,-7.15425379725452e-06,-0.00345288163938855,-1.7232451145233e-07,-8.31153998200452e-05,-1.47252021231205e-05,0.00301456575705822
8136.82972063413,-2.04946597184274e-05,9.38302662375383e-05,-7.05644223727662e-06,-0.00342908914268096,-1.69967078580868e-07,-8.25427209369e-05,-1.45230796206997e-05,0.00299380451758943
8193.25984238548,-2.02136135467434e-05,9.31931425987907e-05,-6.95996254869224e-06,-0.00340546074302469,-1.67641785723855e-07,-8.19739910511033e-05,-1.43237313061137e-05,0.00297318624349344
8250.08131540631,-1.99364174677451e-05,9.25602201537465e-05,-6.86479674303436e-06,-0.00338199530553313,-1.6534819770795e-07,-8.14091828674082e-05,-1.41271191084608e-05,0.00295270995063059
8307.29685377578,-1.96630188455908e-05,9.19314737943048e-05,-6.77092707075607e-06,-0.00335869170323181,-1.63085885169719e-07,-8.08482692805419e-05,-1.39332054791433e-05,0.0029323746616287
8364.90919039556,-1.93933657611219e-05,9.13068785070497e-05,-6.67833601816886e-06,-0.00333554881700203,-1.60854424480345e-07,-8.02912233738583e-05,-1.37419533847071e-05,0.00291217940583679
8422.92107712043,-1.91274070021833e-05,9.06864093741935e-05,-6.58700630441636e-06,-0.00331256553552477,-1.5865339767123e-07,-7.97380184179979e-05,-1.35533262997773e-05,0.0028921232192789
8481.33528488963,-1.88650920540742e-05,9.00700415744818e-05,-6.49692087848476e-06,-0.00328974075522517,-1.56482392360514e-07,-7.91886278695606e-05,-1.33672882000919e-05,0.0028722051446084
8540.15460385936,-1.86063710901238e-05,8.94577503840596e-05,-6.40806291624771e-06,-0.0032670733802173,-1.5434100168048e-07,-7.86430253697851e-05,-1.31838035556308e-05,0.00285242423106248
8599.38184353586,-1.83511949623942e-05,8.88495111773022e-05,-6.32041581754721e-06,-0.00324456232224942,-1.52228824205853e-07,-7.81011847432423e-05,-1.30028373238385e-05,0.00283277953441706
8659.01983290984,-1.80995151925052e-05,8.82452994276068e-05,-6.23396320330859e-06,-0.00322220650064967,-1.50145463882965e-07,-7.75630799965337e-05,-1.28243549429393e-05,0.0028132701169419
8719.07142059136,-1.78512839625829e-05,8.7645090708153e-05,-6.14868891269049e-06,-0.00320000484227211,-1.48090529959796e-07,-7.70286853170042e-05,-1.26483223253455e-05,0.00279389504735609
8779.53947494611,-1.76064541063271e-05,8.7048860692624e-05,-6.0645770002685e-06,-0.00317795628144318,-1.46063636916868e-07,-7.64979750714606e-05,-1.24747058511543e-05,0.00277465340078382
8840.42688423224,-1.73649791001989e-05,8.64565851558986e-05,-5.98161173325298e-06,-0.00315605975990862,-1.44064404398989e-07,-7.59709238049024e-05,-1.23034723617345e-05,0.00275554425871046
8901.73655673848,-1.7126813054725e-05,8.58682399747068e-05,-5.89977758873995e-06,-0.0031343142267807,-1.42092457147834e-07,-7.544750623926e-05,-1.21345891534012e-05,0.0027365667089389
8963.47142092288,-1.68919107059184e-05,8.5283801128256e-05,-5.81905925099553e-06,-0.00311271863848597,-1.40147424935368e-07,-7.49276972721442e-05,-1.19680239711769e-05,0.00271771984554624
9025.63442555289,-1.66602274068129e-05,8.47032446988237e-05,-5.73944160877266e-06,-0.00309127195871321,-1.38228942498075e-07,-7.4411471975603e-05,-1.1803745002638e-05,0.00269900276884072
9088.228539846,-1.64317191191113e-05,8.4126546872322e-05,-5.66090975266088e-06,-0.003069973158362,-1.36336649472013e-07,-7.38988055948895e-05,-1.16417208718459e-05,0.00268041458531904
9151.25675361174,-1.62063424049439e-05,8.35536839388296e-05,-5.58344897246758e-06,-0.00304882121549149,-1.34470190328669e-07,-7.33896735472373e-05,-1.14819206333607e-05,0.00266195440762381
9214.72207739435,-1.59840544187385e-05,8.29846322930977e-05,-5.50704475463173e-06,-0.00302781511526966,-1.32629214311612e-07,-7.28840514206462e-05,-1.13243137663379e-05,0.00264362135450146
9278.6275426167,-1.57648128991978e-05,8.24193684350249e-05,-5.4316827796685e-06,-0.00300695384992291,-1.30813375373927e-07,-7.2381914972676e-05,-1.11688701687048e-05,0.00262541455076033
9342.97620172496,-1.55485761613845e-05,8.18578689701064e-05,-5.35734891964557e-06,-0.00298623641868605,-1.29022332116441e-07,-7.18832401292502e-05,-1.10155601514177e-05,0.00260733312722906
9407.77112833456,-1.53353030889117e-05,8.13001106098551e-05,-5.28402923568974e-06,-0.00296566182775261,-1.27255747726699e-07,-7.13880029834668e-05,-1.08643544327967e-05,0.00258937622071532
9473.0154173768,-1.51249531262386e-05,8.07460701721971e-05,-5.21170997552462e-06,-0.00294522909022565,-1.25513289918728e-07,-7.08961797944204e-05,-1.07152241329398e-05,0.00257154297396475
9538.71218524687,-1.49174862710686e-05,8.01957245818409e-05,-5.14037757103802e-06,-0.00292493722606876,-1.23794630873529e-07,-7.04077469860305e-05,-1.05681407682114e-05,0.0025538325356202
9604.86456995261,-1.4712863066849e-05,7.96490508706223e-05,-5.07001863587957e-06,-0.00290478526205758,-1.22099447180327e-07,-6.99226811458795e-05,-1.04230762458082e-05,0.00253624406018129
9671.47573126437,-1.45110445953716e-05,7.91060261778247e-05,-5.00061996308778e-06,-0.00288477223173157,-1.20427419778562e-07,-6.94409590240604e-05,-1.02800028583986e-05,0.00251877670796419
9738.54885086602,-1.43119924694719e-05,7.85666277504751e-05,-4.93216852274629e-06,-0.00286489717534619,-1.18778233900597e-07,-6.89625575320302e-05,-1.01388932788356e-05,0.00250142964506169
9806.08713250685,-1.41156688258267e-05,7.80308329436182e-05,-4.86465145966923e-06,-0.00284515913982548,-1.17151579015152e-07,-6.84874537414747e-05,-9.99972055494253e-06,0.00248420204330361
9874.09380215466,-1.39220363178472e-05,7.74986192205662e-05,-4.79805609111505e-06,-0.00282555717871485,-1.15547148771452e-07,-6.80156248831793e-05,-9.86245810436988e-06,0.00246709308021731
9942.57210814976,-1.37310581086686e-05,7.69699641531286e-05,-4.73236990452879e-06,-0.00280609035213438,-1.13964640944078e-07,-6.75470483459098e-05,-9.72707970952288e-06,0.00245010193898868
10011.5253213603,-1.35426978642326e-05,7.64448454218184e-05,-4.66758055531228e-06,-0.00278675772673234,-1.1240375737851e-07,-6.70817016752998e-05,-9.59355951255828e-06,0.00243322780842323
10080.9567353381,-1.33569197464634e-05,7.592324081604e-05,-4.60367586462217e-06,-0.00276755837563917,-1.10864203937366e-07,-6.66195625727483e-05,-9.46187201045018e-06,0.00241646988290758
10150.8696664767,-1.31736884065348e-05,7.54051282342538e-05,-4.54064381719522e-06,-0.00274849137842166,-1.09345690447314e-07,-6.61606088943225e-05,-9.33199205012289e-06,0.00239982736237103
10221.267454169,-1.29929689782283e-05,7.48904856841237e-05,-4.47847255920089e-06,-0.00272955582103762,-1.07847930646665e-07,-6.57048186496722e-05,-9.2038948236511e-06,0.00238329945224763
10292.1534609671,-1.28147270713793e-05,7.43792912826433e-05,-4.41715039612056e-06,-0.00271075079579074,-1.06370642133621e-07,-6.52521700009482e-05,-9.07755586352526e-06,0.00236688536343828
10363.5310727429,-1.26389287654126e-05,7.38715232562452e-05,-4.35666579065344e-06,-0.00269207540128591,-1.04913546315188e-07,-6.48026412617325e-05,-8.95295103798242e-06,0.00235058431227329
10435.4036988501,-1.24655406029636e-05,7.33671599408893e-05,-4.29700736064854e-06,-0.00267352874238476,-1.03476368356736e-07,-6.43562108959728e-05,-8.83005654640052e-06,0.00233439552047499
10507.7747722864,-1.22945295835861e-05,7.28661797821368e-05,-4.23816387706274e-06,-0.00265510993016162,-1.02058837132205e-07,-6.39128575169277e-05,-8.7088489147563e-06,0.0023183182151208
10580.647749858,-1.2125863157544e-05,7.23685613352031e-05,-4.18012426194435e-06,-0.00263681808185971,-1.00660685174934e-07,-6.3472559886117e-05,-8.58930499114508e-06,0.00230235162860639
10654.0261123446,-1.19595092196869e-05,7.18742832649976e-05,-4.12287758644219e-06,-0.00261865232084777,-9.9281648629137e-08,-6.3035296912282e-05,-8.47140194136225e-06,0.00228649499860919
10727.9133646656,-1.17954361034079e-05,7.13833243461432e-05,-4.06641306883955e-06,-0.00260061177657685,-9.79214672019777e-08,-6.26010476503514e-05,-8.35511724454504e-06,0.00227074756805209
10802.3130360475,-1.16336125746831e-05,7.08956634629834e-05,-4.0107200726132e-06,-0.00258269558453761,-9.65798841162749e-08,-6.21697913004164e-05,-8.2404286888744e-06,0.00225510858506745
10877.2286801926,-1.14740078261903e-05,7.04112796095711e-05,-3.95578810451654e-06,-0.00256490288621773,-9.52566460638003e-08,-6.17415072067112e-05,-8.12731436733534e-06,0.0022395773029613
10952.6638754485,-1.1316591471508e-05,6.99301518896441e-05,-3.90160681268746e-06,-0.00254723282905981,-9.39515031591851e-08,-6.13161748566037e-05,-8.01575267353589e-06,0.00222415298017777
11028.6222249794,-1.11613335393918e-05,6.94522595165845e-05,-3.84816598477964e-06,-0.00252968456641942,-9.26642088944095e-08,-6.08937738795904e-05,-7.90572229758287e-06,0.00220883488026387
11105.1073569377,-1.10082044681285e-05,6.8977581813365e-05,-3.79545554611797e-06,-0.00251225725752363,-9.13945200938831e-08,-6.0474284046301e-05,-7.79720222201471e-06,0.00219362227183437
11182.1229246378,-1.08571750999651e-05,6.85060982124801e-05,-3.7434655578771e-06,-0.00249495006742966,-9.01421968700988e-08,-6.00576852675092e-05,-7.69017171778952e-06,0.00217851442853702
11259.6726067303,-1.07082166756146e-05,6.80377882558652e-05,-3.69218621528327e-06,-0.00247776216698396,-8.89070025798602e-08,-5.96439575931507e-05,-7.58461034032866e-06,0.00216351062901798
11337.7601073777,-1.05613008288343e-05,6.75726315948005e-05,-3.64160784583888e-06,-0.00246069273278154,-8.76887037810689e-08,-5.9233081211348e-05,-7.48049792561406e-06,0.00214861015688746
11416.3891564316,-1.04163995810779e-05,6.71106079898046e-05,-3.5917209075699e-06,-0.00244374094712562,-8.64870701900744e-08,-5.88250364474436e-05,-7.37781458633952e-06,0.00213381230068564
11495.5635096105,-1.02734853362197e-05,6.66516973105132e-05,-3.54251598729534e-06,-0.00242690599798751,-8.53018746395694e-08,-5.84198037630381e-05,-7.27654070811433e-06,0.00211911635384877
11575.2869486794,-1.01325308753502e-05,6.61958795355481e-05,-3.49398379891902e-06,-0.00241018707896691,-8.41328930370325e-08,-5.80173637550375e-05,-7.17665694571938e-06,0.00210452161467555
11655.5632816306,-9.99350935164088e-06,6.57431347523718e-05,-3.44611518174308e-06,-0.00239358338925232,-8.29799043237049e-08,-5.76176971547048e-05,-7.07814421941414e-06,0.00209002738629374
11736.3963428651,-9.85639428527984e-06,6.52934431571338e-05,-3.39890109880309e-06,-0.0023770941335819,-8.18426904341022e-08,-5.72207848267216e-05,-6.98098371129477e-06,0.00207563297662693
11817.7899933763,-9.72115955847437e-06,6.48467850545028e-05,-3.35233263522437e-06,-0.00236071852220453,-8.07210362560455e-08,-5.68266077682533e-05,-6.88515686170164e-06,0.00206133769836164
11899.7481209338,-9.58777941052209e-06,6.44031408574905e-05,-3.30640099659964e-06,-0.0023444557708412,-7.96147295912161e-08,-5.64351471080234e-05,-6.79064536567664e-06,0.00204714086891456
11982.2746402699,-9.45622843294774e-06,6.39624910872636e-05,-3.26109750738715e-06,-0.00232830510064658,-7.85235611162167e-08,-5.60463841053929e-05,-6.69743116946853e-06,0.00203304181040002
12065.3734932659,-9.32648156470654e-06,6.35248163729465e-05,-3.21641360932968e-06,-0.00231226573817101,-7.74473243441421e-08,-5.56603001494475e-05,-6.60549646708677e-06,0.0020190398495978
12149.0486491407,-9.19851408745153e-06,6.3090097451413e-05,-3.17234085989365e-06,-0.00229633691532268,-7.63858155866469e-08,-5.52768767580904e-05,-6.51482369690203e-06,0.00200513431792095
12233.3041046402,-9.07230162086563e-06,6.26583151670708e-05,-3.12887093072849e-06,-0.00228051786933006,-7.53388339165093e-08,-5.48960955771426e-05,-6.42539553829384e-06,0.00199132455138405
12318.1438842285,-8.94782011805609e-06,6.22294504716335e-05,-3.08599560614569e-06,-0.00226480784270469,-7.43061811306773e-08,-5.45179383794482e-05,-6.33719490834376e-06,0.00197760989057151
12403.5720402798,-8.82504586101189e-06,6.18034844238869e-05,-3.04370678161766e-06,-0.00224920608320416,-7.32876617138028e-08,-5.41423870639882e-05,-6.2502049585743e-06,0.00196398968060623
12489.5926532723,-8.70395545612191e-06,6.13803981894441e-05,-3.00199646229572e-06,-0.00223371184379539,-7.22830828022452e-08,-5.37694236549984e-05,-6.16440907173216e-06,0.00195046327111833
12576.2098319827,-8.58452582975433e-06,6.09601730404943e-05,-2.96085676154749e-06,-0.00221832438261819,-7.12922541485481e-08,-5.33990303010956e-05,-6.07979085861598e-06,0.00193703001621426
12663.427713683,-8.46673422389532e-06,6.05427903555411e-05,-2.92027989951299e-06,-0.00220304296294904,-7.03149880863779e-08,-5.30311892744083e-05,-5.9963341549472e-06,0.00192368927444594
12751.2504643373,-8.35055819184718e-06,6.01282316191357e-05,-2.88025820167954e-06,-0.00218786685316515,-6.93510994959229e-08,-5.26658829697158e-05,-5.91402301828423e-06,0.0019104404087803
12839.6822788018,-8.23597559398429e-06,5.97164784215995e-05,-2.84078409747507e-06,-0.00217279532670882,-6.84004057697414e-08,-5.23030939035905e-05,-5.83284172497851e-06,0.00189728278656883
12928.7273810244,-8.12296459356696e-06,5.93075124587424e-05,-2.80185011887973e-06,-0.002157827662052,-6.74627267790607e-08,-5.19428047135497e-05,-5.75277476717276e-06,0.00188421577951754
13018.3900242466,-8.01150365261142e-06,5.89013155315709e-05,-2.76344889905535e-06,-0.00214296314266111,-6.65378848405121e-08,-5.15849981572102e-05,-5.67380684983998e-06,0.00187123876365694
13108.6744912069,-7.90157152781639e-06,5.84978695459917e-05,-2.72557317099299e-06,-0.00212820105696215,-6.56257046833085e-08,-5.12296571114519e-05,-5.59592288786342e-06,0.0018583511193124
13199.5850943454,-7.79314726654411e-06,5.80971565125072e-05,-2.68821576617771e-06,-0.00211354069830603,-6.47260134168457e-08,-5.08767645715852e-05,-5.51910800315624e-06,0.00184555223107451
13291.1261760091,-7.68621020285653e-06,5.76991585459056e-05,-2.65136961327101e-06,-0.00209898136493418,-6.38386404987338e-08,-5.05263036505254e-05,-5.44334752182109e-06,0.0018328414877699
13383.3021086605,-7.58073995360452e-06,5.73038578649433e-05,-2.61502773681026e-06,-0.00208452235994435,-6.29634177032448e-08,-5.01782575779726e-05,-5.36862697134817e-06,0.00182021828243199
13476.1172950852,-7.47671641457064e-06,5.69112367920227e-05,-2.57918325592508e-06,-0.0020701629912567,-6.21001790901771e-08,-4.98326096995976e-05,-5.29493207785214e-06,0.00180768201227214
13569.576168603,-7.37411975666397e-06,5.65212777528642e-05,-2.54382938307058e-06,-0.00205590257158015,-6.12487609741291e-08,-4.94893434762342e-05,-5.22224876334671e-06,0.00179523207865091
13663.6831932795,-7.27293042216633e-06,5.61339632761704e-05,-2.50895942277693e-06,-0.00204174041837893,-6.0409001894174e-08,-4.91484424830754e-05,-5.15056314305656e-06,0.00178286788704952
13758.4428641392,-7.17312912102986e-06,5.57492759932886e-05,-2.47456677041543e-06,-0.00202767585383936,-5.95807425839391e-08,-4.88098904088779e-05,-5.07986152276638e-06,0.00177058884704155
13853.8597073802,-7.07469682722428e-06,5.53671986378639e-05,-2.44064491098061e-06,-0.00201370820483693,-5.87638259420732e-08,-4.84736710551703e-05,-5.01013039620593e-06,0.00175839437226476
13949.9382805904,-6.97761477513424e-06,5.49877140454913e-05,-2.40718741788832e-06,-0.00199983680290357,-5.79580970031088e-08,-4.81397683354675e-05,-4.94135644247129e-06,0.00174628388039318
14046.6831729655,-6.88186445600496e-06,5.46108051533594e-05,-2.37418795178945e-06,-0.00198606098419513,-5.71634029087031e-08,-4.78081662744911e-05,-4.8735265234812e-06,0.00173425679310932
14144.0990055278,-6.78742761443669e-06,5.42364549998922e-05,-2.3416402593993e-06,-0.00197238008945918,-5.63795928792644e-08,-4.74788490073949e-05,-4.80662768146857e-06,0.00172231253607667
14242.190431347,-6.69428624492623e-06,5.38646467243845e-05,-2.30953817234219e-06,-0.00195879346400294,-5.56065181859463e-08,-4.71518007789958e-05,-4.74064713650607e-06,0.00171045053891226
14340.9621357626,-6.6024225884558e-06,5.34953635666345e-05,-2.2778756060113e-06,-0.00194530045766149,-5.48440321230185e-08,-4.68270059430111e-05,-4.67557228406604e-06,0.0016986702351595
14440.4188366077,-6.51181912912784e-06,5.31285888665708e-05,-2.24664655844343e-06,-0.00193190042476624,-5.40919899805975e-08,-4.65044489612996e-05,-4.61139069261344e-06,0.00168697106226118
14540.5652844341,-6.4224585908459e-06,5.27643060638768e-05,-2.21584510920852e-06,-0.00191859272411352,-5.33502490177414e-08,-4.61841144031096e-05,-4.54809010123227e-06,0.00167535246153267
14641.4062627396,-6.33432393404021e-06,5.24024986976099e-05,-2.18546541831378e-06,-0.00190537671893353,-5.26186684358979e-08,-4.58659869443315e-05,-4.48565841728415e-06,0.00166381387813526
14742.946588196,-6.24739835243803e-06,5.20431504058186e-05,-2.15550172512226e-06,-0.00189225177685938,-5.18971093527068e-08,-4.55500513667559e-05,-4.42408371409928e-06,0.00165235476104973
14845.1911108798,-6.16166526987764e-06,5.16862449251544e-05,-2.12594834728558e-06,-0.00187921726989646,-5.11854347761462e-08,-4.52362925573368e-05,-4.36335422869893e-06,0.00164097456305006
14948.1447145032,-6.07710833716584e-06,5.1331766090482e-05,-2.09679967969076e-06,-0.00186627257439195,-5.04835095790246e-08,-4.49246955074602e-05,-4.30345835954929e-06,0.0016296727406774
15051.8123166476,-5.99371142897787e-06,5.09796978344848e-05,-2.0680501934209e-06,-0.0018534170710046,-4.9791200473808e-08,-4.46152453122178e-05,-4.24438466434596e-06,0.00161844875421408
15156.1988689989,-5.91145864079975e-06,5.06300241872687e-05,-2.03969443472957e-06,-0.00184065014467467,-4.91083759877834e-08,-4.4307927169686e-05,-4.18612185782905e-06,0.00160730206765795
15261.3093575835,-5.83033428591191e-06,5.02827292759614e-05,-2.01172702402867e-06,-0.00182797118459416,-4.84349064385505e-08,-4.40027263802096e-05,-4.12865880962804e-06,0.00159623214869679
15367.1488030065,-5.75032289241408e-06,4.99377973243111e-05,-1.9841426548898e-06,-0.00181537958417716,-4.77706639098397e-08,-4.36996283456911e-05,-4.07198454213639e-06,0.00158523846868293
15473.7222606918,-5.67140920029036e-06,4.95952126522796e-05,-1.95693609305856e-06,-0.0018028747410305,-4.71155222276501e-08,-4.33986185688846e-05,-4.0160882284151e-06,0.00157432050260806
15581.0348211234,-5.59357815851443e-06,4.92549596756361e-05,-1.93010217548217e-06,-0.00179045605692455,-4.64693569367068e-08,-4.3099682652695e-05,-3.9609591901253e-06,0.0015634777290782
15689.0916100885,-5.51681492219394e-06,4.89170229055457e-05,-1.90363580934964e-06,-0.00177812293776423,-4.5832045277228e-08,-4.2802806299482e-05,-3.90658689548887e-06,0.00155270963028882
15797.8977889225,-5.44110484975392e-06,4.85813869481579e-05,-1.87753197114493e-06,-0.00176587479356028,-4.52034661620049e-08,-4.25079753103689e-05,-3.85296095727739e-06,0.00154201569200017
15907.4585547554,-5.36643350015826e-06,4.82480365041913e-05,-1.85178570571236e-06,-0.00175371103840064,-4.4583500153783e-08,-4.22151755845566e-05,-3.80007113082832e-06,0.00153139540351275
16017.7791407599,-5.29278663016928e-06,4.79169563685173e-05,-1.82639212533461e-06,-0.00174163109042213,-4.39720294429483e-08,-4.19243931186423e-05,-3.74790731208876e-06,0.00152084825764295
16128.8648164017,-5.22015019164429e-06,4.7588131429741e-05,-1.80134640882279e-06,-0.00172963437178228,-4.33689378255063e-08,-4.16356140059427e-05,-3.69645953568571e-06,0.0015103737506989
16240.720887691,-5.14851032886922e-06,4.72615466697817e-05,-1.7766438006187e-06,-0.00171772030863136,-4.27741106813595e-08,-4.13488244358227e-05,-3.64571797302306e-06,0.00149997138245641
16353.352697436,-5.07785337592823e-06,4.69371871634493e-05,-1.7522796099088e-06,-0.00170588833108461,-4.21874349528693e-08,-4.10640106930279e-05,-3.59567293040451e-06,0.00148964065613511
16466.765625498,-5.00816585410945e-06,4.66150380780221e-05,-1.72824920975018e-06,-0.00169413787319468,-4.16087991237088e-08,-4.0781159157023e-05,-3.54631484718238e-06,0.00147938107837483
16580.9650890484,-4.93943446934571e-06,4.62950846728202e-05,-1.70454803620789e-06,-0.00168246837292428,-4.10380931979932e-08,-4.05002563013333e-05,-3.49763429393169e-06,0.00146919215921199
16695.9565428276,-4.87164610969043e-06,4.59773122987799e-05,-1.68117158750394e-06,-0.00167087927211894,-4.04752086796929e-08,-4.02212886928927e-05,-3.44962197064942e-06,0.00145907341205628
16811.7454794054,-4.80478784282753e-06,4.56617063980249e-05,-1.65811542317739e-06,-0.0016593700164801,-3.99200385523174e-08,-3.99442429913941e-05,-3.40226870497833e-06,0.00144902435366742
16928.3374294433,-4.73884691361563e-06,4.53482525034379e-05,-1.63537516325583e-06,-0.00164794005553827,-3.93724772588752e-08,-3.96691059486471e-05,-3.35556545045531e-06,0.00143904450413217
17045.737961959,-4.67381074166529e-06,4.50369362382292e-05,-1.61294648743764e-06,-0.0016365888426264,-3.88324206820967e-08,-3.93958644079374e-05,-3.3095032847836e-06,0.00142913338684137
17163.9526845917,-4.60966691894963e-06,4.47277433155068e-05,-1.59082513428539e-06,-0.00162531583485354,-3.82997661249255e-08,-3.91245053033927e-05,-3.26407340812886e-06,0.00141929052846728
17282.9872438709,-4.54640320744717e-06,4.4420659537843e-05,-1.5690069004297e-06,-0.00161412049307853,-3.77744122912677e-08,-3.88550156593523e-05,-3.21926714143846e-06,0.00140951545894093
17402.8473254854,-4.48400753681705e-06,4.41156707968418e-05,-1.54748763978395e-06,-0.001603002281884,-3.72562592670013e-08,-3.85873825897411e-05,-3.17507592478404e-06,0.00139980771142977
17523.5386545551,-4.42246800210568e-06,4.3812763072705e-05,-1.52626326276925e-06,-0.00159196066955049,-3.67452085012371e-08,-3.83215932974482e-05,-3.13149131572655e-06,0.00139016682231535
17645.0669959044,-4.36177286148488e-06,4.35119224337976e-05,-1.50532973554989e-06,-0.00158099512803077,-3.62411627878331e-08,-3.805763507371e-05,-3.08850498770401e-06,0.00138059233117126
17767.4381543379,-4.3019105340206e-06,4.32131350362125e-05,-1.48468307927887e-06,-0.00157010513292434,-3.57440262471541e-08,-3.7795495297497e-05,-3.0461087284411e-06,0.00137108378074109
17890.6579749169,-4.24286959747228e-06,4.29163871233354e-05,-1.46431936935361e-06,-0.00155929016345214,-3.5253704308078e-08,-3.75351614349061e-05,-3.00429443838081e-06,0.00136164071691671
18014.7323432395,-4.184638786122e-06,4.26216650254076e-05,-1.44423473468142e-06,-0.00154854970243135,-3.47701036902407e-08,-3.72766210385552e-05,-2.96305412913743e-06,0.00135226268871653
18139.667185721,-4.1272069886334e-06,4.23289551590907e-05,-1.424425356955e-06,-0.00153788323625051,-3.42931323865219e-08,-3.70198617469849e-05,-2.92237992197095e-06,0.00134294924826405
18265.4684698776,-4.07056324593957e-06,4.2038244027029e-05,-1.40488746993742e-06,-0.00152729025484464,-3.38226996457631e-08,-3.67648712840612e-05,-2.88226404628217e-06,0.00133369995076644
18392.1422046107,-4.01469674916004e-06,4.17495182174128e-05,-1.38561735875672e-06,-0.00151677025167071,-3.33587159557197e-08,-3.65116374583853e-05,-2.84269883812867e-06,0.00132451435449336
18519.6944404947,-3.95959683754584e-06,4.14627644035408e-05,-1.36661135921001e-06,-0.00150632272368313,-3.29010930262398e-08,-3.62601481627051e-05,-2.80367673876096e-06,0.0013153920207559
18648.1312700654,-3.90525299645285e-06,4.11779693433836e-05,-1.34786585707672e-06,-0.00149594717130955,-3.24497437726711e-08,-3.60103913733328e-05,-2.76519029317891e-06,0.00130633251388558
18777.4588281112,-3.85165485534261e-06,4.08951198791453e-05,-1.32937728744121e-06,-0.00148564309842671,-3.20045822994882e-08,-3.57623551495654e-05,-2.72723214870777e-06,0.00129733540121366
18907.6832919665,-3.79879218581048e-06,4.06142029368268e-05,-1.31114213402429e-06,-0.00147541001233655,-3.15655238841418e-08,-3.55160276331094e-05,-2.6897950535939e-06,0.00128840025305043
19038.810881806,-3.74665489964073e-06,4.03352055257888e-05,-1.2931569285238e-06,-0.00146524742374242,-3.11324849611246e-08,-3.52713970475102e-05,-2.65287185561971e-06,0.00127952664266474
19170.8478609426,-3.69523304688801e-06,4.00581147383139e-05,-1.27541824996394e-06,-0.00145515484672551,-3.07053831062496e-08,-3.50284516975848e-05,-2.61645550073756e-06,0.00127071414626364
19303.8005361258,-3.64451681398521e-06,3.97829177491708e-05,-1.25792272405338e-06,-0.00144513179872143,-3.02841370211425e-08,-3.47871799688585e-05,-2.58053903172249e-06,0.00126196234297214
19437.6752578439,-3.5944965218769e-06,3.95096018151764e-05,-1.24066702255188e-06,-0.00143517780049691,-2.98686665179402e-08,-3.45475703270062e-05,-2.54511558684335e-06,0.00125327081481317
19572.4784206263,-3.54516262417849e-06,3.92381542747606e-05,-1.22364786264555e-06,-0.00142529237612678,-2.94588925041975e-08,-3.4309611317297e-05,-2.51017839855225e-06,0.00124463914668761
19708.2164633496,-3.49650570536024e-06,3.89685625475297e-05,-1.20686200633031e-06,-0.00141547505297092,-2.90547369679944e-08,-3.40732915640425e-05,-2.47572079219189e-06,0.00123606692635446
19844.8958695448,-3.44851647895629e-06,3.87008141338314e-05,-1.19030625980377e-06,-0.00140572536165162,-2.8656122963246e-08,-3.38385997700502e-05,-2.44173618472076e-06,0.00122755374441126
19982.5231677076,-3.40118578579798e-06,3.84348966143189e-05,-1.17397747286512e-06,-0.00139604283603084,-2.82629745952088e-08,-3.36055247160789e-05,-2.40821808345569e-06,0.00121909919427444
20121.1049316092,-3.35450459227139e-06,3.81707976495175e-05,-1.15787253832326e-06,-0.00138642701318784,-2.78752170061833e-08,-3.33740552602995e-05,-2.37516008483177e-06,0.00121070287216002
20260.6477806113,-3.3084639885985e-06,3.79085049793895e-05,-1.14198839141269e-06,-0.00137687743339686,-2.74927763614079e-08,-3.31441803377587e-05,-2.34255587317919e-06,0.00120236437706427
20401.1583799816,-3.26305518714209e-06,3.76480064229016e-05,-1.12632200921738e-06,-0.00136739364010494,-2.71155798351446e-08,-3.29158889598469e-05,-2.31039921951697e-06,0.00119408331074464
20542.6434412127,-3.21826952073345e-06,3.7389289877592e-05,-1.11087041010228e-06,-0.00135797517991,-2.674355559695e-08,-3.26891702137693e-05,-2.27868398036314e-06,0.00118585927770069
20685.1097223421,-3.17409844102322e-06,3.71323433191383e-05,-1.09563065315256e-06,-0.00134862160253896,-2.63766327981341e-08,-3.24640132620214e-05,-2.24740409656133e-06,0.00117769188515529
20828.5640282755,-3.13053351685453e-06,3.6877154800926e-05,-1.08059983762033e-06,-0.00133933246082606,-2.60147415583991e-08,-3.22404073418673e-05,-2.21655359212336e-06,0.00116958074303581
20973.0132111114,-3.08756643265851e-06,3.66237124536187e-05,-1.06577510237881e-06,-0.00133010731069138,-2.56578129526603e-08,-3.2018341764823e-05,-2.18612657308788e-06,0.00116152546395557
21118.464170469,-3.04518898687157e-06,3.63720044847276e-05,-1.05115362538384e-06,-0.0013209457111194,-2.53057789980439e-08,-3.17978059161413e-05,-2.15611722639444e-06,0.0011535256631953
21264.923853817,-3.00339309037446e-06,3.61220191781834e-05,-1.03673262314264e-06,-0.00131184722413783,-2.49585726410607e-08,-3.15787892543024e-05,-2.12651981877326e-06,0.0011455809586848
21412.3992568061,-2.96217076495245e-06,3.58737448939077e-05,-1.02250935018973e-06,-0.00130281141479648,-2.46161277449522e-08,-3.13612813105066e-05,-2.09732869564999e-06,0.00113769097098475
21560.8974236026,-2.92151414177679e-06,3.56271700673868e-05,-1.00848109856991e-06,-0.00129383785114638,-2.42783790772089e-08,-3.11452716881715e-05,-2.06853828006578e-06,0.00112985532326852
21710.4254472254,-2.88141545990661e-06,3.53822832092448e-05,-9.94645197328114e-07,-0.00128492610421897,-2.39452622972556e-08,-3.09307500624315e-05,-2.04014307161183e-06,0.00112207364130427
21860.9904698845,-2.84186706481163e-06,3.51390729048194e-05,-9.80999012006314e-07,-0.00127607574800545,-2.36167139443047e-08,-3.07177061796426e-05,-2.0121376453789e-06,0.00111434555343703
22012.599683322,-2.8028614069147e-06,3.48975278137373e-05,-9.67539944146992e-07,-0.00126728635943631,-2.32926714253716e-08,-3.05061298568885e-05,-1.98451665092097e-06,0.00110667069057099
22165.260329156,-2.7643910401546e-06,3.46576366694916e-05,-9.54265430803476e-07,-0.00125855751836098,-2.29730730034545e-08,-3.02960109814923e-05,-1.95727481123329e-06,0.00109904868615191
22318.9796992262,-2.72644862056814e-06,3.44193882790198e-05,-9.41172944056767e-07,-0.0012498888075276,-2.26578577858713e-08,-3.00873395105298e-05,-1.93040692174435e-06,0.00109147917614957
22473.7651359423,-2.68902690489193e-06,3.41827715222833e-05,-9.28259990538942e-07,-0.00124127981256296,-2.2346965712757e-08,-2.98801054703476e-05,-1.90390784932181e-06,0.00108396179904046
22629.6240326348,-2.65211874918304e-06,3.39477753518475e-05,-9.1552411096294e-07,-0.0012327301219526,-2.20403375457139e-08,-2.96742989560832e-05,-1.87777253129185e-06,0.00107649619579045
22786.5638339077,-2.61571710745865e-06,3.37143887924639e-05,-9.02962879658743e-07,-0.00122423932702099,-2.17379148566176e-08,-2.946991013119e-05,-1.85199597447226e-06,0.00106908200983774
22944.592035995,-2.5798150303542e-06,3.34826009406524e-05,-8.90573904115749e-07,-0.00121580702191188,-2.1439640016573e-08,-2.92669292269641e-05,-1.82657325421854e-06,0.00106171888707579
23103.7161871177,-2.54440566379999e-06,3.3252400964286e-05,-8.7835482453139e-07,-0.00120743280356883,-2.11454561850202e-08,-2.90653465420755e-05,-1.80149951348329e-06,0.00105440647583644
23263.9438878451,-2.5094822477157e-06,3.30237781021752e-05,-8.6630331336579e-07,-0.00119911627171578,-2.08553072989884e-08,-2.88651524421021e-05,-1.77676996188835e-06,0.0010471444268731
23425.2827914574,-2.47503811472296e-06,3.27967216636559e-05,-8.54417074902474e-07,-0.00119085702883786,-2.05691380624939e-08,-2.8666337359067e-05,-1.75237987480983e-06,0.00103993239334412
23587.7406043117,-2.44106668887529e-06,3.25712210281758e-05,-8.42693844814965e-07,-0.00118265468016222,-2.0286893936083e-08,-2.84688917909788e-05,-1.72832459247552e-06,0.00103277003079621
23751.3250862094,-2.40756148440569e-06,3.23472656448852e-05,-8.31131389739305e-07,-0.00117450883363916,-2.00085211265163e-08,-2.82728063013757e-05,-1.70459951907484e-06,0.001025656997148
23916.0440507678,-2.37451610449103e-06,3.21248450322262e-05,-8.19727506852267e-07,-0.00116641909992316,-1.97339665765913e-08,-2.80780715188721e-05,-1.68120012188093e-06,0.00101859295267373
24081.9053657923,-2.34192424003362e-06,3.19039487775258e-05,-8.08480023455351e-07,-0.0011583850923543,-1.94631779551054e-08,-2.78846781367093e-05,-1.65812193038481e-06,0.00101157755998702
24248.9169536531,-2.30977966845922e-06,3.16845665365883e-05,-7.97386796564328e-07,-0.00115040642693959,-1.91961036469522e-08,-2.76926169123075e-05,-1.63536053544136e-06,0.00100461048402478
24417.0867916629,-2.27807625253167e-06,3.14666880332909e-05,-7.86445712504402e-07,-0.00114248272233456,-1.89326927433544e-08,-2.75018786668236e-05,-1.61291158842717e-06,0.000997691392031196
24586.4229124585,-2.24680793918354e-06,3.12503030591793e-05,-7.75654686510787e-07,-0.00113461359982493,-1.8672895032227e-08,-2.73124542847094e-05,-1.59077080040977e-06,0.000990819953541863
24756.933404384,-2.215968758363e-06,3.10354014730657e-05,-7.65011662334738e-07,-0.00112679868330844,-1.84166609886733e-08,-2.71243347132748e-05,-1.56893394132836e-06,0.000983995840368019
24928.6264118777,-2.1855528218962e-06,3.08219732006277e-05,-7.5451461185486e-07,-0.00111903759927675,-1.81639417656071e-08,-2.69375109622529e-05,-1.5473968391858e-06,0.000977218726580858
25101.5101358603,-2.15555432236546e-06,3.06100082340091e-05,-7.44161534693737e-07,-0.00111132997679754,-1.79146891845051e-08,-2.67519741033689e-05,-1.52615537925161e-06,0.000970488288495997
25275.5928341276,-2.1259675320026e-06,3.03994966314217e-05,-7.3395045783969e-07,-0.00110367544749665,-1.76688557262822e-08,-2.65677152699113e-05,-1.50520550327599e-06,0.000963804204658003
25450.882821744,-2.09678680159757e-06,3.01904285167492e-05,-7.23879435273706e-07,-0.00109607364554045,-1.74263945222923e-08,-2.63847256563068e-05,-1.48454320871457e-06,0.000957166155825067
25627.3884714405,-2.06800655942183e-06,2.99827940791523e-05,-7.13946547601368e-07,-0.0010885242076182,-1.71872593454498e-08,-2.62029965176975e-05,-1.4641645479638e-06,0.000950573824953755
25805.1182140139,-2.0396213101667e-06,2.97765835726751e-05,-7.04149901689834e-07,-0.00108102677292468,-1.69514046014729e-08,-2.60225191695214e-05,-1.4440656276069e-06,0.00094402689718388
25984.08053873,-2.01162563389598e-06,2.95717873158537e-05,-6.9448763030966e-07,-0.00107358098314281,-1.67187853202451e-08,-2.58432849870959e-05,-1.42424260767007e-06,0.000937525059823468
26164.2839937291,-1.98401418501305e-06,2.93683956913256e-05,-6.84957891781529e-07,-0.0010661864824265,-1.64893571472934e-08,-2.56652854052039e-05,-1.40469170088896e-06,0.000931068002333835
26345.7371864336,-1.95678169124211e-06,2.91663991454417e-05,-6.75558869627757e-07,-0.00105884291738351,-1.6263076335384e-08,-2.54885119176828e-05,-1.38540917198521e-06,0.000924655416314764
26528.4487839603,-1.92992295262325e-06,2.89657881878785e-05,-6.66288772228496e-07,-0.00105154993705854,-1.60398997362296e-08,-2.53129560770169e-05,-1.36639133695287e-06,0.000918286995489777
26712.4275135331,-1.90343284052139e-06,2.87665533912533e-05,-6.57145832482635e-07,-0.00104430719291634,-1.5819784792312e-08,-2.51386094939318e-05,-1.34763456235471e-06,0.000911962435691528
26897.6821629011,-1.87730629664867e-06,2.85686853907401e-05,-6.48128307473261e-07,-0.00103711433882503,-1.56026895288133e-08,-2.49654638369922e-05,-1.32913526462804e-06,0.000905681434847265
27084.2215807571,-1.85153833210036e-06,2.83721748836873e-05,-6.39234478137691e-07,-0.00102997103103945,-1.53885725456587e-08,-2.47935108322023e-05,-1.31088990940021e-06,0.000899443692964429
27272.0546771616,-1.82612402640377e-06,2.81770126292377e-05,-6.30462648941948e-07,-0.00102287692818467,-1.51773930096661e-08,-2.46227422626092e-05,-1.29289501081341e-06,0.000893248912116316
27461.1904239671,-1.8010585265804e-06,2.79831894479489e-05,-6.21811147559681e-07,-0.00101583169123964,-1.49691106468032e-08,-2.44531499679085e-05,-1.27514713085878e-06,0.00088709679642787
27651.6378552475,-1.7763370462207e-06,2.77906962214164e-05,-6.13278324555413e-07,-0.00100883498352088,-1.47636857345491e-08,-2.42847258440533e-05,-1.2576428787196e-06,0.000880987052061546
27843.4060677294,-1.75195486457171e-06,2.75995238918983e-05,-6.04862553072117e-07,-0.00100188647066635,-1.45610790943608e-08,-2.41174618428655e-05,-1.24037891012359e-06,0.000874919387203293
28036.5042212264,-1.72790732563699e-06,2.74096634619407e-05,-5.96562228522999e-07,-0.000994985820619415,-1.43612520842407e-08,-2.39513499716499e-05,-1.22335192670401e-06,0.000868893512048613
28230.9415390768,-1.70418983728902e-06,2.7221105994006e-05,-5.88375768287498e-07,-0.000988132703612895,-1.41641665914065e-08,-2.37863822928111e-05,-1.20655867536959e-06,0.000862909138788737
28426.7273085842,-1.68079787039365e-06,2.70338426101021e-05,-5.8030161141138e-07,-0.000981326792153262,-1.39697850250596e-08,-2.3622550923473e-05,-1.18999594768304e-06,0.000856965981596877
28623.8708814609,-1.65772695794663e-06,2.68478644914136e-05,-5.72338218310937e-07,-0.000974567761004928,-1.37780703092534e-08,-2.34598480351005e-05,-1.17366057924819e-06,0.000851063756614585
28822.3816742749,-1.63497269422183e-06,2.66631628779344e-05,-5.64484070481174e-07,-0.000967855287174635,-1.35889858758563e-08,-2.32982658531249e-05,-1.15754944910543e-06,0.000845202181938197
29022.2691688993,-1.61253073393127e-06,2.64797290681029e-05,-5.56737670207977e-07,-0.000961189049895982,-1.34024956576131e-08,-2.31377966565706e-05,-1.14165947913553e-06,0.000839380977605385
29223.5429129655,-1.59039679139652e-06,2.62975544184372e-05,-5.49097540284183e-07,-0.000954568730614021,-1.32185640812986e-08,-2.29784327776854e-05,-1.12598763347161e-06,0.000833599865581775
29426.2125203191,-1.56856663973155e-06,2.6116630343174e-05,-5.41562223729518e-07,-0.000947994012969998,-1.30371560609657e-08,-2.2820166601573e-05,-1.11053091791916e-06,0.000827858569747692
29630.2876714792,-1.54703611003667e-06,2.59369483139075e-05,-5.34130283514314e-07,-0.000941464582786168,-1.28582369912845e-08,-2.26629905658275e-05,-1.09528637938408e-06,0.000822156815884963
29835.7781141006,-1.52580109060359e-06,2.57584998592314e-05,-5.26800302287025e-07,-0.000934980128050743,-1.26817727409731e-08,-2.25068971601718e-05,-1.08025110530849e-06,0.000816494331663834
30042.6936634399,-1.50485752613132e-06,2.55812765643815e-05,-5.19570882105391e-07,-0.000928540338902919,-1.25077296463165e-08,-2.23518789260971e-05,-1.06542222311438e-06,0.000810870846629962
30251.0442028234,-1.4842014169528e-06,2.54052700708809e-05,-5.12440644171313e-07,-0.00092214490761803,-1.23360745047751e-08,-2.21979284565057e-05,-1.05079689965479e-06,0.000805286092191513
30460.8396841202,-1.46382881827216e-06,2.52304720761861e-05,-5.05408228569283e-07,-0.000915793528592785,-1.21667745686789e-08,-2.2045038395356e-05,-1.0363723406726e-06,0.000799739801606323
30672.0901282168,-1.44373583941237e-06,2.50568743333359e-05,-4.9847229400841e-07,-0.000909485898330626,-1.1999797539009e-08,-2.189320143731e-05,-1.02214579026673e-06,0.000794231709969182
30884.8056254963,-1.42391864307326e-06,2.48844686506007e-05,-4.91631517567921e-07,-0.00090322171542717,-1.18351115592621e-08,-2.17424103273833e-05,-1.00811453036563e-06,0.000788761554199167
31098.9963363199,-1.40437344459963e-06,2.47132468911352e-05,-4.84884594446156e-07,-0.000897000680555773,-1.16726852094002e-08,-2.15926578605977e-05,-9.94275880208073e-07,0.000783329073027101
31314.6724915125,-1.38509651125945e-06,2.45432009726308e-05,-4.78230237712941e-07,-0.000890822496453164,-1.15124874998819e-08,-2.14439368816355e-05,-9.80627195830964e-07,0.00077793400698306
31531.8443928511,-1.36608416153188e-06,2.43743228669717e-05,-4.71667178065371e-07,-0.000884686867905216,-1.13544878657746e-08,-2.12962402844972e-05,-9.67165869564307e-07,0.000772576098384004
31750.5224135575,-1.34733276440508e-06,2.42066045998913e-05,-4.65194163586872e-07,-0.00087859350173278,-1.11986561609479e-08,-2.11495610121609e-05,-9.53889329532986e-07,0.000767255091321455
31970.7169987928,-1.32883873868368e-06,2.40400382506315e-05,-4.58809959509585e-07,-0.000872542106777649,-1.10449626523455e-08,-2.10038920562442e-05,-9.40795039165471e-07,0.000761970731649295
32192.4386661572,-1.31059855230561e-06,2.38746159516024e-05,-4.52513347979939e-07,-0.000866532393888588,-1.08933780143352e-08,-2.08592264566685e-05,-9.27880496709208e-07,0.000756722766971621
32415.6980061919,-1.29260872166842e-06,2.37103298880455e-05,-4.4630312782746e-07,-0.000860564075907495,-1.07438733231361e-08,-2.07155573013256e-05,-9.15143234752709e-07,0.000751510946630702
32640.5056828852,-1.27486581096476e-06,2.35471722976966e-05,-4.40178114336691e-07,-0.00085463686765562,-1.05964200513217e-08,-2.05728777257466e-05,-9.02580819754146e-07,0.000746335021695002
32866.8724341813,-1.25736643152695e-06,2.33851354704523e-05,-4.34137139022237e-07,-0.000848750485919922,-1.04509900623975e-08,-2.04311809127733e-05,-8.90190851576482e-07,0.000741194744947306
33094.8090724944,-1.2401072411806e-06,2.32242117480369e-05,-4.28179049406864e-07,-0.000842904649439475,-1.03075556054535e-08,-2.02904600922313e-05,-8.77970963028914e-07,0.000736089870872906
33324.3264852235,-1.22308494360699e-06,2.30643935236723e-05,-4.22302708802625e-07,-0.000837099078892014,-1.01660893098886e-08,-2.01507085406062e-05,-8.6591881941467e-07,0.000731020155647888
33555.4356352742,-1.20629628771427e-06,2.29056732417478e-05,-4.16506996094961e-07,-0.000831333496880533,-1.00265641802072e-08,-2.00119195807214e-05,-8.5403211808496e-07,0.000725985357127479
33788.1475615808,-1.18973806701722e-06,2.27480433974939e-05,-4.10790805529755e-07,-0.00082560762792001,-9.88895359088733e-09,-1.98740865814181e-05,-8.42308587999101e-07,0.000720985234834497
34022.4733796346,-1.17340711902552e-06,2.2591496536656e-05,-4.05153046503262e-07,-0.000819921198424197,-9.75323128131809e-09,-1.97372029572382e-05,-8.30745989290622e-07,0.000716019549947861
34258.4242820144,-1.15730032464043e-06,2.2436025255171e-05,-3.99592643354933e-07,-0.000814273936692524,-9.6193713508064e-09,-1.96012621681086e-05,-8.19342112839389e-07,0.000711088065291193
34496.0115389212,-1.14141460755967e-06,2.22816221988445e-05,-3.94108535163032e-07,-0.000808665572897071,-9.4873482536517e-09,-1.94662577190282e-05,-8.08094779849538e-07,0.000706190545321486
34735.2464987164,-1.12574693369054e-06,2.21282800630315e-05,-3.88699675543063e-07,-0.000803095839069657,-9.35713679428833e-09,-1.93321831597568e-05,-7.97001841433258e-07,0.000701326756117871
34976.1405884643,-1.110294310571e-06,2.19759915923166e-05,-3.83365032448917e-07,-0.000797564469088992,-9.22871212249337e-09,-1.91990320845063e-05,-7.86061178200236e-07,0.00069649646537043
35218.7053144771,-1.09505378679876e-06,2.18247495801979e-05,-3.78103587976762e-07,-0.00079207119866794,-9.10204972866072e-09,-1.9066798131634e-05,-7.75270699852789e-07,0.00069169944236912
35462.9522628655,-1.0800224514681e-06,2.16745468687713e-05,-3.72914338171569e-07,-0.000786615765340847,-8.97712543913896e-09,-1.89354749833381e-05,-7.64628344786496e-07,0.000686935457992744
35708.8931000911,-1.0651974336145e-06,2.15253763484174e-05,-3.67796292836313e-07,-0.000781197908450988,-8.85391541163337e-09,-1.88050563653549e-05,-7.54132079696373e-07,0.000682204284698022
35956.5395735246,-1.05057590166682e-06,2.13772309574898e-05,-3.62748475343739e-07,-0.000775817369138068,-8.73239613067018e-09,-1.86755360466588e-05,-7.43779899188391e-07,0.000677505696508716
36205.9035120061,-1.03615506290701e-06,2.12301036820044e-05,-3.57769922450727e-07,-0.000770473890325833,-8.61254440312334e-09,-1.85469078391638e-05,-7.33569825396386e-07,0.000672839469004849
36456.9968264106,-1.02193216293723e-06,2.10839875553322e-05,-3.52859684115164e-07,-0.000765167216709757,-8.49433735380172e-09,-1.84191655974275e-05,-7.23499907604174e-07,0.00066820537931198
36709.831510217,-1.00790448515422e-06,2.09388756578915e-05,-3.48016823315319e-07,-0.000759897094744811,-8.37775242109692e-09,-1.82923032183563e-05,-7.13568221872888e-07,0.000663603206090567
36964.4196400802,-9.94069350230978e-07,2.0794761116844e-05,-3.432404158717e-07,-0.000754663272633333,-8.26276735269055e-09,-1.8166314640914e-05,-7.03772870673426e-07,0.000659032729525403
37220.7733764093,-9.80424115605431e-07,2.06516371057913e-05,-3.38529550271307e-07,-0.000749465500312957,-8.14936020131974e-09,-1.80411938458313e-05,-6.94111982523919e-07,0.000654493731315106
37478.9049639467,-9.66966174976186e-07,2.05094968444731e-05,-3.33883327494315e-07,-0.000744303529444651,-8.03750932060093e-09,-1.79169348553175e-05,-6.84583711632215e-07,0.000649985994661712
37738.8267323548,-9.53692957805145e-07,2.0368333598468e-05,-3.29300860843097e-07,-0.000739177113400817,-7.92719336091021e-09,-1.77935317327749e-05,-6.75186237543222e-07,0.000645509304260306
38000.5510968034,-9.40601928826988e-07,2.02281406788949e-05,-3.24781275773595e-07,-0.000734086007253492,-7.81839126532042e-09,-1.76709785825141e-05,-6.65917764791145e-07,0.000641063446288757
38264.0905585636,-9.27690587565319e-07,2.00889114421171e-05,-3.20323709728983e-07,-0.000729029967762609,-7.71108226559325e-09,-1.75492695494722e-05,-6.56776522556445e-07,0.000636648208397493
38529.4577056047,-9.14956467855502e-07,1.99506392894472e-05,-3.15927311975608e-07,-0.000724008753364365,-7.60524587822648e-09,-1.74283988189323e-05,-6.47760764327549e-07,0.000632263379699375
38796.6652131954,-9.02397137373987e-07,1.98133176668543e-05,-3.11591243441156e-07,-0.000719022124159643,-7.50086190055485e-09,-1.73083606162453e-05,-6.3886876756717e-07,0.000627908750759615
39065.7258445091,-8.90010197174131e-07,1.96769400646726e-05,-3.07314676555046e-07,-0.000714069841902541,-7.39791040690462e-09,-1.71891492065539e-05,-6.30098833383236e-07,0.000623584113585783
39336.6524512341,-8.77793281228339e-07,1.95415000173118e-05,-3.03096795090981e-07,-0.000709151669988951,-7.2963717448001e-09,-1.70707588945175e-05,-6.21449286204305e-07,0.00061928926161787
39609.4579741865,-8.65744055976525e-07,1.94069911029691e-05,-2.98936794011667e-07,-0.000704267373445248,-7.19622653122263e-09,-1.695318402404e-05,-6.12918473459471e-07,0.000615023989718432
39884.1554439296,-8.53860219880717e-07,1.92734069433427e-05,-2.94833879315638e-07,-0.00069941671891703,-7.09745564892004e-09,-1.68364189779992e-05,-6.04504765262622e-07,0.000610788094162781
40160.7579813948,-8.42139502985813e-07,1.91407412033475e-05,-2.90787267886182e-07,-0.000694599474657955,-7.00004024276721e-09,-1.67204581779778e-05,-5.96206554101078e-07,0.000606581372629274
40439.2787985098,-8.30579666486314e-07,1.90089875908315e-05,-2.86796187342319e-07,-0.000689815410518645,-6.90396171617559e-09,-1.66052960839967e-05,-5.88022254528458e-07,0.000602403624189635
40719.7311988284,-8.19178502299039e-07,1.88781398562952e-05,-2.82859875891827e-07,-0.00068506429793567,-6.8092017275526e-09,-1.64909271942495e-05,-5.79950302861802e-07,0.000598254649299372
41002.1285781671,-8.07933832641654e-07,1.87481917926111e-05,-2.78977582186261e-07,-0.00068034590992061,-6.71574218680865e-09,-1.63773460448397e-05,-5.7198915688281e-07,0.000594134249788241
41286.4844252437,-7.96843509617024e-07,1.86191372347464e-05,-2.75148565177964e-07,-0.000675660021049189,-6.62356525191253e-09,-1.6264547209519e-05,-5.64137295543231e-07,0.000590042228850791
41572.812322323,-7.85905414803218e-07,1.84909700594856e-05,-2.71372093979019e-07,-0.000671006407450484,-6.53265332549338e-09,-1.61525252994278e-05,-5.56393218674241e-07,0.000585978391036952
41861.1259458642,-7.75117458849179e-07,1.83636841851567e-05,-2.67647447722141e-07,-0.000666384846796219,-6.44298905148954e-09,-1.60412749628371e-05,-5.48755446699861e-07,0.000581942542242721
42151.4390671752,-7.64477581075892e-07,1.82372735713573e-05,-2.63973915423453e-07,-0.000661795118290111,-6.35455531184275e-09,-1.59307908848929e-05,-5.41222520354265e-07,0.000577934489700872
42443.7655530697,-7.5398374908307e-07,1.81117322186832e-05,-2.60350795847156e-07,-0.00065723700265732,-6.26733522323808e-09,-1.58210677873614e-05,-5.33793000403008e-07,0.000573954041971769
42738.1193665299,-7.43633958361174e-07,1.79870541684586e-05,-2.56777397372024e-07,-0.000652710282133937,-6.18131213388782e-09,-1.57121004283769e-05,-5.26465467368042e-07,0.000570001008934211
43034.5145673733,-7.33426231908815e-07,1.78632335024675e-05,-2.53253037859746e-07,-0.000648214740456582,-6.0964696203599e-09,-1.56038836021907e-05,-5.19238521256545e-07,0.000566075201776361
43332.9653129246,-7.23358619855346e-07,1.77402643426869e-05,-2.49777044525049e-07,-0.000643750162852036,-6.01279148444924e-09,-1.54964121389223e-05,-5.12110781293431e-07,0.000562176432986725
43633.4858586911,-7.13429199088669e-07,1.7618140851022e-05,-2.46348753807609e-07,-0.000639316336026983,-5.9302617500922e-09,-1.5389680904312e-05,-5.05080885657575e-07,0.0005583045163452
43936.0905590448,-7.03636072888116e-07,1.74968572290422e-05,-2.429675112457e-07,-0.000634913048157787,-5.84886466032297e-09,-1.5283684799475e-05,-4.98147491221616e-07,0.000554459266914179
44240.7938679069,-6.93977370562392e-07,1.73764077177194e-05,-2.39632671351583e-07,-0.000630540088880365,-5.7685846742718e-09,-1.5178418760658e-05,-4.91309273295372e-07,0.000550640501029724
44547.6103394389,-6.84451247092447e-07,1.72567865971671e-05,-2.3634359748858e-07,-0.000626197249280121,-5.689406464204e-09,-1.50738777589966e-05,-4.84564925372741e-07,0.000546848036292785
44856.5546287376,-6.7505588277929e-07,1.71379881863823e-05,-2.33099661749852e-07,-0.000621884321881948,-5.61131491259985e-09,-1.49700568002749e-05,-4.77913158882104e-07,0.000543081691560507
45167.641492535,-6.6578948289658e-07,1.70200068429874e-05,-2.29900244838808e-07,-0.000617601100640299,-5.53429510927392e-09,-1.48669509246863e-05,-4.71352702940132e-07,0.000539341286937559
45480.8857899031,-6.56650277348028e-07,1.6902836962975e-05,-2.26744735951168e-07,-0.000613347380929337,-5.45833234853432e-09,-1.47645552065968e-05,-4.64882304108994e-07,0.000535626643767561
45796.3024829641,-6.47636520329465e-07,1.67864729804536e-05,-2.23632532658627e-07,-0.000609122959533133,-5.38341212638035e-09,-1.46628647543089e-05,-4.58500726156872e-07,0.000531937584624537
46113.9066376045,-6.38746489995564e-07,1.66709093673947e-05,-2.2056304079412e-07,-0.000604927634635954,-5.30952013773888e-09,-1.45618747098278e-05,-4.52206749821795e-07,0.000528273933304458
46433.713424195,-6.2997848813111e-07,1.6556140633382e-05,-2.17535674338641e-07,-0.000600761205812601,-5.23664227373816e-09,-1.44615802486291e-05,-4.45999172578681e-07,0.000524635514816811
46755.7381183149,-6.21330839826811e-07,1.64421613253616e-05,-2.14549855309621e-07,-0.000596623474018826,-5.16476461901926e-09,-1.4361976579428e-05,-4.39876808409606e-07,0.000521022155376255
47079.9961014825,-6.12801893159512e-07,1.6328966027394e-05,-2.11605013650827e-07,-0.000592514241581803,-5.09387344908399e-09,-1.426305894395e-05,-4.33838487577197e-07,0.000517433682394316
47406.5028618884,-6.04390018876839e-07,1.62165493604079e-05,-2.08700587123775e-07,-0.000588433312190677,-5.02395522767943e-09,-1.41648226167036e-05,-4.27883056401174e-07,0.000513869924471144
47735.2739951367,-5.96093610086125e-07,1.61049059819546e-05,-2.05836021200604e-07,-0.000584380490887171,-4.95499660421786e-09,-1.40672629047539e-05,-4.22009377037912e-07,0.00051033071138733
48066.3252049891,-5.87911081947644e-07,1.59940305859648e-05,-2.03010768958452e-07,-0.000580355584056262,-4.88698441123241e-09,-1.39703751474986e-05,-4.16216327263078e-07,0.000506815874095778
48399.6723041153,-5.79840871372009e-07,1.58839179025065e-05,-2.00224290975238e-07,-0.000576358399416912,-4.81990566186709e-09,-1.38741547164447e-05,-4.10502800257205e-07,0.000503325244713629
48735.331214848,-5.71881436721764e-07,1.57745626975447e-05,-1.97476055226902e-07,-0.000572388746012882,-4.75374754740163e-09,-1.37785970149876e-05,-4.0486770439425e-07,0.000499858656514245
49073.317969944,-5.64031257517023e-07,1.5665959772702e-05,-1.94765536986023e-07,-0.000568446434203586,-4.68849743480971e-09,-1.36836974781906e-05,-3.99309963033021e-07,0.000496415943919246
49413.6487133493,-5.56288834145189e-07,1.55581039650213e-05,-1.92092218721844e-07,-0.000564531275655028,-4.62414286435104e-09,-1.35894515725673e-05,-3.93828514311498e-07,0.000492996942490607
49756.3397009709,-5.48652687574619e-07,1.54509901467294e-05,-1.89455590001654e-07,-0.00056064308333079,-4.56067154719607e-09,-1.34958547958642e-05,-3.88422310943942e-07,0.000489601488922794
50101.4073014524,-5.41121359072244e-07,1.53446132250028e-05,-1.86855147393524e-07,-0.000556781671483088,-4.49807136308341e-09,-1.34029026768461e-05,-3.83090320020827e-07,0.000486229421034979
50448.8679969571,-5.33693409925034e-07,1.52389681417343e-05,-1.84290394370367e-07,-0.000552946855643883,-4.43633035800918e-09,-1.33105907750814e-05,-3.77831522811483e-07,0.000482880577763286
50798.7383839539,-5.26367421165317e-07,1.51340498733011e-05,-1.81760841215321e-07,-0.000549138452616066,-4.37543674194812e-09,-1.32189146807304e-05,-3.72644914569479e-07,0.0004795547991531
51151.0351740109,-5.19141993299826e-07,1.50298534303349e-05,-1.79266004928412e-07,-0.000545356280464687,-4.31537888660574e-09,-1.31278700143343e-05,-3.67529504340651e-07,0.00047625192635143
51505.7751945938,-5.12015746042494e-07,1.49263738574927e-05,-1.76805409134508e-07,-0.000541600158508259,-4.25614532320134e-09,-1.30374524266055e-05,-3.62484314773781e-07,0.000472971801599321
51862.9753898685,-5.04987318050909e-07,1.48236062332297e-05,-1.74378583992528e-07,-0.000537869907310118,-4.19772474028145e-09,-1.29476575982202e-05,-3.57508381933876e-07,0.000469714268224323
52222.6528215118,-4.98055366666356e-07,1.47215456695732e-05,-1.71985066105881e-07,-0.000534165348669835,-4.1401059815629e-09,-1.28584812396111e-05,-3.52600755117994e-07,0.000466479170633002
52584.8246695256,-4.91218567657469e-07,1.46201873118978e-05,-1.69624398434158e-07,-0.0005304863056147,-4.08327804380587e-09,-1.2769919090763e-05,-3.47760496673618e-07,0.00046326635430352
52949.5082330576,-4.84475614967359e-07,1.45195263387027e-05,-1.67296130206e-07,-0.000526832602391252,-4.0272300747156e-09,-1.26819669210086e-05,-3.42986681819507e-07,0.000460075665778244
53316.7209312277,-4.77825220464238e-07,1.44195579613896e-05,-1.64999816833182e-07,-0.000523204064456884,-3.97195137087322e-09,-1.25946205288264e-05,-3.38278398469021e-07,0.000456906952656424
53686.4803039601,-4.71266113695443e-07,1.43202774240425e-05,-1.62735019825864e-07,-0.000519600518471482,-3.9174313756946e-09,-1.250787574164e-05,-3.33634747055852e-07,0.000453760063586912
54058.8040128205,-4.64797041644856e-07,1.42216800032085e-05,-1.60501306709e-07,-0.000516021792289148,-3.86365967741736e-09,-1.24217284156182e-05,-3.29054840362168e-07,0.000450634848260937
54433.709841861,-4.58416768493625e-07,1.41237610076806e-05,-1.58298250939898e-07,-0.000512467714949961,-3.81062600711528e-09,-1.23361744354772e-05,-3.24537803349098e-07,0.000447531157404922
54811.215698468,-4.52124075384194e-07,1.40265157782812e-05,-1.56125431826899e-07,-0.000508938116671804,-3.7583202367401e-09,-1.22512097142835e-05,-3.20082772989563e-07,0.000444448842773359
55191.3396142186,-4.45917760187547e-07,1.39299396876475e-05,-1.53982434449175e-07,-0.000505432828842242,-3.70673237718991e-09,-1.2166830193259e-05,-3.15688898103375e-07,0.000441387757141726
55574.0997457415,-4.39796637273663e-07,1.38340281400175e-05,-1.51868849577629e-07,-0.000501951684010468,-3.65585257640416e-09,-1.20830318415865e-05,-3.1135533919463e-07,0.000438347754299458
55959.5143755845,-4.33759537285103e-07,1.37387765710186e-05,-1.49784273596864e-07,-0.000498494515879282,-3.60567111748463e-09,-1.19998106562171e-05,-3.07081268291309e-07,0.000435328689042962
56347.6019130871,-4.27805306913722e-07,1.36441804474563e-05,-1.47728308428237e-07,-0.000495061159297153,-3.55617841684228e-09,-1.19171626616789e-05,-3.02865868787095e-07,0.000432330417168688
56738.380895261,-4.21932808680421e-07,1.35502352671049e-05,-1.45700561453952e-07,-0.00049165145025031,-3.50736502236931e-09,-1.18350839098868e-05,-2.98708335285351e-07,0.000429352795466231
57131.8699876742,-4.16140920717944e-07,1.34569365584997e-05,-1.43700645442202e-07,-0.00048826522585491,-3.45922161163643e-09,-1.1753570479954e-05,-2.9460787344525e-07,0.000426395681711505
57528.0879853436,-4.10428536556632e-07,1.33642798807294e-05,-1.41728178473329e-07,-0.000484902324349242,-3.41173899011461e-09,-1.16726184780043e-05,-2.90563699830009e-07,0.000423458934659939
57927.053813632,-4.0479456491314e-07,1.32722608232317e-05,-1.39782783867002e-07,-0.000481562585085998,-3.36490808942147e-09,-1.15922240369859e-05,-2.86575041757213e-07,0.000420542414039739
58328.7865291527,-3.99237929482024e-07,1.31808750055885e-05,-1.37864090110384e-07,-0.000478245848524586,-3.31871996559135e-09,-1.15123833164869e-05,-2.82641137151181e-07,0.000417645980545183
58733.3053206791,-3.93757568730218e-07,1.30901180773231e-05,-1.35971730787289e-07,-0.000474951956223508,-3.2731657973694e-09,-1.14330925025512e-05,-2.78761234397379e-07,0.000414769495829974
59140.6295100621,-3.88352435694303e-07,1.29999857176988e-05,-1.34105344508305e-07,-0.000471680750832778,-3.22823688452876e-09,-1.13543478074966e-05,-2.74934592198812e-07,0.000411912822500627
59550.7785531519,-3.83021497780578e-07,1.29104736355188e-05,-1.32264574841879e-07,-0.000468432076086408,-3.18392464621107e-09,-1.12761454697335e-05,-2.71160479434397e-07,0.000409075824109912
59963.7720407286,-3.77763736567855e-07,1.28215775689268e-05,-1.30449070246337e-07,-0.000465205776794924,-3.1402206192894e-09,-1.1198481753585e-05,-2.67438175019276e-07,0.000406258365150332
60379.6296994364,-3.72578147612981e-07,1.27332932852099e-05,-1.28658484002844e-07,-0.000462001698837961,-3.09711645675389e-09,-1.11213529491089e-05,-2.63766967767056e-07,0.000403460311047659
60798.3713927276,-3.67463740259005e-07,1.26456165806015e-05,-1.26892474149276e-07,-0.00045881968915688,-3.0546039261193e-09,-1.10447553719193e-05,-2.6014615625392e-07,0.000400681528154497
61220.0171218097,-3.62419537445996e-07,1.25585432800868e-05,-1.25150703415001e-07,-0.000455659595747462,-3.01267490785455e-09,-1.09686853630114e-05,-2.56575048684631e-07,0.000397921883743908
61644.5870266023,-3.57444575524443e-07,1.24720692372085e-05,-1.23432839156551e-07,-0.000452521267652635,-2.9713213938336e-09,-1.08931392885864e-05,-2.53052962760344e-07,0.000395181246003066
62072.1013866976,-3.52537904071227e-07,1.23861903338745e-05,-1.21738553294177e-07,-0.000449404554955257,-2.93053548580769e-09,-1.08181135398774e-05,-2.49579225548265e-07,0.00039245948402697
62502.5806223305,-3.476985857081e-07,1.23009024801659e-05,-1.20067522249271e-07,-0.000446309308770951,-2.89030939389844e-09,-1.07436045329773e-05,-2.46153173353066e-07,0.00038975646781218
62936.0452953524,-3.42925695922679e-07,1.22162016141476e-05,-1.18419426882647e-07,-0.000443235381240988,-2.85063543511164e-09,-1.06696087086674e-05,-2.42774151590098e-07,0.000387072068250623
63372.5161102152,-3.38218322891869e-07,1.21320837016789e-05,-1.16793952433663e-07,-0.000440182625525213,-2.81150603187134e-09,-1.05961225322469e-05,-2.39441514660316e-07,0.000384406157123412
63812.0139149584,-3.33575567307735e-07,1.20485447362258e-05,-1.15190788460186e-07,-0.000437150895795033,-2.77291371057413e-09,-1.05231424933647e-05,-2.36154625826941e-07,0.000381758607094733
64254.5597022062,-3.28996542205735e-07,1.19655807386748e-05,-1.13609628779369e-07,-0.000434140047226437,-2.73485110016309e-09,-1.04506651058508e-05,-2.329128570938e-07,0.000379129291705757
64700.1746101695,-3.24480372795342e-07,1.18831877571473e-05,-1.12050171409246e-07,-0.000431149935993084,-2.69731093072144e-09,-1.03786869075504e-05,-2.29715589085353e-07,0.000376518085368607
65148.8799236562,-3.20026196292952e-07,1.18013618668157e-05,-1.10512118511121e-07,-0.000428180419259413,-2.66028603208527e-09,-1.03072044601575e-05,-2.26562210928345e-07,0.00037392486336035
65600.697075087,-3.15633161757125e-07,1.17200991697205e-05,-1.0899517633276e-07,-0.000425231355173829,-2.62376933247554e-09,-1.02362143490517e-05,-2.23452120135106e-07,0.000371349501817053
66055.6476455202,-3.11300429926051e-07,1.16393957945885e-05,-1.07499055152337e-07,-0.000422302602861913,-2.58775385714851e-09,-1.0165713183134e-05,-2.20384722488433e-07,0.000368791877727853
66513.7533656814,-3.07027173057269e-07,1.15592478966526e-05,-1.06023469223175e-07,-0.000419394022419692,-2.55223272706497e-09,-1.00956975946652e-05,-2.17359431928065e-07,0.000366251868929094
66975.0361170023,-3.02812574769573e-07,1.14796516574718e-05,-1.04568136719226e-07,-0.000416505474906947,-2.51719915757745e-09,-1.00261642391048e-05,-2.14375670438711e-07,0.000363729354098487
67439.5179326655,-2.98655829887099e-07,1.14006032847541e-05,-1.031327796813e-07,-0.000413636822340579,-2.48264645713565e-09,-9.95710979495118e-06,-2.11432867939615e-07,0.000361224212749315
67907.2209986571,-2.94556144285533e-07,1.13220990121783e-05,-1.01717123964043e-07,-0.000410787927688005,-2.44856802600939e-09,-9.88853096358295e-06,-2.0853046217564e-07,0.00035873632522468
68378.167654826,-2.90512734740449e-07,1.12441350992191e-05,-1.00320899183622e-07,-0.000407958654860614,-2.41495735502926e-09,-9.82042446910107e-06,-2.05667898609845e-07,0.000356265572691789
68852.3803959518,-2.86524828777712e-07,1.11667078309718e-05,-9.89438386661446e-08,-0.000405148868707256,-2.3818080243444e-09,-9.75278705817241e-06,-2.02844630317532e-07,0.000353811837136276
69329.8818728181,-2.82591664525947e-07,1.10898135179793e-05,-9.75856793967775e-08,-0.000402358435007791,-2.34911370219736e-09,-9.68561549987427e-06,-2.00060117881759e-07,0.000351375001356568
69810.6948932956,-2.78712490571017e-07,1.10134484960589e-05,-9.62461619695578e-08,-0.000399587220466661,-2.31686814371572e-09,-9.61890658553986e-06,-1.97313829290274e-07,0.000348954948958284
70294.8424234306,-2.74886565812517e-07,1.09376091261318e-05,-9.4925030537903e-08,-0.000396835092706532,-2.28506518972033e-09,-9.5526571286051e-06,-1.94605239833875e-07,0.000346551564348681
70782.3475885425,-2.71113159322213e-07,1.08622917940526e-05,-9.36220327657879e-08,-0.000394101920261953,-2.2536987655498e-09,-9.48686396445617e-06,-1.91933832006158e-07,0.000344164732731129
71273.2336743282,-2.67391550204452e-07,1.07874929104401e-05,-9.23369197796007e-08,-0.000391387572573085,-2.22276287990121e-09,-9.42152395027837e-06,-1.89299095404643e-07,0.00034179434009963
71767.5241279742,-2.63721027458459e-07,1.07132089105096e-05,-9.10694461206495e-08,-0.000388691919979452,-2.19225162368659e-09,-9.35663396490586e-06,-1.86700526633258e-07,0.000339440273233371
72265.2425592773,-2.6010088984254e-07,1.06394362539059e-05,-8.98193696983263e-08,-0.000386014833713746,-2.16215916890517e-09,-9.29219090867247e-06,-1.84137629206161e-07,0.00033710241969132
72766.4127417709,-2.56530445740152e-07,1.05661714245376e-05,-8.85864517439111e-08,-0.000383356185895675,-2.13247976753106e-09,-9.22819170326369e-06,-1.81609913452884e-07,0.000334780667806853
73271.058613862,-2.53009013027792e-07,1.04934109304127e-05,-8.73704567650068e-08,-0.000380715849525847,-2.10320775041612e-09,-9.16463329156936e-06,-1.79116896424776e-07,0.000332474906682421
73779.2042799737,-2.4953591894472e-07,1.04211513034746e-05,-8.61711525006025e-08,-0.000378093698479703,-2.07433752620803e-09,-9.10151263753774e-06,-1.76658101802732e-07,0.000330185026184254
74290.8740116972,-2.46110499964452e-07,1.03493890994398e-05,-8.49883098767481e-08,-0.000375489607501485,-2.04586358028295e-09,-9.0388267260303e-06,-1.74233059806189e-07,0.000327910916937099
74806.0922489501,-2.42732101668034e-07,1.02781208976365e-05,-8.38217029628414e-08,-0.000372903452198255,-2.01778047369306e-09,-8.97657256267772e-06,-1.71841307103369e-07,0.000325652470319002
75324.8836011454,-2.39400078619031e-07,1.02073433008444e-05,-8.26711089285096e-08,-0.000370335109033945,-1.99008284212834e-09,-8.91474717373665e-06,-1.69482386722758e-07,0.000323409578456111
75847.2728483651,-2.36113794240262e-07,1.0137052935135e-05,-8.1536308001086e-08,-0.000367784455323455,-1.9627653948927e-09,-8.85334760594778e-06,-1.67155847965798e-07,0.000321182134217532
76373.2849425456,-2.32872620692194e-07,1.00672464497137e-05,-8.04170834236652e-08,-0.000365251369226787,-1.93582291389408e-09,-8.79237092639452e-06,-1.64861246320772e-07,0.000318970031210206
76902.9450086679,-2.29675938753034e-07,9.99792051676246e-06,-7.9313221413738e-08,-0.000362735729743227,-1.90925025264842e-09,-8.73181422236299e-06,-1.62598143377884e-07,0.000316773163773833
77436.2783459591,-2.26523137700443e-07,9.92907183128374e-06,-7.82245111223888e-08,-0.000360237416705557,-1.88304233529733e-09,-8.67167460120271e-06,-1.60366106745492e-07,0.000314591426975822
77973.3104290997,-2.2341361519489e-07,9.86069711094519e-06,-7.71507445940557e-08,-0.000357756310774315,-1.85719415563911e-09,-8.61194919018847e-06,-1.58164709967496e-07,0.000312424716606278
78514.0669094413,-2.20346777164596e-07,9.79279309592565e-06,-7.60917167268399e-08,-0.000355292293432087,-1.83170077617319e-09,-8.55263513638293e-06,-1.55993532441864e-07,0.000310272929173031
79058.5736162311,-2.17322037692061e-07,9.7253565487621e-06,-7.50472252333611e-08,-0.00035284524697785,-1.8065573271576e-09,-8.4937296065004e-06,-1.53852159340267e-07,0.000308135961896685
79606.8565578463,-2.14338818902148e-07,9.65838425419752e-06,-7.40170706021468e-08,-0.000350415054521341,-1.78175900567932e-09,-8.43522978677134e-06,-1.51740181528826e-07,0.000306013712705715
80158.9419230357,-2.11396550851705e-07,9.5918730190299e-06,-7.30010560595552e-08,-0.000348001599977474,-1.75730107473753e-09,-8.377132882808e-06,-1.49657195489943e-07,0.000303906080231591
80714.8560821713,-2.08494671420693e-07,9.52581967196208e-06,-7.19989875322144e-08,-0.000345604768060788,-1.73317886233922e-09,-8.3194361194708e-06,-1.47602803245203e-07,0.000301812963803932
81274.6255885071,-2.05632626204822e-07,9.46022106345282e-06,-7.10106736099824e-08,-0.000343224444279946,-1.70938776060742e-09,-8.26213674073576e-06,-1.45576612279342e-07,0.000299734263445703
81838.2771794484,-2.02809868409645e-07,9.39507406556856e-06,-7.00359255094095e-08,-0.000340860514932253,-1.68592322490143e-09,-8.20523200956277e-06,-1.43578235465246e-07,0.000297669879868439
82405.8377778279,-2.00025858746119e-07,9.33037557183653e-06,-6.90745570377071e-08,-0.00033851286709823,-1.66278077294935e-09,-8.14871920776487e-06,-1.41607290989995e-07,0.000295619714467502
82977.3344931927,-1.97280065327587e-07,9.26612249709841e-06,-6.81263845572043e-08,-0.000336181388636212,-1.6399559839923e-09,-8.09259563587822e-06,-1.39663402281906e-07,0.000293583669317367
83552.7946230977,-1.94571963568185e-07,9.20231177736542e-06,-6.71912269502983e-08,-0.000333865968176995,-1.61744449794052e-09,-8.03685861303328e-06,-1.37746197938593e-07,0.000291561647166955
84132.2456544116,-1.91901036082635e-07,9.13894036967394e-06,-6.62689055848788e-08,-0.00033156649511851,-1.59524201454094e-09,-7.98150547682654e-06,-1.35855311656003e-07,0.000289553551434979
84715.7152646274,-1.89266772587416e-07,9.07600525194244e-06,-6.53592442802332e-08,-0.000329282859620536,-1.57334429255626e-09,-7.92653358319343e-06,-1.33990382158432e-07,0.000287559286205334
85303.2313231867,-1.8666866980329e-07,9.01350342282913e-06,-6.44620692734123e-08,-0.000327014952599455,-1.55174714895514e-09,-7.87194030628186e-06,-1.32151053129497e-07,0.000285578756222518
85894.8218928089,-1.84106231359172e-07,8.9514319015907e-06,-6.35772091860643e-08,-0.000324762665723037,-1.53044645811376e-09,-7.81772303832688e-06,-1.30336973144064e-07,0.000283611866887079
86490.5152308334,-1.81578967697307e-07,8.88978772794188e-06,-6.2704494991716e-08,-0.000322525891405262,-1.50943815102797e-09,-7.76387918952589e-06,-1.285477956011e-07,0.000281658524251098
87090.3397905676,-1.79086395979761e-07,8.82856796191612e-06,-6.184375998351e-08,-0.000320304522801183,-1.48871821453657e-09,-7.71040618791509e-06,-1.26783178657453e-07,0.000279718635013705
87694.3242226474,-1.76628039996183e-07,8.76776968372694e-06,-6.09948397423781e-08,-0.000318098453801814,-1.46828269055505e-09,-7.6573014792464e-06,-1.25042785162541e-07,0.000277792106516617
88302.4973764047,-1.74203430072849e-07,8.70738999363046e-06,-6.01575721056563e-08,-0.000315907579029066,-1.44812767531994e-09,-7.60456252686557e-06,-1.23326282593935e-07,0.000275878846739715
88914.8883012464,-1.71812102982933e-07,8.64742601178865e-06,-5.93317971361247e-08,-0.000313731793830705,-1.4282493186434e-09,-7.55218681159082e-06,-1.21633342993828e-07,0.000273978764296651
89531.5262480405,-1.69453601858032e-07,8.5878748781337e-06,-5.85173570914778e-08,-0.000311570994275359,-1.40864382317821e-09,-7.5001718315926e-06,-1.19963642906376e-07,0.000272091768430481
90152.440670515,-1.67127476100885e-07,8.52873375223301e-06,-5.7714096394208e-08,-0.000309425077147541,-1.38930744369266e-09,-7.44851510227395e-06,-1.18316863315896e-07,0.000270217769009328
90777.661226663,-1.64833281299306e-07,8.46999981315542e-06,-5.6921861601907e-08,-0.000307293939942728,-1.37023648635553e-09,-7.39721415615184e-06,-1.16692689585921e-07,0.000268356676522085
91407.217780161,-1.62570579141283e-07,8.41167025933802e-06,-5.61405013779691e-08,-0.000305177480862454,-1.35142730803077e-09,-7.34626654273921e-06,-1.15090811399076e-07,0.000266508402074128
92041.1404017939,-1.60338937331262e-07,8.35374230845413e-06,-5.53698664627021e-08,-0.000303075598809452,-1.33287631558192e-09,-7.29566982842797e-06,-1.135109226978e-07,0.000264672857383081
92679.4593708925,-1.58137929507554e-07,8.29621319728187e-06,-5.46098096448292e-08,-0.000300988193382819,-1.31457996518604e-09,-7.24542159637261e-06,-1.11952721625863e-07,0.000262849954774592
93322.2051767786,-1.55967135160902e-07,8.23908018157394e-06,-5.38601857333857e-08,-0.000298915164873219,-1.29653476165706e-09,-7.19551944637482e-06,-1.10415910470697e-07,0.000261039607178153
93969.4085202226,-1.53826139554144e-07,8.18234053592795e-06,-5.31208515299973e-08,-0.000296856414258121,-1.27873725777841e-09,-7.14596099476871e-06,-1.08900195606512e-07,0.000259241728122929
94621.1003149089,-1.51714533642995e-07,8.12599155365792e-06,-5.23916658015428e-08,-0.000294811843197064,-1.26118405364481e-09,-7.09674387430702e-06,-1.074052874382e-07,0.000257456231733644
95277.3116889132,-1.496319139979e-07,8.07003054666632e-06,-5.16724892531876e-08,-0.000292781354026961,-1.24387179601303e-09,-7.04786573404792e-06,-1.05930900346003e-07,0.000255683032726465
95938.0739861886,-1.4757788272698e-07,8.01445484531732e-06,-5.09631845017903e-08,-0.000290764849757431,-1.22679717766169e-09,-6.99932423924273e-06,-1.04476752630941e-07,0.000253922046404937
96603.4187680637,-1.45552047400012e-07,7.95926179831055e-06,-5.02636160496716e-08,-0.000288762234066162,-1.20995693675968e-09,-6.95111707122435e-06,-1.03042566460992e-07,0.000252173188655933
97273.3778147489,-1.43554020973474e-07,7.90444877255601e-06,-4.9573650258745e-08,-0.000286773411294315,-1.19334785624335e-09,-6.90324192729648e-06,-1.01628067818013e-07,0.000250436375945644
97947.983126856,-1.41583421716599e-07,7.85001315304956e-06,-4.88931553249998e-08,-0.000284798286441946,-1.17696676320223e-09,-6.85569652062359e-06,-1.00232986445379e-07,0.000248711525315576
98627.2669269249,-1.39639873138463e-07,7.79595234274946e-06,-4.82220012533373e-08,-0.000282836765163471,-1.16081052827311e-09,-6.80847858012167e-06,-9.8857055796353e-08,0.000246998554378603
99311.2616609643,-1.37723003916059e-07,7.74226376245355e-06,-4.75600598327489e-08,-0.000280888753763157,-1.14487606504251e-09,-6.76158585034968e-06,-9.75000129831574e-08,0.00024529738131502
100000,-1.35832447823365e-07,7.68894485067746e-06,-4.69072046118368e-08,-0.000278954159190645,-1.12916032945734e-09,-6.71501609140187e-06,-9.61615987267487e-08,0.000243607924868642
