Frequency_Hz,Y11_Real,Y11_Imag,Y12_Real,Y12_Imag,Y21_Real,Y21_Imag,Y22_Real,Y22_Imag
0.1,0.435110161048752,-0.00457355268811883,0.772623039053493,-0.000379544624401767,0.0883948212586456,-0.000379291627458467,-0.567635317245232,-2.7633431388667e-05
0.100693514841637,0.435109901543069,-0.00460529395901691,0.772623353125972,-0.000382186688752582,0.0883948892065834,-0.000381928399848469,-0.567636370735788,-2.77725195027625e-05
0.10139183931163,0.435109638372304,-0.00463725583871068,0.772623671556495,-0.00038484728210331,0.0883949580900398,-0.000384583590663352,-0.56763743882034,-2.7911474436846e-05
0.102095006765465,0.435109371483963,-0.00466943986705188,0.772623994405348,-0.000387526537240643,0.088395027921751,-0.000387257330383464,-0.567638521700089,-2.80502723820804e-05
0.102803050789954,0.435109100824782,-0.00470184759477442,0.772624321733644,-0.000390224587961006,0.0883950987146225,-0.000389949750450892,-0.56763961957898,-2.81888888889609e-05
0.103516005204838,0.435108826340713,-0.00473448058357382,0.772624653603338,-0.000392941569079312,0.0883951704817314,-0.000392660983277282,-0.567640732663744,-2.8327298853166e-05
0.104233904064403,0.435108547976911,-0.00476734040618746,0.772624990077234,-0.000395677616437934,0.0883952432363281,-0.000395391162251758,-0.567641861163932,-2.84654765009759e-05
0.104956781659108,0.435108265677724,-0.00480042864647544,0.772625331219001,-0.000398432866915731,0.0883953169918391,-0.000398140421748921,-0.567643005291953,-2.86033953743048e-05
0.105684672517218,0.43510797938668,-0.004833746899502,0.772625677093182,-0.000401207458437153,0.0883953917618688,-0.000400908897136915,-0.567644165263113,-2.87410283156195e-05
0.106417611406461,0.435107689046475,-0.00486729677161775,0.772626027765206,-0.00040400152998148,0.088395467560202,-0.000403696724785583,-0.567645341295651,-2.88783474524101e-05
0.10715563333568,0.435107394598955,-0.00490107988054237,0.772626383301402,-0.000406815221592156,0.088395544400806,-0.000406504042074701,-0.567646533610784,-2.90153241813418e-05
0.107898773556513,0.435107095985111,-0.00493509785544814,0.772626743769007,-0.000409648674386252,0.0883956222978328,-0.000409330987402302,-0.567647742432741,-2.91519291521145e-05
0.108647067565072,0.43510679314506,-0.00496935233704397,0.772627109236182,-0.000412502030563975,0.0883957012656216,-0.000412177700193074,-0.567648967988804,-2.92881322509347e-05
0.109400551103639,0.435106486018033,-0.00500384497766031,0.772627479772027,-0.000415375433418358,0.0883957813187009,-0.000415044320906852,-0.56765021050935,-2.94239025837306e-05
0.110159260162376,0.43510617454236,-0.00503857744133457,0.772627855446584,-0.000418269027344985,0.0883958624717912,-0.000417930991047188,-0.567651470227894,-2.9559208458943e-05
0.11092323098104,0.43510585865546,-0.00507355140389725,0.772628236330861,-0.000421182957851924,0.088395944739807,-0.000420837853170022,-0.567652747381126,-2.9694017369894e-05
0.111692500050717,0.435105538293821,-0.00510876855305889,0.772628622496838,-0.000424117371569674,0.0883960281378596,-0.000423765050892425,-0.567654042208958,-2.98282959769608e-05
0.112467104115564,0.435105213392992,-0.00514423058849755,0.772629014017482,-0.00042707241626129,0.0883961126812591,-0.000426712728901443,-0.567655354954562,-2.99620100892226e-05
0.113247080174565,0.43510488388756,-0.00517993922194717,0.77262941096676,-0.000430048240832603,0.0883961983855171,-0.000429681032963029,-0.567656685864418,-3.00951246458778e-05
0.114032465483296,0.435104549711145,-0.00521589617728646,0.772629813419655,-0.000433044995342578,0.0883962852663494,-0.00043267010993107,-0.567658035188354,-3.02276036969959e-05
0.114823297555707,0.435104210796376,-0.00525210319062868,0.772630221452175,-0.00043606283101375,0.0883963733396779,-0.000435680107756506,-0.567659403179593,-3.03594103842272e-05
0.115619614165913,0.435103867074881,-0.00528856201041202,0.772630635141372,-0.000439101900242829,0.0883964626216339,-0.000438711175496531,-0.567660790094797,-3.04905069208536e-05
0.116421453349997,0.435103518477266,-0.00532527439749083,0.772631054565351,-0.000442162356611405,0.0883965531285598,-0.000441763463323919,-0.567662196194111,-3.06208545715128e-05
0.117228853407829,0.435103164933107,-0.00536224212522747,0.77263147980329,-0.000445244354896774,0.0883966448770126,-0.000444837122536415,-0.567663621741212,-3.07504136315279e-05
0.118041852904894,0.435102806370926,-0.00539946697958505,0.772631910935447,-0.000448348051082932,0.0883967378837657,-0.000447932305566256,-0.567665067003352,-3.08791434056807e-05
0.118860490674132,0.435102442718178,-0.00543695075922075,0.772632348043184,-0.000451473602371627,0.0883968321658121,-0.000451049165989758,-0.567666532251411,-3.10070021867642e-05
0.1196848058178,0.435102073901234,-0.00547469527558006,0.772632791208971,-0.000454621167193612,0.0883969277403669,-0.000454187858537034,-0.567668017759937,-3.11339472334332e-05
0.120514837709331,0.435101699845363,-0.00551270235299174,0.772633240516411,-0.000457790905219987,0.0883970246248697,-0.000457348539101801,-0.567669523807201,-3.12599347478057e-05
0.12135062599522,0.435101320474715,-0.00555097382876358,0.772633696050249,-0.000460982977373717,0.0883971228369879,-0.000460531364751293,-0.567671050675243,-3.13849198524951e-05
0.122192210596917,0.435100935712303,-0.0055895115532788,0.772634157896388,-0.000464197545841229,0.0883972223946189,-0.000463736493736272,-0.567672598649921,-3.15088565671987e-05
0.123039631712731,0.435100545479987,-0.00562831739009353,0.772634626141907,-0.000467434774084225,0.0883973233158932,-0.000466964085501168,-0.567674168020962,-3.16316977847439e-05
0.123892929819754,0.43510014969845,-0.00566739321603472,0.772635100875076,-0.000470694826851544,0.088397425619177,-0.000470214300694299,-0.567675759082016,-3.17533952467128e-05
0.124752145675793,0.435099748287187,-0.00570674092129931,0.772635582185371,-0.000473977870191274,0.0883975293230751,-0.000473487301178223,-0.567677372130701,-3.18738995185724e-05
0.125617320321316,0.435099341164481,-0.00574636240955372,0.772636070163489,-0.000477284071462926,0.0883976344464338,-0.000476783250040188,-0.567679007468661,-3.1993159964161e-05
0.126488495081411,0.435098928247383,-0.00578625959803466,0.772636564901368,-0.000480613599349785,0.0883977410083439,-0.000480102311602712,-0.567680665401615,-3.21111247198261e-05
0.127365711567764,0.435098509451697,-0.00582643441765031,0.772637066492202,-0.00048396662387142,0.0883978490281431,-0.000483444651434245,-0.567682346239412,-3.22277406679047e-05
0.128249011680643,0.435098084691955,-0.00586688881308265,0.772637575030454,-0.000487343316396353,0.0883979585254197,-0.000486810436359982,-0.567684050296083,-3.23429534096961e-05
0.129138437610901,0.4350976538814,-0.00590762474289063,0.772638090611881,-0.000490743849654843,0.0883980695200148,-0.000490199834472783,-0.567685777889902,-3.24567072378518e-05
0.130034031841991,0.435097216931964,-0.005948644179614,0.772638613333543,-0.000494168397751871,0.0883981820320257,-0.000493613015144197,-0.567687529343431,-3.25689451082314e-05
0.130935837151994,0.435096773754246,-0.00598994910987818,0.772639143293827,-0.000497617136180283,0.088398296081809,-0.000497050149035625,-0.567689304983584,-3.26796086111761e-05
0.131843896615665,0.435096324257492,-0.00603154153449993,0.772639680592459,-0.000501090241834052,0.0883984116899833,-0.000500511408109602,-0.567691105141683,-3.27886379421702e-05
0.132758253606487,0.435095868349574,-0.00607342346859395,0.772640225330528,-0.000504587893021763,0.0883985288774325,-0.000503996965641191,-0.567692930153511,-3.28959718719074e-05
0.133678951798747,0.435095405936966,-0.00611559694168031,0.772640777610498,-0.000508110269480227,0.0883986476653089,-0.000507506996229526,-0.567694780359373,-3.30015477157247e-05
0.134606035169616,0.435094936924721,-0.00615806399779283,0.772641337536232,-0.000511657552388262,0.0883987680750362,-0.000511041675809453,-0.567696656104156,-3.31053013024815e-05
0.135539548001256,0.435094461216448,-0.00620082669558841,0.772641905213005,-0.000515229924380705,0.0883988901283126,-0.000514601181663338,-0.567698557737385,-3.32071669426406e-05
0.136479534882933,0.435093978714293,-0.00624388710845712,0.772642480747529,-0.000518827569562485,0.0883990138471144,-0.000518185692432969,-0.567700485613286,-3.33070773959054e-05
0.137426040713143,0.43509348931891,-0.00628724732463342,0.772643064247966,-0.000522450673523038,0.0883991392536985,-0.000521795388131614,-0.567702440090845,-3.34049638380171e-05
0.138379110701763,0.435092992929436,-0.00633090944730814,0.772643655823953,-0.000526099423350718,0.0883992663706062,-0.000525430450156203,-0.567704421533872,-3.35007558269762e-05
0.139338790372205,0.435092489443473,-0.00637487559474158,0.772644255586616,-0.000529774007647541,0.0883993952206662,-0.000529091061299671,-0.567706430311058,-3.35943812685077e-05
0.140305125563594,0.435091978757056,-0.00641914790037739,0.772644863648595,-0.000533474616544046,0.0883995258269981,-0.00053277740576339,-0.567708466796047,-3.36857663808879e-05
0.141278162432955,0.435091460764632,-0.00646372851295752,0.77264548012406,-0.000537201441714362,0.0883996582130153,-0.000536489669169801,-0.56771053136749,-3.37748356589243e-05
0.14225794745742,0.435090935359029,-0.00650861959663817,0.772646105128734,-0.000540954676391436,0.0883997924024287,-0.000540228038575152,-0.567712624409116,-3.38615118373811e-05
0.143244527436446,0.435090402431437,-0.00655382333110662,0.772646738779913,-0.00054473451538254,0.08839992841925,-0.000543992702482384,-0.567714746309796,-3.39457158535297e-05
0.14423794949405,0.435089861871372,-0.00659934191169909,0.772647381196486,-0.000548541155084866,0.0884000662877948,-0.000547783850854173,-0.567716897463605,-3.40273668089502e-05
0.145238261081064,0.435089313566658,-0.00664517754951977,0.772648032498956,-0.0005523747935014,0.0884002060326864,-0.000551601675126128,-0.567719078269897,-3.41063819305903e-05
0.146245509977397,0.43508875740339,-0.0066913324715605,0.772648692809462,-0.000556235630257005,0.088400347678859,-0.000555446368220118,-0.567721289133364,-3.41826765309916e-05
0.147259744294318,0.435088193265912,-0.0067378089208219,0.772649362251804,-0.000560123866614623,0.0884004912515611,-0.000559318124557772,-0.56772353046411,-3.42561639677455e-05
0.148281012476756,0.435087621036787,-0.00678460915643522,0.772650040951456,-0.000564039705491825,0.0884006367763594,-0.000563217140074125,-0.567725802677718,-3.43267556021168e-05
0.149309363305612,0.435087040596763,-0.00683173545378536,0.772650729035597,-0.000567983351477452,0.0884007842791416,-0.000567143612231425,-0.567728106195319,-3.43943607567718e-05
0.150344845900091,0.435086451824749,-0.00687919010463494,0.772651426633131,-0.000571955010848528,0.0884009337861205,-0.000571097740033096,-0.567730441443665,-3.44588866727502e-05
0.151387509720044,0.435085854597782,-0.00692697541724941,0.772652133874707,-0.000575954891587424,0.0884010853238374,-0.000575079724037877,-0.5677328088552,-3.45202384654034e-05
0.152437404568337,0.435085248790994,-0.00697509371652326,0.772652850892744,-0.000579983203399184,0.0884012389191657,-0.000579089766374101,-0.567735208868132,-3.45783190796242e-05
0.153494580593225,0.435084634277583,-0.00702354734410731,0.772653577821457,-0.000584040157729089,0.0884013945993144,-0.000583128070754166,-0.567737641926504,-3.46330292440855e-05
0.154559088290748,0.435084010928779,-0.00707233865853715,0.772654314796874,-0.00058812596778055,0.0884015523918316,-0.000587194842489163,-0.567740108480273,-3.46842674245132e-05
0.155630978507143,0.435083378613813,-0.00712147003536249,0.772655061956866,-0.000592240848533064,0.0884017123246085,-0.000591290288503673,-0.56774260898538,-3.47319297760232e-05
0.156710302441275,0.435082737199882,-0.00717094386727794,0.77265581944117,-0.000596385016760577,0.088401874425883,-0.000595414617350745,-0.567745143903829,-3.47759100945699e-05
0.15779711164708,0.435082086552114,-0.00722076256425463,0.772656587391411,-0.000600558691049972,0.088402038724243,-0.00059956803922705,-0.567747713703761,-3.48160997673611e-05
0.158891458036027,0.435081426533537,-0.00727092855367314,0.772657365951127,-0.000604762091819883,0.0884022052486306,-0.000603750765988215,-0.567750318859534,-3.48523877222104e-05
0.159993393879601,0.435080757005038,-0.00732144428045763,0.772658155265799,-0.000608995441339707,0.0884023740283453,-0.000607963011164329,-0.567752959851799,-3.48846603760722e-05
0.161102971811794,0.435080077825334,-0.00737231220721089,0.772658955482869,-0.000613258963748907,0.0884025450930484,-0.000612204989975653,-0.567755637167579,-3.49128015821876e-05
0.162220244831628,0.435079388850929,-0.00742353481435076,0.772659766751773,-0.000617552885076519,0.0884027184727663,-0.000616476919348484,-0.567758351300353,-3.49366925765995e-05
0.163345266305675,0.435078689936079,-0.00747511460024784,0.77266058922396,-0.000621877433261021,0.0884028941978942,-0.000620779017931263,-0.567761102750131,-3.49562119231761e-05
0.164478089970617,0.435077980932757,-0.00752705408136408,0.772661423052925,-0.00062623283817035,0.0884030722992004,-0.000625111506110809,-0.567763892023539,-3.49712354578632e-05
0.165618769935804,0.435077261690607,-0.00757935579239284,0.772662268394231,-0.000630619331622281,0.0884032528078297,-0.000629474606028806,-0.567766719633903,-3.49816362315777e-05
0.166767360685846,0.435076532056914,-0.00763202228640016,0.772663125405537,-0.000635037147405048,0.0884034357553072,-0.000633868541598457,-0.567769586101329,-3.4987284452094e-05
0.167923917083208,0.435075791876554,-0.00768505613496704,0.772663994246628,-0.000639486521298242,0.0884036211735424,-0.000638293538521337,-0.567772491952789,-3.49880474247236e-05
0.169088494370839,0.435075040991962,-0.00773845992833333,0.772664875079439,-0.000643967691093986,0.0884038090948333,-0.000642749824304478,-0.567775437722208,-3.49837894917937e-05
0.170261148174801,0.435074279243082,-0.00779223627554246,0.772665768068083,-0.000648480896618411,0.0884039995518693,-0.000647237628277618,-0.567778423950547,-3.49743719708917e-05
0.171441934506935,0.435073506467332,-0.00784638780458788,0.772666673378885,-0.000653026379753431,0.0884041925777364,-0.000651757181610708,-0.567781451185893,-3.49596530919843e-05
0.172630909767531,0.435072722499555,-0.00790091716256037,0.772667591180404,-0.000657604384458839,0.08840438820592,-0.000656308717331594,-0.567784519983546,-3.49394879330667e-05
0.173828130748022,0.435071927171978,-0.007955827015797,0.772668521643462,-0.000662215156794602,0.0884045864703094,-0.000660892470343921,-0.567787630906108,-3.49137283548948e-05
0.1750336546337,0.435071120314165,-0.00801112005003119,0.772669464941182,-0.000666858944943612,0.0884047874052017,-0.000665508677445288,-0.56779078452357,-3.4882222933845e-05
0.176247539006444,0.435070301752975,-0.00806679897054413,0.772670421249006,-0.00067153599923463,0.0884049910453055,-0.00067015757734558,-0.56779398141341,-3.48448168940932e-05
0.177469841847474,0.43506947131251,-0.00812286650231758,0.772671390744734,-0.000676246572165598,0.088405197425745,-0.00067483941068555,-0.567797222160679,-3.48013520379553e-05
0.178700621540116,0.43506862881407,-0.00817932539018792,0.772672373608549,-0.000680990918427271,0.0884054065820639,-0.000679554420055626,-0.567800507358093,-3.47516666749717e-05
0.179939936872594,0.435067774076107,-0.00823617839900178,0.77267337002305,-0.00068576929492719,0.0884056185502294,-0.000684302850014954,-0.567803837606131,-3.46955955498121e-05
0.181187847040838,0.435066906914171,-0.0082934283137728,0.772674380173286,-0.000690581960813917,0.0884058333666362,-0.00068908494711067,-0.567807213513127,-3.4632969768314e-05
0.182444411651309,0.435066027140862,-0.00835107793983994,0.772675404246782,-0.000695429177501723,0.0884060510681105,-0.000693900959897404,-0.567810635695367,-3.45636167225077e-05
0.183709690723849,0.435065134565781,-0.008409130103027,0.772676442433572,-0.000700311208695511,0.0884062716919136,-0.000698751138957047,-0.567814104777184,-3.44873600137546e-05
0.184983744694544,0.435064228995472,-0.00846758764980385,0.772677494926235,-0.000705228320416133,0.0884064952757463,-0.000703635736918734,-0.567817621391055,-3.44040193747605e-05
0.186266634418617,0.435063310233374,-0.00852645344744885,0.772678561919926,-0.000710180781026085,0.0884067218577528,-0.000708555008479114,-0.567821186177702,-3.43134105895843e-05
0.187558421173328,0.435062378079764,-0.00858573038421281,0.772679643612406,-0.00071516886125551,0.0884069514765246,-0.000713509210422828,-0.567824799786191,-3.42153454126054e-05
0.188859166660905,0.435061432331704,-0.00864542136948434,0.77268074020408,-0.000720192834228594,0.0884071841711042,-0.000718498601643282,-0.567828462874029,-3.410963148541e-05
0.190168933011491,0.435060472782981,-0.00870552933395681,0.772681851898025,-0.000725252975490347,0.0884074199809896,-0.000723523443163662,-0.56783217610727,-3.39960722522889e-05
0.191487782786108,0.435059499224052,-0.00876605722979655,0.772682978900033,-0.000730349563033719,0.0884076589461379,-0.000728583998158202,-0.567835940160614,-3.38744668740079e-05
0.192815778979652,0.435058511441986,-0.00882700803081293,0.772684121418636,-0.000735482877327144,0.0884079011069693,-0.000733680531973752,-0.567839755717513,-3.37446101399824e-05
0.194152985023894,0.435057509220403,-0.00888838473262941,0.772685279665147,-0.00074065320134243,0.088408146504371,-0.000738813312151578,-0.567843623470273,-3.36062923784741e-05
0.195499464790516,0.435056492339412,-0.00895019035285663,0.772686453853694,-0.000745860820583071,0.0884083951797012,-0.000743982608449455,-0.567847544120159,-3.34592993653723e-05
0.196855282594159,0.435055460575552,-0.0090124279312669,0.772687644201256,-0.00075110602311294,0.088408647174793,-0.00074918869286407,-0.567851518377505,-3.3303412230859e-05
0.198220503195496,0.435054413701727,-0.00907510052997001,0.772688850927696,-0.000756389099585419,0.0884089025319584,-0.00075443183965363,-0.567855546961819,-3.31384073645191e-05
0.199595191804325,0.43505335148714,-0.00913821123359077,0.772690074255803,-0.00076171034327294,0.0884091612939919,-0.000759712325360842,-0.567859630601888,-3.29640563183006e-05
0.200979414082682,0.43505227369723,-0.00920176314944828,0.772691314411326,-0.000767070050096869,0.0884094235041746,-0.000765030428836128,-0.567863770035892,-3.27801257079333e-05
0.202373236147981,0.435051180093605,-0.0092657594077366,0.772692571623011,-0.000772468518657875,0.0884096892062781,-0.000770386431261152,-0.567867966011515,-3.25863771121551e-05
0.203776724576168,0.43505007043397,-0.00933020316170701,0.77269384612264,-0.000777906050266862,0.0884099584445678,-0.00077578061617266,-0.567872219286049,-3.23825669699407e-05
0.205189946404906,0.435048944472061,-0.00939509758785209,0.77269513814507,-0.000783382948976025,0.0884102312638075,-0.000781213269486591,-0.567876530626516,-3.21684464760982e-05
0.206612969136771,0.435047801957574,-0.0094604458860912,0.77269644792827,-0.00078889952161065,0.0884105077092624,-0.000786684679522528,-0.567880900809772,-3.19437614743692e-05
0.208045860742482,0.43504664263609,-0.0095262512799579,0.772697775713361,-0.000794456077801223,0.0884107878267035,-0.000792195137028443,-0.567885330622627,-3.17082523487652e-05
0.209488689664142,0.435045466249002,-0.00959251701678874,0.772699121744655,-0.000800052930016032,0.0884110716624106,-0.000797744935205764,-0.56788982086196,-3.14616539127122e-05
0.210941524818514,0.435044272533443,-0.00965924636791386,0.772700486269697,-0.000805690393594224,0.0884113592631764,-0.000803334369734756,-0.567894372334832,-3.1203695295981e-05
0.212404435600306,0.435043061222205,-0.00972644262884941,0.772701869539303,-0.000811368786779332,0.0884116506763103,-0.000808963738800233,-0.567898985858604,-3.09340998295299e-05
0.21387749188549,0.435041832043661,-0.00979410911949154,0.772703271807604,-0.000817088430753336,0.0884119459496415,-0.000814633343117611,-0.567903662261057,-3.06525849280981e-05
0.215360764034637,0.435040584721689,-0.00986224918431205,0.772704693332083,-0.00082284964967114,0.0884122451315227,-0.000820343485959257,-0.567908402380511,-3.03588619704753e-05
0.21685432289628,0.435039318975586,-0.00993086619255598,0.77270613437362,-0.000828652770695579,0.0884125482708337,-0.000826094473181234,-0.567913207065942,-3.00526361775161e-05
0.218358239810298,0.435038034519988,-0.00999996353844086,0.772707595196536,-0.000834498124032905,0.0884128554169848,-0.000831886613250323,-0.567918077177104,-2.97336064878778e-05
0.21987258661132,0.435036731064786,-0.0100695446413577,0.77270907606863,-0.000840386042968867,0.0884131666199204,-0.000837720217271464,-0.567923013584655,-2.94014654312613e-05
0.22139743563216,0.435035408315037,-0.0101396129460737,0.772710577261229,-0.000846316863905183,0.0884134819301216,-0.00084359559901548,-0.567928017170275,-2.90558989991252e-05
0.222932859707273,0.435034065970876,-0.0102101719229371,0.772712099049226,-0.000852290926396666,0.0884138013986104,-0.000849513074947219,-0.56793308882679,-2.86965865133187e-05
0.224478932176229,0.43503270372743,-0.0102812250680834,0.772713641711128,-0.000858308573188728,0.0884141250769522,-0.000855472964254012,-0.5679382294583,-2.83232004916756e-05
0.22603572688722,0.435031321274722,-0.0103527759036435,0.772715205529099,-0.000864370150255644,0.0884144530172594,-0.000861475588874528,-0.567943439980304,-2.79354065115811e-05
0.227603318200585,0.435029918297581,-0.0104248279779541,0.772716790789006,-0.000870476006839142,0.0884147852721942,-0.000867521273527991,-0.567948721319822,-2.7532863070362e-05
0.229181780992365,0.435028494475544,-0.0104973848657694,0.772718397780463,-0.000876626495487708,0.0884151218949716,-0.000873610345743771,-0.567954074415529,-2.71152214436354e-05
0.230771190657875,0.435027049482763,-0.0105704501684751,0.772720026796879,-0.000882821972096357,0.0884154629393626,-0.000879743135891359,-0.567959500217881,-2.66821255404809e-05
0.23237162311531,0.4350255829879,-0.010644027514304,0.772721678135503,-0.000889062795947124,0.0884158084596964,-0.000885919977210748,-0.567964999689241,-2.62332117559883e-05
0.233983154809368,0.435024094654033,-0.0107181205585535,0.772723352097473,-0.000895349329749936,0.088416158510864,-0.000892141205843172,-0.567970573804015,-2.57681088212114e-05
0.235605862714901,0.435022584138545,-0.0107927329838052,0.772725048987863,-0.000901681939684193,0.0884165131483202,-0.000898407160862255,-0.567976223548777,-2.52864376501377e-05
0.237239824340596,0.435021051093027,-0.0108678685001465,0.772726769115728,-0.000908060995441034,0.0884168724280865,-0.000904718184305603,-0.567981949922408,-2.47878111836602e-05
0.238885117732672,0.435019495163166,-0.0109435308453939,0.772728512794158,-0.000914486870266035,0.0884172364067531,-0.000911074621206731,-0.567987753936221,-2.42718342308296e-05
0.240541821478611,0.435017915988637,-0.0110197237853179,0.772730280340322,-0.000920959941002619,0.088417605141482,-0.000917476819627464,-0.567993636614102,-2.37381033069556e-05
0.242210014710909,0.43501631320299,-0.0110964511138713,0.772732072075522,-0.000927480588136138,0.0884179786900087,-0.000923925130690748,-0.567999598992639,-2.31862064687116e-05
0.24388977711086,0.435014686433539,-0.0111737166534172,0.772733888325241,-0.000934049195838491,0.0884183571106442,-0.00093041990861384,-0.568005642121259,-2.26157231462687e-05
0.24558118891236,0.435013035301244,-0.0112515242549615,0.772735729419191,-0.000940666152013474,0.0884187404622776,-0.000936961510741996,-0.568011767062366,-2.20262239720714e-05
0.247284330905736,0.435011359420594,-0.0113298777983853,0.772737595691368,-0.000947331848342718,0.0884191288043775,-0.000943550297582533,-0.568017974891474,-2.14172706066301e-05
0.24899928444161,0.435009658399485,-0.0114087811926806,0.772739487480105,-0.000954046680332384,0.0884195221969939,-0.000950186632839378,-0.56802426669735,-2.07884155608573e-05
0.250726131434783,0.435007931839097,-0.0114882383761876,0.772741405128118,-0.000960811047360424,0.0884199207007599,-0.000956870883448042,-0.568030643582146,-2.01392020153235e-05
0.252464954368146,0.435006179333769,-0.011568253316834,0.772743348982563,-0.000967625352724613,0.0884203243768931,-0.000963603419611035,-0.568037106661543,-1.94691636360156e-05
0.254215836296621,0.435004400470873,-0.0116488300123765,0.772745319395091,-0.000974490003691257,0.0884207332871968,-0.000970384614833777,-0.568043657064888,-1.87778243866121e-05
0.25597886085113,0.435002594830678,-0.0117299724906441,0.772747316721898,-0.000981405411544511,0.0884211474940614,-0.000977214845960918,-0.568050295935336,-1.80646983375388e-05
0.257754112242586,0.435000761986221,-0.0118116848097841,0.772749341323778,-0.000988371991636625,0.0884215670604654,-0.000984094493213183,-0.56805702442999,-1.73292894712768e-05
0.259541675265918,0.43499890150317,-0.0118939710585092,0.772751393566185,-0.000995390163438671,0.0884219920499762,-0.000991023940224657,-0.568063843720045,-1.65710914840911e-05
0.261341635304121,0.434997012939684,-0.0119768353563477,0.772753473819281,-0.00100246035059219,0.0884224225267505,-0.000998003574080558,-0.568070754990925,-1.57895875843445e-05
0.263154078332332,0.434995095846274,-0.0120602818538951,0.772755582457995,-0.00100958298096148,0.0884228585555353,-0.00100503378535551,-0.568077759442433,-1.49842502867592e-05
0.26497909092194,0.434993149765655,-0.0121443147330683,0.772757719862079,-0.00101675848668666,0.088423300201668,-0.00101211496815225,-0.568084858288889,-1.41545412032651e-05
0.266816760244719,0.434991174232603,-0.0122289382073614,0.772759886416167,-0.00102398730423754,0.0884237475310763,-0.00101924752014098,-0.568092052759278,-1.32999108297671e-05
0.268667174076992,0.434989168773801,-0.0123141565221044,0.772762082509828,-0.00103126987446829,0.0884242006102784,-0.001026431842599,-0.56809934409739,-1.24197983292357e-05
0.270530420803823,0.434987132907688,-0.0123999739547231,0.772764308537628,-0.0010386066426727,0.0884246595063827,-0.00103366834045109,-0.56810673356197,-1.1513631310564e-05
0.27240658942324,0.4349850661443,-0.0124863948150021,0.77276656489919,-0.00104599805864058,0.0884251242870871,-0.00104095742231019,-0.568114222426858,-1.05808256038314e-05
0.274295769550488,0.434982967985116,-0.0125734234453491,0.772768851999245,-0.0010534445767146,0.0884255950206784,-0.00104829950051877,-0.568121811981141,-9.62078503112529e-06
0.276198051422303,0.434980837922888,-0.0126610642210619,0.772771170247703,-0.00106094665584823,0.0884260717760315,-0.00105569499119065,-0.568129503529294,-8.63290117335269e-06
0.278113525901229,0.43497867544148,-0.0127493215505979,0.772773520059705,-0.00106850475966442,0.0884265546226077,-0.00106314431425337,-0.568137298391329,-7.61655313298581e-06
0.280042284479955,0.434976480015698,-0.0128381998758444,0.772775901855686,-0.00107611935651502,0.088427043630454,-0.00107064789349105,-0.568145197902941,-6.57110729240795e-06
0.281984419285683,0.434974251111113,-0.0129277036723931,0.772778316061438,-0.00108379091954123,0.0884275388702006,-0.0010782061565879,-0.568153203415658,-5.4959170678881e-06
0.283940023084533,0.434971988183892,-0.0130178374498146,0.772780763108171,-0.00109151992673479,0.0884280404130594,-0.00108581953517218,-0.568161316296983,-4.39032265928119e-06
0.285909189285972,0.434969690680612,-0.0131086057519373,0.772783243432576,-0.00109930686100007,0.0884285483308218,-0.00109348846486079,-0.568169537930545,-3.25365079520412e-06
0.287892011947275,0.43496735803808,-0.0132000131571266,0.772785757476887,-0.00110715221021716,0.0884290626958558,-0.00110121338530439,-0.568177869716246,-2.08521447364607e-06
0.289888585778017,0.434964989683143,-0.0132920642785673,0.772788305688944,-0.00111505646730558,0.0884295835811037,-0.00110899474023306,-0.56818631307041,-8.84312698290479e-07
0.291899006144599,0.434962585032499,-0.0133847637645481,0.772790888522261,-0.00112302013028931,0.0884301110600782,-0.00111683297750261,-0.568194869425928,3.49769790533583e-07
0.293923369074803,0.434960143492502,-0.0134781162987484,0.772793506436086,-0.00113104370236232,0.0884306452068598,-0.00112472854914139,-0.56820354023241,1.61776278875814e-06
0.295961771262377,0.434957664458966,-0.0135721266005267,0.772796159895471,-0.00113912769195538,0.0884311860960925,-0.00113268191139777,-0.568212326956327,2.92041090702022e-06
0.298014310071653,0.434955147316954,-0.0136667994252117,0.772798849371334,-0.00114727261280357,0.0884317338029798,-0.00114069352478814,-0.568221231081163,4.25847385349121e-06
0.300081083542203,0.434952591440581,-0.013762139564396,0.772801575340527,-0.00115547898401488,0.0884322884032802,-0.00114876385414555,-0.568230254107563,5.63272672192416e-06
0.302162190393513,0.434949996192796,-0.0138581518462307,0.772804338285906,-0.00116374733013981,0.0884328499733026,-0.00115689336866894,-0.568239397553476,7.04396028455845e-06
0.304257730029708,0.434947360925172,-0.0139548411357239,0.772807138696392,-0.00117207818124176,0.0884334185899011,-0.00116508254197297,-0.568248662954307,8.49298129032561e-06
0.306367802544292,0.434944684977681,-0.0140522123350398,0.772809977067047,-0.00118047207296869,0.0884339943304689,-0.00117333185213852,-0.568258051863059,9.98061276787088e-06
0.308492508724934,0.434941967678476,-0.0141502703838012,0.772812853899136,-0.00118892954662554,0.0884345772729331,-0.00118164178176373,-0.568267565850485,1.15076943341258e-05
0.31063195005828,0.434939208343657,-0.0142490202593933,0.772815769700201,-0.00119745114924781,0.0884351674957478,-0.00119001281801574,-0.568277206505229,1.30750825082238e-05
0.312786228734801,0.434936406277043,-0.0143484669772705,0.772818724984129,-0.00120603743367615,0.0884357650778878,-0.00119844545268302,-0.568286975433971,1.46836510302867e-05
0.314955447653674,0.434933560769929,-0.0144486155912645,0.772821720271224,-0.00121468895863198,0.0884363700988406,-0.00120694018222833,-0.568296874261577,1.63342911863873e-05
0.317139710427697,0.43493067110085,-0.0145494711938951,0.772824756088274,-0.00122340628879411,0.0884369826385997,-0.0012154975078424,-0.568306904631239,1.8027912138327e-05
0.319339121388238,0.434927736535326,-0.0146510389166834,0.77282783296863,-0.00123218999487659,0.0884376027776559,-0.00122411793549817,-0.568317068204619,1.97654412598114e-05
0.321553785590219,0.434924756325618,-0.0147533239304664,0.77283095145227,-0.00124104065370737,0.0884382305969887,-0.00123280197600571,-0.568327366661992,2.15478244773026e-05
0.323783808817133,0.434921729710464,-0.014856331445714,0.772834112085877,-0.00124995884830844,0.0884388661780576,-0.00124155014506784,-0.56833780170239,2.33760266177829e-05
0.326029297586097,0.434918655914819,-0.0149600667128487,0.772837315422914,-0.00125894516797662,0.0884395096027921,-0.00125036296333637,-0.568348375043738,2.52510317611393e-05
0.328290359152942,0.434915534149589,-0.0150645350225665,0.772840562023691,-0.00126800020836598,0.0884401609535819,-0.00125924095646903,-0.568359088422998,2.71738435995428e-05
0.330567101517332,0.434912363611356,-0.0151697417061602,0.772843852455446,-0.00127712457157083,0.0884408203132664,-0.00126818465518706,-0.568369943596308,2.91454858021151e-05
0.332859633427924,0.434909143482099,-0.0152756921358452,0.772847187292418,-0.00128631886621033,0.088441487765123,-0.00127719459533354,-0.568380942339115,3.11670023858263e-05
0.335168064387565,0.434905872928911,-0.0153823917250867,0.772850567115921,-0.00129558370751402,0.088442163392856,-0.00128627131793225,-0.568392086446316,3.32394580925544e-05
0.337492504658521,0.434902551103712,-0.0154898459289294,0.772853992514425,-0.00130491971740861,0.088442847280584,-0.00129541536924748,-0.568403377732392,3.53639387725563e-05
0.339833065267741,0.434899177142948,-0.0155980602443285,0.772857464083626,-0.00131432752460578,0.0884435395128269,-0.00130462730084422,-0.568414818031539,3.75415517736982e-05
0.342189858012163,0.434895750167295,-0.0157070402104838,0.772860982426529,-0.00132380776469149,0.0884442401744927,-0.00131390766964931,-0.568426409197803,3.97734263376387e-05
0.344562995464054,0.434892269281347,-0.0158167914091744,0.772864548153523,-0.0013333610802162,0.0884449493508632,-0.00132325703801317,-0.568438153105207,4.20607140020485e-05
0.346952590976386,0.434888733573307,-0.0159273194650966,0.772868161882464,-0.00134298812078645,0.0884456671275792,-0.00133267597377222,-0.568450051647883,4.44045890094641e-05
0.349358758688252,0.434885142114668,-0.0160386300462026,0.772871824238745,-0.00135268954315769,0.0884463935906253,-0.0013421650503121,-0.568462106740196,4.68062487227749e-05
0.351781613530314,0.434881493959882,-0.0161507288640415,0.772875535855386,-0.00136246601132826,0.0884471288263133,-0.00135172484663149,-0.568474320316871,4.92669140473856e-05
0.354221271230298,0.434877788146032,-0.0162636216741025,0.772879297373109,-0.00137231819663475,0.0884478729212661,-0.00136135594740675,-0.568486694333113,5.17878298599977e-05
0.356677848318515,0.434874023692493,-0.0163773142761592,0.772883109440417,-0.00138224677784847,0.0884486259623994,-0.00137105894305723,-0.56849923076473,5.43702654441508e-05
0.359151462133436,0.434870199600586,-0.0164918125146158,0.77288697271368,-0.00139225244127343,0.088449388036904,-0.00138083442981127,-0.568511931608247,5.70155149330759e-05
0.361642230827288,0.434866314853227,-0.0166071222788553,0.772890887857213,-0.0014023358808454,0.0884501592322266,-0.00139068300977303,-0.568524798881028,5.97248977590448e-05
0.364150273371703,0.434862368414564,-0.0167232495035893,0.772894855543363,-0.00141249779823243,0.0884509396360501,-0.00140060529098993,-0.568537834621385,6.24997591098519e-05
0.366675709563398,0.434858359229619,-0.0168402001692088,0.772898876452586,-0.00142273890293652,0.0884517293362726,-0.00141060188752091,-0.568551040888687,6.53414703925687e-05
0.369218660029898,0.434854286223907,-0.0169579803021375,0.772902951273535,-0.00143305991239692,0.0884525284209865,-0.00142067341950535,-0.568564419763472,6.82514297043885e-05
0.371779246235299,0.434850148303059,-0.0170765959751858,0.772907080703143,-0.00144346155209434,0.0884533369784561,-0.00143082051323281,-0.56857797334755,7.12310623106893e-05
0.374357590486067,0.434845944352437,-0.0171960533079067,0.772911265446706,-0.00145394455565707,0.0884541550970942,-0.00144104380121344,-0.568591703764103,7.42818211305757e-05
0.376953815936883,0.434841673236732,-0.0173163584669529,0.772915506217972,-0.00146450966496788,0.0884549828654386,-0.0014513439222491,-0.568605613157786,7.74051872294568e-05
0.379568046596523,0.43483733379957,-0.0174375176664354,0.772919803739222,-0.00147515763027281,0.0884558203721268,-0.00146172152150537,-0.56861970369482,8.06026703195628e-05
0.382200407333782,0.434832924863094,-0.0175595371682833,0.772924158741361,-0.00148588921029104,0.0884566677058702,-0.00147217725058412,-0.568633977563086,8.38758092676917e-05
0.384851023883439,0.434828445227549,-0.0176824232826044,0.772928571964001,-0.00149670517232625,0.0884575249554277,-0.00148271176759689,-0.568648436972213,8.72261726105605e-05
0.387520022852263,0.434823893670856,-0.0178061823680482,0.77293304415555,-0.00150760629237952,0.0884583922095774,-0.00149332573723906,-0.568663084153657,9.06553590779707e-05
0.390207531725059,0.434819268948176,-0.0179308208321681,0.772937576073299,-0.00151859335526344,0.0884592695570884,-0.00150401983086472,-0.568677921360791,9.4164998123647e-05
0.392913678870758,0.434814569791467,-0.0180563451317863,0.772942168483513,-0.00152966715471782,0.0884601570866906,-0.00151479472656219,-0.568692950868971,9.7756750463654e-05
0.395638593548549,0.434809794909036,-0.018182761773359,0.772946822161516,-0.00154082849352689,0.0884610548870441,-0.00152565110923051,-0.568708174975615,0.000101432308623126
0.398382405914052,0.434804942985073,-0.0183100773133417,0.772951537891783,-0.00155207818363775,0.0884619630467073,-0.00153658967065636,-0.568723596000268,0.000105193397490558
0.401145247025537,0.43480001267919,-0.0184382983585567,0.772956316468031,-0.00156341704628061,0.0884628816541036,-0.00154761110959199,-0.568739216284665,0.000109041774880109
0.403927248850181,0.434795002625937,-0.0185674315665604,0.772961158693305,-0.00157484591209014,0.088463810797488,-0.00155871613183373,-0.568755038192789,0.000112979232101976
0.406728544270374,0.43478991143432,-0.018697483646011,0.772966065380074,-0.00158636562122873,0.0884647505649109,-0.00156990545030124,-0.568771064110924,0.000117007594541002
0.409549267090063,0.434784737687304,-0.0188284613570374,0.77297103735032,-0.00159797702351092,0.0884657010441826,-0.00158117978511755,-0.568787296447704,0.000121128722243277
0.412389552041149,0.434779479941309,-0.0189603715116081,0.77297607543563,-0.00160968097852954,0.0884666623228349,-0.00159253986368981,-0.568803737634154,0.000125344510510911
0.415249534789915,0.434774136725695,-0.0190932209739003,0.772981180477289,-0.00162147835578331,0.0884676344880826,-0.00160398642079063,-0.56882039012373,0.000129656890504981
0.418129351943512,0.43476870654224,-0.0192270166606695,0.772986353326373,-0.00163337003480607,0.0884686176267832,-0.00161552019864038,-0.568837256392347,0.000134067829857309
0.421029141056481,0.434763187864603,-0.0193617655416191,0.772991594843843,-0.00164535690529734,0.0884696118253957,-0.00162714194698995,-0.568854338938407,0.000138579333289646
0.423949040637325,0.434757579137788,-0.0194974746397699,0.772996905900637,-0.00165743986725482,0.0884706171699375,-0.00163885242320438,-0.568871640282817,0.000143193443242109
0.426889190155123,0.434751878777583,-0.0196341510318294,0.773002287377767,-0.00166961983110799,0.0884716337459407,-0.00165065239234712,-0.568889162969002,0.000147912240509473
0.429849730046193,0.434746085170002,-0.0197718018485611,0.773007740166413,-0.00168189771785376,0.0884726616384063,-0.00166254262726497,-0.568906909562914,0.000152737844886092
0.432830801720801,0.434740196670711,-0.0199104342751535,0.773013265168018,-0.00169427445919335,0.0884737009317575,-0.00167452390867376,-0.568924882653027,0.000157672415819682
0.435832547569911,0.434734211604442,-0.0200500555515879,0.773018863294385,-0.001706750997671,0.0884747517097913,-0.00168659702524466,-0.568943084850336,0.000162718153072672
0.438855110971994,0.4347281282644,-0.0201906729730066,0.773024535467772,-0.0017193282868142,0.0884758140556288,-0.00169876277369115,-0.568961518788334,0.000167877297393371
0.441898636299867,0.434721944911659,-0.0203322938900794,0.77303028262099,-0.00173200729127542,0.0884768880516637,-0.00171102195885668,-0.568980187123002,0.000173152131194315
0.444963268927599,0.434715659774545,-0.0204749257093701,0.7730361056975,-0.00174478898697587,0.08847797377951,-0.00172337539380297,-0.568999092532765,0.00017854497924058
0.448049155237445,0.434709271048007,-0.0206185758937008,0.773042005651512,-0.00175767436125031,0.0884790713199468,-0.00173582389989894,-0.569018237718469,0.000184058209345556
0.451156442626847,0.434702776892985,-0.0207632519625164,0.773047983448082,-0.00177066441299403,0.0884801807528631,-0.00174836830691024,-0.569037625403324,0.000189694233076187
0.454285279515466,0.434696175435753,-0.0209089614922463,0.773054040063211,-0.0017837601528112,0.0884813021571999,-0.00176100945308949,-0.569057258332856,0.000195455506466269
0.457435815352278,0.434689464767264,-0.0210557121166663,0.773060176483944,-0.00179696260316497,0.0884824356108908,-0.00177374818526699,-0.569077139274842,0.000201344530738556
0.46060820062271,0.434682642942477,-0.0212035115272564,0.773066393708473,-0.00181027279852917,0.0884835811908012,-0.0017865853589421,-0.56909727101924,0.000207363853035547
0.463802586855826,0.434675707979669,-0.0213523674735596,0.77307269274623,-0.00182369178554188,0.0884847389726656,-0.00179952183837518,-0.569117656378106,0.000213516067159192
0.467019126631568,0.434668657859743,-0.0215022877635365,0.773079074617998,-0.0018372206231604,0.088485909031023,-0.00181255849668011,-0.569138298185507,0.000219803814318548
0.470257973588042,0.43466149052552,-0.0216532802639188,0.773085540356002,-0.00185086038281813,0.088487091439151,-0.0018256962159173,-0.569159199297417,0.000226229783886589
0.473519282428857,0.434654203881016,-0.0218053529005599,0.773092091004017,-0.00186461214858306,0.0884882862689974,-0.00183893588718727,-0.569180362591611,0.000232796714165373
0.476803208930514,0.434646795790713,-0.0219585136587836,0.773098727617468,-0.00187847701731806,0.0884894935911101,-0.00185227841072473,-0.56920179096754,0.000239507393159893
0.480109909949849,0.434639264078811,-0.0221127705837288,0.773105451263535,-0.00189245609884262,0.088490713474566,-0.00186572469599313,-0.569223487346207,0.000246364659360399
0.483439543431522,0.434631606528473,-0.022268131780693,0.773112263021252,-0.0019065505160967,0.0884919459868963,-0.00187927566177972,-0.56924545467002,0.000253371402533092
0.486792268415562,0.434623820881055,-0.0224246054154712,0.773119163981612,-0.00192076140530602,0.0884931911940114,-0.00189293223629103,-0.569267695902639,0.000260530564519773
0.490168245044966,0.43461590483532,-0.0225821997146919,0.773126155247674,-0.00193508991614912,0.0884944491601226,-0.0019066953572488,-0.569290214028816,0.000267845140045186
0.493567634573345,0.434607856046646,-0.0227409229661498,0.773133237934663,-0.00194953721192622,0.088495719947663,-0.0019205659719863,-0.569313012054218,0.000275318177533151
0.496990599372628,0.434599672126214,-0.022900783519134,0.773140413170078,-0.00196410446972985,0.0884970036172049,-0.00193454503754504,-0.569336093005236,0.000282952779931234
0.500437302940819,0.434591350640185,-0.0230617897847536,0.773147682093798,-0.00197879288061713,0.0884983002273761,-0.00194863352077187,-0.569359459928786,0.00029075210554308
0.503907909909802,0.434582889108867,-0.0232239502362568,0.773155045858184,-0.00199360364978384,0.0884996098347737,-0.00196283239841635,-0.5693831158921,0.000298719368869077
0.50740258605321,0.434574285005866,-0.0233872734093479,0.773162505628191,-0.00200853799674026,0.0885009324938759,-0.00197714265722853,-0.569407063982495,0.000306857841455677
0.510921498294339,0.434565535757218,-0.0235517679024975,0.773170062581471,-0.00202359715548879,0.088502268256951,-0.00199156529405689,-0.569431307307137,0.000315170852751928
0.514464814714125,0.434556638740519,-0.0237174423772498,0.773177717908479,-0.0020387823747033,0.0885036171739652,-0.00200610131594665,-0.569455848992786,0.000323661790974178
0.518032704559168,0.434547591284029,-0.0238843055585223,0.773185472812587,-0.00205409491791025,0.0885049792924865,-0.00202075174023824,-0.569480692185533,0.000332334103978982
0.52162533824982,0.434538390665768,-0.024052366234902,0.773193328510187,-0.00206953606367164,0.0885063546575883,-0.00203551759466593,-0.569505840050513,0.00034119130014304
0.525242887388322,0.434529034112602,-0.0242216332589351,0.773201286230804,-0.00208510710576967,0.0885077433117485,-0.00205039991745674,-0.569531295771618,0.000350236949251237
0.528885524767003,0.434519518799303,-0.0243921155474102,0.773209347217201,-0.00210080935339321,0.0885091452947481,-0.00206539975742939,-0.569557062551177,0.000359474683391675
0.532553424376533,0.434509841847607,-0.0245638220816361,0.773217512725492,-0.0021166441313261,0.0885105606435657,-0.00208051817409331,-0.569583143609638,0.000368908197858536
0.536246761414231,0.434500000325251,-0.0247367619077123,0.773225784025255,-0.00213261278013715,0.0885119893922708,-0.00209575623774784,-0.569609542185221,0.000378541252061687
0.539965712292437,0.434489991244994,-0.0249109441367926,0.773234162399638,-0.00214871665637203,0.0885134315719137,-0.00211111502958131,-0.569636261533565,0.000388377670443335
0.543710454646936,0.434479811563628,-0.0250863779453426,0.773242649145472,-0.00216495713274695,0.0885148872104135,-0.00212659564177025,-0.56966330492735,0.000398421343401956
0.547481167345445,0.434469458180972,-0.025263072575388,0.773251245573388,-0.00218133559834405,0.0885163563324429,-0.00214219917757837,-0.569690675655911,0.000408676228222188
0.551278030496154,0.434458927938853,-0.0254410373347573,0.773259953007924,-0.00219785345880875,0.0885178389593107,-0.00215792675145566,-0.569718377024826,0.00041914635001189
0.55510122545633,0.434448217620067,-0.0256202815973132,0.773268772787642,-0.00221451213654867,0.0885193351088415,-0.00217377948913711,-0.569746412355495,0.000429835802644996
0.558950934840979,0.43443732394733,-0.0258008148031798,0.77327770626524,-0.00223131307093478,0.0885208447952529,-0.00218975852774153,-0.569774784984695,0.000440748749710784
0.56282734253157,0.434426243582214,-0.0259826464589575,0.77328675480767,-0.00224825771850384,0.08852236802903,-0.00220586501586983,-0.569803498264118,0.000451889425468838
0.566730633684818,0.434414973124065,-0.0261657861379304,0.773295919796249,-0.00226534755316316,0.0885239048167961,-0.00222210011370335,-0.569832555559895,0.000463262135809772
0.570660994741526,0.434403509108904,-0.0263502434802643,0.773305202626781,-0.0022825840663968,0.0885254551611825,-0.00223846499310162,-0.569861960252097,0.00047487125922141
0.574618613435493,0.434391848008322,-0.0265360281931948,0.773314604709668,-0.00229996876747391,0.0885270190606935,-0.0022549608376999,-0.569891715734213,0.000486721247759975
0.578603678802477,0.434379986228349,-0.0267231500512052,0.77332412747003,-0.0023175031836587,0.0885285965095696,-0.00227158884300626,-0.569921825412621,0.00049881662802595
0.582616381189231,0.434367920108313,-0.0269116188961942,0.773333772347825,-0.00233518886042233,0.0885301874976478,-0.00228835021649817,-0.569952292706022,0.000511162002145543
0.586656912262587,0.434355645919682,-0.027101444637633,0.773343540797966,-0.00235302736165668,0.0885317920102182,-0.00230524617771866,-0.56998312104487,0.000523762048755205
0.590725465018618,0.434343159864893,-0.0272926372527102,0.773353434290439,-0.00237102026988993,0.0885334100278784,-0.00232227795837175,-0.570014313870769,0.000536621523991254
0.594822233791852,0.434330458076163,-0.027485206786467,0.773363454310428,-0.00238916918650391,0.0885350415263847,-0.0023394468024174,-0.570045874635857,0.000549745262482554
0.598947414264556,0.434317536614287,-0.0276791633519194,0.773373602358436,-0.00240747573195373,0.0885366864764995,-0.00235675396616578,-0.570077806802161,0.000563138178347189
0.603101203476082,0.434304391467414,-0.0278745171301674,0.773383879950402,-0.00242594154598856,0.0885383448438369,-0.00237420071837056,-0.570110113840941,0.000576805266191471
0.607283799832281,0.434291018549818,-0.0280712783704939,0.77339428861783,-0.00244456828787502,0.0885400165887041,-0.00239178834032174,-0.570142799231997,0.000590751602112527
0.611495403114975,0.434277413700643,-0.0282694573904483,0.773404829907911,-0.00246335763662211,0.0885417016659402,-0.00240951812593736,-0.570175866462968,0.000604982344702826
0.615736214491506,0.434263572682643,-0.0284690645759179,0.773415505383649,-0.00248231129120792,0.0885434000247513,-0.00242739138185434,-0.570209319028599,0.000619502736056349
0.620006436524339,0.434249491180895,-0.0286701103811855,0.773426316623984,-0.00250143097080859,0.0885451116085434,-0.00244540942751843,-0.570243160429988,0.000634318102777309
0.624306273180741,0.434235164801507,-0.0288726053289722,0.773437265223924,-0.00252071841502898,0.088546836354751,-0.00246357359527292,-0.570277394173807,0.000649433856989234
0.628635929842521,0.434220589070304,-0.0290765600104666,0.773448352794669,-0.00254017538413525,0.0885485741946627,-0.00248188523044636,-0.570312023771503,0.000664855497344935
0.632995613315842,0.4342057594315,-0.029281985085338,0.773459580963741,-0.00255980365928945,0.0885503250532443,-0.00250034569143904,-0.570347052738469,0.000680588610037308
0.637385531841099,0.434190671246359,-0.029488891281735,0.773470951375116,-0.00257960504278613,0.0885520888489572,-0.00251895634980821,-0.570382484593197,0.00069663886980964
0.641805895102865,0.434175319791832,-0.0296972893962679,0.773482465689357,-0.00259958135829075,0.0885538654935748,-0.00253771859035187,-0.570418322856398,0.000713012040965189
0.646256914239905,0.434159700259189,-0.0299071902939752,0.773494125583741,-0.00261973445108028,0.0885556548919949,-0.00255663381119132,-0.570454571050105,0.000729713978376206
0.650738801855265,0.43414380775263,-0.0301186049082731,0.773505932752397,-0.00264006618828554,0.0885574569420482,-0.00257570342385207,-0.570491232696743,0.000746750628491194
0.655251772026422,0.434127637287879,-0.0303315442408885,0.773517888906444,-0.00266057845913591,0.0885592715343049,-0.00259492885334323,-0.570528311318177,0.00076412803033965
0.659796040315516,0.434111183790768,-0.0305460193617742,0.773529995774119,-0.0026812731752057,0.0885610985518762,-0.00261431153823525,-0.57056581043473,0.000781852316534937
0.664371823779638,0.434094442095808,-0.0307620414090062,0.773542255100925,-0.00270215227066292,0.0885629378702138,-0.002633852930736,-0.570603733564181,0.000799929714273839
0.668979340981204,0.434077406944735,-0.0309796215886629,0.773554668649764,-0.00272321770251976,0.0885647893569045,-0.00265355449676491,-0.570642084220726,0.000818366546331911
0.673618811998395,0.434060072985052,-0.0311987711746857,0.77356723820108,-0.00274447145088564,0.0885666528714627,-0.00267341771602535,-0.570680865913923,0.000837169232055263
0.678290458435663,0.434042434768556,-0.0314195015087199,0.773579965553002,-0.00276591551922193,0.088568528265119,-0.00269344408207495,-0.570720082147595,0.000856344288347022
0.682994503434323,0.434024486749839,-0.0316418239999371,0.773592852521488,-0.00278755193459909,0.0885704153806043,-0.00271363510239389,-0.570759736418721,0.000875898330648273
0.687731171683206,0.434006223284793,-0.0318657501248361,0.773605900940468,-0.00280938274795588,0.0885723140519322,-0.00273399229845109,-0.570799832216287,0.000895838073913552
0.692500689429393,0.433987638629087,-0.0320912914270252,0.773619112661998,-0.00283141003436092,0.0885742241041763,-0.00275451720576808,-0.570840373020111,0.000916170333578659
0.697303284489026,0.433968726936634,-0.0323184595169818,0.7736324895564,-0.00285363589327629,0.0885761453532449,-0.00277521137398059,-0.570881362299645,0.000936902026521802
0.70213918625818,0.433949482258049,-0.0325472660717928,0.773646033512424,-0.00287606244882362,0.088578077605652,-0.00279607636689778,-0.570922803512737,0.000958040172016422
0.70700862572383,0.433929898539087,-0.0327777228348711,0.77365974643739,-0.00289869185005225,0.0885800206582842,-0.00281711376255882,-0.570964700104375,0.000979591892674936
0.71191183547488,0.433909969619075,-0.0330098416156516,0.773673630257352,-0.00292152627121008,0.0885819742981654,-0.00283832515328702,-0.571007055505394,0.00100156441538365
0.716849049713269,0.433889689229323,-0.0332436342892643,0.773687686917251,-0.00294456791201632,0.0885839383022163,-0.00285971214574117,-0.571049873131154,0.00102396507222668
0.721820504265165,0.433869050991531,-0.0334791127961841,0.773701918381073,-0.00296781899793735,0.0885859124370118,-0.00288127636096414,-0.571093156380194,0.00104680130139995
0.726826436592224,0.433848048416177,-0.0337162891418579,0.773716326632012,-0.00299128178046432,0.088587896458534,-0.00290301943442854,-0.571136908632845,0.00107008064811195
0.731867085802933,0.433826674900897,-0.0339551753963069,0.773730913672634,-0.00301495853739392,0.0885898901119224,-0.00292494301607947,-0.571181133249826,0.00109381076547388
0.736942692664033,0.43380492372885,-0.0341957836937058,0.773745681525043,-0.00303885157311132,0.0885918931312199,-0.00294704877037407,-0.571225833570795,0.00111799941537463
0.742053499612018,0.433782788067075,-0.0344381262319371,0.773760632231047,-0.00306296321887597,0.0885939052391158,-0.00296933837631801,-0.571271012912882,0.00114265446934339
0.747199750764715,0.433760260964835,-0.03468221527212,0.773775767852329,-0.00308729583310996,0.088595926146685,-0.00299181352749863,-0.571316674569183,0.00116778390939584
0.752381691932944,0.433737335351947,-0.0349280631381146,0.773791090470624,-0.00311185180168914,0.0885979555531246,-0.00301447593211463,-0.571362821807227,0.00119339582886555
0.757599570632259,0.433714004037111,-0.0351756822159993,0.773806602187891,-0.00313663353823729,0.0885999931454854,-0.0030373273130024,-0.571409457867411,0.00121949843321842
0.762853636094773,0.433690259706217,-0.0354250849535238,0.773822305126492,-0.00316164348442284,0.0886020385984022,-0.00306036940765867,-0.571456585961405,0.00124610004084963
0.768144139281058,0.43366609492065,-0.0356762838595337,0.773838201429374,-0.00318688411025876,0.0886040915738187,-0.00308360396825942,-0.571504209270521,0.001273209083862
0.773471332892138,0.433641502115582,-0.0359292915033693,0.773854293260254,-0.00321235791440548,0.0886061517207101,-0.00310703276167511,-0.571552330944057,0.00130083410882573
0.778835471381553,0.433616473598259,-0.0361841205142369,0.773870582803804,-0.00323806742447685,0.0886082186748024,-0.00313065756948187,-0.571600954097608,0.00132898377751683
0.784236810967519,0.433591001546271,-0.0364407835805524,0.773887072265842,-0.00326401519734927,0.0886102920582883,-0.00315448018796876,-0.571650081811347,0.00135766686763578
0.78967560964516,0.433565078005825,-0.036699293449257,0.773903763873527,-0.00329020381947417,0.0886123714795393,-0.00317850242814082,-0.571699717128267,0.00138689227350233
0.795152127198837,0.433538694890001,-0.0369596629251048,0.773920659875553,-0.00331663590719394,0.0886144565328156,-0.003202726115718,-0.571749863052404,0.00141666900672935
0.800666625214554,0.433511843977003,-0.0372219048699212,0.773937762542348,-0.00334331410706112,0.088616546797972,-0.00322715309112963,-0.571800522547023,0.00144700619687077
0.806219367092452,0.433484516908404,-0.0374860322018329,0.773955074166281,-0.00337024109616123,0.0886186418401608,-0.00325178520950451,-0.571851698532769,0.00147791309204559
0.811810618059391,0.433456705187387,-0.0377520578944684,0.773972597061865,-0.00339741958243941,0.0886207412095325,-0.00327662434065647,-0.571903393885795,0.00150939905953557
0.817440645181619,0.433428400176972,-0.038019994976129,0.773990333565966,-0.00342485230503062,0.088622844440932,-0.00330167236906519,-0.571955611435859,0.00154147358635559
0.823109717377527,0.433399593098242,-0.0382898565289298,0.774008286038021,-0.00345254203459382,0.0886249510535932,-0.00332693119385223,-0.572008353964382,0.00157414627979646
0.828818105430497,0.433370275028569,-0.0385616556879107,0.774026456860252,-0.00348049157365023,0.0886270605508299,-0.00335240272875236,-0.572061624202486,0.00160742686793869
0.834566082001833,0.433340436899824,-0.0388354056401169,0.774044848437888,-0.00350870375692557,0.088629172419724,-0.00337808890207968,-0.572115424828996,0.00164132520013524
0.840353921643785,0.433310069496591,-0.0391111196236489,0.77406346319939,-0.00353718145169671,0.0886312861308113,-0.00340399165668875,-0.572169758468418,0.00167585124746394
0.846181900812664,0.433279163454374,-0.039388810926681,0.774082303596679,-0.00356592755814242,0.0886334011377641,-0.00343011294993052,-0.572224627688881,0.00171101510314806
0.852050297882047,0.4332477092578,-0.0396684928864498,0.774101372105373,-0.00359494500969901,0.0886355168770712,-0.00345645475360291,-0.572280035000052,0.00174682698294171
0.857959393156072,0.433215697238824,-0.0399501788882102,0.774120671225016,-0.0036242367734205,0.088637632767716,-0.00348301905389611,-0.572335982851031,0.00178329722548354
0.863909468882829,0.433183117574922,-0.0402338823641602,0.774140203479331,-0.00365380585034333,0.0886397482108508,-0.00350980785133206,-0.572392473628204,0.00182043629261228
0.86990080926784,0.433149960287296,-0.040519616792334,0.774159971416454,-0.00368365527585644,0.0886418625894704,-0.00353682316069866,-0.57244950965308,0.00185825476964782
0.875933700487633,0.433116215239061,-0.0408073956954638,0.774179977609192,-0.00371378812007624,0.0886439752680818,-0.003564067010978,-0.572507093180092,0.00189676336563357
0.882008430703416,0.433081872133448,-0.0410972326398079,0.774200224655275,-0.00374420748822689,0.0886460855923726,-0.00359154144526885,-0.572565226394382,0.00193597291354036
0.888125290074835,0.43304692051199,-0.0413891412339484,0.774220715177616,-0.00377491652102623,0.0886481928888768,-0.00361924852070327,-0.572623911409549,0.00197589437043061
0.894284570773836,0.433011349752727,-0.041683135127555,0.774241451824573,-0.00380591839507681,0.0886502964646392,-0.00364719030835705,-0.572683150265378,0.00201653881758157
0.900486566998624,0.432975149068393,-0.0419792280101174,0.774262437270219,-0.00383721632326355,0.0886523956068767,-0.00367536889315411,-0.572742944925541,0.00205791746056661
0.906731574987708,0.43293830750462,-0.0422774336096446,0.774283674214617,-0.00386881355515674,0.088654489582639,-0.00370378637376474,-0.57280329727528,0.002100041629293
0.913019893034057,0.432900813938129,-0.0425777656913313,0.774305165384094,-0.00390071337742136,0.0886565776384666,-0.0037324448624973,-0.572864209119059,0.00214292277799635
0.919351821499347,0.43286265707494,-0.0428802380561922,0.77432691353153,-0.00393291911423314,0.0886586590000479,-0.00376134648518372,-0.572925682178196,0.00218657248518914
0.925727662828307,0.43282382544857,-0.043184864539663,0.774348921436642,-0.0039654341277009,0.0886607328718741,-0.00379049338105838,-0.572987718088478,0.00223100245356289
0.932147721563161,0.432784307418243,-0.0434916590101689,0.774371191906277,-0.00399826181829555,0.0886627984368931,-0.00381988770263043,-0.573050318397745,0.00227622450984349
0.938612304358183,0.432744091167102,-0.0438006353676597,0.774393727774714,-0.0040314056252868,0.088664854856162,-0.00384953161554932,-0.573113484563466,0.00232225060459759
0.945121719994339,0.432703164700423,-0.0441118075421127,0.774416531903966,-0.00406486902718629,0.0886669012684987,-0.00387942729846372,-0.573177217950286,0.0023690928119893
0.951676279394036,0.432661515843841,-0.0444251894920026,0.77443960718409,-0.00409865554219893,0.0886689367901316,-0.00390957694287345,-0.57324151982756,0.00241676332948701
0.958276295635973,0.432619132241571,-0.044740795202738,0.774462956533499,-0.00413276872868157,0.0886709605143496,-0.00393998275297456,-0.573306391366868,0.00246527447751846
0.964922083970099,0.432576001354646,-0.0450586386850664,0.774486582899285,-0.00416721218560956,0.0886729715111502,-0.00397064694549728,-0.573371833639515,0.00251463869907234
0.971613961832666,0.432532110459153,-0.0453787339734446,0.774510489257541,-0.00420198955305207,0.0886749688268878,-0.00400157174953698,-0.573437847614013,0.00256486855924734
0.978352248861393,0.432487446644484,-0.0457010951243786,0.774534678613697,-0.0042371045126552,0.0886769514839207,-0.00403275940637791,-0.573504434153557,0.00261597674474612
0.985137266910738,0.432441996811586,-0.0460257362147293,0.77455915400285,-0.00427256078813446,0.0886789184802584,-0.00406421216930973,-0.573571594013475,0.00266797606331409
0.991969340067262,0.432395747671227,-0.0463526713399874,0.774583918490111,-0.00430836214577572,0.0886808687892083,-0.00409593230343675,-0.573639327838681,0.00272087944312102
0.998848794665118,0.432348685742266,-0.0466819146125135,0.77460897517095,-0.00434451239494599,0.0886828013590225,-0.0041279220854797,-0.573707636161108,0.00277469993208607
1.00577595930163,0.432300797349932,-0.0470134801597493,0.774634327171551,-0.00438101538861338,0.0886847151125443,-0.00416018380357019,-0.573776519397134,0.00282945069714399
1.01275116485301,0.432252068624119,-0.0473473821223943,0.774659977649169,-0.00441787502387699,0.0886866089468553,-0.0041927197570377,-0.573845977845005,0.00288514502345194
1.01977474449012,0.432202485497679,-0.0476836346525515,0.774685929792494,-0.00445509524250719,0.0886884817329228,-0.00422553225618883,-0.573916011682246,0.0029417963135373
1.02684703369442,0.432152033704739,-0.048022251911842,0.774712186822024,-0.00449268003149622,0.0886903323152477,-0.00425862362207927,-0.573986620963071,0.00299941808638374
1.033968370274,0.43210069877902,-0.0483632480694875,0.774738751990441,-0.00453063342361927,0.0886921595115126,-0.00429199618627787,-0.574057805615787,0.00305802397645583
1.04113909437969,0.432048466052168,-0.0487066373003617,0.774765628582987,-0.00456895949800729,0.0886939621122316,-0.00432565229062314,-0.5741295654402,0.00311762773266128
1.0483595485213,0.431995320652101,-0.0490524337830112,0.774792819917859,-0.00460766238073052,0.0886957388804007,-0.00435959428697208,-0.574201900105018,0.00317824321725074
1.05563007758401,0.431941247501368,-0.0494006516976449,0.774820329346597,-0.00464674624539435,0.0886974885511487,-0.0043938245369412,-0.574274809145256,0.00323988440465306
1.06295102884484,0.431886231315511,-0.0497513052240941,0.774848160254482,-0.00468621531374683,0.088699209831391,-0.00442834541163979,-0.574348291959645,0.00330256538024681
1.07032275198921,0.431830256601455,-0.0501044085397409,0.774876316060946,-0.00472607385629879,0.0887009013994833,-0.00446315929139534,-0.574422347808041,0.0033663003390661
1.07774559912768,0.4317733076559,-0.0504599758174173,0.774904800219974,-0.00476632619295643,0.0887025619048776,-0.00449826856547123,-0.574496975808854,0.00343110358444199
1.08521992481272,0.431715368563729,-0.050818021223276,0.774933616220524,-0.0048069766936675,0.0887041899677809,-0.00453367563177649,-0.574572174936467,0.00349698952657629
1.0927460860557,0.431656423196432,-0.0511785589146289,0.774962767586949,-0.00484802977908055,0.088705784178814,-0.00456938289656778,-0.57464794401868,0.00356397268105091
1.1003244423439,0.431596455210543,-0.0515416030377594,0.774992257879417,-0.00488948992121802,0.0887073430986744,-0.00460539277414346,-0.574724281734156,0.00363206766726826
1.10795535565772,0.431535448046091,-0.0519071677257041,0.775022090694349,-0.00493136164416354,0.0887088652578007,-0.00464170768652985,-0.574801186609888,0.00370128920682622
1.11563919048792,0.431473384925066,-0.0522752670960076,0.775052269664854,-0.00497364952476408,0.0887103491560393,-0.0046783300631596,-0.574878657018678,0.00377165212182412
1.12337631385307,0.431410248849899,-0.0526459152484467,0.775082798461167,-0.00501635819334634,0.0887117932623144,-0.00471526234054219,-0.574956691176634,0.00384317133310169
1.13116709531708,0.431346022601958,-0.0530191262627297,0.775113680791101,-0.00505949233444926,0.0887131960143008,-0.00475250696192668,-0.575035287140687,0.00391586185840975
1.13901190700682,0.431280688740059,-0.0533949141961663,0.775144920400498,-0.00510305668757144,0.0887145558180994,-0.00479006637695655,-0.57511444280613,0.00398973881051312
1.14691112362992,0.431214229598993,-0.053773293081311,0.775176521073683,-0.00514705604793524,0.0887158710479164,-0.00482794304131683,-0.575194155904182,0.00406481739522474
1.15486512249268,0.431146627288066,-0.054154276923579,0.775208486633929,-0.00519149526726706,0.0887171400457456,-0.00486613941637331,-0.575274423999572,0.0041411129093718
1.16287428351806,0.431077863689657,-0.0545378796988367,0.775240820943922,-0.0052363792545945,0.0887183611210548,-0.00490465796880428,-0.57535524448816,0.00421864073869394
1.17093898926384,0.431007920457791,-0.0549241153509651,0.775273527906229,-0.00528171297706084,0.0887195325504754,-0.00494350117022426,-0.575436614594578,0.0042974163556726
1.1790596249409,0.430936779016728,-0.0553129977893975,0.775306611463778,-0.00532750146075713,0.0887206525774965,-0.00498267149680039,-0.575518531369914,0.00437745531729378
1.18723657843162,0.430864420559566,-0.0557045408866313,0.775340075600334,-0.00537374979157233,0.0887217194121628,-0.00502217142886093,-0.575600991689416,0.00445877326274197
1.19547024030838,0.430790826046862,-0.0560987584757156,0.77537392434098,-0.00542046311606233,0.0887227312307772,-0.0050620034504964,-0.575683992250248,0.00454138591102676
1.20376100385228,0.430715976205266,-0.0564956643477125,0.77540816175261,-0.00546764664233711,0.0887236861756074,-0.00510217004915323,-0.575767529569272,0.00462530905854386
1.21210926507183,0.430639851526177,-0.0568952722491342,0.775442791944412,-0.00551530564096803,0.0887245823545977,-0.00514267371521984,-0.575851599980879,0.00471055857656755
1.22051542272196,0.430562432264402,-0.0572975958793559,0.775477819068368,-0.00556344544591419,0.0887254178410855,-0.00518351694160549,-0.575936199634857,0.00479715040867912
1.22897987832301,0.430483698436846,-0.0577026488880043,0.775513247319747,-0.00561207145546951,0.0887261906735227,-0.00522470222331182,-0.576021324494305,0.00488510056812841
1.23750303617991,0.430403629821204,-0.0581104448723221,0.775549080937606,-0.00566118913323008,0.0887268988552024,-0.00526623205699724,-0.576106970333603,0.00497442513513219
1.24608530340153,0.430322205954676,-0.0585209973745089,0.775585324205294,-0.00571080400908239,0.0887275403539911,-0.00530810894053405,-0.576193132736415,0.00506514025410748
1.25472708992008,0.430239406132698,-0.0589343198790384,0.775621981450952,-0.00576092168021353,0.0887281131020661,-0.00535033537255874,-0.57627980709376,0.00515726213084217
1.26342880851072,0.430155209407677,-0.059350425809953,0.775659057048026,-0.00581154781214271,0.0887286149956591,-0.00539291385201519,-0.576366988602126,0.00525080702960357
1.27219087481126,0.430069594587756,-0.059769328528134,0.775696555415772,-0.00586268813977538,0.0887290438948051,-0.00543584687769114,-0.576454672261645,0.00534579127018586
1.28101370734203,0.429982540235581,-0.0601910413285501,0.775734481019769,-0.00591434846847996,0.0887293976230979,-0.00547913694774795,-0.576542852874327,0.00544223122489768
1.28989772752585,0.429894024667086,-0.0606155774374826,0.775772838372428,-0.0059665346751879,0.0887296739674513,-0.00552278655924366,-0.576631525042349,0.00554014331549052
1.29884335970818,0.429804025950296,-0.0610429500097275,0.775811632033504,-0.00601925270951707,0.0887298706778672,-0.00556679820764961,-0.576720683166413,0.00563954401002942
1.30785103117738,0.429712521904137,-0.0614731721257754,0.775850866610615,-0.00607250859491952,0.0887299854672091,-0.00561117438636072,-0.576810321444164,0.00574044981970806
1.31692117218509,0.429619490097264,-0.0619062567889684,0.775890546759748,-0.00612630842985329,0.0887300160109836,-0.00565591758619944,-0.576900433868678,0.00584287729560823
1.32605421596686,0.429524907846897,-0.0623422169226354,0.775930677185779,-0.00618065838897962,0.0887299599471278,-0.00570103029491362,-0.576991014227018,0.00594684302540582
1.33525059876274,0.429428752217674,-0.0627810653672032,0.775971262642981,-0.00623556472438508,0.0887298148758039,-0.00574651499666842,-0.577082056098859,0.00605236363002642
1.34451075983821,0.429331000020513,-0.0632228148772856,0.776012307935538,-0.00629103376682955,0.0887295783592004,-0.00579237417153221,-0.577173552855187,0.00615945576024879
1.3538351415051,0.42923162781149,-0.0636674781187513,0.776053817918058,-0.00634707192702055,0.0887292479213412,-0.00583861029495705,-0.577265497657077,0.00626813609326143
1.36322418914273,0.429130611890719,-0.0641150676657659,0.776095797496078,-0.00640368569691407,0.0887288210479015,-0.00588522583725324,-0.57735788345454,0.00637842132917171
1.37267835121923,0.429027928301256,-0.064565595997814,0.776138251626574,-0.00646088165104254,0.0887282951860311,-0.00593222326305878,-0.577450702985454,0.00649032818747114
1.38219807931287,0.428923552828001,-0.0650190754966956,0.776181185318468,-0.00651866644786997,0.0887276677441858,-0.00597960503080333,-0.577543948774579,0.00660387340345742
1.39178382813373,0.428817460996615,-0.0654755184435008,0.776224603633124,-0.00657704683117563,0.088726936091965,-0.00602737359216717,-0.577637613132646,0.00671907372461583
1.40143605554534,0.42870962807245,-0.0659349370155599,0.776268511684852,-0.00663602963146526,0.0887260975599593,-0.00607553139153516,-0.577731688155536,0.00683594590696246
1.4111552225866,0.428600029059482,-0.0663973432833702,0.776312914641398,-0.0066956217674118,0.0887251494396035,-0.00612408086544597,-0.577826165723541,0.00695450671135156
1.42094179349378,0.428488638699256,-0.0668627492074969,0.77635781772444,-0.00675583024732458,0.0887240889830395,-0.00617302444203654,-0.577921037500722,0.00707477289974751
1.43079623572268,0.428375431469835,-0.0673311666354513,0.776403226210067,-0.00681666217064865,0.0887229134029861,-0.00622236454048225,-0.578016294934341,0.00719676123146756
1.440719019971,0.428260381584764,-0.0678026072985424,0.776449145429263,-0.00687812472949403,0.0887216198726169,-0.0062721035704327,-0.578111929254396,0.00732048845939332
1.45071062020079,0.428143462992035,-0.0682770828087027,0.776495580768383,-0.0069402252101947,0.0887202055254474,-0.00632224393144327,-0.578207931473246,0.0074459713261566
1.46077151366109,0.428024649373058,-0.0687546046552889,0.776542537669613,-0.00700297099489949,0.0887186674552289,-0.00637278801240303,-0.578304292385323,0.00757322656030179
1.47090218091073,0.427903914141643,-0.0692351842018542,0.776590021631443,-0.00706636956319338,0.088717002715852,-0.00642373819095847,-0.578401002566946,0.00770227087242586
1.48110310584131,0.427781230442985,-0.0697188326828939,0.776638038209106,-0.00713042849375055,0.0887152083212578,-0.00647509683293395,-0.578498052376226,0.0078331209513004
1.49137477570027,0.427656571152651,-0.0702055612005633,0.776686593015038,-0.00719515546601979,0.0887132812453572,-0.00652686629174853,-0.578595431953074,0.00796579345997728
1.50171768111418,0.427529908875582,-0.0706953807213654,0.776735691719302,-0.0072605582619418,0.0887112184219598,-0.00657904890782968,-0.5786931312193,0.00810030503188275
1.5121323161122,0.427401215945083,-0.0711883020728096,0.776785340050022,-0.00732664476769995,0.0887090167447101,-0.00663164700802379,-0.578791139878814,0.00823667226689939
1.52261917814963,0.427270464421838,-0.0716843359400401,0.776835543793801,-0.0073934229755033,0.0887066730670331,-0.00668466290500386,-0.578889447417932,0.00837491172744231
1.53317876813171,0.427137626092905,-0.0721834928624317,0.776886308796124,-0.00746090098540425,0.0887041842020881,-0.00673809889667448,-0.578988043105773,0.00851503993453151
1.54381159043753,0.427002672470736,-0.0726857832301543,0.776937640961753,-0.00752908700714894,0.0887015469227307,-0.00679195726557423,-0.579086915994764,0.00865707336386201
1.55451815294413,0.426865574792185,-0.0731912172807032,0.776989546255118,-0.0075979893620633,0.0886987579614845,-0.00684624027827563,-0.579186054921247,0.00880102844187658
1.56529896705074,0.426726304017527,-0.0736998050953953,0.777042030700678,-0.00766761648497222,0.0886958140105203,-0.00690095018478311,-0.579285448506185,0.0089469215418439
1.57615454770323,0.426584830829474,-0.0742115565958297,0.777095100383289,-0.00773797692615544,0.0886927117216444,-0.00695608921792881,-0.579385085155972,0.00909476897994538
1.58708541341869,0.426441125632196,-0.0747264815403106,0.777148761448539,-0.00780907935333719,0.0886894477062957,-0.00701165959276647,-0.579484953063348,0.00924458701137182
1.5980920863102,0.426295158550344,-0.0752445895202332,0.777203020103085,-0.0078809325537128,0.0886860185355509,-0.00706766350596384,-0.579585040208414,0.00939639182643737
1.60917509211179,0.426146899428071,-0.0757658899564308,0.77725788261496,-0.0079535454360106,0.0886824207401386,-0.00712410313519343,-0.579685334359754,0.00955019954670971
1.62033496020352,0.425996317828063,-0.0762903920954794,0.777313355313877,-0.00802692703259067,0.0886786508104622,-0.00718098063852196,-0.579785823075654,0.00970602622116207
1.63157222363676,0.425843383030559,-0.0768181050059622,0.777369444591509,-0.00810108650158017,0.0886747051966304,-0.00723829815379864,-0.579886493705431,0.00986388782235048
1.64288741915971,0.425688064032385,-0.0773490375746898,0.777426156901747,-0.0081760331290458,0.0886705803084977,-0.00729605779804243,-0.579987333390858,0.0100238002426182
1.65428108724297,0.425530329545981,-0.0778831985028757,0.777483498760951,-0.00825177633120353,0.0886662725157116,-0.0073542616668284,-0.580088329067697,0.0101857792903319
1.6657537721054,0.425370147998431,-0.0784205963022659,0.777541476748174,-0.00832832565666608,0.0886617781477696,-0.00741291183367347,-0.580189467467329,0.010349840686153
1.67730602174008,0.4252074875305,-0.07896123929122,0.777600097505365,-0.00840569078872849,0.0886570934940837,-0.00747201034942148,-0.580290735118486,0.0105160000593454
1.68893838794052,0.425042315995664,-0.0795051355907431,0.77765936773756,-0.00848388154769225,0.088652214804054,-0.00753155924162791,-0.580392118349085,0.0106842729441267
1.70065142632699,0.424874600959151,-0.0800522931204665,0.777719294213035,-0.00856290789322722,0.0886471382871495,-0.0075915605139443,-0.580493603288159,0.0108546747760617
1.71244569637308,0.424704309696975,-0.0806027195945759,0.777779883763456,-0.0086427799267734,0.088641860112998,-0.00765201614550259,-0.580595175867887,0.0110272208885061
1.72432176143241,0.424531409194981,-0.0811564225176843,0.777841143283992,-0.00872350789398105,0.0886363764114835,-0.00771292809029931,-0.580696821825718,0.0112019265090992
1.73628018876552,0.424355866147889,-0.0817134091806492,0.777903079733404,-0.00880510218719113,0.0886306832728519,-0.00777429827658006,-0.580798526706599,0.0113788067563135
1.74832154956701,0.424177646958343,-0.0822736866563316,0.777965700134119,-0.0088875733479547,0.0886247767478246,-0.00783612860622409,-0.580900275865285,0.0115578766360594
1.7604464189928,0.423996717735961,-0.0828372617952945,0.778029011572265,-0.00897093206959249,0.0886186528477195,-0.00789842095412931,-0.581002054468753,0.0117391510383528
1.77265537618758,0.423813044296393,-0.0834041412214409,0.778093021197687,-0.00905518919979489,0.0886123075445808,-0.00796117716759772,-0.581103847498701,0.0119226447340453
1.78494900431252,0.423626592160386,-0.0839743313275861,0.778157736223932,-0.00914035574326233,0.0886057367713154,-0.00802439906572144,-0.581205639754136,0.0121083723716231
1.79732789057308,0.423437326552848,-0.084547838270966,0.778223163928207,-0.0092264428643862,0.0885989364218373,-0.00808808843876933,-0.581307415854053,0.0122963484740748
1.80979262624709,0.423245212401933,-0.0851246679686764,0.7782893116513,-0.00931346188997062,0.0885919023512195,-0.00815224704757431,-0.581409160240196,0.0124865874358318
1.82234380671297,0.423050214338113,-0.085704826093045,0.778356186797483,-0.0094014243119957,0.0885846303758532,-0.00821687662292186,-0.581510857179905,0.0126791035197882
1.83498203147818,0.422852296693284,-0.0862883180669285,0.778423796834366,-0.00949034179042194,0.0885771162736143,-0.0082819788649388,-0.581612490769043,0.0128739108543952
1.84770790420785,0.422651423499863,-0.0868751490589385,0.778492149292735,-0.00958022615603593,0.0885693557840371,-0.0083475554424836,-0.581714044934997,0.0130710234308405
1.86052203275364,0.422447558489904,-0.0874653239785916,0.778561251766337,-0.00967108941333814,0.0885613446084949,-0.00841360799253751,-0.581815503439769,0.0132704551003123
1.87342502918271,0.42224066509423,-0.0880588474713806,0.778631111911651,-0.00976294374347206,0.0885530784103876,-0.00848013811959665,-0.581916849883121,0.0134722195713479
1.88641750980704,0.422030706441573,-0.0886557239137665,0.778701737447603,-0.00985580150719625,0.0885445528153362,-0.00854714739506537,-0.582018067705809,0.0136763304072748
1.89950009521279,0.421817645357736,-0.0892559574080895,0.778773136155253,-0.00994967524789769,0.088535763411384,-0.00861463735665089,-0.582119140192876,0.0138828010237447
1.91267341029,0.421601444364765,-0.0898595517773951,0.778845315877444,-0.0100445776946479,0.0885267057492045,-0.00868260950775882,-0.582220050477011,0.0140916446863585
1.92593808426241,0.421382065680152,-0.0904665105601743,0.778918284518406,-0.0101405217653016,0.0885173753423156,-0.00875106531689013,-0.582320781541972,0.0143028745083925
1.93929475071751,0.421159471216046,-0.0910768370050165,0.778992050043322,-0.0102375205696374,0.0885077676673001,-0.00882000621703929,-0.582421316226071,0.0145165034486217
1.95274404763682,0.420933622578494,-0.091690534065172,0.779066620477854,-0.010335587412542,0.0884978781640331,-0.00888943360509374,-0.582521637225709,0.0147325443092454
1.96628661742637,0.42070448106671,-0.0923076043930222,0.779142003907616,-0.0104347357972364,0.0884877022359148,-0.00895934884123431,-0.582621727098973,0.0149510097339152
1.97992310694735,0.420472007672365,-0.0929280503344562,0.779218208477611,-0.0105349794285455,0.0884772352501101,-0.00902975324833722,-0.582721568269269,0.0151719122058697
1.99365416754703,0.420236163078908,-0.0935518739231504,0.779295242391623,-0.0106363322162098,0.0884664725377935,-0.00910064811137708,-0.582821143029022,0.0153952640461755
2.00748045508988,0.419996907660921,-0.0941790768747515,0.779373113911552,-0.0107388082782412,0.0884554093944003,-0.00917203467683109,-0.582920433543394,0.015621077412077
2.0214026299889,0.419754201483507,-0.0948096605809582,0.779451831356708,-0.0108424219443206,0.0884440410798836,-0.00924391415208446,-0.583019421854067,0.0158493642954571
2.03542135723711,0.419508004301717,-0.0954436261035007,0.779531403103051,-0.0109471877592394,0.0884323628189768,-0.00931628770483686,-0.583118089883039,0.0160801365214088
2.0495373064394,0.419258275560012,-0.0960809741680181,0.779611837582383,-0.0110531204863825,0.0884203698014618,-0.00938915646251,-0.583216419436473,0.016313405746921
2.06375115184445,0.419004974391771,-0.0967217051578283,0.779693143281484,-0.0111602351112567,0.0884080571824426,-0.00946252151165617,-0.583314392208554,0.016549183459677
2.07806357237695,0.418748059618842,-0.0973658191075908,0.779775328741192,-0.0112685468450592,0.0883954200826246,-0.00953638389736765,-0.583411989785391,0.0167874809769701
2.09247525167004,0.418487489751146,-0.0980133156968611,0.779858402555434,-0.0113780711282905,0.088382453588599,-0.00961074462268726,-0.583509193648925,0.0170283094447349
2.10698687809795,0.418223222986327,-0.098664194243533,0.779942373370192,-0.0114888236344098,0.0883691527531328,-0.00968560464801927,-0.583605985180862,0.0172716798366937
2.12159914480891,0.417955217209455,-0.0993184536971685,0.780027249882412,-0.0116008202735331,0.0883555125954635,-0.00976096489054141,-0.583702345666616,0.0175176029536238
2.1363127497582,0.417683429992799,-0.0999760926322142,0.780113040838857,-0.0117140771961727,0.0883415281015997,-0.00983682622361729,-0.583798256299267,0.0177660894227405
2.15112839574156,0.417407818595646,-0.1006371092411,0.780199755034896,-0.0118286107970203,0.0883271942246265,-0.00991318947620935,-0.583893698183514,0.0180171496971994
2.1660467904287,0.417128339964194,-0.101301501327224,0.780287401313223,-0.0119444377187715,0.0883125058850156,-0.00999005543229234,-0.583988652339645,0.018270794055718
2.18106864639712,0.416844950731514,-0.101969266297814,0.780375988562522,-0.0120615748559927,0.0882974579709415,-0.0100674248302669,-0.584083099707491,0.0185270326023159
2.19619468116618,0.416557607217579,-0.102640401156672,0.780465525716055,-0.0121800393590285,0.0882820453386017,-0.0101452983623736,-0.584177021150382,0.0187858752661728
2.21142561723131,0.416266265429375,-0.103314902496798,0.78055602175019,-0.0122998486379525,0.0882662628125423,-0.0102236766741067,-0.584270397459092,0.0190473318016068
2.22676218209858,0.415970881061089,-0.103992766492889,0.780647485682854,-0.0124210203665565,0.0882501051859891,-0.0103025603636282,-0.584363209355764,0.0193114117881703
2.24220510831939,0.415671409494384,-0.104673988893718,0.780739926571913,-0.012543572486383,0.0882335672211831,-0.0103819499811815,-0.584455437497831,0.0195781246308635
2.25775513352553,0.415367805798757,-0.105358565014382,0.780833353513483,-0.0126675232107969,0.0882166436497211,-0.0104618460285048,-0.584547062481897,0.0198474795604656
2.27341300046436,0.415060024732001,-0.106046489728431,0.780927775640165,-0.0127928910290966,0.0881993291729023,-0.010542248958244,-0.584638064847612,0.0201194856339829
2.28917945703428,0.41474802074075,-0.106737757459869,0.781023202119198,-0.0129196947106662,0.0881816184620783,-0.0106231591733651,-0.5847284250815,0.0203941517352118
2.30505525632052,0.414431747961137,-0.107432362175028,0.781119642150537,-0.0130479533091657,0.08816350615901,-0.0107045770265656,-0.584818123620769,0.0206714865754171
2.32104115663104,0.414111160219557,-0.108130297374311,0.781217104964851,-0.0131776861667598,0.0881449868762289,-0.0107865028196856,-0.584907140857072,0.0209514986941234
2.33713792153279,0.413786211033535,-0.108831556083815,0.781315599821439,-0.0133089129183854,0.0881260551974033,-0.0108689368031169,-0.584995457140236,0.0212341964600196
2.35334631988814,0.413456853612714,-0.109536130846815,0.781415136006052,-0.0134416534960564,0.0881067056777109,-0.0109518791752121,-0.585083052781943,0.0215195880719733
2.36966712589169,0.413123040859968,-0.110244013715132,0.781515722828647,-0.0135759281332049,0.0880869328442158,-0.0110353300816913,-0.585169908059361,0.0218076815601557
2.38610111910714,0.412784725372633,-0.11095519624036,0.781617369621032,-0.0137117573690587,0.0880667311962521,-0.0111192896150479,-0.585256003218733,0.0220984847872729
2.40264908450462,0.412441859443875,-0.111669669464973,0.781720085734435,-0.0138491620530556,0.088046095205812,-0.0112037578139527,-0.585341318478896,0.0223920054499048
2.41931181249812,0.412094395064187,-0.1123874239133,0.781823880536977,-0.01398816334929,0.0880250193179409,-0.0112887346626561,-0.585425834034758,0.0226882510799458
2.43609009898327,0.411742283923039,-0.113108449582373,0.781928763411044,-0.0141287827409961,0.0880034979511375,-0.0113742200903885,-0.585509530060702,0.022987229046151
2.45298474537537,0.411385477410661,-0.113832735932646,0.782034743750574,-0.0142710420350618,0.0879815254977608,-0.0114602139707586,-0.585592386713929,0.0232889465557781
2.46999655864764,0.411023926619989,-0.114560271878587,0.782141830958238,-0.0144149633665772,0.0879590963244425,-0.0115467161211491,-0.585674384137731,0.0235934106563311
2.48712635136979,0.410657582348762,-0.115291045779148,0.78225003444252,-0.0145605692034116,0.0879362047725068,-0.0116337263021109,-0.585755502464699,0.0239006282373965
2.50437494174681,0.410286395101781,-0.116025045428099,0.782359363614695,-0.0147078823508235,0.087912845158396,-0.0117212442167537,-0.585835721819849,0.0242106060325736
2.52174315365806,0.409910315093346,-0.116762258044252,0.78246982788571,-0.014856925956098,0.0878890117741035,-0.0118092695101353,-0.585915022323675,0.0245233506214954
2.53923181669665,0.409529292249855,-0.117502670261548,0.782581436662942,-0.0150077235132129,0.0878646988876138,-0.0118978017686465,-0.58599338409512,0.0248388684319369
2.55684176620901,0.409143276212591,-0.118246268119028,0.782694199346864,-0.015160298867531,0.0878399007433496,-0.011986840519395,-0.586070787254466,0.0251571657420089
2.57457384333485,0.408752216340691,-0.118993037050689,0.782808125327586,-0.0153146762205199,0.0878146115626263,-0.0120763852295847,-0.586147211926141,0.0254782486824328
2.59242889504728,0.408356061714307,-0.119742961875209,0.782923223981291,-0.0154708801344935,0.087788825544115,-0.0121664353058927,-0.586222638241429,0.0258021232388967
2.61040777419332,0.407954761137969,-0.120496026785567,0.78303950466655,-0.015628935537379,0.0877625368643131,-0.0122569900938433,-0.586297046341102,0.0261287952544866
2.6285113395346,0.407548263144142,-0.121252215338539,0.783156976720523,-0.0157888677275037,0.0877357396780228,-0.0123480488771779,-0.58637041637795,0.0264582704321912
2.64674045578839,0.407136515997004,-0.12201151044409,0.783275649455033,-0.0159507023784029,0.0877084281188393,-0.0124396108772222,-0.58644272851922,0.026790554337477
2.6650959936689,0.406719467696424,-0.122773894354647,0.783395532152527,-0.0161144655436457,0.0876805962996474,-0.0125316752522501,-0.586513962948957,0.0271256524009308
2.68357882992886,0.406297065982182,-0.123539348654272,0.783516634061902,-0.0162801836616782,0.087652238313127,-0.0126242410968433,-0.586584099870251,0.0274635699209656
2.70218984740145,0.405869258338393,-0.124307854247725,0.78363896439421,-0.0164478835606817,0.0876233482322691,-0.012717307441248,-0.586653119507371,0.0278043120665873
2.72092993504239,0.405435991998184,-0.125079391349429,0.783762532318233,-0.0166175924634439,0.0875939201109011,-0.012810873250728,-0.586721002107813,0.0281478838802187
2.73979998797246,0.404997213948601,-0.125853939472332,0.78388734695592,-0.0167893379922425,0.0875639479842228,-0.0129049374249137,-0.586787727944232,0.0284942902805775
2.75880090752022,0.404552870935761,-0.126631477416682,0.784013417377698,-0.0169631481737371,0.0875334258693525,-0.0129994987971478,-0.58685327731627,0.0288435360656039
2.77793360126509,0.404102909470261,-0.127411983258697,0.784140752597641,-0.0171390514438705,0.0875023477658855,-0.0130945561338276,-0.586917630552284,0.0291956259154369
2.79719898308069,0.40364727583284,-0.128195434339162,0.784269361568501,-0.0173170766527738,0.087470707656462,-0.0131901081337431,-0.586980768010959,0.0295505643954323
2.81659797317847,0.403185916080309,-0.128981807251932,0.784399253176598,-0.017497253069676,0.0874384995073491,-0.0132861534274116,-0.587042670082813,0.0299083559592215
2.83613149815172,0.402718776051749,-0.129771077832359,0.784530436236565,-0.017679610387814,0.0874057172690333,-0.0133826905764096,-0.587103317191593,0.0302690049518081
2.85580049101974,0.402245801374986,-0.130563221145645,0.78466291948595,-0.0178641787293415,0.0873723548768268,-0.0134797180726997,-0.587162689795564,0.0306325156126941
2.87560589127251,0.401766937473346,-0.131358211475121,0.784796711579666,-0.0180509886502345,0.0873384062514862,-0.0135772343379554,-0.587220768388675,0.0309988920790399
2.89554864491548,0.401282129572704,-0.132156022310463,0.784931821084289,-0.0182400711451902,0.0873038652998455,-0.0136752377228819,-0.587277533501625,0.0313681383888464
2.91562970451479,0.400791322708823,-0.132956626335849,0.785068256472211,-0.0184314576525177,0.0872687259154622,-0.0137737265065338,-0.587332965702808,0.0317402584841616
2.93585002924278,0.400294461734992,-0.133759995418056,0.785206026115626,-0.0186251800590157,0.0872329819792784,-0.0138726988956298,-0.587387045599148,0.0321152562143051
2.95621058492378,0.39979149132998,-0.13456610059451,0.785345138280368,-0.0188212707048379,0.087196627360297,-0.0139721530238641,-0.587439753836819,0.0324931353391087
2.97671234408028,0.399282356006288,-0.135374912061296,0.785485601119582,-0.0190197623883394,0.0871596559162728,-0.0140720869512158,-0.587491071101853,0.0328738995321675
2.99735628597932,0.398767000118735,-0.136186399161122,0.785627422667236,-0.0192206883709042,0.0871220614944194,-0.0141724986632547,-0.587540978120632,0.0332575523841
3.01814339667932,0.398245367873352,-0.137000530371256,0.785770610831467,-0.0194240823817481,0.087083837932133,-0.0142733860704454,-0.587589455660266,0.0336440974058128
3.03907466907719,0.397717403336621,-0.137817273291441,0.785915173387765,-0.0196299786226966,0.0870449790577324,-0.0143747470074492,-0.587636484528862,0.0340335380317672
3.06015110295567,0.397183050445043,-0.138636594631785,0.786061117971974,-0.0198384117729317,0.0870054786912165,-0.0144765792324237,-0.587682045575676,0.034425877623242
3.08137370503119,0.39664225301504,-0.139458460200641,0.786208452073141,-0.0200494169937057,0.0869653306450394,-0.0145788804263209,-0.587726119691151,0.0348211194715923
3.10274348900188,0.396094954753219,-0.140282834892489,0.786357183026175,-0.0202630299330198,0.0869245287249041,-0.0146816481921844,-0.587768687806845,0.0352192668014994
3.12426147559604,0.395541099266974,-0.141109682675813,0.786507318004339,-0.0204792867302601,0.0868830667305747,-0.0147848800544451,-0.587809730895248,0.0356203227742072
3.14592869262085,0.394980630075455,-0.141938966580992,0.786658864011561,-0.0206982240207914,0.0868409384567075,-0.0148885734582161,-0.587849229969487,0.0360242904907443
3.16774617501149,0.394413490620895,-0.142770648688212,0.786811827874567,-0.0209198789405022,0.0867981376937022,-0.0149927257685878,-0.587887166082922,0.0364311729951273
3.18971496488059,0.393839624280305,-0.1436046901154,0.786966216234832,-0.021144289130299,0.0867546582285735,-0.0150973342699224,-0.587923520328629,0.0368409732775414
3.21183611156796,0.393258974377544,-0.1444410510062,0.787122035540342,-0.0213714927405435,0.0867104938458424,-0.0152023961651499,-0.587958273838779,0.0372536942774971
3.23411067169074,0.392671484195763,-0.145279690517984,0.787279292037182,-0.0216015284354313,0.0866656383284499,-0.0153079085750634,-0.587991407783911,0.0376693388869587
3.25653970919388,0.392077096990235,-0.146120566809923,0.78743799176092,-0.0218344353973051,0.0866200854586913,-0.0154138685376178,-0.588022903372092,0.0380879099534405
3.27912429540095,0.39147575600157,-0.146963637031121,0.787598140527821,-0.0220702533309005,0.086573829019173,-0.0155202730072282,-0.588052741847983,0.038509410283071
3.30186550906528,0.390867404469321,-0.147808857308813,0.787759743925849,-0.0223090224675183,0.0865268627937922,-0.0156271188540726,-0.588080904491792,0.0389338426436193
3.32476443642155,0.390251985645986,-0.148656182736648,0.787922807305496,-0.0225507835691193,0.0864791805687385,-0.0157344028633962,-0.58810737261813,0.0393612097674813
3.3478221712376,0.389629442811409,-0.149505567363068,0.788087335770401,-0.0227955779323368,0.0864307761335205,-0.0158421217348196,-0.588132127574766,0.0397915143546249
3.37103981486675,0.388999719287585,-0.150356964179778,0.788253334167782,-0.0230434473924022,0.086381643282015,-0.0159502720816514,-0.588155150741285,0.0402247590754893
3.39441847630035,0.388362758453872,-0.151210325110336,0.788420807078668,-0.0232944343269784,0.0863317758135412,-0.0160588504302047,-0.588176423527644,0.0406609465738367
3.41795927222076,0.387718503762612,-0.152065600998862,0.78858975880793,-0.0235485816598957,0.0862811675339592,-0.0161678532191194,-0.588195927372639,0.0411000794695551
3.44166332705473,0.387066898755169,-0.152922741598877,0.78876019337412,-0.0238059328647872,0.0862298122567943,-0.0162772767986906,-0.588213643742273,0.0415421603614065
3.46553177302703,0.386407887078382,-0.15378169556229,0.788932114499094,-0.0240665319686141,0.0861777038043865,-0.0163871174302033,-0.588229554128035,0.0419871918297228
3.48956575021462,0.385741412501433,-0.154642410428542,0.789105525597449,-0.024330423555081,0.0861248360090652,-0.0164973712852746,-0.588243640045088,0.0424351764390421
3.51376640660105,0.385067418933148,-0.15550483261391,0.789280429765747,-0.0245976527679301,0.0860712027143521,-0.016608034445204,-0.588255883030371,0.0428861167406875
3.53813489813128,0.384385850439713,-0.156368907400996,0.789456829771534,-0.0248682653141136,0.0860167977761882,-0.0167191029003325,-0.58826626464061,0.0433400152752838
3.56267238876697,0.383696651262821,-0.157234578928405,0.789634728042163,-0.0251423074668356,0.0859616150641905,-0.0168305725494118,-0.588274766450254,0.0437968745752109
3.58738005054197,0.382999765838245,-0.158101790180627,0.789814126653397,-0.0254198260684581,0.0859056484629335,-0.0169424391989831,-0.588281370049318,0.0442566971669913
3.61225906361841,0.382295138814844,-0.158970482978129,0.789995027317823,-0.0257008685332669,0.08584889187326,-0.0170546985627683,-0.588286057041151,0.0447194855736109
3.63731061634298,0.381582715073997,-0.159840597967687,0.790177431373042,-0.0259854828500879,0.085791339213619,-0.0171673462610724,-0.588288809040133,0.0451852423167712
3.66253590530377,0.380862439749475,-0.160712074612944,0.790361339769665,-0.0262737175847522,0.085732984421432,-0.0172803778201997,-0.588289607669283,0.0456539699190691
3.68793613538733,0.380134258247733,-0.16158485118524,0.790546753059096,-0.0265656218823994,0.0856738214544876,-0.0173937886718838,-0.588288434557802,0.0461256709061065
3.71351251983634,0.379398116268653,-0.162458864754691,0.790733671381108,-0.0268612454696159,0.0856138442923639,-0.0175075741527319,-0.588285271338545,0.0466003478085242
3.73926628030746,0.378653959826705,-0.163334051181566,0.790922094451214,-0.0271606386563997,0.0855530469378815,-0.0176217295036864,-0.58828009964542,0.0470780031639621
3.76519864692972,0.377901735272544,-0.164210345107949,0.791112021547827,-0.0274638523379463,0.085491423418583,-0.0177362498695016,-0.588272901110723,0.0475586395189401
3.7913108583633,0.377141389315047,-0.165087679949713,0.791303451499219,-0.0277709379962491,0.0854289677882434,-0.0178511302982399,-0.588263657362404,0.048042259430665
3.81760416185865,0.376372869043771,-0.165965987888819,0.79149638267027,-0.0280819477015058,0.0853656741284082,-0.0179663657407858,-0.588252350021274,0.048528865468754
3.84407981331609,0.375596121951845,-0.166845199865949,0.791690812949016,-0.0283969341133267,0.0853015365499622,-0.0180819510503802,-0.588238960698156,0.0490184602168803
3.87073907734582,0.374811095959285,-0.167725245573494,0.791886739732986,-0.0287159504817363,0.0852365491947259,-0.018197880982176,-0.588223470990965,0.0495110462743373
3.89758322732826,0.374017739436743,-0.168606053448909,0.792084159915343,-0.0290390506479598,0.0851707062370819,-0.0183141501928151,-0.588205862481745,0.0500066262575188
3.92461354547494,0.373216001229669,-0.169487550668446,0.792283069870818,-0.0293662890449918,0.0851040018856309,-0.0184307532400294,-0.588186116733647,0.0505052028013177
3.95183132288971,0.372405830682899,-0.170369663141286,0.792483465441447,-0.0296977206979337,0.0850364303848756,-0.0185476845822658,-0.588164215287851,0.0510067785604398
3.97923785963041,0.371587177665653,-0.171252315504084,0.792685341922108,-0.0300334012241005,0.0849679860169347,-0.0186649385783361,-0.58814013966045,0.0515113562106319
4.00683446477099,0.37075999259695,-0.172135431115939,0.79288869404586,-0.0303733868328801,0.0848986631032854,-0.0187825094870944,-0.588113871339276,0.0520189384498264
4.03462245646401,0.36992422647143,-0.173018932053803,0.793093515969088,-0.0307177343253467,0.0848284560065342,-0.0189003914671417,-0.588085391780686,0.0525295279991971
4.06260316200361,0.369079830885573,-0.173902739108356,0.793299801256453,-0.0310665010936154,0.0847573591322171,-0.0190185785765598,-0.588054682406303,0.0530431276041304
4.09077791788892,0.368226758064324,-0.174786771780342,0.79350754286566,-0.0314197451199315,0.0846853669306269,-0.0191370647726752,-0.58802172459972,0.0535597400351085
4.11914806988789,0.367364960888099,-0.175670948277408,0.793716733132026,-0.0317775249754886,0.0846124738986694,-0.0192558439118539,-0.587986499703164,0.0540793680885044
4.14771497310157,0.366494392920188,-0.176555185511435,0.793927363752872,-0.0321398998189656,0.0845386745817467,-0.0193749097493299,-0.587948989014118,0.0546020145872896
4.17647999202884,0.365615008434525,-0.177439399096396,0.794139425771731,-0.0325069293947767,0.0844639635756679,-0.0194942559390663,-0.587909173781915,0.0551276823816531
4.20544450063156,0.364726762443837,-0.178323503346746,0.794352909562378,-0.0328786740310242,0.0843883355285865,-0.0196138760336523,-0.5878670352043,0.0556563743495317
4.23460988240025,0.363829610728146,-0.179207411276369,0.794567804812684,-0.0332551946371515,0.0843117851429639,-0.0197337634842359,-0.587822554423953,0.0561880933970522
4.26397753042013,0.362923509863642,-0.180091034598085,0.794784100508302,-0.0336365527012812,0.0842343071775599,-0.0198539116404944,-0.587775712524996,0.0567228424588834
4.29354884743766,0.362008417251883,-0.180974283723749,0.795001784916182,-0.0340228102872372,0.0841558964494466,-0.0199743137506438,-0.587726490529463,0.0572606244985003
4.32332524592758,0.361084291149346,-0.181857067764942,0.795220845567929,-0.0344140300312387,0.0840765478360486,-0.0200949629614879,-0.587674869393747,0.0578014425083588
4.35330814816033,0.360151090697289,-0.182739294534279,0.795441269242997,-0.0348102751382602,0.0839962562772064,-0.020215852318509,-0.587620830005029,0.0583452995099805
4.38349898627002,0.359208775951947,-0.183620870547352,0.795663041951734,-0.0352116093780489,0.0839150167772634,-0.0203369747660006,-0.587564353177681,0.0588921985539501
4.41389920232282,0.358257307915015,-0.184501701025313,0.795886148918282,-0.0356180970807928,0.0838328244071753,-0.0204583231472448,-0.587505419649654,0.0594421427198224
4.44451024838583,0.357296648564433,-0.185381689898122,0.796110574563324,-0.03602980313243,0.0837496743066414,-0.0205798902047338,-0.58744401007884,0.0599951351159406
4.47533358659646,0.356326760885445,-0.186260739808472,0.796336302486704,-0.0364467929695927,0.0836655616862568,-0.0207016685804379,-0.587380105039428,0.0605511788791671
4.50637068923228,0.355347608901933,-0.187138752116406,0.796563315449913,-0.0368691325741773,0.0835804818296848,-0.0208236508161216,-0.58731368501824,0.0611102771745238
4.53762303878129,0.354359157707995,-0.188015626904645,0.796791595358449,-0.0372968884675345,0.0834944300958477,-0.0209458293537077,-0.587244730411054,0.0616724331947461
4.56909212801278,0.353361373499771,-0.188891262984636,0.797021123244058,-0.0377301277042693,0.083407401921137,-0.0210681965356915,-0.587173221518919,0.0622376501597478
4.60077946004862,0.352354223607482,-0.189765557903335,0.797251879246868,-0.038168917865645,0.0833193928216387,-0.0211907446056065,-0.587099138544457,0.0628059313159971
4.63268654843505,0.351337676527691,-0.19063840795075,0.797483842597408,-0.0386133270525837,0.0832303983953766,-0.0213134657085419,-0.587022461588157,0.0633772799358081
4.66481491721498,0.350311701955751,-0.191509708168242,0.797716991598546,-0.039063423878255,0.0831404143245686,-0.0214363518917137,-0.586943170644665,0.0639516993165416
4.69716610100076,0.349276270818422,-0.192379352357616,0.797951303607319,-0.0395192774602455,0.0830494363778978,-0.0215593951050913,-0.586861245599065,0.0645291927797217
4.72974164504755,0.348231355306664,-0.193247233091,0.798186755016694,-0.0399809574123035,0.0829574604127948,-0.0216825872020782,-0.586776666223157,0.0651097636700639
4.76254310532705,0.347176928908552,-0.194113241721532,0.798423321237255,-0.0404485338356485,0.0828644823777318,-0.021805919940251,-0.586689412171733,0.0656934153544181
4.79557204860185,0.346112966442328,-0.194977268394878,0.798660976678812,-0.0409220773098425,0.0827704983145259,-0.0219293849821557,-0.58659946297885,0.0662801512206258
4.82883005250031,0.345039444089551,-0.19583920206157,0.798899694731972,-0.041401658883213,0.0826755043606505,-0.0220529738961634,-0.586506798054104,0.0668699746762905
4.86231870559183,0.343956339428328,-0.196698930490205,0.799139447749648,-0.0418873500628207,0.0825794967515534,-0.0221766781573851,-0.586411396678899,0.0674628891474645
4.89603960746281,0.342863631466614,-0.197556340281491,0.799380207028536,-0.0423792228039703,0.0824824718229799,-0.0223004891486488,-0.58631323800273,0.0680588980772499
4.92999436879299,0.34176130067555,-0.198411316883178,0.799621942790568,-0.042877349499249,0.0823844260133,-0.0224243981615376,-0.586212301039451,0.0686580049243153
4.96418461143244,0.340649329022825,-0.199263744605854,0.799864624164333,-0.0433818029670963,0.0822853558658367,-0.0225483963974911,-0.586108564663566,0.0692602131613287
4.99861196847899,0.339527700006031,-0.200113506639649,0.800108219166509,-0.043892656439891,0.0821852580311947,-0.0226724749689701,-0.586002007606506,0.0698655262733067
5.03327808435624,0.338396398686004,-0.200960485071837,0.80035269468328,-0.0444099835515537,0.0820841292695886,-0.0227966249006867,-0.585892608452928,0.0704739477558795
5.06818461489212,0.337255411720104,-0.201804560905343,0.800598016451776,-0.0449338583246582,0.081981966453166,-0.0229208371308992,-0.58578034563701,0.0710854811134739
5.10333322739797,0.336104727395436,-0.202645614078189,0.800844149041536,-0.0454643551570464,0.0818787665683269,-0.0230451025127731,-0.585665197438756,0.0717001298574128
5.13872560074817,0.334944335661965,-0.203483523483853,0.801091055836001,-0.0460015488079392,0.0817745267180352,-0.0231694118158092,-0.585547141980308,0.0723178975039326
5.17436342546036,0.333774228165517,-0.20431816699258,0.801338699014068,-0.0465455143835422,0.081669244124122,-0.0232937557273391,-0.585426157222273,0.0729387875721182
5.21024840377617,0.332594398280628,-0.205149421473631,0.801587039531684,-0.047096327322139,0.0815629161295768,-0.0234181248540889,-0.585302220960052,0.073562803581756
5.24638224974252,0.331404841143222,-0.20597716281849,0.801836037103529,-0.0476540633786671,0.081455540200827,-0.0235425097238116,-0.585175310820181,0.0741899490511055
5.2827666892935,0.330205553683089,-0.206801265965027,0.802085650184774,-0.0482187986087736,0.0813471139300011,-0.0236669007869879,-0.585045404256686,0.0748202274945896
5.31940346033281,0.328996534656139,-0.207621604922625,0.802335835952939,-0.0487906093523465,0.0812376350371759,-0.0237912884185978,-0.584912478547448,0.0754536424204023
5.35629431281677,0.327777784676392,-0.208438052798279,0.802586550289856,-0.0493695722165158,0.0811271013726033,-0.0239156629199609,-0.58477651079058,0.0760901973280372
5.39344100883792,0.326549306247698,-0.209250481823662,0.802837747763766,-0.0499557640581256,0.081015510918916,-0.0240400145206478,-0.584637477900814,0.0767298957057337
5.43084532270915,0.325311103795133,-0.210058763383171,0.803089381611537,-0.0505492619656684,0.0809028617933098,-0.0241643333804617,-0.584495356605908,0.0773727410278422
5.4685090410485,0.324063183696064,-0.21086276804295,0.803341403721047,-0.0511501432406842,0.080789152249699,-0.0242886095914899,-0.58435012344306,0.0780187367521093
5.50643396286443,0.322805554310837,-0.21166236558089,0.803593764613723,-0.0517584853786168,0.0806743806808443,-0.0244128331802273,-0.584201754755341,0.0786678863168813
5.54462189964184,0.321538226013069,-0.212457425017609,0.803846413427259,-0.0523743660491317,0.0805585456204496,-0.0245369941097698,-0.584050226688143,0.0793201931382276
5.58307467542852,0.32026121121951,-0.213247814648411,0.804099297898529,-0.0529978630758872,0.0804416457452256,-0.0246610822820781,-0.583895515185634,0.0799756606069822
5.6217941269223,0.318974524419439,-0.214033402076225,0.804352364346708,-0.0536290544157621,0.0803236798769182,-0.0247850875403132,-0.583737595987244,0.0806342920857055
5.66078210355879,0.317678182203576,-0.214814054245514,0.804605557656612,-0.0542680181375375,0.0802046469842991,-0.0249089996712407,-0.583576444624153,0.0812960909055637
5.70004046759971,0.316372203292464,-0.21558963747716,0.804858821262276,-0.0549148324000321,0.0800845461851159,-0.0250328084077067,-0.583412036415802,0.0819610603631275
5.73957109422183,0.315056608564302,-0.216360017504314,0.805112097130786,-0.0555695754296912,0.0799633767479995,-0.0251565034311819,-0.583244346466425,0.0826292037170894
5.77937587160657,0.313731421082189,-0.217125059509211,0.805365325746378,-0.0562323254976299,0.0798411380943259,-0.0252800743743763,-0.583073349661588,0.083300524184899
5.81945670103016,0.312396666120753,-0.217884628160937,0.805618446094818,-0.0569031608961311,0.0797178298000315,-0.0254035108239211,-0.582899020664758,0.0839750249393159
5.85981549695445,0.311052371192127,-0.218638587654151,0.805871395648081,-0.057582159914599,0.079593451597376,-0.02552680232312,-0.582721333913879,0.0846527091048806
5.90045418711838,0.309698566071243,-0.219386801748734,0.806124110349347,-0.0582694008149712,0.0794680033766548,-0.025649938374767,-0.582540263617978,0.0853335797543022
5.94137471263004,0.30833528282042,-0.220129133810385,0.80637652459832,-0.0589649618065902,0.0793414851878546,-0.0257729084440305,-0.582355783753785,0.0860176399047631
5.9825790280594,0.306962555813193,-0.220865446852125,0.806628571236902,-0.0596689210205373,0.0792138972422517,-0.0258957019614038,-0.582167868062366,0.0867048925141393
6.02406910153166,0.305580421757374,-0.221595603576711,0.806880181535222,-0.0603813564834317,0.07908523991395,-0.0260183083257194,-0.581976490045792,0.0873953404771368
6.06584691482126,0.3041889197173,-0.22231946641995,0.807131285178041,-0.0611023460907,0.0789555137413561,-0.026140716907227,-0.581781622963815,0.0880889866213431
6.10791446344653,0.302788091135234,-0.223036897594888,0.807381810251558,-0.0618319675793168,0.0788247194285889,-0.0262629170507341,-0.581583239830571,0.0887858337031921
6.15027375676503,0.301377979851895,-0.223747759136864,0.807631683230621,-0.0625702985000244,0.0786928578468216,-0.0263848980788071,-0.581381313411306,0.0894858844038444
6.19292681806951,0.299958632126081,-0.224451912949421,0.807880828966359,-0.0633174161890347,0.0785599300355531,-0.026506649295032,-0.581175816219119,0.0901891413249783
6.23587568468454,0.298530096653356,-0.22514922085104,0.808129170674269,-0.0640733977392189,0.0784259372038066,-0.026628159987334,-0.580966720511734,0.0908956069844949
6.27912240806387,0.297092424583759,-0.225839544622694,0.808376629922744,-0.0648383199707928,0.0782908807312534,-0.0267494194313523,-0.580753998288295,0.0916052838121335
6.32266905388835,0.295645669538523,-0.226522746056184,0.808623126622092,-0.0656122594015,0.0781547621692582,-0.0268704168938712,-0.580537621286178,0.0923181741449969
6.36651770216467,0.294189887625755,-0.227198687003265,0.808868579014029,-0.0663952922163062,0.078017583241845,-0.026991141636303,-0.580317560977837,0.0930342802229872
6.41067044732463,0.292725137455057,-0.227867229425498,0.809112903661688,-0.0671874942366065,0.0778793458465806,-0.027111582918223,-0.580093788567671,0.0937536041841495
6.45512939832527,0.291251480151052,-0.22852823544485,0.809356015440146,-0.0679889408889571,0.0777400520553729,-0.0272317300009529,-0.579866274988919,0.0944761480599225
6.49989667874954,0.289768979365794,-0.229181567394983,0.809597827527488,-0.0687997071733391,0.0775997041151825,-0.0273515721511924,-0.579634990900579,0.0952019137702962
6.54497442690774,0.288277701290021,-0.229827087873217,0.80983825139642,-0.0696198676309627,0.0774583044486454,-0.0274710986446943,-0.579399906684361,0.0959309031188744
6.5903647959397,0.286777714663233,-0.230464659793149,0.81007719680646,-0.0704494963116228,0.0773158556546034,-0.0275902987699837,-0.57916099244166,0.0966631177878408
6.63606995391757,0.285269090782562,-0.231094146437887,0.810314571796699,-0.0712886667406158,0.077172360508542,-0.0277091618321167,-0.578918217990573,0.0973985593328283
6.68209208394941,0.283751903510409,-0.231715411513874,0.810550282679171,-0.0721374518852273,0.0770278219629324,-0.0278276771564768,-0.578671552862932,0.0981372291776902
6.72843338428345,0.282226229280819,-0.232328319205274,0.810784234032827,-0.0729959241208026,0.0768822431474752,-0.0279458340926073,-0.578420966301376,0.0988791286091703
6.77509606841313,0.280692147104571,-0.23293273422889,0.811016328698144,-0.0738641551964121,0.0767356273692461,-0.0280636220180755,-0.578166427256461,0.0996242587714732
6.82208236518274,0.279149738572957,-0.233528521889567,0.81124646777237,-0.0747422162001229,0.0765879781127385,-0.0281810303423675,-0.577907904383794,0.100372620660731
6.86939451889399,0.277599087860227,-0.234115548136065,0.811474550605431,-0.07563017752389,0.0764392990398048,-0.0282980485108094,-0.577645366041213,0.101124215119368
6.91703478941313,0.276040281724672,-0.234693679617362,0.811700474796496,-0.0765281088280791,0.0762895939894911,-0.028414666008513,-0.577378780285998,0.101879042830355
6.96500545227891,0.274473409508337,-0.235262783739337,0.811924136191242,-0.0774360790056369,0.0761388669777667,-0.0285308723643425,-0.577108114872119,0.102637104311366
7.0133087988113,0.272898563135319,-0.235822728721815,0.812145428879796,-0.0783541561459198,0.0759871221971451,-0.0286466571548994,-0.576833337247537,0.103398399908817
7.06194713622089,0.271315837108655,-0.236373383655923,0.812364245195404,-0.0792824074981983,0.0758343640161957,-0.0287620100085216,-0.576554414551528,0.104162929791799
7.11092278771915,0.269725328505765,-0.236914618561732,0.812580475713805,-0.0802208994348513,0.075680596978945,-0.0288769206092949,-0.576271313612067,0.1049306939459
7.16023809262934,0.26812713697244,-0.237446304446121,0.812794009253353,-0.0811696974142648,0.0755258258041649,-0.0289913787010722,-0.575984000943246,0.105701692166917
7.20989540649828,0.266521364715353,-0.23796831336085,0.813004732875871,-0.0821288659434524,0.075370055384549,-0.0291053740914978,-0.57569244274275,0.106475924054444
7.25989710120885,0.264908116493078,-0.238480518460783,0.813212531888271,-0.0830984685404119,0.0752132907857744,-0.029218896656033,-0.575396604889373,0.107253389005354
7.31024556509332,0.263287499605614,-0.238982794062222,0.813417289844935,-0.0840785676962382,0.0750555372454477,-0.0293319363419795,-0.575096452940587,0.10803408620716
7.36094320304735,0.261659623882382,-0.239475015701311,0.813618888550877,-0.0850692248370051,0.0748968001719361,-0.0294444831724971,-0.574791952130172,0.108818014631252
7.41199243664497,0.260024601668703,-0.239957060192465,0.81381720806569,-0.0860705002854369,0.0747370851430814,-0.0295565272506124,-0.574483067365895,0.109605173026023
7.46339570425412,0.258382547810728,-0.240428805686782,0.81401212670829,-0.0870824532223853,0.0745763979047972,-0.0296680587632131,-0.574169763227249,0.110395559909861
7.51515546115323,0.256733579638834,-0.240890131730382,0.814203521062464,-0.0881051416481335,0.0744147443695477,-0.0297790679850274,-0.573852003963249,0.111189173564025
7.56727417964842,0.255077816949454,-0.241340919322646,0.814391265983238,-0.0891386223435397,0.0742521306147101,-0.0298895452825809,-0.573529753490306,0.111986012025392
7.61975434919166,0.253415381985358,-0.241781050974288,0.81457523460406,-0.0901829508310457,0.0740885628808175,-0.02999948111813,-0.573202975390146,0.11278607307908
7.67259847649959,0.251746399414361,-0.24221041076523,0.814755298344812,-0.0912381813355644,0.0739240475696844,-0.0301088660535666,-0.572871632907817,0.113589354250937
7.72580908567334,0.250070996306474,-0.242628884402222,0.814931326920666,-0.0923043667452693,0.0737585912424139,-0.0302176907542906,-0.572535688949757,0.114395852799903
7.77938871831903,0.248389302109486,-0.243036359276162,0.815103188351774,-0.0933815585723019,0.0735922006172877,-0.0303259459930458,-0.572195106081943,0.115205565710242
7.83333993366922,0.246701448622973,-0.243432724519073,0.815270748973806,-0.0944698069134208,0.0734248825675376,-0.0304336226537162,-0.571849846528112,0.116018489683634
7.8876653087051,0.245007569970753,-0.243817871060679,0.81543387344935,-0.0955691604106091,0.0732566441190012,-0.0305407117350772,-0.571499872168073,0.11683462113114
7.94236743827963,0.243307802571777,-0.244191691684545,0.815592424780156,-0.0966796662116631,0.0730874924476603,-0.0306472043544998,-0.571145144536096,0.117653956165026
7.99744893524145,0.241602285109466,-0.244554081083715,0.815746264320256,-0.0978013699307799,0.0729174348770647,-0.0307530917516011,-0.570785624819396,0.118476490590451
8.0529124305597,0.239891158499502,-0.244904935915816,0.815895251789932,-0.0989343156091674,0.0727464788756409,-0.0308583652918403,-0.570421273856702,0.119302219897016
8.10876057344967,0.238174565856079,-0.245244154857572,0.816039245290572,-0.100078545675695,0.0725746320538873,-0.0309630164700532,-0.570052052136934,0.120131139250175
8.16499603149936,0.236452652456633,-0.245571638658676,0.816178101320373,-0.101234100907605,0.0724019021614578,-0.0310670369139229,-0.569677919797964,0.120963243482497
8.22162149079689,0.234725565705053,-0.245887290194978,0.816311674790935,-0.102401020391312,0.0722282970841337,-0.031170418387383,-0.569298836625502,0.121798527084799
8.27863965605879,0.232993455093392,-0.246191014520938,0.816439819044715,-0.1035793414833,0.0720538248406867,-0.0312731527939478,-0.568914762052069,0.122636984197122
8.33605325075921,0.231256472162096,-0.246482718921298,0.816562385873355,-0.104769099771149,0.0718784935796349,-0.0313752321799671,-0.568525655156099,0.123478608599572
8.39386501726,0.229514770458766,-0.246762312961915,0.816679225536888,-0.105970329034703,0.0717023115758917,-0.031476648737801,-0.568131474661154,0.124323393703011
8.45207771694168,0.227768505495474,-0.24702970853973,0.816790186783807,-0.10718306120741,0.0715252872273117,-0.031577394808911,-0.567732178935253,0.125171332539604
8.51069413033537,0.226017834704649,-0.247284819931802,0.816895116872007,-0.108407326337845,0.0713474290511352,-0.0316774628868639,-0.567327725990342,0.126022417753218
8.56971705725559,0.224262917393567,-0.247527563843376,0.816993861590599,-0.109643152551442,0.0711687456803325,-0.031776845620244,-0.566918073481883,0.126876641589676
8.62914931693396,0.222503914697453,-0.24775785945493,0.817086265282576,-0.110890566012455,0.0709892458598518,-0.0318755358154706,-0.566503178708586,0.127733995886858
8.68899374815392,0.220740989531242,-0.247975628468168,0.817172170868356,-0.112149590886169,0.0708089384427723,-0.0319735264395174,-0.566082998612281,0.128594472064662
8.74925320938629,0.218974306540003,-0.248180795150904,0.817251419870169,-0.11342024930138,0.070627832386366,-0.0320708106225291,-0.565657489777936,0.129458061114807
8.80993057892579,0.217204032048079,-0.248373286380794,0.817323852437304,-0.114702561313163,0.07044593674807,-0.0321673816603333,-0.565226608433827,0.130324753590497
8.87102875502857,0.215430334006957,-0.248553031687885,0.817389307372199,-0.115996544865953,0.0702632606813738,-0.032263233016843,-0.564790310451869,0.131194539595927
8.93255065605059,0.213653381941904,-0.248719963295922,0.81744762215738,-0.117302215756954,0.0700798134316229,-0.032358358326347,-0.564348551348103,0.132067408775647
8.99449922058705,0.211873346897413,-0.248874016162389,0.817498632983226,-0.118619587599895,0.0698956043317437,-0.0324527513956848,-0.56390128628336,0.132943350303779
9.05687740761275,0.210090401381482,-0.249015128017234,0.81754217477657,-0.119948671789163,0.0697106427978915,-0.0325464062063037,-0.56344847006409,0.133822352873077
9.11968819662343,0.208304719308769,-0.249143239400244,0.81757808123012,-0.121289477464311,0.0695249383250267,-0.0326393169161935,-0.562990057143382,0.134704404683851
9.18293458777804,0.206516475942662,-0.249258293697032,0.817606184832693,-0.122642011474981,0.0693385004824218,-0.0327314778616972,-0.562526001622162,0.135589493432735
9.2466196020421,0.204725847836305,-0.2493602371736,0.817626316900254,-0.124006278346254,0.0691513389091022,-0.0328228835591949,-0.562056257250586,0.136477606301318
9.31074628133199,0.202933012772611,-0.249449019009445,0.817638307607754,-0.125382280244433,0.0689634633092276,-0.0329135287066575,-0.561580777429634,0.137368729944623
9.3753176886602,0.201138149703325,-0.24952459132917,0.817641986021751,-0.126770016943297,0.068774883447414,-0.0330034081850684,-0.561099515212901,0.138262850479447
9.44033690828169,0.199341438687156,-0.249586909232576,0.817637180133817,-0.12816948579083,0.0685856091440041,-0.0330925170597101,-0.560612423308613,0.139159953472559
9.50580704584117,0.197543060827045,-0.249635930823199,0.817623716894703,-0.129580681676441,0.0683956502702873,-0.0331808505813143,-0.560119454081845,0.140060023928754
9.57173122852146,0.195743198206604,-0.249671617235265,0.817601422249271,-0.131003596998702,0.0682050167436758,-0.0332684041870729,-0.559620559556976,0.140963046278773
9.63811260519287,0.193942033825765,-0.249693932659032,0.817570121172162,-0.132438221633612,0.0680137185228402,-0.0333551735015074,-0.559115691420365,0.141869004367084
9.70495434656358,0.192139751535713,-0.249702844364506,0.817529637704208,-0.133884542903405,0.0678217656028085,-0.0334411543371967,-0.558604801023271,0.142777881439533
9.7722596453311,0.190336535973121,-0.249698322723492,0.817479794989563,-0.135342545545919,0.0676291680100346,-0.0335263426953588,-0.558087839385015,0.143689660130853
9.84003171633479,0.188532572493764,-0.249680341229962,0.817420415313544,-0.136812211684535,0.0674359357974391,-0.0336107347662878,-0.557564757196394,0.144604322452056
9.90827379670937,0.186728047105543,-0.249648876518729,0.817351320141181,-0.138293520798713,0.0672420790394292,-0.0336943269296427,-0.55703550482335,0.145521849777693
9.97698914603959,0.184923146400978,-0.249603908382399,0.817272330156437,-0.139786449695126,0.0670476078269001,-0.0337771157545884,-0.556500032310907,0.146442222832988
10.0461810465159,0.183118057489231,-0.249545419786581,0.817183265302119,-0.141290972479406,0.0668525322622246,-0.0338590979997858,-0.555958289387377,0.147365421680857
10.1158528030912,0.181312967927693,-0.249473396883352,0.81708394482044,-0.142807060528537,0.0666568624542352,-0.0339402706132335,-0.555410225468849,0.14829142570881
10.1860077436388,0.179508065653209,-0.249387829022959,0.816974187294232,-0.144334682463867,0.0664606085132026,-0.034020630731956,-0.55485578966396,0.149220213615739
10.2566492191112,0.177703538912971,-0.249288708763732,0.816853810688794,-0.145873804124797,0.0662637805458175,-0.0341001756815422,-0.554294930778959,0.150151763398595
10.3277806037004,0.175899576195164,-0.249176031880229,0.816722632394358,-0.147424388543123,0.0660663886501793,-0.0341789029755308,-0.553727597323075,0.15108605233897
10.3994052949988,0.174096366159385,-0.249049797369578,0.816580469269168,-0.148986395918063,0.0658684429107964,-0.034256810314644,-0.553153737514186,0.152023056989565
10.4715267141616,0.172294097566922,-0.24891000745602,0.816427137683147,-0.150559783591964,0.0656699533936046,-0.0343338955858689,-0.552573299284806,0.152962753160581
10.5441483060703,0.17049295921092,-0.248756667593654,0.816262453562147,-0.152144506026724,0.0654709301410075,-0.034410156861387,-0.551986230288396,0.153905115906003
10.6172735394972,0.168693139846514,-0.248589786467379,0.816086232432762,-0.153740514780904,0.0652713831669441,-0.0344855923973521,-0.551392477905998,0.154850119509811
10.6909059072708,0.166894828120958,-0.248409375992028,0.815898289467699,-0.155347758487575,0.065071322451989,-0.0345602006325174,-0.550791989253203,0.155797737472108
10.7650489264432,0.165098212503833,-0.248215451309704,0.815698439531677,-0.156966182832882,0.0648707579384897,-0.0346339801867118,-0.550184711187471,0.15674794249518
10.8397061384575,0.163303481217362,-0.24800803078532,0.815486497227859,-0.158595730535347,0.0646696995257471,-0.0347069298591673,-0.549570590315791,0.157700706469477
10.9148811093176,0.161510822166911,-0.247787136000342,0.815262276944793,-0.16023634132592,0.0644681570652426,-0.034779048626698,-0.548949573002703,0.158656000459551
10.9905774297578,0.159720422871702,-0.247552791744756,0.815025592903839,-0.161887951928776,0.0642661403559177,-0.0348503356417319,-0.548321605378679,0.159613794689928
11.0667987154147,0.157932470395824,-0.247305026007257,0.814776259207096,-0.163550496042872,0.0640636591395118,-0.0349207902301973,-0.547686633348878,0.160574058530937
11.1435486070002,0.156147151279572,-0.247043869963678,0.81451408988578,-0.165223904324276,0.063860723095961,-0.034990411889265,-0.547044602602277,0.161536760484503
11.2208307704748,0.154364651471169,-0.246769357963667,0.814238898949068,-0.166908104369262,0.0636573418388651,-0.0350592002849488,-0.546395458621185,0.162501868169905
11.2986488972231,0.152585156258939,-0.246481527515641,0.81395050043338,-0.168603020698184,0.0634535249110255,-0.0351271552495651,-0.545739146691147,0.16346934830951
11.3770067042298,0.150808850203964,-0.246180419270007,0.813648708452091,-0.17030857474014,0.0632492817800603,-0.0351942767790551,-0.545075611911246,0.164439166714499
11.4559079342577,0.149035917073282,-0.245866077000705,0.813333337245655,-0.172024684818418,0.0630446218341006,-0.0352605650301709,-0.544404799204809,0.165411288270574
11.535356356026,0.147266539773688,-0.245538547585061,0.813004201232132,-0.173751266136743,0.062839554377572,-0.0353260203175285,-0.543726653330519,0.166385676923678
11.6153557643908,0.145500900286165,-0.245197880981991,0.812661115058108,-0.175488230766323,0.062634088627067,-0.0353906431105297,-0.543041118893946,0.167362295665722
11.6959099805258,0.143739179601009,-0.244844130208574,0.812303893649985,-0.177235487633697,0.062428233707312,-0.035454434030157,-0.542348140359498,0.168341106520329
11.7770228521052,0.141981557653696,-0.244477351315023,0.811932352265644,-0.178992942509391,0.062221998647233,-0.0355173938456424,-0.541647662062804,0.169322070528618
11.8586982534876,0.140228213261523,-0.244097603358069,0.811546306546449,-0.180760497997392,0.0620153923761248,-0.0355795234710157,-0.540939628223518,0.170305147735015
11.9409400859005,0.138479324061085,-0.243704948372812,0.811145572569603,-0.182538053525436,0.0618084237199274,-0.0356408239615331,-0.54022398295858,0.171290297173129
12.0237522776272,0.13673506644662,-0.243299451343036,0.810729966900826,-0.184325505336111,0.0616011013976136,-0.0357012965099915,-0.539500670295903,0.172277476851676
12.1071387841942,0.134995615509269,-0.242881180170046,0.810299306647347,-0.186122746478794,0.0613934340176923,-0.0357609424429305,-0.538769634188524,0.173266643740486
12.1911035885602,0.133261144977294,-0.242450205640049,0.809853409511214,-0.187929666802407,0.0611854300748297,-0.0358197632167271,-0.538030818529199,0.174257753756583
12.2756507013062,0.131531827157287,-0.242006601390114,0.809392093842883,-0.189746152949009,0.0609770979465944,-0.0358777604135853,-0.537284167165461,0.175250761750373
12.3607841608273,0.129807832876423,-0.241550443872743,0.808915178695108,-0.191572088348215,0.0607684458903277,-0.0359349357374269,-0.536529623915143,0.176245621491924
12.4465080335254,0.128089331425773,-0.2410818123191,0.808422483877092,-0.193407353212461,0.0605594820401436,-0.0359912910096843,-0.535767132582364,0.177242285657378
12.5328264140034,0.126376490504734,-0.240600788700922,0.807913830008907,-0.195251824533105,0.0603502144040612,-0.0360468281650033,-0.534996636973994,0.178240705815483
12.6197434252612,0.124669476166597,-0.240107457691162,0.807389038576173,-0.197105376077364,0.0601406508612738,-0.0361015492468561,-0.534218080916585,0.179240832414278
12.7072632188919,0.122968452765288,-0.239601906623394,0.806847931984972,-0.198967878386109,0.0599307991595555,-0.0361554564030727,-0.533431408273789,0.180242614767929
12.7953899752808,0.121273582903322,-0.239084225450035,0.806290333617005,-0.200839198772502,0.0597206669128098,-0.0362085518812924,-0.532636562964255,0.181246001043738
12.8841279038047,0.119585027380984,-0.238554506699403,0.805716067884968,-0.20271920132149,0.0595102615987629,-0.0362608380243414,-0.531833488980009,0.182250938249335
12.9734812430331,0.117902945146779,-0.238012845431679,0.805124960288157,-0.204607746890146,0.0592995905568026,-0.0363123172655404,-0.531022130405325,0.183257372220066
13.0634542609305,0.11622749324917,-0.237459339193795,0.804516837468265,-0.206504693108881,0.0590886609859665,-0.0363629921239478,-0.530202431436084,0.184265247606594
13.1540512550606,0.114558826789635,-0.2368940879733,0.803891527265396,-0.208409894383511,0.058877479943082,-0.0364128651995425,-0.529374336399625,0.185274507862727
13.2452765527909,0.112897098877055,-0.236317194151254,0.803248858774254,-0.210323201898192,0.0586660543410582,-0.0364619391683519,-0.528537789775089,0.186285095233482
13.3371345115004,0.111242460583467,-0.235728762454183,0.802588662400535,-0.212244463619226,0.0584543909473333,-0.0365102167775286,-0.527692736214257,0.187296950743411
13.4296295187868,0.109595060901197,-0.235128899905147,0.801910769917473,-0.214173524299741,0.0582424963824785,-0.0365577008403838,-0.526839120562883,0.18831001418519
13.5227659926764,0.107955046701386,-0.234517715773966,0.801215014522574,-0.216110225485247,0.05803037711896,-0.0366043942313786,-0.525976887882527,0.189324224108499
13.6165483818355,0.106322562693934,-0.23389532152665,0.800501230894498,-0.218054405520083,0.0578180394800603,-0.0366502998810814,-0.525105983472875,0.190339517809201
13.7109811657822,0.104697751388872,-0.233261830774076,0.799769255250096,-0.22000589955474,0.0576054896389598,-0.0366954207710956,-0.524226352894563,0.19135583131884
13.806068855101,0.103080753059175,-0.23261735921996,0.799018925401598,-0.221964539554088,0.0573927336179799,-0.0367397599289616,-0.523337941992488,0.192373099394466
13.9018159916578,0.10147170570503,-0.231962024608174,0.798250080813928,-0.223930154306496,0.0571797772879886,-0.0367833204230404,-0.522440696919623,0.193391255508819
13.998227148817,0.0998707450195618,-0.231295946669446,0.797462562662165,-0.225902569433856,0.0569666263679689,-0.0368261053573824,-0.521534564161307,0.194410231840869
14.0953069316601,0.0982780043560407,-0.230619247067503,0.79665621388911,-0.227881607402516,0.05675328642475,-0.0368681178665875,-0.520619490560041,0.195429959266743
14.1930599772055,0.0966936146965571,-0.229932049344681,0.79583087926298,-0.229867087535137,0.0565397628729031,-0.0369093611106613,-0.519695423340762,0.196450367351052
14.2914909546299,0.0951177046221846,-0.229234478867077,0.79498640543521,-0.23185882602346,0.0563260609747996,-0.0369498382698732,-0.5187623101366,0.197471384338629
14.3906045654914,0.0935504002846268,-0.22852666276926,0.794122640998349,-0.233856635942017,0.0561121858408341,-0.0369895525396206,-0.51782009901512,0.198492937146704
14.4904055439544,0.0919918253793534,-0.227808729898613,0.793239436544056,-0.235860327262771,0.0558981424298096,-0.0370285071253064,-0.516868738505037,0.199514951357526
14.5908986570152,0.0904421011202223,-0.227080810759324,0.792336644721177,-0.237869706870698,0.0556839355494869,-0.0370667052372328,-0.515908177623398,0.200537351211458
14.6920887047298,0.0889013462155888,-0.226343037456102,0.7914141202939,-0.239884578580339,0.0554695698572952,-0.0371041500855177,-0.514938365903242,0.201560059600546
14.7939805204436,0.0873696768458982,-0.225595543637631,0.790471720199984,-0.24190474315329,0.0552550498612045,-0.0371408448750397,-0.513959253421709,0.202582998062602
14.8965789710218,0.0858472066427574,-0.224838464439829,0.78950930360904,-0.24392999831669,0.0550403799207591,-0.0371767928004151,-0.512970790828605,0.203606086775802
14.999888957082,0.0843340466694801,-0.224071936428946,0.788526731980872,-0.245960138782662,0.0548255642482704,-0.0372119970410134,-0.511972929375422,0.204629244553817
15.1039154132284,0.0828303054030974,-0.223296097544544,0.787523869123856,-0.247994956268766,0.0546106069101672,-0.0372464607560159,-0.510965620944788,0.205652388841508
15.2086633082875,0.0813360887178272,-0.222511087042403,0.786500581253357,-0.250034239519443,0.0543955118285041,-0.0372801870795222,-0.509948818080354,0.206675435711188
15.3141376455451,0.0798514998699907,-0.221717045437392,0.785456737050168,-0.252077774328465,0.054180282782624,-0.03731317911571,-0.508922474017106,0.207698299859477
15.4203434629857,0.078376639484365,-0.22091411444635,0.784392207718962,-0.254125343562419,0.0539649234109748,-0.0373454399340535,-0.507886542712087,0.208720894604766
15.5272858335329,0.0769116055419618,-0.220102436931012,0.783306867046745,-0.256176727185209,0.0537494372130771,-0.0373769725646035,-0.506840978875527,0.209743131885307
15.6349698652918,0.0754564933692141,-0.219282156841022,0.782200591461313,-0.258231702283616,0.0535338275516419,-0.0374077799933365,-0.505785738002361,0.210764922257948
15.7434007017931,0.0740113956285624,-0.218453419157076,0.781073260089672,-0.260290043093901,0.0533180976548349,-0.0374378651575754,-0.504720776404141,0.211786174897529
15.8525835222385,0.0725764023104179,-0.217616369834214,0.779924754816444,-0.262351521029488,0.0531022506186869,-0.0374672309414881,-0.503646051241307,0.212806797596959
15.9625235417481,0.0711516007264909,-0.216771155745329,0.778754960342215,-0.264415904709718,0.0528862894096451,-0.0374958801716666,-0.502561520555825,0.213826696767989
16.07322601161,0.0697370755044646,-0.215917924624893,0.777563764241836,-0.266482959989702,0.0526702168672652,-0.0375238156127934,-0.501467143304167,0.214845777442701
16.1846962195303,0.0683329085839944,-0.215056825012962,0.776351057022645,-0.268552449991276,0.0524540357070404,-0.0375510399633979,-0.500362879390627,0.215863943275729
16.2969394898867,0.0669391792140158,-0.214188006199483,0.775116732182608,-0.270624135135081,0.0522377485233639,-0.0375775558517076,-0.499248689700952,0.216881096547228
16.4099611839816,0.0655559639513364,-0.21331161816893,0.773860686268355,-0.272697773173769,0.0520213577926232,-0.0376033658315983,-0.498124536136273,0.217897138166609
16.5237667002994,0.064183336660495,-0.21242781154531,0.772582818933103,-0.274773119226361,0.0518048658764211,-0.0376284723786478,-0.496990381647334,0.21891196767706
16.6383614747635,0.0628213685148615,-0.21153673753757,0.771283032994439,-0.276849925813757,0.0515882750249227,-0.0376528778862961,-0.495846190268981,0.219925483260866
16.7537509809962,0.0614701279989569,-0.210638547885421,0.769961234491952,-0.278927942895433,0.051371587380322,-0.0376765846621173,-0.494691927154913,0.220937581745539
16.8699407305804,0.0601296809119701,-0.209733394805625,0.768617332744698,-0.28100691790731,0.0511548049804267,-0.0376995949242056,-0.493527558612661,0.22194815861079
16.9869362733223,0.0588000903724452,-0.208821430938758,0.767251240408474,-0.283086595800836,0.0509379297623575,-0.0377219107976797,-0.492353052138796,0.222957107996342
17.1047431975172,0.057481416824117,-0.207902809296481,0.765862873532871,-0.285166719083275,0.050720963566356,-0.0377435343113103,-0.491168376454328,0.223964322710604
17.2233671302159,0.0561737180428679,-0.206977683209351,0.764452151618113,-0.287247027859231,0.0505039081397003,-0.0377644673942711,-0.489973501540285,0.224969694240235
17.3428137374936,0.0548770491447791,-0.206046206275175,0.763018997671627,-0.289327259873415,0.0502867651407219,-0.0377847118730198,-0.488768398673457,0.225973112760587
17.4630887247206,0.0535914625952549,-0.205108532307956,0.761563338264343,-0.29140715055466,0.050069536142921,-0.0378042694683108,-0.487553040462271,0.226974467147064
17.5841978368348,0.0523170082191866,-0.204164815287431,0.760085103586692,-0.293486433061213,0.0498522226391761,-0.037823141792342,-0.486327400882786,0.227973644987402
17.7061468586161,0.0510537332121347,-0.203215209309234,0.758584227504273,-0.295564838327313,0.0496348260460429,-0.0378413303460398,-0.485091455314779,0.228970532594882
17.8289416149627,0.0498016821524996,-0.2022598685357,0.757060647613175,-0.297642095111052,0.0494173477081391,-0.0378588365164848,-0.483845180577906,0.229965015022487
17.9525879711692,0.0485608970146534,-0.201298947147319,0.755514305294915,-0.299717930043556,0.0491997889026094,-0.0378756615744801,-0.482588554967906,0.230956976078029
18.0770918332073,0.0473314171830066,-0.200332599294881,0.753945145770968,-0.301792067679486,0.0489821508436675,-0.0378918066722656,-0.481321558292827,0.231946298340239
18.2024591480069,0.0461132794669802,-0.199360979052296,0.752353118156863,-0.303864230548859,0.0487644346872101,-0.0379072728413803,-0.480044171909253,0.232932863175848
18.3286959037413,0.0449065181168565,-0.198384240370133,0.750738175515805,-0.305934139210229,0.0485466415354976,-0.037922060990674,-0.478756378758503,0.233916550757653
18.4558081301122,0.0437111648404804,-0.197402537029871,0.749100274911812,-0.308001512305213,0.048328772441898,-0.0379361719044726,-0.477458163402767,0.234897240083601
18.5838018986386,0.0425272488207831,-0.196416022598885,0.747439377462307,-0.310066066614376,0.0481108284156876,-0.0379496062408958,-0.476149512061172,0.235874808996871
18.7126833229461,0.0413547967340998,-0.195424850386181,0.745755448390153,-0.312127517114509,0.0478928104269057,-0.0379623645303324,-0.47483041264573,0.236849134206995
18.8424585590593,0.0401938327692556,-0.194429173398877,0.744048457075093,-0.314185577037265,0.0476747194112565,-0.0379744471740718,-0.473500854797154,0.237820091311999
18.9731338056957,0.0390443786473886,-0.193429144299462,0.742318377104549,-0.316239957929205,0.0474565562750546,-0.0379858544430951,-0.472160829920505,0.238787554821586
19.1047153045619,0.0379064536424855,-0.192424915363811,0.740565186323754,-0.318290369713234,0.0472383219002083,-0.0379965864770263,-0.470810331220645,0.239751398181365
19.2372093406515,0.0367800746026005,-0.191416638439998,0.738788866885183,-0.320336520751439,0.0470200171492368,-0.0380066432832453,-0.469449353737462,0.240711493798127
19.3706222425457,0.035665255971731,-0.190404464907889,0.736989405297221,-0.322378117909342,0.046801642870314,-0.0380160247361626,-0.468077894380848,0.241667713066185
19.5049603827152,0.0345620098123227,-0.189388545639525,0.735166792472071,-0.324414866621566,0.0465831999023373,-0.0380247305766581,-0.466695951965376,0.242619926394767
19.6402301778248,0.0334703458283777,-0.188369030960313,0.733321023772812,-0.32644647095891,0.0463646890800129,-0.0380327604116835,-0.465303527244675,0.243568003236469
19.7764380890397,0.0323902713891387,-0.187346070611008,0.731452099059604,-0.328472633696858,0.046146111238954,-0.0380401137140293,-0.463900622945445,0.244511812116788
19.9135906223344,0.0313217915533234,-0.186319813710516,0.729560022734985,-0.330493056385495,0.045927467220788,-0.0380467898222565,-0.462487243801094,0.245451220664705
20.0516943288031,0.0302649090938833,-0.185290408719486,0.727644803788207,-0.332507439420849,0.0457087578782647,-0.0380527879407943,-0.461063396584959,0.24638609564435
20.1907558049731,0.0292196245232615,-0.184258003404731,0.725706455838584,-0.334515482117654,0.0454899840803628,-0.0380581071402021,-0.459629090143084,0.247316302987721
20.3307816931193,0.0281859361191243,-0.183222744804442,0.7237449971778,-0.336516882783522,0.0452711467173888,-0.0380627463575968,-0.458184335426508,0.248241707828482
20.4717786815819,0.0271638399505418,-0.182184779194225,0.721760450811124,-0.338511338794533,0.0450522467060621,-0.0380667043972458,-0.456729145523052,0.249162174536811
20.6137535050858,0.0261533299045939,-0.181144252053942,0.719752844497505,-0.34049854667223,0.0448332849945833,-0.0380699799313237,-0.455263535688541,0.250077566755318
20.756712945062,0.0251543977133774,-0.180101308035361,0.717722210788478,-0.342478202162004,0.0446142625676788,-0.038072571500833,-0.453787523377462,0.250987747436012
20.900663829972,0.0241670329813912,-0.179056090930611,0.71566858706585,-0.344450000312883,0.0443951804516166,-0.0380744775166886,-0.452301128272985,0.251892578878316
21.0456130356336,0.0231912232132764,-0.178008743641443,0.713592015578112,-0.346413635558688,0.0441760397191902,-0.0380756962609642,-0.45080437231635,0.252791922768126
21.1915674855492,0.0222269538418899,-0.176959408149293,0.711492543475528,-0.348368801800562,0.0439568414946624,-0.0380762258883004,-0.449297279735554,0.253685640217906
21.338534151237,0.021274208256689,-0.175908225486131,0.709370222843857,-0.350315192490855,0.0437375869586673,-0.0380760644274725,-0.447779877073322,0.254573591807802
21.4865200525637,0.0203329678324054,-0.17485533570612,0.707225110736645,-0.352252500718336,0.0435182773530624,-0.0380752097831176,-0.446252193214326,0.255455637627773
21.6355322580795,0.0194032119579892,-0.173800877858042,0.705057269206065,-0.354180419294739,0.0432989139857286,-0.038073659737619,-0.444714259411599,0.256331637320728
21.7855778853565,0.0184849180658011,-0.172744989958523,0.702866765332218,-0.356098640842601,0.0430794982353109,-0.0380714119531458,-0.443166109312136,0.25720145012664
21.9366641013278,0.0175780616610345,-0.171687808966024,0.700653671250884,-0.358006857884387,0.0428600315558966,-0.0380684639738473,-0.441607778981626,0.258064934927655
22.0887981226306,0.0166826163513478,-0.170629470755604,0.698418064179634,-0.359904762932861,0.0426405154816248,-0.0380648132281987,-0.440039306928287,0.258921950294139
22.2419872159503,0.0157985538766881,-0.16957011009445,0.696160026442295,-0.361792048582706,0.0424209516312243,-0.0380604570314966,-0.438460734125775,0.259772354531689
22.396238698368,0.0149258441392895,-0.168509860618157,0.693879645491675,-0.363668407603332,0.0422013417124723,-0.0380553925885026,-0.436872104035117,0.26061600572905
22.5515599377096,0.0140644552338261,-0.167448854807761,0.69157701393053,-0.365533533032875,0.0419816875265729,-0.0380496169962322,-0.435273462625655,0.261452761806956
22.7079583528983,0.0132143534777068,-0.166387223967515,0.689252229530712,-0.367387118273332,0.0417619909724475,-0.0380431272468854,-0.433664858394949,0.262282480567844
22.8654414143084,0.0123755034414912,-0.165325098203395,0.686905395250445,-0.369228857186811,0.0415422540509348,-0.0380359202309188,-0.432046342387607,0.263105019746439
23.0240166441225,0.0115478679794144,-0.16426260640233,0.684536619249683,-0.371058444192862,0.0413224788688949,-0.0380279927402538,-0.430417968213028,0.263920237061176
23.1836916166905,0.0107314082600031,-0.163199876212156,0.682146014903505,-0.372875574366844,0.0411026676432139,-0.0380193414716191,-0.428779792061992,0.264727990266442
23.3444739588916,0.00992608379677004,-0.16213703402227,0.679733700813492,-0.374679943539294,0.0408828227047038,-0.0380099630300253,-0.427131872722098,0.26552813720561
23.5063713504986,0.00913185247897198,-0.161074204944992,0.677299800817047,-0.376471248396257,0.0406629465018946,-0.0379998539323662,-0.425474271591993,0.266320535864829
23.6693915245447,0.00834867060241688,-0.160011512797611,0.674844443994599,-0.378249186580532,0.0404430416047142,-0.0379890106111453,-0.423807052694376,0.267105044427565
23.8335422676926,0.00757649290030891,-0.158949080085116,0.67236776467466,-0.38001345679379,0.0402231107080514,-0.0379774294183234,-0.422130282687736,0.267881521329832
23.9988314206069,0.00681527257411776,-0.157887027983601,0.669869902436679,-0.381763758899509,0.0400031566351995,-0.0379651066292833,-0.420444030876805,0.268649825316113
24.1652668783283,0.00606496132445986,-0.15682547632433,0.66735100211165,-0.383499794026693,0.0397831823411756,-0.0379520384469083,-0.41874836922168,0.269409815495916
24.3328565906507,0.00532550938198138,-0.155764543578462,0.664811213780439,-0.385221264674306,0.0395631909159129,-0.0379382210057707,-0.417043372345607,0.270161351400947
24.5016085625011,0.00459686553823055,-0.154704346842413,0.662250692769774,-0.386927874816372,0.0393431855873215,-0.0379236503764257,-0.415329117541382,0.270904293042855
24.6715308543219,0.00387897717650965,-0.153645001823865,0.659669599645879,-0.388619330007694,0.0391231697242155,-0.0379083225698078,-0.413605684776345,0.271638500971522
24.8426315824557,0.00317179030269653,-0.152586622828388,0.657068100205686,-0.390295337490121,0.0389031468391021,-0.0378922335417234,-0.411873156695951,0.27236383633385
25.0149189195333,0.00247524957602567,-0.151529322746693,0.654446365465611,-0.391955606299315,0.0386831205908304,-0.0378753791974382,-0.410131618625884,0.273080160933027
25.1884010948637,0.00178929833982011,-0.15047321304248,0.651804571647845,-0.393599847371946,0.0384630947870961,-0.0378577553963519,-0.408381158572686,0.273787337288208
25.3630863948277,0.00111387865216491,-0.149418403740899,0.649142900164128,-0.39522777365326,0.0382430733868002,-0.0378393579567581,-0.406621867222895,0.274485228694589
25.538983163273,0.000448931316514682,-0.148365003417587,0.646461537596977,-0.396839100204949,0.0380230605022579,-0.0378201826606836,-0.404853837940656,0.275173699283825
25.7160998019135,-0.000205604087773696,-0.147313119188295,0.643760675678333,-0.398433544313256,0.0378030604012565,-0.0378002252588021,-0.403077166763782,0.275852614084756
25.89444477073,-0.000849789174989825,-0.146262856699082,0.641040511265598,-0.400010825597252,0.0375830775089588,-0.0377794814754189,-0.401291952398264,0.276521839084386
26.0740265883745,-0.00148368672270783,-0.145214320117075,0.63830124631504,-0.401570666117206,0.0373631164096494,-0.03775794701352,-0.399498296211194,0.277181241289085
26.2548538325773,-0.00210736064152054,-0.14416761212178,0.635543087852537,-0.403112790482981,0.0371431818483238,-0.0377356175598821,-0.39769630222209,0.277830688785957
26.4369351405564,-0.00272087594487504,-0.143122833896942,0.632766247941636,-0.404636925962382,0.0369232787321161,-0.0377124887902372,-0.395886077092614,0.278470050804338
26.6202792094301,-0.00332429871901766,-0.142080085122942,0.629970943648914,-0.406142802589377,0.0367034121315646,-0.037688556374488,-0.394067730114659,0.279099197777372
26.8048947966327,-0.00391769609305295,-0.141039463969715,0.627157397006616,-0.407630153272118,0.0364835872817138,-0.0376638159819681,-0.392241373196807,0.279718001403608
26.9907907203326,-0.00450113620912231,-0.140001067090202,0.624325834972554,-0.409098713900685,0.036263809583051,-0.0376382632867414,-0.390407120849126,0.280326334708595
27.1779758598533,-0.0050746881927082,-0.138964989614304,0.621476489387262,-0.410548223454467,0.0360440846022759,-0.0376118939729367,-0.388565090166321,0.280924072106399
27.3664591560979,-0.00563842212306814,-0.137931325143342,0.618609596928391,-0.411978424109109,0.0358244180729033,-0.0375847037401115,-0.386715400809211,0.281511089461005
27.556249611976,-0.00619240900380386,-0.136900165745023,0.615725399062331,-0.413389061342933,0.0356048158956963,-0.0375566883086385,-0.384858174984546,0.282087264147559
27.7473562928336,-0.00673672073357,-0.135871601948882,0.612824141993071,-0.414779884042764,0.0353852841389308,-0.0375278434251122,-0.382993537423133,0.282652475113384
27.9397883268864,-0.00727143007692645,-0.134845722742217,0.609906076608274,-0.416150644609062,0.0351658290384896,-0.0374981648677671,-0.381121615356302,0.283206602938731
28.1335549056553,-0.00779661063533912,-0.133822615566492,0.606971458422586,-0.417501099060287,0.034946456997786,-0.0374676484519039,-0.379242538490679,0.283749529897214
28.3286652844062,-0.00831233681833209,-0.132802366314215,0.604020547518174,-0.418831007136413,0.0347271745875176,-0.0374362900353184,-0.377356438981291,0.284281140015867
28.5251287825912,-0.00881868381479611,-0.13178505932627,0.601053608482494,-0.420140132401494,0.034507988545248,-0.0374040855237257,-0.375463451402989,0.284801319134776
28.7229547842946,-0.00931572756445623,-0.130770777389711,0.598070910343313,-0.421428242345212,0.0342889057748196,-0.0373710308761768,-0.373563712720207,0.285309954966241
28.9221527386804,-0.00980354472950248,-0.129759601735994,0.595072726500985,-0.42269510848331,0.0340699333455947,-0.03733712211046,-0.371657362255055,0.285806937153401
29.1227321604441,-0.0102822126663868,-0.128751612039663,0.592059334657996,-0.423940506456824,0.0338510784915283,-0.0373023553084829,-0.369744541653751,0.286292157328284
29.324702630267,-0.0107518093977898,-0.127746886417463,0.589031016745815,-0.425164216130038,0.0336323486100706,-0.037266726621629,-0.367825394851418,0.286765509169216
29.5280737952738,-0.0112124135847604,-0.126745501427887,0.585988058849039,-0.426366021687062,0.0334137512609021,-0.0372302322760834,-0.365900068035233,0.287226888457546
29.7328553694936,-0.0116641044990308,-0.125747532071143,0.582930751126898,-0.427545711726959,0.0331952941645014,-0.0371928685781227,-0.363968709605972,0.287676193133633
29.9390571343235,-0.0121069619955117,-0.124753051789548,0.579859387732107,-0.428703079357325,0.0329769852005472,-0.0371546319193631,-0.362031470137937,0.28811332335204
30.1466889389963,-0.012541066484968,-0.123762132468322,0.576774266727128,-0.429837922286246,0.0327588324061558,-0.0371155187819618,-0.360088502337301,0.28853818153588
30.3557607010504,-0.012966498906881,-0.122774844436804,0.573675689997863,-0.430950042912541,0.0325408439739557,-0.037075525743766,-0.358139960998889,0.288950672430276
30.566282406804,-0.0133833407024969,-0.121791256470056,0.570563963164807,-0.432039248414208,0.0323230282500009,-0.0370346494834052,-0.356186002961405,0.289350703154867
30.7782641118319,-0.013791673788067,-0.120811435790881,0.567439395491724,-0.43310535083499,0.0321053937315259,-0.03699288678532,-0.354226787061143,0.289738183255324
30.9917159414457,-0.0141915805282816,-0.119835448072217,0.564302299791862,-0.434148167168985,0.0318879490645425,-0.036950234544724,-0.352262474084194,0.290113024753809
31.2066480911777,-0.0145831437098994,-0.11886335743993,0.561152992331782,-0.435167519443208,0.0316707030412827,-0.036906689772493,-0.350293226717184,0.290475142198351
31.4230708272674,-0.0149664465155772,-0.117895226475987,0.557991792732828,-0.436163234798025,0.0314536645974895,-0.0368622495999755,-0.348319209496571,0.290824452711068
31.6409944871527,-0.0153415724979011,-0.116931116222006,0.554819023870299,-0.437135145565399,0.0312368428095573,-0.0368169112837223,-0.346340588756521,0.291160876035203
31.8604294799627,-0.0157086055536231,-0.115971086183181,0.551635011770387,-0.438083089344844,0.0310202468915263,-0.0367706722101274,-0.344357532575414,0.291484334580915
32.0813862870155,-0.0160676298981052,-0.115015194332583,0.548440085504925,-0.439006909077034,0.0308038861919329,-0.0367235298999778,-0.342370210720999,0.291794753469791
32.3038754623189,-0.0164187300399753,-0.114063497115812,0.545234577084016,-0.439906453114975,0.0305877701905187,-0.0366754820129061,-0.340378794594231,0.292092060578022
32.5279076330741,-0.0167619907559958,-0.113116049456029,0.542018821346612,-0.440781575292679,0.0303719084948036,-0.0366265263517427,-0.338383457171847,0.292376186578215
32.7534935001834,-0.0170974970661499,-0.112172904759327,0.538793155849091,-0.441632134991276,0.0301563108365234,-0.036576660866762,-0.336384372947697,0.292647064979776
32.9806438387618,-0.0174253342089473,-0.111234114920472,0.535557920751929,-0.442457997202471,0.0299409870679378,-0.0365258836598192,-0.334381717872883,0.292904632167848
33.2093694986511,-0.0177455876169535,-0.110299730328979,0.532313458704517,-0.443259032589311,0.0297259471580118,-0.0364741929883739,-0.332375669294748,0.293148827440743
33.4396814049384,-0.0180583428925445,-0.109369799875544,0.529060114728208,-0.444035117544172,0.0295112011884739,-0.0364215872693951,-0.330366405894753,0.293379593045844
33.6715905584778,-0.0183636857838912,-0.108444370958808,0.525798236097678,-0.444786134243928,0.0292967593497559,-0.036368065083145,-0.328354107625291,0.293596874213925
33.9051080364161,-0.0186617021611767,-0.107523489492466,0.522528172220664,-0.445511970702218,0.0290826319368177,-0.0363136251768384,-0.326338955645485,0.293800619191876
34.1402449927217,-0.0189524779930488,-0.106607199912705,0.519250274516179,-0.446212520818782,0.0288688293448621,-0.0362582664681719,-0.324321132256014,0.293990779273767
34.3770126587175,-0.0192360993233121,-0.105695545185972,0.515964896291282,-0.446887684425793,0.028655362064943,-0.0362019880487219,-0.322300820833016,0.294167308830255
34.6154223436172,-0.0195126522478631,-0.10478856681707,0.51267239261648,-0.447537367331139,0.0284422406794724,-0.0361447891872075,-0.320278205761129,0.294330165336266
34.8554854350656,-0.0197822228918703,-0.103886304857569,0.509373120199875,-0.448161481358616,0.0282294758576307,-0.0360866693326135,-0.318253472365704,0.294479309396957
35.0972133996824,-0.0200448973872053,-0.102988797914542,0.506067437260118,-0.448759944384972,0.028017078350684,-0.0360276281171738,-0.316226806844253,0.294614704771903
35.3406177836102,-0.0203007618501254,-0.102096083159612,0.502755703398285,-0.449332680373783,0.0278050589872141,-0.0359676653592095,-0.31419839619719,0.294736318397502
35.5857102130658,-0.0205499023592146,-0.101208196338303,0.499438279468759,-0.449879619406094,0.0275934286682665,-0.0359067810658208,-0.312168428157906,0.294844120407565
35.8325023948954,-0.0207924049335838,-0.100325171779705,0.496115527449209,-0.450400697707816,0.0273821983624198,-0.0358449754354294,-0.310137091122244,0.294938084152068
36.081006117134,-0.0210283555113351,-0.0994470424064338,0.492787810309783,-0.450895857673831,0.0271713791007828,-0.0357822488601703,-0.308104574077428,0.295018186214057
36.3312332495683,-0.0212578399282946,-0.0985738397448886,0.489455491881584,-0.451365047888788,0.0269609819719241,-0.0357186019281297,-0.306071066530503,0.295084406424676
36.5831957443038,-0.0214809438970159,-0.0977055939358046,0.486118936724554,-0.451808223144551,0.0267510181167392,-0.0356540354254278,-0.304036758436337,0.295136727876303
36.8369056363357,-0.0216977529860592,-0.0968423337450902,0.482778509994854,-0.452225344454293,0.0265414987232601,-0.0355885503381451,-0.302001840125254,0.29517513693379
37.0923750441235,-0.0219083525995492,-0.0959840865749511,0.479434577311845,-0.452616379063206,0.0263324350214131,-0.0355221478540898,-0.299966502230354,0.295199623243786
37.3496161701702,-0.0221128279570163,-0.0951308784752901,0.47608750462477,-0.452981300455822,0.0261238382777302,-0.035454829364406,-0.297930935614567,0.295210179742136
37.6086413016048,-0.0223112640735234,-0.0942827341553836,0.472737658079237,-0.453320088359923,0.0259157197900185,-0.0353865964650211,-0.295895331297521,0.295206802659347
37.8694628107695,-0.0225037457400846,-0.0934396769958264,0.469385403883621,-0.453632728747048,0.0257080908819938,-0.0353174509579313,-0.293859880382266,0.295189491524115
38.1320931558105,-0.0226903575043766,-0.0926017290607419,0.466031108175462,-0.453919213829573,0.0255009628978836,-0.0352473948523252,-0.291824773981925,0.295158249164918
38.3965448812729,-0.0228711836517494,-0.0917689111102506,0.462675136887991,-0.454179542054388,0.0252943471970049,-0.0351764303655438,-0.289790203146322,0.295113081709656
38.6628306187004,-0.0230463081865376,-0.0909412426131948,0.459317855616867,-0.454413718093155,0.0250882551483214,-0.0351045599238777,-0.287756358788663,0.295053998583356
38.9309630872381,-0.0232158148136782,-0.0901187417601109,0.455959629487234,-0.454621752829161,0.024882698124987,-0.0350317861632011,-0.285723431612307,0.294981012503936
39.2009550942403,-0.0233797869206371,-0.0893014254764474,0.452600823021213,-0.454803663340783,0.0246776874988795,-0.0349581119294419,-0.283691612037711,0.294894139476036
39.4728195358824,-0.0235383075596488,-0.0884893094360193,0.449241800005908,-0.454959472881567,0.0244732346351301,-0.0348835402788887,-0.281661090129589,0.294793398782916
39.7465693977764,-0.023691459430272,-0.0876824080746972,0.445882923362051,-0.455089210856953,0.0242693508866556,-0.0348080744783356,-0.279632055524359,0.294678812976442
40.0222177555915,-0.0238393248622663,-0.0868807346043222,0.442524555013375,-0.455192912797655,0.0240660475886955,-0.0347317180050642,-0.277604697357923,0.294550407865161
40.2997777756789,-0.0239819857987911,-0.086084301026843,0.439167055756815,-0.455270620329731,0.0238633360533625,-0.0346544745466644,-0.275579204193852,0.294408212500486
40.5792627157,-0.0241195237799332,-0.0852931181486678,0.435810785133649,-0.455322381141367,0.0236612275642094,-0.0345763480006954,-0.273555763952025,0.294252259160994
40.8606859252603,-0.0242520199265629,-0.0845071955952254,0.432456101301657,-0.455348248946405,0.0234597333708181,-0.0344973424741863,-0.271534563837776,0.294082583334873
41.1440608465467,-0.0243795549245254,-0.0837265418257296,0.429103360908413,-0.455348283444659,0.0232588646834166,-0.0344174622829797,-0.269515790271622,0.293899223700516
41.4294010149697,-0.0245022090091675,-0.08295116414814,0.425752918965801,-0.455322550279045,0.0230586326675275,-0.0343367119509186,-0.267499628819606,0.293702222105299
41.7167200598098,-0.024620061950205,-0.0821810687343133,0.422405128725843,-0.455271120989585,0.0228590484386542,-0.0342550962088779,-0.265486264124323,0.293491623542565
42.0060317048688,-0.0247331930369329,-0.0814162606353377,0.419060341557934,-0.455194072964307,0.0226601230570093,-0.0341726199936441,-0.263475879836686,0.29326747612682
42.2973497691249,-0.0248416810637805,-0.0806567437970445,0.415718906827587,-0.455091489387113,0.0224618675222892,-0.0340892884466429,-0.261468658548466,0.293029831067199
42.5906881673929,-0.0249456043162152,-0.0799025210756902,0.412381171776754,-0.454963459182654,0.0222642927685009,-0.0340051069125183,-0.259464781725685,0.292778742639201
42.8860609109892,-0.0250450405569976,-0.079153594253801,0.409047481405829,-0.454810076958265,0.0220674096588447,-0.0339200809375654,-0.257464429642884,0.29251426815474
43.1834821084004,-0.025140067012789,-0.0784099640561737,0.405718178357413,-0.454631442943021,0.0218712289806569,-0.0338342162680191,-0.25546778131834,0.292236467930544
43.4829659659579,-0.025230760361115,-0.0776716301660261,0.402393602801915,-0.454427662923983,0.0216757614404185,-0.0337475188482008,-0.253475014450265,0.291945405254919
43.7845267885158,-0.0253171967176867,-0.0769385912412885,0.399074092325082,-0.454198848179677,0.0214810176588318,-0.0336599948185267,-0.251486305354033,0.291641146352937
44.0881789801347,-0.0253994516240818,-0.0762108449310303,0.395759981817527,-0.453945115410889,0.0212870081659714,-0.0335716505133803,-0.249501828900497,0.291323760350067
44.3939370447695,-0.0254776000357866,-0.0754883878920128,0.392451603366329,-0.453666586668837,0.0210937433965116,-0.0334824924588519,-0.247521758455413,0.290993319234292
44.701815586962,-0.0255517163106019,-0.0747712158053625,0.38914928614879,-0.453363389280792,0.0209012336850355,-0.0333925273703479,-0.245546265820045,0.29064989781675
45.0118293125388,-0.0256218741974125,-0.0740593233933561,0.385853356328401,-0.453035655773219,0.0207094892614289,-0.0333017621500743,-0.243575521172962,0.290293573690948
45.3239930293136,-0.0256881468253237,-0.0733527044363093,0.382564136953098,-0.45268352379251,0.0205185202463624,-0.0332102038843965,-0.241609693013084,0.289924427190576
45.6383216477945,-0.0257506066931638,-0.0726513517895633,0.379281947855867,-0.4523071360234,0.020328336646866,-0.0331178598410795,-0.239648948104014,0.28954254134598
45.954830181896,-0.0258093256593551,-0.0719552574005595,0.37600710555776,-0.451906640105122,0.0201389483519986,-0.0330247374664118,-0.237693451419687,0.28914800183932
46.2735337496566,-0.0258643749321531,-0.0712644123259954,0.372739923173376,-0.451482188545398,0.0199503651286162,-0.0329308443822171,-0.235743366091363,0.288740896958482
46.5944475739604,-0.0259158250602548,-0.0705788067490543,0.369480710318874,-0.451033938632355,0.0197625966172413,-0.0328361883827571,-0.233798853356021,0.288321317549767
46.9175869832646,-0.0259637459237769,-0.0698984299966999,0.366229773022559,-0.450562052344417,0.0195756523280374,-0.032740777431529,-0.231860072506153,0.287889356969415
47.2429674123316,-0.026008206725603,-0.069223270557029,0.362987413638091,-0.450066696258303,0.01938954163689,-0.0326446196579626,-0.229927180841015,0.287445111034017
47.5706044029659,-0.0260492759831004,-0.068553316096673,0.359753930760367,-0.449548041455176,0.0192042737815977,-0.0325477233540196,-0.228000333619344,0.286988677969847
47.9005136047569,-0.0260870215202063,-0.067888553478242,0.356529619144127,-0.449006263425061,0.0190198578581749,-0.0324500969707006,-0.226079684013575,0.286520158361189
48.2327107758263,-0.0261215104598822,-0.0672289687778021,0.353314769625301,-0.448441541969605,0.0188363028172699,-0.0323517491144625,-0.224165383065577,0.286039655097675
48.5672117835806,-0.0261528092169367,-0.066574547302379,0.350109669045151,-0.447854061103267,0.0186536174606988,-0.0322526885435519,-0.222257579643937,0.285547273320724
48.904032605469,-0.0261809834912154,-0.0659252736074792,0.346914600177246,-0.447244008953043,0.0184718104380978,-0.0321529241642564,-0.2203564204028,0.285043120369089
49.243189329747,-0.026206098261156,-0.0652811315146212,0.343729841657274,-0.446611577656797,0.0182908902436964,-0.0320524650270814,-0.218462049742297,0.284527305723613
49.5846981562442,-0.0262282177777083,-0.0646421041288697,0.340555667915749,-0.445956963260312,0.0181108652132117,-0.0319513203228533,-0.216574609770565,0.283999940951194
49.9285753971387,-0.0262474055586181,-0.0640081738563629,0.337392349113615,-0.445280365613126,0.0179317435208672,-0.0318494993787557,-0.214694240267379,0.283461139648052
50.2748374777359,-0.0262637243830708,-0.0633793224218278,0.334240151080772,-0.44458198826327,0.0177535331765348,-0.031747011654301,-0.212821078649413,0.282911017382331
50.6235009372529,-0.0262772362866952,-0.0627555308860732,0.331099335257546,-0.443862038350985,0.0175762420230042,-0.0316438667372442,-0.210955259937126,0.282349691636085
50.974582429609,-0.0262880025569247,-0.0621367796634551,0.327970158639113,-0.443120726501521,0.0173998777333779,-0.0315400743394406,-0.209096916723302,0.281777281746717
51.3280987242209,-0.0262960837287121,-0.0615230485393045,0.324852873722883,-0.442358266717088,0.0172244478085947,-0.0314356442926529,-0.207246179143229,0.281193908847898
51.6840667068035,-0.0263015395805981,-0.0609143166873127,0.321747728458863,-0.441574876268091,0.0170499595750811,-0.031330586544313,-0.205403174846546,0.280599695810048
52.0425033801768,-0.0263044291311278,-0.0603105626868645,0.318654966202986,-0.440770775583688,0.0168764201825321,-0.0312249111532406,-0.203568028970735,0.2799947671804
52.4034258650778,-0.026304810635614,-0.0597117645403124,0.315574825673427,-0.439946188141814,0.0167038366018206,-0.0311186282853245,-0.201740864116284,0.279379249122729
52.7668514009784,-0.0263027415832449,-0.0591178996901865,0.312507540909887,-0.439101340358722,0.0165322156230371,-0.0310117482091709,-0.199921800323503,0.278753269356763
53.1327973469088,-0.0262982786945297,-0.0585289450363294,0.309453341235848,-0.438236461478149,0.0163615638536583,-0.0309042812917216,-0.198110955051002,0.278116957097365
53.5012811822866,-0.0262914779190822,-0.057944876952953,0.30641245122379,-0.437351783460197,0.0161918877168459,-0.0307962379938478,-0.196308443155823,0.277470442993502
53.8723205077517,-0.0262823944337366,-0.057365671305607,0.303385090663359,-0.436447540870007,0.0160231934498743,-0.0306876288659226,-0.194514376875217,0.276813859067071
54.2459330460073,-0.0262710826409917,-0.0567913034680544,0.300371474532473,-0.435523970766319,0.0158554871026875,-0.030578464543377,-0.192728865810072,0.276147338651627
54.6221366426659,-0.02625759616778,-0.0562217483390469,0.297371812971342,-0.434581312590002,0.0156887745365844,-0.0304687557422432,-0.190952016909964,0.275471016331058
55.0009492671021,-0.026241987864558,-0.0556569803589926,0.294386311259402,-0.433619808052646,0.0155230614230322,-0.030358513254689,-0.189183934459842,0.274785027878258
55.3823890133107,-0.0262243098047111,-0.0550969735265115,0.29141516979511,-0.43263970102528,0.015358353242607,-0.0302477479445475,-0.187424720068318,0.274089510193845
55.7664741007712,-0.0262046132842717,-0.0545417014148711,0.288458584078612,-0.431641237427322,0.0151946552840603,-0.0301364707428459,-0.18567447265756,0.273384601244971
56.1532228753178,-0.0261829488219431,-0.0539911371882964,0.285516744697228,-0.430624665115822,0.0150319726435116,-0.030024692643338,-0.18393328845477,0.272670440004265
56.5426538100157,-0.0261593661594257,-0.0534452536181489,0.282589837313734,-0.42959023377509,0.014870310223764,-0.0299124246980421,-0.18220126098523,0.27194716638896
56.9347855060436,-0.0261339142620404,-0.0529040230989687,0.279678042657419,-0.428538194806771,0.0147096727337445,-0.0297996780127906,-0.1804784810669,0.271214921200248
57.3296366935823,-0.0261066413196442,-0.0523674176643729,0.27678153651787,-0.427468801220464,0.0145500646880641,-0.029686463742793,-0.178765036806549,0.270473846062895
57.7272262327089,-0.0260775947478317,-0.0518354090028072,0.273900489741448,-0.426382307524939,0.0143914904066994,-0.0295727930882168,-0.177061013597405,0.269724083365179
58.1275731142982,-0.026046821189419,-0.0513079684731433,0.271035068230433,-0.425278969620032,0.0142339540147925,-0.0294586772897888,-0.175366494118288,0.268965776199163
58.5306964609293,-0.026014366516203,-0.0507850671201183,0.268185432944781,-0.424159044689285,0.0140774594425676,-0.029344127624422,-0.173681558334227,0.268199068301372
58.9366155277994,-0.0259802758309913,-0.0502666756896111,0.265351739906452,-0.423022791093413,0.0139220104253632,-0.0292291554008686,-0.172006283498513,0.267424103993894
59.3453497036433,-0.0259445934698967,-0.04975276464375,0.262534140206283,-0.421870468264634,0.0137676105037777,-0.0291137719554054,-0.170340744156182,0.266641028125948
59.7569185116595,-0.025907363004891,-0.0492433041758491,0.259732780013333,-0.42070233660196,0.0136142630239263,-0.0289979886475517,-0.168685012148899,0.265849986015955
60.1713416104428,-0.0258686272466117,-0.0487382642251668,0.256947800586677,-0.419518657367491,0.0134619711378077,-0.0288818168558257,-0.167039156621208,0.265051123394152
60.5886387949234,-0.0258284282474159,-0.0482376144914841,0.254179338289585,-0.418319692583767,0.0133107378037781,-0.028765267973539,-0.165403244028134,0.264244586345777
61.0088299973121,-0.0257868073046762,-0.0477413244494984,0.251427524606042,-0.417105704932259,0.0131605657871304,-0.028648353404635,-0.163777338144095,0.263430521254856
61.4319352880526,-0.0257438049643111,-0.0472493633630273,0.248692486159557,-0.415876957653033,0.0130114576607764,-0.0285310845595724,-0.162161500073119,0.262609074748634
61.8579748767801,-0.0256994610245452,-0.0467617002990224,0.245974344734203,-0.414633714445643,0.0128634158060304,-0.0284134728512561,-0.1605557882603,0.26178039364267
62.2869691132868,-0.0256538145398916,-0.0462783041413854,0.243273217297847,-0.413376239371322,0.01271644241349,-0.0282955296910189,-0.158960258504502,0.260944624886632
62.7189384884933,-0.0256069038253527,-0.0457991436045877,0.240589216027494,-0.412104796756489,0.0125705394840144,-0.028177266484656,-0.157374963972254,0.260101915510817
63.1539036354283,-0.02555876646083,-0.0453241872470863,0.237922448336714,-0.410819651097653,0.0124257088297951,-0.0280586946285147,-0.155799955212815,0.259252412573418
63.5918853302131,-0.0255094392957396,-0.044853403484537,0.235273016905067,-0.409521066967729,0.0122819520755184,-0.0279398255056409,-0.154235280174376,0.258396263108579
64.032904493055,-0.0254589584538254,-0.0443867606027998,0.232641019709496,-0.408209308923827,0.0121392706596157,-0.0278206704819854,-0.152680984221368,0.257533614075241
64.4769821892457,-0.025407359338164,-0.0439242267707348,0.230026550057611,-0.406884641416548,0.0119976658356011,-0.0277012409026715,-0.151137110152841,0.256664612306816
64.9241396301678,-0.0253546766363556,-0.0434657700527868,0.227429696622808,-0.405547328700816,0.0118571386734905,-0.0275815480883253,-0.149603698221884,0.255789404461714
65.3743981743082,-0.0253009443258944,-0.0430113584213564,0.224850543481167,-0.4041976347483,0.0117176900613034,-0.0274616033314715,-0.148080786156047,0.254908136974725
65.827779328278,-0.0252461956797116,-0.0425609597689551,0.222289170150071,-0.40283582316144,0.0115793207066411,-0.0273414178929957,-0.146568409178739,0.254020956009293
66.2843047478397,-0.0251904632718854,-0.0421145419201433,0.219745651628479,-0.40146215708912,0.0114420311383409,-0.0272210029986743,-0.145066600031569,0.253128007410697
66.7439962389419,-0.0251337789835118,-0.0416720726432507,0.217220058438792,-0.400076899144014,0.0113058217082035,-0.0271003698357748,-0.143575388997582,0.252229436660138
67.2068757587607,-0.0250761740087295,-0.0412335196618754,0.214712456670259,-0.398680311321625,0.0111706925927895,-0.0269795295497265,-0.142094803925373,0.251325388829783
67.6729654167483,-0.0250176788608931,-0.0407988506661629,0.212222908023854,-0.397272654921049,0.0110366437952833,-0.0268584932408635,-0.140624870254039,0.250416008538734
68.1422874756894,-0.0249583233788882,-0.040368033323863,0.209751469858568,-0.395854190467489,0.0109036751474219,-0.0267372719612409,-0.139165611038932,0.24950143990998
68.6148643527643,-0.0248981367335823,-0.0399410352911635,0.207298195239047,-0.394425177636523,0.0107717863114849,-0.0266158767115259,-0.137717046978179,0.248581826528309
69.0907186206199,-0.0248371474344056,-0.0395178242233013,0.204863132984532,-0.392985875180161,0.0106409767823439,-0.0264943184379634,-0.136279196439937,0.247657311399213
69.5698730084476,-0.0247753833360557,-0.0390983677849495,0.202446327719012,-0.3915365408547,0.0105112458895677,-0.0263726080294182,-0.134852075490356,0.246728036908779
70.0523504030693,-0.0247128716453201,-0.0386826336603799,0.200047819922563,-0.390077431350389,0.0103825927995817,-0.0262507563144944,-0.133435697922198,0.245794144784591
70.5381738500302,-0.02464963892801,-0.0382705895634024,0.19766764598378,-0.388608802222916,0.0102550165178777,-0.0261287740587315,-0.1320300752841,0.244855776057631
71.0273665547,-0.024585711116001,-0.0378622032470795,0.195305838253274,-0.387130907826733,0.0101285158912715,-0.0260066719618795,-0.130635216910427,0.243913071025207
71.5199518833807,-0.0245211135143735,-0.0374574425132173,0.192962425098142,-0.385644001250218,0.0100030896102068,-0.025884460655252,-0.129251129951699,0.242966169214887
72.0159533644237,-0.0244558708086479,-0.0370562752216322,0.190637430957376,-0.384148334252686,0.00987873621110099,-0.0257621506991586,-0.127877819405549,0.242015209349466
72.5153946893524,-0.0243900070721087,-0.0366586692991962,0.188330876398146,-0.38264415720325,0.00975545407873187,-0.0256397525804166,-0.126515288148185,0.241060329312959
73.0182997139948,-0.0243235457732119,-0.0362645927486577,0.186042778172886,-0.381131719021538,0.0096332414486611,-0.0255172767099416,-0.125163536966311,0.240101666117618
73.5246924596224,-0.0242565097830702,-0.0358740136572418,0.183773149277149,-0.37961126712026,0.00951209640969319,-0.0253947334204186,-0.123822564589499,0.239139355871978
74.0345971140979,-0.0241889213830113,-0.0354869002050297,0.18152199900815,-0.378083047349636,0.00939201690636654,-0.0252721329640523,-0.122492367722955,0.23817353374994
74.5480380330304,-0.0241208022722025,-0.0351032206731176,0.179289333023964,-0.376547303943662,0.0092730007414744,-0.0251494855103969,-0.121172941080663,0.237204333960868
75.0650397409388,-0.0240521735753383,-0.034722943451558,0.1770751534033,-0.375004279468235,0.00915504557861316,-0.0250268011442656,-0.119864277418871,0.236231889720723
75.585626932423,-0.0239830558503846,-0.0343460370470822,0.174879458705826,-0.373454214771108,0.00903814894475554,-0.0249040898637198,-0.118566367569894,0.235256333224217
76.1098244733437,-0.0239134690963744,-0.0339724700906079,0.17270224403296,-0.371897348933685,0.00892230823284618,-0.0247813615781366,-0.117279200476195,0.23427779561798
76.6376574020103,-0.023843432761251,-0.0336022113445314,0.170543501089098,-0.370333919224632,0.00880752070441739,-0.024658626106356,-0.116002763224719,0.23329640697475
77.1691509303763,-0.0237729657497538,-0.0332352297098071,0.16840321824322,-0.368764161055308,0.00869378349222255,-0.0245358931749058,-0.114737041081459,0.232312296268566
77.7043304452438,-0.0237020864313403,-0.0328714942328154,0.166281380590819,-0.367188307936996,0.00858109360288505,-0.0244131724163048,-0.113482017526212,0.231325591350964
78.2432215094763,-0.023630812648143,-0.0325109741120213,0.164177970016109,-0.365606591439916,0.00846944791956033,-0.0242904733674436,-0.112237674287506,0.230336418928177
78.7858498632195,-0.0235591617229526,-0.0321536387044244,0.162092965254466,-0.364019241154026,0.00835884320460896,-0.0241678054680415,-0.111003991377673,0.229344904539311
79.3322414251308,-0.0234871504672272,-0.031799457531804,0.160026341955042,-0.362426484651565,0.00824927610227855,-0.0240451780591807,-0.109780947128031,0.228351172535509
79.8824222936175,-0.0234147951891197,-0.0314484002867598,0.157978072743525,-0.360828547451355,0.00814074314139231,-0.0239226003819152,-0.108568518224158,0.227355346060087
80.436418748083,-0.0233421117015222,-0.0311004368385506,0.155948127284978,-0.359225652984814,0.00803324073804234,-0.023800081575955,-0.107366679741235,0.226357547029626
80.9942572501823,-0.0232691153301207,-0.0307555372387339,0.153936472346733,-0.357618022563681,0.00792676519828554,-0.0236776306784242,-0.106175405179422,0.225357896116024
81.555964445086,-0.0231958209214587,-0.0304136717266078,0.151943071861285,-0.35600587534943,0.00782131272084014,-0.0235552566226919,-0.104994666499252,0.22435651272948
82.121567162753,-0.0231222428510035,-0.0300748107344578,0.149967886989142,-0.354389428324343,0.00771687939978112,-0.0234329682372765,-0.103824434157019,0.223353515002414
82.6910924192116,-0.0230483950312134,-0.0297389248926106,0.148010876181605,-0.352768896264233,0.00761346122723239,-0.02331077424482,-0.102664677140135,0.222349019774303
83.2645674178507,-0.022974290919601,-0.0294059850342981,0.146071995243419,-0.351144491712779,0.00751105409605427,-0.0231886832611338,-0.10151536300243,0.221343142577424
83.8420195507184,-0.0228999435267894,-0.0290759622003324,0.144151197395276,-0.349516424957472,0.00740965380252411,-0.0230667037943135,-0.100376457899382,0.22033599762349
84.423476399831,-0.0228253654245584,-0.0287488276435965,0.142248433336112,-0.347884904007129,0.00730925604900877,-0.022944844243922,-0.0992479266232563,0.219327697791168
85.0089657384898,-0.0227505687538765,-0.028424552833351,0.140363651305187,-0.346250134570948,0.00720985644662697,-0.0228231129002402,-0.0981297326381176,0.218318354614456
85.5985155326084,-0.0226755652329169,-0.0281031094593615,0.138496797143888,-0.344612320039109,0.00711145051790018,-0.0227015179435839,-0.0970218381147197,0.21730807827193
86.1921539420481,-0.0226003661650524,-0.0277844694358465,0.136647814357238,-0.342971661464846,0.00701403369939028,-0.0225800674436853,-0.0959242039652348,0.21629697757681
86.7899093219629,-0.0225249824468287,-0.0274686049052522,0.134816644175074,-0.341328357548018,0.00691760134432276,-0.0224587693591393,-0.0948367898778145,0.215285159967867
87.3918102241541,-0.0224494245759112,-0.0271554882418529,0.133003225612859,-0.339682604620101,0.00682214872519379,-0.0223376315369119,-0.09375955435096,0.214272731501131
87.9978853984339,-0.0223737026590038,-0.0268450920551827,0.131207495532109,-0.338034596630617,0.00672767103635996,-0.02221666171191,-0.0926924547276883,0.2132597968424
88.6081637939989,-0.0222978264197364,-0.0265373891932992,0.129429388700385,-0.336384525134941,0.00663416339660928,-0.0220958675066123,-0.0916354472294747,0.212246459260521
89.2226745608124,-0.0222218052065189,-0.0262323527458835,0.127668837850852,-0.33473257928347,0.0065416208517122,-0.0219752564307584,-0.0905884869899592,0.211232820621446
89.8414470509972,-0.0221456480003596,-0.0259299560471773,0.125925773741348,-0.333078945812133,0.00645003837695145,-0.0218548358810966,-0.0895515280883995,0.210218981383025
90.4645108202374,-0.0220693634226447,-0.0256301726787621,0.124200125212958,-0.331423809034194,0.00635941087962953,-0.021734613141187,-0.0885245235828585,0.209205040590548
91.0918956291901,-0.0219929597428775,-0.0253329764721811,0.122491819248069,-0.329767350833341,0.00626973320155265,-0.0216145953812613,-0.0875074255431103,0.208191095872983
91.7236314449071,-0.0219164448863753,-0.0250383415114077,0.120800781027861,-0.328109750658009,0.00618100012149031,-0.0214947896581353,-0.0865001850832546,0.207177243439939
92.3597484422661,-0.0218398264419206,-0.0247462421351632,0.119126933989242,-0.326451185516927,0.00609320635760919,-0.0213752029151746,-0.085502752394024,0.206163578079296
93.0002770054119,-0.0217631116693674,-0.0244566529390861,0.117470199881183,-0.324791829975851,0.00600634656988064,-0.0212558419823117,-0.0845150767747755,0.205150193155511
93.645247729208,-0.0216863075071969,-0.0241695487777556,0.115830498820449,-0.323131856155447,0.00592041536246078,-0.0211367135761128,-0.0835371066651525,0.204137180608579
94.2946914206979,-0.0216094205800248,-0.023884904766573,0.114207749346691,-0.321471433730306,0.00583540728604235,-0.0210178242998931,-0.0825687896764089,0.203124630953625
94.9486391005764,-0.0215324572060556,-0.0236026962835017,0.112601868476899,-0.319810729929057,0.00575131684017747,-0.0208991806438799,-0.0816100726223832,0.202112633281121
95.6071220046713,-0.0214554234044839,-0.0233228989706711,0.111012771759188,-0.318149909535539,0.00566813847557068,-0.0207807889854213,-0.0806609015501162,0.201101275257706
96.2701715854358,-0.0213783249028405,-0.0230454887358441,0.109440373325902,-0.316489134891017,0.00558586659634134,-0.0206626555892394,-0.0797212217700992,0.200090643127589
96.9378195134503,-0.0213011671442821,-0.0227704417537538,0.107884585946025,-0.314828565897401,0.005504495562255,-0.0205447866077272,-0.0787909778861495,0.199080821714529
97.6100976789355,-0.0212239552948237,-0.0224977344673092,0.106345321076891,-0.313168360021444,0.00542401969092281,-0.0204271880812875,-0.0778701138249015,0.198071894424369
98.2870381932754,-0.0211466942505109,-0.022227343588675,0.104822488915161,-0.311508672299884,0.00534443325996863,-0.0203098659387115,-0.0769585728649082,0.197063943248104
98.9686733905512,-0.0210693886445335,-0.021959246100226,0.103315998447079,-0.309849655345509,0.00526573050916329,-0.0201928259975979,-0.0760562976653455,0.19605704876548
99.6550358290861,-0.0209920428542764,-0.0216934192553795,0.101825757497984,-0.308191459354101,0.00518790564252531,-0.0200760739648093,-0.0751632302943147,0.195051290149089
100.346158292999,-0.0209146610083091,-0.0214298405793095,0.10035167278106,-0.306534232112249,0.00511095283038793,-0.0199596154369654,-0.0742793122567357,0.194046745168968
101.042073793774,-0.0208372469933111,-0.0211684878695415,0.0988936499453407,-0.304878119005987,0.00503486621143176,-0.0198434559009715,-0.0734044845218266,0.193043490197662
101.742815571832,-0.0207598044609336,-0.0209093391964349,0.0974515936229307,-0.303223263030228,0.00495963989468296,-0.0197276007345813,-0.0725386875501661,0.192041600215748
102.448417098122,-0.0206823368345957,-0.0206523729035523,0.0960254074754593,-0.301569804798982,0.0048852679614764,-0.0196120552069922,-0.0716818613203324,0.191041148817812
103.15891207572,-0.020604847316215,-0.0203975676079185,0.0946149942397472,-0.299917882556306,0.00481174446738358,-0.0194968244794721,-0.0708339453551165,0.190042208218841
103.874334441436,-0.0205273388928709,-0.0201449022001726,0.0932202557726877,-0.298267632187974,0.00473906344410518,-0.0193819136060167,-0.0699948787473063,0.189044849261036
104.594718367439,-0.0204498143434014,-0.0198943558446148,0.0918410930953332,-0.296619187233842,0.00466721890132787,-0.0192673275340356,-0.069164600185038,0.188049141421024
105.320098262886,-0.0203722762449313,-0.0196459079791505,0.0904774064361867,-0.294972678900857,0.00459620482854523,-0.0191530711050663,-0.0683430479767133,0.18705515281745
106.050508775566,-0.0202947269793317,-0.0193995383151324,0.0891290952736916,-0.293328236076718,0.00452601519684281,-0.0190391490555143,-0.0675301600754796,0.186062950218937
106.785984793556,-0.0202171687396111,-0.0191552268371061,0.0877960583779206,-0.291685985344128,0.00445664396064689,-0.0189255660174192,-0.0667258741032717,0.185072599052401
107.526561446888,-0.0201396035362359,-0.0189129538024572,0.0864781938514599,-0.290046050995637,0.00438808505943724,-0.0188123265192443,-0.0659301273744143,0.184084163411708
108.272274109224,-0.0200620332033819,-0.0186726997409657,0.0851753991694877,-0.288408555049029,0.00432033241942356,-0.0186994349866897,-0.0651428569187838,0.183097706066653
109.023158399549,-0.0199844594051143,-0.018434445454267,0.0838875712190479,-0.286773617263247,0.00425337995518569,-0.0185868957435267,-0.0643639995045289,0.182113288472252
109.779250183872,-0.0199068836414976,-0.0181981720152241,0.0826146063375182,-0.285141355154813,0.00418722157127761,-0.0184747130124533,-0.0635934916603501,0.18113097077833
110.540585576935,-0.0198293072546338,-0.0179638607672095,0.081356400350273,-0.283511884014729,0.00412185116379528,-0.0183628909159689,-0.062831269697338,0.180150811839399
111.307200943943,-0.0197517314346297,-0.017731493323303,0.0801128486075437,-0.281885316925829,0.00405726262190832,-0.0182514334772674,-0.0620772697303709,0.1791728692248
112.079132902301,-0.0196741572254916,-0.017501051565404,0.0788838460204783,-0.280261764780565,0.00399344982935574,-0.0181403446211482,-0.0613314276990726,0.178197199229107
112.856418323356,-0.0195965855309488,-0.017272517643261,0.0776692870964012,-0.278641336299191,0.00393040666590576,-0.0180296281749429,-0.0605936793883312,0.177223856882777
113.639094334169,-0.0195190171202044,-0.0170458739734216,0.076469065973279,-0.277024138048335,0.00386812700877988,-0.0179192878694571,-0.0598639604483801,0.176252895963029
114.427198319278,-0.0194414526336136,-0.0168211032381027,0.0752830764533934,-0.275410274459929,0.00380660473404141,-0.0178093273399273,-0.0591422064144434,0.175284369004948
115.220767922492,-0.0193638925882901,-0.0165981883839836,0.0741112120362269,-0.273799847850471,0.00374583371794864,-0.01769975012699,-0.0584283527259471,0.174318327312798
116.019841048683,-0.0192863373836386,-0.0163771126209245,0.0729533659505653,-0.272192958440612,0.00368580783827287,-0.0175905596776634,-0.0577223347452982,0.173354820971521
116.824455865599,-0.0192087873068157,-0.0161578594206104,0.071809431185822,-0.270589704375021,0.00362652097558145,-0.0174817593463407,-0.0570240877762341,0.172393898858438
117.634650805689,-0.0191312425381167,-0.0159404125151235,0.0706793005225901,-0.268990181742542,0.0035679670144863,-0.0173733523957928,-0.0563335470817447,0.17143560865511
118.450464567934,-0.0190537031562902,-0.0157247558954449,0.0695628665624274,-0.267394484596583,0.00351013984485799,-0.0172653419981816,-0.0556506479015707,0.170479996859367
119.271936119701,-0.0189761691437788,-0.0155108738098872,0.0684600217568809,-0.265802704975752,0.00345303336300572,-0.0171577312360805,-0.0549753254692802,0.169527108797488
120.099104698599,-0.0188986403918869,-0.0152987507624605,0.0673706584357583,-0.264214932924695,0.0033966414728236,-0.0170505231035034,-0.0543075150289271,0.168576988636527
120.932009814357,-0.0188211167058754,-0.0150883715111715,0.066294668834652,-0.262631256515132,0.0033409580869035,-0.0169437205069399,-0.0536471518512945,0.167629679396758
121.77069125071,-0.0187435978099825,-0.0148797210662592,0.0652319451217245,-0.261051761867066,0.00328597712761479,-0.0168373262663967,-0.0529941712497273,0.166685222964255
122.615189067297,-0.0186660833523716,-0.0146727846883671,0.0641823794237615,-0.259476533170145,0.00323169252815137,-0.0167313431164437,-0.052348508595557,0.165743660103575
123.46554360158,-0.0185885729100051,-0.0144675478866536,0.0631458638515025,-0.257905652705169,0.00317809823354641,-0.0166257737072651,-0.0517100993331224,0.164805030470541
124.321795470765,-0.0185110659934456,-0.0142639964168434,0.0621222905242547,-0.256339200865707,0.00312518820165509,-0.0165206206057129,-0.051078878994391,0.163869372625126
125.183985573745,-0.0184335620515824,-0.0140621162792188,0.061111551593802,-0.254777256179831,0.00307295640410585,-0.0164158862963638,-0.0504547832131847,0.162936724044408
126.052155093052,-0.0183560604762855,-0.0138618937165541,0.0601135392676147,-0.253219895331924,0.00302139682722048,-0.0163115731825784,-0.0498377477390139,0.162007121135613
126.926345496825,-0.0182785606069854,-0.0136633152119943,0.0591281458313712,-0.251667193184571,0.0029705034729035,-0.0162076835875609,-0.0492277084505249,0.16108059924921
127.806598540793,-0.0182010617351791,-0.0134663674868777,0.0581552636708006,-0.2501192228005,0.00292027035950138,-0.0161042197554199,-0.0486246013685647,0.160157192692074
128.692956270265,-0.018123563108863,-0.013271037498506,0.0571947852928548,-0.248576055464564,0.00287069152263184,-0.0160011838522292,-0.0480283626688677,0.159236934740694
129.585461022141,-0.0180460639368911,-0.0130773124378615,0.0562466033462214,-0.247037760705751,0.00282176101598385,-0.0158985779670873,-0.0474389286943693,0.158319857654422
130.484155426934,-0.0179685633932608,-0.0128851797272729,0.0553106106411852,-0.245504406319211,0.00277347291208877,-0.0157964041131762,-0.0468562359671514,0.157405992688757
131.389082410804,-0.0178910606213233,-0.0126946270180317,0.0543867001688513,-0.243976058388273,0.00272582130306304,-0.015694664228818,-0.0462802212000236,0.156495370108656
132.300285197614,-0.017813554737921,-0.0125056421879589,0.0534747651197372,-0.242452781306453,0.002678800301323,-0.015593360178529,-0.0457108213077462,0.155588019201863
133.217807310988,-0.0177360448374511,-0.0123182133389246,0.0525746989017461,-0.240934637799436,0.00263240404027222,-0.0154924937540701,-0.0451479734178992,0.154683968292249
134.141692576393,-0.0176585299958544,-0.0121323287943211,0.0516863951575308,-0.239421688947017,0.00258662667496194,-0.0153920666754948,-0.0445916148814029,0.153783244753164
135.071985123233,-0.0175810092745304,-0.0119479770964901,0.050809747781261,-0.23791399420499,0.00254146238272503,-0.015292080592192,-0.0440416832826946,0.152885875020783
136.008729386957,-0.0175034817241785,-0.011765147004106,0.0499446509348009,-0.236411611426976,0.00249690536378409,-0.0151925370839241,-0.0434981164495673,0.15199188460744
136.951970111177,-0.0174259463885643,-0.0115838274895156,0.0490909990633125,-0.234914596886178,0.00245294984183404,-0.0150934376618608,-0.0429608524626746,0.151101298114965
137.901752349813,-0.0173484023082121,-0.0114040077360362,0.0482486869102921,-0.233423005297052,0.00240959006459989,-0.0149947837696063,-0.0424298296647076,0.150214139247982
138.858121469236,-0.017270848524022,-0.0112256771352123,0.0474176095320526,-0.231936889836877,0.00236682030437008,-0.014896576784221,-0.0419049866692496,0.1493304308272
139.821123150444,-0.0171932840808138,-0.0110488252840323,0.0465976623116622,-0.230456302167237,0.00232463485850596,-0.0147988180172365,-0.0413862623693126,0.148450194802663
140.790803391236,-0.0171157080307945,-0.0108734419821065,0.0457887409723515,-0.228981292455371,0.00228302804992798,-0.0147015087156638,-0.0408735959455615,0.147573452266968
141.767208508414,-0.0170381194369522,-0.0106995172288074,0.0449907415903981,-0.227511909395414,0.00224199422757894,-0.014604650062994,-0.0403669268742315,0.146700223468445
142.750385139995,-0.0169605173763745,-0.0105270412203729,0.0442035606075032,-0.226048200229505,0.00220152776686516,-0.0145082431801914,-0.0398661949347442,0.14583052782429
143.740380247435,-0.0168829009434916,-0.0103560043469743,0.0434270948426677,-0.224590210768751,0.00216162307007569,-0.0144122891266789,-0.0393713402170263,0.144964383933646
144.737241117876,-0.0168052692532444,-0.010186397189749,0.042661241503582,-0.223137985414049,0.00212227456678041,-0.0143167889013146,-0.038882303128538,0.144101809590637
145.741015366405,-0.0167276214441764,-0.0100182105178008,0.0419058981975393,-0.221691567176757,0.00208347671420739,-0.0142217434433596,-0.0383990244010152,0.143242821797336
146.751750938323,-0.0166499566814513,-0.00985143528516667,0.0411609629418839,-0.220250997699198,0.00204522399760011,-0.014127153633438,-0.0379214450969314,0.142387436776672
147.769496111443,-0.0165722741597931,-0.00968606262775259,0.0404263341740054,-0.218816317274998,0.00200751093055498,-0.0140330202944859,-0.0374495066156839,0.141535669985278
148.794299498388,-0.0164945731063516,-0.00952208386023931,0.0397019107608915,-0.217387564869259,0.00197033205533982,-0.0139393441926923,-0.0369831506995102,0.14068753612626
149.826210048919,-0.0164168527834905,-0.0093594904729586,0.0389875920082484,-0.215964778138539,0.00193368194319368,-0.0138461260384295,-0.0365223194391399,0.139843049161893
150.865277052271,-0.0163391124915003,-0.00919827412874158,0.0382832776692011,-0.21454799345066,0.00189755519460867,-0.0137533664871742,-0.0360669552791863,0.139002222326248
151.911550139505,-0.0162613515712332,-0.00903842665974014,0.0375888679525853,-0.213137245904316,0.00186194643959413,-0.0136610661404173,-0.035617001023284,0.138165068137731
152.965079285884,-0.0161835694066628,-0.00887994006422237,0.03690426353084,-0.211732569348496,0.00182685033792391,-0.0135692255465646,-0.0351723998389774,0.137331598411537
154.025914813254,-0.0161057654273653,-0.00872280650334338,0.0362293655475141,-0.210333996401698,0.00179226157936705,-0.0134778452018258,-0.0347330952623642,0.136501824272028
155.094107392451,-0.0160279391109243,-0.00856701829789256,0.0355640756243961,-0.208941558470948,0.00175817488390246,-0.0133869255510937,-0.0342990312025011,0.135675756165012
156.169708045722,-0.0159500899852583,-0.00841256792501842,0.0349082958682782,-0.207555285770607,0.00172458500191816,-0.0132964669888118,-0.0338701519455738,0.134853403869932
157.25276814916,-0.0158722176308701,-0.00825944801493224,0.0342619288773662,-0.206175207340968,0.00169148671439549,-0.0132064698598315,-0.0334464021588394,0.134034776511964
158.34333943516,-0.0157943216830187,-0.00810765134759165,0.033624877747345,-0.204801351066643,0.00165887483307886,-0.0131169344602572,-0.0330277268943438,0.133219882574019
159.441473994887,-0.0157164018338132,-0.0079571708493654,0.0329970460771104,-0.203433743694732,0.00162674420063148,-0.0130278610382814,-0.0326140715924202,0.132408729908636
160.547224280766,-0.0156384578342284,-0.00780799958968059,0.0323783379741784,-0.202072410852764,0.00159508969077762,-0.0129392497950077,-0.0322053820849735,0.131601325749789
161.66064310899,-0.0155604894960421,-0.00766013077765346,0.0317686580597809,-0.200717377066436,0.00156390620843184,-0.0128511008852622,-0.0318016045985545,0.13079767672458
162.781783662036,-0.0154824966936939,-0.00751355775870518,0.0311679114736596,-0.199368665777106,0.00153318868981568,-0.0127634144183941,-0.0314026857572299,0.129997788864828
163.910699491214,-0.0154044793660651,-0.00736827401116371,0.0305760038785673,-0.198026299359079,0.00150293210256231,-0.0126761904590644,-0.0310085725852524,0.12920166761856
165.047444519217,-0.0153264375181803,-0.00722427314285323,0.0299928414644861,-0.196690299136657,0.00147313144580955,-0.0125894290280226,-0.0306192125095346,0.12840931786138
166.192073042701,-0.0152483712228289,-0.00708154888767238,0.029418330952574,-0.195360685400964,0.00144378175028179,-0.0125031301028729,-0.0302345533619333,0.12762074390774
167.344639734876,-0.0151702806221087,-0.00694009510216253,0.0288523795988482,-0.194037477426542,0.00141487807836125,-0.0124172936188275,-0.0298545433813467,0.126835949522095
168.505199648122,-0.0150921659288895,-0.00679990576206769,0.0282948951976144,-0.19272069348772,0.00138641552414894,-0.0123319194694497,-0.0294791312156301,0.126054937929943
169.673808216612,-0.0150140274281973,-0.00666097495888709,0.0277457860846537,-0.191410350874749,0.00135838921351591,-0.0122470075073836,-0.0291082659233348,0.125277711828756
170.850521258965,-0.0149358654785197,-0.00652329689642227,0.0272049611401734,-0.19010646590971,0.00133079430414513,-0.0121625575450741,-0.0287418969752735,0.124504273398792
172.03539498091,-0.0148576805130309,-0.00638686588731959,0.0266723297915334,-0.188809053962194,0.00130362598556441,-0.0120785693554744,-0.0283799742559174,0.123734624313795
173.228485977972,-0.014779473040738,-0.00625167634961001,0.0261478020157555,-0.18751812946475,0.00127687947917085,-0.0119950426727416,-0.0280224480646296,0.122968765751573
174.429851238172,-0.014701243647547,-0.00611772280324742,0.0256312883418256,-0.186233705928104,0.00125055003824719,-0.0119119771929218,-0.0276692691167374,0.122206698404464
175.639548144754,-0.0146229929972498,-0.00598499986664696,0.0251226998527963,-0.184955795956151,0.00122463294797047,-0.0118293725746234,-0.0273203885444497,0.12144842248968
176.857634478922,-0.0145447218324313,-0.00585350225322483,0.0246219481876997,-0.18368441126072,0.00119912352541337,-0.0117472284396787,-0.0269757578976217,0.12069393775953
178.084168422602,-0.0144664309752972,-0.00572322476794126,0.0241289455432772,-0.182419562676112,0.00117401711953869,-0.011665544373795,-0.0266353291443728,0.119943243511529
179.319208561219,-0.0143881213284222,-0.00559416230384796,0.0236436046755362,-0.181161260173415,0.00114930911118726,-0.0115843199271943,-0.0262990546715601,0.119196338598382
180.562813886497,-0.0143097938754191,-0.00546630983864166,0.0231658389011399,-0.179909512874593,0.0011249949130597,-0.0115035546152413,-0.0259668872851121,0.118453221437849
181.815043799277,-0.0142314496815288,-0.00533966243122537,0.0226955620986393,-0.178664329066356,0.00110106996969243,-0.0114232479190616,-0.0256387802102261,0.117713890022486
183.075958112354,-0.0141530898941307,-0.00521421521827883,0.022232688709555,-0.17742571621381,0.00107752975742813,-0.0113433992861485,-0.0253146870914346,0.116978341929274
184.345617053333,-0.0140747157431752,-0.00508996341083988,0.0217771337393144,-0.176193680973889,0.00105436978438119,-0.0112640081309589,-0.0249945619925414,0.116246574329111
185.624081267505,-0.0139963285415373,-0.0049669022908981,0.0213288127580546,-0.17496822920857,0.00103158559039838,-0.0111850738354992,-0.0246783593964343,0.115518583996196
186.911411820748,-0.0139179296852914,-0.00484502720800271,0.0208876419012951,-0.173749365997879,0.001009172747015,-0.0111065957499004,-0.0243660342047762,0.114794367317285
188.207670202438,-0.0138395206539093,-0.00472433357588593,0.0204535378704897,-0.172537095652681,0.000987126857407041,-0.011028573192983,-0.024057541737578,0.114073920300824
189.512918328392,-0.0137611030103795,-0.00460481686910383,0.0200264179334613,-0.17133142172727,0.000965443556339356,-0.0109510054528122,-0.0237528377326582,0.113357238585963
190.827218543819,-0.0136826784012501,-0.00448647261969601,0.0196061999247299,-0.170132347031744,0.000944118510110444,-0.0108738917872423,-0.0234518783449914,0.112644317451445
192.150633626303,-0.0136042485565946,-0.00436929641386594,0.0191928022457365,-0.168939873644185,0.000923147416493917,-0.0107972314244525,-0.0231546201459491,0.11193515182438
193.483226788801,-0.0135258152899013,-0.00425328388868354,0.0187861438649711,-0.167754002922638,0.000902526004677033,-0.0107210235634717,-0.0228610201224372,0.111229736288883
194.82506168266,-0.0134473804978874,-0.00413843072881173,0.01838614431801,-0.166574735516892,0.00088225003519652,-0.0106452673746953,-0.0225710356759321,0.110528065094611
196.176202400658,-0.0133689461602378,-0.00402473266325848,0.0179927237074686,-0.165402071380071,0.000862315299871972,-0.0105699620003916,-0.0222846246214196,0.109830132165155
197.536713480066,-0.0132905143392687,-0.00391218546215621,0.017605802702874,-0.164236009780035,0.00084271762173705,-0.0104951065551997,-0.0220017451862394,0.109135931106335
198.906659905733,-0.0132120871795187,-0.00380078493357001,0.0172253025404647,-0.163076549310588,0.000823452854968721,-0.0104207001266184,-0.0217223560088376,0.108445455214355
200.286107113184,-0.0131336669072649,-0.00369052692033654,0.01685114502292,-0.161923687902515,0.000804516884814792,-0.0103467417754867,-0.0214464161374323,0.107758697483849
201.675120991751,-0.0130552558299685,-0.00358140729693509,0.0164832525190267,-0.160777422834433,0.000785905627519921,-0.010273230536455,-0.0211738850285924,0.107075650615802
203.073767887718,-0.0129768563356472,-0.00347342196639254,0.0161215479632855,-0.159637750743463,0.000767615030250326,-0.0102001654184492,-0.0209047225457348,0.106396307025356
204.482114607491,-0.0128984708921775,-0.00336656685722385,0.0157659548554632,-0.158504667635741,0.000749641071017409,-0.0101275454051253,-0.0206388889575423,0.105720658849492
205.900228420788,-0.0128201020465273,-0.00326083792040972,0.0154163972600939,-0.157378168896747,0.000731979758600445,-0.0100553694553178,-0.0203763449363038,0.105048697954597
207.32817706385,-0.0127417524239193,-0.00315623112641303,0.0150727998059344,-0.156258249301484,0.000714627132468558,-0.00998363650347866,-0.0201170515561815,0.104380415943913
208.766028742684,-0.0126634247269262,-0.00305274246223565,0.0147350876853765,-0.155144903024485,0.000697579262702117,-0.00991234546011006,-0.0198609702914066,0.103715804164866
210.213852136311,-0.0125851217345001,-0.00295036792851728,0.0144031866538214,-0.154038123649671,0.000680832249913732,-0.0098414952121895,-0.0196080630144063,0.103054853716285
211.671716400053,-0.0125068463009343,-0.00284910353667775,0.0140770230290184,-0.152937904180051,0.00066438222516899,-0.0097710846235877,-0.0193582919938649,0.102397555455495
213.139691168835,-0.0124286013547627,-0.00274894530610449,0.0137565236903718,-0.151844237047277,0.000648225349907069,-0.00970111253547982,-0.0191116198927213,0.101743900005303
214.617846560511,-0.0123503898975937,-0.00264988926138663,0.0134416160782192,-0.150757114121053,0.000632357815861375,-0.00963157776675012,-0.0188680097661062,0.10109387776087
216.10625317921,-0.0122722150028834,-0.00255193142959719,0.0131322281930846,-0.149676526718405,0.000616775844980303,-0.00956247911438999,-0.0186274250592198,0.100447478896459
217.604982118714,-0.0121940798146471,-0.00245506783762493,0.0128282885949077,-0.148602465612806,0.000601475689348245,-0.00949381535389002,-0.0183898296051548,0.0998046933720815
219.114104965849,-0.0121159875461115,-0.00235929450955723,0.0125297264022538,-0.147534921043184,0.000586453631106945,-0.00942558523962592,-0.0181551876226645,0.0991655109400268
220.633693803907,-0.0120379414783091,-0.00226460746411547,0.012236471291505,-0.146473882722782,0.000571705982377299,-0.0093577875052387,-0.0179234637138802,0.0985299211512781
222.163821216089,-0.011959944958615,-0.00217100271214428,0.0119484534960367,-0.145419339847909,0.000557229085181669,-0.00929042086400931,-0.0176946228619794,0.0978979133618203
223.704560288971,-0.0118820013992293,-0.00207847625415598,0.0116656038053798,-0.14437128110656,0.000543019311366805,-0.00922348400922789,-0.017468630428807,0.0972694767388379
225.255984615994,-0.0118041142756055,-0.00198702407793158,0.0113878535643712,-0.143329694686923,0.00052907306252743,-0.00915697561455786,-0.0172454521524519,0.0966446002668023
226.818168300982,-0.011726287124827,-0.00189664215617957,0.0111151346722949,-0.142294568285773,0.000515386769930549,-0.00909089433439508,-0.0170250541447813,0.0960232727534523
228.391185961678,-0.0116485235439321,-0.00180732644425374,0.0108473795820143,-0.141265889116755,0.000501956894440535,-0.00902523880422221,-0.0168074028889337,0.0954054828356664
229.975112733314,-0.0115708271881918,-0.00171907287793129,0.0105845212990976,-0.14024364391856,0.000488779926445027,-0.00896000764095862,-0.0165924652367745,0.0947912189852297
231.570024272191,-0.011493201769339,-0.00163187737125219,0.0103264933809372,-0.139227818963004,0.000475852385781679,-0.0088951994433058,-0.0163802084063144,0.0941804695144941
233.175996759301,-0.0114156510537529,-0.00154573581442115,0.0100732299358647,-0.138218400063004,0.000463170821665786,-0.00883081279208874,-0.0161705999790937,0.0935732225819348
234.793106903962,-0.0113381788605998,-0.00146064407177302,0.00982466562226192,-0.137215372580458,0.000450731812618805,-0.00876684625059328,-0.0159636078975342,0.0929694661976029
236.421431947482,-0.0112607890599318,-0.00137659797980279,0.00958073564766904,-0.136218721434043,0.000438531966397768,-0.00870329836489963,-0.0157592004622598,0.0923691882284754
238.061049666849,-0.0111834855707458,-0.00129359334526096,0.00934137576789008,-0.135228431106917,0.000426567919925622,-0.00864016766421242,-0.0155573463293888,0.0917723764037033
239.712038378445,-0.0111062723590039,-0.00121162594331535,0.00910652228609671,-0.134244485654336,0.00041483633922246,-0.00857745266118718,-0.0153580145077994,0.0911790183197596
241.374476941791,-0.0110291534356183,-0.00113069151578013,0.00887611205193041,-0.133266868711199,0.000403333919337651,-0.00851515185225367,-0.0151611743563688,0.0905891014454866
243.048444763306,-0.0109521328544014,-0.0010507857694128,0.00865008246060331,-0.132295563499508,0.000392057384282847,-0.0084532637179361,-0.0149667955811902,0.0900026131270458
244.734021800108,-0.0108752147099837,-0.000971904374279863,0.00842837145199775,-0.131330552835756,0.000381003486965843,-0.00839178672317042,-0.0147748482327668,0.0894195405927686
246.431288563827,-0.0107984031357015,-0.000894042962191926,0.00821091750976461,-0.130371819138247,0.000370169009125273,-0.00833071931761892,-0.0145853027031861,0.0888398709579114
248.140326124455,-0.0107217023014562,-0.000817197125208786,0.00799765966042018,-0.129419344434341,0.00035955076126608,-0.00827005993598218,-0.0143981297232753,0.0882635912293152
249.861216114214,-0.0106451164115474,-0.000741362414214989,0.00778853747244133,-0.128473110367643,0.000349145582595756,-0.00820980699830859,-0.01421330035974,0.0876906883099693
251.594040731461,-0.0105686497024818,-0.000666534337566478,0.00758349105535864,-0.127533098205123,0.000338950340961273,-0.00814995891030159,-0.0140307860122869,0.0871211490034829
253.338882744608,-0.0104923064407598,-0.000592708359808593,0.00738246105884704,-0.126599288844177,0.000328961932786681,-0.00809051406362479,-0.0138505584107329,0.0865549600184633
255.09582549608,-0.0104160909206421,-0.000519879900465883,0.00718538867181336,-0.125671662819639,0.000319177283011297,-0.00803147083620495,-0.0136725896121013,0.0859921079728034
256.864952906292,-0.0103400074618985,-0.000448044332904064,0.00699221562147999,-0.124750200310729,0.000309593345028439,-0.00797282759253323,-0.013496851997707,0.0854325793978775
258.646349477661,-0.0102640604075405,-0.000377196983264107,0.00680288417246432,-0.123834881147952,0.000300207100624639,-0.00791458268396459,-0.0133233182702322,0.0848763607426496
260.440100298641,-0.0101882541215406,-0.000307333129468937,0.00661733712585249,-0.122925684819955,0.000291015559919258,-0.00785673444901549,-0.0131519614507929,0.0843234383776919
262.246291047787,-0.0101125929865391,-0.000238448000302588,0.00643551781826725,-0.122022590480327,0.000282015761304449,-0.00779928121366023,-0.0129827548759994,0.083773798599117
264.065007997846,-0.0100370814015423,-0.000170536774561962,0.00625737012092838,-0.121125576954362,0.000273204771385371,-0.00774222129162565,-0.0128156721950103,0.0832274276324241
265.896338019882,-0.009961723779613,-0.000103594580281065,0.00608283843870497,-0.120234622745771,0.000264579684920599,-0.0076855529846847,-0.0126506873665822,0.0826843116362592
267.740368587419,-0.00988652454555487,-3.7616494027717e-05,0.00591186770915825,-0.119349706043363,0.000256137624762631,-0.00762927458294863,-0.012487774656116,0.0821444367060934
269.597187780627,-0.00981148813359486,2.74024597275383e-05,0.00574440340157404,-0.118470804727679,0.000247875741798421,-0.00757338436515818,-0.0123269086327013,0.0816077888778162
271.466884290521,-0.00973661898506355,9.14673091705221e-05,0.00558039151598327,-0.117597896377595,0.000239791214889841,-0.00751788059897352,-0.0121680641661597,0.0810743541312485
273.349547423206,-0.00966192154607685,0.000154583135630829,0.00541977858216969,-0.116730958276882,0.000231881250814006,-0.00746276154126347,-0.0120112164240883,0.0805441183935751
275.245267104134,-0.00958740026522054,0.000216755073997908,0.00526251165866322,-0.115869967420738,0.00022414308420334,-0.00740802543839354,-0.0118563408689047,0.0800170675426968
277.154133882404,-0.00951305959123997,0.000277988313066324,0.00510853833171764,-0.115014900522286,0.00021657397748532,-0.00735367052651331,-0.0117034132548937,0.0794931874105047
279.07623893509,-0.00943890397073685,0.000338288095810602,0.00495780671427143,-0.114165734019038,0.000209171220821804,-0.00729969503184297,-0.0115524096252587,0.078972463786078
281.011674071587,-0.00936493784587511,0.000397659719590302,0.0048102654448901,-0.113322444079333,0.000201932132047828,-0.00724609717095909,-0.0114033063091761,0.0784548824188042
282.960531738006,-0.00929116565209783,0.000456108536285955,0.00466586368668893,-0.112485006608738,0.000194854056609809,-0.00719287515107977,-0.0112560799188556,0.0779404290214249
284.922905021585,-0.00921759181585734,0.000513639952366566,0.00452455112623427,-0.111653397256433,0.000187934367503036,-0.00714002717034907,-0.0111107073466075,0.0774290892730086
286.898887655133,-0.00914422075236017,0.000570259428889293,0.00438627797242249,-0.110827591421554,0.000181170465208365,-0.00708755141812086,-0.0109671657619161,0.076920848821849
288.888574021513,-0.00907105686332903,0.00062597248143241,0.0042509949553347,-0.110007564259521,0.000174559777628032,-0.00703544607524216,-0.0108254326085223,0.0764156932882932
290.892059158146,-0.00899810453478342,0.000680784679962152,0.00411865332506604,-0.109193290688333,0.000168099760020477,-0.00698370931433576,-0.0106854856015142,0.075913608267498
292.909438761552,-0.00892536813484095,0.000734701648634502,0.00398920485052807,-0.108384745394843,0.00016178789493409,-0.00693233930008247,-0.0105473027244285,0.075414579332118
294.940809191919,-0.00885285201154102,0.000787729065532947,0.0038626018182227,-0.107581902840999,0.000155621692139794,-0.00688133418950271,-0.0104108622263623,0.0749185920349239
296.986267477709,-0.0087805604906926,0.000839872662343143,0.00373879703098652,-0.106784737270072,0.000149598688562369,-0.00683069213223766,-0.0102761426190955,0.0744256319113548
299.045911320291,-0.00870849787374801,0.000891138223965682,0.00361774380670386,-0.105993222712847,0.000143716448210423,-0.00678041127082986,-0.0101431226742266,0.0739356844820038
301.119839098607,-0.00863666843570414,0.000941531588068041,0.00349939597698729,-0.105207332993802,0.000137972562104933,-0.00673048974100329,-0.0100117814203208,0.0734487352550384
303.208149873869,-0.00856507642303285,0.000991058644576989,0.00338370788582436,-0.10442704173725,0.000132364648206261,-0.00668092567194291,-0.00988209814007182,0.0729647697285571
305.310943394298,-0.00849372605164224,0.00103972533511261,0.00327063438818902,-0.103652322373465,0.000126890351339559,-0.00663171718657366,-0.00975405236747758,0.0724837733928831
307.428320099879,-0.00842262150487012,0.00108753765236529,0.00316013084861656,-0.102883148144783,0.000121547343118493,-0.00658286240183893,-0.00962762388503172,0.0720057317327961
309.560381127168,-0.00835176693151126,0.00113450163941705,0.00305215313974081,-0.102119492111673,0.000116333321867184,-0.00653435942897835,-0.00950279272092988,0.0715306302297038
311.707228314113,-0.00828116644387994,0.00118062338900848,0.00294665764079238,-0.101361327158786,0.000111246012540319,-0.0064862063738051,-0.00937953914629244,0.071058454363753
313.868964204927,-0.00821082411590906,0.00122590904275277,0.00284360123605668,-0.100608626000981,0.000106283166641322,-0.00643840133698246,-0.00925784367240402,0.0705891896158829
316.045692054981,-0.00814074398128712,0.00127036479029839,0.00274294131329075,-0.0998613611893189,0.000101442562138538,-0.00639094241429976,-0.00913768704797012,0.0701228214698206
318.237515835737,-0.00807093003163451,0.00131399686844165,0.00264463576209757,-0.0991195051170347,9.67220033793548e-05,-0.00634382769694754,-0.00901905025639165,0.0696593354140197
320.444540239715,-0.00800138621472013,0.00135681156019099,0.00254864297225717,-0.0983830300254811,9.21193210021859e-05,-0.00629705527179204,-0.00890191451305769,0.0691987169435448
322.666870685493,-0.00793211643271966,0.00139881519378425,0.00245492183201313,-0.0976519080100437,8.76323718462623e-05,-0.00625062322164877,-0.00878626126265706,0.0687409515619
324.904613322743,-0.00786312454051641,0.00144001414166077,0.00236343172631392,-0.0969261110260277,8.32590388591685e-05,-0.00620452962555532,-0.00867207217650907,0.0682860247828058
327.1578750373,-0.00779441434404604,0.00148041481938974,0.00227413253500795,-0.0962056108945161,7.89972310020669e-05,-0.00615877255904322,-0.00855932914991397,0.0678339221319222
329.426763456268,-0.00772598959868582,0.00152002368455655,0.00218698463099167,-0.0954903793081966,7.48448831525541e-05,-0.00611335009440881,-0.00844801429952338,0.0673846291485221
331.711386953162,-0.00765785400768967,0.00155884723560869,0.00210194887830986,-0.0947803878371577,7.07999560051047e-05,-0.00606826030098311,-0.00833810996073119,0.066938131387113
334.011854653082,-0.00759001122066959,0.00159689201066305,0.00201898663020755,-0.0940756079346535,6.68604359690521e-05,-0.00602350124540064,-0.00822959868508532,0.0664944144190109
336.328276437929,-0.00752246483212442,0.00163416458627608,0.00193805972713268,-0.0933760109428338,6.30243350640627e-05,-0.00597907099186698,-0.00812246323772047,0.0660534638338652
338.660762951648,-0.00745521838001663,0.00167067157617881,0.00185913049468937,-0.0926815680984417,5.92896908130725e-05,-0.00593496760242526,-0.00801668659481252,0.0656152652411369
341.009425605519,-0.00738827534439787,0.00170641962997809,0.00178216174154078,-0.091992250538475,5.56545661326386e-05,-0.00589118913722119,-0.0079122519410545,0.0651798042715298
343.374376583475,-0.00732163914608375,0.00174141543182615,0.0017071167572616,-0.0913080293058112,5.21170492206884e-05,-0.00584773365476694,-0.00780914266715471,0.0647470665783779
345.75572884746,-0.00725531314537862,0.00177566569905999,0.00163395931013943,-0.0906288753547962,4.86752534416253e-05,-0.0058045992122034,-0.00770734236735715,0.0643170378389871
348.153596142828,-0.00718930064085066,0.00180917718081232,0.00156265364492506,-0.0899547595567925,4.53273172087817e-05,-0.00576178386556108,-0.00760683483698436,0.063889703755935
350.568093003772,-0.00712360486815786,0.00184195665659603,0.00149316448053114,-0.0892856527056896,4.20714038641858e-05,-0.00571928567001934,-0.00750760407000313,0.0634650500583271
352.999334758797,-0.0070582289989251,0.0018740109348637,0.00142545700767931,-0.0886215255233714,3.89057015556392e-05,-0.00567710268016405,-0.00740963425661312,0.0630430625030129
355.44743753623,-0.00699317613967281,0.00190534685154395,0.00135949688649553,-0.0879623486651431,3.58284231110829e-05,-0.00563523295024349,-0.00731290978085858,0.0626237268757603
357.912518269762,-0.00692844933079737,0.00193597126855648,0.00129525024405375,-0.0873080927251129,3.28378059102555e-05,-0.00559367453442241,-0.00721741521826342,0.0622070289923916
360.39469470404,-0.00686405154560351,0.00196589107230743,0.00123268367186771,-0.0866587282415303,2.99321117536251e-05,-0.0055524254870343,-0.00712313533348968,0.0617929546998805
362.894085400285,-0.00679998568938871,0.00199511317216682,0.00117176422333125,-0.0860142257020776,2.71096267286114e-05,-0.00551148386283167,-0.00703005507801964,0.061381489877411
365.410809741959,-0.00673625459857984,0.00202364449892978,0.00111245941110721,-0.0853745555491142,2.43686610730901e-05,-0.00547084771723422,-0.00693815958786147,0.0609726204374002
367.944987940466,-0.00667286103992202,0.00205149200326328,0.00105473720446497,-0.0847396881848722,2.17075490361882e-05,-0.00543051510657503,-0.00684743418127882,0.0605663323264845
370.496741040893,-0.00660980770971957,0.00207866265414011,0.000998566026567362,-0.0841095939766024,1.91246487363922e-05,-0.00539048408834447,-0.00675786435654419,0.0601626115264714
373.066190927794,-0.00654709723312908,0.00210516343726162,0.00094391475170681,-0.0834842432616693,1.66183420169688e-05,-0.0053507527214319,-0.0066694357897162,0.0597614440552566
375.653460331008,-0.0064847321635044,0.00213100135347111,0.00089075270249158,-0.0828636063525931,1.41870342987282e-05,-0.005311319066365,-0.00658213433244088,0.0593628159677081
378.258672831527,-0.00642271498179341,0.0021561834171593,0.000839049646982398,-0.0822476535420387,1.18291544301505e-05,-0.00527218118554669,-0.00649594600977691,0.058966713356517
380.881952867393,-0.00636104809598618,0.00218071665466363,0.000788775795780025,-0.0816363551077494,9.54315453489604e-06,-0.00523333714348956,-0.00641085701804496,0.0585731223530182
383.523425739646,-0.00629973384061441,0.0022046081026629,0.000739901799064469,-0.0810296813174254,7.32750985673496e-06,-0.00519478500704778,-0.00632685372270098,0.058182029127978
386.183217618305,-0.00623877447630175,0.00222786480656891,0.000692398743586466,-0.0804276024335437,5.18071860192344e-06,-0.0051565228456463,-0.00624392265623356,0.0577934198923539
388.861455548399,-0.00617817218936441,0.00225049381891649,0.000646238149611965,-0.0798300887181206,3.10130177906645e-06,-0.00511854873150739,-0.0061620505160852,0.0574072808980228
391.558267456034,-0.00611792909146201,0.00227250219775365,0.000601391967820412,-0.0792371104374148,1.08780303650479e-06,-0.00508086073987443,-0.0060812241625977,0.0570235984384826
394.273782154498,-0.00605804721929782,0.00229389700503309,0.000557832576157743,-0.0786486378665691,-8.61211502732541e-07,-0.00504345694923278,-0.00600143061698135,0.056642358849525
397.008129350424,-0.00599852853436801,0.00231468530500678,0.000515532776644814,-0.0780646412941907,-2.74715340836597e-06,-0.00500633544152782,-0.00592265705930798,0.0562635485098812
399.761439649975,-0.00593937492275943,0.00233487416262479,0.000474465792142386,-0.0774850910268687,-4.57141211264347e-06,-0.00496949430237997,-0.00584489082652787,0.0558871538418417
402.533844565089,-0.00588058819499516,0.00235447064193995,0.000434605263073554,-0.0769099573936278,-6.33535508241003e-06,-0.00493293162129668,-0.00576811941051031,0.0555131613118502
405.325476519761,-0.00582217008592719,0.00237348180451956,0.000395925244104706,-0.0763392107503173,-8.04032799341429e-06,-0.00489664549188133,-0.00569233045610777,0.0551415574310724
408.136468856361,-0.00576412225467578,0.00239191470786559,0.00035840020078606,-0.0757728214839338,-9.68765490679663e-06,-0.00486063401203896,-0.00561751175924366,0.0547723287559416
410.966955842014,-0.00570644628461439,0.00240977640384453,0.000322005006152908,-0.075210760016878,-1.12786384477049e-05,-0.00482489528417883,-0.00554365126502344,0.0544054618886792
413.817072675003,-0.00564914368339978,0.00242707393712827,0.000286714937288767,-0.074652996811143,-1.28145599859684e-05,-0.00478942741541364,-0.00547073706586901,0.0540409434777935
416.686955491232,-0.00559221588304637,0.00244381434364713,0.000252505671851561,-0.0740995023724351,-1.42966798187786e-05,-0.00475422851775546,-0.00539875739967626,0.0536787602185562
419.576741370729,-0.00553566424004392,0.00246000464905618,0.000219353284564153,-0.0735502472542249,-1.57262373553023e-05,-0.00471929670830838,-0.00532770064799571,0.0533188988534566
422.486568344193,-0.00547949003551791,0.00247565186721614,0.000187234243670421,-0.0730052020617285,-1.71044513031689e-05,-0.00468463010945757,-0.00525755533423588,0.0529613461726357
425.416575399583,-0.00542369447543161,0.00249076299868981,0.000156125407358244,-0.0724643374558182,-1.84325198567574e-05,-0.00465022684905503,-0.00518831012188955,0.0526060890142992
428.366902488763,-0.00536827869082895,0.00250534502925507,0.000126004020150647,-0.0719276241568614,-1.97116208872177e-05,-0.00461608506060175,-0.0051199538127824,0.0522531142651115
431.337690534184,-0.00531324373811741,0.00251940492843566,9.68477092665298e-05,-0.0713950329484887,-2.09429121341523e-05,-0.0045822028834264,-0.00505247534534421,0.0519024088605699
434.329081435613,-0.00525859059938971,0.00253294964805043,6.86344809523272e-05,-0.0708665346812878,-2.21275313988861e-05,-0.00454857846286035,-0.00498586379290213,0.0515539597853607
437.341218076915,-0.00520432018278372,0.00254598612078222,4.13427167859698e-05,-0.0703421002764261,-2.32665967392527e-05,-0.00451520995040914,-0.00492010836199611,0.0512077540736973
440.374244332875,-0.00515043332287924,0.0025585212587672,1.49511699546337e-05,-0.0698217007291987,-2.43612066658171e-05,-0.00448209550392033,-0.00485519839071604,0.0508637788096399
443.428305076071,-0.00509693078113092,0.00257056195220544,-1.05610384923648e-05,-0.0693053071125027,-2.5412440339464e-05,-0.00444923328774757,-0.00479112334706069,0.0505220211273999
446.503546183793,-0.00504381324633624,0.00258211506799359,-3.52144234140057e-05,-0.0687928905802375,-2.64213577702708e-05,-0.00441662147291106,-0.00472787282731799,0.0501824682116264
449.600114545014,-0.00499108133513743,0.00259318744838049,-5.90291393699474e-05,-0.06828442237063,-2.73890000175885e-05,-0.00438425823725428,-0.00466543655446663,0.0498451072976778
452.718158067401,-0.00493873559255641,0.00260378590964628,-8.20249844332866e-05,-0.0677798738094854,-2.83163893912548e-05,-0.00435214176559694,-0.00460380437659869,0.0495099256718771
455.857825684385,-0.00488677649256174,0.00261391724080585,-0.000104221404022303,-0.0672792163133621,-2.92045296538527e-05,-0.00432027024988416,-0.00454296626536309,0.0491769106717536
459.01926736227,-0.00483520443866636,0.00262358820233719,-0.000125637494749626,-0.0667824213926725,-3.00544062239448e-05,-0.00428864188933192,-0.00448291231442973,0.0488460496862684
462.202634107401,-0.00478401976455522,0.00263280552493528,-0.0001462920082874,-0.0662894606547067,-3.08669863801956e-05,-0.00425725489056869,-0.00442363273797392,0.0485173301560278
465.408077973374,-0.00473322273474169,0.00264157590829206,-0.000166203355246857,-0.0658003058065819,-3.16432194663055e-05,-0.00422610746777325,-0.00436511786918112,0.0481907395734817
468.635752068297,-0.00468281354525164,0.002649906019903,-0.000185389609070911,-0.065314928658116,-3.23840370966759e-05,-0.0041951978428087,-0.00430735815877152,0.0478662654831098
471.885810562108,-0.00463279232433417,0.00265780249390076,-0.000203868509938183,-0.0648333011246248,-3.30903533627242e-05,-0.00416452424535272,-0.00425034417354449,0.0475438954815945
475.158408693936,-0.00458315913319791,0.00266527192991645,-0.000221657468677003,-0.0643553952296444,-3.3763065039769e-05,-0.00413408491302389,-0.00419406659494238,0.0472236172179823
478.453702779515,-0.0045339139667718,0.00267232089196875,-0.000238773570687922,-0.0638811831075784,-3.44030517944062e-05,-0.00410387809150434,-0.00413851621763372,0.0469054183938327
481.771850218653,-0.00448505675448927,0.00267895590738138,-0.000255233579873191,-0.0634106370062687,-3.50111763922959e-05,-0.00407390203465847,-0.0040836839481154,0.0465892867633559
485.113009502749,-0.00443658736109481,0.00268518346572925,-0.000271053942571803,-0.062943729289492,-3.55882849062809e-05,-0.00404415500464791,-0.00402956080333366,0.0462752101335395
488.477340222363,-0.0043885055874718,0.00269101001781349,-0.000286250791498577,-0.0624804324393814,-3.61352069247578e-05,-0.00401463527204272,-0.00397613790932367,0.0459631763642647
491.865003074839,-0.00434081117149059,0.00269644197466566,-0.000300839949685874,-0.062020719058773,-3.66527557602243e-05,-0.00398534111592875,-0.00392340649986745,0.0456531733684113
495.276159871982,-0.00429350378887572,0.00270148570658148,-0.000314836934426485,-0.0615645618734782,-3.71417286579225e-05,-0.00395627082401123,-0.00387135791516985,0.0453451891119539
498.710973547785,-0.00424658305409134,0.00270614754218401,-0.000328256961216264,-0.0611119337344826,-3.76029070045043e-05,-0.0039274226927146,-0.00381998360055241,0.0450392116140477
502.169608166212,-0.00420004852124363,0.0027104337675167,-0.000341114947695111,-0.0606628076200707,-3.803705653664e-05,-0.00389879502727865,-0.00376927510516489,0.044735228947105
505.652228929035,-0.00415389968499942,0.00271435062516626,-0.000353425517584923,-0.0602171566378777,-3.84449275495e-05,-0.00387038614185086,-0.00371922408071411,0.0444332292368633
509.159002183727,-0.00410813598151972,0.00271790431341551,-0.000365203004623112,-0.0597749540268688,-3.88272551050294e-05,-0.00384219435957508,-0.00366982228020999,0.0441332006624436
512.690095431402,-0.0040627567894074,0.00272110098542619,-0.000376461456490366,-0.0593361731592462,-3.91847592399473e-05,-0.00381421801267655,-0.00362106155672847,0.0438351314564018
516.245677334823,-0.0040177614306679,0.0027239467484519,-0.000387214638731298,-0.0589007875422846,-3.95181451733976e-05,-0.00378645544254322,-0.00357293386219114,0.0435390099047706
519.825917726449,-0.00397314917168199,0.00272644766308098,-0.000397476038666718,-0.0584687708200956,-3.982810351418e-05,-0.0037589049998035,-0.00352543124616128,0.0432448243470945
523.430987616559,-0.00392891922418966,0.00272860974250943,-0.000407258869296191,-0.0580400967753218,-4.01153104674927e-05,-0.00373156504440034,-0.00347854585465608,0.0429525631764566
527.061059201407,-0.00388507074628416,0.00273043895184376,-0.000416576073189664,-0.0576147393307612,-4.03804280411188e-05,-0.00370443394566187,-0.00343226992897491,0.042662214839499
530.716305871459,-0.00384160284341531,0.00273194120743367,-0.000425440326366881,-0.0571926725509224,-4.06241042509868e-05,-0.00367751008236835,-0.00338659580454327,0.0423737678364351
534.396902219665,-0.00379851456940098,0.00273312237623447,-0.000433864042163448,-0.0567738706435115,-4.08469733260465e-05,-0.00365079184281581,-0.00334151590977219,0.042087210721056
538.103024049808,-0.00375580492744615,0.00273398827519906,-0.000441859375082281,-0.0563583079608513,-4.10496559123874e-05,-0.00362427762487606,-0.00329702276493305,0.0418025321007299
541.834848384891,-0.00371347287116832,0.00273454467069938,-0.000449438224629352,-0.055945959001234,-4.12327592765452e-05,-0.00359796583605337,-0.00325310898104732,0.0415197206363952
545.592553475602,-0.00367151730562862,0.00273479727797699,-0.000456612239132582,-0.0555367984102074,-4.13968775079303e-05,-0.00357185489353779,-0.00320976725879116,0.0412387650425478
549.376318808822,-0.0036299370883678,0.00273475176062275,-0.000463392819542737,-0.0551308009817962,-4.15425917203201e-05,-0.00354594322425506,-0.00316699038741465,0.0409596540872223
553.1863251162,-0.00358873103044599,0.00273441373008526,-0.000469791123215384,-0.0547279416596586,-4.16704702523599e-05,-0.0035202292649133,-0.00312477124367533,0.0406823765919674
557.022754382788,-0.00354789789748576,0.00273378874520777,-0.000475818067672712,-0.0543281955381793,-4.17810688670112e-05,-0.00349471146204636,-0.00308310279078596,0.0404069214318163
560.885789855729,-0.0035074364107175,0.00273288231179343,-0.000481484334344326,-0.0539315378635007,-4.18749309498976e-05,-0.00346938827205407,-0.00304197807737614,0.0401332775352513
564.775616053012,-0.00346734524802629,0.00273169988219839,-0.000486800372285995,-0.0535379440344911,-4.19525877064918e-05,-0.0034442581612392,-0.00300139023646774,0.0398614338841637
568.692418772287,-0.00342762304499971,0.00273024685495267,-0.000491776401875407,-0.0531473896036529,-4.20145583580939e-05,-0.00341931960584144,-0.00296133248446373,0.0395913795138086
572.636385099737,-0.00338826839597567,0.00272852857440816,-0.000496422418484022,-0.0527598502779705,-4.2061350336553e-05,-0.00339457109206822,-0.00292179812015038,0.0393231035127549
576.607703419018,-0.00334927985508958,0.0027265503304138,-0.000500748196124136,-0.0523753019196996,-4.20934594776784e-05,-0.00337001111612251,-0.00288278052371254,0.0390565950228311
580.606563420252,-0.00331065593732029,0.00272431735801721,-0.000504763291070318,-0.0519937205470984,-4.21113702133037e-05,-0.00334563818422775,-0.00284427315576172,0.0387918432390663
584.633156109091,-0.00327239511953396,0.00272183483719263,-0.000508477045454373,-0.0516150823351015,-4.21155557619479e-05,-0.00332145081264973,-0.00280626955637698,0.0385288374096268
588.687673815838,-0.00323449584152531,0.00271910789259467,-0.000511898590833076,-0.0512393636159384,-4.21064783180402e-05,-0.0032974475277157,-0.00276876334415813,0.0382675668357496
592.77031020464,-0.00319695650705556,0.00271614159333754,-0.000515036851727897,-0.0508665408796963,-4.20845892396624e-05,-0.00327362686583065,-0.00273174821529135,0.0380080208716705
596.881260282727,-0.00315977548488654,0.00271294095279927,-0.000517900549136001,-0.0504965907748298,-4.20503292347702e-05,-0.00324998737349077,-0.00269521794262683,0.0377501889245496
601.020720409738,-0.00312295110981027,0.00270951092845062,-0.000520498204011834,-0.0501294901086166,-4.20041285458579e-05,-0.00322652760729427,-0.00265916637476825,0.0374940604543922
605.188888307094,-0.00308648168367348,0.00270585642170802,-0.000522838140718626,-0.0497652158475625,-4.19464071330258e-05,-0.00320324613394953,-0.00262358743517405,0.0372396249739671
609.385963067442,-0.00305036547639659,0.00270198227781044,-0.000524928490449195,-0.0494037451177542,-4.18775748554234e-05,-0.00318014153028062,-0.00258847512127015,0.0369868720487205
613.612145164168,-0.0030146007269865,0.00269789328571939,-0.000526777194615434,-0.0490450552051637,-4.17980316510267e-05,-0.00315721238323032,-0.00255382350357398,0.0367357912966871
617.867636460969,-0.00297918564454277,0.00269359417804182,-0.000528392008205939,-0.0486891235559026,-4.17081677147276e-05,-0.00313445728986059,-0.00251962672482976,0.0364863723883982
622.152640221499,-0.00294411840925671,0.00268908963097533,-0.00052978050311122,-0.0483359277764294,-4.16083636746994e-05,-0.00311187485735063,-0.00248587899915459,0.0362386050467859
626.467361119072,-0.00290939717340284,0.00268438426427536,-0.000530950071416004,-0.0479854456337101,-4.14989907670146e-05,-0.0030894637029926,-0.00245257461119546,0.0359924790470853
630.812005246445,-0.00287502006232233,0.00267948264124372,-0.000531907928658147,-0.0476376550553332,-4.13804110084874e-05,-0.00306722245418497,-0.00241970791529683,0.0357479842167333
635.186780125658,-0.00284098517539801,0.00267438926873805,-0.000532661117053724,-0.0472925341295795,-4.12529773677179e-05,-0.00304514974842357,-0.00238727333467865,0.0355051104352642
639.591894717946,-0.00280729058702045,0.00266910859720176,-0.000533216508687851,-0.0469500611054497,-4.11170339343135e-05,-0.00302324423329048,-0.00235526536062471,0.0352638476342036
644.027559433723,-0.00277393434754486,0.00266364502071395,-0.000533580808670894,-0.0466102143926479,-4.09729160862675e-05,-0.00300150456644073,-0.00232367855168101,0.0350241857969591
648.493986142629,-0.00274091448423833,0.00265800287705873,-0.000533760558259674,-0.0462729725615253,-4.08209506554762e-05,-0.00297992941558693,-0.00229250753286424,0.0347861149587081
652.991388183652,-0.00270822900221712,0.00265218644781357,-0.000533762137943352,-0.0459383143429827,-4.06614560913731e-05,-0.00295851745848178,-0.0022617469948799,0.0345496252062841
657.519980375318,-0.00267587588537362,0.00264619995845611,-0.000533591770493699,-0.0456062186283333,-4.04947426226689e-05,-0.00293726738289862,-0.00223139169335022,0.03431470667806
662.07997902595,-0.00264385309729274,0.00264004757848895,-0.000533255523979459,-0.0452766644691287,-4.03211124171758e-05,-0.0029161778866101,-0.00220143644805142,0.0340813495638289
666.671601944003,-0.00261215858215739,0.00263373342158191,-0.00053275931474457,-0.0449496310769462,-4.01408597397085e-05,-0.00289524767736484,-0.00217187614216045,0.0338495441046838
671.295068448464,-0.00258079026564275,0.00262726154573134,-0.00053210891035004,-0.0446250978231405,-3.99542711080462e-05,-0.00287447547286236,-0.00214270572151085,0.0336192805928937
675.950599379332,-0.00254974605579916,0.00262063595343587,-0.000531309932479234,-0.0443030442385607,-3.97616254469452e-05,-0.00285386000072617,-0.00211392019385771,0.033390549371779
680.638417108163,-0.00251902384392327,0.00261386059188815,-0.000530367859806447,-0.0439834500132321,-3.95631942401936e-05,-0.00283339999847518,-0.00208551462815148,0.0331633408355836
685.358745548692,-0.00248862150541734,0.00260693935318215,-0.00052928803082861,-0.0436662949960061,-3.93592416806994e-05,-0.00281309421349338,-0.00205748415382067,0.0329376454293464
690.11181016753,-0.00245853690063643,0.00259987607453546,-0.000528075646659977,-0.0433515591941769,-3.91500248186052e-05,-0.00279294140299798,-0.00202982396006304,0.0327134536487698
694.897837994932,-0.00242876787572326,0.00259267453852607,-0.00052673577378975,-0.0430392227730676,-3.89357937074244e-05,-0.00277294033400589,-0.00200252929514544,0.032490756040087
699.717057635642,-0.00239931226343062,0.00258533847334329,-0.000525273346802509,-0.0427292660555862,-3.87167915481937e-05,-0.00275308978329875,-0.00197559546571198,0.0322695431999273
704.569699279812,-0.00237016788393115,0.00257787155305212,-0.00052369317106144,-0.0424216695217522,-3.84932548316403e-05,-0.00273338853738646,-0.00194901783610038,0.03204980577518
709.455994713995,-0.00234133254561431,0.0025702773978708,-0.0005219999253543,-0.0421164138081948,-3.82654134783603e-05,-0.00271383539246934,-0.00192279182766658,0.031831534462856
714.376177332221,-0.00231280404587052,0.00256255957446092,-0.000520198164502135,-0.0418134797076243,-3.80334909770088e-05,-0.00269442915439884,-0.00189691291811725,0.0316147200099487
719.33048214714,-0.00228458017186215,0.00255472159622968,-0.000518292321930741,-0.0415128481682771,-3.7797704520501e-05,-0.00267516863863702,-0.00187137664085022,0.0313993532132924
724.31914580125,-0.00225665870128155,0.00254676692364383,-0.000516286712204911,-0.0412145002933343,-3.75582651402274e-05,-0.00265605267021473,-0.00184617858430272,0.0311854249194199
729.342406578201,-0.00222903740309566,0.00253869896455483,-0.000514185533525516,-0.0409184173403177,-3.73153778382835e-05,-0.00263708008368856,-0.00182131439130716,0.0309729260244183
734.400504414174,-0.00220171403827752,0.00253052107453478,-0.000511992870189484,-0.04062458072046,-3.70692417177187e-05,-0.00261824972309661,-0.00179677975845462,0.0307618474737836
739.493680909344,-0.00217468636052434,0.00252223655722264,-0.000509712695012783,-0.0403329719980542,-3.68200501108102e-05,-0.00259956044191319,-0.00177257043546559,0.0305521802622735
744.622179339418,-0.00214795211696212,0.00251384866468031,-0.000507348871716473,-0.04004357288978,-3.65679907053629e-05,-0.00258101110300239,-0.00174868222456819,0.0303439154337594
749.786244667259,-0.00212150904883694,0.00250536059775822,-0.000504905157276002,-0.0397563652640096,-3.63132456690483e-05,-0.0025626005785706,-0.0017251109798835,0.0301370440810765
754.98612355458,-0.00209535489219268,0.00249677550646984,-0.000502385204233831,-0.0394713311400931,-3.6055991771783e-05,-0.00254432775011813,-0.00170185260681805,0.0299315573458735
760.222064373731,-0.00206948737853531,0.0024880964903748,-0.000499792562975596,-0.0391884526876255,-3.57964005061598e-05,-0.00252619150838978,-0.00167890306146333,0.02972744641846
765.494317219563,-0.00204390423548364,0.00247932659897018,-0.000497130683969905,-0.0389077122256938,-3.55346382059369e-05,-0.00250819075332456,-0.00165625835000222,0.0295247025376535
770.803133921369,-0.00201860318740665,0.00247046883208952,-0.000494402919972041,-0.0386290922221077,-3.52708661625984e-05,-0.00249032439400457,-0.00163391452812217,0.0293233169906251
776.148768054917,-0.00199358195604731,0.00246152614030926,-0.000491612528191676,-0.0383525752926129,-3.50052407399919e-05,-0.00247259134860301,-0.00161186770043521,0.0291232811127438
781.531474954562,-0.00196883826113291,0.002452501425362,-0.00048876267242488,-0.0380781442000879,-3.47379134870596e-05,-0.00245499054433148,-0.00159011401990451,0.02892458628742
786.951511725437,-0.00194436982097205,0.00244339754055646,-0.000485856425150614,-0.0378057818537266,-3.44690312486704e-05,-0.00243752091738644,-0.00156864968727754,0.0287272239459476
792.40913725574,-0.00192017435303825,0.00243421729120348,-0.000482896769591931,-0.0375354713082049,-3.41987362745676e-05,-0.0024201814128951,-0.00154747095052559,0.0285311855673457
797.904612229097,-0.00189624957454015,0.00242496343504799,-0.000479886601742163,-0.0372671957628343,-3.39271663264458e-05,-0.00240297098486055,-0.00152657410428977,0.0283364626781984
803.438199137013,-0.00187259320297861,0.00241563868270626,-0.000476828732356333,-0.0370009385607027,-3.36544547831691e-05,-0.00238588859610632,-0.0015059554893332,0.0281430468524945
809.01016229141,-0.00184920295669042,0.0024062456981083,-0.000473725888908047,-0.0367366831878013,-3.33807307441459e-05,-0.00236893321822032,-0.00148561149199944,0.0279509297114658
814.620767837254,-0.00182607655537908,0.00239678709894503,-0.000470580717512186,-0.0364744132721415,-3.31061191308753e-05,-0.00235210383149829,-0.00146553854367701,0.0277601029234243
820.270283765263,-0.00180321172063243,0.00238726545711974,-0.000467395784813629,-0.0362141125828596,-3.28307407866801e-05,-0.00233539942488667,-0.00144573312026998,0.0275705582035993
825.958979924714,-0.00178060617642731,0.00237768329920369,-0.000464173579842353,-0.0359557650293113,-3.25547125746418e-05,-0.00231881899592503,-0.00142619174167446,0.0273822873139724
831.687128036326,-0.00175825764962151,0.00236804310689534,-0.000460916515835184,-0.0356993546601562,-3.22781474737551e-05,-0.00230236155068804,-0.00140691097126101,0.0271952820631131
837.455001705243,-0.00173616387043276,0.00235834731748304,-0.00045762693202453,-0.0354448656624342,-3.20011546733176e-05,-0.00228602610372705,-0.00138788741536285,0.0270095343060121
843.262876434102,-0.00171432257290526,0.00234859832431078,-0.000454307095394395,-0.0351922823606317,-3.1723839665572e-05,-0.00226981167801125,-0.00136911772276978,0.0268250359439154
849.111029636188,-0.00169273149536356,0.00233879847724675,-0.000450959202404024,-0.0349415892157414,-3.14463043366191e-05,-0.00225371730486852,-0.00135059858422779,0.0266417789241559
854.999740648693,-0.00167138838085409,0.00232895008315432,-0.000447585380679493,-0.0346927708243136,-3.11686470556178e-05,-0.00223774202392597,-0.00133232673194421,0.026459755239986
860.92929074605,-0.00165029097757431,0.00231905540636528,-0.000444187690673599,-0.034445811917501,-3.0890962762292e-05,-0.00222188488305011,-0.00131429893909841,0.0262789569304079
866.899963153375,-0.00162943703928979,0.00230911666915494,-0.000440768127294384,-0.0342006973600981,-3.06133430527627e-05,-0.00220614493828688,-0.00129651201935798,0.0260993760800045
872.91204305999,-0.00160882432573919,0.00229913605221892,-0.000437328621502639,-0.0339574121495734,-3.0335876263722e-05,-0.00219052125380136,-0.0012789628264002,0.0259210048187686
878.965817633049,-0.00158845060302736,0.00228911569515123,-0.000433871041878766,-0.0337159414150975,-3.00586475549717e-05,-0.00217501290181733,-0.00126164825343894,0.0257438353219322
885.061576031251,-0.00156831364400664,0.00227905769692353,-0.000430397196159321,-0.0334762704165663,-2.97817389903413e-05,-0.00215961896255657,-0.00124456523275672,0.0255678598097948
891.199609418655,-0.00154841122864659,0.00226896411636526,-0.000426908832743638,-0.0332383845436199,-2.95052296170094e-05,-0.00214433852417816,-0.00122771073524204,0.0253930705475511
897.380210978585,-0.00152874114439224,0.00225883697264431,-0.000423407642170872,-0.0330022693146574,-2.92291955432447e-05,-0.00212917068271746,-0.00121108176993177,0.0252194598451181
903.603675927636,-0.00150930118651092,0.00224867824574813,-0.000419895258567842,-0.0327679103758494,-2.89537100145878e-05,-0.0021141145420252,-0.00119467538355863,0.0250470200569617
909.870301529772,-0.00149008915842805,0.00223848987696498,-0.000416373261068055,-0.0325352935001471,-2.86788434884945e-05,-0.00209916921370628,-0.00117848866010374,0.024875743581923
916.18038711053,-0.00147110287205183,0.00222827376936508,-0.00041284317520226,-0.0323044045862888,-2.84046637074591e-05,-0.0020843338170587,-0.00116251872035405,0.0247056228630434
922.534234071309,-0.00145234014808703,0.00221803178828154,-0.000409306474260945,-0.0320752296578052,-2.81312357706393e-05,-0.00206960747901233,-0.00114676272146466,0.0245366503873896
928.932145903777,-0.00143379881633814,0.00220776576179069,-0.000405764580629113,-0.0318477548620229,-2.7858622204002e-05,-0.00205498933406774,-0.00113121785652605,0.0243688186858785
935.374428204358,-0.00141547671600196,0.00219747748119184,-0.000402218867093763,-0.0316219664690663,-2.75868830290116e-05,-0.00204047852423501,-0.00111588135413601,0.0242021203331008
941.861388688833,-0.00139737169594973,0.00218716870148605,-0.000398670658124414,-0.0313978508708597,-2.731607582988e-05,-0.00202607419897256,-0.0011007504779764,0.0240365479471446
948.39333720704,-0.00137948161499914,0.00217684114185389,-0.000395121231127081,-0.0311753945801285,-2.70462558193999e-05,-0.0020117755151261,-0.00108582252639446,0.0238720941894187
954.970585757668,-0.0013618043421762,0.0021664964861319,-0.000391571817672089,-0.0309545842294004,-2.67774759033808e-05,-0.00199758163686754,-0.00107109483198884,0.0237087517644751
961.593448503166,-0.00134433775696722,0.00215613638328765,-0.000388023604696073,-0.030735406570007,-2.65097867437097e-05,-0.00198349173563407,-0.0010565647612002,0.0235465134198313
968.262241784745,-0.00132707974956113,0.00214576244789321,-0.000384477735678589,-0.0305178484710866,-2.62432368200558e-05,-0.00196950499006734,-0.00104222971390627,0.0233853719457923
974.977284137491,-0.00131002822108212,0.00213537626059685,-0.000380935311793699,-0.0303018969185876,-2.597787249024e-05,-0.00195562058595269,-0.00102808712302144,0.0232253201752719
981.738896305574,-0.00129318108381302,0.00212497936859282,-0.000377397393036902,-0.0300875390142729,-2.57137380492913e-05,-0.00194183771615864,-0.00101413445410074,0.0230663509836141
988.547401257578,-0.00127653626140929,0.00211457328608912,-0.000373864999327811,-0.0298747619747271,-2.54508757872073e-05,-0.00192815558057638,-0.00100036920494824,0.0229084572884138
995.403124201917,-0.00126009168910414,0.00210415949477299,-0.000370339111588953,-0.0296635531303645,-2.51893260454428e-05,-0.00191457338605959,-0.000986788905229713,0.0227516320493374
1002.30639260238,-0.00124384531390455,0.00209373944427417,-0.000366820672801049,-0.0294538999244399,-2.49291272721445e-05,-0.00190109034636434,-0.000973391116089662,0.022595868267943
1009.25753619375,-0.00122779509477878,0.00208331455262558,-0.000363310589035193,-0.0292457899120619,-2.46703160761536e-05,-0.00188770568208919,-0.000960173429772499,0.0224411589875
1016.2568869976,-0.0012119390028351,0.00207288620672153,-0.000359809730462263,-0.0290392107592088,-2.44129272797942e-05,-0.00187441862061557,-0.00094713346924797,0.0222874972928095
1023.30477933808,-0.00119627502149235,0.00206245576277312,-0.000356318932339969,-0.028834150241748,-2.41569939704717e-05,-0.0018612283960483,-0.000934268887840735,0.0221348763100228
1030.40154985798,-0.0011808011466421,0.00205202454676088,-0.000352838995977893,-0.0286305962444578,-2.39025475510963e-05,-0.00184813424915643,-0.000921577368863995,0.0219832892064613
1037.5475375347,-0.00116551538680284,0.00204159385488445,-0.000349370689680903,-0.0284285367600534,-2.36496177893558e-05,-0.00183513542731426,-0.000909056625257248,0.0218327291904352
1044.74308369654,-0.0011504157632663,0.00203116495400926,-0.000345914749671296,-0.0282279598882166,-2.33982328658542e-05,-0.00182223118444262,-0.000896704399228007,0.021683189511062
1051.98853203895,-0.00113550031023595,0.00202073908211006,-0.000342471880990057,-0.0280288538346292,-2.31484194211387e-05,-0.00180942078095052,-0.000884518461897534,0.0215346634580855
1059.28422864097,-0.00112076707495806,0.00201031744871122,-0.000339042758377564,-0.02783120691001,-2.29002026016314e-05,-0.00179670348367694,-0.000872496612950476,0.0213871443616937
1066.63052198171,-0.00110621411784527,0.00199990123532374,-0.000335628027134143,-0.0276350075291579,-2.26536061044887e-05,-0.00178407856583301,-0.000860636680288437,0.0212406255923377
1074.02776295709,-0.00109183951259291,0.00198949159587888,-0.000332228303960776,-0.0274402442099972,-2.24086522214034e-05,-0.00177154530694444,-0.000848936519687346,0.0210951005605488
1081.4763048965,-0.00107764134628841,0.00197908965715829,-0.000328844177780383,-0.0272469055726294,-2.21653618813735e-05,-0.0017591029927943,-0.000837394014458706,0.0209505627167578
1088.97650357974,-0.00106361771951355,0.00196869651922062,-0.000325476210539959,-0.0270549803383888,-2.19237546924514e-05,-0.0017467509153661,-0.000826007075114556,0.0208070055511113
1096.52871725401,-0.00104976674644014,0.0019583132558245,-0.000322124937993977,-0.0268644573289037,-2.16838489824967e-05,-0.00173448837278714,-0.000814773639036224,0.0206644225932909
1104.13330665098,-0.00103608655491902,0.00194794091484788,-0.000318790870469349,-0.0266753254651625,-2.14456618389481e-05,-0.0017223146692723,-0.00080369167014673,0.0205228074123298
1111.79063500406,-0.00102257528656267,0.0019375805187036,-0.000315474493612337,-0.0264875737665854,-2.12092091476347e-05,-0.00171022911506811,-0.000792759158586895,0.0203821536164311
1119.50106806575,-0.00100923109682145,0.00192723306475117,-0.000312176269117702,-0.0263011913501007,-2.09745056306425e-05,-0.00169823102639713,-0.000781974120395031,0.0202424548527849
1127.26497412507,-0.000996052155053755,0.00191689952570475,-0.000308896635440472,-0.0261161674292283,-2.07415648832582e-05,-0.00168631972540277,-0.000771334597190264,0.020103704807386
1135.0827240252,-0.000983036644590202,0.00190658085003714,-0.000305636008490623,-0.0259324913131667,-2.05103994100027e-05,-0.00167449454009439,-0.000760838655859355,0.0199658972048515
1142.95469118117,-0.000970182762791943,0.00189627796237994,-0.000302394782311027,-0.0257501524058883,-2.02810206597772e-05,-0.00166275480429286,-0.000750484388247094,0.0198290258082381
1150.8812515977,-0.000957488721103284,0.00188599176391968,-0.000299173329738967,-0.0255691402052381,-2.00534390601346e-05,-0.00165109985757636,-0.000740269910850114,0.0196930844188598
1158.86278388715,-0.000944952745098807,0.00187572313278994,-0.00029597200305157,-0.0253894443020408,-1.98276640506976e-05,-0.00163952904522666,-0.000730193364514209,0.019558066876105
1166.89966928762,-0.000932573074525034,0.00186547292445936,-0.000292791134595437,-0.0252110543792119,-1.96037041157368e-05,-0.00162804171817577,-0.000720252914135006,0.0194239670572545
1174.99229168114,-0.000920347963336892,0.00185524197211574,-0.000289631037400815,-0.0250339602108769,-1.93815668159287e-05,-0.00161663723295291,-0.000710446748362061,0.0192907788772989
1183.14103761204,-0.000908275679729003,0.00184503108704578,-0.000286492005780592,-0.0248581516614951,-1.9161258819307e-05,-0.00160531495163195,-0.000700773079306258,0.0191584962887562
1191.34629630538,-0.000896354506162052,0.00183484105901095,-0.000283374315914444,-0.0246836186849913,-1.89427859314273e-05,-0.00159407424177918,-0.000691230142250545,0.0190271132814895
1199.60845968555,-0.000884582739384261,0.00182467265661897,-0.000280278226418416,-0.0245103513238923,-1.87261531247572e-05,-0.00158291447640149,-0.000681816195363924,0.0188966238825249
1207.92792239501,-0.00087295869044821,0.00181452662769131,-0.000277203978900243,-0.0243383397084719,-1.85113645673112e-05,-0.00157183503389502,-0.000672529519418703,0.0187670221558695
1216.3050818131,-0.000861480684723021,0.00180440369962634,-0.000274151798500693,-0.0241675740559004,-1.8298423650544e-05,-0.00156083529799406,-0.000663368417510934,0.0186383022023289
1224.74033807505,-0.000850147061902168,0.00179430457975843,-0.000271121894421235,-0.0239980446694026,-1.80873330165183e-05,-0.0015499146577205,-0.000654331214784058,0.0185104581593263
1233.23409409112,-0.000838956176006898,0.00178422995571268,-0.000268114460438303,-0.0238297419374205,-1.78780945843628e-05,-0.00153907250733363,-0.000645416258155662,0.0183834842007195
1241.78675556577,-0.000827906395385539,0.00177418049575558,-0.00026512967540444,-0.0236626563327849,-1.76707095760343e-05,-0.00152830824628033,-0.000636621916047386,0.0182573745366207
1250.39873101711,-0.000816996102708667,0.00176415684914131,-0.000262167703736601,-0.023496778411892,-1.74651785414e-05,-0.00151762127914569,-0.00062794657811788,0.0181321234132139
1259.07043179635,-0.000806223694960409,0.00175415964645394,-0.000259228695891883,-0.0233320988138876,-1.72615013826536e-05,-0.00150701101560405,-0.000619388654998843,0.0180077251125745
1267.80227210752,-0.00079558758342585,0.00174418949994525,-0.000256312788830946,-0.0231686082598581,-1.70596773780799e-05,-0.00149647687037044,-0.000610946578034055,0.0178841739524878
1276.5946690272,-0.000785086193674795,0.00173424700386851,-0.000253420106469398,-0.0230062975520282,-1.6859705205182e-05,-0.00148601826315242,-0.000602618799021421,0.0177614642862682
1285.44804252445,-0.000774717965541922,0.00172433273480782,-0.0002505507601174,-0.0228451575729653,-1.66615829631856e-05,-0.00147563461860239,-0.000594403789957978,0.0176395905025789
1294.36281548089,-0.000764481353103451,0.00171444725200344,-0.000247704848907735,-0.0226851792847915,-1.64653081949329e-05,-0.00146532536627023,-0.000586300042787809,0.0175185470252508
1303.33941371088,-0.000754374824650484,0.00170459109767275,-0.00024488246021261,-0.0225263537284018,-1.62708779081802e-05,-0.00145508994055646,-0.000578306069152893,0.0173983283131032
1312.37826598188,-0.000744396862659058,0.00169476479732706,-0.000242083670049421,-0.0223686720226891,-1.60782885963128e-05,-0.00144492778066567,-0.000570420400146794,0.0172789288597631
1321.47980403488,-0.000734545963757096,0.00168496886008429,-0.000239308543475742,-0.0222121253637775,-1.588753625849e-05,-0.00143483833056057,-0.000562641586071227,0.0171603431934859
1330.6444626051,-0.000724820638688285,0.00167520377897736,-0.000236557134973757,-0.0220567050242604,-1.56986164192323e-05,-0.00142482103891624,-0.000554968196195406,0.0170425658769759
1339.87267944269,-0.000715219412273059,0.00166547003125851,-0.000233829488824387,-0.0219024023524479,-1.55115241474648e-05,-0.00141487535907496,-0.000547398818518211,0.0169255915072072
1349.16489533366,-0.000705740823366715,0.00165576807869939,-0.000231125639471335,-0.0217492087716189,-1.53262540750271e-05,-0.00140500074900136,-0.000539932059533088,0.0168094147152446
1358.52155412096,-0.000696383424814843,0.00164609836788713,-0.000228445611875268,-0.021597115779282,-1.51428004146649e-05,-0.00139519667123803,-0.000532566543995698,0.0166940301660656
1367.94310272563,-0.000687145783406076,0.00163646133051614,-0.000225789421858381,-0.0214461149464421,-1.49611569775118e-05,-0.00138546259286153,-0.000525300914694252,0.0165794325583814
1377.42999116818,-0.00067802647982236,0.00162685738367601,-0.000223157076439536,-0.0212961979168748,-1.47813171900757e-05,-0.00137579798543881,-0.000518133832222544,0.0164656166244597
1386.98267259009,-0.000669024108586723,0.00161728693013512,-0.000220548574160213,-0.0211473564064068,-1.46032741107398e-05,-0.00136620232498406,-0.000511063974755603,0.0163525771299467
1396.60160327544,-0.000660137278008757,0.00160775035862045,-0.000217963905401467,-0.0209995822022042,-1.44270204457909e-05,-0.00135667509191594,-0.000504090037828002,0.0162403088736898
1406.2872426727,-0.000651364610127784,0.00159824804409311,-0.000215403052692113,-0.0208528671620669,-1.42525485649838e-05,-0.00134721577101524,-0.000497210734114724,0.016128806687561
1416.04005341668,-0.000642704740653903,0.0015887803480201,-0.000212865991008333,-0.0207072032137304,-1.40798505166558e-05,-0.00133782385138295,-0.000490424793214632,0.0160180654362801
1425.86050135065,-0.000634156318906903,0.00157934761864193,-0.000210352688064901,-0.0205625823541739,-1.3908918042399e-05,-0.00132849882639874,-0.000483730961436448,0.0159080800172385
1435.74905554856,-0.000625718007753227,0.00156995019123638,-0.000207863104598247,-0.0204189966489358,-1.37397425913034e-05,-0.00131924019367982,-0.000477128001587281,0.0157988453603238
1445.70618833745,-0.000617388483540972,0.00156058838837832,-0.000205397194641506,-0.0202764382314359,-1.35723153337788e-05,-0.00131004745504023,-0.00047061469276361,0.0156903564277436
1455.73237532004,-0.000609166436033093,0.00155126252019564,-0.000202954905791803,-0.0201348993023037,-1.34066271749682e-05,-0.00130092011645052,-0.000464189830144766,0.0155826082138515
1465.8280953974,-0.000601050568338811,0.00154197288462134,-0.000200536179469891,-0.0199943721287144,-1.32426687677596e-05,-0.00129185768799783,-0.000457852224788821,0.0154755957449715
1475.99383079187,-0.000593039596843379,0.00153271976764174,-0.000198140951172387,-0.0198548490437311,-1.3080430525409e-05,-0.00128285968384638,-0.000451600703430921,0.0153693140792245
1486.23006707006,-0.000585132251136207,0.00152350344354095,-0.000195769150716731,-0.0197163224456536,-1.29199026337814e-05,-0.0012739256221983,-0.000445434108283978,0.015263758306354
1496.53729316606,-0.000577327273937487,0.00151432417514157,-0.000193420702479086,-0.0195787847973741,-1.27610750632214e-05,-0.00126505502525498,-0.000439351296841755,0.0151589235475533
1506.9160014048,-0.000569623421023324,0.0015051822140416,-0.000191095525625315,-0.0194422286257394,-1.26039375800604e-05,-0.00125624741917864,-0.000433351141684263,0.015054804955292
1517.36668752555,-0.000562019461149514,0.0014960778008477,-0.000188793534335231,-0.0193066465209197,-1.24484797577718e-05,-0.00124750233405445,-0.000427432530285498,0.0149513977131441
1527.88985070559,-0.000554514175973964,0.0014870111654048,-0.000186514638020256,-0.0191720311357839,-1.22946909877804e-05,-0.00123881930385289,-0.000421594364823447,0.0148486970356153
1538.4859935841,-0.000547106359977887,0.00147798252702202,-0.000184258741534688,-0.0190383751852814,-1.21425604899369e-05,-0.00123019786639266,-0.000415835561992379,0.0147466981679723
1549.15562228612,-0.00053979482038578,0.00146899209469505,-0.000182025745380686,-0.0189056714458304,-1.19920773226643e-05,-0.00122163756330377,-0.000410155052817363,0.0146453963860708
1559.89924644673,-0.000532578377084299,0.00146004006732491,-0.000179815545907175,-0.0187739127547125,-1.18432303927853e-05,-0.00121313793999121,-0.000404551782471021,0.0145447869961857
1570.71737923542,-0.000525455862540043,0.00145112663393325,-0.000177628035502784,-0.0186430920094739,-1.16960084650386e-05,-0.00120469854559884,-0.000399024710092463,0.0144448653348404
1581.61053738059,-0.000518426121716363,0.00144225197387411,-0.000175463102782994,-0.0185132021673326,-1.15504001712919e-05,-0.00119631893297377,-0.000393572808608407,0.0143456267686374
1592.57924119422,-0.000511488011989186,0.00143341625704225,-0.00017332063277162,-0.0183842362445921,-1.14063940194591e-05,-0.001187998658631,-0.000388195064556436,0.0142470666940892
1603.62401459674,-0.000504640403061989,0.00142461964407805,-0.000171200507076782,-0.0182561873160615,-1.12639784021308e-05,-0.00117973728271852,-0.000382890477910397,0.0141491805374494
1614.74538514202,-0.000497882176879904,0.00141586228656902,-0.0001691026040615,-0.0181290485144812,-1.11231416049226e-05,-0.00117153436898273,-0.000377658061907888,0.014051963754545
1625.94388404263,-0.000491212227543067,0.00140714432724801,-0.00016702679900905,-0.0180028130299556,-1.09838718145517e-05,-0.00116338948473424,-0.000372496842879847,0.0139554118306084
1637.22004619516,-0.00048462946121922,0.00139846590018804,-0.000164972964283206,-0.0178774741093908,-1.08461571266465e-05,-0.00115530220081401,-0.000367405860082174,0.0138595202801105
1648.57441020578,-0.000478132796055653,0.00138982713099397,-0.000162940969483521,-0.0177530250559397,-1.07099855532978e-05,-0.00114727209155984,-0.000362384165529422,0.013764284646594
1660.00751841599,-0.000471721162090499,0.00138122813699079,-0.000160930681595741,-0.0176294592284517,-1.05753450303568e-05,-0.00113929873477327,-0.000357430823830473,0.0136697005025077
1671.51991692849,-0.000465393501163476,0.00137266902740888,-0.00015894196513751,-0.0175067700409293,-1.04422234244882e-05,-0.00113138171168676,-0.000352544912026234,0.0135757634490405
1683.11215563331,-0.000459148766826062,0.00136414990356598,-0.000156974682299466,-0.0173849509619904,-1.03106085399839e-05,-0.00112352060693125,-0.000347725519429286,0.013482469115957
1694.78478823403,-0.000452985924251219,0.00135567085904609,-0.000155028693081854,-0.0172639955143362,-1.01804881253436e-05,-0.00111571500850408,-0.0003429717474655,0.0133898131614326
1706.53837227424,-0.000446903950142646,0.00134723197987534,-0.000153103855426781,-0.0171438972742248,-1.00518498796293e-05,-0.00110796450773722,-0.000338282709517569,0.0132977912718903
1718.37346916419,-0.000440901832643651,0.00133883334469473,-0.000151200025346207,-0.0170246498709514,-9.92468145859874e-06,-0.00110026869926584,-0.000333657530770459,0.0132063991618367
1730.2906442076,-0.000434978571245652,0.00133047502492993,-0.000149317057045811,-0.0169062469863329,-9.79897048062495e-06,-0.00109262718099724,-0.000329095348058743,0.0131156325736999
1742.29046662864,-0.000429133176696371,0.00132215708495807,-0.000147454803044811,-0.0167886823541993,-9.67470453240644e-06,-0.00108503955408011,-0.000324595309715808,0.013025487277667
1754.37350959913,-0.000423364670907741,0.00131387958227164,-0.000145613114291873,-0.0166719497598899,-9.55187117447457e-06,-0.00107750542287407,-0.000320156575424903,0.0129359590715229
1766.54035026596,-0.000417672086863577,0.00130564256763946,-0.000143791840277193,-0.0165560430397556,-9.43045794650333e-06,-0.00107002439491961,-0.000315778316072015,0.0128470437804889
1778.79156977856,-0.000412054468527046,0.00129744608526485,-0.000141990829140862,-0.016440956080666,-9.31045237242727e-06,-0.0010625960809083,-0.000311459713600562,0.0127587372570628
1791.12775331676,-0.00040651087074796,0.00128929017294091,-0.000140209927777614,-0.0163266828195227,-9.19184196537209e-06,-0.00105522009465334,-0.000307199960867852,0.0126710353808584
1803.54949011869,-0.000401040359169951,0.00128117486220309,-0.000138448981938052,-0.0162132172427776,-9.07461423240406e-06,-0.0010478960530604,-0.000302998261503337,0.0125839340584474
1816.05737350894,-0.000395642010137522,0.00127310017847899,-0.000136707836326446,-0.0161005533859562,-8.95875667910244e-06,-0.00104062357609883,-0.000298853829768584,0.0124974292231997
1828.65200092687,-0.000390314910603065,0.00126506614123543,-0.000134986334695206,-0.0159886853331872,-8.84425681396067e-06,-0.00103340228677313,-0.000294765890419005,0.0124115168351262
1841.33397395519,-0.000385058158033805,0.00125707276412292,-0.000133284319936097,-0.0158776072167355,-8.73110215262019e-06,-0.00102623181109471,-0.000290733678567269,0.0123261928807206
1854.10389834867,-0.000379870860318774,0.00124912005511745,-0.000131601634168317,-0.0157673132165427,-8.61928022194259e-06,-0.00101911177805406,-0.000286756439548424,0.0122414533728038
1866.9623840631,-0.000374752135675774,0.00124120801665966,-0.000129938118823489,-0.0156577975597706,-8.50877856392365e-06,-0.00101204181959305,-0.000282833428786676,0.0121572943503666
1879.91004528435,-0.000369701112558429,0.00123333664579156,-0.000128293614727692,-0.0155490545203513,-8.39958473945492e-06,-0.00100502157057772,-0.000278963911663836,0.0120737118784147
1892.94750045783,-0.00036471692956328,0.00122550593429059,-0.000126667962180567,-0.0154410784185411,-8.29168633193593e-06,-0.000998050668771212,-0.000275147163389377,0.0119907020478137
1906.0753723179,-0.000359798735337014,0.00121771586880135,-0.000125061001031624,-0.0153338636204803,-8.18507095074247e-06,-0.000991128754807058,-0.000271382468872138,0.0119082609751351
1919.29428791772,-0.000354945688483806,0.00120996643096471,-0.000123472570753788,-0.0152274045377572,-8.07972623455413e-06,-0.000984255472162759,-0.000267669122593592,0.0118263848025018
1932.60487865912,-0.000350156957472833,0.00120225759754465,-0.000121902510514294,-0.0151216956269777,-7.97563985454596e-06,-0.000977430467133646,-0.000264006428482723,0.0117450696974361
1946.00778032282,-0.000345431720545946,0.00119458934055266,-0.000120350659242988,-0.0150167313893385,-7.87279951744756e-06,-0.000970653388806994,-0.000260393699792439,0.0116643118527064
1959.50363309877,-0.000340769165625571,0.00118696162736981,-0.000118816855698102,-0.0149125063702069,-7.77119296847408e-06,-0.000963923889036467,-0.000256830258977553,0.0115841074861763
1973.09308161673,-0.000336168490222809,0.00117937442086649,-0.000117300938529595,-0.0148090151587029,-7.67080799413209e-06,-0.000957241622416787,-0.000253315437574265,0.0115044528406524
1986.77677497706,-0.0003316289013458,0.00117182767951993,-0.000115802746340112,-0.0147062523872882,-7.57163242490509e-06,-0.000950606246258713,-0.000249848576081173,0.011425344183735
2000.55536678172,-0.000327149615408344,0.00116432135752942,-0.000114322117743625,-0.0146042127313583,-7.47365413782103e-06,-0.000944017420564273,-0.000246429023841764,0.0113467778076671
2014.42951516552,-0.000322729858138813,0.00115685540492937,-0.000112858891421851,-0.01450289090884,-7.37686105890638e-06,-0.000937474808002272,-0.000243056138928387,0.0112687500291863
2028.39988282751,-0.000318368864489357,0.00114942976770017,-0.00011141290617847,-0.0144022816797925,-7.28124116552949e-06,-0.00093097807388405,-0.000239729288027671,0.0111912571893753
2042.46713706267,-0.00031406587854545,0.00114204438787693,-0.000109984000991245,-0.0143023798460141,-7.18678248863685e-06,-0.000924526886139526,-0.000236447846327403,0.0111142956535146
2056.63194979376,-0.00030982015343576,0.00113469920365613,-0.00010857201506207,-0.0142031802506519,-7.09347311488533e-06,-0.00091812091529347,-0.000233211197404809,0.011037861810935
2070.89499760343,-0.000305630951242386,0.00112739414950017,-0.000107176787865045,-0.0141046777778175,-7.00130118867394e-06,-0.000911759834442064,-0.000230018733116259,0.0109619520748711
2085.25696176653,-0.000301497542911457,0.00112012915623986,-0.000105798159192594,-0.0140068673522049,-6.91025491407738e-06,-0.000905443319229677,-0.000226869853488353,0.0108865628823152
2099.71852828265,-0.000297419208164136,0.001112904151175,-0.000104435969199717,-0.013909743938715,-6.82032255668546e-06,-0.000899171047825933,-0.000223763966610391,0.0108116906938723
2114.2803879089,-0.000293395235408009,0.00110571905817286,-0.000103090058446413,-0.0138133025420822,-6.73149244535027e-06,-0.000892942700902986,-0.000220700488528191,0.0107373319936151
2128.94323619287,-0.000289424921648901,0.00109857379776481,-0.000101760267938335,-0.0137175382065064,-6.64375297384477e-06,-0.000886757961613068,-0.000217678843139262,0.0106634832889405
2143.7077735059,-0.000285507572403118,0.00109146828724099,-0.000100446439165719,-0.0136224460152886,-6.55709260243486e-06,-0.000880616515566259,-0.000214698462089297,0.0105901411104258
2158.57470507649,-0.000281642501610139,0.00108440244074312,-9.91484141406681e-05,-0.0135280210904707,-6.47149985936839e-06,-0.000874518050808515,-0.000211758784669983,0.0105173020116863
2173.54474102402,-0.000277829031545748,0.00107737616935545,-9.78660354327927e-05,-0.013434258592479,-6.38696334228288e-06,-0.000868462257799904,-0.000208859257718103,0.0104449625692335
2188.61859639264,-0.000274066492735654,0.00107038938119389,-9.65991462033064e-05,-0.0133411537197724,-6.30347171953542e-06,-0.000862448829393111,-0.000205999335515925,0.0103731193823333
2203.79699118545,-0.000270354223869566,0.00106344198149336,-9.53475902375883e-05,-0.0132487017084933,-6.22101373145633e-06,-0.000856477460812133,-0.000203178479692851,0.0103017690728659
2219.08065039887,-0.00026669157171578,0.00105653387269336,-9.41112119762786e-05,-0.0131568978321236,-6.13957819152993e-06,-0.000850547849631244,-0.000200396159128329,0.0102309082851855
2234.47030405729,-0.000263077891036241,0.00104966495452182,-9.28898565449408e-05,-0.0130657374011436,-6.0591539875038e-06,-0.000844659695754142,-0.000197651849855985,0.0101605336859808
2249.9666872479,-0.000259512544502134,0.00104283512407725,-9.16833697823436e-05,-0.0129752157626951,-5.97973008242988e-06,-0.000838812701393358,-0.000194945034968994,0.010090641964137
2265.57054015586,-0.000255994902609974,0.0010360442759092,-9.04915982673949e-05,-0.012885328300248,-5.90129551563859e-06,-0.000833006571049851,-0.00019227520452665,0.0100212298305971
2281.28260809959,-0.000252524343598239,0.0010292923020971,-8.9314389344782e-05,-0.0127960704332711,-5.82383940364915e-06,-0.00082724101149285,-0.000189641855462129,0.00995229401822493
2297.10364156645,-0.000249100253364518,0.00102257909232743,-8.81515911493446e-05,-0.0127074376169053,-5.74735094101732e-06,-0.000821515731739879,-0.000187044491491436,0.00988383128166858
2313.0343962485,-0.000245722025383221,0.00101590453396938,-8.70030526292341e-05,-0.0126194253416422,-5.67181940112344e-06,-0.000815830443037029,-0.000184482623023512,0.0098158383972243
2329.07563307866,-0.000242389060623814,0.00100926851214886,-8.58686235678835e-05,-0.0125320291330042,-5.59723413690195e-06,-0.000810184858839402,-0.000181955767071499,0.00974831216270111
2345.22811826701,-0.000239100767469631,0.00100267090982104,-8.47481546048391e-05,-0.01244524455123,-5.52358458151527e-06,-0.0008045786947918,-0.000179463447165135,0.0096812493972864
2361.49262333744,-0.00023585656163723,0.00099611160784131,-8.36414972554775e-05,-0.0123590671909619,-5.45086024897291e-06,-0.000799011668709583,-0.000177005193264279,0.00961464694141174
2377.86992516445,-0.000232655866096333,0.000989590485034853,-8.25485039296548e-05,-0.0122734926809379,-5.37905073469876e-06,-0.000793483500559757,-0.000174580541673542,0.00954850165661976
2394.36080601029,-0.000229498110990317,0.000983107418264645,-8.14690279493127e-05,-0.0121885166836862,-5.30814571604723e-06,-0.00078799391244224,-0.00017218903495802,0.00948281042543136
2410.96605356231,-0.000226382733557309,0.00097666228249811,-8.04029235650817e-05,-0.0121041348952234,-5.238134952771e-06,-0.000782542628571349,-0.000169830221860107,0.00941757015121393
2427.6864609706,-0.000223309178051837,0.00097025495087232,-7.93500459719112e-05,-0.0120203430447563,-5.16900828744132e-06,-0.000777129375257449,-0.00016750365721738,0.00935277775804991
2444.52282688584,-0.000220276895667093,0.00096388529475783,-7.83102513237586e-05,-0.0119371368943858,-5.1007556458231e-06,-0.000771753880888833,-0.000165208901881543,0.00928843019060631
2461.4759554975,-0.000217285344457765,0.000957553183821142,-7.72833967473679e-05,-0.0118545122388159,-5.0333670372058e-06,-0.000766415875913758,-0.000162945522638415,0.00922452441400464
2478.54665657221,-0.000214333989263477,0.000951258486085837,-7.62693403551686e-05,-0.0117724649050637,-4.96683255469222e-06,-0.000761115092822686,-0.00016071309212895,0.00916105741369168
2495.73574549243,-0.00021142230163283,0.000945001067992408,-7.52679412573253e-05,-0.0116909907521744,-4.90114237544652e-06,-0.000755851266130717,-0.000158511188771283,0.00909802619531095
2513.04404329547,-0.000208549759748025,0.000938780794456775,-7.42790595729607e-05,-0.0116100856709381,-4.83628676090263e-06,-0.000750624132360181,-0.000156339396683771,0.00903542778457461
2530.47237671259,-0.000205715848350117,0.000932597528927571,-7.33025564405896e-05,-0.0115297455836104,-4.77225605693514e-06,-0.000745433430023443,-0.000154197305609045,0.00897325922713636
2548.02157820863,-0.00020292005866485,0.000926451133442146,-7.23382940277793e-05,-0.0114499664436355,-4.70904069399334e-06,-0.000740278899605851,-0.00015208451083903,0.00891151758846462
2565.69248602162,-0.000200161888329119,0.00092034146868139,-7.1386135540073e-05,-0.0113707442353728,-4.64663118720038e-06,-0.000735160283548899,-0.00015000061314095,0.00885019995371685
2583.48594420295,-0.000197440841318028,0.000914268394023322,-7.04459452291916e-05,-0.0112920749738259,-4.58501813641834e-06,-0.000730077326233527,-0.000147945218684279,0.00878930342761399
2601.4028026576,-0.000194756427872576,0.000908231767595532,-6.95175884005505e-05,-0.0112139547043749,-4.52419222628106e-06,-0.00072502977396363,-0.000145917938968658,0.00872882513431608
2619.4439171848,-0.000192108164427937,0.000902231446326439,-6.8600931420101e-05,-0.0111363795025112,-4.46414422619528e-06,-0.0007200173749497,-0.000143918390752721,0.00866876221729815
2637.61014951883,-0.000189495573542376,0.000896267285995449,-6.76958417205333e-05,-0.0110593454735756,-4.40486499031195e-06,-0.000715039879292672,-0.000141946195983875,0.00860911183922704
2655.90236737027,-0.000186918183826759,0.000890339141281959,-6.68021878068547e-05,-0.0109828487524989,-4.34634545746844e-06,-0.000710097038967907,-0.000140000981728973,0.00854987118183866
2674.32144446737,-0.000184375529874696,0.000884446865813309,-6.59198392613688e-05,-0.010906885503545,-4.288576651103e-06,-0.00070518860780936,-0.000138082380105896,0.00849103744581614
2692.86826059784,-0.000181867152193289,0.000878590312211624,-6.50486667480755e-05,-0.0108314519200573,-4.23154967914245e-06,-0.000700314341493894,-0.000136190028216023,0.00843260785066839
2711.54370165082,-0.000179392597134505,0.00087276933213964,-6.41885420165156e-05,-0.0107565442242074,-4.17525573386432e-06,-0.000695473997525771,-0.000134323568077589,0.00837457963460959
2730.34865965925,-0.000176951416827157,0.000866983776345458,-6.3339337905074e-05,-0.0106821586667464,-4.11968609173423e-06,-0.000690667335221283,-0.000132482646559898,0.00831695005443905
2749.28403284242,-0.000174543169109511,0.000861233494706317,-6.25009283437706e-05,-0.0106082915267594,-4.0648321132199e-06,-0.000685894115693556,-0.000130666915318409,0.008259716385422
2768.35072564895,-0.000172167417462498,0.000855518336271351,-6.1673188356546e-05,-0.0105349391114216,-4.0106852425822e-06,-0.000681154101837494,-0.000128876030730659,0.00820287592117078
2787.54964879989,-0.000169823730943553,0.000849838149303381,-6.0855994063073e-05,-0.0104620977557578,-3.95723700764493e-06,-0.000676447058314892,-0.000127109653833025,0.00814642597352692
2806.88171933232,-0.000167511684121055,0.000844192781319737,-6.00492226801008e-05,-0.0103897638224042,-3.90447901954347e-06,-0.000671772751539674,-0.000125367450258318,0.00809036387244365
2826.34786064308,-0.000165230857009394,0.00083858207913216,-5.92527525223585e-05,-0.0103179337013725,-3.85240297245384e-06,-0.000667130949663318,-0.000123649090174187,0.00803468696586925
2845.94900253294,-0.000162980835004639,0.000833005888885752,-5.84664630030263e-05,-0.0102466038098165,-3.80100064330254e-06,-0.000662521422560382,-0.000121954248222332,0.0079793926196309
2865.68608125093,-0.000160761208820827,0.000827464056097055,-5.76902346338003e-05,-0.0101757705918016,-3.75026389145847e-06,-0.000657943941814222,-0.000120282603458514,0.00792447821731929
2885.56003953913,-0.000158571574426852,0.000821956425691213,-5.69239490245554e-05,-0.0101054305180757,-3.70018465840717e-06,-0.00065339828070281,-0.000118633839293348,0.00786994116017379
2905.57182667768,-0.000156411532983971,0.000816482842038283,-5.61674888826353e-05,-0.0100355800858437,-3.65075496740891e-06,-0.00064888421418473,-0.000117007643433876,0.00781577886696832
2925.72239853012,-0.000154280690783903,0.00081104314898868,-5.54207380117703e-05,-0.00996621581854335,-3.60196692314054e-06,-0.00064440151888529,-0.000115403707825903,0.0077619887738978
2946.01271758903,-0.000152178659187555,0.000805637189907795,-5.46835813106509e-05,-0.00989733426562384,-3.55381271132269e-06,-0.000639949973082783,-0.000113821728597093,0.00770856833446537
2966.44375302203,-0.000150105054564319,0.000800264807709779,-5.39559047711593e-05,-0.0098289320023267,-3.50628459833225e-06,-0.000635529356694881,-0.000112261406000811,0.00765551501937002
2987.01648071805,-0.000148059498232004,0.000794925844890536,-5.32375954762837e-05,-0.00976100562946884,-3.45937493080157e-06,-0.00063113945126517,-0.000110722444360705,0.00760282631639515
3007.73188333398,-0.000146041616397331,0.000789620143559909,-5.25285415977183e-05,-0.00969355177322779,-3.41307613520432e-06,-0.000626780039949803,-0.000109204552016011,0.00755049973029746
3028.59095034155,-0.000144051040097056,0.000784347545473112,-5.18286323931706e-05,-0.00962656708492923,-3.36738071742935e-06,-0.000622450907504309,-0.000107707441267587,0.00749853278269675
3049.59467807464,-0.000142087405139659,0.000779107892061378,-5.11377582033821e-05,-0.00956004824083662,-3.32228126234258e-06,-0.000618151840270505,-0.000106230828324648,0.00744692301196612
3070.74406977686,-0.000140150352047639,0.000773901024461888,-5.04558104488795e-05,-0.00949399194194303,-3.27777043333808e-06,-0.000613882626163563,-0.00010477443325221,0.007395667973123
3092.04013564946,-0.000138239526000396,0.000768726783546947,-4.97826816264632e-05,-0.00942839491376498,-3.23384097187831e-06,-0.000609643054659177,-0.000103337979919221,0.0073447652377206
3113.48389289956,-0.000136354576777687,0.000763585009952464,-4.91182653054504e-05,-0.00936325390613858,-3.19048569702487e-06,-0.000605432916780882,-0.000101921195947382,0.00729421239374021
3135.07636578881,-0.000134495158703677,0.00075847554410571,-4.84624561236767e-05,-0.0092985656930174,-3.14769750495945e-06,-0.000601252005087473,-0.000100523812660638,0.00724400704548389
3156.8185856822,-0.000132660930591562,0.000753398226252409,-4.78151497832749e-05,-0.00923432707227277,-3.10546936849629e-06,-0.00059710011366057,-9.91455650353361e-05,0.00719414681346802
3178.71159109747,-0.000130851555688767,0.000748352896483136,-4.7176243046233e-05,-0.00917053486549572,-3.06379433658608e-06,-0.000592977038092279,-9.77861916510459e-05,0.00714462933431722
3200.75642775457,-0.000129066701622721,0.000743339394759073,-4.65456337297502e-05,-0.00910718591780124,-3.02266553381228e-06,-0.000588882575472996,-9.64454346420269e-05,0.00709545226065916
3222.9541486257,-0.000127306040347197,0.000738357560937093,-4.59232207013919e-05,-0.00904427709763418,-2.98207615987984e-06,-0.00058481652437931,-9.51230396493362e-05,0.00704661326101967
3245.30581398558,-0.000125569248089225,0.000733407234794239,-4.53089038740608e-05,-0.0089818052965774,-2.94201948909734e-06,-0.000580778684862037,-9.38187557735744e-05,0.00699811001971882
3267.81249146208,-0.000123856005296556,0.000728488256051552,-4.47025842007868e-05,-0.00891976742916155,-2.90248886985248e-06,-0.000576768858434359,-9.25323355282505e-05,0.00694994023676725
3290.47525608724,-0.000122165996585701,0.000723600464397313,-4.4104163669351e-05,-0.00885816043267702,-2.86347772408181e-06,-0.000572786848060088,-9.12635347937709e-05,0.00690210162776342
3313.29519034861,-0.000120498910690512,0.000718743699509668,-4.35135452967451e-05,-0.00879698126698744,-2.82497954673471e-06,-0.000568832458142024,-9.00121127720313e-05,0.00685459192379121
3336.27338424092,-0.000118854440411321,0.000713917801078688,-4.29306331234813e-05,-0.00873622691434538,-2.78698790523245e-06,-0.00056490549451045,-8.87778319416173e-05,0.00680740887131836
3359.41093531822,-0.000117232282564633,0.000709122608827833,-4.23553322077559e-05,-0.00867589437920948,-2.7494964389223e-06,-0.000561005764411712,-8.7560458013592e-05,0.0067605502320953
3382.70894874623,-0.000115632137933352,0.000704357962534876,-4.17875486194775e-05,-0.00861598068806382,-2.71249885852741e-06,-0.000557133076496925,-8.63597598878764e-05,0.00671401378305474
3406.16853735517,-0.000114053711217562,0.000699623702052259,-4.12271894341644e-05,-0.00855648288923861,-2.67598894559264e-06,-0.000553287240810774,-8.51755096102032e-05,0.00666779731621172
3429.7908216929,-0.000112496710985833,0.000694919667326925,-4.06741627267217e-05,-0.00849739805273305,-2.63996055192681e-06,-0.000549468068780436,-8.40074823296473e-05,0.00662189863856442
3453.57693007845,-0.000110960849627072,0.000690245698419605,-4.01283775651022e-05,-0.00843872327003956,-2.60440759904154e-06,-0.000545675373204587,-8.28554562567153e-05,0.00657631557199538
3477.5279986559,-0.000109445843302894,0.000685601635523603,-3.95897440038595e-05,-0.00838045565396998,-2.56932407758721e-06,-0.00054190896824253,-8.17192126219958e-05,0.00653104595317344
3501.64517144866,-0.000107951411900529,0.000680987318983073,-3.90581730776001e-05,-0.00832259233848347,-2.5347040467863e-06,-0.000538168669403417,-8.05985356353587e-05,0.00648608763345628
3525.92960041413,-0.000106477278986242,0.000676402589310779,-3.85335767943393e-05,-0.00826513047851573,-2.50054163386426e-06,-0.000534454293535572,-7.94932124456945e-05,0.00644143847879337
3550.38244549867,-0.000105023171759281,0.000671847287205406,-3.80158681287685e-05,-0.00820806724981044,-2.46683103347849e-06,-0.000530765658815922,-7.84030331011939e-05,0.00639709636962976
3575.00487469309,-0.000103588821006328,0.000667321253568355,-3.75049610154391e-05,-0.00815139984875173,-2.43356650714538e-06,-0.000527102584739508,-7.73277905101507e-05,0.00635305920081021
3599.79806408833,-0.000102173961056472,0.000662824329520105,-3.70007703418697e-05,-0.00809512549219879,-2.4007423826661e-06,-0.00052346489210912,-7.62672804022924e-05,0.0063093248814841
3624.76319793175,-0.000100778329736677,0.000658356356416095,-3.65032119415794e-05,-0.00803924141732162,-2.36835305355089e-06,-0.000519852403025005,-7.52213012906203e-05,0.00626589133501073
3649.9014686836,-9.94016683277675e-05,0.000653917175862176,-3.60122025870578e-05,-0.00798374488143877,-2.33639297844263e-06,-0.000516264940874684,-7.41896544337639e-05,0.00622275649886539
3675.21407707406,-9.80437215208924e-05,0.000649506629729612,-3.55276599826693e-05,-0.00792863316185622,-2.30485668053954e-06,-0.000512702330322856,-7.3172143798831e-05,0.0061799183245458
3700.7022321605,-9.67042373745028e-05,0.000645124560169667,-3.50495027575053e-05,-0.0078739035557082,-2.27373874701745e-06,-0.000509164397301405,-7.21685760247598e-05,0.0061373747774793
3726.36715138533,-9.53829672718058e-05,0.000640770809627754,-3.45776504581809e-05,-0.00781955337979914,-2.24303382845178e-06,-0.000505650968999482,-7.11787603861537e-05,0.00609512383693042
3752.21006063407,-9.40796658787132e-05,0.000636445220857196,-3.41120235415877e-05,-0.00776557997044748,-2.21273663823954e-06,-0.000502161873853701,-7.02025087576048e-05,0.00605316349590928
3778.23219429398,-9.27940911022656e-05,0.000632147636932563,-3.36525433676019e-05,-0.00771198068333063,-2.1828419520214e-06,-0.000498696941538399,-6.92396355784882e-05,0.0060114917610802
3804.43479531291,-9.15260040495407e-05,0.000627877901262636,-3.31991321917551e-05,-0.00765875289333168,-2.15334460710424e-06,-0.000495256002956011,-6.82899578182315e-05,0.00597010665267121
3830.81911525882,-9.02751689870293e-05,0.000623635857602965,-3.27517131578703e-05,-0.00760589399438732,-2.12423950188418e-06,-0.00049183889022751,-6.7353294942044e-05,0.00592900620438388
3857.3864143794,-8.90413533004862e-05,0.000619421350068075,-3.23102102906698e-05,-0.00755340139933739,-2.09552159527039e-06,-0.000488445436682951,-6.64294688771085e-05,0.00588818846330383
3884.13796166242,-8.78243274552419e-05,0.000615234223143275,-3.18745484883533e-05,-0.00750127253977563,-2.06718590610984e-06,-0.000485075476852092,-6.55183039792203e-05,0.00584765148981171
3911.07503489621,-8.66238649569806e-05,0.000611074321696137,-3.14446535151573e-05,-0.00744950486590208,-2.03922751261312e-06,-0.000481728846455102,-6.46196269998776e-05,0.00580739335749483
3938.19892073078,-8.54397423129696e-05,0.000606941490987591,-3.10204519938925e-05,-0.00739809584637655,-2.01164155178154e-06,-0.00047840538239335,-6.37332670538071e-05,0.0057674121530592
3965.51091473924,-8.42717389937482e-05,0.000602835576682705,-3.06018713984685e-05,-0.0073470429681738,-1.98442321883567e-06,-0.000475104922740289,-6.28590555869293e-05,0.00572770597624226
3993.0123214797,-8.31196373952588e-05,0.000598756424861094,-3.01888400464029e-05,-0.0072963437364397,-1.95756776664533e-06,-0.000471827306732401,-6.19968263447483e-05,0.00568827293972602
4020.70445455755,-8.198322280143e-05,0.000594703882027035,-2.97812870913252e-05,-0.00724599567434908,-1.93107050516153e-06,-0.000468572374760249,-6.1146415341169e-05,0.00564911116905087
4048.58863668828,-8.08622833471929e-05,0.000590677795119226,-2.93791425154716e-05,-0.00719599632296457,-1.90492680084996e-06,-0.000465339968359581,-6.03076608277284e-05,0.00561021880252976
4076.66619976054,-7.97566099819407e-05,0.000586678011520249,-2.89823371221792e-05,-0.007146343241097,-1.87913207612674e-06,-0.000462129930202542,-5.94804032632427e-05,0.00557159399116313
4104.93848489989,-7.86659964334156e-05,0.000582704379065712,-2.85908025283779e-05,-0.00709703400516688,-1.85368180879607e-06,-0.000458942104088941,-5.86644852838586e-05,0.00553323489855412
4133.40684253274,-7.75902391720277e-05,0.000578756746053102,-2.82044711570871e-05,-0.00704806620906736,-1.82857153149024e-06,-0.00045577633493761,-5.78597516735087e-05,0.00549513970082456
4162.07263245095,-7.6529137375595e-05,0.000574834961250319,-2.78232762299156e-05,-0.00699943746402818,-1.80379683111187e-06,-0.000452632468777831,-5.70660493347605e-05,0.00545730658653126
4190.93722387671,-7.5482492894507e-05,0.000570938873903953,-2.74471517595711e-05,-0.00695114539848116,-1.77935334827874e-06,-0.000449510352740848,-5.62832272600602e-05,0.00541973375658303
4220.00199552799,-7.44501102173001e-05,0.000567068333747238,-2.70760325423776e-05,-0.00690318765792661,-1.75523677677102e-06,-0.000446409835051442,-5.55111365033587e-05,0.005382419424158
4249.26833568435,-7.34317964366497e-05,0.000563223191007771,-2.67098541508079e-05,-0.00685556190480125,-1.73144286298127e-06,-0.000443330765019596,-5.47496301521218e-05,0.00534536181462172
4278.73764225332,-7.24273612157659e-05,0.000559403296414925,-2.63485529260281e-05,-0.00680826581834707,-1.70796740536711e-06,-0.000440272993032212,-5.39985632997141e-05,0.0053085591654455
4308.41132283705,-7.14366167551967e-05,0.000555608501207019,-2.59920659704611e-05,-0.00676129709448158,-1.68480625390682e-06,-0.000437236370544927,-5.32577930181563e-05,0.0052720097261255
4338.2907947997,-7.04593777600278e-05,0.000551838657138219,-2.56403311403672e-05,-0.00671465344566903,-1.6619553095577e-06,-0.000434220750073975,-5.25271783312451e-05,0.00523571175810213
4368.37748533501,-6.94954614074818e-05,0.000548093616485195,-2.52932870384469e-05,-0.00666833260079303,-1.63941052371765e-06,-0.000431225985188141,-5.18065801880393e-05,0.00519966353468016
4398.67283153455,-6.85446873149049e-05,0.000544373232053516,-2.49508730064647e-05,-0.00662233230503003,-1.61716789768962e-06,-0.000428251930500766,-5.10958614366975e-05,0.00516386334094914
4429.17828045629,-6.76068775081468e-05,0.00054067735718382,-2.46130291178995e-05,-0.00657665031972424,-1.59522348214935e-06,-0.000425298441661842,-5.0394886798672e-05,0.00512830947370448
4459.89528919383,-6.6681856390319e-05,0.000537005845757735,-2.42796961706184e-05,-0.00653128442226334,-1.57357337661623e-06,-0.000422365375350156,-4.97035228432461e-05,0.00509300024136891
4490.82532494586,-6.5769450710938e-05,0.000533358552203578,-2.39508156795809e-05,-0.00648623240595564,-1.55221372892759e-06,-0.00041945258926552,-4.90216379624181e-05,0.00505793396391453
4521.96986508636,-6.48694895354404e-05,0.00052973533150182,-2.362632986957e-05,-0.006441492079908,-1.53114073471609e-06,-0.000416559942121051,-4.83491023461193e-05,0.00502310897278528
4553.33039723509,-6.3981804215074e-05,0.00052613603919034,-2.33061816679564e-05,-0.00639706126890512,-1.51035063689078e-06,-0.00041368729363553,-4.76857879577694e-05,0.00498852361082
4584.90841932869,-6.31062283571534e-05,0.000522560531369452,-2.29903146974926e-05,-0.00635293781328969,-1.48983972512142e-06,-0.000410834504525823,-4.70315685101584e-05,0.00495417623217584
4616.7054396922,-6.22425977956839e-05,0.000519008664706736,-2.26786732691422e-05,-0.00630911956884371,-1.46960433532639e-06,-0.000408001436499366,-4.63863194416553e-05,0.0049200652022523
4648.72297711114,-6.13907505623422e-05,0.000515480296441646,-2.2371202374943e-05,-0.0062656044066708,-1.44964084916413e-06,-0.000405187952246714,-4.5749917892736e-05,0.00488618889761564
4680.96256090399,-6.05505268578174e-05,0.000511975284389936,-2.2067847680907e-05,-0.00622239021307962,-1.42994569352816e-06,-0.000402393915434156,-4.51222426828294e-05,0.00485254570592389
4713.42573099534,-5.97217690235017e-05,0.00050849348694787,-2.17685555199563e-05,-0.00617947488946817,-1.41051534004578e-06,-0.000399619190696392,-4.45031742874729e-05,0.00481913402585217
4746.11403798933,-5.89043215135337e-05,0.000505034763096259,-2.14732728848987e-05,-0.00613685635220932,-1.3913463045804e-06,-0.000396863643629273,-4.38925948157796e-05,0.00478595226701871
4779.02904324382,-5.80980308671835e-05,0.000501598972404297,-2.11819474214412e-05,-0.00609453253253705,-1.37243514673755e-06,-0.000394127140782598,-4.32903879882057e-05,0.00475299884991113
4812.17231894485,-5.73027456815834e-05,0.000498185975033224,-2.08945274212451e-05,-0.00605250137643402,-1.35377846937474e-06,-0.000391409549652982,-4.26964391146215e-05,0.00472027220581334
4845.54544818188,-5.6518316584793e-05,0.000494795631739798,-2.06109618150209e-05,-0.00601076084451978,-1.33537291811497e-06,-0.000388710738676772,-4.21106350726748e-05,0.00468777077673281
4879.1500250233,-5.57445962092013e-05,0.000491427803879609,-2.03312001656668e-05,-0.00596930891194019,-1.31721518086409e-06,-0.000386030577223033,-4.15328642864493e-05,0.00465549301532841
4912.98765459257,-5.49814391652592e-05,0.000488082353410211,-2.00551926614486e-05,-0.00592814356825774,-1.29930198733201e-06,-0.000383368935586592,-4.09630167054101e-05,0.00462343738483861
4947.05995314498,-5.42287020155371e-05,0.000484759142894088,-1.97828901092246e-05,-0.0058872628173427,-1.28163010855766e-06,-0.00038072568498113,-4.04009837836324e-05,0.00459160235901018
4981.36854814472,-5.34862432491087e-05,0.000481458035501468,-1.95142439277137e-05,-0.00584666467726542,-1.26419635643797e-06,-0.000378100697532346,-3.98466584593131e-05,0.00455998642202745
5015.91507834275,-5.27539232562527e-05,0.000478178895012964,-1.92492061408097e-05,-0.00580634718018929,-1.2469975832605e-06,-0.000375493846271171,-3.92999351345567e-05,0.00452858806844179
5050.70119385496,-5.20316043034726e-05,0.000474921585822076,-1.89877293709408e-05,-0.00576630837226491,-1.23003068124025e-06,-0.000372905005127038,-3.87607096554368e-05,0.00449740580310182
5085.72855624109,-5.13191505088271e-05,0.000471685972937525,-1.8729766832475e-05,-0.00572654631352491,-1.2132925820601e-06,-0.00037033404892121,-3.82288792923248e-05,0.00446643814108384
5120.998838584,-5.06164278175731e-05,0.000468471921985462,-1.84752723251735e-05,-0.00568705907777985,-1.19678025641542e-06,-0.000367780853360168,-3.77043427204869e-05,0.00443568360762291
5156.51372556965,-4.99233039781107e-05,0.000465279299211508,-1.82242002276903e-05,-0.00564784475251485,-1.18049071356241e-06,-0.000365245295029042,-3.7187000000941e-05,0.00440514073804416
5192.27491356752,-4.9239648518235e-05,0.000462107971482675,-1.7976505491121e-05,-0.00560890143878732,-1.16442100087051e-06,-0.000362727251385112,-3.66767525615749e-05,0.00437480807769477
5228.28411071172,-4.85653327216824e-05,0.000458957806289137,-1.77321436325988e-05,-0.00557022725112524,-1.14856820337871e-06,-0.000360226600751348,-3.61735031785176e-05,0.0043446841818762
5264.54303698245,-4.79002296049772e-05,0.00045582867174588,-1.74910707289397e-05,-0.00553182031742666,-1.13292944335583e-06,-0.000357743222310014,-3.56771559577653e-05,0.00431476761577701
5301.0534242883,-4.72442138945661e-05,0.000452720436594207,-1.72532434103371e-05,-0.00549367877885973,-1.11750187986469e-06,-0.000355276996096321,-3.51876163170531e-05,0.00428505695440597
5337.81701654885,-4.65971620042458e-05,0.000449632970203129,-1.70186188541056e-05,-0.00545580078976382,-1.10228270833033e-06,-0.000352827802992131,-3.47047909679749e-05,0.00425555078252577
5374.83556977805,-4.59589520128725e-05,0.000446566142570626,-1.67871547784744e-05,-0.0054181845175513,-1.08726916011215e-06,-0.000350395524719712,-3.42285878983431e-05,0.00422624769458698
5412.11085216805,-4.53294636423575e-05,0.000443519824324791,-1.65588094364314e-05,-0.00538082814261024,-1.07245850207994e-06,-0.000347980043835554,-3.3758916354789e-05,0.00419714629466262
5449.64464417369,-4.47085782359382e-05,0.000440493886724851,-1.63335416096168e-05,-0.00534372985820788,-1.05784803619395e-06,-0.000345581243724215,-3.32956868255969e-05,0.00416824519638302
5487.43873859751,-4.40961787367289e-05,0.000437488201662082,-1.61113106022685e-05,-0.00530688787039496,-1.0434350990889e-06,-0.000343199008592245,-3.2838811023773e-05,0.00413954302287116
5525.49494067543,-4.34921496665404e-05,0.000434502641660602,-1.58920762352163e-05,-0.00527030039791076,-1.02921706166183e-06,-0.000340833223462131,-3.23882018703416e-05,0.00411103840667843
5563.81506816292,-4.28963771049735e-05,0.00043153707987807,-1.56757988399294e-05,-0.00523396567208905,-1.01519132866405e-06,-0.000338483774166317,-3.19437734778693e-05,0.00408272998972083
5602.40095142188,-4.23087486687745e-05,0.000428591390106256,-1.54624392526125e-05,-0.00519788193676466,-1.00135533829681e-06,-0.00033615054734125,-3.15054411342106e-05,0.0040546164232155
5641.254433508,-4.17291534914581e-05,0.000425665446771538,-1.52519588083556e-05,-0.00516204744818106,-9.87706561811122e-07,-0.000333833430421493,-3.10731212864767e-05,0.00402669636761781
5680.37737025889,-4.11574822031874e-05,0.000422759124935268,-1.50443193353328e-05,-0.00512646047489842,-9.74242503111282e-07,-0.000331532311633873,-3.06467315252182e-05,0.0039989684925587
5719.77163038263,-4.05936269109135e-05,0.000419872300294065,-1.48394831490542e-05,-0.0050911192977027,-9.60960698362418e-07,-0.000329247079991683,-3.02261905688253e-05,0.00397143147678258
5759.43909554709,-4.00374811787672e-05,0.000417004849179993,-1.46374130466677e-05,-0.00505602220951528,-9.47858715601862e-07,-0.000326977625288929,-2.98114182481375e-05,0.0039440840080855
5799.38166046975,-3.94889400087044e-05,0.000414156648560662,-1.44380723013141e-05,-0.00502116751530348,-9.34934154354428e-07,-0.000324723838094622,-2.94023354912634e-05,0.00391692478325386
5839.60123300829,-3.89478998213966e-05,0.000411327576039226,-1.42414246565313e-05,-0.0049865535319917,-9.22184645251509e-07,-0.000322485609747117,-2.89988643086054e-05,0.00388995250800338
5880.09973425162,-3.84142584373703e-05,0.000408517509854304,-1.40474343207125e-05,-0.00495217858837342,-9.09607849654067e-07,-0.000320262832348498,-2.86009277780888e-05,0.00386316589691863
5920.87909861173,-3.78879150583853e-05,0.000405726328879804,-1.38560659616136e-05,-0.00491804102502377,-8.97201459279392e-07,-0.000318055398759008,-2.82084500305896e-05,0.00383656367339277
5961.94127391598,-3.73687702490555e-05,0.000402953912624675,-1.36672847009133e-05,-0.00488413919421297,-8.84963195831731e-07,-0.000315863202591524,-2.78213562355627e-05,0.00381014456956791
6003.28822150028,-3.68567259187036e-05,0.000400200141232567,-1.34810561088244e-05,-0.0048504714598203,-8.72890810636657e-07,-0.000313686138206072,-2.74395725868618e-05,0.00378390732627561
6044.92191630263,-3.63516853034526e-05,0.000397464895481423,-1.32973461987554e-05,-0.00481703619724899,-8.60982084279258e-07,-0.000311524100704391,-2.70630262887553e-05,0.00375785069297804
6086.84434695757,-3.58535529485454e-05,0.000394748056782981,-1.31161214220247e-05,-0.00478383179334154,-8.49234826246053e-07,-0.00030937698592454,-2.66916455421295e-05,0.00373197342770925
6129.05751589107,-3.53622346908949e-05,0.000392049507182217,-1.29373486626246e-05,-0.00475085664629602,-8.37646874570665e-07,-0.000307244690435544,-2.63253595308807e-05,0.00370627429701708
6171.56343941625,-3.4877637641858e-05,0.000389369129356702,-1.27609952320368e-05,-0.00471810916558275,-8.26216095483198e-07,-0.000305127111532083,-2.59640984084912e-05,0.00368075207590529
6214.36414782964,-3.43996701702341e-05,0.000386706806615898,-1.25870288640987e-05,-0.00468558777186192,-8.14940383063334e-07,-0.000303024147229233,-2.56077932847885e-05,0.00365540554777612
6257.46168550822,-3.39282418854814e-05,0.000384062422900373,-1.241541770992e-05,-0.00465329089690164,-8.03817658897072e-07,-0.000300935696257227,-2.52563762128832e-05,0.00363023350437326
6300.85811100697,-3.34632636211532e-05,0.000381435862780968,-1.22461303328501e-05,-0.0046212169834969,-7.92845871737176e-07,-0.000298861658056286,-2.49097801762866e-05,0.00360523474572513
6344.55549715731,-3.30046474185469e-05,0.000378827011457881,-1.20791357034957e-05,-0.0045893644853889,-7.82022997167193e-07,-0.000296801932771462,-2.45679390762001e-05,0.0035804080800886
6388.55593116599,-3.25523065105665e-05,0.000376235754759699,-1.19144031947886e-05,-0.00455773186718529,-7.71347037269153e-07,-0.000294756421247546,-2.42307877189811e-05,0.00355575232389308
6432.86151471492,-3.21061553057939e-05,0.000373661979142364,-1.17519025771028e-05,-0.00452631760428087,-7.60816020294782e-07,-0.000292725025023997,-2.38982618037759e-05,0.00353126630168487
6477.47436406142,-3.1666109372768e-05,0.000371105571688084,-1.15916040134225e-05,-0.00449512018277902,-7.5042800034037e-07,-0.000290707646329928,-2.35702979103233e-05,0.00350694884607209
6522.39661013943,-3.12320854244673e-05,0.000368566420104179,-1.14334780545586e-05,-0.00446413809941369,-7.40181057025092e-07,-0.000288704188079111,-2.32468334869226e-05,0.00348279879766973
6567.63039866118,-3.0804001302996e-05,0.00036604441272188,-1.12774956344145e-05,-0.00443336986147211,-7.3007329517292e-07,-0.000286714553865046,-2.29278068385656e-05,0.00345881500504526
6613.17789021977,-3.03817759644677e-05,0.000363539438495066,-1.11236280653018e-05,-0.00440281398671796,-7.20102844497981e-07,-0.000284738647956041,-2.26131571152304e-05,0.00343499632466448
6659.0412603923,-2.99653294640885e-05,0.000361051386998957,-1.09718470333038e-05,-0.00437246900331536,-7.10267859293423e-07,-0.000282776375290358,-2.2302824300334e-05,0.00341134162083784
6705.22269984387,-2.9554582941432e-05,0.000358580148428744,-1.08221245936878e-05,-0.00434233344975324,-7.00566518123689e-07,-0.000280827641471374,-2.19967491993419e-05,0.00338784976566694
6751.7244144321,-2.91494586059098e-05,0.000356125613598181,-1.06744331663665e-05,-0.00431240587477049,-6.90997023520258e-07,-0.000278892352762794,-2.16948734285334e-05,0.00336451963899163
6798.54862531261,-2.87498797224288e-05,0.000353687673938123,-1.05287455314057e-05,-0.00428268483728161,-6.81557601680727e-07,-0.000276970416083893,-2.13971394039188e-05,0.00334135012833722
6845.69756904508,-2.83557705972377e-05,0.000351266221495018,-1.0385034824582e-05,-0.00425316890630292,-6.72246502171306e-07,-0.0002750617390048,-2.11034903303084e-05,0.00331834012886217
6893.17349769999,-2.79670565639593e-05,0.000348861148929356,-1.02432745329855e-05,-0.0042238566608795,-6.63061997632647e-07,-0.000273166229741819,-2.08138701905296e-05,0.00329548854330619
6940.97867896634,-2.75836639698035e-05,0.000346472349514071,-1.01034384906718e-05,-0.0041947466900125,-6.54002383488968e-07,-0.000271283797152779,-2.05282237347909e-05,0.00327279428193846
6989.11539625983,-2.72055201619637e-05,0.000344099717132907,-9.96550087435964e-06,-0.00416583759258719,-6.4506597766051e-07,-0.00026941435073243,-2.02464964701914e-05,0.00325025626250649
7037.58594883204,-2.68325534741889e-05,0.000341743146278733,-9.82943619917524e-06,-0.0041371279773015,-6.36251120279208e-07,-0.000267557800607867,-1.99686346503717e-05,0.00322787341018503
7086.39265188015,-2.64646932135341e-05,0.000339402532051831,-9.69521931444358e-06,-0.00410861646259511,-6.27556173407663e-07,-0.000265714057533991,-1.96945852653075e-05,0.00320564465752557
7135.53783665763,-2.61018696472837e-05,0.000337077770158132,-9.5628253995248e-06,-0.00408030167657912,-6.1897952076126e-07,-0.000263883032889009,-1.94242960312405e-05,0.00318356894440598
7185.02385058548,-2.57440139900467e-05,0.000334768756907428,-9.43222995969702e-06,-0.00405218225696632,-6.10519567433535e-07,-0.000262064638669962,-1.9157715380748e-05,0.00316164521798063
7234.85305736446,-2.53910583910217e-05,0.000332475389211541,-9.30340882208376e-06,-0.00402425685100186,-6.02174739624647e-07,-0.000260258787488293,-1.88947924529465e-05,0.00313987243263074
7285.02783708791,-2.50429359214297e-05,0.000330197564582457,-9.17633813162715e-06,-0.00399652411539462,-5.93943484373028e-07,-0.000258465392565446,-1.86354770838296e-05,0.00311824954991517
7335.55058635552,-2.46995805621118e-05,0.000327935181130428,-9.05099434710509e-06,-0.00396898271624903,-5.85824269290096e-07,-0.000256684367728499,-1.83797197967368e-05,0.00309677553852139
7386.42371838768,-2.43609271912905e-05,0.000325688137562047,-8.92735423719346e-06,-0.00394163132899742,-5.7781558229809e-07,-0.000254915627405834,-1.81274717929534e-05,0.00307544937421693
7437.64966314091,-2.40269115724925e-05,0.000323456333178282,-8.80539487657172e-06,-0.00391446863833291,-5.69915931370912e-07,-0.00025315908662283,-1.78786849424368e-05,0.00305427003980105
7489.23086742376,-2.36974703426303e-05,0.000321239667872488,-8.68509364207285e-06,-0.00388749333814285,-5.62123844278032e-07,-0.000251414660997605,-1.76333117746709e-05,0.00303323652505678
7541.16979501382,-2.33725410002414e-05,0.000319038042128385,-8.5664282088761e-06,-0.00386070413144271,-5.54437868331361e-07,-0.000249682266736773,-1.73913054696438e-05,0.00301234782670329
7593.46892677528,-2.30520618938828e-05,0.000316851357018014,-8.44937654674316e-06,-0.00383409973031053,-5.4685657013512e-07,-0.000247961820631248,-1.71526198489494e-05,0.00299160294834854
7646.13076077758,-2.27359722106782e-05,0.000314679514199659,-8.33391691629675e-06,-0.00380767885582187,-5.39378535338617e-07,-0.000246253240052069,-1.69172093670096e-05,0.00297100090044224
7699.15781241454,-2.24242119650174e-05,0.00031252241591575,-8.22002786534182e-06,-0.00378144023798526,-5.32002368391985e-07,-0.000244556442946266,-1.66850291024173e-05,0.00295054070022922
7752.55261452471,-2.21167219874046e-05,0.000310379964990735,-8.10768822522838e-06,-0.0037553826156781,-5.2472669230476e-07,-0.000242871347832747,-1.64560347493956e-05,0.002930221371703
7806.31771751215,-2.18134439134544e-05,0.000308252064828935,-7.99687710725644e-06,-0.00372950473658314,-5.17550148407367e-07,-0.000241197873798226,-1.62301826093755e-05,0.00291004194555972
7860.45568946846,-2.15143201730332e-05,0.000306138619412366,-7.88757389912179e-06,-0.00370380535712538,-5.10471396115397e-07,-0.000239535940493176,-1.6007429582687e-05,0.00289000145915236
7914.96911629522,-2.1219293979545e-05,0.000304039533298555,-7.77975826140317e-06,-0.00367828324240948,-5.03489112696732e-07,-0.000237885468127816,-1.57877331603644e-05,0.00287009895644534
7969.86060182773,-2.09283093193584e-05,0.000301954711618314,-7.67341012408957e-06,-0.00365293716615763,-4.96601993041409e-07,-0.000236246377468122,-1.55710514160627e-05,0.0028503334879693
8025.13276795918,-2.06413109413746e-05,0.000299884060073514,-7.56850968314833e-06,-0.00362776591064795,-4.89808749434284e-07,-0.00023461858983188,-1.53573429980848e-05,0.00283070411077628
8080.78825476607,-2.03582443467329e-05,0.000297827484934825,-7.46503739713257e-06,-0.00360276826665326,-4.83108111330375e-07,-0.000233002027084754,-1.51465671215172e-05,0.00281120988839519
8136.82972063413,-2.00790557786537e-05,0.000295784893039446,-7.36297398382869e-06,-0.00357794303338045,-4.76498825132944e-07,-0.000231396611636396,-1.49386835604734e-05,0.00279184989078752
8193.25984238548,-1.98036922124152e-05,0.000293756191788814,-7.26230041694261e-06,-0.00355328901841016,-4.69979653974226e-07,-0.000229802266436576,-1.4733652640442e-05,0.00277262319430342
8250.08131540631,-1.95321013454649e-05,0.000291741289146295,-7.16299792282523e-06,-0.00352880503763707,-4.6354937749882e-07,-0.000228218914971352,-1.4531435230741e-05,0.00275352888163804
8307.29685377578,-1.92642315876607e-05,0.000289740093634859,-7.06504797723605e-06,-0.00350448991521053,-4.57206791649693e-07,-0.000226646481259254,-1.43319927370734e-05,0.00273456604178815
8364.90919039556,-1.90000320516432e-05,0.000287752514334745,-6.9684323021453e-06,-0.00348034248347569,-4.50950708456783e-07,-0.000225084889847512,-1.41352870941858e-05,0.0027157337700091
8422.92107712043,-1.87394525433349e-05,0.000285778460881105,-6.87313286257328e-06,-0.00345636158291507,-4.44779955828153e-07,-0.000223534065808298,-1.39412807586257e-05,0.00269703116777199
8481.33528488963,-1.8482443552567e-05,0.000283817843461635,-6.77913186346795e-06,-0.00343254606209062,-4.38693377343721e-07,-0.000221993934735009,-1.37499367015991e-05,0.00267845734272125
8540.15460385936,-1.82289562438299e-05,0.000281870572814193,-6.68641174661869e-06,-0.00340889477758608,-4.32689832051461e-07,-0.000220464422738569,-1.35612184019248e-05,0.00266001140863235
8599.38184353586,-1.79789424471474e-05,0.000279936560224412,-6.5949551876075e-06,-0.00338540659394994,-4.26768194266136e-07,-0.000218945456443761,-1.33750898390852e-05,0.00264169248536995
8659.01983290984,-1.77323546490728e-05,0.000278015717523286,-6.50474509279608e-06,-0.00336208038363873,-4.2092735337045e-07,-0.000217436962985587,-1.31915154863717e-05,0.00262349969884622
8719.07142059136,-1.74891459838046e-05,0.000276107957084759,-6.41576459634939e-06,-0.00333891502696076,-4.15166213618688e-07,-0.000215938870005658,-1.30104603041239e-05,0.00260543218097948
8779.53947494611,-1.72492702244201e-05,0.000274213191823295,-6.32799705729436e-06,-0.00331590941202032,-4.09483693942719e-07,-0.000214451105648602,-1.28318897330613e-05,0.00258748906965315
8840.42688423224,-1.70126817742279e-05,0.000272331335191443,-6.24142605661441e-06,-0.00329306243466223,-4.03878727760423e-07,-0.000212973598558511,-1.26557696877055e-05,0.00256966950867492
8901.73655673848,-1.67793356582332e-05,0.000270462301177387,-6.15603539437857e-06,-0.00327037299841685,-3.98350262786457e-07,-0.000211506277875402,-1.24820665498931e-05,0.00255197264773622
8963.47142092288,-1.65491875147193e-05,0.000268606004302495,-6.07180908690553e-06,-0.00324784001444554,-3.9289726084537e-07,-0.000210049073231715,-1.2310747162376e-05,0.002534397642372
9025.63442555289,-1.63221935869403e-05,0.000266762359618853,-5.98873136396161e-06,-0.00322546240148643,-3.87518697687016e-07,-0.000208601914748827,-1.21417788225106e-05,0.00251694365392069
9088.228539846,-1.60983107149252e-05,0.000264931282706792,-5.90678666599314e-06,-0.00320323908580071,-3.82213562804274e-07,-0.000207164733033602,-1.19751292760319e-05,0.00249960984948457
9151.25675361174,-1.58774963273913e-05,0.000263112689672414,-5.82595964139191e-06,-0.00318116900111921,-3.76980859253004e-07,-0.000205737459174959,-1.18107667109132e-05,0.00248239540189022
9214.72207739435,-1.56597084337665e-05,0.000261306497145106,-5.74623514379438e-06,-0.00315925108858948,-3.71819603474265e-07,-0.000204320024740468,-1.164865975131e-05,0.00246529948964945
9278.6275426167,-1.54449056163167e-05,0.000259512622275044,-5.6675982294133e-06,-0.00313748429672321,-3.66728825118723e-07,-0.000202912361772971,-1.14887774515859e-05,0.00244832129692031
9342.97620172496,-1.52330470223811e-05,0.000257730982730706,-5.59003415440241e-06,-0.00311586758134402,-3.61707566873272e-07,-0.000201514402787229,-1.1331089290421e-05,0.00243146001346846
9407.77112833456,-1.50240923567084e-05,0.000255961496696364,-5.51352837225284e-06,-0.00309439990553573,-3.56754884289792e-07,-0.000200126080766591,-1.11755651649999e-05,0.00241471483462881
9473.0154173768,-1.48180018738984e-05,0.000254204082869579,-5.43806653122197e-06,-0.00307308023959092,-3.51869845616077e-07,-0.000198747329159691,-1.10221753852799e-05,0.00239808496126737
9538.71218524687,-1.46147363709429e-05,0.000252458660458694,-5.36363447179335e-06,-0.0030519075609599,-3.4705153162885e-07,-0.000197378081877165,-1.0870890668337e-05,0.00238156959974335
9604.86456995261,-1.44142571798676e-05,0.000250725149180317,-5.29021822416814e-06,-0.0030308808542001,-3.42299035468899e-07,-0.000196018273288399,-1.07216821327895e-05,0.00236516796187159
9671.47573126437,-1.42165261604724e-05,0.000249003469256809,-5.21780400578749e-06,-0.0030099991109258,-3.37611462478269e-07,-0.000194667838218292,-1.05745212932978e-05,0.0023488792648852
9738.54885086602,-1.40215056931686e-05,0.000247293541413758,-5.14637821888518e-06,-0.00298926132975821,-3.32987930039492e-07,-0.000193326711944051,-1.04293800551389e-05,0.00233270273139841
9806.08713250685,-1.38291586719131e-05,0.000245595286877466,-5.07592744807095e-06,-0.00296866651627601,-3.28427567416867e-07,-0.000191994830192003,-1.02862307088561e-05,0.00231663758936976
9874.09380215466,-1.36394484972366e-05,0.000243908627372416,-5.00643845794331e-06,-0.00294821368296611,-3.23929515599715e-07,-0.000190672129134437,-1.01450459249805e-05,0.00230068307206545
9942.57210814976,-1.34523390693656e-05,0.000242233485118756,-4.93789819073234e-06,-0.00292790184917493,-3.1949292714763e-07,-0.00018935854538646,-1.00057987488259e-05,0.00228483841802305
10011.5253213603,-1.32677947814371e-05,0.000240569782829768,-4.87029376397144e-06,-0.00290773004105993,-3.15116966037672e-07,-0.000188054016002888,-9.86846259535382e-06,0.00226910287101528
10080.9567353381,-1.30857805128037e-05,0.000238917443709342,-4.80361246819831e-06,-0.00288769729154157,-3.10800807513508e-07,-0.000186758478475148,-9.73301124410987e-06,0.00225347568001427
10150.8696664767,-1.29062616224296e-05,0.000237276391449449,-4.73784176468436e-06,-0.00286780264025555,-3.06543637936455e-07,-0.00018547187072821,-9.59941883422809e-06,0.00223795609915583
10221.267454169,-1.27292039423747e-05,0.000235646550227616,-4.67296928319264e-06,-0.00284804513350549,-3.02344654638415e-07,-0.000184194131117539,-9.46765985950468e-06,0.00222254338770413
10292.1534609671,-1.25545737713662e-05,0.000234027844704396,-4.60898281976361e-06,-0.00282842382421587,-2.98203065776676e-07,-0.000182925198426072,-9.33770916353834e-06,0.00220723681001653
10363.5310727429,-1.23823378684574e-05,0.000232420200020846,-4.54587033452883e-06,-0.00280893777188539,-2.9411809019057e-07,-0.000181665011861209,-9.20954193493766e-06,0.00219203563550869
10435.4036988501,-1.22124634467706e-05,0.000230823541796,-4.48361994955174e-06,-0.00278958604254062,-2.90088957259937e-07,-0.000180413511051835,-9.08313370259351e-06,0.00217693913861988
10507.7747722864,-1.20449181673258e-05,0.000229237796124345,-4.42221994669595e-06,-0.00277036770869006,-2.86114906765412e-07,-0.000179170636045363,-8.9584603310166e-06,0.00216194659877859
10580.647749858,-1.18796701329507e-05,0.000227662889573302,-4.36165876551989e-06,-0.00275128184927839,-2.8219518875048e-07,-0.00017793632730479,-8.83549801573835e-06,0.00214705730036829
10654.0261123446,-1.1716687882274e-05,0.000226098749180703,-4.30192500119836e-06,-0.00273232754964127,-2.78329063385308e-07,-0.000176710525705784,-8.71422327877509e-06,0.00213227053269348
10727.9133646656,-1.15559403837991e-05,0.000224545302452277,-4.24300740246987e-06,-0.00271350390146029,-2.74515800832299e-07,-0.000175493172533786,-8.59461296415389e-06,0.00211758558994595
10802.3130360475,-1.13973970300574e-05,0.000223002477359133,-4.18489486961031e-06,-0.00269481000271833,-2.70754681113391e-07,-0.000174284209481139,-8.47664423350009e-06,0.0021030017711713
10877.2286801926,-1.12410276318411e-05,0.00022147020233525,-4.12757645243177e-06,-0.00267624495765525,-2.67044993979028e-07,-0.000173083578644228,-8.36029456168456e-06,0.00208851838023562
10952.6638754485,-1.10868024125126e-05,0.000219948406274965,-4.07104134830712e-06,-0.00265780787672386,-2.63386038778847e-07,-0.000171891222520654,-8.24554173253124e-06,0.00207413472579245
11028.6222249794,-1.0934692002392e-05,0.000218437018530472,-4.01527890021922e-06,-0.00263949787654625,-2.59777124333986e-07,-0.000170707084006417,-8.13236383458271e-06,0.00205985012124998
11105.1073569377,-1.07846674332189e-05,0.000216935968909318,-3.96027859483516e-06,-0.00262131407987046,-2.56217568811072e-07,-0.000169531106393126,-8.02073925692428e-06,0.00204566388473842
11182.1229246378,-1.06367001326899e-05,0.000215445187671905,-3.9060300606048e-06,-0.00260325561552737,-2.52706699597796e-07,-0.000168363233365224,-7.91064668506473e-06,0.0020315753390776
11259.6726067303,-1.04907619190694e-05,0.000213964605528999,-3.85252306588353e-06,-0.00258532161838805,-2.4924385318012e-07,-0.000167203408997241,-7.80206509687388e-06,0.00201758381174485
11337.7601073777,-1.0346824995873e-05,0.000212494153639236,-3.79974751707886e-06,-0.00256751122932125,-2.45828375021043e-07,-0.000166051577751056,-7.6949737585753e-06,0.00200368863484303
11416.3891564316,-1.02048619466231e-05,0.000211033763606645,-3.74769345682078e-06,-0.00254982359515136,-2.4245961944095e-07,-0.00016490768447319,-7.58935222079427e-06,0.0019898891450688
11495.5635096105,-1.00648457296746e-05,0.000209583367478162,-3.69635106215526e-06,-0.00253225786861659,-2.39136949499494e-07,-0.000163771674392112,-7.48518031465943e-06,0.00197618468368112
11575.2869486794,-9.92674967311134e-06,0.000208142897741157,-3.645710642761e-06,-0.00251481320832744,-2.35859736879009e-07,-0.000162643493115563,-7.38243814795822e-06,0.00196257459646994
11655.5632816306,-9.79054746971056e-06,0.000206712287320966,-3.59576263918882e-06,-0.00249748877872552,-2.32627361769432e-07,-0.000161523086627905,-7.28110610134446e-06,0.00194905823372514
11736.3963428651,-9.65621317197631e-06,0.000205291469578429,-3.54649762112371e-06,-0.00248028375004266,-2.29439212754722e-07,-0.000160410401287486,-7.18116482459831e-06,0.00193563495020564
11817.7899933763,-9.52372118723905e-06,0.000203880378307427,-3.49790628566906e-06,-0.0024631972982603,-2.26294686700729e-07,-0.000159305383824022,-7.08259523293695e-06,0.00192230410510872
11899.7481209338,-9.39304627282241e-06,0.000202478947732436,-3.44997945565298e-06,-0.00244622860506918,-2.23193188644552e-07,-0.000158207981336004,-6.98537850337631e-06,0.00190906506203961
11982.2746402699,-9.26416353127433e-06,0.000201087112506072,-3.40270807795623e-06,-0.0024293768578293,-2.20134131685297e-07,-0.000157118141288114,-6.88949607114194e-06,0.00189591718898121
12065.3734932659,-9.13704840566361e-06,0.000199704807706664,-3.35608322186183e-06,-0.00241264124953024,-2.17116936876285e-07,-0.000156035811508671,-6.7949296261297e-06,0.00188285985826408
12149.0486491407,-9.01167667493925e-06,0.000198331968835806,-3.31009607742564e-06,-0.00239602097875167,-2.14141033118638e-07,-0.000154960940187085,-6.70166110941431e-06,0.00186989244653656
12233.3041046402,-8.8880244493533e-06,0.000196968531815944,-3.26473795386825e-06,-0.00237951524962425,-2.11205857056271e-07,-0.000153893475871336,-6.60967270980617e-06,0.00185701433473517
12318.1438842285,-8.76606816594493e-06,0.000195614432987945,-3.22000027798725e-06,-0.00236312327179071,-2.08310852972231e-07,-0.000152833367465471,-6.51894686045492e-06,0.0018442249080552
12403.5720402798,-8.64578458408631e-06,0.00019426960910869,-3.17587459259027e-06,-0.00234684426036728,-2.05455472686409e-07,-0.000151780564227113,-6.42946623549988e-06,0.00183152355592142
12489.5926532723,-8.5271507810881e-06,0.000192933997348664,-3.13235255494804e-06,-0.00233067743590539,-2.02639175454563e-07,-0.000150735015764993,-6.34121374676596e-06,0.00181890967195911
12576.2098319827,-8.41014414786507e-06,0.000191607535289562,-3.08942593526763e-06,-0.0023146220243536,-1.99861427868681e-07,-0.000149696672036501,-6.25417254050524e-06,0.00180638265396519
12663.427713683,-8.29474238465982e-06,0.000190290160921891,-3.04708661518524e-06,-0.00229867725701988,-1.97121703758629e-07,-0.000148665483345249,-6.1683259941827e-06,0.00179394190387959
12751.2504643373,-8.18092349682497e-06,0.000188981812642592,-3.00532658627871e-06,-0.00228284237053409,-1.94419484095098e-07,-0.000147641400338656,-6.08365771330643e-06,0.00178158682775684
12839.6822788018,-8.06866579066196e-06,0.000187682429252658,-2.96413794859913e-06,-0.00226711660681078,-1.91754256893808e-07,-0.000146624374005549,-6.00015152830084e-06,0.00176931683573777
12928.7273810244,-7.95794786931672e-06,0.00018639194995477,-2.92351290922164e-06,-0.00225149921301223,-1.89125517120978e-07,-0.00014561435567378,-5.917791491423e-06,0.00175713134202151
13018.3900242466,-7.84874862873044e-06,0.000185110314350933,-2.88344378081487e-06,-0.00223598944151176,-1.86532766600028e-07,-0.000144611297007861,-5.83656187372096e-06,0.00174502976483758
13108.6744912069,-7.74104725364582e-06,0.000183837462440123,-2.84392298022919e-06,-0.00222058654985731,-1.83975513919503e-07,-0.000143615150006617,-5.75644716203398e-06,0.00173301152641826
13199.5850943454,-7.6348232136668e-06,0.000182573334615943,-2.80494302710307e-06,-0.0022052898007353,-1.8145327434221e-07,-0.000142625867000853,-5.67743205603356e-06,0.00172107605297108
13291.1261760091,-7.53005625937233e-06,0.000181317871664287,-2.76649654248782e-06,-0.0021900984619347,-1.78965569715546e-07,-0.000141643400651043,-5.59950146530528e-06,0.00170922277465152
13383.3021086605,-7.42672641848233e-06,0.000180071014761009,-2.72857624749001e-06,-0.0021750118063114,-1.76511928382999e-07,-0.000140667703945026,-5.52264050647036e-06,0.00169745112553592
13476.1172950852,-7.32481399207596e-06,0.000178832705469607,-2.69117496193172e-06,-0.00216002911175283,-1.74091885096821e-07,-0.000139698730195728,-5.44683450034681e-06,0.00168576054359455
13569.576168603,-7.22429955086121e-06,0.000177602885738908,-2.6542856030283e-06,-0.00214514966114282,-1.71704980931844e-07,-0.000138736433038898,-5.37206896914946e-06,0.00167415047066486
13663.6831932795,-7.12516393149474e-06,0.000176381497900765,-2.61790118408318e-06,-0.00213037274232671,-1.69350763200429e-07,-0.000137780766430853,-5.29832963372815e-06,0.00166262035242493
13758.4428641392,-7.02738823295217e-06,0.000175168484667767,-2.58201481320003e-06,-0.00211569764807673,-1.67028785368541e-07,-0.000136831684646252,-5.22560241084407e-06,0.00165116963836707
13853.8597073802,-6.93095381294713e-06,0.000173963789130947,-2.54661969201146e-06,-0.00210112367605763,-1.64738606972925e-07,-0.000135889142275872,-5.15387341048308e-06,0.00163979778177168
13949.9382805904,-6.8358422843994e-06,0.000172767354757511,-2.51170911442459e-06,-0.00208665012879251,-1.62479793539376e-07,-0.000134953094224411,-5.08312893320614e-06,0.00162850423968116
14046.6831729655,-6.74203551195047e-06,0.000171579125388569,-2.47727646538283e-06,-0.00207227631362894,-1.60251916502084e-07,-0.000134023495708296,-5.01335546753569e-06,0.00161728847287411
14144.0990055278,-6.64951560852699e-06,0.000170399045236874,-2.44331521964409e-06,-0.00205800154270531,-1.58054553124051e-07,-0.000133100302253522,-4.94453968737828e-06,0.00160614994583969
14242.190431347,-6.5582649319503e-06,0.000169227058884574,-2.40981894057479e-06,-0.00204382513291743,-1.5588728641855e-07,-0.000132183469693488,-4.87666844948201e-06,0.00159508812675207
14340.9621357626,-6.46826608159257e-06,0.000168063111280973,-2.37678127895992e-06,-0.00202974640588535,-1.53749705071631e-07,-0.000131272954166863,-4.80972879092926e-06,0.00158410248744516
14440.4188366077,-6.37950189507785e-06,0.000166907147740298,-2.34419597182848e-06,-0.00201576468792039,-1.51641403365643e-07,-0.000130368712115456,-4.74370792666343e-06,0.00157319250338745
14540.5652844341,-6.29195544502839e-06,0.000165759113939476,-2.31205684129455e-06,-0.00200187930999253,-1.49561981103776e-07,-0.000129470700282115,-4.67859324704979e-06,0.00156235765365707
14641.4062627396,-6.20561003585478e-06,0.000164618955915926,-2.28035779341347e-06,-0.00198808960769782,-1.47511043535592e-07,-0.000128578875708622,-4.61437231546958e-06,0.00155159742091694
14742.946588196,-6.12044920059004e-06,0.000163486620065349,-2.24909281705311e-06,-0.00197439492122625,-1.45488201283556e-07,-0.000127693195733623,-4.55103286594727e-06,0.0015409112913902
14845.1911108798,-6.03645669776648e-06,0.000162362053139541,-2.21825598277996e-06,-0.00196079459532968,-1.43493070270524e-07,-0.000126813617990557,-4.4885628008101e-06,0.00153029875483568
14948.1447145032,-5.95361650833523e-06,0.000161245202244205,-2.18784144175995e-06,-0.0019472879792901,-1.41525271648207e-07,-0.000125940100405608,-4.42695018837991e-06,0.00151975930452368
15051.8123166476,-5.87191283262743e-06,0.000160136014836776,-2.15784342467367e-06,-0.00193387442688805,-1.39584431726575e-07,-0.000125072601195668,-4.3661832606964e-06,0.00150929243721179
15156.1988689989,-5.791330087357e-06,0.000159034438724258,-2.12825624064598e-06,-0.00192055329637131,-1.37670181904202e-07,-0.000124211078866321,-4.30625041127181e-06,0.00149889765312096
15261.3093575835,-5.71185290266385e-06,0.000157940422061068,-2.09907427618965e-06,-0.00190732395042377,-1.3578215859953e-07,-0.000123355492209825,-4.2471401928761e-06,0.00148857445591168
15367.1488030065,-5.63346611919767e-06,0.00015685391334689,-2.07029199416301e-06,-0.0018941857561346,-1.33920003183058e-07,-0.000122505800303133,-4.1888413153528e-06,0.00147832235266035
15473.7222606918,-5.55615478524104e-06,0.000155774861424537,-2.04190393274133e-06,-0.00188113808496752,-1.32083361910415e-07,-0.000121661962505902,-4.13134264346441e-06,0.0014681408538358
15581.0348211234,-5.47990415387196e-06,0.00015470321547783,-2.0139047044018e-06,-0.00186818031273039,-1.30271885856343e-07,-0.000120823938458537,-4.07463319476777e-06,0.00145802947327601
15689.0916100885,-5.40469968016474e-06,0.000153638925029476,-1.98628899492195e-06,-0.00185531181954499,-1.28485230849536e-07,-0.000119991688080235,-4.01870213751807e-06,0.00144798772816489
15797.8977889225,-5.33052701842923e-06,0.000152581939938964,-1.9590515623913e-06,-0.00184253198981696,-1.26723057408368e-07,-0.000119165171567051,-3.96353878860207e-06,0.00143801513900936
15907.4585547554,-5.25737201948737e-06,0.000151532210400467,-1.93218723623604e-06,-0.00182984021220605,-1.24985030677459e-07,-0.000118344349389974,-3.90913261149921e-06,0.00142811122961647
16017.7791407599,-5.18522072798707e-06,0.000150489686940758,-1.90569091625676e-06,-0.0018172358795965,-1.23270820365098e-07,-0.000117529182293015,-3.85547321427098e-06,0.00141827552707071
16128.8648164017,-5.11405937975235e-06,0.00014945432041713,-1.87955757167877e-06,-0.00180471838906765,-1.2158010068149e-07,-0.000116719631291314,-3.80255034757766e-06,0.00140850756171151
16240.720887691,-5.04387439916991e-06,0.00014842606201533,-1.85378224021518e-06,-0.00179228714186479,-1.19912550277837e-07,-0.000115915657669257,-3.75035390272238e-06,0.00139880686711086
16353.352697436,-4.97465239661091e-06,0.0001474048632475,-1.82836002714215e-06,-0.00177994154337018,-1.18267852186222e-07,-0.000115117222978602,-3.69887390972183e-06,0.00138917298005106
16466.765625498,-4.90638016588822e-06,0.000146390675950135,-1.80328610438677e-06,-0.00176768100307429,-1.16645693760301e-07,-0.000114324289036628,-3.64810053540361e-06,0.00137960544050272
16580.9650890484,-4.83904468174796e-06,0.00014538345228204,-1.77855570962668e-06,-0.00175550493454723,-1.15045766616779e-07,-0.00011353681792429,-3.59802408152944e-06,0.00137010379160277
16695.9565428276,-4.77263309739552e-06,0.000144383144722308,-1.75416414540193e-06,-0.00174341275541044,-1.13467766577684e-07,-0.000112754771984387,-3.54863498294433e-06,0.00136066757963275
16811.7454794054,-4.70713274205498e-06,0.000143389706068298,-1.73010677823846e-06,-0.00173140388730846,-1.11911393613387e-07,-0.000111978113819747,-3.49992380575088e-06,0.00135129635399715
16928.3374294433,-4.64253111856209e-06,0.00014240308943363,-1.70637903778336e-06,-0.00171947775588104,-1.10376351786409e-07,-0.000111206806291419,-3.45188124550885e-06,0.00134198966720198
17045.737961959,-4.57881590098972e-06,0.00014142324824619,-1.68297641595151e-06,-0.00170763379073535,-1.0886234919596e-07,-0.000110440812516886,-3.40449812545917e-06,0.00133274707483341
17163.9526845917,-4.51597493230596e-06,0.000140450136246141,-1.6598944660837e-06,-0.00169587142541843,-1.07369097923234e-07,-0.000109680095868282,-3.35776539477253e-06,0.00132356813553664
17282.9872438709,-4.45399622206389e-06,0.000139483707483945,-1.63712880211586e-06,-0.00168419009738981,-1.05896313977421e-07,-0.000108924619970625,-3.31167412682174e-06,0.00131445241099483
17402.8473254854,-4.39286794412306e-06,0.000138523916318398,-1.61467509775941e-06,-0.00167258924799433,-1.04443717242458e-07,-0.000108174348700067,-3.26621551747803e-06,0.00130539946590821
17523.5386545551,-4.33257843440179e-06,0.000137570717414673,-1.59252908569249e-06,-0.00166106832243519,-1.03011031424477e-07,-0.000107429246182145,-3.22138088343044e-06,0.00129640886797339
17645.0669959044,-4.27311618866036e-06,0.000136624065742371,-1.57068655676203e-06,-0.00164962676974711,-1.01597983999971e-07,-0.000106689276790059,-3.17716166052853e-06,0.00128748018786268
17767.4381543379,-4.21446986031417e-06,0.000135683916573589,-1.54914335919636e-06,-0.00163826404276979,-1.00204306164644e-07,-0.000105954405142949,-3.13354940214753e-06,0.00127861299920372
17890.6579749169,-4.15662825827696e-06,0.000134750225480987,-1.52789539782848e-06,-0.00162697959812142,-9.88297327829507e-08,-0.000105224596104191,-3.09053577757613e-06,0.00126980687855906
18014.7323432395,-4.09958034483321e-06,0.000133822948335877,-1.50693863332949e-06,-0.0016157728961725,-9.74740023383127e-08,-0.000104499814779703,-3.04811257042622e-06,0.00126106140540606
18139.667185721,-4.04331523353976e-06,0.000132902041306313,-1.48626908145249e-06,-0.00160464340101979,-9.61368568840036e-08,-0.000103780026516268,-3.00627167706459e-06,0.00125237616211682
18265.4684698776,-3.98782218715583e-06,0.000131987460855198,-1.46588281228634e-06,-0.00159359058046043,-9.48180419946884e-08,-0.000103065196899855,-2.96500510506591e-06,0.00124375073393827
18392.1422046107,-3.93309061560153e-06,0.000131079163738393,-1.44577594951963e-06,-0.00158261390596629,-9.35173067186195e-08,-0.00010235529175397,-2.92430497168718e-06,0.00123518470897238
18519.6944404947,-3.87911007394396e-06,0.000130177107002843,-1.42594466971423e-06,-0.00157171285265843,-9.22344035304675e-08,-0.000101650277138003,-2.88416350236284e-06,0.00122667767815659
18648.1312700654,-3.82587026041097e-06,0.000129281247984713,-1.40638520158884e-06,-0.00156088689928182,-9.09690882847931e-08,-0.000100950119345599,-2.84457302922079e-06,0.00121822923524425
18777.4588281112,-3.77336101443193e-06,0.000128391544307526,-1.38709382531186e-06,-0.00155013552818018,-8.97211201701368e-08,-0.000100254784903028,-2.80552598961845e-06,0.00120983897678528
18907.6832919665,-3.72157231470522e-06,0.000127507953880323,-1.36806687180388e-06,-0.00153945822527102,-8.84902616637296e-08,-9.95642405675785e-05,-2.76701492469916e-06,0.00120150650210694
19038.810881806,-3.67049427729219e-06,0.000126630434895821,-1.34930072204949e-06,-0.00152885448002086,-8.72762784868135e-08,-9.88784533259547e-05,-2.72903247796825e-06,0.00119323141329471
19170.8478609426,-3.62011715373695e-06,0.00012575894582859,-1.33079180641825e-06,-0.00151832378542061,-8.60789395605569e-08,-9.81973903926859e-05,-2.69157139388861e-06,0.00118501331517336
19303.8005361258,-3.57043132921208e-06,0.000124893445433238,-1.3125366039948e-06,-0.00150786563796112,-8.489801696257e-08,-9.75210192085502e-05,-2.65462451649562e-06,0.00117685181528807
19437.6752578439,-3.52142732068932e-06,0.000124033892742599,-1.29453164191794e-06,-0.00149747953760891,-8.37332858839997e-08,-9.68493074390054e-05,-2.61818478803093e-06,0.00116874652388575
19572.4784206263,-3.47309577513557e-06,0.000123180247065942,-1.27677349472856e-06,-0.00148716498778211,-8.25845245872061e-08,-9.61822229726342e-05,-2.58224524759517e-06,0.00116069705389642
19708.2164633496,-3.42542746773322e-06,0.000122332467987181,-1.25925878372632e-06,-0.00147692149532648,-8.1451514364004e-08,-9.55197339195971e-05,-2.5467990298189e-06,0.00115270302091481
19844.8958695448,-3.37841330012502e-06,0.000121490515363103,-1.24198417633499e-06,-0.00146674857049167,-8.03340394944721e-08,-9.48618086100998e-05,-2.51183936355204e-06,0.00114476404318199
19982.5231677076,-3.33204429868268e-06,0.000120654349321592,-1.22494638547622e-06,-0.00145664572690763,-7.9231887206311e-08,-9.42084155928674e-05,-2.477359570571e-06,0.00113687974156717
20121.1049316092,-3.28631161279936e-06,0.000119823930259883,-1.20814216895183e-06,-0.00144661248156118,-7.81448476347551e-08,-9.35595236336325e-05,-2.4433530643038e-06,0.00112904973954966
20260.6477806113,-3.2412065132052e-06,0.000118999218842808,-1.1915683288343e-06,-0.00143664835477273,-7.7072713783018e-08,-9.29151017136319e-05,-2.40981334857248e-06,0.00112127366320086
20401.1583799816,-3.19672039030615e-06,0.000118180176001061,-1.17522171086551e-06,-0.00142675287017321,-7.60152814832777e-08,-9.22751190281152e-05,-2.3767340163529e-06,0.00111355114116648
20542.6434412127,-3.1528447525452e-06,0.000117366762929468,-1.15909920386351e-06,-0.00141692555468109,-7.49723493581813e-08,-9.16395449848622e-05,-2.34410874855138e-06,0.00110588180464882
20685.1097223421,-3.10957122478622e-06,0.000116558941085275,-1.1431977391373e-06,-0.00140716593847965,-7.39437187828746e-08,-9.10083492027126e-05,-2.31193131279833e-06,0.00109826528738915
20828.5640282755,-3.06689154671969e-06,0.000115756672186433,-1.12751428990947e-06,-0.0013974735549943,-7.29291938475396e-08,-9.03815015101039e-05,-2.2801955622582e-06,0.0010907012256503
20973.0132111114,-3.02479757129042e-06,0.000114959918209906,-1.11204587074659e-06,-0.00138784794087018,-7.19285813204405e-08,-8.97589719436221e-05,-2.24889543445598e-06,0.00108318925819928
21118.464170469,-2.98328126314646e-06,0.000114168641389978,-1.09678953699726e-06,-0.00137828863594982,-7.09416906114651e-08,-8.91407307465591e-05,-2.21802495011955e-06,0.00107572902629004
21264.923853817,-2.94233469710953e-06,0.000113382804216577,-1.08174238423774e-06,-0.00136879518325101,-6.99683337361624e-08,-8.85267483674842e-05,-2.18757821203818e-06,0.00106832017364641
21412.3992568061,-2.90195005666606e-06,0.000112602369433603,-1.06690154772504e-06,-0.00135936712894479,-6.9008325280262e-08,-8.79169954588216e-05,-2.15754940393638e-06,0.00106096234644505
21560.8974236026,-2.86211963247906e-06,0.000111827300037272,-1.05226420185737e-06,-0.00135000402233365,-6.80614823646755e-08,-8.73114428754414e-05,-2.12793278936351e-06,0.00105365519329864
21710.4254472254,-2.82283582092011e-06,0.000111057559274463,-1.03782755964183e-06,-0.00134070541582979,-6.71276246109676e-08,-8.67100616732573e-05,-2.09872271059833e-06,0.00104639836523905
21860.9904698845,-2.78409112262171e-06,0.000110293110641079,-1.02358887216931e-06,-0.00133147086493364,-6.62065741072985e-08,-8.6112823107837e-05,-2.06991358756882e-06,0.00103919151570077
22012.599683322,-2.74587814104905e-06,0.000109533917880416,-1.00954542809644e-06,-0.00132229992821244,-6.52981553748199e-08,-8.55196986330192e-05,-2.04149991678662e-06,0.00103203430050431
22165.260329156,-2.70818958109162e-06,0.000108779944981542,-9.95694553134555e-07,-0.00131319216727903,-6.44021953345325e-08,-8.49306598995438e-05,-2.01347627029626e-06,0.00102492637783986
22318.9796992262,-2.67101824767388e-06,0.000108031156177683,-9.82033609545482e-07,-0.00130414714677076,-6.35185232745851e-08,-8.4345678753688e-05,-1.98583729463862e-06,0.00101786740825091
22473.7651359423,-2.63435704438497e-06,0.000107287515944624,-9.68559995644207e-07,-0.00129516443432853,-6.2646970818021e-08,-8.37647272359154e-05,-1.95857770982877e-06,0.00101085705461811
22629.6240326348,-2.59819897212717e-06,0.000106548988999112,-9.55271145308183e-07,-0.00128624360057605,-6.17873718909565e-08,-8.31877775795312e-05,-1.93169230834772e-06,0.00100389498214318
22786.5638339077,-2.56253712778282e-06,0.000105815540297277,-9.42164527493319e-07,-0.00127738421909915,-6.09395626911941e-08,-8.26148022093496e-05,-1.90517595414808e-06,0.000996980858332929
22944.592035995,-2.52736470289947e-06,0.000105087135033053,-9.29237645756431e-07,-0.00126858586642529,-6.01033816572557e-08,-8.20457737403684e-05,-1.87902358167327e-06,0.000990114352983393
23103.7161871177,-2.49267498239297e-06,0.000104363738636616,-9.1648803778421e-07,-0.00125984812200321,-5.92786694378392e-08,-8.14806649764551e-05,-1.85323019489031e-06,0.000983295138164111
23263.9438878451,-2.45846134326836e-06,0.000103645316772828,-9.03913274928488e-07,-0.00125117056818272,-5.84652688616858e-08,-8.09194489090386e-05,-1.82779086633569e-06,0.000976522888202449
23425.2827914574,-2.42471725335821e-06,0.000102931835339689,-8.91510961747837e-07,-0.0012425527901946,-5.76630249078566e-08,-8.03620987158148e-05,-1.80270073617458e-06,0.000969797279668089
23587.7406043117,-2.39143627007815e-06,0.000102223260466802,-8.79278735555293e-07,-0.0012339943761307,-5.68717846764108e-08,-7.98085877594564e-05,-1.77795501127266e-06,0.000963117991357583
23751.3250862094,-2.35861203919959e-06,0.000101519558513841,-8.67214265972271e-07,-0.00122549491692412,-5.60913973594824e-08,-7.92588895863353e-05,-1.75354896428095e-06,0.000956484704279044
23916.0440507678,-2.326238293639e-06,0.000100820696069039,-8.55315254488422e-07,-0.00121705400632954,-5.53217142127464e-08,-7.87129779252519e-05,-1.72947793273296e-06,0.000949897101636918
24081.9053657923,-2.29430885226397e-06,0.000100126639947671,-8.43579434027521e-07,-0.00120867124090377,-5.45625885272749e-08,-7.81708266861744e-05,-1.70573731815445e-06,0.000943354868816879
24248.9169536531,-2.26281761871539e-06,9.94373571905578e-05,-8.32004568519146e-07,-0.00120034621998627,-5.38138756017709e-08,-7.76324099589856e-05,-1.68232258518519e-06,0.000936857693370811
24417.0867916629,-2.23175858024591e-06,9.87528150625719e-05,-8.2058845247623e-07,-0.00119207854567998,-5.30754327151822e-08,-7.70977020122401e-05,-1.65922926071292e-06,0.000930405265001915
24586.4229124585,-2.20112580657419e-06,9.80729810511562e-05,-8.09328910578244e-07,-0.00118386782283215,-5.23471190996828e-08,-7.65666772919281e-05,-1.63645293301912e-06,0.000923997275549886
24756.933404384,-2.17091344875485e-06,9.73978228648507e-05,-7.98223797260089e-07,-0.00117571365901542,-5.16287959140244e-08,-7.60393104202505e-05,-1.6139892509365e-06,0.000917633418976233
24928.6264118777,-2.14111573806389e-06,9.67273084318261e-05,-7.87270996306499e-07,-0.0011676156645089,-5.09203262172457e-08,-7.55155761943992e-05,-1.5918339230181e-06,0.00091131339134966
25101.5101358603,-2.11172698489935e-06,9.60614058984296e-05,-7.76468420451975e-07,-0.00115957345227952,-5.02215749427414e-08,-7.49954495853492e-05,-1.56998271671773e-06,0.000905036890831576
25275.5928341276,-2.08274157769696e-06,9.54000836277367e-05,-7.65814010986089e-07,-0.0011515866379634,-4.95324088726807e-08,-7.44789057366565e-05,-1.54843145758164e-06,0.000898803617661687
25450.882821744,-2.05415398186075e-06,9.4743310198114e-05,-7.55305737364189e-07,-0.00114365483984741,-4.88526966127746e-08,-7.39659199632662e-05,-1.52717602845138e-06,0.000892613274143702
25627.3884714405,-2.02595873870815e-06,9.40910544017889e-05,-7.44941596823302e-07,-0.00113577767885083,-4.81823085673839e-08,-7.34564677503273e-05,-1.50621236867748e-06,0.000886465564631118
25805.1182140139,-1.9981504644296e-06,9.344328524343e-05,-7.34719614003328e-07,-0.00112795477850717,-4.75211169149671e-08,-7.29505247520176e-05,-1.485536473344e-06,0.000880360195513125
25984.08053873,-1.97072384906241e-06,9.27999719387344e-05,-7.24637840573274e-07,-0.00112018576494609,-4.68689955838594e-08,-7.24480667903747e-05,-1.46514439250364e-06,0.000874296875200588
26164.2839937291,-1.94367365547857e-06,9.21610839130244e-05,-7.14694354862617e-07,-0.00111247026687543,-4.62258202283818e-08,-7.19490698541366e-05,-1.44503223042344e-06,0.000868275314112136
26345.7371864336,-1.91699471838657e-06,9.1526590799854e-05,-7.04887261497649e-07,-0.00110480791556342,-4.55914682052757e-08,-7.14535100975906e-05,-1.42519614484075e-06,0.000862295224660351
26528.4487839603,-1.89068194334669e-06,9.08964624396213e-05,-6.95214691042721e-07,-0.00109719834482095,-4.49658185504542e-08,-7.09613638394281e-05,-1.40563234622944e-06,0.000856356321238034
26712.4275135331,-1.86473030579993e-06,9.02706688781926e-05,-6.85674799646396e-07,-0.00108964119098402,-4.43487519560731e-08,-7.04726075616103e-05,-1.38633709707617e-06,0.000850458320204588
26897.6821629011,-1.83913485011012e-06,8.96491803655322e-05,-6.76265768692357e-07,-0.00108213609289628,-4.37401507479105e-08,-6.99872179082389e-05,-1.36730671116659e-06,0.000844600939872473
27084.2215807571,-1.81389068861921e-06,8.9031967354343e-05,-6.66985804455088e-07,-0.00107468269189169,-4.31398988630551e-08,-6.95051716844374e-05,-1.34853755288136e-06,0.000838783900493773
27272.0546771616,-1.78899300071542e-06,8.84190004987134e-05,-6.57833137760179e-07,-0.0010672806317773,-4.25478818278974e-08,-6.90264458552373e-05,-1.33002603650176e-06,0.00083300692424684
27461.1904239671,-1.76443703191427e-06,8.78102506527751e-05,-6.48806023649298e-07,-0.00105992955881621,-4.19639867364201e-08,-6.85510175444752e-05,-1.3117686255249e-06,0.000827269735223044
27651.6378552475,-1.740218092952e-06,8.72056888693664e-05,-6.39902741049647e-07,-0.00105262912171052,-4.13881022287831e-08,-6.80788640336943e-05,-1.2937618319883e-06,0.000821572059413596
27843.4060677294,-1.71633155889159e-06,8.66052863987065e-05,-6.31121592447958e-07,-0.00104537897158454,-4.08201184702008e-08,-6.76099627610563e-05,-1.27600221580371e-06,0.000815913624696485
28036.5042212264,-1.69277286824089e-06,8.60090146870757e-05,-6.22460903568864e-07,-0.00103817876196802,-4.02599271301049e-08,-6.7144291320259e-05,-1.25848638410011e-06,0.000810294160823478
28230.9415390768,-1.6695375220829e-06,8.54168453755065e-05,-6.13919023057684e-07,-0.00103102814877955,-3.97074213615923e-08,-6.66818274594625e-05,-1.24121099057571e-06,0.000804713399407237
28426.7273085842,-1.64662108321788e-06,8.48287502984798e-05,-6.05494322167471e-07,-0.00102392679031001,-3.9162495781151e-08,-6.62225490802223e-05,-1.22417273485881e-06,0.000799171073908499
28623.8708814609,-1.62401917531733e-06,8.42447014826324e-05,-5.97185194450348e-07,-0.00101687434720626,-3.86250464486633e-08,-6.57664342364299e-05,-1.2073683618775e-06,0.000793666919623366
28822.3816742749,-1.60172748208934e-06,8.36646711454697e-05,-5.88990055452996e-07,-0.00100987048245477,-3.8094970847679e-08,-6.53134611332609e-05,-1.19079466123791e-06,0.000788200673670662
29022.2691688993,-1.57974174645567e-06,8.30886316940894e-05,-5.80907342416324e-07,-0.00100291486136554,-3.75721678659594e-08,-6.48636081261304e-05,-1.17444846661113e-06,0.000782772074979398
29223.5429129655,-1.55805776973976e-06,8.251655572391e-05,-5.72935513979168e-07,-0.000996007151555991,-3.70565377762836e-08,-6.44168537196554e-05,-1.15832665512836e-06,0.000777380864276302
29426.2125203191,-1.53667141086617e-06,8.19484160174111e-05,-5.6507304988607e-07,-0.00098914702293505,-3.65479822175187e-08,-6.39731765666249e-05,-1.14242614678454e-06,0.000772026784073455
29630.2876714792,-1.51557858557073e-06,8.13841855428775e-05,-5.57318450698974e-07,-0.000982334147687317,-3.60464041759445e-08,-6.35325554669762e-05,-1.12674390385001e-06,0.000766709578655992
29835.7781141006,-1.49477526562171e-06,8.08238374531553e-05,-5.49670237512887e-07,-0.000975568200257352,-3.55517079668355e-08,-6.30949693667798e-05,-1.11127693029038e-06,0.00076142899406991
30042.6936634399,-1.47425747805147e-06,8.02673450844122e-05,-5.42126951675365e-07,-0.000968848857334052,-3.50637992162909e-08,-6.26603973572295e-05,-1.09602227119423e-06,0.000756184778109931
30251.0442028234,-1.4540213043988e-06,7.97146819549089e-05,-5.34687154509852e-07,-0.000962175797835166,-3.45825848433146e-08,-6.22288186736415e-05,-1.0809770122088e-06,0.000750976680307485
30460.8396841202,-1.43406287996151e-06,7.91658217637756e-05,-5.2734942704274e-07,-0.000955548702891887,-3.41079730421363e-08,-6.18002126944583e-05,-1.06613827898325e-06,0.000745804451918733
30672.0901282168,-1.41437839305934e-06,7.86207383897983e-05,-5.20112369734178e-07,-0.000948967255833578,-3.36398732647768e-08,-6.13745589402617e-05,-1.05150323661976e-06,0.000740667845912719
30884.8056254963,-1.3949640843069e-06,7.80794058902112e-05,-5.12974602212507e-07,-0.000942431142172578,-3.31781962038471e-08,-6.09518370727907e-05,-1.03706908913199e-06,0.000735566616959556
31098.9963363199,-1.37581624589664e-06,7.75417984994986e-05,-5.05934763012341e-07,-0.000935940049589143,-3.27228537755851e-08,-6.05320268939678e-05,-1.02283307891106e-06,0.000730500521418737
31314.6724915125,-1.35693122089156e-06,7.70078906282021e-05,-4.9899150931618e-07,-0.000929493667916459,-3.22737591031204e-08,-6.01151083449308e-05,-1.00879248619885e-06,0.000725469317327489
31531.8443928511,-1.33830540252767e-06,7.64776568617381e-05,-4.92143516699567e-07,-0.000923091689125791,-3.18308264999702e-08,-5.97010615050721e-05,-9.9494462856851e-07,0.000720472764389237
31750.5224135575,-1.31993523352599e-06,7.59510719592202e-05,-4.85389478879681e-07,-0.000916733807311703,-3.13939714537567e-08,-5.92898665910841e-05,-9.81286860412077e-07,0.000715510623962125
31970.7169987928,-1.30181720541395e-06,7.54281108522915e-05,-4.78728107467389e-07,-0.000910419718677417,-3.09631106101499e-08,-5.88815039560124e-05,-9.678165724352e-07,0.000710582659047635
32192.4386661572,-1.28394785785612e-06,7.49087486439623e-05,-4.7215813172263e-07,-0.000904149121520233,-3.05381617570259e-08,-5.84759540883133e-05,-9.54531191158699e-07,0.000705688634279261
32415.6980061919,-1.26632377799408e-06,7.43929606074573e-05,-4.65678298313168e-07,-0.00089792171621709,-3.01190438088438e-08,-5.80731976109205e-05,-9.41428178427051e-07,0.00070082831591129
32640.5056828852,-1.24894159979536e-06,7.3880722185068e-05,-4.59287371076604e-07,-0.00089173720521019,-2.97056767912336e-08,-5.76732152803162e-05,-9.28505030923546e-07,0.00069600147180763
32866.8724341813,-1.23179800341126e-06,7.33720089870148e-05,-4.52984130785636e-07,-0.000885595292992758,-2.92979818257959e-08,-5.72759879856099e-05,-9.1575927969217e-07,0.000691207871430743
33094.8090724944,-1.21488971454354e-06,7.28667967903139e-05,-4.46767374916517e-07,-0.000879495686094866,-2.88958811151071e-08,-5.68814967476227e-05,-9.03188489665973e-07,0.000686447285830629
33324.3264852235,-1.19821350381968e-06,7.23650615376543e-05,-4.40635917420667e-07,-0.000873438093069386,-2.84992979279306e-08,-5.64897227179786e-05,-8.90790259201983e-07,0.000681719487633906
33555.4356352742,-1.1817661861768e-06,7.18667793362791e-05,-4.34588588499383e-07,-0.000867422224478013,-2.81081565846287e-08,-5.61006471782018e-05,-8.78562219622434e-07,0.000677024251032947
33788.1475615808,-1.16554462025397e-06,7.13719264568769e-05,-4.28624234381641e-07,-0.000861447792877412,-2.77223824427738e-08,-5.57142515388204e-05,-8.66502034762349e-07,0.000672361351775114
34022.4733796346,-1.14954570779287e-06,7.08804793324775e-05,-4.227417171049e-07,-0.000855514512805435,-2.73419018829555e-08,-5.53305173384759e-05,-8.54607400523279e-07,0.000667730567152039
34258.4242820144,-1.13376639304661e-06,7.03924145573576e-05,-4.16939914298909e-07,-0.000849622100767455,-2.69666422947822e-08,-5.49494262430396e-05,-8.42876044433215e-07,0.000663131675989006
34496.0115389212,-1.11820366219672e-06,6.99077088859507e-05,-4.11217718972453e-07,-0.000843770275222776,-2.65965320630723e-08,-5.45709600447342e-05,-8.31305725212489e-07,0.00065856445863438
34735.2464987164,-1.10285454277811e-06,6.94263392317669e-05,-4.0557403930301e-07,-0.000837958756571163,-2.62315005542353e-08,-5.41951006612627e-05,-8.19894232345686e-07,0.000654028696949136
34976.1405884643,-1.08771610311186e-06,6.89482826663172e-05,-4.00007798429261e-07,-0.000832187267139428,-2.58714781028369e-08,-5.38218301349415e-05,-8.08639385659373e-07,0.000649524174296429
35218.7053144771,-1.07278545174586e-06,6.84735164180467e-05,-3.94517934246451e-07,-0.000826455531168148,-2.55163959983496e-08,-5.34511306318421e-05,-7.97539034905683e-07,0.000645050675531271
35462.9522628655,-1.05805973690304e-06,6.80020178712732e-05,-3.89103399204512e-07,-0.000820763274798444,-2.51661864720818e-08,-5.30829844409356e-05,-7.86591059351549e-07,0.000640607986990242
35708.8931000911,-1.04353614593723e-06,6.75337645651342e-05,-3.83763160108968e-07,-0.00081511022605888,-2.48207826842876e-08,-5.27173739732463e-05,-7.75793367373643e-07,0.000636195896481305
35956.5395735246,-1.0292119047964e-06,6.7068734192539e-05,-3.78496197924519e-07,-0.000809496114852418,-2.44801187114499e-08,-5.23542817610085e-05,-7.65143896058808e-07,0.000631814193273667
36205.9035120061,-1.01508427749337e-06,6.66069045991296e-05,-3.73301507581344e-07,-0.000803920672943501,-2.414412953374e-08,-5.19936904568312e-05,-7.54640610810031e-07,0.000627462668087723
36456.9968264106,-1.00115056558362e-06,6.61482537822465e-05,-3.68178097784008e-07,-0.000798383633945196,-2.38127510226459e-08,-5.16355828328667e-05,-7.44281504957776e-07,0.000623141113085065
36709.831510217,-9.87408107650425e-07,6.56927598899022e-05,-3.63124990822993e-07,-0.000792884733306442,-2.34859199287706e-08,-5.12799417799866e-05,-7.34064599376681e-07,0.000618849321858556
36964.4196400802,-9.73854278796894e-07,6.52404012197622e-05,-3.58141222388807e-07,-0.000787423708299382,-2.31635738697974e-08,-5.09267503069628e-05,-7.2398794210751e-07,0.000614587089422484
37220.7733764093,-9.60486490145072e-07,6.47911562181303e-05,-3.53225841388605e-07,-0.000782000298006779,-2.28456513186183e-08,-5.05759915396536e-05,-7.14049607984278e-07,0.000610354212202767
37478.9049639467,-9.47302188341885e-07,6.43450034789434e-05,-3.4837790976534e-07,-0.000776614243309531,-2.25320915916257e-08,-5.0227648720197e-05,-7.04247698266516e-07,0.000606150488027241
37738.8267323548,-9.34298855071812e-07,6.39019217427699e-05,-3.4359650231935e-07,-0.00077126528687425,-2.22228348371631e-08,-4.98817052062074e-05,-6.94580340276555e-07,0.000601975716116004
38000.5510968034,-9.2147400657631e-07,6.34618898958179e-05,-3.38880706532409e-07,-0.000765953173140958,-2.1917822024134e-08,-4.95381444699801e-05,-6.85045687041824e-07,0.000597829697071834
38264.0905585636,-9.08825193179753e-07,6.30248869689466e-05,-3.34229622394156e-07,-0.000760677648310837,-2.16169949307663e-08,-4.91969500976997e-05,-6.7564191694201e-07,0.000593712232870664
38529.4577056047,-8.96349998821936e-07,6.25908921366869e-05,-3.29642362230912e-07,-0.000755438460334087,-2.13202961335302e-08,-4.88581057886546e-05,-6.66367233361116e-07,0.000589623126852135
38796.6652131954,-8.84046040596922e-07,6.21598847162666e-05,-3.25118050536808e-07,-0.000750235358897855,-2.10276689962069e-08,-4.85215953544569e-05,-6.57219864344235e-07,0.000585562183710202
39065.7258445091,-8.71910968298278e-07,6.17318441666434e-05,-3.2065582380725e-07,-0.000745068095414255,-2.07390576591078e-08,-4.81874027182681e-05,-6.4819806225909e-07,0.000581529209483812
39336.6524512341,-8.59942463970474e-07,6.13067500875423e-05,-3.1625483037462e-07,-0.000739936423008462,-2.04544070284397e-08,-4.78555119140287e-05,-6.3930010346217e-07,0.00057752401154764
39609.4579741865,-8.48138241466505e-07,6.08845822185023e-05,-3.11914230246261e-07,-0.000734840096506904,-2.01736627658163e-08,-4.75259070856953e-05,-6.30524287969491e-07,0.000573546398602898
39884.1554439296,-8.36496046011504e-07,6.04653204379258e-05,-3.0763319494463e-07,-0.000729778872425512,-1.98967712779122e-08,-4.7198572486481e-05,-6.21868939131834e-07,0.000569596180668198
40160.7579813948,-8.25013653772408e-07,6.00489447621377e-05,-3.03410907349674e-07,-0.00072475250895808,-1.96236797062591e-08,-4.68734924781023e-05,-6.13332403314484e-07,0.000565673169070484
40439.2787985098,-8.13688871433456e-07,5.96354353444479e-05,-2.99246561543324e-07,-0.000719760765964679,-1.93543359171803e-08,-4.65506515300307e-05,-6.04913049581316e-07,0.000561777176436018
40719.7311988284,-8.02519535777572e-07,5.92247724742219e-05,-2.95139362656139e-07,-0.000714803404960171,-1.90886884918643e-08,-4.62300342187495e-05,-5.96609269383269e-07,0.000557908016681445
41002.1285781671,-7.91503513273425e-07,5.88169365759562e-05,-2.91088526716025e-07,-0.000709880189102786,-1.88266867165723e-08,-4.59116252270158e-05,-5.88419476251039e-07,0.000554065505004896
41286.4844252437,-7.80638699668206e-07,5.84119082083611e-05,-2.87093280499032e-07,-0.000704990883182797,-1.85682805729813e-08,-4.55954093431276e-05,-5.80342105492048e-07,0.000550249457877176
41572.812322323,-7.69923019585942e-07,5.8009668063448e-05,-2.83152861382183e-07,-0.000700135253611252,-1.83134207286575e-08,-4.5281371460196e-05,-5.72375613891517e-07,0.00054645969303299
41861.1259458642,-7.59354426131354e-07,5.76101969656245e-05,-2.79266517198313e-07,-0.000695313068408804,-1.80620585276612e-08,-4.49694965754228e-05,-5.64518479417685e-07,0.000542696029462253
42151.4390671752,-7.48930900499112e-07,5.72134758707936e-05,-2.7543350609289e-07,-0.0006905240971946,-1.78141459812796e-08,-4.46597697893816e-05,-5.56769200931045e-07,0.000538958287401435
42443.7655530697,-7.38650451588488e-07,5.68194858654606e-05,-2.71653096382805e-07,-0.000685768111175264,-1.75696357588863e-08,-4.43521763053063e-05,-5.49126297897589e-07,0.000535246288324991
42738.1193665299,-7.28511115623246e-07,5.64282081658447e-05,-2.67924566417062e-07,-0.000681044883133942,-1.73284811789259e-08,-4.40467014283823e-05,-5.4158831010597e-07,0.000531559854936824
43034.5145673733,-7.18510955776788e-07,5.60396241169972e-05,-2.64247204439408e-07,-0.000676354187419435,-1.70906362000215e-08,-4.37433305650438e-05,-5.34153797388572e-07,0.000527898811161831
43332.9653129246,-7.08648061802401e-07,5.56537151919245e-05,-2.60620308452804e-07,-0.00067169579993539,-1.68560554122044e-08,-4.34420492222755e-05,-5.26821339346376e-07,0.000524262982137487
43633.4858586911,-6.98920549668611e-07,5.5270462990719e-05,-2.5704318608578e-07,-0.000667069498129591,-1.66246940282631e-08,-4.31428430069196e-05,-5.19589535077632e-07,0.000520652194205503
43936.0905590448,-6.89326561199502e-07,5.48898492396929e-05,-2.53515154460588e-07,-0.000662475060983298,-1.63965078752111e-08,-4.28456976249866e-05,-5.12457002910229e-07,0.000517066274903528
44240.7938679069,-6.79864263719998e-07,5.45118557905206e-05,-2.50035540063182e-07,-0.00065791226900068,-1.6171453385871e-08,-4.25505988809724e-05,-5.05422380137766e-07,0.000513505052956922
44547.6103394389,-6.70531849705975e-07,5.41364646193844e-05,-2.4660367861495e-07,-0.000653380904198303,-1.59494875905738e-08,-4.22575326771784e-05,-4.98484322759213e-07,0.000509968358270568
44856.5546287376,-6.61327536439217e-07,5.37636578261279e-05,-2.43218914946225e-07,-0.000648880750094711,-1.57305681089721e-08,-4.19664850130379e-05,-4.91641505222177e-07,0.000506456021920761
45167.641492535,-6.52249565667048e-07,5.3393417633413e-05,-2.39880602871498e-07,-0.000644411591700058,-1.55146531419644e-08,-4.16774419844455e-05,-4.84892620169663e-07,0.000502967876147133
45480.8857899031,-6.43296203266685e-07,5.30257263858848e-05,-2.36588105066364e-07,-0.000639973215505833,-1.5301701463731e-08,-4.1390389783093e-05,-4.78236378190337e-07,0.000499503754344651
45796.3024829641,-6.34465738914146e-07,5.26605665493395e-05,-2.33340792946124e-07,-0.000635565409474632,-1.50916724138776e-08,-4.11053146958081e-05,-4.7167150757219e-07,0.000496063491055651
46113.9066376045,-6.25756485757748e-07,5.22979207099004e-05,-2.30138046546069e-07,-0.000631187963030026,-1.48845258896876e-08,-4.08222031038993e-05,-4.65196754059611e-07,0.000492646921961952
46433.713424195,-6.17166780096026e-07,5.19377715731972e-05,-2.26979254403382e-07,-0.000626840667046476,-1.46802223384794e-08,-4.05410414825033e-05,-4.58810880613765e-07,0.000489253883876995
46755.7381183149,-6.08694981060126e-07,5.15801019635525e-05,-2.23863813440671e-07,-0.000622523313839338,-1.4478722750069e-08,-4.02618163999395e-05,-4.5251266717629e-07,0.000485884214738064
47079.9961014825,-6.00339470300504e-07,5.12248948231721e-05,-2.20791128851078e-07,-0.000618235697154919,-1.42799886493348e-08,-3.99845145170667e-05,-4.46300910436205e-07,0.000482537753598537
47406.5028618884,-5.92098651677963e-07,5.08721332113424e-05,-2.17760613984981e-07,-0.000613977612160619,-1.40839820888855e-08,-3.97091225866453e-05,-4.40174423600049e-07,0.000479214340620209
47735.2739951367,-5.83970950958891e-07,5.05218003036316e-05,-2.14771690238213e-07,-0.000609748855435121,-1.38906656418265e-08,-3.94356274527038e-05,-4.34132036165146e-07,0.000475913817065653
48066.3252049891,-5.75954815514713e-07,5.01738793910975e-05,-2.11823786941847e-07,-0.000605549224958673,-1.37000023946274e-08,-3.91640160499097e-05,-4.28172593696008e-07,0.000472636025290645
48399.6723041153,-5.68048714025429e-07,4.98283538794994e-05,-2.08916341253457e-07,-0.000601378520103412,-1.35119559400852e-08,-3.88942754029442e-05,-4.22294957603784e-07,0.000469380808736636
48735.331214848,-5.60251136187257e-07,4.94852072885166e-05,-2.06048798049886e-07,-0.000597236541623777,-1.33264903703849e-08,-3.86263926258825e-05,-4.16498004928757e-07,0.000466148011923273
49073.317969944,-5.52560592424245e-07,4.91444232509707e-05,-2.03220609821468e-07,-0.000593123091646972,-1.31435702702547e-08,-3.83603549215765e-05,-4.10780628125799e-07,0.000462937480440978
49413.6487133493,-5.44975613603876e-07,4.88059855120545e-05,-2.00431236567708e-07,-0.000589037973663505,-1.2963160710215e-08,-3.80961495810438e-05,-4.0514173485281e-07,0.000459749060943573
49756.3397009709,-5.37494750756544e-07,4.84698779285645e-05,-1.97680145694377e-07,-0.000584980992517785,-1.27852272399196e-08,-3.78337639828591e-05,-3.99580247762016e-07,0.000456582601140958
50101.4073014524,-5.30116574798899e-07,4.81360844681404e-05,-1.94966811912028e-07,-0.000580951954398793,-1.26097358815881e-08,-3.75731855925512e-05,-3.94095104294171e-07,0.000453437949791842
50448.8679969571,-5.22839676260968e-07,4.78045892085079e-05,-1.92290717135887e-07,-0.000576950666830805,-1.24366531235285e-08,-3.73144019620033e-05,-3.8868525647555e-07,0.000450314956696512
50798.7383839539,-5.15662665017036e-07,4.74753763367278e-05,-1.89651350387121e-07,-0.000572976938664194,-1.22659459137482e-08,-3.7057400728858e-05,-3.8334967071776e-07,0.000447213472689673
51151.0351740109,-5.08584170020204e-07,4.71484301484495e-05,-1.87048207695459e-07,-0.000569030580066279,-1.2097581653652e-08,-3.68021696159258e-05,-3.78087327620273e-07,0.000444133349633315
51505.7751945938,-5.01602839040597e-07,4.68237350471696e-05,-1.84480792003135e-07,-0.000565111402512252,-1.19315281918274e-08,-3.65486964305982e-05,-3.72897221775678e-07,0.000441074440409644
51862.9753898685,-4.94717338407166e-07,4.65012755434961e-05,-1.8194861307016e-07,-0.000561219218776163,-1.17677538179141e-08,-3.62969690642648e-05,-3.67778361577619e-07,0.000438036598914056
52222.6528215118,-4.87926352753008e-07,4.61810362544161e-05,-1.79451187380876e-07,-0.000557353842921958,-1.16062272565578e-08,-3.6046975491734e-05,-3.62729769031341e-07,0.000435019680048159
52584.8246695256,-4.81228584764218e-07,4.58630019025703e-05,-1.76988038051799e-07,-0.000553515090294595,-1.14469176614468e-08,-3.57987037706585e-05,-3.57750479566868e-07,0.000432023539712848
52949.5082330576,-4.74622754932147e-07,4.55471573155307e-05,-1.74558694740714e-07,-0.000549702777511208,-1.12897946094299e-08,-3.55521420409637e-05,-3.52839541854718e-07,0.000429048034801416
53316.7209312277,-4.6810760130909e-07,4.52334874250842e-05,-1.72162693557024e-07,-0.000545916722452339,-1.11348280947153e-08,-3.5307278524281e-05,-3.47996017624169e-07,0.00042609302319273
53686.4803039601,-4.61681879267296e-07,4.49219772665202e-05,-1.69799576973318e-07,-0.000542156744253226,-1.09819885231488e-08,-3.50641015233844e-05,-3.43218981483998e-07,0.000423158363744434
54058.8040128205,-4.55344361261317e-07,4.46126119779242e-05,-1.67468893738153e-07,-0.000538422663295162,-1.083124670657e-08,-3.48225994216315e-05,-3.38507520745706e-07,0.000420243916286222
54433.709841861,-4.4909383659358e-07,4.43053767994745e-05,-1.65170198790029e-07,-0.000534714301196891,-1.0682573857246e-08,-3.45827606824076e-05,-3.33860735249143e-07,0.000417349541613128
54811.215698468,-4.42929111183209e-07,4.40002570727453e-05,-1.62903053172541e-07,-0.000531031480806095,-1.05359415823818e-08,-3.43445738485749e-05,-3.29277737190548e-07,0.000414475101478895
55191.3396142186,-4.36849007337991e-07,4.36972382400132e-05,-1.6066702395069e-07,-0.000527374026190907,-1.0391321878705e-08,-3.41080275419237e-05,-3.24757650952931e-07,0.00041162045858936
55574.0997457415,-4.30852363529492e-07,4.33963058435689e-05,-1.5846168412835e-07,-0.000523741762631511,-1.02486871271252e-08,-3.38731104626293e-05,-3.20299612938801e-07,0.000408785476595906
55959.5143755845,-4.24938034171237e-07,4.30974455250339e-05,-1.56286612566846e-07,-0.000520134516611776,-1.01080100874663e-08,-3.36398113887112e-05,-3.15902771405175e-07,0.000405970020088947
56347.6019130871,-4.19104889399955e-07,4.28006430246809e-05,-1.54141393904666e-07,-0.000516552115810971,-9.96926389327174e-09,-3.34081191754969e-05,-3.11566286300862e-07,0.000403173954591463
56738.380895261,-4.13351814859803e-07,4.25058841807595e-05,-1.52025618478262e-07,-0.000512994389095512,-9.83242204667907e-09,-3.31780227550888e-05,-3.07289329105968e-07,0.000400397146552577
57131.8699876742,-4.0767771148957e-07,4.22131549288266e-05,-1.49938882243933e-07,-0.000509461166510791,-9.69745841336694e-09,-3.29495111358355e-05,-3.03071082673625e-07,0.000397639463341178
57528.0879853436,-4.02081495312779e-07,4.192244130108e-05,-1.47880786700784e-07,-0.000505952279273044,-9.56434721756949e-09,-3.27225734018056e-05,-2.98910741073862e-07,0.000394900773239588
57927.053813632,-3.96562097230697e-07,4.16337294256984e-05,-1.45850938814741e-07,-0.000502467559761279,-9.43306303716029e-09,-3.24971987122667e-05,-2.94807509439656e-07,0.000392180945437272
58328.7865291527,-3.91118462818148e-07,4.13470055261843e-05,-1.43848950943595e-07,-0.000499006841509266,-9.30358079880255e-09,-3.22733763011665e-05,-2.90760603815056e-07,0.000389479850024587
58733.3053206791,-3.85749552122167e-07,4.10622559207123e-05,-1.41874440763087e-07,-0.000495569959197575,-9.17587577316687e-09,-3.20510954766185e-05,-2.8676925100543e-07,0.000386797357986585
59140.6295100621,-3.80454339463379e-07,4.07794670214808e-05,-1.3992703119399e-07,-0.000492156748645672,-9.04992357021334e-09,-3.18303456203903e-05,-2.82832688429736e-07,0.000384133341196845
59550.7785531519,-3.75231813240134e-07,4.04986253340695e-05,-1.38006350330208e-07,-0.000488767046804072,-8.92570013453943e-09,-3.1611116187397e-05,-2.78950163974841e-07,0.000381487672411361
59963.7720407286,-3.70080975735302e-07,4.02197174567997e-05,-1.36112031367838e-07,-0.000485400691746535,-8.8031817407905e-09,-3.1393396705196e-05,-2.75120935851828e-07,0.000378860225262459
60379.6296994364,-3.65000842925748e-07,3.99427300801002e-05,-1.34243712535224e-07,-0.000482057522662339,-8.68234498913412e-09,-3.11771767734873e-05,-2.71344272454289e-07,0.000376250874252769
60798.3713927276,-3.59990444294386e-07,3.96676499858765e-05,-1.32401037023952e-07,-0.000478737379848576,-8.5631668007957e-09,-3.09624460636154e-05,-2.67619452218539e-07,0.000373659494749222
61220.0171218097,-3.55048822644847e-07,3.93944640468849e-05,-1.30583652920802e-07,-0.000475440104702528,-8.44562441365578e-09,-3.07491943180767e-05,-2.6394576348578e-07,0.00037108596297711
61644.5870266023,-3.50175033918662e-07,3.91231592261105e-05,-1.28791213140624e-07,-0.000472165539714076,-8.32969537790726e-09,-3.05374113500281e-05,-2.60322504366126e-07,0.000368530156014164
62072.1013866976,-3.45368147014971e-07,3.88537225761499e-05,-1.27023375360142e-07,-0.00046891352845818,-8.21535755177243e-09,-3.03270870428006e-05,-2.56748982604521e-07,0.000365991951784694
62502.5806223305,-3.4062724361269e-07,3.85861412385969e-05,-1.25279801952651e-07,-0.000465683915587389,-8.10258909727837e-09,-3.01182113494156e-05,-2.53224515448475e-07,0.000363471229053749
62936.0452953524,-3.3595141799514e-07,3.83204024434344e-05,-1.23560159923626e-07,-0.000462476546824426,-7.99136847609065e-09,-2.99107742921049e-05,-2.49748429517637e-07,0.000360967867421336
63372.5161102152,-3.31339776877051e-07,3.80564935084275e-05,-1.21864120847195e-07,-0.000459291268954799,-7.88167444540364e-09,-2.97047659618332e-05,-2.46320060675133e-07,0.000358481747316663
63812.0139149584,-3.26791439233976e-07,3.77944018385242e-05,-1.201913608035e-07,-0.000456127929819493,-7.77348605388754e-09,-2.9500176517825e-05,-2.42938753900699e-07,0.000356012749992434
64254.5597022062,-3.22305536134009e-07,3.75341149252567e-05,-1.18541560316897e-07,-0.00045298637830768,-7.66678263769065e-09,-2.92969961870937e-05,-2.39603863165527e-07,0.000353560757519175
64700.1746101695,-3.17881210571842e-07,3.72756203461498e-05,-1.16914404295021e-07,-0.000449866464349508,-7.56154381649665e-09,-2.90952152639751e-05,-2.36314751308853e-07,0.000351125652779604
65148.8799236562,-3.13517617305078e-07,3.70189057641305e-05,-1.15309581968672e-07,-0.000446768038908918,-7.45774948963569e-09,-2.8894824109663e-05,-2.33070789916219e-07,0.000348707319463036
65600.697075087,-3.09213922692806e-07,3.67639589269442e-05,-1.13726786832533e-07,-0.000443690953976526,-7.35537983224901e-09,-2.86958131517486e-05,-2.29871359199426e-07,0.000346305642059829
66055.6476455202,-3.04969304536373e-07,3.65107676665731e-05,-1.12165716586694e-07,-0.000440635062562542,-7.25441529150586e-09,-2.8498172883763e-05,-2.2671584787811e-07,0.000343920505855868
66513.7533656814,-3.00782951922362e-07,3.62593198986589e-05,-1.10626073078983e-07,-0.000437600218689749,-7.15483658287255e-09,-2.83018938647229e-05,-2.23603653062972e-07,0.000341551796927088
66975.0361170023,-2.966540650677e-07,3.60096036219301e-05,-1.0910756224808e-07,-0.000434586277386521,-7.05662468643231e-09,-2.8106966718679e-05,-2.20534180140584e-07,0.000339199402134028
67439.5179326655,-2.92581855166917e-07,3.57616069176323e-05,-1.07609894067421e-07,-0.000431593094679896,-6.95976084325594e-09,-2.79133821342686e-05,-2.17506842659797e-07,0.000336863209116437
67907.2209986571,-2.88565544241478e-07,3.55153179489628e-05,-1.06132782489855e-07,-0.000428620527588691,-6.86422655182179e-09,-2.77211308642695e-05,-2.14521062219696e-07,0.000334543106287896
68378.167654826,-2.84604364991198e-07,3.52707249605093e-05,-1.04675945393078e-07,-0.000425668434116672,-6.77000356448529e-09,-2.75302037251593e-05,-2.11576268359096e-07,0.000332238982830499
68852.3803959518,-2.80697560647688e-07,3.50278162776916e-05,-1.03239104525797e-07,-0.000422736673245759,-6.67707388399638e-09,-2.73405915966751e-05,-2.08671898447556e-07,0.000329950728689556
69329.8818728181,-2.76844384829816e-07,3.4786580306208e-05,-1.01821985454645e-07,-0.000419825104929296,-6.58541976006508e-09,-2.71522854213788e-05,-2.0580739757789e-07,0.000327678234568339
69810.6948932956,-2.73044101401144e-07,3.45470055314846e-05,-1.00424317511816e-07,-0.000416933590085345,-6.4950236859738e-09,-2.69652762042235e-05,-2.02982218460147e-07,0.000325421391922858
70294.8424234306,-2.69295984329333e-07,3.43090805181294e-05,-9.9045833743419e-08,-0.00041406199059005,-6.4058683952364e-09,-2.67795550121238e-05,-2.00195821317059e-07,0.000323180092956684
70782.3475885425,-2.65599317547465e-07,3.4072793909389e-05,-9.76862708585409e-08,-0.000411210169271025,-6.31793685830271e-09,-2.65951129735289e-05,-1.97447673780907e-07,0.000320954230615792
71273.2336743282,-2.61953394817277e-07,3.38381344266095e-05,-9.63453691790081e-08,-0.000408377989900805,-6.23121227930859e-09,-2.64119412779986e-05,-1.94737250791818e-07,0.00031874369858346
71767.5241279742,-2.58357519594267e-07,3.36050908687012e-05,-9.5022872589833e-08,-0.000405565317190328,-6.14567809287014e-09,-2.62300311757821e-05,-1.9206403449745e-07,0.00031654839127518
72265.2425592773,-2.54811004894649e-07,3.33736521116066e-05,-9.37185284903434e-08,-0.000402772016782473,-6.06131796092221e-09,-2.60493739773999e-05,-1.89427514154052e-07,0.00031436820383362
72766.4127417709,-2.51313173164142e-07,3.31438071077726e-05,-9.24320877459802e-08,-0.00039999795524564,-5.97811576960006e-09,-2.58699610532287e-05,-1.86827186028894e-07,0.000312203032123618
73271.058613862,-2.47863356148549e-07,3.29155448856252e-05,-9.11633046407544e-08,-0.000397243000067367,-5.89605562616372e-09,-2.56917838330886e-05,-1.84262553304019e-07,0.000310052772727208
73779.2042799737,-2.44460894766121e-07,3.2688854549049e-05,-8.99119368303593e-08,-0.000394507019647999,-5.81512185596477e-09,-2.55148338058341e-05,-1.81733125981331e-07,0.000307917322938679
74290.8740116972,-2.41105138981663e-07,3.24637252768695e-05,-8.86777452959195e-08,-0.000391789883294401,-5.73529899945432e-09,-2.53391025189464e-05,-1.79238420788978e-07,0.00030579658075967
74806.0922489501,-2.37795447682382e-07,3.22401463223391e-05,-8.74604942983808e-08,-0.000389091461213708,-5.65657180923239e-09,-2.51645815781307e-05,-1.76777961089021e-07,0.0003036904448943
75324.8836011454,-2.34531188555417e-07,3.20181070126265e-05,-8.62599513335187e-08,-0.000386411624507122,-5.57892524713742e-09,-2.49912626469139e-05,-1.74351276786373e-07,0.000301598814744329
75847.2728483651,-2.31311737967073e-07,3.17975967483098e-05,-8.50758870875693e-08,-0.000383750245163754,-5.50234448137602e-09,-2.48191374462469e-05,-1.71957904238986e-07,0.000299521590404357
76373.2849425456,-2.28136480843695e-07,3.15786050028729e-05,-8.39080753934627e-08,-0.000381107196054501,-5.42681488369161e-09,-2.46481977541085e-05,-1.6959738616927e-07,0.000297458672657047
76902.9450086679,-2.25004810554187e-07,3.13611213222056e-05,-8.2756293187662e-08,-0.000378482350925978,-5.35232202657244e-09,-2.44784354051132e-05,-1.67269271576731e-07,0.00029540996296839
77436.2783459591,-2.21916128794133e-07,3.11451353241061e-05,-8.16203204675887e-08,-0.000375875584394475,-5.27885168049737e-09,-2.43098422901198e-05,-1.64973115651802e-07,0.000293375363482999
77973.3104290997,-2.18869845471521e-07,3.09306366977886e-05,-8.04999402496363e-08,-0.000373286771939972,-5.20638981121976e-09,-2.41424103558453e-05,-1.62708479690866e-07,0.000291354777019435
78514.0669094413,-2.15865378594023e-07,3.07176152033925e-05,-7.93949385277552e-08,-0.000370715789900183,-5.13492257708842e-09,-2.39761316044787e-05,-1.60474931012436e-07,0.000289348107065564
79058.5736162311,-2.12902154157833e-07,3.05060606714962e-05,-7.83051042326089e-08,-0.00036816251546465,-5.06443632640537e-09,-2.38109980932999e-05,-1.58272042874495e-07,0.000287355257773951
79606.8565578463,-2.09979606038015e-07,3.02959630026337e-05,-7.72302291912875e-08,-0.000365626826668869,-4.99491759481982e-09,-2.36470019342993e-05,-1.56099394392959e-07,0.000285376133957279
80158.9419230357,-2.07097175880377e-07,3.00873121668143e-05,-7.61701080875756e-08,-0.000363108602388467,-4.92635310275789e-09,-2.34841352938017e-05,-1.53956570461271e-07,0.000283410641083806
80714.8560821713,-2.04254312994806e-07,2.98800982030458e-05,-7.51245384227626e-08,-0.000360607722333408,-4.85872975288744e-09,-2.33223903920908e-05,-1.5184316167109e-07,0.000281458685272848
81274.6255885071,-2.01450474250087e-07,2.96743112188616e-05,-7.40933204769929e-08,-0.00035812406704225,-4.79203462761795e-09,-2.31617595030388e-05,-1.49758764234077e-07,0.000279520173290295
81838.2771794484,-1.98685123970149e-07,2.94699413898494e-05,-7.30762572711425e-08,-0.000355657517876426,-4.72625498663435e-09,-2.30022349537361e-05,-1.47702979904742e-07,0.000277595012544159
82405.8377778279,-1.95957733831748e-07,2.92669789591849e-05,-7.20731545292228e-08,-0.00035320795701459,-4.66137826446496e-09,-2.28438091241252e-05,-1.45675415904366e-07,0.000275683111080153
82977.3344931927,-1.93267782763541e-07,2.90654142371671e-05,-7.10838206412946e-08,-0.00035077526744697,-4.59739206808248e-09,-2.26864744466363e-05,-1.43675684845951e-07,0.000273784377577298
83552.7946230977,-1.90614756846562e-07,2.88652376007587e-05,-7.0108066626896e-08,-0.000348359332969788,-4.53428417453822e-09,-2.2530223405826e-05,-1.41703404660217e-07,0.000271898721343562
84132.2456544116,-1.87998149216042e-07,2.86664394931272e-05,-6.91457060989663e-08,-0.000345960038179701,-4.47204252862845e-09,-2.23750485380179e-05,-1.39758198522596e-07,0.000270026052311525
84715.7152646274,-1.85417459964599e-07,2.84690104231912e-05,-6.819655522827e-08,-0.000343577268468289,-4.410655240593e-09,-2.2220942430946e-05,-1.37839694781249e-07,0.000268166281034085
85303.2313231867,-1.82872196046738e-07,2.82729409651686e-05,-6.72604327083024e-08,-0.000341210910016573,-4.35011058384521e-09,-2.20678977234005e-05,-1.35947526886049e-07,0.000266319318680178
85894.8218928089,-1.80361871184676e-07,2.80782217581288e-05,-6.63371597206839e-08,-0.000338860849789586,-4.29039699273326e-09,-2.19159071048764e-05,-1.34081333318561e-07,0.000264485077030541
86490.5152308334,-1.77886005775445e-07,2.78848435055466e-05,-6.54265599010199e-08,-0.000336526975530959,-4.23150306033183e-09,-2.17649633152234e-05,-1.32240757522962e-07,0.000262663468473494
87090.3397905676,-1.75444126799285e-07,2.76927969748609e-05,-6.4528459305238e-08,-0.000334209175757567,-4.17341753626453e-09,-2.16150591442998e-05,-1.30425447837929e-07,0.000260854406000761
87694.3242226474,-1.73035767729281e-07,2.75020729970347e-05,-6.36426863763788e-08,-0.000331907339754195,-4.11612932455571e-09,-2.14661874316276e-05,-1.28635057429442e-07,0.000259057803203309
88302.4973764047,-1.70660468442252e-07,2.73126624661196e-05,-6.27690719118485e-08,-0.00032962135756825,-4.05962748151213e-09,-2.13183410660502e-05,-1.26869244224531e-07,0.000257273574267226
88914.8883012464,-1.6831777513085e-07,2.71245563388218e-05,-6.19074490311146e-08,-0.000327351120004507,-4.00390121363336e-09,-2.11715129853929e-05,-1.25127670845911e-07,0.000255501633969618
89531.5262480405,-1.66007240216877e-07,2.69377456340727e-05,-6.10576531438507e-08,-0.000325096518619892,-3.94893987555109e-09,-2.10256961761255e-05,-1.23410004547531e-07,0.000253741897674542
90152.440670515,-1.63728422265784e-07,2.67522214326006e-05,-6.02195219185119e-08,-0.000322857445718293,-3.8947329679965e-09,-2.08808836730266e-05,-1.21715917150998e-07,0.000251994281328961
90777.661226663,-1.61480885902348e-07,2.65679748765072e-05,-5.93928952513472e-08,-0.000320633794345428,-3.84127013579573e-09,-2.07370685588517e-05,-1.20045084982878e-07,0.000250258701458733
91407.217780161,-1.59264201727503e-07,2.63849971688455e-05,-5.85776152358309e-08,-0.000318425458283717,-3.78854116589256e-09,-2.05942439640018e-05,-1.18397188812857e-07,0.00024853507516462
92041.1404017939,-1.57077946236315e-07,2.62032795732012e-05,-5.77735261325188e-08,-0.00031623233204722,-3.7365359853985e-09,-2.04524030661958e-05,-1.16771913792747e-07,0.000246823320118334
92679.4593708925,-1.5492170173708e-07,2.60228134132773e-05,-5.69804743393126e-08,-0.00031405431087659,-3.68524465966939e-09,-2.03115390901441e-05,-1.15168949396337e-07,0.000245123354558597
93322.2051767786,-1.52795056271535e-07,2.58435900724806e-05,-5.61983083621372e-08,-0.000311891290734069,-3.63465739040858e-09,-2.0171645307225e-05,-1.13587989360064e-07,0.000243435097287246
93969.4085202226,-1.50697603536161e-07,2.56656009935121e-05,-5.54268787860147e-08,-0.000309743168298515,-3.58476451379588e-09,-2.00327150351634e-05,-1.12028731624495e-07,0.000241758467665345
94621.1003149089,-1.48628942804571e-07,2.54888376779595e-05,-5.46660382465406e-08,-0.000307609840960468,-3.53555649864249e-09,-1.98947416377114e-05,-1.10490878276624e-07,0.000240093385609343
95277.3116889132,-1.46588678850956e-07,2.53132916858923e-05,-5.39156414017455e-08,-0.000305491206817244,-3.48702394457091e-09,-1.97577185243308e-05,-1.08974135492947e-07,0.000238439771587239
95938.0739861886,-1.44576421874588e-07,2.51389546354607e-05,-5.31755449043488e-08,-0.000303387164668067,-3.43915758022008e-09,-1.96216391498789e-05,-1.07478213483333e-07,0.000236797546614793
96603.4187680637,-1.42591787425357e-07,2.49658182024961e-05,-5.24456073743869e-08,-0.000301297614009233,-3.39194826147496e-09,-1.94864970142953e-05,-1.06002826435648e-07,0.000235166632251748
97273.3778147489,-1.40634396330327e-07,2.47938741201149e-05,-5.17256893722222e-08,-0.000299222455029311,-3.34538696972053e-09,-1.93522856622916e-05,-1.0454769246116e-07,0.000233546950598085
97947.983126856,-1.38703874621307e-07,2.4623114178325e-05,-5.10156533719171e-08,-0.000297161588604365,-3.29946481011959e-09,-1.92189986830427e-05,-1.03112533540671e-07,0.000231938424290301
98627.2669269249,-1.36799853463407e-07,2.44535302236349e-05,-5.03153637349785e-08,-0.00029511491629323,-3.25417300991434e-09,-1.90866297098807e-05,-1.01697075471409e-07,0.000230340976497718
99311.2616609643,-1.34921969084581e-07,2.42851141586653e-05,-4.96246866844575e-08,-0.000293082340332798,-3.20950291675113e-09,-1.89551724199904e-05,-1.00301047814635e-07,0.000228754530918809
100000,-1.33069862706139e-07,2.4117857941764e-05,-4.89434902794078e-08,-0.000291063763633351,-3.16544599702829e-09,-1.88246205341079e-05,-9.89241838439748e-08,0.000227179011777556
