Frequency_Hz,Y11_Real,Y11_Imag,Y12_Real,Y12_Imag,Y21_Real,Y21_Imag,Y22_Real,Y22_Imag
0.1,0.481209248264437,-0.00372226724057725,0.243741252369037,0.000446916746796153,-0.124688425969869,0.000447032549595841,-0.587209474323507,-5.0253452216615e-05
0.100693514841637,0.481209143574259,-0.00374810384711528,0.243741270513098,0.000450022874503939,-0.124688527825632,0.000450141098912215,-0.587210430072467,-5.05556258360677e-05
0.10139183931163,0.481209037378986,-0.00377412009479375,0.243741288921308,0.000453150683294465,-0.124688631085888,0.000453271379887869,-0.587211399063472,-5.08589270548677e-05
0.102095006765465,0.481208929656333,-0.00380031723898488,0.243741307597667,0.000456300326433122,-0.124688735769816,0.000456423546842311,-0.587212381479142,-5.11633435125829e-05
0.102803050789954,0.481208820383668,-0.00382669654396287,0.243741326546241,0.000459471958308301,-0.124688841896855,0.000459597755239953,-0.58721337750459,-5.14688623436885e-05
0.103516005204838,0.481208709538006,-0.00385325928296968,0.243741345771161,0.000462665734440426,-0.124688949486701,0.000462794161699581,-0.587214387327459,-5.17754701655423e-05
0.104233904064403,0.481208597096003,-0.0038800067382812,0.243741365276625,0.000465881811491057,-0.124689058559316,0.000466012924003926,-0.587215411137953,-5.20831530658634e-05
0.104956781659108,0.481208483033949,-0.00390694020127412,0.2437413850669,0.000469120347272092,-0.124689169134926,0.000469254201109333,-0.587216449128871,-5.23918965900684e-05
0.105684672517218,0.481208367327765,-0.00393406097249315,0.243741405146322,0.000472381500755051,-0.12468928123403,0.000472518153155532,-0.587217501495646,-5.27016857282993e-05
0.106417611406461,0.481208249952991,-0.00396137036171895,0.243741425519298,0.000475665432080449,-0.124689394877399,0.000475804941475489,-0.587218568436374,-5.30125049022188e-05
0.10715563333568,0.481208130884787,-0.00398886968803651,0.243741446190306,0.000478972302567268,-0.124689510086081,0.000479114728605393,-0.587219650151854,-5.33243379514277e-05
0.107898773556513,0.481208010097918,-0.00401656027990421,0.243741467163899,0.000482302274722532,-0.124689626881405,0.000482447678294731,-0.587220746845623,-5.36371681196454e-05
0.108647067565072,0.481207887566756,-0.00404444347522331,0.243741488444702,0.000485655512250943,-0.124689745284983,0.000485803955516449,-0.587221858723992,-5.3950978040649e-05
0.109400551103639,0.481207763265264,-0.0040725206214081,0.243741510037419,0.000489032180064649,-0.124689865318716,0.000489183726477251,-0.587222985996081,-5.42657497238329e-05
0.110159260162376,0.481207637166999,-0.00410079307545658,0.24374153194683,0.00049243244429309,-0.124689987004797,0.000492587158627983,-0.587224128873864,-5.45814645394986e-05
0.11092323098104,0.481207509245097,-0.00412926220402177,0.243741554177793,0.000495856472292937,-0.124690110365713,0.000496014420674134,-0.587225287572196,-5.48981032037731e-05
0.111692500050717,0.481207379472268,-0.00415792938348359,0.243741576735246,0.000499304432658154,-0.124690235424249,0.000499465682586459,-0.58722646230886,-5.52156457632874e-05
0.112467104115564,0.481207247820792,-0.00418679600002129,0.243741599624211,0.000502776495230133,-0.124690362203493,0.00050294111561168,-0.587227653304603,-5.55340715795091e-05
0.113247080174565,0.481207114262507,-0.00421586344968654,0.24374162284979,0.000506272831107945,-0.124690490726841,0.000506440892283343,-0.587228860783174,-5.58533593127269e-05
0.114032465483296,0.481206978768805,-0.00424513313847711,0.243741646417173,0.000509793612658691,-0.124690621017998,0.000509965186432754,-0.587230084971366,-5.61734869056404e-05
0.114823297555707,0.481206841310619,-0.00427460648241117,0.243741670331632,0.000513339013527969,-0.124690753100983,0.000513514173200069,-0.587231326099056,-5.64944315666824e-05
0.115619614165913,0.481206701858423,-0.00430428490760214,0.243741694598532,0.000516909208650421,-0.124690887000132,0.000517088029045456,-0.587232584399243,-5.68161697529768e-05
0.116421453349997,0.481206560382216,-0.0043341698503343,0.243741719223322,0.000520504374260413,-0.124691022740105,0.000520686931760414,-0.587233860108095,-5.71386771529431e-05
0.117228853407829,0.481206416851519,-0.00436426275713888,0.243741744211546,0.000524124687902811,-0.124691160345887,0.000524311060479206,-0.587235153464987,-5.74619286684216e-05
0.118041852904894,0.481206271235366,-0.0043945650848709,0.243741769568839,0.000527770328443864,-0.124691299842794,0.0005279605956904,-0.587236464712542,-5.77858983965771e-05
0.118860490674132,0.481206123502291,-0.00442507830078661,0.243741795300932,0.00053144147608221,-0.124691441256474,0.000531635719248551,-0.587237794096679,-5.81105596113296e-05
0.1196848058178,0.481205973620327,-0.00445580388262158,0.243741821413649,0.000535138312359991,-0.124691584612916,0.000535336614386006,-0.587239141866653,-5.84358847443844e-05
0.120514837709331,0.481205821556988,-0.0044867433186694,0.243741847912916,0.000538861020174066,-0.12469172993845,0.000539063465724827,-0.587240508275098,-5.87618453659414e-05
0.12135062599522,0.481205667279268,-0.0045178981078612,0.243741874804756,0.000542609783787373,-0.124691877259752,0.000542816459288867,-0.587241893578077,-5.90884121649121e-05
0.122192210596917,0.481205510753628,-0.00454926975984563,0.243741902095296,0.000546384788840374,-0.124692026603852,0.000546595782515945,-0.587243298035119,-5.94155549287698e-05
0.123039631712731,0.481205351945986,-0.00458085979506969,0.243741929790763,0.000550186222362641,-0.124692177998133,0.000550401624270196,-0.587244721909272,-5.97432425228986e-05
0.123892929819754,0.48120519082171,-0.00461266974486015,0.243741957897495,0.00055401427278456,-0.124692331470337,0.000554234174854519,-0.587246165467147,-6.00714428696733e-05
0.124752145675793,0.481205027345605,-0.00464470115150563,0.243741986421933,0.000557869129949146,-0.124692487048573,0.000558093626023171,-0.587247628978963,-6.04001229269138e-05
0.125617320321316,0.481204861481905,-0.00467695556833956,0.243742015370629,0.000561750985123989,-0.124692644761316,0.000561980170994536,-0.587249112718596,-6.07292486659722e-05
0.126488495081411,0.481204693194264,-0.00470943455982361,0.243742044750247,0.000565660031013337,-0.124692804637417,0.000565894004463979,-0.587250616963627,-6.1058785049424e-05
0.127365711567764,0.481204522445743,-0.00474213970163198,0.243742074567565,0.000569596461770283,-0.124692966706101,0.000569835322616891,-0.587252141995391,-6.13886960081078e-05
0.128249011680643,0.481204349198798,-0.00477507258073635,0.243742104829478,0.000573560473009092,-0.124693130996978,0.000573804323141845,-0.587253688099024,-6.17189444179073e-05
0.129138437610901,0.481204173415277,-0.0048082347954916,0.243742135542996,0.000577552261817674,-0.124693297540044,0.000577801205243927,-0.587255255563516,-6.20494920758677e-05
0.130034031841991,0.481203995056399,-0.00484162795572227,0.243742166715252,0.000581572026770159,-0.124693466365688,0.000581826169658206,-0.58725684468176,-6.23802996759446e-05
0.130935837151994,0.481203814082751,-0.00487525368280965,0.243742198353502,0.000585619967939633,-0.124693637504693,0.000585879418663343,-0.5872584557506,-6.27113267841067e-05
0.131843896615665,0.481203630454269,-0.00490911360977973,0.243742230465125,0.000589696286910986,-0.124693810988244,0.000589961156095372,-0.587260089070889,-6.30425318130998e-05
0.132758253606487,0.481203444130233,-0.00494320938139201,0.24374226305763,0.000593801186793937,-0.124693986847934,0.00059407158736165,-0.587261744947536,-6.33738719964319e-05
0.133678951798747,0.481203255069253,-0.00497754265422871,0.243742296138655,0.000597934872236138,-0.124694165115765,0.000598210919454909,-0.58726342368956,-6.37053033621382e-05
0.134606035169616,0.481203063229254,-0.00501211509678517,0.243742329715969,0.000602097549436484,-0.124694345824154,0.000602379360967539,-0.587265125610144,-6.40367807057118e-05
0.135539548001256,0.481202868567466,-0.0050469283895608,0.243742363797479,0.000606289426158517,-0.12469452900594,0.000606577122105987,-0.587266851026692,-6.43682575626053e-05
0.136479534882933,0.481202671040413,-0.00508198422515084,0.243742398391227,0.000610510711744012,-0.124694714694389,0.000610804414705342,-0.587268600260878,-6.46996861802043e-05
0.137426040713143,0.481202470603896,-0.00511728430833899,0.243742433505397,0.000614761617126677,-0.124694902923195,0.00061506145224408,-0.587270373638705,-6.50310174890312e-05
0.138379110701763,0.481202267212982,-0.00515283035619074,0.243742469148316,0.000619042354846036,-0.12469509372649,0.000619348449858977,-0.587272171490563,-6.53622010736016e-05
0.139338790372205,0.481202060821993,-0.00518862409814764,0.243742505328457,0.000623353139061437,-0.124695287138847,0.000623665624360203,-0.58727399415128,-6.5693185142511e-05
0.140305125563594,0.481201851384487,-0.00522466727612233,0.243742542054439,0.000627694185566227,-0.124695483195284,0.000628013194246596,-0.587275841960186,-6.60239164978968e-05
0.141278162432955,0.481201638853247,-0.00526096164459428,0.243742579335038,0.000632065711802075,-0.124695681931272,0.000632391379721082,-0.587277715261167,-6.63543405043446e-05
0.14225794745742,0.481201423180268,-0.00529750897070665,0.24374261717918,0.000636467936873465,-0.124695883382739,0.000636800402706324,-0.587279614402724,-6.6684401057171e-05
0.143244527436446,0.48120120431674,-0.00533431103436379,0.24374265559595,0.000640901081562344,-0.124696087586074,0.000641240486860512,-0.587281539738035,-6.70140405498454e-05
0.14423794949405,0.481200982213034,-0.00537136962832952,0.243742694594596,0.000645365368342911,-0.124696294578135,0.000645711857593353,-0.587283491625014,-6.73431998411342e-05
0.145238261081064,0.481200756818686,-0.00540868655832656,0.243742734184528,0.000649861021396617,-0.124696504396252,0.000650214742082265,-0.587285470426369,-6.76718182210864e-05
0.146245509977397,0.481200528082383,-0.00544626364313666,0.243742774375322,0.000654388266627282,-0.124696717078233,0.000654749369288738,-0.58728747650967,-6.79998333766585e-05
0.147259744294318,0.481200295951947,-0.00548410271470148,0.243742815176728,0.000658947331676414,-0.124696932662373,0.000659315969974892,-0.587289510247405,-6.83271813565894e-05
0.148281012476756,0.481200060374316,-0.00552220561822468,0.243742856598668,0.000663538445938691,-0.124697151187453,0.000663914776720252,-0.587291572017048,-6.86537965353951e-05
0.149309363305612,0.481199821295532,-0.00556057421227469,0.243742898651241,0.000668161840577602,-0.124697372692753,0.000668546023938707,-0.587293662201118,-6.89796115767166e-05
0.150344845900091,0.48119957866072,-0.00559921036888839,0.243742941344729,0.000672817748541296,-0.12469759721805,0.000673209947895653,-0.58729578118725,-6.9304557396066e-05
0.151387509720044,0.481199332414076,-0.00563811597367593,0.243742984689596,0.00067750640457858,-0.124697824803632,0.000677906786725396,-0.587297929368253,-6.96285631224536e-05
0.152437404568337,0.481199082498842,-0.00567729292592611,0.243743028696496,0.000682228045255106,-0.124698055490295,0.000682636780448701,-0.58730010714218,-6.9951556059579e-05
0.153494580593225,0.481198828857295,-0.00571674313871309,0.243743073376277,0.000686982908969757,-0.124698289319358,0.000687400170990581,-0.587302314912398,-7.02734616460365e-05
0.154559088290748,0.481198571430724,-0.00575646853900375,0.243743118739979,0.000691771235971187,-0.12469852633266,0.000692197202198315,-0.587304553087648,-7.0594203414806e-05
0.155630978507143,0.481198310159415,-0.00579647106776629,0.243743164798845,0.000696593268374604,-0.124698766572572,0.000697028119859664,-0.587306822082119,-7.09137029517026e-05
0.156710302441275,0.48119804498263,-0.00583675268007945,0.243743211564321,0.000701449250178671,-0.124699010082002,0.000701893171721288,-0.587309122315515,-7.12318798533895e-05
0.15779711164708,0.481197775838587,-0.0058773153452431,0.243743259048062,0.000706339427282676,-0.124699256904398,0.000706792607507458,-0.587311454213127,-7.15486516840169e-05
0.158891458036027,0.481197502664441,-0.0059181610468895,0.243743307261934,0.000711264047503839,-0.124699507083758,0.000711726678938897,-0.5873138182059,-7.18639339314653e-05
0.159993393879601,0.481197225396263,-0.00595929178309579,0.243743356218022,0.000716223360594866,-0.124699760664631,0.000716695639751939,-0.587316214730508,-7.21776399623258e-05
0.161102971811794,0.481196943969021,-0.00600070956649728,0.24374340592863,0.000721217618261652,-0.124700017692131,0.000721699745717872,-0.587318644229424,-7.24896809761524e-05
0.162220244831628,0.481196658316558,-0.00604241642440206,0.243743456406289,0.000726247074181267,-0.124700278211933,0.000726739254662533,-0.587321107150993,-7.27999659587766e-05
0.163345266305675,0.48119636837157,-0.00608441439890628,0.243743507663761,0.000731311984020055,-0.124700542270288,0.000731814426486138,-0.587323603949511,-7.31084016346167e-05
0.164478089970617,0.481196074065581,-0.00612670554701075,0.243743559714041,0.00073641260545203,-0.124700809914027,0.000736925523183375,-0.587326135085289,-7.341489241805e-05
0.165618769935804,0.481195775328927,-0.00616929194073852,0.243743612570367,0.000741549198177428,-0.124701081190562,0.000742072808863724,-0.587328701024741,-7.37193403637301e-05
0.166767360685846,0.481195472090729,-0.00621217566725348,0.243743666246218,0.000746722023941511,-0.1247013561479,0.000747256549772039,-0.587331302240452,-7.40216451160652e-05
0.167923917083208,0.481195164278869,-0.00625535882898009,0.243743720755327,0.00075193134655357,-0.124701634834645,0.000752477014309377,-0.587333939211256,-7.43217038574814e-05
0.169088494370839,0.481194851819968,-0.00629884354372416,0.243743776111681,0.000757177431906161,-0.124701917300004,0.000757734473054102,-0.587336612422317,-7.46194112557913e-05
0.170261148174801,0.481194534639358,-0.0063426319447948,0.243743832329525,0.00076246054799457,-0.124702203593795,0.000763029198783238,-0.587339322365208,-7.49146594103689e-05
0.171441934506935,0.481194212661064,-0.00638672618112734,0.243743889423374,0.000767780964936494,-0.124702493766456,0.00076836146649409,-0.587342069537987,-7.52073377973742e-05
0.172630909767531,0.481193885807769,-0.00643112841740758,0.243743947408012,0.000773138954991969,-0.124702787869044,0.000773731553426148,-0.587344854445279,-7.54973332137213e-05
0.173828130748022,0.481193554000796,-0.00647584083419698,0.2437440062985,0.000778534792583533,-0.12470308595325,0.000779139739083241,-0.587347677598361,-7.57845297200965e-05
0.1750336546337,0.481193217160077,-0.00652086562805915,0.243744066110183,0.000783968754316626,-0.124703388071401,0.000784586305256015,-0.58735053951524,-7.60688085826439e-05
0.176247539006444,0.481192875204126,-0.00656620501168735,0.243744126858694,0.000789441119000213,-0.124703694276466,0.000790071536044631,-0.587353440720736,-7.63500482136234e-05
0.177469841847474,0.481192528050014,-0.00661186121403328,0.243744188559962,0.000794952167667695,-0.124704004622066,0.000795595717881807,-0.587356381746569,-7.66281241108002e-05
0.178700621540116,0.481192175613336,-0.00665783648043705,0.243744251230218,0.000800502183598031,-0.124704319162477,0.000801159139556117,-0.587359363131442,-7.69029087956813e-05
0.179939936872594,0.481191817808188,-0.00670413307275824,0.243744314885997,0.000806091452337134,-0.12470463795264,0.000806762092235604,-0.587362385421129,-7.71742717504131e-05
0.181187847040838,0.481191454547129,-0.0067507532695083,0.243744379544152,0.00081172026171952,-0.124704961048166,0.00081240486949168,-0.587365449168557,-7.74420793535624e-05
0.182444411651309,0.48119108574116,-0.00679769936598405,0.243744445221854,0.000817388901890211,-0.124705288505342,0.000818087767323344,-0.587368554933899,-7.77061948144184e-05
0.183709690723849,0.481190711299686,-0.00684497367440248,0.243744511936604,0.000823097665326896,-0.124705620381139,0.000823811084181693,-0.587371703284656,-7.79664781061715e-05
0.184983744694544,0.481190331130488,-0.00689257852403688,0.243744579706235,0.000828846846862404,-0.124705956733221,0.000829575120994756,-0.587374894795755,-7.82227858977386e-05
0.186266634418617,0.481189945139688,-0.00694051626135395,0.243744648548923,0.000834636743707363,-0.124706297619946,0.000835380181192645,-0.587378130049631,-7.84749714840272e-05
0.187558421173328,0.481189553231718,-0.00698878925015252,0.243744718483193,0.000840467655473234,-0.124706643100378,0.000841226570733038,-0.587381409636323,-7.87228847150476e-05
0.188859166660905,0.481189155309288,-0.00703739987170334,0.243744789527925,0.000846339884195546,-0.124706993234293,0.000847114598126955,-0.587384734153563,-7.89663719235889e-05
0.190168933011491,0.481188751273346,-0.00708635052489017,0.243744861702365,0.000852253734357436,-0.124707348082184,0.00085304457446491,-0.587388104206873,-7.92052758512574e-05
0.191487782786108,0.481188341023049,-0.00713564362635236,0.24374493502613,0.000858209512913521,-0.12470770770527,0.000859016813443384,-0.587391520409655,-7.94394355732586e-05
0.192815778979652,0.48118792445572,-0.00718528161062849,0.243745009519217,0.000864207529313984,-0.124708072165501,0.000865031631391609,-0.587394983383287,-7.9668686421723e-05
0.194152985023894,0.481187501466819,-0.00723526693030151,0.24374508520201,0.000870248095529005,-0.124708441525565,0.000871089347298751,-0.587398493757218,-7.98928599071991e-05
0.195499464790516,0.4811870719499,-0.00728560205614529,0.24374516209529,0.000876331526073487,-0.124708815848899,0.000877190282841424,-0.587402052169068,-8.01117836389392e-05
0.196855282594159,0.481186635796574,-0.00733628947727232,0.243745240220245,0.000882458138032063,-0.124709195199691,0.000883334762411512,-0.587405659264721,-8.03252812435831e-05
0.198220503195496,0.48118619289647,-0.00738733170128296,0.243745319598472,0.000888628251084435,-0.124709579642888,0.000889523113144452,-0.587409315698426,-8.05331722819047e-05
0.199595191804325,0.481185743137194,-0.00743873125441605,0.243745400251996,0.000894842187531008,-0.124709969244205,0.0008957556649478,-0.587413022132895,-8.07352721642965e-05
0.200979414082682,0.481185286404291,-0.00749049068170083,0.24374548220327,0.000901100272318842,-0.124710364070131,0.000902032750530194,-0.587416779239408,-8.09313920644567e-05
0.202373236147981,0.481184822581199,-0.00754261254711042,0.243745565475191,0.000907402833067942,-0.124710764187936,0.000908354705430721,-0.587420587697905,-8.11213388313137e-05
0.203776724576168,0.481184351549208,-0.00759509943371658,0.243745650091104,0.000913750200097835,-0.124711169665676,0.000914721868048629,-0.587424448197097,-8.1304914899348e-05
0.205189946404906,0.481183873187416,-0.00764795394384608,0.243745736074819,0.00092014270645451,-0.124711580572204,0.000921134579673452,-0.587428361434564,-8.14819181970336e-05
0.206612969136771,0.481183387372687,-0.00770117869923831,0.243745823450612,0.000926580687937678,-0.124711996977172,0.00092759318451552,-0.587432328116864,-8.16521420535649e-05
0.208045860742482,0.481182893979599,-0.0077547763412046,0.243745912243243,0.000933064483128376,-0.124712418951045,0.000934098029736871,-0.58743634895963,-8.18153751037803e-05
0.209488689664142,0.481182392880404,-0.00780874953078884,0.243746002477964,0.000939594433416892,-0.124712846565098,0.000940649465482565,-0.587440424687684,-8.19714011912193e-05
0.210941524818514,0.481181883944976,-0.0078631009489298,0.243746094180528,0.000946170883031081,-0.124713279891434,0.000947247844912439,-0.587444556035139,-8.21199992691105e-05
0.212404435600306,0.481181367040763,-0.00791783329662462,0.243746187377203,0.000952794179064977,-0.124713719002983,0.000953893524233211,-0.587448743745508,-8.22609432998347e-05
0.21387749188549,0.48118084203274,-0.00797294929509425,0.243746282094781,0.000959464671507809,-0.124714163973509,0.000960586862731083,-0.587452988571815,-8.23940021520142e-05
0.215360764034637,0.481180308783352,-0.0080284516859501,0.24374637836059,0.00096618271327334,-0.124714614877625,0.000967328222804732,-0.587457291276698,-8.25189394958736e-05
0.21685432289628,0.48117976715247,-0.00808434323136244,0.243746476202509,0.000972948660229613,-0.124715071790788,0.000974117969998749,-0.587461652632529,-8.26355136963677e-05
0.218358239810298,0.481179216997328,-0.00814062671423019,0.243746575648975,0.000979762871229023,-0.124715534789315,0.000980956473037488,-0.587466073421515,-8.27434777046013e-05
0.21987258661132,0.481178658172478,-0.00819730493835266,0.243746676728998,0.000986625708138815,-0.124716003950388,0.000987844103859443,-0.58747055443582,-8.28425789466333e-05
0.22139743563216,0.481178090529728,-0.00825438072860232,0.243746779472175,0.00099353753587191,-0.124716479352056,0.000994781237651973,-0.587475096477673,-8.29325592106162e-05
0.222932859707273,0.481177513918089,-0.00831185693109973,0.243746883908702,0.00100049872241815,-0.124716961073246,0.00100176825288657,-0.58747970035948,-8.30131545314847e-05
0.224478932176229,0.481176928183712,-0.00836973641338969,0.243746990069385,0.00100750963887593,-0.124717449193771,0.00100880553135455,-0.587484366903946,-8.3084095073481e-05
0.22603572688722,0.481176333169835,-0.00842802206461935,0.243747097985658,0.00101457065948422,-0.124717943794332,0.00101589345820324,-0.587489096944184,-8.31451050106041e-05
0.227603318200585,0.481175728716718,-0.00848671679571778,0.243747207689593,0.00102168216165499,-0.124718444956527,0.00102303242197262,-0.587493891323836,-8.31959024043677e-05
0.229181780992365,0.481175114661581,-0.00854582353957726,0.243747319213918,0.00102884452600605,-0.124718952762858,0.00103022281463251,-0.58749875089719,-8.32361990796629e-05
0.230771190657875,0.481174490838541,-0.00860534525123615,0.243747432592028,0.00103605813639428,-0.124719467296736,0.00103746503162012,-0.587503676529297,-8.32657004980267e-05
0.23237162311531,0.481173857078548,-0.00866528490806373,0.243747547858003,0.00104332337994929,-0.124719988642488,0.00104475947187828,-0.587508669096093,-8.32841056284811e-05
0.233983154809368,0.48117321320932,-0.00872564550994654,0.24374766504662,0.00105064064710751,-0.124720516885363,0.00105210653789404,-0.587513729484516,-8.32911068159026e-05
0.235605862714901,0.481172559055271,-0.00878643007947631,0.243747784193373,0.00105801033164671,-0.12472105211154,0.00105950663573778,-0.587518858592629,-8.32863896471775e-05
0.237239824340596,0.481171894437443,-0.00884764166214006,0.243747905334486,0.00106543283072093,-0.124721594408131,0.00106696017510298,-0.587524057329746,-8.32696328142424e-05
0.238885117732672,0.48117121917344,-0.00890928332651151,0.243748028506932,0.00107290854489585,-0.124722143863189,0.00107446756934633,-0.587529326616545,-8.32405079752158e-05
0.240541821478611,0.481170533077349,-0.0089713581644445,0.243748153748444,0.00108043787818464,-0.124722700565713,0.00108202923552853,-0.587534667385201,-8.31986796122758e-05
0.242210014710909,0.481169835959669,-0.00903386929126817,0.243748281097542,0.00108802123808424,-0.124723264605655,0.00108964559445555,-0.587540080579507,-8.31438048873451e-05
0.24388977711086,0.481169127627236,-0.00909681984598391,0.243748410593542,0.00109565903561205,-0.124723836073924,0.00109731707072043,-0.587545567154999,-8.30755334948058e-05
0.24558118891236,0.481168407883143,-0.0091602129914639,0.243748542276577,0.00110335168534316,-0.124724415062393,0.00110504409274568,-0.587551128079081,-8.29935075114391e-05
0.247284330905736,0.481167676526664,-0.00922405191465201,0.243748676187619,0.00111109960544801,-0.124725001663904,0.00111282709282622,-0.587556764331156,-8.28973612436446e-05
0.24899928444161,0.481166933353173,-0.00928833982676591,0.243748812368492,0.0011189032177305,-0.124725595972273,0.00112066650717291,-0.587562476902747,-8.27867210718564e-05
0.250726131434783,0.481166178154057,-0.00935307996350141,0.243748950861895,0.00112676294766657,-0.124726198082297,0.0011285627759566,-0.587568266797633,-8.26612052917675e-05
0.252464954368146,0.481165410716636,-0.00941827558523859,0.243749091711422,0.00113467922444338,-0.124726808089755,0.00113651634335287,-0.587574135031973,-8.25204239529587e-05
0.254215836296621,0.481164630824078,-0.00948392997724979,0.243749234961582,0.00114265248099879,-0.124727426091417,0.00114452765758723,-0.587580082634435,-8.23639786942248e-05
0.25597886085113,0.481163838255303,-0.00955004644990931,0.243749380657818,0.00115068315406152,-0.124728052185048,0.00115259717098102,-0.587586110646331,-8.219146257607e-05
0.257754112242586,0.481163032784903,-0.00961662833890539,0.243749528846532,0.00115877168419165,-0.12472868646941,0.00116072533999789,-0.587592220121745,-8.2002459909955e-05
0.259541675265918,0.481162214183042,-0.00968367900545364,0.243749679575104,0.00116691851582177,-0.12472932904427,0.00116891262529089,-0.587598412127667,-8.17965460843117e-05
0.261341635304121,0.481161382215364,-0.0097512018365128,0.243749832891913,0.00117512409729852,-0.124729980010402,0.00117715949175015,-0.58760468774412,-8.15732873877262e-05
0.263154078332332,0.481160536642897,-0.00981920024500211,0.243749988846367,0.00118338888092476,-0.12473063946959,0.00118546640855129,-0.587611048064303,-8.13322408282358e-05
0.26497909092194,0.481159677221957,-0.00988767767002086,0.243750147488917,0.00119171332300213,-0.124731307524637,0.00119383384920434,-0.587617494194713,-8.10729539500316e-05
0.266816760244719,0.481158803704043,-0.00995663757706967,0.243750308871089,0.00120009788387432,-0.124731984279363,0.00120226229160337,-0.587624027255289,-8.07949646461636e-05
0.268667174076992,0.481157915835735,-0.0100260834582741,0.243750473045503,0.00120854302797067,-0.124732669838611,0.00121075221807684,-0.587630648379542,-8.04978009682489e-05
0.270530420803823,0.481157013358591,-0.0100960188326096,0.243750640065903,0.00121704922385049,-0.124733364308249,0.00121930411543847,-0.587637358714691,-8.01809809324178e-05
0.27240658942324,0.481156096009039,-0.0101664472461293,0.243750809987178,0.00122561694424784,-0.124734067795175,0.00122791847503888,-0.587644159421799,-7.98440123219724e-05
0.274295769550488,0.481155163518264,-0.0102373722721928,0.243750982865393,0.00123424666611681,-0.12473478040732,0.00123659579281788,-0.58765105167591,-7.94863924862693e-05
0.276198051422303,0.4811542156121,-0.0103087975116981,0.243751158757812,0.00124293887067755,-0.124735502253647,0.00124533656935745,-0.587658036666185,-7.91076081361197e-05
0.278113525901229,0.481153252010913,-0.0103807265933141,0.243751337722931,0.0012516940434626,-0.124736233444158,0.00125414130993542,-0.58766511559604,-7.87071351352059e-05
0.280042284479955,0.481152272429482,-0.010453163173717,0.243751519820498,0.00126051267436404,-0.12473697408989,0.00126301052457981,-0.587672289683282,-7.82844382881537e-05
0.281984419285683,0.481151276576883,-0.0105261109378267,0.243751705111552,0.00126939525768109,-0.124737724302925,0.00127194472812393,-0.58767956016025,-7.78389711244692e-05
0.283940023084533,0.481150264156363,-0.0105995735990468,0.243751893658445,0.00127834229216824,-0.124738484196383,0.00128094444026219,-0.587686928273948,-7.73701756787287e-05
0.285909189285972,0.481149234865216,-0.0106735548995057,0.243752085524877,0.00128735428108414,-0.124739253884428,0.00129001018560659,-0.58769439528619,-7.68774822666463e-05
0.287892011947275,0.481148188394656,-0.0107480586103004,0.243752280775924,0.00129643173224091,-0.12474003348227,0.00129914249374403,-0.587701962473733,-7.63603092575893e-05
0.289888585778017,0.481147124429683,-0.0108230885317417,0.243752479478073,0.00130557515805416,-0.12474082310616,0.00130834189929423,-0.587709631128422,-7.58180628425142e-05
0.291899006144599,0.481146042648953,-0.0108986484936023,0.243752681699253,0.00131478507559358,-0.124741622873396,0.00131760894196855,-0.587717402557322,-7.52501367981828e-05
0.293923369074803,0.48114494272464,-0.010974742355366,0.243752887508868,0.00132406200663411,-0.124742432902318,0.00132694416662948,-0.587725278082862,-7.46559122469237e-05
0.295961771262377,0.481143824322293,-0.0110513740064793,0.243753096977832,0.0013334064777078,-0.124743253312312,0.00133634812335086,-0.587733259042977,-7.40347574123973e-05
0.298014310071653,0.481142687100699,-0.011128547366606,0.243753310178605,0.00134281902015622,-0.124744084223807,0.00134582136747899,-0.587741346791239,-7.33860273708364e-05
0.300081083542203,0.481141530711734,-0.0112062663858823,0.243753527185228,0.00135230017018355,-0.124744925758271,0.00135536445969442,-0.587749542697005,-7.27090637980821e-05
0.302162190393513,0.481140354800212,-0.011284535045175,0.243753748073359,0.00136185046891022,-0.124745778038214,0.00136497796607456,-0.587757848145551,-7.20031947122196e-05
0.304257730029708,0.481139159003737,-0.0113633573563416,0.243753972920312,0.00137147046242736,-0.124746641187184,0.00137466245815712,-0.587766264538215,-7.12677342114831e-05
0.306367802544292,0.481137942952545,-0.0114427373624923,0.243754201805096,0.00138116070185167,-0.124747515329764,0.00138441851300427,-0.587774793292533,-7.05019822078851e-05
0.308492508724934,0.481136706269343,-0.0115226791382543,0.243754434808451,0.00139092174338111,-0.124748400591568,0.00139424671326775,-0.587783435842381,-6.97052241560581e-05
0.31063195005828,0.48113544856915,-0.0116031867900379,0.243754672012895,0.00140075414835119,-0.124749297099241,0.00140414764725464,-0.58779219363811,-6.88767307775173e-05
0.312786228734801,0.481134169459131,-0.0116842644563049,0.243754913502758,0.00141065848329187,-0.124750204980452,0.00141412190899408,-0.587801068146689,-6.80157577800794e-05
0.314955447653674,0.481132868538424,-0.0117659163078389,0.243755159364229,0.00142063531998519,-0.124751124363889,0.00142417009830479,-0.587810060851842,-6.71215455725627e-05
0.317139710427697,0.481131545397969,-0.0118481465480179,0.243755409685399,0.00143068523552356,-0.124752055379259,0.00143429282086336,-0.587819173254182,-6.61933189744779e-05
0.319339121388238,0.481130199620329,-0.0119309594130889,0.243755664556304,0.00144080881236869,-0.124752998157278,0.00144449068827354,-0.587828406871352,-6.52302869208615e-05
0.321553785590219,0.481128830779514,-0.012014359172444,0.24375592406897,0.00145100663841119,-0.124753952829665,0.00145476431813626,-0.587837763238163,-6.42316421622102e-05
0.323783808817133,0.481127438440789,-0.0120983501288996,0.243756188317463,0.00146127930703095,-0.124754919529138,0.00146511433412054,-0.587847243906725,-6.31965609590029e-05
0.326029297586097,0.481126022160491,-0.0121829366189767,0.243756457397931,0.00147162741715803,-0.124755898389406,0.00147554136603533,-0.587856850446589,-6.21242027715047e-05
0.328290359152942,0.481124581485834,-0.0122681230131835,0.24375673140866,0.00148205157333442,-0.12475688954516,0.00148604604990217,-0.587866584444874,-6.10137099438662e-05
0.330567101517332,0.48112311595471,-0.0123539137163006,0.243757010450117,0.00149255238577636,-0.124757893132068,0.00149662902802876,-0.587876447506409,-5.98642073834643e-05
0.332859633427924,0.481121625095493,-0.0124403131676671,0.243757294625004,0.00150313047043746,-0.124758909286761,0.00150729094908339,-0.587886441253862,-5.86748022345374e-05
0.335168064387565,0.481120108426826,-0.0125273258414698,0.243757584038313,0.00151378644907243,-0.124759938146829,0.00151803246817036,-0.587896567327872,-5.74445835464649e-05
0.337492504658521,0.481118565457419,-0.0126149562470335,0.243757878797373,0.00152452094930156,-0.124760979850806,0.00152885424690617,-0.58790682738718,-5.61726219366204e-05
0.339833065267741,0.481116995685828,-0.0127032089291139,0.243758179011914,0.00153533460467591,-0.124762034538163,0.00153975695349675,-0.587917223108763,-5.48579692476736e-05
0.342189858012163,0.481115398600241,-0.0127920884681923,0.243758484794112,0.00154622805474322,-0.124763102349293,0.00155074126281551,-0.587927756187956,-5.34996581992991e-05
0.344562995464054,0.48111377367825,-0.0128815994807716,0.243758796258656,0.00155720194511443,-0.124764183425502,0.00156180785648242,-0.587938428338588,-5.2096702033988e-05
0.346952590976386,0.481112120386627,-0.0129717466196754,0.243759113522802,0.00156825692753112,-0.124765277908993,0.0015729574229439,-0.5879492412931,-5.06480941574183e-05
0.349358758688252,0.481110438181086,-0.0130625345743478,0.243759436706434,0.00157939365993342,-0.124766385942854,0.0015841906575537,-0.587960196802675,-4.91528077728315e-05
0.351781613530314,0.48110872650605,-0.0131539680711561,0.243759765932126,0.00159061280652882,-0.124767507671041,0.00159550826265479,-0.587971296637362,-4.76097955093707e-05
0.354221271230298,0.481106984794403,-0.0132460518736941,0.243760101325204,0.00160191503786165,-0.124768643238367,0.00160691094766206,-0.587982542586194,-4.60179890448692e-05
0.356677848318515,0.481105212467246,-0.0133387907830889,0.243760443013812,0.00161330103088321,-0.12476979279048,0.00161839942914607,-0.587993936457311,-4.43762987222263e-05
0.359151462133436,0.48110340893364,-0.0134321896383075,0.243760791128976,0.00162477146902276,-0.12477095647385,0.00162997443091775,-0.588005480078075,-4.26836131597746e-05
0.361642230827288,0.481101573590349,-0.013526253316467,0.243761145804674,0.00163632704225906,-0.12477213443575,0.00164163668411401,-0.588017175295191,-4.09387988556387e-05
0.364150273371703,0.481099705821575,-0.0136209867331455,0.243761507177902,0.00164796844719278,-0.124773326824237,0.00165338692728432,-0.588029023974817,-3.91406997857502e-05
0.366675709563398,0.481097804998692,-0.0137163948426945,0.243761875388747,0.0016596963871196,-0.124774533788129,0.00166522590647833,-0.58804102800268,-3.7288136995689e-05
0.369218660029898,0.481095870479963,-0.0138124826385539,0.24376225058046,0.00167151157210391,-0.124775755476991,0.00167715437533441,-0.58805318928418,-3.53799081857786e-05
0.371779246235299,0.481093901610268,-0.0139092551535678,0.243762632899527,0.00168341471905343,-0.124776992041105,0.00168917309516909,-0.588065509744507,-3.34147872905893e-05
0.374357590486067,0.48109189772081,-0.0140067174603023,0.243763022495747,0.00169540655179436,-0.124778243631454,0.00170128283506767,-0.588077991328735,-3.1391524050739e-05
0.376953815936883,0.481089858128826,-0.0141048746713642,0.243763419522308,0.00170748780114741,-0.124779510399693,0.00171348437197559,-0.588090636001933,-2.93088435794481e-05
0.379568046596523,0.48108778213729,-0.0142037319397226,0.24376382413587,0.00171965920500438,-0.124780792498129,0.00172577849079096,-0.588103445749262,-2.71654459215592e-05
0.382200407333782,0.481085669034603,-0.0143032944590302,0.243764236496639,0.0017319215084056,-0.124782090079689,0.00173816598445793,-0.588116422576071,-2.49600056062838e-05
0.384851023883439,0.481083518094285,-0.0144035674639473,0.243764656768458,0.00174427546361801,-0.124783403297897,0.00175064765406121,-0.588129568507994,-2.26911711930511e-05
0.387520022852263,0.481081328574661,-0.0145045562304662,0.243765085118885,0.00175672183021392,-0.124784732306846,0.0017632243089214,-0.588142885591036,-2.03575648108079e-05
0.390207531725059,0.481079099718529,-0.0146062660762379,0.243765521719285,0.00176926137515051,-0.124786077261164,0.00177589676669142,-0.588156375891667,-1.79577816901977e-05
0.392913678870758,0.481076830752839,-0.0147087023608995,0.243765966744916,0.00178189487285005,-0.124787438315989,0.00178866585345393,-0.588170041496902,-1.54903896888159e-05
0.395638593548549,0.481074520888349,-0.0148118704864021,0.24376642037502,0.00179462310528073,-0.124788815626933,0.00180153240381962,-0.588183884514383,-1.29539288100944e-05
0.398382405914052,0.481072169319286,-0.0149157758973414,0.243766882792916,0.00180744686203826,-0.12479020935005,0.00181449726102669,-0.588197907072457,-1.03469107139847e-05
0.401145247025537,0.481069775222991,-0.0150204240812877,0.243767354186098,0.00182036694042807,-0.1247916196418,0.00182756127704109,-0.58821211132025,-7.66781822193752e-06
0.403927248850181,0.481067337759566,-0.0151258205691183,0.243767834746326,0.00183338414554828,-0.124793046659016,0.00184072531265791,-0.588226499427735,-4.91510481374913e-06
0.406728544270374,0.481064856071508,-0.0152319709353496,0.243768324669731,0.00184649929037321,-0.124794490558865,0.00185399023760367,-0.588241073585798,-2.08719411771974e-06
0.409549267090063,0.481062329283333,-0.0153388807984711,0.243768824156914,0.00185971319583765,-0.124795951498808,0.00186735693063963,-0.5882558360063,8.17520606627431e-07
0.412389552041149,0.481059756501204,-0.0154465558212793,0.243769333413052,0.00187302669092168,-0.124797429636561,0.001880826279666,-0.588270788922136,3.80067699297382e-06
0.415249534789915,0.481057136812539,-0.0155550017112132,0.243769852648,0.00188644061273628,-0.124798925130056,0.00189439918182726,-0.588285934587281,6.86394410000235e-06
0.418129351943512,0.481054469285617,-0.0156642242206891,0.243770382076405,0.00189995580660933,-0.124800438137392,0.00190807654361828,-0.588301275276843,1.00090229506189e-05
0.421029141056481,0.481051752969182,-0.0157742291474376,0.243770921917813,0.00191357312617246,-0.124801968816795,0.00192185928099154,-0.588316813287105,1.32376470782652e-05
0.423949040637325,0.481048986892024,-0.0158850223348398,0.243771472396786,0.00192729343344835,-0.124803517326572,0.0019357483194652,-0.588332550935562,1.65515830813784e-05
0.426889190155123,0.48104617006257,-0.0159966096722639,0.243772033743014,0.00194111759893865,-0.124805083825059,0.0019497445942322,-0.588348490560952,1.99526311842613e-05
0.429849730046193,0.481043301468453,-0.0161089970954031,0.243772606191439,0.00195504650171252,-0.124806668470574,0.00196384905027025,-0.588364634523284,2.34426258066411e-05
0.432830801720801,0.481040380076082,-0.0162221905866125,0.24377318998237,0.00196908102949567,-0.124808271421367,0.00197806264245278,-0.588380985203863,2.70234361398891e-05
0.435832547569911,0.481037404830195,-0.0163361961752466,0.243773785361615,0.00198322207875998,-0.124809892835566,0.00199238633566078,-0.588397545005297,3.06969667312057e-05
0.438855110971994,0.481034374653416,-0.0164510199379966,0.2437743925806,0.00199747055481363,-0.12481153287112,0.00200682110489562,-0.588414316351515,3.4465158075328e-05
0.441898636299867,0.481031288445788,-0.0165666679992279,0.243775011896503,0.00201182737189171,-0.124813191685747,0.00202136793539269,-0.588431301687765,3.83299872139531e-05
0.444963268927599,0.481028145084313,-0.0166831465313169,0.243775643572386,0.00202629345324739,-0.124814869436871,0.002036027822736,-0.588448503480615,4.22934683425857e-05
0.448049155237445,0.48102494342247,-0.0168004617549874,0.243776287877331,0.00204086973124352,-0.124816566281565,0.00205080177297364,-0.588465924217938,4.63576534254218e-05
0.451156442626847,0.481021682289733,-0.0169186199396471,0.243776945086575,0.00205555714744463,-0.124818282376486,0.00206569080273408,-0.5884835664089,5.05246328174058e-05
0.454285279515466,0.481018360491075,-0.0170376274037228,0.243777615481656,0.00207035665270946,-0.124820017877815,0.00208069593934341,-0.588501432583936,5.47965358946162e-05
0.457435815352278,0.481014976806469,-0.0171574905149955,0.243778299350554,0.00208526920728382,-0.124821772941188,0.0020958182209433,-0.588519525294717,5.91755316915188e-05
0.46060820062271,0.48101152999037,-0.0172782156909335,0.243778996987842,0.00210029578089377,-0.124823547721626,0.00211105869660987,-0.588537847114113,6.36638295468811e-05
0.463802586855826,0.481008018771197,-0.0173998093990264,0.243779708694833,0.00211543735283939,-0.124825342373469,0.00212641842647339,-0.588556400636147,6.82636797566527e-05
0.467019126631568,0.481004441850802,-0.0175222781571156,0.243780434779735,0.00213069491208852,-0.124827157050301,0.00214189848183864,-0.588575188475942,7.29773742348949e-05
0.470257973588042,0.481000797903927,-0.0176456285337257,0.243781175557814,0.00214606945737119,-0.124828991904876,0.00215749994530621,-0.588594213269657,7.78072471822738e-05
0.473519282428857,0.480997085577655,-0.0177698671483932,0.243781931351545,0.00216156199727395,-0.12483084708904,0.00217322391089445,-0.588613477674419,8.27556757622416e-05
0.476803208930514,0.480993303490852,-0.0178950006719935,0.243782702490786,0.00217717355033472,-0.124832722753655,0.00218907148416214,-0.588632984368241,8.78250807850867e-05
0.480109909949849,0.480989450233593,-0.0180210358270673,0.243783489312939,0.0021929051451377,-0.124834619048515,0.00220504378233201,-0.588652736049939,9.30179273991583e-05
0.483439543431522,0.480985524366584,-0.0181479793881438,0.243784292163123,0.0022087578204085,-0.124836536122262,0.00222114193441469,-0.588672735439029,9.83367257903489e-05
0.486792268415562,0.480981524420573,-0.0182758381820627,0.243785111394351,0.00222473262510937,-0.124838474122303,0.00223736708133365,-0.588692985275625,0.000103784031888432
0.490168245044966,0.480977448895749,-0.0184046190882936,0.24378594736771,0.00224083061853459,-0.124840433194719,0.00225372037605048,-0.588713488320322,0.000109362448081712
0.493567634573345,0.48097329626113,-0.0185343290392533,0.243786800452536,0.00225705287040587,-0.124842413484172,0.00227020298369101,-0.588734247354071,0.000115074623938588
0.496990599372628,0.480969064953942,-0.0186649750206198,0.243787671026609,0.0022734004609678,-0.124844415133818,0.00228681608167185,-0.588755265178039,0.000120923256936828
0.500437302940819,0.480964753378989,-0.0187965640716446,0.243788559476338,0.00228987448108326,-0.124846438285203,0.00230356085982758,-0.58877654461347,0.000126911093200011
0.503907909909802,0.480960359908012,-0.0189291032854612,0.243789466196957,0.0023064760323288,-0.124848483078171,0.00232043852053848,-0.588798088501519,0.000133040928242067
0.50740258605321,0.48095588287903,-0.019062599809391,0.243790391592725,0.00232320622708993,-0.124850549650759,0.00233745027885873,-0.588819899703093,0.000139315607717932
0.510921498294339,0.480951320595684,-0.0191970608452453,0.243791336077122,0.00234006618865612,-0.124852638139093,0.00235459736264493,-0.588841981098667,0.000145738028182324
0.514464814714125,0.480946671326554,-0.0193324936496245,0.243792300073065,0.0023570570513158,-0.124854748677283,0.0023718810126854,-0.588864335588092,0.000152311137855438
0.518032704559168,0.480941933304481,-0.019468905534213,0.243793284013109,0.00237417996045099,-0.124856881397312,0.00238930248282949,-0.588886966090397,0.000159037937395384
0.52162533824982,0.480937104725866,-0.0196063038660703,0.243794288339669,0.00239143607263159,-0.124859036428923,0.0024068630401175,-0.588909875543571,0.000165921480678094
0.525242887388322,0.480932183749961,-0.019744696067918,0.243795313505239,0.00240882655570945,-0.124861213899507,0.00242456396491081,-0.58893306690434,0.000172964875583603
0.528885524767003,0.480927168498151,-0.0198840896184227,0.24379635997261,0.00242635258891192,-0.124863413933979,0.00244240655102235,-0.588956543147922,0.000180171284789282
0.532553424376533,0.480922057053224,-0.0200244920524736,0.243797428215105,0.00244401536293489,-0.124865636654663,0.00246039210584723,-0.58898030726778,0.000187543926569861
0.536246761414231,0.480916847458627,-0.0201659109614561,0.243798518716811,0.00246181608003549,-0.124867882181163,0.00247852195049365,-0.589004362275354,0.000195086075603812
0.539965712292437,0.480911537717714,-0.0203083539935198,0.243799631972813,0.00247975595412396,-0.124870150630239,0.00249679741991395,-0.589028711199783,0.000202801063786173
0.543710454646936,0.48090612579298,-0.0204518288538411,0.243800768489439,0.00249783621085501,-0.124872442115672,0.00251521986303566,-0.589053357087609,0.000210692281047337
0.547481167345445,0.480900609605282,-0.0205963433048814,0.243801928784509,0.00251605808771844,-0.124874756748137,0.00253379064289284,-0.589078303002475,0.000218763176178888
0.551278030496154,0.480894987033053,-0.0207419051666377,0.243803113387583,0.00253442283412894,-0.12487709463506,0.00255251113675712,-0.5891035520248,0.000227017257663858
0.55510122545633,0.480889255911501,-0.0208885223168888,0.243804322840223,0.00255293171151497,-0.12487945588048,0.00257138273626899,-0.589129107251443,0.000235458094514474
0.558950934840979,0.480883414031796,-0.0210362026914344,0.24380555769625,0.00257158599340688,-0.124881840584909,0.00259040684756883,-0.589154971795353,0.000244089317114199
0.56282734253157,0.480877459140243,-0.0211849542843278,0.243806818522018,0.00259038696552378,-0.12488424884518,0.00260958489142786,-0.589181148785203,0.000252914618065897
0.566730633684818,0.480871388937453,-0.0213347851481021,0.243808105896677,0.00260933592585952,-0.124886680754298,0.00262891830337887,-0.589207641365005,0.000261937753045144
0.570660994741526,0.480865201077488,-0.0214857033939891,0.243809420412461,0.00262843418476742,-0.12488913640129,0.00264840853384669,-0.589234452693714,0.000271162541658682
0.574618613435493,0.480858893167004,-0.0216377171921306,0.243810762674965,0.00264768306504368,-0.124891615871045,0.00266805704827835,-0.589261585944813,0.000280592868307172
0.578603678802477,0.480852462764377,-0.0217908347717829,0.243812133303433,0.00266708390200958,-0.124894119244153,0.00268786532727288,-0.58928904430588,0.000290232683053421
0.582616381189231,0.480845907378821,-0.0219450644215124,0.243813532931057,0.00268663804359215,-0.124896646596742,0.00270783486671066,-0.589316830978144,0.000300086002494288
0.586656912262587,0.480839224469492,-0.0221004144893841,0.243814962205269,0.00270634685040336,-0.124899198000311,0.00272796717788226,-0.589344949176014,0.000310156910637266
0.590725465018618,0.480832411444575,-0.0222568933831405,0.243816421788055,0.00272621169581774,-0.124901773521557,0.00274826378761673,-0.589373402126601,0.000320449559780778
0.594822233791852,0.480825465660369,-0.0224145095703731,0.243817912356258,0.00274623396604815,-0.124904373222202,0.00276872623840919,-0.589402193069213,0.000330968171397689
0.598947414264556,0.48081838442035,-0.0225732715786837,0.243819434601899,0.00276641506021993,-0.124906997158812,0.00278935608854788,-0.58943132525484,0.000341717037023154
0.603101203476082,0.480811164974232,-0.0227331879958367,0.243820989232499,0.00278675639044297,-0.124909645382615,0.00281015491224021,-0.589460801945614,0.000352700519144516
0.607283799832281,0.480803804517002,-0.0228942674699025,0.243822576971406,0.00280725938188192,-0.124912317939317,0.00283112429973814,-0.58949062641425,0.000363923052094955
0.611495403114975,0.480796300187959,-0.0230565187093899,0.243824198558129,0.00282792547282415,-0.124915014868909,0.00285226585746258,-0.589520801943475,0.000375389142948657
0.615736214491506,0.480788649069728,-0.0232199504833689,0.243825854748682,0.00284875611474551,-0.124917736205474,0.00287358120812676,-0.589551331825431,0.000387103372419206
0.620006436524339,0.480780848187271,-0.0233845716215829,0.243827546315925,0.00286975277237381,-0.124920481976988,0.00289507199085855,-0.589582219361058,0.000399070395758622
0.624306273180741,0.480772894506876,-0.0235503910145497,0.243829274049921,0.00289091692374975,-0.124923252205123,0.00291673986132161,-0.589613467859464,0.000411294943659296
0.628635929842521,0.48076478493515,-0.0237174176136522,0.243831038758293,0.00291225006028536,-0.124926046905034,0.00293858649183536,-0.589645080637261,0.000423781823155528
0.632995613315842,0.480756516317979,-0.0238856604312163,0.243832841266593,0.00293375368681963,-0.124928866085154,0.00296061357149352,-0.589677061017898,0.000436535918527131
0.637385531841099,0.480748085439498,-0.0240551285405782,0.243834682418665,0.00295542932167139,-0.124931709746978,0.00298282280628132,-0.589709412330958,0.000449562192202851
0.641805895102865,0.48073948902103,-0.024225831076139,0.243836563077034,0.00297727849668919,-0.124934577884847,0.00300521591919115,-0.58974213791144,0.000462865685663477
0.646256914239905,0.480730723720031,-0.0243977772334069,0.243838484123282,0.00299930275729816,-0.124937470485724,0.00302779465033678,-0.589775241099022,0.000476451520345422
0.650738801855265,0.480721786129005,-0.0245709762690269,0.243840446458445,0.00302150366254351,-0.124940387528969,0.00305056075706562,-0.589808725237294,0.000490324898542505
0.655251772026422,0.480712672774426,-0.024745437500797,0.243842451003406,0.00304388278513083,-0.124943328986109,0.00307351601406951,-0.589842593672976,0.000504491104307253
0.659796040315516,0.480703380115635,-0.0249211703076717,0.243844498699304,0.0030664417114628,-0.124946294820603,0.00309666221349345,-0.589876849755114,0.000518955504349605
0.664371823779638,0.480693904543731,-0.0250981841297507,0.243846590507943,0.00308918204167218,-0.124949284987602,0.00312000116504242,-0.589911496834245,0.000533723548934661
0.668979340981204,0.480684242380452,-0.0252764884682544,0.243848727412212,0.00311210538965116,-0.12495229943371,0.00314353469608621,-0.589946538261546,0.000548800772776636
0.673618811998395,0.480674389877043,-0.025456092885485,0.243850910416506,0.00313521338307671,-0.124955338096734,0.00316726465176194,-0.589981977387961,0.000564192795930063
0.678290458435663,0.480664343213113,-0.0256370070047723,0.243853140547164,0.00315850766343167,-0.124958400905433,0.00319119289507447,-0.590017817563299,0.000579905324677804
0.682994503434323,0.480654098495481,-0.025819240510405,0.243855418852901,0.00318198988602193,-0.124961487779263,0.00321532130699439,-0.590054062135308,0.000595944152413957
0.687731171683206,0.480643651757018,-0.0260028031475467,0.243857746405262,0.00320566171998875,-0.124964598628119,0.00323965178655349,-0.590090714448735,0.000612315160523125
0.692500689429393,0.480632998955465,-0.0261877047221355,0.243860124299068,0.00322952484831691,-0.124967733352066,0.00326418625093771,-0.590127777844346,0.000629024319253463
0.697303284489026,0.480622135972255,-0.0263739551007685,0.243862553652879,0.00325358096783779,-0.124970891841078,0.00328892663557745,-0.590165255657935,0.000646077688584767
0.70213918625818,0.480611058611316,-0.0265615642105694,0.243865035609463,0.00327783178922775,-0.12497407397476,0.00331387489423491,-0.5902031512193,0.000663481419089451
0.70700862572383,0.480599762597869,-0.0267505420390397,0.243867571336268,0.00330227903700126,-0.124977279622071,0.00333903299908878,-0.590241467851201,0.000681241752787082
0.71191183547488,0.480588243577212,-0.026940898633893,0.243870162025905,0.00332692444949888,-0.124980508641049,0.00336440294081566,-0.590280208868286,0.000699365023991122
0.716849049713269,0.480576497113502,-0.0271326441028717,0.243872808896635,0.00335176977886968,-0.124983760878518,0.00338998672866856,-0.590319377575993,0.000717857660147536
0.721820504265165,0.480564518688516,-0.0273257886135469,0.24387551319287,0.00337681679104812,-0.124987036169803,0.00341578639055196,-0.590358977269433,0.000736726182664404
0.726826436592224,0.480552303700417,-0.027520342393099,0.243878276185673,0.00340206726572494,-0.124990334338436,0.00344180397309366,-0.590399011232239,0.000755977207732322
0.731867085802933,0.4805398474625,-0.027716315728082,0.243881099173269,0.00342752299631234,-0.124993655195856,0.00346804154171311,-0.590439482735394,0.000775617447134724
0.736942692664033,0.480527145201936,-0.0279137189641679,0.243883983481566,0.00345318578990258,-0.124996998541108,0.00349450118068606,-0.590480395036033,0.000795653709046884
0.742053499612018,0.480514192058505,-0.0281125625058727,0.243886930464679,0.00347905746722044,-0.125000364160537,0.00352118499320558,-0.590521751376213,0.000816092898824089
0.747199750764715,0.480500983083325,-0.0283128568162637,0.243889941505462,0.003505139862569,-0.125003751827476,0.00354809510143917,-0.590563554981668,0.000836942019777159
0.752381691932944,0.480487513237564,-0.0285146124166471,0.243893018016052,0.00353143482376855,-0.125007161301931,0.00357523364658197,-0.590605809060528,0.000858208173935282
0.757599570632259,0.480473777391161,-0.0287178398862363,0.243896161438416,0.00355794421208858,-0.125010592330266,0.00360260278890584,-0.590648516802016,0.000879898562794995
0.762853636094773,0.480459770321519,-0.0289225498617998,0.243899373244906,0.00358466990217246,-0.125014044644872,0.00363020470780423,-0.590691681375117,0.000902020488055183
0.768144139281058,0.480445486712213,-0.02912875303729,0.24390265493882,0.00361161378195479,-0.125017517963849,0.00365804160183269,-0.590735305927221,0.000924581352336334
0.773471332892138,0.480430921151675,-0.0293364601634503,0.243906008054978,0.00363877775257093,-0.125021011990667,0.00368611568874498,-0.590779393582744,0.000947588659884618
0.778835471381553,0.480416068131882,-0.0295456820474026,0.243909434160296,0.00366616372825888,-0.125024526413837,0.00371442920552455,-0.590823947441712,0.000971050017258723
0.784236810967519,0.480400922047033,-0.0297564295522133,0.24391293485437,0.00369377363625291,-0.125028060906568,0.00374298440841123,-0.590868970578331,0.000994973133999211
0.78967560964516,0.480385477192226,-0.0299687135964386,0.243916511770073,0.00372160941666888,-0.125031615126424,0.00377178357292323,-0.590914466039523,0.00101936582328011
0.795152127198837,0.480369727762129,-0.0301825451536488,0.243920166574154,0.00374967302238114,-0.125035188714981,0.0038008289938741,-0.590960436843436,0.00104423600254089
0.800666625214554,0.480353667849639,-0.0303979352519297,0.243923900967843,0.00377796641889052,-0.12503878129747,0.00383012298538446,-0.591006885977931,0.00106959169409865
0.806219367092452,0.480337291444547,-0.0306148949733641,0.243927716687469,0.00380649158418345,-0.125042392482429,0.00385966788088878,-0.591053816399041,0.00109544102573977
0.811810618059391,0.480320592432195,-0.03083343545349,0.243931615505079,0.00383525050858174,-0.125046021861341,0.00388946603313647,-0.591101231029404,0.00112179223128955
0.817440645181619,0.480303564592128,-0.031053567880737,0.243935599229072,0.00386424519458295,-0.125049669008272,0.00391951981418782,-0.591149132756673,0.00114865365115982
0.823109717377527,0.480286201596743,-0.0312753034958415,0.243939669704831,0.00389347765669105,-0.125053333479508,0.00394983161540407,-0.591197524431893,0.00117603373287273
0.828818105430497,0.480268497009941,-0.0314986535912377,0.243943828815371,0.00392294992123714,-0.125057014813188,0.00398040384743189,-0.591246408867861,0.00120394103156102
0.834566082001833,0.480250444285767,-0.0317236295104272,0.243948078481986,0.00395266402618992,-0.125060712528923,0.00401123894018189,-0.591295788837457,0.00123238421044236
0.840353921643785,0.480232036767057,-0.031950242647326,0.243952420664912,0.0039826220209558,-0.125064426127433,0.00404233934280126,-0.59134566707195,0.0012613720412683
0.846181900812664,0.480213267684082,-0.0321785044455877,0.243956857363985,0.00401282596616837,-0.125068155090159,0.0040737075236402,-0.59139604625928,0.00129091340474644
0.852050297882047,0.480194130153184,-0.0324084263979052,0.243961390619322,0.00404327793346678,-0.125071898878883,0.00410534597021215,-0.591446929042313,0.00132101729093395
0.857959393156072,0.480174617175422,-0.0326400200452876,0.243966022511991,0.00407398000526308,-0.125075656935347,0.00413725718914761,-0.591498318017077,0.00135169279960393
0.863909468882829,0.480154721635207,-0.0328732969763158,0.243970755164704,0.00410493427449812,-0.125079428680861,0.00416944370614153,-0.591550215730972,0.00138294914058021
0.86990080926784,0.48013443629895,-0.0331082688263733,0.243975590742502,0.00413614284438577,-0.125083213515915,0.00420190806589402,-0.591602624680954,0.00141479563404326
0.875933700487633,0.480113753813699,-0.0333449472768557,0.243980531453462,0.00416760782814518,-0.125087010819784,0.00423465283204455,-0.591655547311699,0.00144724171080479
0.882008430703416,0.480092666705782,-0.0335833440543544,0.243985579549394,0.00419933134872082,-0.125090819950132,0.00426768058709879,-0.591708986013748,0.00148029691254734
0.888125290074835,0.480071167379453,-0.0338234709298197,0.243990737326559,0.00423131553849028,-0.125094640242615,0.0043009939323492,-0.591762943121621,0.00151397089203473
0.894284570773836,0.480049248115539,-0.0340653397176984,0.243996007126384,0.00426356253895905,-0.125098471010479,0.00433459548778789,-0.591817420911918,0.00154827341328495
0.900486566998624,0.480026901070088,-0.0343089622750499,0.244001391336187,0.00429607450044274,-0.125102311544156,0.00436848789201266,-0.591872421601397,0.00158321435170913
0.906731574987708,0.480004118273023,-0.0345543505006374,0.244006892389906,0.00432885358173569,-0.125106161110861,0.00440267380212567,-0.591927947345028,0.0016188036942151
0.913019893034057,0.479980891626795,-0.034801516333997,0.244012512768836,0.00436190194976653,-0.125110018954181,0.00443715589362459,-0.591984000234035,0.00165505153927289
0.919351821499347,0.479957212905044,-0.0350504717544836,0.244018255002369,0.00439522177923966,-0.125113884293671,0.00447193686028632,-0.592040582293911,0.00169196809694289
0.925727662828307,0.479933073751266,-0.035301228780293,0.244024121668744,0.00442881525226308,-0.125117756324437,0.00450701941404312,-0.592097695482418,0.00172956368886551
0.932147721563161,0.479908465677476,-0.0355537994674618,0.244030115395797,0.00446268455796172,-0.125121634216729,0.00454240628485088,-0.592155341687574,0.0017678487482104
0.938612304358183,0.479883380062885,-0.0358081959088437,0.24403623886172,0.00449683189207649,-0.125125517115521,0.00457810022054973,-0.592213522725616,0.00180683381958635
0.945121719994339,0.479857808152581,-0.0360644302330634,0.244042494795822,0.00453125945654851,-0.125129404140103,0.0046141039867166,-0.59227224033895,0.00184652955890791
0.951676279394036,0.479831741056211,-0.036322514603448,0.244048885979303,0.00456596945908836,-0.125133294383656,0.00465042036650984,-0.592331496194088,0.00188694673322187
0.958276295635973,0.479805169746674,-0.0365824612169354,0.244055415246018,0.00460096411273014,-0.125137186912843,0.00468705216050574,-0.59239129187957,0.00192809622048884
0.964922083970099,0.479778085058824,-0.0368442823029609,0.24406208548326,0.00463624563537004,-0.125141080767384,0.00472400218652679,-0.592451628903868,0.00196998900932155
0.971613961832666,0.479750477688169,-0.0371079901223214,0.244068899632539,0.00467181624928908,-0.125144974959641,0.00476127327946183,-0.592512508693284,0.0020126361986782
0.978352248861393,0.479722338189592,-0.0373735969660176,0.244075860690371,0.00470767818066005,-0.125148868474195,0.0047988682910777,-0.592573932589833,0.00205604899751027
0.985137266910738,0.479693656976067,-0.0376411151540745,0.244082971709062,0.00474383365903808,-0.12515276026743,0.00483679008982254,-0.59263590184912,0.00210023872436371
0.991969340067262,0.479664424317394,-0.0379105570343408,0.244090235797505,0.00478028491683483,-0.12515664926711,0.00487504156062057,-0.592698417638198,0.00214521680693214
0.998848794665118,0.479634630338938,-0.0381819349812663,0.244097656121978,0.00481703418877601,-0.125160534371962,0.00491362560465848,-0.59276148103343,0.0021909947815642
1.00577595930163,0.479604265020371,-0.0384552613946589,0.244105235906939,0.00485408371134177,-0.125164414451252,0.00495254513916284,-0.592825093018337,0.00223758429271895
1.01275116485301,0.479573318194441,-0.038730548698421,0.244112978435834,0.00489143572219026,-0.12516828834437,0.00499180309716928,-0.592889254481438,0.00228499709237492
1.01977474449012,0.479541779545729,-0.039007809339265,0.244120887051901,0.0049290924595635,-0.125172154860409,0.0050314024272827,-0.592953966214093,0.00233324503938687
1.02684703369442,0.479509638609434,-0.0392870557854087,0.244128965158976,0.00496705616167572,-0.125176012777746,0.00507134609342866,-0.593019228908335,0.00238234009879273
1.033968370274,0.479476884770159,-0.0395683005252516,0.244137216222308,0.00500532906608399,-0.125179860843627,0.00511163707459617,-0.593085043154706,0.00243229434106829
1.04113909437969,0.479443507260711,-0.0398515560660307,0.244145643769368,0.00504391340904052,-0.125183697773752,0.00515227836457142,-0.593151409440084,0.00248311994133071
1.0483595485213,0.479409495160909,-0.0401368349324581,0.244154251390665,0.00508281142482698,-0.125187522251855,0.00519327297166286,-0.593218328145524,0.00253482917848885
1.05563007758401,0.47937483739641,-0.0404241496653399,0.244163042740561,0.00512202534507018,-0.125191332929299,0.00523462391841715,-0.593285799544085,0.00258743443434006
1.06295102884484,0.479339522737537,-0.0407135128201751,0.244172021538086,0.00516155739803898,-0.125195128424658,0.0052763342413263,-0.59335382379867,0.00264094819261401
1.07032275198921,0.479303539798128,-0.0410049369657391,0.244181191567761,0.00520140980792255,-0.125198907323311,0.00531840699052588,-0.593422400959872,0.00269538303796157
1.07774559912768,0.479266877034389,-0.0412984346826468,0.244190556680411,0.00524158479408935,-0.125202668177035,0.0053608452294843,-0.593491530963818,0.00275075165488961
1.08521992481272,0.479229522743766,-0.0415940185619009,0.244200120793986,0.00528208457032691,-0.125206409503599,0.00540365203468301,-0.593561213630031,0.00280706682664039
1.0927460860557,0.479191465063825,-0.0418917012034221,0.244209887894379,0.00532291134406223,-0.125210129786364,0.00544683049528796,-0.593631448659291,0.00286434143401559
1.1003244423439,0.479152691971146,-0.0421914952145622,0.244219862036243,0.00536406731556233,-0.12521382747388,0.00549038371281193,-0.593702235631516,0.00292258845414509
1.10795535565772,0.479113191280227,-0.0424934132086034,0.244230047343812,0.00540555467711529,-0.125217500979493,0.00553431480076802,-0.593773574003648,0.0029818209591988
1.11563919048792,0.479072950642403,-0.0427974678032398,0.244240448011713,0.00544737561219113,-0.125221148680953,0.00557862688431433,-0.593845463107561,0.00304205211504344
1.12337631385307,0.47903195754478,-0.0431036716190451,0.244251068305783,0.00548953229458253,-0.125224768920019,0.00562332309988952,-0.593917902147977,0.00310329517984165
1.13116709531708,0.478990199309176,-0.043412037277925,0.244261912563883,0.00553202688752547,-0.12522836000208,0.00566840659483982,-0.593990890200404,0.00316556350259603
1.13901190700682,0.478947663091079,-0.0437225774015556,0.24427298519671,0.00557486154279922,-0.125231920195766,0.00571388052703708,-0.594064426209092,0.0032288705216354
1.14691112362992,0.478904335878615,-0.0440353046098079,0.244284290688601,0.005618038399806,-0.125235447732575,0.00575974806448805,-0.594138508985013,0.00329322976304491
1.15486512249268,0.478860204491531,-0.044350231519159,0.244295833598348,0.00566155958462962,-0.125238940806498,0.00580601238493509,-0.594213137203857,0.0033586548390396
1.16287428351806,0.478815255580189,-0.0446673707410896,0.244307618559992,0.00570542720907364,-0.125242397573649,0.00585267667544808,-0.59428830940406,0.00342515944628119
1.17093898926384,0.478769475624573,-0.0449867348804704,0.244319650283629,0.00574964336967838,-0.125245816151901,0.00589974413200792,-0.594364023984851,0.00349275736413895
1.1790596249409,0.478722850933309,-0.0453083365339352,0.244331933556205,0.00579421014671699,-0.125249194620525,0.00594721795908149,-0.594440279204338,0.00356146245289435
1.18723657843162,0.478675367642696,-0.0456321882882426,0.244344473242305,0.0058391296031702,-0.125252531019837,0.00599510136918807,-0.594517073177609,0.00363128865188864
1.19547024030838,0.47862701171575,-0.0459583027186266,0.244357274284942,0.0058844037836801,-0.125255823350851,0.00604339758245768,-0.594594403874877,0.00370224997761731
1.20376100385228,0.478577768941257,-0.0462866923871364,0.244370341706342,0.00593003471348227,-0.12525906957493,0.00609210982618091,-0.594672269119655,0.0037743605217665
1.21210926507183,0.478527624932846,-0.0466173698409658,0.244383680608716,0.00597602439731676,-0.125262267613452,0.00614124133435088,-0.594750666586965,0.00384763444919692
1.22051542272196,0.478476565128061,-0.046950347610772,0.244397296175037,0.00602237481831744,-0.125265415347478,0.00619079534719694,-0.594829593801587,0.00392208599587213
1.22897987832301,0.478424574787455,-0.0472856382089856,0.2444111936698,0.00606908793687986,-0.125268510617425,0.00624077511071068,-0.594909048136342,0.0039977294667341
1.23750303617991,0.47837163899369,-0.0476232541281105,0.244425378439785,0.00611616568950749,-0.125271551222746,0.00629118387616407,-0.594989026810428,0.00407457923352517
1.24608530340153,0.478317742650644,-0.0479632078390152,0.244439855914809,0.00616360998763623,-0.125274534921619,0.00634202489961971,-0.595069526887782,0.00415264973255758
1.25472708992008,0.478262870482538,-0.0483055117892157,0.244454631608469,0.00621142271643745,-0.125277459430638,0.00639330144143404,-0.595150545275502,0.00423195546243249
1.26342880851072,0.478207007033062,-0.0486501784011499,0.244469711118883,0.0062596057335991,-0.125280322424519,0.00644501676575271,-0.595232078722308,0.00431251098170699
1.27219087481126,0.478150136664517,-0.0489972200704437,0.244485100129416,0.00630816086808508,-0.125283121535799,0.00649717413999892,-0.595314123817056,0.00439433090651203
1.28101370734203,0.478092243556964,-0.0493466491641698,0.244500804409404,0.00635708991887304,-0.125285854354561,0.00654977683435463,-0.595396676987297,0.00447742990812211
1.28989772752585,0.478033311707379,-0.049698478019099,0.244516829814866,0.00640639465367029,-0.125288518428148,0.0066028281212349,-0.595479734497894,0.00456182271047617
1.29884335970818,0.477973324928822,-0.0500527189399443,0.244533182289207,0.00645607680760785,-0.125291111260899,0.0066563312747553,-0.59556329244969,0.00464752408765257
1.30785103117738,0.477912266849604,-0.0504093841975977,0.244549867863914,0.00650613808191296,-0.125293630313881,0.00671028957019298,-0.595647346778235,0.00473454886129898
1.31692117218509,0.477850120912474,-0.0507684860273602,0.244566892659239,0.00655658014255966,-0.125296073004641,0.00676470628344101,-0.595731893252564,0.0048229118980177
1.32605421596686,0.477786870373797,-0.0511300366271658,0.244584262884875,0.00660740461889782,-0.125298436706954,0.00681958469045675,-0.595816927474048,0.00491262810670806
1.33525059876274,0.477722498302747,-0.0514940481557978,0.244601984840617,0.00665861310226034,-0.125300718750591,0.00687492806670402,-0.595902444875289,0.00500371243586833
1.34451075983821,0.477656987580508,-0.0518605327311001,0.244620064917017,0.00671020714454877,-0.125302916421081,0.00693073968658947,-0.595988440719091,0.00509617987085725
1.3538351415051,0.47759032089947,-0.0522295024281803,0.244638509596026,0.00676218825679743,-0.125305026959497,0.00698702282289324,-0.596074910097495,0.00519004543111723
1.36322418914273,0.477522480762432,-0.0526009692776081,0.244657325451623,0.00681455790771569,-0.125307047562241,0.00704378074619413,-0.596161847930871,0.00528532416736149
1.37267835121923,0.477453449481817,-0.0529749452636065,0.244676519150432,0.00686731752220916,-0.125308975380837,0.00710101672428966,-0.596249248967089,0.00538203115872582
1.38219807931287,0.477383209178874,-0.0533514423222366,0.244696097452327,0.00692046847987918,-0.125310807521742,0.00715873402161091,-0.596337107780752,0.00548018150988733
1.39178382813373,0.477311741782895,-0.053730472339576,0.244716067211031,0.00697401211350096,-0.125312541046154,0.00721693589863257,-0.596425418772505,0.00557979034815254
1.40143605554534,0.477239029030427,-0.0541120471498907,0.244736435374687,0.00702794970748059,-0.125314172969836,0.00727562561127842,-0.596514176168414,0.00568087282051477
1.4111552225866,0.477165052464483,-0.0544961785338003,0.244757208986429,0.00708228249629082,-0.125315700262951,0.0073348064103224,-0.596603374019417,0.0057834440906861
1.42094179349378,0.477089793433759,-0.0548828782164355,0.244778395184936,0.00713701166288558,-0.125317119849899,0.00739448154078539,-0.596693006200858,0.0058875193361016
1.43079623572268,0.477013233091839,-0.0552721578655894,0.244800001204967,0.0071921383370938,-0.125318428609171,0.00745465424132819,-0.596783066412088,0.00599311374490336
1.440719019971,0.476935352396414,-0.0556640290898606,0.244822034377886,0.00724766359399188,-0.125319623373206,0.00751532774364078,-0.596873548176154,0.00610024251290064
1.45071062020079,0.476856132108482,-0.0560585034367885,0.244844502132176,0.00730358845225586,-0.12532070092826,0.00757650527182785,-0.596964444839553,0.00620892084051333
1.46077151366109,0.476775552791554,-0.0564555923909807,0.244867411993925,0.00735991387249239,-0.125321658014288,0.00763819004179139,-0.597055749572086,0.0063191639296975
1.47090218091073,0.476693594810853,-0.0568553073722314,0.244890771587311,0.00741664075554948,-0.125322491324827,0.00770038526061009,-0.597147455366774,0.00643098698085837
1.48110310584131,0.476610238332512,-0.0572576597336309,0.244914588635066,0.00747376994080651,-0.125323197506897,0.00776309412591593,-0.597239555039867,0.0065444051897503
1.49137477570027,0.476525463322758,-0.0576626607596653,0.244938870958919,0.007531302204444,-0.125323773160909,0.00782631982526826,-0.597332041230938,0.00665943374436806
1.50171768111418,0.476439249547099,-0.0580703216643061,0.24496362648003,0.0075892382576931,-0.125324214840576,0.00789006553552559,-0.597424906403052,0.00677608782183164
1.5121323161122,0.476351576569497,-0.0584806535890888,0.244988863219403,0.00764757874506485,-0.125324519052847,0.00795433442221525,-0.597518142843026,0.00689438258526714
1.52261917814963,0.476262423751535,-0.0588936676011802,0.245014589298287,0.00770632424255958,-0.125324682257834,0.00801912963890123,-0.597611742661776,0.00701433318068506
1.53317876813171,0.476171770251579,-0.0593093746914332,0.245040812938553,0.00776547525585616,-0.125324700868766,0.00808445432655039,-0.597705697794746,0.00713595473386153
1.54381159043753,0.476079595023924,-0.0597277857724293,0.245067542463058,0.00782503221848174,-0.125324571251937,0.00815031161289741,-0.597800000002424,0.00725926234722218
1.55451815294413,0.475985876817936,-0.060148911676506,0.245094786295993,0.00788499548996158,-0.125324289726675,0.00821670461180835,-0.597894640870948,0.00738427109673273
1.56529896705074,0.475890594177177,-0.0605727631537704,0.245122552963209,0.00794536535394946,-0.125323852565312,0.00828363642264354,-0.597989611812799,0.00751099602880007
1.57615454770323,0.475793725438528,-0.060999350870098,0.245150851092526,0.00800614201633864,-0.12532325599317,0.00835111012961978,-0.598084904067574,0.00763945215718453
1.58708541341869,0.475695248731288,-0.0614286854051129,0.245179689414027,0.0080673256033534,-0.12532249618855,0.0084191288011719,-0.598180508702863,0.00776965445992761
1.5980920863102,0.475595141976272,-0.0618607772501519,0.245209076760328,0.00812891615962143,-0.125321569282737,0.00848769548931423,-0.598276416615193,0.00790161787629817
1.60917509211179,0.475493382884885,-0.0622956368062094,0.245239022066834,0.00819091364622723,-0.125320471360013,0.00855681322900211,-0.598372618531078,0.00803535730375871
1.62033496020352,0.475389948958191,-0.062733274381863,0.245269534371971,0.00825331793874617,-0.125319198457669,0.00862648503749346,-0.598469105008148,0.00817088759495632
1.63157222363676,0.475284817485961,-0.0631737001911774,0.245300622817406,0.00831612882526003,-0.125317746566041,0.00869671391371091,-0.598565866436361,0.00830822355473959
1.64288741915971,0.475177965545712,-0.0636169243515862,0.245332296648239,0.00837934600435348,-0.125316111628547,0.00876750283760445,-0.598662893039314,0.00844737993720585
1.65428108724297,0.475069370001724,-0.0640629568817508,0.245364565213183,0.00844296908309182,-0.125314289541732,0.00883885476951495,-0.59876017487563,0.00858837144278074
1.6657537721054,0.474959007504048,-0.0645118076993943,0.245397437964717,0.00850699757498032,-0.125312276155323,0.0089107726495388,-0.598857701840436,0.0087312127153335
1.67730602174008,0.474846854487492,-0.0649634866191085,0.245430924459227,0.00857143089790467,-0.125310067272297,0.00898325939689358,-0.598955463666923,0.00887591833933044
1.68893838794052,0.474732887170595,-0.0654180033501343,0.245465034357116,0.00863626837205317,-0.125307658648948,0.00905631790928526,-0.599053449927994,0.00902250283703071
1.70065142632699,0.47461708155458,-0.0658753674941126,0.245499777422905,0.00870150921782042,-0.125305045994971,0.00912995106227707,-0.599151650037994,0.00917098066572586
1.71244569637308,0.474499413422292,-0.0663355885428048,0.245535163525309,0.00876715255369259,-0.125302224973554,0.00920416170865989,-0.599250053254519,0.00932136621502699
1.72432176143241,0.474379858337121,-0.0667986758757808,0.245571202637285,0.00883319739411431,-0.125299191201466,0.00927895267782467,-0.599348648680314,0.00947367380420183
1.73628018876552,0.474258391641903,-0.0672646387580739,0.245607904836071,0.00889964264733746,-0.125295940249171,0.00935432677513712,-0.599447425265244,0.009627917679566
1.74832154956701,0.474134988457803,-0.0677334863377997,0.245645280303195,0.00896648711325141,-0.125292467640935,0.00943028678131426,-0.599546371808346,0.00978411201192941
1.7604464189928,0.474009623683189,-0.0682052276437389,0.245683339324468,0.00903372948119518,-0.125288768854948,0.00950683545180361,-0.599645476959963,0.00994227089410155
1.77265537618758,0.473882271992479,-0.0686798715828805,0.245722092289951,0.00910136832775141,-0.12528483932345,0.00958397551616476,-0.599744729223945,0.0101024083384592
1.78494900431252,0.473752907834969,-0.0691574269379248,0.245761549693904,0.00916940211452175,-0.125280674432866,0.00966170967745357,-0.599844116959931,0.0102645382745779
1.79732789057308,0.473621505433656,-0.069637902364745,0.24580172213471,0.00923782918588444,-0.125276269523948,0.00974004061160925,-0.599943628385704,0.0104286745469312
1.80979262624709,0.473488038784031,-0.0701213063898034,0.245842620314779,0.00930664776673317,-0.125271619891919,0.00981897096684389,-0.60004325157961,0.0105948309126585
1.82234380671297,0.473352481652862,-0.0706076474075222,0.245884255040429,0.00937585596019782,-0.125266720786634,0.00989850336303539,-0.600142974483053,0.0107630210394077
1.83498203147818,0.473214807576956,-0.0710969336776075,0.245926637221746,0.00944545174534684,-0.125261567412733,0.00997864039112315,-0.60024278490305,0.0109332585032509
1.84770790420785,0.473074989861908,-0.0715891733223226,0.245969777872417,0.00951543297487099,-0.125256154929816,0.0100593846125068,-0.600342670514858,0.0111055567866774
1.86052203275364,0.472933001580834,-0.0720843743237094,0.246013688109545,0.00958579737274876,-0.125250478452609,0.0101407385584481,-0.600442618864656,0.0112799292766694
1.87342502918271,0.472788815573089,-0.0725825445207577,0.24605837915344,0.00965654253189298,-0.125244533051144,0.0102227047294764,-0.600542617372289,0.011456389262857
1.88641750980704,0.472642404442965,-0.0730836916065176,0.246103862327381,0.00972766591177889,-0.125238313750947,0.0103052855947965,-0.600642653334071,0.0116349499357593
1.89950009521279,0.472493740558382,-0.0735878231251555,0.246150149057366,0.00979916483605326,-0.125231815533221,0.010388483591701,-0.600742713925644,0.0118156243851133
1.91267341029,0.472342796049566,-0.0740949464689501,0.246197250871825,0.00987103649012444,-0.125225033335044,0.0104723011249844,-0.600842786204883,0.0119984255982898
1.92593808426241,0.472189542807706,-0.0746050688752267,0.24624517940132,0.0099432779187338,-0.125217962049568,0.0105567405663622,-0.600942857114854,0.0121833664588025
1.93929475071751,0.472033952483611,-0.0751181974232285,0.246293946378215,0.0100158860235071,-0.125210596526218,0.0106418042538918,-0.601042913486823,0.0123704597449091
1.95274404763682,0.471875996486348,-0.0756343390309226,0.246343563636319,0.0100888575604871,-0.125202931570908,0.0107274944913975,-0.601142942043303,0.0125597181283075
1.96628661742637,0.471715645981874,-0.0761535004517378,0.246394043110516,0.0101621891376465,-0.125194961946243,0.0108138135478984,-0.601242929401138,0.0127511541729292
1.97992310694735,0.471552871891663,-0.076675688271233,0.246445396836354,0.0102358772123806,-0.125186682371745,0.0109007636570398,-0.601342862074639,0.0129447803338317
1.99365416754703,0.471387644891317,-0.0772009089036942,0.246497636949621,0.0103099180889805,-0.125178087524063,0.0109883470165274,-0.601442726478739,0.0131406089561898
2.00748045508988,0.471219935409184,-0.0777291685886583,0.246550775685891,0.0103843079160858,-0.125169172037205,0.0110765657875647,-0.601542508932189,0.0133386522743895
2.0214026299889,0.471049713624963,-0.0782604733873598,0.246604825380042,0.0104590426841167,-0.125159930502756,0.0111654220942935,-0.601642195660777,0.013538922411225
2.03542135723711,0.470876949468305,-0.0787948291791016,0.246659798465751,0.0105341182226858,-0.125150357470114,0.0112549180232373,-0.601741772800577,0.0137414313771996
2.0495373064394,0.470701612617425,-0.0793322416575451,0.246715707474962,0.0106095301979888,-0.125140447446719,0.011345055622747,-0.601841226401215,0.0139461910699327
2.06375115184445,0.470523672497701,-0.0798727163269185,0.246772565037323,0.0106852741101737,-0.125130194898289,0.0114358369024502,-0.601940542429157,0.0141532132736722
2.07806357237695,0.470343098280282,-0.0804162584981419,0.246830383879603,0.0107613452906886,-0.125119594249057,0.0115272638327025,-0.602039706771005,0.0143625096589167
2.09247525167004,0.470159858880701,-0.0809628732848676,0.246889176825071,0.0108377388996082,-0.125108639882009,0.011619338344041,-0.602138705236817,0.0145740917821439
2.10698687809795,0.469973922957496,-0.0815125655994306,0.246948956792858,0.0109144499229376,-0.125097326139131,0.0117120623266406,-0.602237523563417,0.0147879710856491
2.12159914480891,0.46978525891083,-0.0820653401487124,0.24700973679728,0.0109914731698938,-0.125085647321647,0.0118054376297723,-0.602336147417726,0.0150041588974938
2.1363127497582,0.469593834881135,-0.0826212014299116,0.247071529947136,0.0110688032701649,-0.125073597690266,0.011899466061263,-0.602434562400085,0.0152226664315632
2.15112839574156,0.469399618747758,-0.0831801537262226,0.24713434944498,0.011146434671146,-0.125061171465433,0.0119941493869578,-0.602532754047575,0.0154435047877364
2.1660467904287,0.46920257812763,-0.0837422011024181,0.247198208586354,0.0112243616351517,-0.125048362827571,0.0120894893301831,-0.602630707837332,0.0156666849521649
2.18106864639712,0.469002680373943,-0.0843073474003367,0.247263120758999,0.011302578236605,-0.125035165917337,0.0121854875712121,-0.602728409189851,0.0158922177976644
2.19619468116618,0.468799892574858,-0.0848755962342702,0.247329099442024,0.0113810783592022,-0.12502157483587,0.0122821457467297,-0.60282584347228,0.0161201140842151
2.21142561723131,0.468594181552232,-0.0854469509862525,0.247396158205056,0.0114598556930536,-0.125007583645042,0.0123794654493008,-0.602922996001688,0.0163503844595758
2.22676218209858,0.46838551386036,-0.0860214148012457,0.247464310707342,0.0115389037317988,-0.124993186367713,0.0124774482268368,-0.603019852048319,0.0165830394600049
2.24220510831939,0.468173855784765,-0.0865989905822235,0.247533570696831,0.0116182157696983,-0.124978376987986,0.0125760955820644,-0.603116396838819,0.0168180895110951
2.25775513352553,0.467959173340998,-0.0871796809851492,0.247603952009212,0.0116977848986982,-0.12496314945146,0.0126754089719936,-0.603212615559434,0.0170555449287151
2.27341300046436,0.467741432273488,-0.0877634884138485,0.247675468566922,0.01177760400547,-0.124947497665484,0.0127753898073862,-0.603308493359177,0.0172954159200612
2.28917945703428,0.46752059805442,-0.0883504150147733,0.247748134378115,0.0118576657684244,-0.124931415499416,0.0128760394522235,-0.603404015352954,0.0175377125848178
2.30505525632052,0.467296635882653,-0.0889404626716579,0.247821963535596,0.0119379626546984,-0.124914896784879,0.0129773592231741,-0.603499166624658,0.0177824449164241
2.32104115663104,0.467069510682687,-0.0895336330000631,0.247896970215718,0.0120184869171155,-0.124897935316016,0.0130793503890599,-0.60359393223022,0.0180296228034482
2.33713792153279,0.466839187103671,-0.0901299273418108,0.247973168677234,0.0120992305911191,-0.124880524849751,0.0131820141703219,-0.603688297200601,0.018279256031065
2.35334631988814,0.46660562951846,-0.0907293467593042,0.248050573260122,0.0121801854916785,-0.124862659106044,0.0132853517384841,-0.603782246544754,0.0185313542826401
2.36966712589169,0.46636880202273,-0.0913318920297356,0.248129198384352,0.012261343210167,-0.124844331768152,0.0133893642156157,-0.603875765252514,0.0187859271414149
2.38610111910714,0.466128668434146,-0.0919375636391783,0.248209058548632,0.0123426951112121,-0.124825536482888,0.0134940526737909,-0.603968838297442,0.0190429840922929
2.40264908450462,0.465885192291589,-0.0925463617765632,0.248290168329089,0.0124242323295173,-0.124806266860881,0.0135994181345475,-0.604061450639608,0.0193025345237268
2.41931181249812,0.46563833685445,-0.0931582863275401,0.248372542377925,0.0125059457666554,-0.124786516476834,0.0137054615683416,-0.604153587228303,0.0195645877297016
2.43609009898327,0.465388065101993,-0.0937733368682195,0.248456195422018,0.012587826087833,-0.12476627886979,0.0138121838939998,-0.604245233004694,0.0198291529118157
2.45298474537537,0.46513433973278,-0.0943915126587982,0.248541142261478,0.0126698637186258,-0.124745547543391,0.0139195859781685,-0.604336372904404,0.0200962391814555
2.46999655864764,0.46487712316418,-0.0950128126370658,0.248627397768156,0.0127520488416842,-0.124724315966143,0.0140276686347593,-0.604426991860017,0.0203658555620611
2.48712635136979,0.464616377531956,-0.0956372354117925,0.248714976884107,0.0128343713934106,-0.124702577571677,0.0141364326243902,-0.604517074803513,0.0206380109914848
2.50437494174681,0.464352064689931,-0.0962647792559967,0.248803894619999,0.0129168210606053,-0.124680325759017,0.0142458786538233,-0.604606606668617,0.0209127143244338
2.52174315365806,0.464084146209745,-0.0968954421000939,0.248894166053473,0.0129993872770839,-0.124657553892847,0.0143560073753973,-0.604695572393073,0.0211899743350024
2.53923181669665,0.463812583380699,-0.0975292215249254,0.248985806327447,0.0130820592202643,-0.124634255303778,0.0144668193864557,-0.604783956920825,0.0214697997192836
2.55684176620901,0.463537337209698,-0.0981661147546665,0.24907883064837,0.0131648258077229,-0.124610423288617,0.0145783152287694,-0.604871745204119,0.0217521990980651
2.57457384333485,0.463258368421294,-0.0988061186496158,0.24917325428442,0.0132476756937221,-0.12458605111064,0.0146904953879543,-0.604958922205508,0.0220371810196008
2.59242889504728,0.462975637457827,-0.0994492296988631,0.249269092563636,0.0133305972657056,-0.124561131999868,0.0148033602928827,-0.605045472899769,0.0223247539624581
2.61040777419332,0.462689104479681,-0.100095444012839,0.249366360872004,0.0134135786407659,-0.124535659153339,0.0149169103150891,-0.605131382275721,0.0226149263384399
2.6285113395346,0.462398729365649,-0.100744757315747,0.249465074651475,0.0134966076620791,-0.12450962573539,0.0150311457681691,-0.605216635337948,0.0229077064955746
2.64674045578839,0.462104471713419,-0.101397164937868,0.249565249397919,0.0135796718953112,-0.124483024877938,0.0151460669071723,-0.605301217108418,0.0232031027211738
2.6650959936689,0.46180629084017,-0.102052661807761,0.249666900659021,0.0136627586249944,-0.124455849680765,0.0152616739279876,-0.605385112628006,0.023501123244955
2.68357882992886,0.461504145783312,-0.102711242444335,0.249770044032106,0.0137458548508721,-0.124428093211809,0.0153779669667221,-0.605468306957909,0.0238017762422242
2.70218984740145,0.461197995301342,-0.103372900948804,0.249874695161902,0.0138289472842157,-0.124399748507452,0.0154949460990718,-0.605550785180951,0.024105069837118
2.72092993504239,0.460887797874838,-0.104037630996534,0.249980869738225,0.0139120223441116,-0.124370808572821,0.0156126113396848,-0.60563253240279,0.0244110121058998
2.73979998797246,0.460573511707602,-0.10470542582877,0.250088583493606,0.013995066153718,-0.124341266382089,0.015730962641517,-0.605713533753002,0.0247196110803087
2.75880090752022,0.460255094727935,-0.105376278244247,0.250197852200828,0.0140780645364948,-0.124311114878778,0.0158499998951787,-0.605793774386064,0.0250308747509563
2.77793360126509,0.459932504590068,-0.106050180590696,0.250308691670405,0.0141610030124029,-0.124280346976075,0.0159697229282739,-0.605873239482218,0.0253448110707699
2.79719898308069,0.459605698675751,-0.106727124756229,0.250421117747973,0.0142438667940774,-0.124248955557148,0.0160901315047296,-0.605951914248221,0.0256614279584772
2.81659797317847,0.459274634095988,-0.107407102160626,0.250535146311605,0.0143266407829718,-0.124216933475469,0.0162112253241177,-0.606029783917981,0.0259807333021303
2.83613149815172,0.458939267692954,-0.108090103746506,0.250650793269044,0.0144093095654765,-0.124184273555146,0.0163330040209665,-0.606106833753071,0.0263027349626651
2.85580049101974,0.45859955604206,-0.108776119970393,0.250768074554857,0.0144918574090101,-0.124150968591261,0.0164554671640641,-0.606183049043128,0.0266274407774927
2.87560589127251,0.458255455454212,-0.109465140793685,0.250887006127499,0.0145742682580852,-0.124117011350214,0.0165786142557519,-0.60625841510613,0.0269548585641206
2.89554864491548,0.457906921978232,-0.11015715567351,0.25100760396629,0.0146565257303501,-0.124082394570076,0.0167024447312083,-0.606332917288557,0.0272849961237973
2.91562970451479,0.457553911403471,-0.110852153553496,0.251129884068306,0.0147386131126054,-0.124047110960956,0.0168269579577234,-0.60640654096542,0.0276178612451816
2.93585002924278,0.457196379262606,-0.111550122854429,0.251253862445174,0.0148205133567978,-0.124011153205366,0.0169521532339637,-0.606479271540178,0.0279534617080274
2.95621058492378,0.456834280834637,-0.112251051464831,0.251379555119776,0.0149022090759922,-0.123974513958606,0.0170780297892267,-0.606551094444525,0.0282918052868861
2.97671234408028,0.456467571148071,-0.112954926731435,0.251506978122853,0.0149836825403216,-0.123937185849157,0.0172045867826858,-0.60662199513806,0.0286328997548198
2.99735628597932,0.456096204984319,-0.113661735449579,0.251636147489519,0.015064915672918,-0.123899161479078,0.0173318233026252,-0.606691959107824,0.0289767528871214
3.01814339667932,0.455720136881295,-0.114371463853507,0.25176707925566,0.0151458900458237,-0.123860433424427,0.0174597383656651,-0.606760971867719,0.0293233724650419
3.03907466907719,0.455339321137231,-0.115084097606594,0.251899789454243,0.0152265868758848,-0.123820994235679,0.0175883309159759,-0.606829018957799,0.029672766279517
3.06015110295567,0.454953711814708,-0.115799621791487,0.252034294111512,0.0153069870206293,-0.123780836438171,0.0177175998244837,-0.60689608594344,0.0300249421348925
3.08137370503119,0.454563262744908,-0.116518020900171,0.252170609243081,0.0153870709741297,-0.12373995253255,0.0178475438880647,-0.606962158414377,0.0303799078526434
3.10274348900188,0.454167927532101,-0.117239278823966,0.252308750849911,0.0154668188628522,-0.123698334995242,0.0179781618287305,-0.607027221983627,0.0307376712750858
3.12426147559604,0.453767659558354,-0.117963378843449,0.252448734914176,0.0155462104414941,-0.123655976278929,0.0181094522928025,-0.607091262286276,0.031098240269074
3.14592869262085,0.453362411988485,-0.118690303618315,0.252590577395022,0.0156252250888123,-0.123612868813044,0.018241413850078,-0.607154264978147,0.0314616227296839
3.16774617501149,0.452952137775256,-0.119420035177182,0.252734294224194,0.0157038418034416,-0.123569005004285,0.0183740449929849,-0.607216215734345,0.0318278265838768
3.18971496488059,0.452536789664813,-0.120152554907332,0.252879901301554,0.0157820391997083,-0.123524377237142,0.0185073441357287,-0.607277100247673,0.0321968597941404
3.21183611156796,0.45211632020238,-0.120887843544403,0.253027414490475,0.0158597955034384,-0.123478977874441,0.0186413096134286,-0.607336904226926,0.0325687303621045
3.23411067169074,0.451690681738205,-0.121625881162037,0.253176849613107,0.0159370885477641,-0.123432799257904,0.0187759396812453,-0.607395613395067,0.0329434463321286
3.25653970919388,0.451259826433775,-0.122366647161485,0.253328222445515,0.0160138957689295,-0.123385833708736,0.0189112325134998,-0.607453213487272,0.0333210157948558
3.27912429540095,0.450823706268284,-0.123110120261168,0.253481548712696,0.0160901942020987,-0.123338073528219,0.0190471862027836,-0.607509690248858,0.0337014468907334
3.30186550906528,0.450382273045386,-0.123856278486217,0.253636844083451,0.0161659604771685,-0.123289510998337,0.01918379875906,-0.607565029433093,0.0340847478134934
3.32476443642155,0.449935478400212,-0.124605099157976,0.253794124165138,0.0162411708145878,-0.123240138382411,0.0193210681087579,-0.607619216798877,0.0344709268135922
3.3478221712376,0.449483273806672,-0.125356558883494,0.25395340449827,0.0163158010211865,-0.123189947925767,0.0194589920938574,-0.607672238108312,0.0348599922016063
3.37103981486675,0.44902561058504,-0.126110633544988,0.254114700550992,0.0163898264860164,-0.123138931856414,0.0195975684709687,-0.607724079124152,0.0352519523515799
3.39441847630035,0.448562439909824,-0.126867298289312,0.254278027713404,0.0164632221762076,-0.123087082385755,0.0197367949104028,-0.607774725607131,0.0356468157043213
3.41795927222076,0.448093712817936,-0.127626527517408,0.254443401291749,0.0165359626328421,-0.123034391709311,0.0198766689952372,-0.607824163313182,0.036044590770647
3.44166332705473,0.447619380217145,-0.128388294873773,0.254610836502443,0.0166080219668485,-0.122980852007479,0.0200171882203736,-0.607872377990536,0.0364452861345693
3.46553177302703,0.44713939289485,-0.129152573235923,0.254780348465973,0.0166793738549208,-0.122926455446308,0.0201583499915919,-0.607919355376709,0.0368489104564234
3.48956575021462,0.446653701527139,-0.129919334703878,0.254951952200631,0.0167499915354642,-0.122871194178301,0.0203001516245972,-0.607965081195379,0.0372554724759346
3.51376640660105,0.446162256688169,-0.130688550589674,0.255125662616099,0.0168198478045714,-0.122815060343245,0.0204425903440637,-0.608009541153145,0.0376649810152188
3.53813489813128,0.445665008859854,-0.131460191406896,0.255301494506885,0.0168889150120329,-0.122758046069067,0.0205856632826734,-0.608052720936187,0.038077444981717
3.56267238876697,0.445161908441869,-0.132234226860255,0.255479462545593,0.0169571650573848,-0.122700143472719,0.0207293674801523,-0.60809460620681,0.0384928733710591
3.58738005054197,0.444652905761977,-0.133010625835203,0.255659581276042,0.0170245693859979,-0.122641344661083,0.0208736998823027,-0.608135182599882,0.0389112752698551
3.61225906361841,0.444137951086675,-0.133789356387603,0.255841865106218,0.0170910989852115,-0.122581641731916,0.0210186573400343,-0.60817443571917,0.0393326598584114
3.63731061634298,0.443616994632168,-0.134570385733458,0.256026328301063,0.0171567243805164,-0.122521026774814,0.0211642366083935,-0.608212351133573,0.0397570364133698
3.66253590530377,0.44308998657568,-0.135353680238709,0.25621298497511,0.0172214156317907,-0.122459491872216,0.0213104343455913,-0.608248914373246,0.0401844143102649
3.68793613538733,0.442556877067083,-0.136139205409103,0.256401849084932,0.0172851423295926,-0.122397029100425,0.0214572471120323,-0.608284110925636,0.040614803026001
3.71351251983634,0.44201761624088,-0.13692692588015,0.256592934421444,0.0173478735915144,-0.122333630530673,0.0216046713693435,-0.608317926231409,0.0410482121412431
3.73926628030746,0.44147215422851,-0.137716805407171,0.256786254602017,0.0174095780586025,-0.122269288230212,0.0217527034794052,-0.608350345680283,0.0414846513427209
3.76519864692972,0.440920441171008,-0.138508806855445,0.25698182306243,0.0174702238918471,-0.122203994263432,0.021901339703384,-0.60838135460677,0.0419241304254436
3.7913108583633,0.440362427232002,-0.139302892190466,0.257179653048649,0.0175297787687475,-0.122137740693024,0.0220505762007693,-0.608410938285822,0.0423666592948235
3.81760416185865,0.439798062611053,-0.140099022468324,0.257379757608427,0.0175882098799554,-0.122070519581159,0.0222004090284139,-0.608439081928382,0.0428122479687056
3.84407981331609,0.439227297557355,-0.140897157826206,0.257582149582729,0.0176454839260045,-0.122002322990723,0.0223508341395795,-0.608465770676854,0.0432609065793014
3.87073907734582,0.43865008238377,-0.141697257473038,0.257786841596983,0.0177015671141273,-0.121933142986559,0.0225018473829886,-0.608490989600478,0.0437126453750259
3.89758322732826,0.43806636748123,-0.142499279680281,0.257993846052151,0.0177564251551678,-0.121862971636772,0.0226534445018831,-0.608514723690623,0.0441674747222331
3.92461354547494,0.437476103333479,-0.143303181772869,0.258203175115615,0.0178100232605931,-0.121791801014042,0.0228056211330916,-0.608536957855994,0.044625405106852
3.95183132288971,0.436879240532181,-0.144108920120329,0.258414840711897,0.0178623261396098,-0.121719623196995,0.0229583728061049,-0.608557676917762,0.0450864471359176
3.97923785963041,0.436275729792375,-0.144916450128071,0.25862885451318,0.0179132979963905,-0.121646430271594,0.0231116949421622,-0.608576865604606,0.0455506115389963
4.00683446477099,0.435665521968292,-0.145725726228862,0.258845227929661,0.0179629025274162,-0.121572214332575,0.0232655828533489,-0.608594508547686,0.0460179091695054
4.03462245646401,0.435048568069526,-0.146536701874507,0.259063972099713,0.01801110291894,-0.121496967484914,0.0234200317417062,-0.608610590275533,0.0464883510059222
4.06260316200361,0.434424819277568,-0.147349329527732,0.259285097879871,0.0180578618445778,-0.121420681845336,0.0235750366983546,-0.608625095208867,0.0469619481528835
4.09077791788892,0.43379422696269,-0.148163560654289,0.259508615834632,0.018103141463032,-0.121343349543855,0.023730592702632,-0.608638007655351,0.0474387118421722
4.11914806988789,0.433156742701192,-0.148979345715286,0.259734536226066,0.0181469034159539,-0.121264962725354,0.0238866946212483,-0.608649311804259,0.0479186534335894
4.14771497310157,0.432512318293004,-0.149796634159773,0.259962869003256,0.0181891088259504,-0.121185513551207,0.0240433372074564,-0.608658991721093,0.0484017844157117
4.17647999202884,0.431860905779646,-0.15061537441756,0.260193623791541,0.0182297182947432,-0.121104994200926,0.0242005151002418,-0.608667031342121,0.0488881164065311
4.20544450063156,0.431202457462544,-0.151435513892321,0.260426809881589,0.0182686919014834,-0.121023396873862,0.0243582228235331,-0.608673414468861,0.0493776611539755
4.23460988240025,0.430536925921694,-0.152256998954956,0.260662436218278,0.0183059892012308,-0.12094071379093,0.0245164547854316,-0.608678124762498,0.0498704305363098
4.26397753042013,0.429864264034686,-0.153079774937253,0.260900511389399,0.0183415692236026,-0.120856937196379,0.0246752052774649,-0.608681145738243,0.0503664365624145
4.29354884743766,0.429184424996075,-0.153903786125841,0.261141043614178,0.0183753904715989,-0.120772059359596,0.0248344684738633,-0.608682460759634,0.0508656913719422
4.32332524592758,0.428497362337104,-0.154728975756463,0.261384040731619,0.0184074109206106,-0.120686072576954,0.024994238430862,-0.60868205303278,0.0513682072353482
4.35330814816033,0.427803029945762,-0.155555286008566,0.261629510188665,0.0184375880176178,-0.120598969173687,0.0251545090860287,-0.608679905600559,0.0518739965537959
4.38349898627002,0.427101382087201,-0.156382658000229,0.261877459028184,0.0184658786805837,-0.120510741505814,0.0253152742576202,-0.608676001336752,0.0523830718589355
4.41389920232282,0.426392373424476,-0.15721103178344,0.262127893876774,0.0184922392980521,-0.120421381962091,0.0254765276439676,-0.608670322940142,0.0528954458125528
4.44451024838583,0.425675959039634,-0.158040346339734,0.262380820932407,0.0185166257289552,-0.120330882966009,0.0256382628228923,-0.608662852928554,0.053411131206089
4.47533358659646,0.424952094455128,-0.1588705395762,0.262636245951881,0.0185389933026382,-0.120239236977821,0.0258004732511544,-0.608653573632859,0.0539301409600292
4.50637068923228,0.424220735655557,-0.159701548321882,0.262894174238118,0.0185592968191071,-0.120146436496606,0.0259631522639348,-0.60864246719093,0.054452488123158
4.53762303878129,0.423481839109736,-0.160533308324571,0.263154610627286,0.0185774905495093,-0.120052474062381,0.0261262930743514,-0.608629515541559,0.0549781858716825
4.56909212801278,0.422735361793072,-0.161365754248008,0.263417559475758,0.0185935282368504,-0.119957342258229,0.0262898887730137,-0.608614700418335,0.0555072475082195
4.60077946004862,0.421981261210265,-0.16219881966952,0.263683024646908,0.0186073630969574,-0.119861033712484,0.0264539323276135,-0.60859800334349,0.0560396864606465
4.63268654843505,0.421219495418304,-0.163032437078079,0.263951009497749,0.0186189478196943,-0.119763541100929,0.0266184165825567,-0.6085794056217,0.0565755162808172
4.66481491721498,0.420450023049767,-0.163866537872822,0.264221516865408,0.0186282345704365,-0.11966485714905,0.0267833342586354,-0.608558888333866,0.0571147506431363
4.69716610100076,0.419672803336411,-0.16470105236203,0.26449454905346,0.0186351749918129,-0.119564974634305,0.0269486779527425,-0.608536432330863,0.0576574033429969
4.72974164504755,0.418887796133053,-0.165535909762577,0.264770107818099,0.0186397202057216,-0.119463886388441,0.0271144401376312,-0.60851201822725,0.058203488295076
4.76254310532705,0.418094961941722,-0.166371038199875,0.265048194354178,0.0186418208156275,-0.11936158529983,0.027280613161719,-0.60848562639497,0.0587530195314895
4.79557204860185,0.417294261936078,-0.167206364708312,0.265328809281095,0.0186414269091473,-0.119258064315849,0.0274471892489398,-0.608457236957018,0.0593060111998031
4.82883005250031,0.416485657986102,-0.168041815232215,0.26561195262855,0.0186384880609319,-0.119153316445279,0.027614160498644,-0.60842682978109,0.0598624775609005
4.86231870559183,0.415669112683027,-0.168877314627322,0.26589762382217,0.0186329533358505,-0.119047334760745,0.0277815188855489,-0.608394384473213,0.0604224329867067
4.89603960746281,0.414844589364516,-0.16971278666281,0.266185821669004,0.0186247712924858,-0.118940112401177,0.0279492562597411,-0.608359880371357,0.0609858919577647
4.92999436879299,0.414012052140069,-0.170548154023865,0.266476544342897,0.0186138899869467,-0.1188316425743,0.0281173643467314,-0.608323296539037,0.061552869060666
4.96418461143244,0.413171465916655,-0.171383338314819,0.266769789369751,0.0186002569770049,-0.118721918559154,0.0282858347475645,-0.608284611758897,0.0621233789853333
4.99861196847899,0.412322796424546,-0.17221826006286,0.267065553612672,0.0185838193265644,-0.118610933708635,0.0284546589389851,-0.608243804526293,0.0626974365221533
5.03327808435624,0.411466010243361,-0.173052838722335,0.267363833257017,0.0185645236104687,-0.118498681452068,0.0286238282736613,-0.608200853042854,0.0632750565589607
5.06818461489212,0.410601074828284,-0.173886992679654,0.267664623795334,0.0185423159196545,-0.118385155297792,0.0287933339804667,-0.608155735210059,0.0638562540778712
5.10333322739797,0.409727958536466,-0.174720639258798,0.267967920012225,0.0185171418666584,-0.118270348835777,0.028963167164823,-0.608108428622787,0.0644410441519621
5.13872560074817,0.408846630653582,-0.175553694727464,0.26827371596911,0.0184889465914821,-0.118154255740257,0.0291333188091047,-0.608058910562887,0.0650294419418008
5.17436342546036,0.407957061420535,-0.176386074303832,0.268582004988924,0.0184576747678253,-0.118036869772382,0.0293037797731063,-0.608007157992741,0.0656214626918189
5.21024840377617,0.407059222060299,-0.177217692163993,0.268892779640739,0.0184232706096907,-0.117918184782887,0.0294745407945747,-0.607953147548829,0.0662171217265325
5.24638224974252,0.406153084804872,-0.178048461450024,0.269206031724326,0.0183856778783693,-0.11779819471478,0.0296455924898064,-0.607896855535308,0.0668164344466069
5.2827666892935,0.405238622922342,-0.178878294278738,0.269521752254658,0.0183448398898105,-0.11767689360604,0.0298169253543125,-0.607838257917592,0.0674194163247638
5.31940346033281,0.40431581074403,-0.179707101751107,0.269839931446378,0.0183006995223862,-0.117554275592331,0.0299885297635521,-0.607777330315955,0.0680260829015326
5.35629431281677,0.403384623691714,-0.180534793962387,0.270160558698218,0.0182531992250522,-0.117430334909728,0.0301603959737344,-0.607714047999135,0.0686364497808427
5.39344100883792,0.402445038304905,-0.181361280012926,0.270483622577396,0.0182022810259141,-0.117305065897446,0.030332514122692,-0.607648385877966,0.0692505326254568
5.43084532270915,0.401497032268161,-0.182186468019695,0.270809110803992,0.018147886541204,-0.117178463000581,0.0305048742308265,-0.607580318499024,0.0698683471522452
5.4685090410485,0.400540584438419,-0.183010265128529,0.271137010235316,0.0180899569846731,-0.117050520772858,0.0306774662021256,-0.607509820038297,0.0704899091272981
5.50643396286443,0.399575674872335,-0.183832577527099,0.271467306850273,0.0180284331774054,-0.116921233879377,0.0308502798252557,-0.607436864294877,0.0711152343608769
5.54462189964184,0.398602284853601,-0.184653310458619,0.271799985733738,0.0179632555580583,-0.116790597099361,0.031023304774728,-0.607361424684682,0.071744338702204
5.58307467542852,0.397620396920232,-0.185472368236292,0.272135031060955,0.0178943641935357,-0.11665860532891,0.0311965306121419,-0.607283474234208,0.0723772380340881
5.6217941269223,0.396629994891799,-0.186289654258515,0.272472426081965,0.0178216987900964,-0.116525253583742,0.0313699467875034,-0.607202985574314,0.0730139482673871
5.66078210355879,0.395631063896577,-0.187105071024833,0.272812153106071,0.0177451987049049,-0.116390537001935,0.0315435426406229,-0.607119930934041,0.0736544853353053
5.70004046759971,0.394623590398614,-0.187918520152665,0.27315419348636,0.0176648029580279,-0.11625445084666,0.0317173074025897,-0.607034282134471,0.0742988651875257
5.73957109422183,0.393607562224666,-0.188729902394794,0.273498527604292,0.0175804502448795,-0.116116990508906,0.0318912301973265,-0.606946010582623,0.0749471037841766
5.77937587160657,0.39258296859101,-0.189539117657641,0.273845134854356,0.0174920789491217,-0.115978151510184,0.0320653000432233,-0.606855087265405,0.0755992170896311
5.81945670103016,0.391549800130086,-0.190346065020308,0.274193993628822,0.0173996271560206,-0.115837929505231,0.0322395058548513,-0.606761482743596,0.0762552210661396
5.85981549695445,0.390508048916961,-0.191150642754422,0.274545081302585,0.0173030326662641,-0.115696320284683,0.0324138364447575,-0.606665167145893,0.0769151316672944
5.90045418711838,0.389457708495591,-0.191952748344749,0.274898374218127,0.0172022330102424,-0.115553319777735,0.0325882805253409,-0.606566110163002,0.0775789648313253
5.94137471263004,0.388398773904855,-0.19275227851062,0.275253847670599,0.0170971654627958,-0.115408924054778,0.0327628267108095,-0.606464281041791,0.078246736474227
5.9825790280594,0.38733124170433,-0.193549129228133,0.275611475893045,0.016987767058429,-0.115263129330012,0.0329374635192195,-0.606359648579497,0.0789184624827158
6.02406910153166,0.386255109999806,-0.194343195753166,0.275971232041768,0.0168739746069981,-0.115115931964027,0.033112179374596,-0.606252181118001,0.0795941587070168
6.06584691482126,0.385170378468486,-0.195134372645177,0.27633308818187,0.0167557247098688,-0.114967328466357,0.033286962609136,-0.606141846538163,0.0802738409534811
6.10791446344653,0.384077048383876,-0.195922553791806,0.276697015272961,0.016632953776547,-0.114817315498002,0.0334618014654934,-0.606028612254229,0.0809575249770303
6.15027375676503,0.382975122640321,-0.196707632434277,0.27706298315506,0.0165055980417862,-0.114665889873913,0.0336366840991456,-0.605912445208313,0.0816452264734315
6.19292681806951,0.381864605777166,-0.197489501193585,0.277430960534704,0.0163735935831668,-0.114513048565433,0.0338115985808418,-0.605793311864945,0.0823369610713988
6.23587568468454,0.380745504002523,-0.198268052097496,0.277800914971271,0.0162368763391533,-0.11435878870271,0.0339865328991338,-0.60567117820571,0.083032744324524
6.27912240806387,0.379617825216614,-0.199043176608314,0.278172812863535,0.0160953821276242,-0.114203107577047,0.0341614749629862,-0.605546009723959,0.0837325917030345
6.32266905388835,0.378481579034659,-0.199814765651462,0.278546619436477,0.0159490466648768,-0.114046002643225,0.0343364126044686,-0.605417771419612,0.0844365185853781
6.36651770216467,0.377336776809299,-0.200582709644821,0.278922298728341,0.0157978055851055,-0.113887471521758,0.0345113335815275,-0.605286427794046,0.0851445402496353
6.41067044732463,0.376183431652503,-0.20134689852887,0.279299813577981,0.0156415944603499,-0.113727512001106,0.0346862255808372,-0.605151942845081,0.0858566718647592
6.45512939832527,0.375021558456962,-0.202107221797579,0.279679125612488,0.0154803488209145,-0.113566122039831,0.03486107622073,-0.605014280062057,0.0865729284816416
6.49989667874954,0.373851173916919,-0.202863568530083,0.280060195235131,0.0153140041762536,-0.113403299768685,0.0350358730542035,-0.604873402421011,0.0872933250240065
6.54497442690774,0.372672296548424,-0.203615827423099,0.280442981613608,0.0151424960363217,-0.113239043492654,0.0352106035720053,-0.604729272379963,0.0880178762791299
6.5903647959397,0.371484946708979,-0.204363886824105,0.280827442668641,0.0149657599333833,-0.113073351692914,0.0353852552057927,-0.604581851874306,0.0887465968883877
6.63606995391757,0.370289146616551,-0.205107634765246,0.281213535062915,0.0147837314442816,-0.112906223028742,0.0355598153313679,-0.604431102312305,0.0894795013376297
6.68209208394941,0.369084920367925,-0.205846958997975,0.281601214190384,0.0145963462131574,-0.112737656339342,0.0357342712719849,-0.604276984570716,0.0902166039473813
6.72843338428345,0.367872293956374,-0.206581747028406,0.281990434165958,0.0144035399746178,-0.112567650645599,0.0359086103017295,-0.604119458990516,0.0909579188628729
6.77509606841313,0.366651295288613,-0.20731188615338,0.282381147815583,0.0142052485773468,-0.112396205151766,0.0360828196489686,-0.603958485372769,0.0917034600438971
6.82208236518274,0.365421954201013,-0.208037263497205,0.282773306666732,0.0140014080081521,-0.112223319247057,0.0362568864998683,-0.603794022974601,0.0924532412544938
6.86939451889399,0.36418430247506,-0.208757766049089,0.283166860939321,0.0137919544164429,-0.112048992507173,0.0364307980019791,-0.603626030505325,0.0932072760524646
6.91703478941313,0.36293837385201,-0.209473280701223,0.283561759537062,0.0135768241391312,-0.111873224695731,0.0366045412678849,-0.603454466122682,0.0939655777787159
6.96500545227891,0.361684204046743,-0.210183694287509,0.283957950039278,0.0133559537259494,-0.111696015765612,0.0367781033789162,-0.603279287429236,0.0947281595464319
7.0133087988113,0.360421830760763,-0.21088889362292,0.284355378693181,0.0131292799651756,-0.111517365860216,0.0369514713889225,-0.603100451468901,0.0954950342300784
7.06194713622089,0.359151293694345,-0.211588765543461,0.284753990406633,0.0128967399097603,-0.111337275314625,0.0371246323281048,-0.602917914723625,0.0962662144542371
7.11092278771915,0.357872634557776,-0.212283196946719,0.285153728741417,0.0126582709038431,-0.111155744656669,0.0372975732069028,-0.602731633110213,0.0970417125822722
7.16023809262934,0.356585897081699,-0.212972074832992,0.285554535907006,0.012413810609652,-0.110972774607894,0.0374702810199361,-0.60254156197732,0.0978215407048304
7.20989540649828,0.355291127026503,-0.213655286346948,0.285956352754871,0.0121632970347736,-0.110788366084427,0.037642742749997,-0.602347656102589,0.0986057106281735
7.25989710120885,0.353988372190762,-0.21433271881982,0.286359118773326,0.0119066685597858,-0.110602520197745,0.037814945372091,-0.602149869689962,0.0993942338623466
7.31024556509332,0.352677682418681,-0.215004259812102,0.28676277208293,0.0116438639662404,-0.110415238255325,0.0379868758575228,-0.601948156367162,0.100187121609183
7.36094320304735,0.351359109606545,-0.215669797156713,0.287167249432457,0.0113748224649849,-0.110226521761198,0.038158521178025,-0.601742469183336,0.100984384750144
7.41199243664497,0.350032707708128,-0.216329219002621,0.287572486195451,0.0110994837248107,-0.110036372416388,0.0383298683099267,-0.601532760606884,0.101786033834001
7.46339570425412,0.348698532739066,-0.216982413858892,0.287978416367372,0.0108177879014172,-0.109844792119234,0.0385009042383576,-0.60131898252347,0.102592079064352
7.51515546115323,0.347356642780143,-0.21762927063913,0.288384972563359,0.0105296756666761,-0.109651782965605,0.0386716159614859,-0.601101086234214,0.103402530286985
7.56727417964842,0.346007097979505,-0.218269678706297,0.288792086016607,0.0102350882381848,-0.109457347248992,0.0388419904947855,-0.600879022454075,0.104217396977083
7.61975434919166,0.344649960553754,-0.218903527917863,0.289199686577379,0.00993396740909336,-0.109261487460484,0.0390120148753299,-0.600652741310432,0.105036688226268
7.67259847649959,0.343285294787922,-0.219530708671282,0.289607702712667,0.00962625557819125,-0.109064206288622,0.0391816761661084,-0.600422192341864,0.105860412729502
7.72580908567334,0.341913167034294,-0.220151111949734,0.290016061506509,0.00931189578023911,-0.108865506619134,0.0393509614603613,-0.600187324497128,0.106688578771824
7.77938871831903,0.340533645710082,-0.220764629368127,0.290424688660969,0.00899083171653015,-0.108665391534541,0.0395198578859308,-0.599948086134354,0.107521194214947
7.83333993366922,0.33914680129391,-0.22137115321931,0.290833508497806,0.00866300778566403,-0.108463864313643,0.0396883526096225,-0.599704425020444,0.108358266483703
7.8876653087051,0.337752706321121,-0.221970576520477,0.291242443960827,0.00832836911451992,-0.108260928430874,0.0398564328415755,-0.599456288330697,0.109199802552343
7.94236743827963,0.336351435377877,-0.222562793059711,0.291651416618934,0.00798686158940803,-0.108056587555531,0.0400240858396348,-0.599203622648649,0.11004580893069
7.99744893524145,0.334943065094034,-0.223147697442658,0.292060346669893,0.00763843188738686,-0.107850845550879,0.0401912989137237,-0.598946373966145,0.11089629165016
8.0529124305597,0.333527674134805,-0.223725185139265,0.292469152944811,0.00728302750772467,-0.107643706473112,0.0403580594302115,-0.598684487683637,0.111751256249633
8.10876057344967,0.332105343191176,-0.224295152530578,0.292877752913343,0.00692059680349014,-0.107435174570203,0.0405243548162712,-0.598417908610723,0.112610707761199
8.16499603149936,0.330676154969071,-0.224857496955541,0.293286062689632,0.00655108901325288,-0.107225254280604,0.0406901725642249,-0.598146580966922,0.113474650695759
8.22162149079689,0.329240194177276,-0.225412116757767,0.293693997038998,0.00617445429287461,-0.107013950231827,0.040855500235871,-0.597870448382695,0.114343089028509
8.27863965605879,0.327797547514086,-0.225958911332243,0.294101469385362,0.00579064374737301,-0.106801267238888,0.0410203254667888,-0.597589453900723,0.115216026184281
8.33605325075921,0.326348303652697,-0.226497781171936,0.294508391819442,0.00539960946283927,-0.106587210302614,0.0411846359706168,-0.597303539977424,0.116093465022776
8.39386501726,0.324892553225316,-0.227028627914247,0.294914675107698,0.00500130453838785,-0.106371784607831,0.0413484195433,-0.597012648484744,0.116975407823657
8.45207771694168,0.323430388806007,-0.22755135438729,0.295320228702052,0.00459568311812086,-0.106154995521403,0.041511664067301,-0.596716720712202,0.11786185627154
8.51069413033537,0.321961904892248,-0.228065864655951,0.29572496075037,0.00418270042308591,-0.105936848590149,0.0416743575157705,-0.596415697369209,0.118752811440861
8.56971705725559,0.320487197885225,-0.228572064067685,0.296128778107733,0.00376231278320657,-0.10571734953863,0.041836487956674,-0.596109518587656,0.119648273780632
8.62914931693396,0.319006366068838,-0.22906985929801,0.296531586348471,0.00333447766916631,-0.105496504266795,0.0419980435568668,-0.595798123924777,0.120548243099091
8.68899374815392,0.317519509587439,-0.229559158395666,0.296933289778992,0.00289915372422378,-0.105274318847508,0.042159012586117,-0.595481452366304,0.121452718548248
8.74925320938629,0.316026730422301,-0.23003987082739,0.297333791451387,0.00245630079593923,-0.105050799523938,0.0423193834210677,-0.595159442329895,0.122361698608325
8.80993057892579,0.314528132366819,-0.230511907522273,0.297732993177822,0.00200587996779075,-0.104825952706821,0.0424791445491361,-0.594832031668862,0.123275181072106
8.87102875502857,0.313023821000455,-0.230975180915655,0.29813079554572,0.00154785359065951,-0.104599784971605,0.0426382845723446,-0.594499157676193,0.124193163029191
8.93255065605059,0.31151390366143,-0.231429604992515,0.298527097933723,0.00108218531416218,-0.104372303055454,0.0427967922110788,-0.594160757088873,0.12511564085016
8.99449922058705,0.309998489418175,-0.231875095330326,0.298921798528447,0.000608840117809234,-0.104143513854142,0.042954656307767,-0.593816766092505,0.126042610170656
9.05687740761275,0.308477689039559,-0.232311569141326,0.299314794342013,0.000127784341968473,-0.103913424418814,0.0431118658304789,-0.593467120326251,0.126974065875382
9.11968819662343,0.306951614963886,-0.232738945314161,0.299705981230373,-0.000361014281389099,-0.103682041952641,0.0432684098764363,-0.593111754888074,0.127910002082032
9.18293458777804,0.3054203812667,-0.233157144454875,0.300095253912406,-0.000857586598180804,-0.103449373807342,0.0434242776754326,-0.592750604340308,0.128850412125137
9.2466196020421,0.303884103627389,-0.233566088927193,0.300482505989796,-0.00136196200196456,-0.103215427479598,0.0435794585931574,-0.592383602715543,0.129795288539861
9.31074628133199,0.302342899294632,-0.233965702892066,0.300867629967682,-0.00187416840397117,-0.10298021060736,0.0437339421344195,-0.592010683522837,0.130744623045721
9.3753176886602,0.300796887050675,-0.234355912346435,0.30125051727608,-0.00239423220343943,-0.102743730966032,0.043887717946266,-0.591631779754269,0.131698406530259
9.44033690828169,0.29924618717448,-0.234736645161181,0.301631058292068,-0.0029221782582754,-0.102505996464563,0.0440407758209924,-0.591246823891808,0.13265662903266
9.50580704584117,0.297690921403765,-0.235107831118209,0.302009142362725,-0.0034580298560552,-0.102267015141421,0.0441931056990393,-0.590855747914543,0.133619279727325
9.57173122852146,0.29613121289594,-0.235469401946658,0.302384657828827,-0.00400180868539432,-0.102026795160476,0.0443446976717721,-0.590458483306242,0.134586346907397
9.63811260519287,0.294567186187982,-0.235821291358161,0.302757492049283,-0.00455353480770262,-0.101785344806785,0.0444955419841391,-0.590054961063259,0.135557817968263
9.70495434656358,0.29299896715527,-0.236163435081153,0.30312753142631,-0.00511322662934668,-0.101542672482275,0.044645629037204,-0.589645111702804,0.136533679391014
9.7722596453311,0.291426682969397,-0.236495770894172,0.303494661431338,-0.00568090087423884,-0.101298786701349,0.0447949493905505,-0.589228865271559,0.137513916725889
9.84003171633479,0.289850462054993,-0.236818238658131,0.303858766631629,-0.00625657255687359,-0.101053696086396,0.0449434937645523,-0.588806151354655,0.138498514575695
9.90827379670937,0.288270434045596,-0.237130780347514,0.304219730717604,-0.00684025495583096,-0.100807409363225,0.0450912530425082,-0.588376899085017,0.139487456579222
9.97698914603959,0.286686729738585,-0.237433340080472,0.304577436530879,-0.00743195958776649,-0.100559935356416,0.0452382182726365,-0.587941037153078,0.140480725394643
10.0461810465159,0.285099481049219,-0.237725864147797,0.304931766092978,-0.00803169618190608,-0.100311282984607,0.0453843806699262,-0.587498493816856,0.141478302682919
10.1158528030912,0.283508820963808,-0.238008301040712,0.305282600634723,-0.00863947265506648,-0.100061461255703,0.0455297316178421,-0.58704919691242,0.142480169091211
10.1860077436388,0.28191488349206,-0.238280601477487,0.305629820626297,-0.00925529508721698,-0.0998104792620252,0.0456742626698802,-0.58659307386472,0.1434863042363
10.2566492191112,0.280317803618622,-0.238542718428822,0.305973305807948,-0.0098791676976035,-0.0995583461754053,0.0458179655509707,-0.586130051698819,0.144496686688033
10.3277806037004,0.278717717253869,-0.238794607141984,0.306312935221337,-0.0105110928214497,-0.0993050712422178,0.0459608321587261,-0.585660057051492,0.145511293952789
10.3994052949988,0.277114761183967,-0.239036225163669,0.306648587241507,-0.0111510708872553,-0.0990506637783702,0.0461028545645315,-0.585183016183234,0.146530102456983
10.4715267141616,0.275509073020251,-0.239267532361564,0.306980139609463,-0.0117991003947046,-0.0987951331642461,0.0462440250144751,-0.584698854990646,0.147553087530606
10.5441483060703,0.27390079114796,-0.239488490944582,0.307307469465351,-0.0124551778932061,-0.0985384888396116,0.0463843359301164,-0.584207499019233,0.148580223390816
10.6172735394972,0.272290054674363,-0.239699065481755,0.307630453382211,-0.0131192979610753,-0.0982807402984876,0.0465237799090898,-0.583708873476592,0.149611483125584
10.6909059072708,0.27067700337633,-0.239899222919759,0.307948967400294,-0.0137914531853763,-0.0980218970839966,0.046662349725543,-0.583202903246009,0.150646838677396
10.7650489264432,0.269061777647368,-0.240088932599049,0.308262887061934,-0.0144716341424404,-0.0977619687831858,0.0468000383304067,-0.582689512900468,0.151686260827033
10.8397061384575,0.267444518444187,-0.240268166268596,0.308572087446946,-0.0151598293790705,-0.0975009650218358,0.0469368388514962,-0.582168626717059,0.152729719177424
10.9148811093176,0.265825367232826,-0.240436898099194,0.30887644320854,-0.0158560253944502,-0.0972388954592586,0.0470727445934414,-0.581640168691814,0.153777182137585
10.9905774297578,0.264204465934388,-0.240595104695342,0.309175828609729,-0.0165602066227674,-0.0969757697830914,0.0472077490374471,-0.581104062554948,0.154828616906654
11.0667987154147,0.262581956870423,-0.240742765105663,0.309470117560224,-0.0172723554165655,-0.0967115977040922,0.0473418458408791,-0.58056023178653,0.155883989458028
11.1435486070002,0.260957982708013,-0.240879860831878,0.309759183653787,-0.0179924520308363,-0.0964463889509432,0.0474750288366795,-0.580008599632567,0.156943264523602
11.2208307704748,0.259332686404596,-0.241006375836291,0.31004290020602,-0.0187204746078625,-0.0961801532650675,0.0476072920326076,-0.579449089121523,0.158006405578142
11.2986488972231,0.25770621115258,-0.241122296547802,0.310321140292598,-0.0194563991628236,-0.0959129003954663,0.0477386296103074,-0.578881623081257,0.159073374823772
11.3770067042298,0.25607870032379,-0.241227611866438,0.310593776787884,-0.0202001995701741,-0.0956446400935816,0.047869035924203,-0.578306124156401,0.160144133174608
11.4559079342577,0.254450297413796,-0.241322313166374,0.310860682403956,-0.0209518475508033,-0.0953753821081909,0.0479985055002197,-0.57772251482616,0.161218640241527
11.535356356026,0.252821145986171,-0.241406394297473,0.31112172972998,-0.0217113126599868,-0.0951051361803406,0.0481270330343335,-0.577130717422559,0.162296854317101
11.6153557643908,0.251191389616718,-0.241479851585319,0.311376791271951,-0.0224785622761373,-0.0948339120383234,0.0482546133909485,-0.576530654149121,0.163378732360692
11.6959099805258,0.249561171837726,-0.24154268382975,0.311625739492749,-0.0232535615903617,-0.0945617193927066,0.0483812416011037,-0.575922247099982,0.164464229983715
11.7770228521052,0.247930636082284,-0.241594892301892,0.311868446852514,-0.0240362735968338,-0.0942885679314165,0.0485069128605102,-0.575305418279457,0.165553301435094
11.8586982534876,0.246299925628723,-0.2416364807397,0.312104785849311,-0.0248266590839878,-0.0940144673148861,0.0486316225274204,-0.574680089622037,0.166645899586908
11.9409400859005,0.244669183545205,-0.241667455342002,0.312334629060058,-0.0256246766265371,-0.0937394271712719,0.0487553661203304,-0.574046183012845,0.167741975920236
12.0237522776272,0.243038552634531,-0.241687824761064,0.312557849181716,-0.0264302825783275,-0.0934634570917448,0.0488781393155185,-0.573403620308524,0.168841480511223
12.1071387841942,0.241408175379201,-0.24169760009367,0.312774319072704,-0.0272434310660258,-0.0931865666258629,0.0489999379444203,-0.572752323358586,0.169944362017367
12.1911035885602,0.239778193886773,-0.241696794870736,0.312983911794526,-0.02806407398365,-0.0929087652770305,0.0491207579908443,-0.572092214027198,0.171050567664042
12.2756507013062,0.238148749835564,-0.241685425045469,0.313186500653591,-0.0288921609879439,-0.09263006249805,0.0492405955880301,-0.57142321421543,0.172160043231264
12.3607841608273,0.236519984420755,-0.241663508980074,0.313381959243208,-0.0297276394945998,-0.0923504676867727,0.049359447015551,-0.570745245883942,0.17327273304072
12.4465080335254,0.234892038300917,-0.241631067431039,0.313570161485729,-0.0305704546753305,-0.0920699901818535,0.0494773086960657,-0.570058231076134,0.174388579943063
12.5328264140034,0.233265051545026,-0.241588123532996,0.313750981674829,-0.0314205494557946,-0.0917886392586157,0.049594177191921,-0.569362091941737,0.175507525305477
12.6197434252612,0.23163916358,-0.241534702781188,0.313924294517901,-0.0322778645143728,-0.0915064241250312,0.0497100492016091,-0.568656750760868,0.176629508999553
12.7072632188919,0.230014513138799,-0.241470833012554,0.314089975178543,-0.0331423382818009,-0.0912233539178214,0.0498249215560844,-0.567942129968525,0.177754469389449
12.7953899752808,0.228391238209139,-0.241396544385459,0.314247899319123,-0.0340139069416548,-0.0909394376986843,0.0499387912149414,-0.567218152179545,0.178882343320374
12.8841279038047,0.226769475982847,-0.241311869358081,0.3143979431434,-0.0348925044316911,-0.0906546844506531,0.0500516552624598,-0.566484740214004,0.180013066107398
12.9734812430331,0.225149362805915,-0.241216842665487,0.314539983439188,-0.0357780624460413,-0.0903691030745912,0.0501635109035206,-0.565741817123079,0.181146571524604
13.0634542609305,0.223531034129279,-0.241111501295415,0.314673897621032,-0.0366705104382559,-0.0900827023858279,0.0502743554593962,-0.564989306215352,0.182282791794582
13.1540512550606,0.221914624460364,-0.240995884462794,0.314799563772897,-0.0375697756252026,-0.0897954911109408,0.0503841863634211,-0.564227131083563,0.183421657578302
13.2452765527909,0.220300267315435,-0.240870033583025,0.31491686069083,-0.0384757829918099,-0.0895074778846881,0.0504930011565474,-0.56345521563182,0.184563097965353
13.3371345115004,0.218688095172798,-0.240733992244056,0.315025667925596,-0.0393884552966591,-0.0892186712470968,0.050600797482789,-0.562673484103241,0.185707040464581
13.4296295187868,0.217078239426863,-0.240587806177269,0.315125865825262,-0.0403077130784179,-0.0889290796407092,0.050707573084561,-0.561881861108055,0.186853410995119
13.5227659926764,0.215470830343135,-0.240431523227227,0.315217335577712,-0.0412334746631146,-0.0886387114079938,0.0508133257979195,-0.561080271652133,0.188002133877852
13.6165483818355,0.213865997014134,-0.240265193320295,0.315299959253074,-0.0421656561722487,-0.0883475747889224,0.0509180535477066,-0.560268641165967,0.189153131827299
13.7109811657822,0.212263867316306,-0.240088868432181,0.315373619846055,-0.0431041715317339,-0.088055677918719,0.0510217543426061,-0.559446895534076,0.190306325943941
13.806068855101,0.210664567867928,-0.239902602554428,0.315438201318145,-0.0440489324816688,-0.0877630288257832,0.0511244262701176,-0.558614961124861,0.191461635707018
13.9018159916578,0.209068223988059,-0.239706451659877,0.315493588639703,-0.0449998485869314,-0.0874696354297904,0.0512260674914518,-0.557772764820868,0.192618978967787
13.998227148817,0.20747495965655,-0.239500473667168,0.315539667831878,-0.0459568272485922,-0.0871755055399746,0.0513266762363561,-0.556920234049498,0.193778271943276
14.0953069316601,0.205884897475145,-0.239284728404278,0.315576326008379,-0.0469197737161413,-0.0868806468535936,0.0514262507978747,-0.556057296814126,0.194939429210532
14.1930599772055,0.204298158629703,-0.239059277571164,0.315603451417059,-0.0478885911005233,-0.0865850669545812,0.0515247895270506,-0.555183881725638,0.196102363701393
14.2914909546299,0.202714862853549,-0.23882418470153,0.315620933481305,-0.0488631803879745,-0.086288773312389,0.0516222908275745,-0.554299918034386,0.197266986697788
14.3906045654914,0.201135128392004,-0.238579515123767,0.315628662841222,-0.0498434404546584,-0.0859917732810182,0.0517187531503894,-0.553405335662545,0.198433207827578
14.4904055439544,0.199559071968082,-0.238325335921098,0.315626531394596,-0.0508292680820908,-0.0856940740982458,0.0518141749882548,-0.552500065236867,0.199600935060969
14.5908986570152,0.197986808749397,-0.238061715890976,0.315614432337614,-0.0518205579733507,-0.0853956828850453,0.0519085548702799,-0.551584038121839,0.200770074707491
14.6920887047298,0.196418452316296,-0.237788725503762,0.315592260205344,-0.0528172027700696,-0.085096606645204,0.0520018913564296,-0.550657186453218,0.201940531413574
14.7939805204436,0.194854114631221,-0.237506436860741,0.315559910911948,-0.0538190930701933,-0.0847968522651382,0.0520941830320129,-0.549719443171955,0.203112208160727
14.8965789710218,0.193293906009325,-0.237214923651503,0.315517281790618,-0.0548261174465098,-0.0844964265139077,0.0521854285021592,-0.548770742058485,0.204285006264343
14.999888957082,0.191737935090362,-0.236914261110735,0.31546427163323,-0.0558381624659365,-0.0841953360434297,0.0522756263862887,-0.547811017767385,0.205458825373141
15.1039154132284,0.190186308811845,-0.236604525974473,0.315400780729691,-0.0568551127095608,-0.083893587388893,0.0523647753125858,-0.546840205862388,0.206633563469258
15.2086633082875,0.1886391323835,-0.236285796435836,0.315326710906986,-0.0578768507934257,-0.0835911869693739,0.0524528739124807,-0.545858242851741,0.207809116869017
15.3141376455451,0.187096509263019,-0.235958152100311,0.315241965567885,-0.0589032573900571,-0.0832881410886516,0.0525399208151475,-0.544865066223902,0.20898538022437
15.4203434629857,0.185558541133109,-0.235621673940608,0.315146449729333,-0.0599342112507222,-0.0829844559362253,0.0526259146420248,-0.543860614483564,0.210162246525049
15.5272858335329,0.184025327879866,-0.235276444251136,0.315040070060483,-0.0609695892284156,-0.0826801375885313,0.0527108540013665,-0.542844827187994,0.211339607101432
15.6349698652918,0.18249696757246,-0.234922546602152,0.314922734920375,-0.0620092663015641,-0.0823751920103596,0.0527947374828298,-0.541817644983677,0.212517351628138
15.7434007017931,0.180973556444135,-0.234560065793599,0.314794354395252,-0.0630531155984458,-0.0820696250564696,0.0528775636521069,-0.540779009643253,0.213695368128375
15.8525835222385,0.179455188874539,-0.234189087808705,0.314654840335491,-0.0641010084223141,-0.0817634424734035,0.052959331045608,-0.539728864102734,0.214873542979044
15.9625235417481,0.177941957373372,-0.233809699767363,0.314504106392153,-0.0651528142772236,-0.0814566499014954,0.0530400381652025,-0.538667152498987,0.216051760916627
16.07322601161,0.176433952565351,-0.233421989879346,0.314342068053131,-0.0662084008945477,-0.0811492528770756,0.0531196834730245,-0.537593820207476,0.217229905043872
16.1846962195303,0.174931263176506,-0.233026047397386,0.314168642678893,-0.0672676342601849,-0.0808412568348677,0.053198265386351,-0.536508813880234,0.218407856837279
16.2969394898867,0.173433976021773,-0.232621962570169,0.3139837495378,-0.0683303786424447,-0.0805326671105763,0.0532757822725579,-0.535412081484071,0.219585496155423
16.4099611839816,0.171942175993912,-0.232209826595284,0.313787309841008,-0.0693964966206083,-0.0802234889436626,0.0533522324441621,-0.534303572338979,0.220762701248108
16.5237667002994,0.170455946053718,-0.231789731572163,0.313579246776924,-0.0704658491141584,-0.0799137274803064,0.0534276141539553,-0.53318323715674,0.221939348766383
16.6383614747635,0.168975367221531,-0.231361770455046,0.313359485545217,-0.0715382954126699,-0.0796033877765508,0.0535019255902366,-0.532051028079706,0.223115313773423
16.7537509809962,0.16750051857003,-0.230926037006025,0.313127953390376,-0.072613693206358,-0.0792924748016265,0.0535751648721503,-0.530906898719735,0.224290469756304
16.8699407305804,0.166031477218308,-0.230482625748193,0.312884579634798,-0.073691898617276,-0.0789809934414533,0.0536473300451356,-0.529750804197271,0.225464688638669
16.9869362733223,0.164568318327198,-0.230031631918935,0.312629295711408,-0.0747727662311578,-0.0786689485023142,0.0537184190764936,-0.528582701180548,0.226637840794312
17.1047431975172,0.163111115095867,-0.229573151423414,0.312362035195787,-0.075856149129899,-0.0783563447146986,0.0537884298510795,-0.527402547924888,0.227809795061693
17.2233671302159,0.161659938759634,-0.22910728078826,0.31208273383781,-0.0769418989246709,-0.0780431867373121,0.0538573601671237,-0.526210304312092,0.228980418759388
17.3428137374936,0.160214858589015,-0.228634117115529,0.311791329592784,-0.0780298657896624,-0.0777294791612463,0.0539252077321904,-0.525005931889881,0.230149577702501
17.4630887247206,0.158775941889975,-0.228153758036944,0.311487762652068,-0.0791198984964432,-0.0774152265143062,0.0539919701592776,-0.52378939391139,0.231317136220042
17.5841978368348,0.157343254005366,-0.227666301668462,0.311171975473178,-0.0802118444489443,-0.0771004332654898,0.0540576449630645,-0.52256065537467,0.232482957173282
17.7061468586161,0.155916858317541,-0.227171846565199,0.310843912809349,-0.0813055497190487,-0.0767851038296148,0.0541222295563125,-0.521319683062185,0.233646901975106
17.8289416149627,0.154496816252114,-0.226670491676741,0.310503521738573,-0.0824008590827885,-0.0764692425720889,0.0541857212464249,-0.520066445580291,0.234808830610369
17.9525879711692,0.153083187282854,-0.226162336302882,0.31015075169207,-0.0834976160571416,-0.0761528538138165,0.0542481172321702,-0.518800913398649,0.235968601657268
18.0770918332073,0.151676028937689,-0.225647480049808,0.309785554482208,-0.0845956629374246,-0.0758359418362379,0.0543094146005741,-0.517523058889571,0.237126072309741
18.2024591480069,0.150275396805805,-0.225126022786769,0.309407884329848,-0.0856948408352741,-0.0755185108864952,0.0543696103239852,-0.516232856367258,0.2382810984009
18.3286959037413,0.1488813445458,-0.224598064603246,0.30901769789111,-0.0867949897172139,-0.075200565182719,0.0544287012573196,-0.514930282126912,0.239433534427522
18.4558081301122,0.147493923894891,-0.224063705766678,0.308614954283545,-0.0878959484438001,-0.0748821089194298,0.0544866841354875,-0.513615314483688,0.240583233575577
18.5838018986386,0.146113184679141,-0.223523046680733,0.308199615111712,-0.0889975548093405,-0.0745631462730489,0.0545435555710078,-0.512287933811469,0.241730047746842
18.7126833229461,0.144739174824667,-0.222976187844176,0.307771644492132,-0.0900996455821836,-0.0742436814075115,0.0545993120518132,-0.510948122581425,0.242873827586569
18.8424585590593,0.143371940369836,-0.222423229810359,0.307331009077625,-0.0912020565455675,-0.0739237184799772,0.0546539499392511,-0.509595865400331,0.244014422512245
18.9731338056957,0.142011525478394,-0.221864273147336,0.306877678081014,-0.0923046225390295,-0.0736032616466294,0.0547074654662829,-0.508231149048624,0.245151680743432
19.1047153045619,0.140657972453508,-0.221299418398647,0.306411623298179,-0.093407177500365,-0.073282315068559,0.0547598547358861,-0.50685396251815,0.246285449332697
19.2372093406515,0.13931132175271,-0.220728766044782,0.305932819130452,-0.0945095545081332,-0.0729608829177246,0.054811113719661,-0.505464297049591,0.247415574197649
19.3706222425457,0.137971612003692,-0.220152416465348,0.305441242606349,-0.0956115858247022,-0.0726389693829823,0.0548612382566476,-0.504062146169522,0.24854190015406
19.5049603827152,0.136638880020943,-0.219570469901958,0.304936873402614,-0.0967131029398286,-0.0723165786761786,0.054910224052352,-0.502647505727086,0.249664270950106
19.6402301778248,0.135313160823193,-0.21898302642186,0.30441969386457,-0.0978139366147627,-0.0719937150382995,0.0549580666779884,-0.501220373930235,0.250782529301705
19.7764380890397,0.133994487651624,-0.218390185882323,0.303889689025771,-0.0989139169268764,-0.0716703827456675,0.0550047615699367,-0.499780751381523,0.251896516928965
19.9135906223344,0.132682891988849,-0.217792047895798,0.303346846626925,-0.100012873314803,-0.0713465861161806,0.0550503040294182,-0.4983286411134,0.253006074593739
20.0516943288031,0.131378403578592,-0.217188711795866,0.302791157134087,-0.101110634624087,-0.0710223295155856,0.0550946892223923,-0.49686404862299,0.254111042138291
20.1907558049731,0.130081050446074,-0.216580276603994,0.302222613756116,-0.102207029153326,-0.0706976173637776,0.0551379121796746,-0.495386981906307,0.255211258525068
20.3307816931193,0.128790858919046,-0.215966840997096,0.301641212461358,-0.103301884700815,-0.070372454141119,0.0551799677972783,-0.493897451491881,0.256306561877569
20.4717786815819,0.12750785364947,-0.215348503275937,0.30104695199357,-0.104395028611666,-0.0700468443947703,0.0552208508369804,-0.492395470473758,0.257396789522325
20.6137535050858,0.126232057635786,-0.214725361334358,0.300439833887046,-0.105486287825402,-0.0697207927450247,0.0552605559271123,-0.490881054543834,0.258481778031965
20.756712945062,0.124963492245761,-0.214097512629366,0.299819862480955,-0.106575488924027,-0.0693943038916401,0.0552990775635772,-0.489354222023499,0.25956136326938
20.900663829972,0.123702177239881,-0.213465054152068,0.299187044932852,-0.10766245818054,-0.0690673826201584,0.0553364101110927,-0.48781499389454,0.260635380432961
21.0456130356336,0.122448130795244,-0.212828082399476,0.298541391231365,-0.108747021607904,-0.0687400338082081,0.0553725478046607,-0.486263393829286,0.261703664102923
21.1915674855492,0.121201369529951,-0.212186693347183,0.29788291420804,-0.109829005008453,-0.0684122624317785,0.0554074847512626,-0.484699448219933,0.262766048288681
21.338534151237,0.11996190852794,-0.211540982422917,0.297211629548322,-0.110908234023721,-0.0680840735714608,0.0554412149317805,-0.483123186207048,0.263822366477298
21.4865200525637,0.118729761364247,-0.21089104448097,0.296527555801666,-0.111984534184687,-0.0677554724186471,0.0554737322031437,-0.481534639707177,0.264872451682957
21.6355322580795,0.117504940130657,-0.21023697377752,0.295830714390757,-0.113057730962426,-0.06742646428168,0.0555050303006989,-0.479933843439548,0.265916136497482
21.7855778853565,0.11628745546173,-0.209578863946841,0.295121129619825,-0.11412764981915,-0.0670970545919443,0.055535102840803,-0.478320834951829,0.266953253141862
21.9366641013278,0.115077316561146,-0.208916807978395,0.294398828682042,-0.115194116259623,-0.0667672489098948,0.0555639433236382,-0.476695654644887,0.26798363351878
22.0887981226306,0.113874531228377,-0.208250898194825,0.293663841665986,-0.116256955882949,-0.0664370529310113,0.0555915451362461,-0.475058345796537,0.269007109266129
22.2419872159503,0.112679105885616,-0.20758122623083,0.292916201561148,-0.117315994434705,-0.0661064724916732,0.0556179015557793,-0.473408954584221,0.27002351181149
22.396238698368,0.111491045604976,-0.206907883012937,0.292155944262481,-0.118371057859406,-0.0657755135749469,0.0556430057529692,-0.471747530106601,0.271032672427553
22.5515599377096,0.110310354135897,-0.206230958740155,0.291383108573964,-0.119421972353304,-0.0654441823162786,0.0556668507958058,-0.470074124404013,0.272034422288472
22.7079583528983,0.109137033932751,-0.205550542865517,0.290597736211168,-0.120468564417474,-0.065112485009084,0.0556894296534286,-0.468388792477762,0.273028592527113
22.8654414143084,0.107971086182621,-0.204866724078506,0.289799871802817,-0.1215106609112,-0.0647804281102296,0.0557107352002241,-0.466691592308209,0.27401501429319
23.0240166441225,0.106812510833208,-0.204179590288355,0.288989562891313,-0.122548089105628,-0.0644480182453955,0.0557307602201272,-0.464982584871623,0.274993518812247
23.1836916166905,0.105661306620863,-0.203489228608217,0.288166859932232,-0.123580676737669,-0.0641152622143161,0.0557494974111232,-0.463261834155766,0.275963937445474
23.3444739588916,0.1045174710987,-0.202795725340211,0.287331816292748,-0.124608252064132,-0.0637821669958891,0.0557669393899461,-0.461529407174167,0.276926101750322
23.5063713504986,0.103381000664775,-0.202099165961315,0.286484488248999,-0.125630643916082,-0.0634487397531462,0.0557830786969699,-0.459785373979057,0.277879843541884
23.6693915245447,0.1022518905903,-0.201399635110123,0.285624934982364,-0.126647681753375,-0.0631149878380805,0.0557979078012883,-0.458029807672938,0.278824994955026
23.8335422676926,0.10113013504787,-0.200697216574439,0.284753218574637,-0.127659195719376,-0.0627809187963218,0.0558114191059772,-0.456262784418744,0.279761388507217
23.9988314206069,0.10001572713968,-0.199991993279712,0.283869404002092,-0.128665016695824,-0.0624465403716552,0.0558236049535384,-0.454484383448569,0.280688857162041
24.1652668783283,0.0989086589257049,-0.199284047278288,0.28297355912842,-0.129664976357819,-0.0621118605103747,0.0558344576315151,-0.452694687070923,0.281607234393345
24.3328565906507,0.0978089214518209,-0.19857345973949,0.28206575469653,-0.130658907228923,-0.0617768873654676,0.0558439693782784,-0.450893780676501,0.282516354249996
24.5016085625011,0.0967165047778498,-0.1978603109405,0.28114606431919,-0.131646642736329,-0.0614416293006227,0.0558521323889765,-0.449081752742419,0.283416051421204
24.6715308543219,0.0956313980054967,-0.197144680258025,0.280214564468515,-0.132628017266091,-0.0611060948940559,0.055858938821642,-0.447258694834905,0.284306161302375
24.8426315824557,0.094553589306166,-0.196426646160763,0.279271334464269,-0.133602866218381,-0.0607702929421494,0.0558643808034517,-0.445424701610396,0.28518652006145
25.0149189195333,0.0934830659486326,-0.195706286202628,0.278316456460993,-0.134571026062753,-0.0604342324628969,0.0558684504371322,-0.443579870815048,0.286056964705698
25.1884010948637,0.0924198143265477,-0.194983677016734,0.277350015433919,-0.135532334393372,-0.0600979226991506,0.0558711398075061,-0.441724303282595,0.286917333148912
25.3630863948277,0.0913638199857612,-0.194258894310125,0.276372099163698,-0.136486629984199,-0.0597613731216657,0.0558724409881713,-0.439858102930566,0.287767464278967
25.538983163273,0.0903150676514402,-0.193532012859236,0.275382798219893,-0.137433752844094,-0.0594245934319358,0.0558723460483073,-0.437981376754822,0.288607198025696
25.7160998019135,0.0892735412549667,-0.192803106506071,0.274382205943263,-0.138373544271806,-0.059087593564816,0.0558708470596022,-0.436094234822388,0.289436375429043
25.89444477073,0.0882392239605955,-0.19207224815508,0.273370418426808,-0.139305846910822,-0.0587503836909286,0.0558679361032923,-0.434196790262574,0.290254838707435
26.0740265883745,0.0872120981918571,-0.191339509770725,0.272347534495576,-0.140230504804049,-0.0584129742188474,0.0558636052773086,-0.432289159256355,0.291062431326337
26.2548538325773,0.0861921456576863,-0.190604962375719,0.27131365568523,-0.14114736344829,-0.0580753757970571,0.0558578467035218,-0.430371461023992,0.29185899806693
26.4369351405564,0.0851793473782654,-0.189868676049918,0.27026888621936,-0.142056269848489,-0.0577375993156832,0.0558506525350791,-0.428443817810896,0.292644385094875
26.6202792094301,0.0841736837105613,-0.189130719929854,0.269213332985546,-0.142957072571709,-0.0573996559079898,0.0558420149638247,-0.426506354871692,0.293418440029098
26.8048947966327,0.0831751343735469,-0.188391162208894,0.268147105510161,-0.14384962180081,-0.0570615569516418,0.055831926227797,-0.424559200452497,0.294181012010557
26.9907907203326,0.0821836784730905,-0.187650070138006,0.267070315931921,-0.144733769387795,-0.0567233140697284,0.0558203786187943,-0.422602485771389,0.294931951770931
27.1779758598533,0.0811992945265012,-0.186907510027112,0.265983078974163,-0.145609368906788,-0.0563849391315458,0.0558073644900009,-0.420636344997054,0.295671111701179
27.3664591560979,0.080221960486716,-0.186163547247018,0.264885511915876,-0.14647627570662,-0.0560464442531358,0.0557928762636661,-0.418660915225617,0.296398345919917
27.556249611976,0.0792516537661208,-0.185418246231902,0.263777734561466,-0.147334346962963,-0.0557078417975796,0.0557769064388278,-0.416676336455636,0.297113510341555
27.7473562928336,0.0782883512599891,-0.184671670482339,0.262659869209258,-0.14818344173001,-0.0553691443750432,0.0557594475990721,-0.414682751561267,0.29781646274415
27.9397883268864,0.0773320293695323,-0.183923882568846,0.261532040618758,-0.14902342099164,-0.0550303648425746,0.0557404924203216,-0.412680306263593,0.298507062836898
28.1335549056553,0.0763826640245494,-0.183174944135937,0.260394375976649,-0.149854147712044,-0.0546915163036503,0.0557200336786432,-0.410669149100116,0.299185172327231
28.3286652844062,0.0754402307056672,-0.182424915906659,0.259247004861551,-0.150675486885769,-0.0543526121074706,0.0556980642580674,-0.408649431392413,0.29985065498745
28.5251287825912,0.0745047044661638,-0.181673857687605,0.258090059207545,-0.151487305587157,-0.0540136658480032,0.0556745771584102,-0.406621307211967,0.300503376720844
28.7229547842946,0.0735760599533655,-0.180921828374363,0.256923673266459,-0.152289473019124,-0.0536746913627745,0.0556495655030908,-0.404584933344171,0.301143205627228
28.9221527386804,0.0726542714296123,-0.180168885957419,0.255747983568939,-0.153081860561261,-0.0533357027314081,0.0556230225469341,-0.402540469250513,0.301770012067856
29.1227321604441,0.0717393127927829,-0.179415087528459,0.254563128884309,-0.153864341817202,-0.0529967142739119,0.0555949416839517,-0.400488077028955,0.302383668729642
29.324702630267,0.0708311575963751,-0.178660489287074,0.25336925017923,-0.154636792661244,-0.052657740548713,0.0555653164550916,-0.398427921372517,0.302984050688639
29.5280737952738,0.0699297790691357,-0.17790514654785,0.252166490575175,-0.155399091284159,-0.052318796350442,0.0555341405559492,-0.396360169526078,0.30357103547271
29.7328553694936,0.0690351501342345,-0.177149113747813,0.250954995304733,-0.156151118238184,-0.0519798967074672,0.0555014078444298,-0.394284991241412,0.304144503123343
29.9390571343235,0.0681472434279794,-0.176392444454221,0.249734911666754,-0.156892756481136,-0.0516410568791812,0.055467112348356,-0.392202558730472,0.304704336256551
30.1466889389963,0.067266031318068,-0.175635191372685,0.248506388980361,-0.157623891419624,-0.0513022923530404,0.0554312482730097,-0.390113046616948,0.305250420122791
30.3557607010504,0.0663914859213736,-0.174877406355598,0.247269578537837,-0.158344410951319,-0.0509636188413595,0.0553938100086015,-0.388016631886116,0.305782642665866
30.566282406804,0.065523579121263,-0.174119140410852,0.246024633556412,-0.159054205506255,-0.0506250522778646,0.05535479213766,-0.385913493833007,0.306300894580736
30.7782641118319,0.0646622825844433,-0.173360443710839,0.244771709128975,-0.159753168087109,-0.0502866088140061,0.0553141894423303,-0.383803814008913,0.306805069370186
30.9917159414457,0.0638075677773382,-0.172601365601701,0.243510962173718,-0.160441194308444,-0.049948304815034,0.0552719969115769,-0.381687776166268,0.307295063400312
31.2066480911777,0.0629594059819918,-0.171841954612823,0.242242551382758,-0.161118182434869,-0.0496101568558411,0.0552282097482802,-0.379565566201927,0.307770775954745
31.4230708272674,0.0621177683114998,-0.171082258466553,0.240966637169744,-0.161784033418087,-0.0492721817165743,0.0551828233762207,-0.377437372098878,0.308232109287592
31.6409944871527,0.0612826257249693,-0.170322324088126,0.239683381616478,-0.162438650932795,-0.0489343963780204,0.0551358334469418,-0.375303383866421,0.308678968675009
31.8604294799627,0.0604539490420068,-0.169562197615783,0.238392948418593,-0.16308194141141,-0.0485968180167691,0.0550872358464845,-0.373163793478848,0.309111262465383
32.0813862870155,0.0596317089567374,-0.168801924411057,0.237095502830286,-0.163713814077581,-0.0482594640001571,0.0550370267019864,-0.371018794812657,0.309528902128057
32.3038754623189,0.0588158760513545,-0.168041549069227,0.235791211608175,-0.164334180978465,-0.0479223518809998,0.0549852023881371,-0.368868583582357,0.30993180230055
32.5279076330741,0.0580064208092055,-0.167281115429914,0.23448024295427,-0.164942957015727,-0.0475854993921124,0.0549317595334837,-0.366713357274884,0.31031988083424
32.7534935001834,0.0572033136274137,-0.166520666587799,0.233162766458133,-0.165540059975242,-0.0472489244406288,0.0548766950265785,-0.36455331508268,0.310693058838435
32.9806438387618,0.0564065248290405,-0.165760244903458,0.231838953038217,-0.166125410555478,-0.0469126451021201,0.0548200060219632,-0.362388657835488,0.311051260722823
33.2093694986511,0.055616024674792,-0.164999892014301,0.230508974882456,-0.166698932394506,-0.0465766796145217,0.054761689945982,-0.360219587930894,0.311394414238221
33.4396814049384,0.0548317833742732,-0.164239648845581,0.22917300538812,-0.167260552095649,-0.0462410463718717,0.054701744502418,-0.358046309263677,0.311722450515613
33.6715905584778,0.0540537710967947,-0.163479555621488,0.227831219100976,-0.167810199251711,-0.0459057639178689,0.0546401676779455,-0.355869027154014,0.312035304103413
33.9051080364161,0.0532819579817372,-0.162719651876289,0.2264837916538,-0.16834780646778,-0.0455708509392554,0.0545769577473948,-0.35368794827458,0.312332913002929
34.1402449927217,0.0525163141484778,-0.161959976465513,0.225130899704272,-0.168873309382582,-0.0452363262590298,0.0545121132788201,-0.351503280576618,0.312615218701981
34.3770126587175,0.0517568097058846,-0.161200567577166,0.223772720872288,-0.169386646688357,-0.0449022088294997,0.0544456331383679,-0.349315233215013,0.312882166206649
34.6154223436172,0.0510034147613858,-0.160441462742959,0.22240943367675,-0.169887760149237,-0.0445685177251776,0.0543775164949401,-0.347124016472433,0.313133704071105
34.8554854350656,0.0502560994296186,-0.159682698849548,0.221041217471856,-0.170376594618124,-0.0442352721355287,0.0543077628246457,-0.344929841682601,0.313369784425505
35.0972133996824,0.0495148338406644,-0.158924312149756,0.219668252382933,-0.170853098052019,-0.0439024913575783,0.0542363719150371,-0.342732921152741,0.313590363001912
35.3406177836102,0.048779588147879,-0.158166338273779,0.218290719241875,-0.171317221525819,-0.0435701947883844,0.0541633438691269,-0.34053346808527,0.313795399158216
35.5857102130658,0.0480503325353224,-0.157408812240363,0.216908799522207,-0.171768919244545,-0.0432384019173843,0.05408867910918,-0.338331696498795,0.313984855900038
35.8325023948954,0.0473270372247967,-0.156651768467939,0.21552267527383,-0.172208148553994,-0.0429071323186225,0.054012378380278,-0.336127821148466,0.314158699900575
36.081006117134,0.0466096724825011,-0.155895240785698,0.214132529057499,-0.172634869949809,-0.042576405642867,0.0539344427536519,-0.33392205744576,0.314316901518383
36.3312332495683,0.0458982086253093,-0.15513926244461,0.212738543879061,-0.173049047084949,-0.0422462416096232,0.053854873629779,-0.331714621377752,0.314459434813071
36.5831957443038,0.0451926160266791,-0.154383866128368,0.211340903123516,-0.173450646775551,-0.0419166599990515,0.0537736727412422,-0.329505729425937,0.314586277558891
36.8369056363357,0.0444928651222019,-0.153629083964253,0.209939790488941,-0.173839639005183,-0.0415876806437986,0.0536908421553484,-0.327295598484668,0.314697411256201
37.0923750441235,0.0437989264148017,-0.152874947533898,0.208535389920324,-0.174215996927474,-0.041259323420749,0.0536063842765024,-0.325084445779279,0.314792821140803
37.3496161701702,0.0431107704795899,-0.152121487883963,0.207127885543349,-0.174579696867124,-0.040931608242706,0.0535203018483362,-0.322872488783948,0.314872496191135
37.6086413016048,0.042428367968387,-0.151368735536698,0.205717461598192,-0.174930718319287,-0.0406045550500101,0.0534325979555901,-0.320659945139383,0.314936429133312
37.8694628107695,0.0417516896139195,-0.150616720500384,0.204304302373367,-0.175269043947331,-0.0402781838021023,0.0533432760257443,-0.318447032570373,0.314984616444011
38.1320931558105,0.0410807062336999,-0.149865472279664,0.202888592139668,-0.175594659578966,-0.0399525144690426,0.0532523398304006,-0.316233968803294,0.315017058351197
38.3965448812729,0.0404153887336009,-0.149115019885728,0.201470515084259,-0.175907554200757,-0.03962756702299,0.0531597934864118,-0.314020971483621,0.315033758832688
38.6628306187004,0.0397557081111314,-0.148365391846374,0.200050255244958,-0.176207719951012,-0.0393033614296535,0.0530656414567597,-0.311808258093517,0.315034725612556
38.9309630872381,0.039101635458425,-0.147616616215918,0.198627996444761,-0.17649515211106,-0.0389799176397226,0.0529698885511798,-0.309596045869569,0.315019970155381
39.2009550942403,0.0384531419649494,-0.146868720584957,0.197203922226657,-0.176769849094924,-0.0386572555802844,0.0528725399265334,-0.30738455172073,0.31498950765835
39.4728195358824,0.0378101989199466,-0.14612173208998,0.195778215788775,-0.177031812437394,-0.0383353951462379,0.0527736010869275,-0.305173992146534,0.31494335704121
39.7465693977764,0.0371727777146133,-0.145375677422815,0.194351059919911,-0.177281046780516,-0.0380143561917112,0.0526730778835826,-0.302964583155658,0.3148815409341
40.0222177555915,0.0365408498440317,-0.144630582839917,0.192922636935493,-0.177517559858507,-0.0376941585214922,0.0525709765144491,-0.300756540184883,0.314804085663261
40.2997777756789,0.0359143869088587,-0.14388647417148,0.191493128614005,-0.177741362481111,-0.0373748218824788,0.0524673035235736,-0.298550078018527,0.314711021234636
40.5792627157,0.0352933606167848,-0.143143376830387,0.190062716133946,-0.177952468515405,-0.0370563659551595,0.0523620658002171,-0.296345410708414,0.314602381315396
40.8606859252603,0.0346777427837712,-0.142401315820977,0.188631580011336,-0.178150894866084,-0.036738810345129,0.0522552705777254,-0.294142751494434,0.314478203213392
41.1440608465467,0.034067505335074,-0.141660315747632,0.187199900037848,-0.178336661454231,-0.0364221745746501,0.0521469254321553,-0.291942312725767,0.314338527854565
41.4294010149697,0.0334626203060676,-0.140920400823187,0.185767855219576,-0.178509791194603,-0.0361064780742677,0.0520370382806573,-0.289744305782824,0.314183399758337
41.7167200598098,0.0328630598428724,-0.140181594877156,0.184335623716509,-0.178670309971439,-0.0357917401744833,0.0519256173796182,-0.287548940999968,0.314012867011007
42.0060317048688,0.0322687962028009,-0.139443921363762,0.182903382782733,-0.178818246612836,-0.0354779800974975,0.0518126713225666,-0.285356427589077,0.313826981237177
42.2973497691249,0.0316798017546271,-0.138707403369797,0.181471308707417,-0.178953632863692,-0.0351652169490282,0.0516982090378435,-0.283166973564006,0.313625797569248
42.5906881673929,0.0310960489786919,-0.137972063622272,0.180039576756608,-0.179076503357261,-0.0348534697102117,0.0515822397860422,-0.280980785665995,0.313409374615004
42.8860609109892,0.030517510466851,-0.137237924495893,0.178608361115897,-0.179186895585336,-0.034542757229594,0.0514647731572198,-0.278798069290101,0.313177774423336
43.1834821084004,0.0299441589222756,-0.136505008020337,0.177177834833964,-0.179284849867092,-0.0342330982152193,0.051345819067886,-0.276619028412686,0.312931062448118
43.4829659659579,0.0293759671591143,-0.135773335887339,0.175748169767067,-0.179370409316622,-0.0339245112268223,0.0512253877577713,-0.274443865520022,0.312669307510295
43.7845267885158,0.0288129081020252,-0.135042929457585,0.174319536524492,-0.179443619809184,-0.0336170146681315,0.0511034897863796,-0.272272781538073,0.312392581758211
44.0881789801347,0.0282549547855861,-0.134313809767419,0.172892104415015,-0.17950452994621,-0.0333106267792899,0.0509801360293304,-0.270105975763487,0.312100960626217
44.3939370447695,0.0277020803535917,-0.133585997535353,0.171466041394392,-0.179553191019093,-0.0330053656293991,0.0508553376744943,-0.267943645795865,0.311794522791608
44.701815586962,0.0271542580582464,-0.132859513168386,0.170041514013924,-0.179589656971797,-0.0327012491091929,0.0507291062179264,-0.265785987471336,0.311473350129925
45.0118293125388,0.0266114612592593,-0.132134376768141,0.16861868737012,-0.179613984362316,-0.032398294923847,0.0506014534596041,-0.263633194797494,0.311137527668674
45.3239930293136,0.026073663422852,-0.131410608136806,0.167197725055498,-0.179626232323024,-0.0320965205859297,0.0504723914989728,-0.261485459889743,0.310787143539509
45.6383216477945,0.0255408381206834,-0.130688226782892,0.165778789110536,-0.179626462519959,-0.0317959434084996,0.0503419327303072,-0.259342972909075,0.310422288928915
45.954830181896,0.0250129590287025,-0.129967251926802,0.164362039976815,-0.179614739111058,-0.0314965804983552,0.0502100898378904,-0.257205922001343,0.310043058027463
46.2735337496566,0.0244899999259338,-0.129247702506228,0.162947636451377,-0.179591128703406,-0.0311984487494418,0.0500768757910203,-0.255074493238045,0.309649547977664
46.5944475739604,0.0239719346932048,-0.128529597181349,0.161535735642318,-0.179555700309522,-0.0309015648364201,0.0499423038388465,-0.252948870558672,0.309241858820485
46.9175869832646,0.0234587373118204,-0.127812954339871,0.16012649292564,-0.179508525302727,-0.0306059452084016,0.0498063875050447,-0.250829235714643,0.308820093440587
47.2429674123316,0.0229503818621927,-0.127097792101872,0.158720061903389,-0.179449677371637,-0.0303116060828541,0.0496691405823349,-0.248715768214866,0.308384357510316
47.5706044029659,0.0224468425224314,-0.126384128324492,0.15731659436309,-0.179379232473819,-0.0300185634396833,0.0495305771268493,-0.246608645272946,0.307934759432526
47.9005136047569,0.0219480935669025,-0.125671980606435,0.155916240238513,-0.179297268788647,-0.0297268330154913,0.0493907114523562,-0.244508041756076,0.307471410282274
48.2327107758263,0.02145410936476,-0.12496136629232,0.154519147571763,-0.179203866669414,-0.0294364302980195,0.0492495581243466,-0.242414130135637,0.306994423747444
48.5672117835806,0.0209648643784578,-0.124252302476858,0.153125462476739,-0.179099108594726,-0.029147370520775,0.0491071319539902,-0.240327080439526,0.306503916068367
48.904032605469,0.020480333162246,-0.123544806008871,0.15173532910395,-0.178983079119234,-0.0288596686578474,0.0489634479919669,-0.238247060206228,0.306000005976473
49.243189329747,0.0200004903606591,-0.122838893495158,0.150348889606715,-0.178855864823736,-0.0285733394189161,0.0488185215221804,-0.236174234440673,0.305482814632057
49.5846981562442,0.0195253107069988,-0.122134581304204,0.148966284108761,-0.178717554264703,-0.028288397244452,0.0486723680553616,-0.23410876557187,0.304952465561197
49.9285753971387,0.0190547690218188,-0.121431885569741,0.14758765067321,-0.17856823792326,-0.0280048563011155,0.0485250033225674,-0.232050813412349,0.304409084591889
50.2748374777359,0.0185888402114147,-0.120730822194162,0.146213125272993,-0.178408008153679,-0.0277227304773534,0.048376443268582,-0.230000535119424,0.303852799789464
50.6235009372529,0.0181274992663242,-0.1200314068518,0.144842841762661,-0.178236959131418,-0.0274420333791952,0.0482267040452287,-0.227958085158278,0.303283741391325
50.974582429609,0.0176707212598422,-0.11933365499206,0.143476931851634,-0.178055186800749,-0.0271627783262523,0.0480758020045965,-0.225923615266892,0.302702041741088
51.3280987242209,0.0172184813465541,-0.118637581842427,0.142115525078869,-0.177862788822025,-0.0268849783479194,0.0479237536921908,-0.223897274422818,0.30210783522216
51.6840667068035,0.0167707547608917,-0.117943202411339,0.14075874878895,-0.177659864518623,-0.0266086461797811,0.0477705758400144,-0.221879208811802,0.301501258190835
52.0425033801768,0.0163275168157156,-0.11725053149094,0.139406728109618,-0.17744651482361,-0.0263337942602226,0.0476162853595837,-0.219869561798261,0.300882448908944
52.4034258650778,0.0158887429009263,-0.116559583659708,0.138059585930717,-0.177222842226173,-0.0260604347272466,0.0474608993348902,-0.217868473897617,0.300251547476127
52.7668514009784,0.0154544084821092,-0.115870373284973,0.136717442884577,-0.176988950717852,-0.0257885794154963,0.0473044350153114,-0.215876082750487,0.299608695761792
53.1327973469088,0.0150244890992139,-0.115182914525318,0.135380417327805,-0.176744945738627,-0.0255182398534841,0.0471469098084781,-0.213892523098721,0.2989540373368
53.5012811822866,0.014598960365273,-0.114497221332878,0.13404862532451,-0.176490934122888,-0.0252494272610263,0.0469883412731066,-0.211917926763294,0.298287717404941
53.8723205077517,0.0141777979651617,-0.113813307455532,0.132722180630923,-0.176227024045341,-0.024982152546884,0.0468287471118004,-0.209952422624038,0.297609882734258
54.2459330460073,0.0137609776543998,-0.113131186439,0.131401194681431,-0.175953324966886,-0.0247164263066081,0.0466681451638279,-0.207996136601204,0.296920681588273
54.6221366426659,0.0133484752580004,-0.112450871628844,0.130085776576006,-0.175669947580503,-0.0244522588205896,0.0465065533978849,-0.206049191638855,0.296220263657163
55.0009492671021,0.0129402666693647,-0.111772376172385,0.128776033069009,-0.175377003757192,-0.0241896600523125,0.0463439899048451,-0.20411170769007,0.29550877998895
55.3823890133107,0.0125363278492264,-0.111095713020527,0.12747206855938,-0.175074606492005,-0.0239286396468086,0.0461804728905071,-0.202183801703942,0.294786382920744
55.7664741007712,0.0121366348246467,-0.110420894929508,0.126173985082179,-0.174762869850198,-0.0236692069293138,0.0460160206683431,-0.200265587614371,0.294053226010103
56.1532228753178,0.0117411636880606,-0.109747934462572,0.124881882301485,-0.174441908913561,-0.0234113709041228,0.0458506516522559,-0.198357176330617,0.293309463966553
56.5426538100157,0.0113498905963763,-0.109076843991568,0.123595857504616,-0.174111839726942,-0.0231551402536406,0.0456843843493494,-0.19645867572961,0.292555252583326
56.9347855060436,0.0109627917701285,-0.108407635698484,0.122316005597677,-0.173772779245012,-0.0229005233376307,0.0455172373527191,-0.194570190649987,0.291790748669349
57.3296366935823,0.0105798434926867,-0.107740321576917,0.121042419102401,-0.173424845279305,-0.0226475281926546,0.0453492293342684,-0.192691822887842,0.29101610998155
57.7272262327089,0.0102010221095174,-0.107074913433484,0.119775188154278,-0.173068156445561,-0.0223961625317038,0.0451803790375556,-0.190823671194165,0.290231495157518
58.1275731142982,0.00982630402750342,-0.106411422889175,0.118514400501944,-0.172702832111421,-0.0221464337440185,0.0450107052706777,-0.188965831273947,0.289437063648556
58.5306964609293,0.00945566571431814,-0.105749861380664,0.117260141507817,-0.172328992344485,-0.0218983488950934,0.0448402268991955,-0.187118395786919,0.288632975653193
58.9366155277994,0.00908908369785564,-0.105090240161562,0.116012494149955,-0.171946757860781,-0.0216519147268648,0.0446689628391071,-0.185281454349915,0.28781939205117
59.3453497036433,0.00872653456571703,-0.104432570303633,0.114771539025117,-0.17155624997367,-0.0214071376580787,0.044496932049872,-0.183455093540816,0.286996474337961
59.7569185116595,0.00836799496475213,-0.103776862697973,0.113537354353009,-0.171157590543218,-0.0211640237848354,0.0443241535274928,-0.181639396904054,0.286164384559868
60.1713416104428,0.00801344160065649,-0.103123128056146,0.112310015981674,-0.170750901926062,-0.0209225788813072,0.0441506462976589,-0.179834444957649,0.285323285249718
60.5886387949234,0.00766285123762312,-0.102471376911294,0.111089597394036,-0.170336306925795,-0.0206828084006268,0.0439764294089563,-0.178040315201741,0.28447333936321
61.0088299973121,0.00731620069804835,-0.10182161961922,0.109876169715534,-0.169913928743908,-0.0204447174759421,0.0438015219261474,-0.176257082128595,0.283614710215951
61.4319352880526,0.00697346686229096,-0.101173866359439,0.108669801722855,-0.169483890931302,-0.0202083109216344,0.0436259429235272,-0.174484817234041,0.282747561421198
61.8579748767801,0.00663462666848389,-0.100528127136212,0.107470559853716,-0.169046317340397,-0.0199735932346959,0.0434497114783571,-0.172723589030317,0.281872056828366
62.2869691132868,0.00629965711239731,-0.0998844117795651,0.10627850821769,-0.168601332077873,-0.0197405685962631,0.0432728466643826,-0.17097346306028,0.280988360462315
62.7189384884933,0.00596853524735215,-0.0992427299462856,0.105093708608029,-0.168149059458053,-0.0195092408733022,0.0430953675454376,-0.169234501912965,0.280096636463448
63.1539036354283,0.00564123818418267,-0.0986030911209109,0.103916220514475,-0.167689623956944,-0.0192796136204415,0.0429172931691387,-0.167506765240426,0.279197049028664
63.5918853302131,0.00531774309124703,-0.097965504616707,0.102746101137016,-0.167223150166984,-0.0190516900819494,0.0427386425606739,-0.165790309775861,0.278289762353179
64.032904493055,0.0049980271944842,-0.0973299795766407,0.101583405400575,-0.166749762752483,-0.0188254731938504,0.0425594347166876,-0.164085189352956,0.277374940573247
64.4769821892457,0.00468206777751592,-0.0966965249743471,0.100428185970593,-0.166269586405792,-0.0186009655861782,0.0423796885992668,-0.162391454926428,0.276452747709809
64.9241396301678,0.00436984218179198,-0.0960651496150969,0.0992804932694767,-0.165782745804218,-0.0183781695853596,0.0421994231300293,-0.160709154593719,0.275523347613089
65.3743981743082,0.0040613278067774,-0.0954358621367637,0.0981403754938969,-0.165289365567696,-0.0181570872167257,0.0420186571843181,-0.159038333617819,0.274586903908166
65.827779328278,0.00375650211017962,-0.0948086710107963,0.097007878632888,-0.164789570217236,-0.0179377202071465,0.0418374095855052,-0.157379034451162,0.273643579941535
66.2843047478397,0.00345534260821393,-0.0941835845431955,0.0958830464867379,-0.164283484134157,-0.0177200699877838,0.0416556990994044,-0.155731296760573,0.272693538728683
66.7439962389419,0.00315782687590554,-0.0935606108754989,0.0947659206866286,-0.163771231520125,-0.0175041376969582,0.041473544428799,-0.154095157453218,0.271736942902695
67.2068757587607,0.00286393254742605,-0.092939757985776,0.0936565407150035,-0.163252936358,-0.0172899241831271,0.0412909642080836,-0.152470650703524,0.270773954663908
67.6729654167483,0.00257363731646278,-0.0923210336896349,0.0925549439266299,-0.162728722373513,-0.0170774300079666,0.0411079769980236,-0.150857807981033,0.269804735730634
68.1422874756894,0.00228691893661867,-0.091704445641242,0.0914611655703296,-0.162198712997772,-0.0168666554495566,0.0409246012806333,-0.149256658079142,0.268829447290948
68.6148643527643,0.00200375522184088,-0.0910900013343571,0.090375238811346,-0.161663031330617,-0.0166576005056609,0.0407408554541748,-0.147667227144705,0.267848249955582
69.0907186206199,0.00172412404687616,-0.0904777081033849,0.0892971947543216,-0.161121800104819,-0.0164502648971008,0.0405567578282788,-0.146089538708446,0.26686130371191
69.5698730084476,0.00144800334775073,-0.0898675731244444,0.0882270624668556,-0.160575141651143,-0.0162446480712166,0.0403723266191883,-0.144523613716155,0.265868767879048
70.0523504030693,0.00117537112227259,-0.0892596034164583,0.0871648690036117,-0.160023177864278,-0.0160407492054124,0.0401875799451275,-0.142969470560622,0.26487080106408
70.5381738500302,0.000906205430554407,-0.0886538058422614,0.0861106394309502,-0.159466030169627,-0.0158385672107803,0.0400025358217951,-0.141427125114274,0.263867561119408
71.0273665547,0.000640484395554581,-0.0880501871097318,0.0850643968520538,-0.158903819490978,-0.0156381007358001,0.039817212157985,-0.139896590762482,0.262859205101241
71.5199518833807,0.000378186203634442,-0.0874487537729439,0.0840261624325198,-0.158336666219053,-0.0154393481701089,0.0396316267513328,-0.138377878437492,0.261845889229217
72.0159533644237,0.000119289105129381,-0.0868495122333446,0.08299595542639,-0.15776469018093,-0.0152423076483376,0.0394457972841906,-0.136870996652953,0.260827768847184
72.5153946893524,-0.000136228585067793,-0.086252468740954,0.0819737932025927,-0.157188010610355,-0.0150469770540099,0.0392597413196295,-0.135375951538994,0.259804998385115
73.0182997139948,-0.000388388486914111,-0.08565762939559,0.0809596912717661,-0.156606746118925,-0.0148533540234982,0.0390734762975702,-0.133892746877828,0.258777731322182
73.5246924596224,-0.00063721215461595,-0.0850650001481183,0.0799536633134393,-0.156021014668166,-0.0146614359500346,0.0388870195310421,-0.132421384139835,0.257746120150975
74.0345971140979,-0.000882721076022894,-0.0844745868017285,0.0789557212035418,-0.155430933542477,-0.0144712199877707,0.0387003882025705,-0.130961862520096,0.256710316342872
74.5480380330304,-0.00112493667201838,-0.0838863950132351,0.0779658750422165,-0.154836619322967,-0.0142827030558838,0.0385135993606927,-0.129514178975337,0.255670470314563
75.0650397409388,-0.00136388029590882,-0.083300430294405,0.0769841331819095,-0.154238187862157,-0.0140958818427242,0.0383266699166011,-0.128078328261257,0.254626731395711
75.585626932423,-0.00159957323281354,-0.0827166980133113,0.0760105022557117,-0.153635754259567,-0.0139107528100007,0.0381396166409151,-0.126654302970201,0.253579247797764
76.1098244733437,-0.00183203669905737,-0.0821352033957132,0.0750449872059264,-0.153029432838162,-0.0137273121969997,0.0379524561605796,-0.125242093569144,0.252528166583898
76.6376574020103,-0.00206129184156813,-0.081555951526462,0.0740875913128387,-0.152419337121671,-0.0135455560248348,0.0377652049558903,-0.123841688437952,0.251473633640105
77.1691509303763,-0.00228735973728065,-0.0809789473509326,0.0731383162236618,-0.15180557981276,-0.0133654801007223,0.0375778793576447,-0.122453073907898,0.250415793647394
77.7043304452438,-0.00251026139254959,-0.080404195676482,0.0721971619816375,-0.151188272772066,-0.0131870800222798,0.0373904955444193,-0.121076234300387,0.249354790055121
78.2432215094763,-0.00273001774257273,-0.0798317011739316,0.0712641270552662,-0.150567526998072,-0.0130103511818435,0.0372030695399696,-0.119711151965873,0.248290765055431
78.7858498632195,-0.00294664965082677,-0.0792614683790752,0.0703392083676447,-0.149943452607828,-0.0128352887708015,0.0370156172107547,-0.118357807322922,0.247223859558802
79.3322414251308,-0.00316017790851735,-0.0786935016942124,0.0694224013258885,-0.1493161588185,-0.0126618877839386,0.0368281542635836,-0.117016178897411,0.246154213170682
79.8824222936175,-0.003370623234045,-0.0781278053897037,0.0685136998506177,-0.148685753929749,-0.0124901430237907,0.036640696243383,-0.115686243361817,0.245081964169213
80.436418748083,-0.00357800627248905,-0.0775643836055512,0.0676130964054851,-0.148052345306921,-0.0123200491050044,0.0364532585310842,-0.114367975574573,0.244007249484031
80.9942572501823,-0.00378234759511072,-0.0770032403530001,0.0667205820267245,-0.147416039365052,-0.0121516004586978,0.0362658563416297,-0.113061348619475,0.242930204676121
81.555964445086,-0.00398366769887762,-0.0764443795161632,0.0658361463527006,-0.146776941553661,-0.0119847913368226,0.0360785047220956,-0.111766333845089,0.241850963918731
82.121567162753,-0.00418198700601057,-0.0758878048536653,0.0649597776534405,-0.146135156342338,-0.01181961581652,0.0358912185499313,-0.110482900904156,0.240769659979317
82.6910924192116,-0.00437732586355485,-0.0753335200003081,0.0640914628601263,-0.145490787207105,-0.0116560678044718,0.0357040125313118,-0.10921101779296,0.239686424202517
83.2645674178507,-0.00456970454297704,-0.0747815284687545,0.0632311875945324,-0.144843936617547,-0.0114941410412398,0.0355169011996036,-0.107950650890623,0.238601386494134
83.8420195507184,-0.0047591432397889,-0.0742318336512296,0.0623789361983877,-0.144194706024691,-0.0113338291055948,0.035329898913941,-0.106701764998331,0.237514675306115
84.423476399831,-0.00494566207319977,-0.0736844388212401,0.0615346917626461,-0.143543195849639,-0.0111751254188286,0.0351430198579119,-0.105464323378434,0.236426417622516
85.0089657384898,-0.00512928108579865,-0.0731393471353084,0.0606984361566486,-0.142889505472922,-0.0110180232490494,0.0349562780383503,-0.104238287793429,0.235336738946427
85.5985155326084,-0.00531002024326729,-0.0725965616347217,0.0598701500571606,-0.142233733224581,-0.0108625157154562,0.0347696872842357,-0.103023618544775,0.23424576328786
86.1921539420481,-0.00548789943412544,-0.0720560852472941,0.059049812977267,-0.141575976374952,-0.0107085957925911,0.0345832612456945,-0.101820274511551,0.233153613152558
86.7899093219629,-0.00566293846950938,-0.0715179207891411,0.0582374032951138,-0.140916331126142,-0.0105562563145657,0.0343970133931047,-0.100628213188902,0.232060409531737
87.3918102241541,-0.00583515708298473,-0.0709820709664644,0.057432898282477,-0.140254892604194,-0.0104054899792609,0.0342109570162994,-0.0994473907262845,0.230966271892723
87.9978853984339,-0.00600457493039463,-0.0704485383773465,0.0566362741331486,-0.139591754851915,-0.0102562893524971,0.034025105223869,-0.098277761965474,0.229871318170481
88.6081637939989,-0.00617121158974409,-0.0699173255135524,0.0558475059911235,-0.138927010822357,-0.0101086468721724,0.0338394709425581,-0.0971192804783195,0.228775664760004
89.2226745608124,-0.00633508656112154,-0.069388434762339,0.0550665679785762,-0.138260752372942,-0.00996255485236738,0.0336540669167576,-0.0959718986042348,0.227679426509566
89.8414470509972,-0.0064962192666581,-0.0688618684082681,0.0542934332236139,-0.137593070260218,-0.00981800548741491,0.033468905708087,-0.0948355674874021,0.226582716714802
90.4645108202374,-0.00665462905052563,-0.0683376286350243,0.0535280738877948,-0.13692405413522,-0.00967499085593202,0.0332839996950676,-0.0937102371136772,0.225485647113604
91.0918956291901,-0.00681033517897384,-0.0678157175272338,0.0527704611933997,-0.136253792539437,-0.00953350292481311,0.0330993610728823,-0.0925958563471773,0.22438832788182
91.7236314449071,-0.00696335684040746,-0.0672961370722841,0.0520205654504472,-0.135582372901366,-0.00939353355318235,0.032915001853221,-0.0914923729665405,0.223290867629733
92.3597484422661,-0.00711371314550362,-0.0667788891621429,0.0512783560834407,-0.134909881533632,-0.0092550744963039,0.0327309338642093,-0.0903997337008407,0.222193373399299
93.0002770054119,-0.00726142312737007,-0.0662639755951736,0.0505438016578399,-0.134236403630667,-0.00911811740944849,0.032547168750418,-0.0893178842651461,0.221095950662135
93.645247729208,-0.00740650574174474,-0.0657513980779471,0.0498168699062446,-0.133562023266936,-0.00898265385171465,0.0323637179729515,-0.0882467693957082,0.219998703318233
94.2946914206979,-0.0075489798672366,-0.0652411582270471,0.0490975277542856,-0.132886823395689,-0.00884867528980384,0.032180592809613,-0.0871863328847709,0.218901733695375
94.9486391005764,-0.00768886430560853,-0.0647332575708687,0.0483857413462116,-0.132210885848225,-0.00871617310174759,0.0319978043551437,-0.086136517614987,0.217805142549246
95.6071220046713,-0.00782617778210192,-0.0642276975514068,0.0476814760701664,-0.131534291333661,-0.00858513858058605,0.031815363521535,-0.0850972655934322,0.216709029064217
96.2701715854358,-0.0079609389458035,-0.0637244795260343,0.0469846965831485,-0.130857119439185,-0.00845556293799647,0.03163328103841,-0.0840685179852082,0.215613490854777
96.9378195134503,-0.00809316637005423,-0.063223604769268,0.0462953668356462,-0.130179448630779,-0.00832743730787083,0.0314515674534734,-0.0830502151466237,0.214518623967603
97.6100976789355,-0.00822287855290025,-0.0627250744745197,0.0456134500959435,-0.129501356254403,-0.00820075274984169,0.0312702331330271,-0.0820422966579459,0.21342452288425
98.2870381932754,-0.00835009391758588,-0.0622288897558321,0.044938908974089,-0.128822918537618,-0.00807550025275512,0.0310892882625489,-0.0810447013557149,0.21233128052443
98.9686733905512,-0.0084748308130884,-0.061735051649597,0.0442717054455239,-0.128144210591644,-0.00795167073809038,0.0309087428473331,-0.0800573673646127,0.211238988249881
99.6550358290861,-0.0085971075146946,-0.061243561116255,0.0436118008743644,-0.127465306413828,-0.00782925506332522,0.03072860671319,-0.0790802321288804,0.210147735868796
100.346158292999,-0.00871694222461842,-0.0607544190419735,0.0429591560363338,-0.126786278890517,-0.00770824402524644,0.0305488895072027,-0.0781132324432784,0.209057611640789
101.042073793774,-0.00883435307265998,-0.0602676262403032,0.0423137311413392,-0.126107199800314,-0.00758862836320484,0.0303696006985386,-0.0771563044835815,0.207968702282403
101.742815571832,-0.00894935811690467,-0.0597831834538109,0.0416754858556926,-0.125428139817713,-0.00747039876231447,0.0301907495793141,-0.0762093838366075,0.20688109297311
102.448417098122,-0.00906197534446278,-0.0593010913556858,0.0410443793239692,-0.124749168517093,-0.00735354585659533,0.0300123452655097,-0.0752724055297707,0.205794867361816
103.15891207572,-0.0091722226722485,-0.0588213505513199,0.0404203701905028,-0.124070354377056,-0.00723806023205924,0.0298343966979337,-0.0743453040601589,0.204710107573836
103.874334441436,-0.00928011794779783,-0.0583439615798586,0.0398034166205163,-0.123391764785102,-0.00712393242973873,0.0296569126432334,-0.0734280134231299,0.20362689421832
104.594718367439,-0.00938567895012487,-0.0578689249157223,0.0391934763208824,-0.122713466042618,-0.00701115294865851,0.0294799016949498,-0.072520467140423,0.202545306396134
105.320098262886,-0.00948892339061559,-0.0573962409700953,0.0385905065605175,-0.122035523370188,-0.00689971224874937,0.0293033722746155,-0.071622598287785,0.201465421708148
106.050508775566,-0.00958986891395844,-0.0569259100923821,0.0379944641904028,-0.121358000913177,-0.00678960075370432,0.0291273326328932,-0.0707343395221069,0.200387316263945
106.785984793556,-0.00968853309911084,-0.0564579325716288,0.0374053056632351,-0.120680961747617,-0.00668080885377697,0.0289517908507528,-0.0698556231080699,0.19931106469091
107.526561446888,-0.0097849334603007,-0.0559923086379085,0.0368229870527058,-0.120004467886351,-0.00657332690852202,0.0287767548406852,-0.0689863809443,0.198236740143704
108.272274109224,-0.00987908744806199,-0.0555290384636691,0.0362474640724073,-0.119328580285432,-0.00646714524947787,0.0286022323479512,-0.0681265445890299,0.197164414314085
109.023158399549,-0.00997101245030336,-0.0550681221650422,0.0356786920943676,-0.118653358850777,-0.00636225418279154,0.0284282309518628,-0.0672760452852669,0.196094157441085
109.779250183872,-0.0100607257934088,-0.054609559803112,0.0351166261672131,-0.117978862445044,-0.00625864399178577,0.0282547580670967,-0.0664348139854687,0.195026038321505
110.540585576935,-0.0101482447433692,-0.0541533513851422,0.0345612210339611,-0.117305148894735,-0.00615630493946874,0.0280818209450359,-0.0656027813757256,0.193960124320728
111.307200943943,-0.010233586506943,-0.0536994968657603,0.0340124311494418,-0.116632274997507,-0.00605522727098635,0.0279094266751399,-0.0647798778994494,0.192896481383827
112.079132902301,-0.0103167682328465,-0.0532479961480984,0.033470210697352,-0.115960296529685,-0.00595540121601749,0.0277375821863402,-0.0639660337805724,0.191835174046957
112.856418323356,-0.01039780701297,-0.0527988490848875,0.0329345136069418,-0.115289268253953,-0.00585681699111251,0.0275662942484601,-0.0631611790462552,0.190776265449018
113.639094334169,-0.0104767198836207,-0.0523520554795064,0.0324052935693358,-0.114619243927233,-0.0057594648019752,0.027395569473657,-0.0623652435491061,0.189719817343568
114.427198319278,-0.0105535238267897,-0.0519076150869832,0.0318825040534916,-0.113950276308719,-0.00566333484568868,0.0272254143178853,-0.0615781569889138,0.188665890110984
115.220767922492,-0.0106282357714421,-0.051465527614947,0.0313660983217968,-0.113282417168075,-0.00556841731288562,0.0270558350823788,-0.060799848933896,0.187614542770842
116.019841048683,-0.0107008725948287,-0.0510257927245316,0.0308560294453077,-0.112615717293772,-0.00547470238986316,0.0268868379151507,-0.0600302488414658,0.186565832994518
116.824455865599,-0.0107714511238179,-0.0505884100312271,0.0303522503186326,-0.111950226501559,-0.0053821802606431,0.0267184288125095,-0.0592692860785189,0.185519817117986
117.634650805689,-0.010839988136246,-0.0501533791056817,0.029854713674462,-0.111285993643066,-0.00529084110897774,0.0265506136205897,-0.0585168899412448,0.184476550154808
118.450464567934,-0.0109065003622843,-0.0497206994744493,0.0293633720977492,-0.110623066614518,-0.00520067512030201,0.0263833980368959,-0.0577729896744645,0.183436085809293
119.271936119701,-0.0109710044858219,-0.0492903706206855,0.0288781780395446,-0.10996149236555,-0.00511167248363247,0.026216787611858,-0.0570375144905002,0.182398476489832
120.099104698599,-0.011033517145862,-0.0488623919847888,0.0283990838304867,-0.109301316908134,-0.00502382339341366,0.0260507877503976,-0.0563103935875774,0.181363773322371
120.932009814357,-0.0110940549379302,-0.0484367629649876,0.0279260416939545,-0.108642585325576,-0.0049371180513125,0.0258854037135028,-0.0555915561677669,0.180332026164034
121.77069125071,-0.0111526344154927,-0.0480134829178714,0.0274590037588842,-0.107985341781609,-0.00485154666796142,0.0257206406198107,-0.0548809314544678,0.179303283616874
122.615189067297,-0.0112092720913838,-0.0475925511588671,0.0269979220722539,-0.107329629529546,-0.0047670994646508,0.0255565034471971,-0.0541784487094382,0.178277593041736
123.46554360158,-0.0112639844392392,-0.0471739669626578,0.026542748611242,-0.106675490921501,-0.00468376667497144,0.0253929970343703,-0.0534840372493765,0.177255000572234
124.321795470765,-0.0113167878949347,-0.0467577295635455,0.0260934352950614,-0.106022967417669,-0.00460153854640789,0.0252301260824697,-0.0527976264620582,0.176235551128823
125.183985573745,-0.0113676988580279,-0.0463438381557566,0.0256499339964754,-0.105372099595644,-0.00452040534188315,0.0250678951566672,-0.0521191458220342,0.175219288432959
126.052155093052,-0.0114167336932011,-0.0459322918936889,0.0252121965529996,-0.104722927159787,-0.00444035734125571,0.0249063086877699,-0.0514485249058932,0.174206255021329
126.926345496825,-0.0114639087317032,-0.045523089892102,0.0247801747777936,-0.104075488950621,-0.00436138484276958,0.0247453709738237,-0.0507856934070962,0.173196492260158
127.806598540793,-0.0115092402727897,-0.0451162312262487,0.024353820470248,-0.103429822954256,-0.00428347816445811,0.0245850861817171,-0.0501305811503859,0.17219004035957
128.692956270265,-0.0115527445851571,-0.0447117149319482,0.0239330854262707,-0.102785966311829,-0.00420662764550241,0.024425458348782,-0.0494831181057772,0.171186938387994
129.585461022141,-0.0115944379083721,-0.0443095400056016,0.0235179214482787,-0.102143955328964,-0.00413082364754524,0.0242664913843943,-0.0488432344021345,0.170187224286617
130.484155426934,-0.0116343364542915,-0.0439097054041484,0.0231082803548989,-0.101503825485229,-0.00405605655596108,0.0241081890715693,-0.0482108603403416,0.169190934883864
131.389082410804,-0.0116724564084722,-0.0435122100449652,0.0227041139903836,-0.100865611443603,-0.00398231678108329,0.0239505550685537,-0.0475859264060681,0.168198105909901
132.300285197614,-0.0117088139315686,-0.0431170528057056,0.0223053742337456,-0.100229347059932,-0.00390959475938927,0.0237935929104132,-0.0469683632821405,0.16720877201116
133.217807310988,-0.0117434251607159,-0.042724232524083,0.0219120130076186,-0.0995950653923764,-0.00383788095464426,0.0236373060106126,-0.0463581018605213,0.16622296676486
134.141692576393,-0.0117763062108975,-0.0423337479975949,0.0215239822868473,-0.0989627987108418,-0.00376716585900495,0.023481697662591,-0.0457550732539044,0.165240722693543
135.071985123233,-0.0118074731762935,-0.0419455979831903,0.0211412341068129,-0.0983325785063899,-0.0036974399940835,0.0233267710413283,-0.0451592088069304,0.164262071279587
136.008729386957,-0.0118369421316092,-0.04155978119688,0.020763720571499,-0.097704435500621,-0.00362869391197294,0.0231725292049039,-0.0445704401070295,0.16328704297972
136.951970111177,-0.0118647291333822,-0.04117629631329,0.0203913938613038,-0.0970783996550278,-0.00356091819623495,0.0230189750960474,-0.043988698994897,0.162315667239503
137.901752349813,-0.011890850221264,-0.0407951419651597,0.0200242062406032,-0.0964545001803122,-0.00349410346285067,0.0228661115436783,-0.0434139175746075,0.16134797250779
138.858121469236,-0.0119153214192773,-0.0404163167427839,0.0196621100650702,-0.0958327655456639,-0.0034282403611356,0.0227139412644372,-0.0428460282233752,0.160383986251154
139.821123150444,-0.0119381587370434,-0.040039819193401,0.019305057788757,-0.0952132234879949,-0.00336331957461948,0.0225624668642053,-0.0422849636009636,0.159423734968277
140.790803391236,-0.0119593781709812,-0.0396656478205264,0.018953001970944,-0.0945959010211261,-0.00329933182189188,0.0224116908396131,-0.0417306566587547,0.158467244204288
141.767208508414,-0.0119789957054741,-0.0392938010832333,0.0186058952827609,-0.0939808244449234,-0.00323626785741455,0.0222616155795374,-0.041183040648479,0.157514538565054
142.750385139995,-0.0119970273140019,-0.0389242773953813,0.0182636905135869,-0.093368019354379,-0.0031741184723014,0.0221122433665862,-0.0406420491306176,0.156565641731422
143.740380247435,-0.0120134889602395,-0.038557075124794,0.017926340577234,-0.0927575106486347,-0.00311287449506683,0.0219635763785705,-0.0401076159824779,0.155620576473385
144.737241117876,-0.0120283965991157,-0.0381921925923852,0.0175937985179183,-0.0921493225399447,-0.00305252679234354,0.0218156166899639,-0.0395796754059525,0.154679364664198
145.741015366405,-0.0120417661778347,-0.0378296280712379,0.0172660175160267,-0.091543478562574,-0.00299306626957048,0.021668366273348,-0.0390581619349654,0.15374202729441
146.751750938323,-0.0120536136368556,-0.0374693797856339,0.0169429508936818,-0.0909400015816316,-0.00293448387165194,0.0215218270008443,-0.0385430104426122,0.152808584485833
147.769496111443,-0.0120639549108296,-0.0371114459100369,0.0166245521201121,-0.0903389138018328,-0.00287677058358857,0.0213760006455321,-0.0380341561480011,0.151879055505426
148.794299498388,-0.0120728059294921,-0.0367558245680312,0.0163107748168324,-0.0897402367761926,-0.00281991743108129,0.0212308888828519,-0.0375315346227993,0.15095345877909
149.826210048919,-0.0120801826185099,-0.0364025138312152,0.0160015727626385,-0.0891439914146439,-0.0027639154811088,0.0210864932919942,-0.0370350817974926,0.150031811905391
150.865277052271,-0.0120861009002795,-0.0360515117180533,0.0156968998984228,-0.0885501979925809,-0.00270875584247964,0.0209428153572733,-0.0365447339673627,0.149114131669176
151.911550139505,-0.0120905766946763,-0.0357028161926859,0.0153967103318152,-0.0879588761593258,-0.00265442966635967,0.0207998564694862,-0.036060427798189,0.148200434055109
152.965079285884,-0.0120936259197535,-0.0353564251637004,0.0151009583416546,-0.0873700449465163,-0.00260092814677561,0.0206576179272557,-0.035582100331681,0.147290734261097
154.025914813254,-0.0120952644923881,-0.0350123364828647,0.0148095983822955,-0.0867837227764127,-0.00254824252109572,0.0205161009383588,-0.0351096889906467,0.146385046711628
155.094107392451,-0.012095508328873,-0.0346705479438235,0.0145225850877555,-0.0861999274701239,-0.00249636407048819,0.0203753066210391,-0.034643131583903,0.145483385070993
156.169708045722,-0.0120943733454541,-0.0343310572807611,0.0142398732757076,-0.0856186762557504,-0.00244528412035817,0.0202352360053033,-0.0341823663109341,0.144585762256411
157.25276814916,-0.0120918754588112,-0.0339938621670312,0.0139614179513235,-0.0850399857764436,-0.00239499404076423,0.0200958900342024,-0.0337273317663037,0.143692190451044
158.34333943516,-0.0120880305864802,-0.0336589602137556,0.0136871743109709,-0.0844638720983806,-0.00234548524681491,0.0199572695650968,-0.033277966943827,0.142802681116895
159.441473994887,-0.0120828546472172,-0.033326348968395,0.0134170977457715,-0.0838903507186538,-0.00229674919904623,0.0198193753709056,-0.0328342112405065,0.1419172450076
160.547224280766,-0.0120763635613015,-0.0329960259132914,0.0131511438450219,-0.0833194365730743,-0.0022487774037809,0.0196822081413404,-0.0323960044602406,0.141035892181099
161.66064310899,-0.0120685732507782,-0.0326679884641873,0.0128892683994844,-0.0827511440438891,-0.00220156141346984,0.0195457684841221,-0.0319632868173062,0.14015863201219
162.781783662036,-0.012059499639638,-0.0323422339687205,0.0126314274045507,-0.0821854869674122,-0.00215509282701694,0.0194100569261834,-0.0315359989396252,0.139285473204969
163.910699491214,-0.0120491586539334,-0.0320187597048991,0.0123775770632833,-0.081622478641568,-0.0021093632900875,0.0192750739148547,-0.0311140818718165,0.13841642380514
165.047444519217,-0.0120375662218318,-0.0316975628795578,0.0121276737893383,-0.0810621318333482,-0.00206436449540132,0.0191408198190339,-0.0306974770780416,0.13755149121221
166.192073042701,-0.0120247382736026,-0.031378640626797,0.0118816742097749,-0.080504458786182,-0.00202008818301085,0.0190072949303416,-0.0302861264446479,0.136690682191556
167.344639734876,-0.0120106907415391,-0.0310619900064088,0.0116395351677554,-0.0799494712272198,-0.00197652614056526,0.0188744994642598,-0.0298799722826149,0.135834002886367
168.505199648122,-0.011995439559814,-0.0307476080022901,0.0114012137251385,-0.0793971803745292,-0.00193367020356096,0.0187424335612561,-0.0294789573298087,0.134981458829459
169.673808216612,-0.0119790006642682,-0.0304354915208467,0.0111666671649713,-0.0788475969442071,-0.0018915122555792,0.0186110972878921,-0.02908302475305,0.134133054954966
170.850521258965,-0.0119613899921315,-0.030125637389389,0.0109358529938839,-0.0783007311574039,-0.00185004422851142,0.0184804906379166,-0.0286921181500005,0.133288795609895
172.03539498091,-0.0119426234816763,-0.0298180423545242,0.0107087289443887,-0.0777565927472646,-0.00180925810277286,0.0183506135333443,-0.0283061815508725,0.132448684565561
173.228485977972,-0.0119227170718024,-0.0295127030805441,0.01048525297709,-0.0772151909657841,-0.00176914590750508,0.0182214658255196,-0.0279251594199666,0.131612725028884
174.429851238172,-0.0119016867015539,-0.029209616147814,0.0102653832828061,-0.0766765345905802,-0.00172969972076783,0.0180930472961659,-0.0275489966570429,0.130780919653556
175.639548144754,-0.0118795483095673,-0.0289087780511627,0.0100490782846078,-0.0761406319315825,-0.00169091166972102,0.0179653576584206,-0.0271776385985291,0.129953270551086
176.857634478922,-0.0118563178334505,-0.0286101851982773,0.0098362966397771,-0.0756074908376403,-0.00165277393079699,0.0178383965578556,-0.0268110310185715,0.129129779301696
178.084168422602,-0.0118320112090942,-0.0283138339081052,0.00962699724168815,-0.0750771187030493,-0.00161527872986392,0.017712163573485,-0.0264491201299331,0.128310446965105
179.319208561219,-0.0118066443699131,-0.0280197204092648,0.009421139221615,-0.0745495224739987,-0.00157841834238061,0.0175866582187576,-0.0260918525847422,0.127495274091163
180.562813886497,-0.0117802332460205,-0.0277278408384688,0.00921868195046818,-0.0740247086549389,-0.00154218509354321,0.0174618799425379,-0.0257391754750977,0.126684260730365
181.815043799277,-0.0117527937633331,-0.0274381912389603,0.00901958504046336,-0.0735026833148724,-0.00150657135842433,0.0173378281300723,-0.0253910363335343,0.125877406444224
183.075958112354,-0.0117243418426092,-0.0271507675589672,0.008823808346725,-0.0729834520935678,-0.00147156956210496,0.0172145021039437,-0.0250473831333515,0.125074710315521
184.345617053333,-0.0116948933984188,-0.0268655656501741,0.00863131196882756,-0.0724670202076991,-0.00143717217979955,0.0170919011250132,-0.0247081642888119,0.12427617095841
185.624081267505,-0.0116644643380471,-0.0265825812662163,0.00844205625227702,-0.071953392456911,-0.00140337173697473,0.016970024393349,-0.0243733286552119,0.123481786528402
186.911411820748,-0.0116330705603321,-0.026301810061198,0.00825600178993504,-0.0714425732298117,-0.00137016080946197,0.0168488710491444,-0.0240428255288285,0.122691554732211
188.207670202438,-0.0116007279544362,-0.0260232475882356,0.00807310942338841,-0.0709345665098956,-0.0013375320235646,0.0167284401736235,-0.0237166046467474,0.121905472837473
189.512918328392,-0.0115674523985532,-0.0257468892980302,0.00789334024426577,-0.0704293758813951,-0.00130547805615941,0.0166087307899352,-0.023394616186575,0.121123537682324
190.827218543819,-0.0115332597585519,-0.0254727305374713,0.00771665559550417,-0.0699270045350658,-0.0012739916347933,0.0164897418640376,-0.0230768107660392,0.12034574568486
192.150633626303,-0.011498165886556,-0.0252007665482726,0.00754301707256722,-0.0694274552739038,-0.00124306553777512,0.0163714723055697,-0.0227631394424812,0.119572092852459
193.483226788801,-0.0114621866194634,-0.0249309924656443,0.00737238652461703,-0.0689307305187996,-0.00121269259426312,0.0162539209687145,-0.0224535537122434,0.118802574790971
194.82506168266,-0.0114253377774033,-0.0246634033170021,0.00720472605564179,-0.0684368323141267,-0.00118286568434816,0.0161370866530509,-0.0221480055099565,0.118037186713786
196.176202400658,-0.0113876351621352,-0.0243979940207172,0.00703999802554069,-0.0679457623332701,-0.00115357773913296,0.0160209681043963,-0.0218464472077283,0.117275923450767
197.536713480066,-0.0113490945553889,-0.0241347593849069,0.00687816505116803,-0.0674575218840931,-0.00112482174080772,0.0159055640156397,-0.0215488316142395,0.11651877945706
198.906659905733,-0.0113097317171485,-0.0238736941062704,0.00671919000733784,-0.0669721119143462,-0.00109659072272205,0.0157908730275655,-0.0212551119737474,0.11576574882177
200.286107113184,-0.0112695623838797,-0.0236147927689706,0.00656303602779093,-0.0664895330170187,-0.00106887776945375,0.0156768937296687,-0.0209652419650032,0.11501682527652
201.675120991751,-0.0112286022667052,-0.0233580498435634,0.00640966650612532,-0.0660097854356343,-0.00104167601687434,0.0155636246609615,-0.0206791757000841,0.114272002203875
203.073767887718,-0.0111868670495263,-0.0231034596859784,0.00625904509669158,-0.0655328690694937,-0.0010149786522116,0.0154510643107718,-0.0203968677231446,0.113531272645647
204.482114607491,-0.0111443723870951,-0.0228510165365501,0.00611113571545432,-0.0650587834788637,-0.00098877891410927,0.0153392111195339,-0.0201182730090892,0.112794629311076
205.900228420788,-0.0111011339030371,-0.0226007145191044,0.00596590254082082,-0.0645875278901162,-0.000963070092684066,0.015228063479571,-0.0198433469621692,0.112062064584884
207.32817706385,-0.0110571671878279,-0.0223525476401,0.00582331001443798,-0.0641191012008181,-0.000937845529579995,0.0151176197358717,-0.0195720454145083,0.111333570535211
208.766028742684,-0.0110124877967238,-0.0221065097878273,0.00568332284195836,-0.0636535019847728,-0.000913098618020213,0.0150078781868585,-0.0193043246245572,0.11060913892143
210.213852136311,-0.0109671112476504,-0.0218625947316662,0.00554590599377631,-0.0631907284970162,-0.000888822802856413,0.0148988370851498,-0.0190401412754816,0.109888761201837
211.671716400053,-0.0109210530190493,-0.0216207961214052,0.00541102470573497,-0.0627307786787679,-0.000865011580615843,0.014790494638316,-0.0187794524734863,0.109172428541228
213.139691168835,-0.0108743285476862,-0.0213811074866215,0.00527864447980464,-0.0622736501623387,-0.000841658499546,0.0146828490096293,-0.018522215746077,0.108460131818357
214.617846560511,-0.0108269532264224,-0.0211435222361255,0.00514873108473349,-0.0618193402759972,-0.000818757159657033,0.0145758983188074,-0.0182683890402629,0.107751861633274
216.10625317921,-0.0107789424019513,-0.0209080336574696,0.00502125055667078,-0.0613678460487958,-0.00079630121276189,0.0144696406427521,-0.0180179307207029,0.107047608314548
217.604982118714,-0.0107303113725024,-0.0206746349165236,0.00489616919976326,-0.0609191642153572,-0.000774284362514208,0.0143640740162822,-0.0177707995677967,0.106347361926381
219.114104965849,-0.0106810753855155,-0.0204433190571169,0.0047734535867252,-0.0604732912206247,-0.000752700364443958,0.0142591964328624,-0.0175269547757249,0.105651112275601
220.633693803907,-0.0106312496352866,-0.0202140790007497,0.00465307055938221,-0.0600302232245747,-0.000731543025990835,0.0141550058453258,-0.017286355950438,0.104958848918545
222.163821216089,-0.0105808492605891,-0.0199869075463728,0.0045349872291892,-0.0595899561068958,-0.00071080620653535,0.0140515001665935,-0.0170489631075992,0.104270561167834
223.704560288971,-0.0105298893422709,-0.0197617973702385,0.00441917097772277,-0.059152485471633,-0.000690483817427619,0.0139486772703889,-0.01681473667048,0.103586238099035
225.255984615994,-0.0104783849008317,-0.0195387410258226,0.00430558945714797,-0.0587178066518004,-0.00067056982201378,0.0138465349919485,-0.0165836374678144,0.102905868557216
226.818168300982,-0.0104263508939815,-0.0193177309438174,0.00419421059065969,-0.058285914713962,-0.000651058235660004,0.0137450711287287,-0.0163556267316098,0.102229441163389
228.391185961678,-0.0103738022141837,-0.0190987594321989,0.00408500257289868,-0.0578568044627825,-0.000631943125774029,0.0136442834411086,-0.0161306660949199,0.101556944320852
229.975112733314,-0.0103207536861849,-0.0188818186763655,0.00397793387034205,-0.0574304704455491,-0.000613218611824142,0.0135441696530901,-0.0159087175895795,0.100888366221427
231.570024272191,-0.010267220064534,-0.0186669007393515,0.00387297322166838,-0.0570069069566655,-0.000594878865355537,0.0134447274529942,-0.0156897436439035,0.100223694851583
233.175996759301,-0.0102132160310931,-0.0184539975621138,0.00377008963809716,-0.0565861080421178,-0.000576918110003958,0.0133459544941546,-0.0154737070803524,0.0995629179984716
234.793106903962,-0.0101587561925425,-0.0182431009638935,0.00366925240370246,-0.0561680675039156,-0.000559330621506543,0.0132478483956078,-0.0152605711131656,0.0989060232558484
236.421431947482,-0.0101038550778832,-0.0180342026426516,0.00357043107570066,-0.0557527789045066,-0.000542110727709748,0.0131504067427814,-0.0150502993459639,0.0982529980299008
238.061049666849,-0.0100485271359384,-0.0178272941755794,0.00347359548471196,-0.0553402355711678,-0.000525252808574273,0.0130536270881788,-0.0148428557693237,0.0976038295449745
239.712038378445,-0.00999278673285696,-0.0176223670196832,0.00337871573499539,-0.0549304306003721,-0.000508751296176852,0.0129575069520622,-0.0146382047583236,0.0969585048492021
241.374476941791,-0.0099366481496219,-0.0174194125124444,0.00328576220465711,-0.0545233568621323,-0.000492600674708809,0.0128620438231327,-0.0144363110700661,0.0963170108200352
243.048444763306,-0.00988012557956536,-0.0172184218725523,0.00319470554583151,-0.0541190070043232,-0.000476795480471258,0.0127672351592088,-0.0142371398411735,0.0956793341696813
244.734021800108,-0.00982323312589369,-0.0170193862007127,0.00310551668483486,-0.0537173734569813,-0.000461330301866808,0.0126730783879022,-0.0140406565852634,0.0950454614504455
246.431288563827,-0.0097659847992244,-0.0168222964805289,0.00301816682229124,-0.0533184484365836,-0.000446199779387666,0.0125795709072916,-0.0138468271904007,0.09441537905998
248.140326124455,-0.00970839451513781,-0.0166271435794564,0.00293262743323004,-0.0529222239503063,-0.0004313986056,0.0124867100865952,-0.0136556179165311,0.0937890732464407
249.861216114214,-0.00965047609174577,-0.0164339182498302,0.00284887026715491,-0.0525286918002627,-0.00041692152512442,0.0123944932668404,-0.013466995392895,0.0931665301135545
251.594040731461,-0.00959224324727986,-0.0162426111299643,0.0027668673480836,-0.0521378435877212,-0.000402763334612459,0.0123029177615324,-0.0132809266154251,0.0925477356255952
253.338882744608,-0.00953370959770161,-0.0160532127453222,0.0026865909745583,-0.0517496707173048,-0.000388918882718917,0.0122119808573208,-0.0130973789441269,0.0919326756122723
255.09582549608,-0.00947488865433691,-0.0158657135097578,0.00260801371962588,-0.0513641644011707,-0.000375383070069923,0.0121216798146641,-0.0129163201004446,0.0913213357735327
256.864952906292,-0.00941579382153718,-0.0156801037268266,0.00253110843078785,-0.0509813156631709,-0.000362150849226583,0.0120320118684933,-0.0127377181646134,0.0907137016842752
258.646349477661,-0.00935643839436939,-0.0154963735911647,0.00245584822991933,-0.050601115342995,-0.000349217224644094,0.011942974228873,-0.0125615415729991,0.0901097587989812
260.440100298641,-0.00929683555633734,-0.0153145131899357,0.00238220651315663,-0.0502235541002932,-0.000336577252626164,0.0118545640816613,-0.0123877591154259,0.0895094924562609
262.246291047787,-0.00923699837713631,-0.0151345125043442,0.00231015695075306,-0.0498486224187821,-0.000324226041274627,0.0117667785891679,-0.0122163399324939,0.0889128878833177
264.065007997846,-0.00917693981044336,-0.0149563614112143,0.00223967348690247,-0.049476310610331,-0.000312158750434114,0.0116796148908103,-0.0120472535128871,0.08831993020033
265.896338019882,-0.00911667269174519,-0.0147800496846321,0.00217073033953003,-0.0491066088190307,-0.000300370591631647,0.011593070103769,-0.0118804696906726,0.0877306044247536
267.740368587419,-0.00905620973620582,-0.0146055669976509,0.00210330200004981,-0.048739507025243,-0.000288856828011033,0.0115071413236399,-0.0117159586425929,0.0871448954755443
269.597187780627,-0.00899556353657603,-0.0144329029240573,0.00203736323308881,-0.0483749950496324,-0.000277612774261953,0.0114218256250859,-0.0115536908853503,0.0865627881773023
271.466884290521,-0.00893474656114635,-0.014262046940197,0.0019728890761769,-0.0480130625571781,-0.00026663379654357,0.0113371200624859,-0.011393637272887,0.0859842672643398
273.349547423206,-0.00887377115174573,-0.0140929884268593,0.00190985483940237,-0.0476536990611684,-0.000255915312402627,0.0112530216705826,-0.0112357689936595,0.0854093173846722
275.245267104134,-0.00881264952178753,-0.0139257166712169,0.00184823610503266,-0.0472968939271747,-0.000245452790685831,0.0111695274651278,-0.0110800575679086,0.0848379231039345
277.154133882404,-0.00875139375436449,-0.0137602208688219,0.00178800872709983,-0.0469426363770069,-0.000235241751446486,0.011086634443526,-0.0109264748449268,0.0842700689092236
279.07623893509,-0.00869001580039469,-0.0135964901256537,0.00172914883095055,-0.0465909154926488,-0.000225277765845233,0.0110043395854759,-0.0107749930003231,0.0837057392128682
281.011674071587,-0.00862852747681978,-0.0134345134602192,0.00167163281276015,-0.0462417202201737,-0.000215556456044811,0.0109226398536096,-0.0106255845332854,0.0831449183561262
282.960531738006,-0.0085669404648571,-0.0132742798057013,0.00161543733901053,-0.0458950393736391,-0.000206073495098748,0.0108415321941294,-0.0104782222638429,0.0825875906128116
284.922905021585,-0.00850526630830722,-0.0131157780121565,0.00156053934593155,-0.0455508616389611,-0.000196824606833886,0.0107610135374427,-0.0103328793301271,0.082033740192851
286.898887655133,-0.00844351641191833,-0.0129589968487564,0.00150691603890573,-0.0452091755777672,-0.000187805565726675,0.010681080798794,-0.010189529185634,0.0814833512457726
288.888574021513,-0.00838170203980858,-0.0128039250060748,0.00145454489183591,-0.0448699696312275,-0.000179012196773141,0.0106017308788942,-0.0100481455964866,0.0809364078641253
290.892059158146,-0.00831983431394782,-0.0126505510984149,0.00140340364647583,-0.0445332321238639,-0.000170440375352468,0.0105229606645478,-0.00990870263869994,0.0803928940868326
292.909438761552,-0.00825792421269976,-0.0124988636661769,0.00135347031172333,-0.0441989512673357,-0.000162086027084146,0.0104447670292766,-0.00977117469544719,0.0798527939024798
294.940809191919,-0.00819598256942572,-0.0123488511782634,0.001304723162876,-0.043867115164203,-0.000153945127678589,0.010367146833941,-0.00963553645432969,0.0793160912525359
296.986267477709,-0.00813402007115094,-0.01220050203452,0.00125714074084932,-0.0435377118116655,-0.000146013702781222,0.0102900969273577,-0.00950176290464971,0.0787827700345119
299.045911320291,-0.00807204725729427,-0.0120538045682093,0.00121070185135706,-0.0432107291052768,-0.000138287827809958,0.0102136141469146,-0.00936982933468749,0.0782528141050559
301.119839098607,-0.00801007451846228,-0.0119087470485162,0.00116538556405397,-0.0428861548426341,-0.000130763627786048,0.0101376953191822,-0.00923971132898264,0.0777262072829853
303.208149873869,-0.0079481120953083,-0.0117653176830828,0.00112117121164067,-0.0425639767270419,-0.000123437277158267,0.0100623372605213,-0.00911138476562057,0.0772029333522586
305.310943394298,-0.00788617007745731,-0.0116235046205694,0.00107803838893082,-0.0422441823711489,-0.000116304999620416,0.00998753677768746,-0.0089848258135245,0.0766829760648855
307.428320099879,-0.00782425840249712,-0.0114832959532412,0.00103596695188067,-0.0419267593005591,-0.000109363067922132,0.00991329066843128,-0.00886001092975343,0.0761663191437788
309.560381127168,-0.00776238685503634,-0.0113446797195771,0.00099493701658087,-0.0416116949574134,-0.000102607803672996,0.009839595722095,-0.00873691685680653,0.0756529462855458
311.707228314113,-0.00770056506582975,-0.0112076439068989,0.000954928958210905,-0.0412989767039449,-9.60355771399204e-05,0.0097664487202049,-0.0086155206199345,0.0751428411632236
313.868964204927,-0.00763880251097118,-0.0110721764540192,0.00091592340995614,-0.0409885918260034,-8.96428070378673e-05,0.00969384643705945,-0.00849579952445827,0.0746359874289558
316.045692054981,-0.00757710851115442,-0.0109382652539049,0.000877901261887709,-0.0406805275365513,-8.34259603138591e-05,0.00962178564031312,-0.00837773115309548,0.0741323687166138
318.237515835737,-0.00751549223100217,-0.010805898156355,0.000840843659805496,-0.0403747709791284,-7.73815519243509e-05,0.00955026309155559,-0.00826129336329511,0.0736319686443626
320.444540239715,-0.00745396267846328,-0.0106750629706896,0.000804732004044406,-0.0400713092312861,-7.15061446059559e-05,0.00947927554688634,-0.00814646428458073,0.0731347708171713
322.666870685493,-0.00739252870427817,-0.0105457474684491,0.000769547948244288,-0.0397701293079892,-6.57963486395882e-05,0.00940881975748426,-0.00803322231590269,0.0726407588292709
324.904613322743,-0.00733119900151269,-0.0104179393861002,0.000735273398083724,-0.0394712181649859,-6.02488216080498e-05,0.00933889247017239,-0.00792154612299964,0.0721499162665579
327.1578750373,-0.00726998210515992,-0.010291626427748,0.000701890509978167,-0.0391745627021438,-5.48602681471199e-05,0.00926949042797741,-0.00781141463576974,0.0716622267089461
329.426763456268,-0.00720888639181009,-0.0101667962678503,0.000669381689742695,-0.0388801497667529,-4.96274396901946e-05,0.00920061037068383,-0.00770280704565191,0.0711776737326674
331.711386953162,-0.00714792007938814,-0.0100434365539337,0.000637729591219882,-0.0385879661567929,-4.45471342065583e-05,0.00913224903538276,-0.00759570280301742,0.0706962409125207
334.011854653082,-0.00708709122695876,-0.00992153490930864,0.000606917114873198,-0.0382979986241666,-3.96161959333339e-05,0.00906440315701507,-0.00749008161457223,0.0702179118240721
336.328276437929,-0.00702640773459835,-0.00980107893578122,0.000576927406346419,-0.0380102338778961,-3.48315151012114e-05,0.0089970694689087,-0.00738592344077023,0.0697426700458044
338.660762951648,-0.00696587734333362,-0.00968205621636023,0.000547743854989589,-0.0377246585872836,-3.01900276540207e-05,0.00893024470331024,-0.00728320849323794,0.0692704991612197
341.009425605519,-0.00690550763514622,-0.0095644543179571,0.000519350092352025,-0.0374412593850339,-2.56887149622509e-05,0.00886392559191029,-0.0071819172322106,0.0688013827608926
343.374376583475,-0.00684530603304281,-0.00944826079407698,0.000491729990642971,-0.03716002287034,-2.13246035305998e-05,0.00879810886636279,-0.00708203036398037,0.0683353044444772
345.75572884746,-0.00678527980118998,-0.009333463187499,0.000464867661160487,-0.0368809356119297,-1.70947646996662e-05,0.00873279125879795,-0.00698352883835646,0.0678722478226677
348.153596142828,-0.00672543604511328,-0.0092200490329438,0.000438747452689205,-0.0366039841510736,-1.29963143418858e-05,0.00866796950232875,-0.00688639384613786,0.0674121965191125
350.568093003772,-0.00666578171195959,-0.00910800585972667,0.00041335394986757,-0.0363291550045527,-9.02641255182157e-06,0.00860364033155089,-0.00679060681659862,0.0669551341722845
352.999334758797,-0.00660632359082204,-0.00899732119439422,0.000388671971525275,-0.036056434667587,-5.18226333093145e-06,0.00853980048303602,-0.00669614941498609,0.0665010444373058
355.44743753623,-0.00654706831312665,-0.00888798256334314,0.00036468656899158,-0.0357858096167225,-1.4611142669309e-06,0.00847644669581814,-0.0066030035400323,0.0660499109877295
357.912518269762,-0.00648802235307965,-0.00877997749541919,0.000341383024375213,-0.0355172663126772,2.13974379211662e-06,0.0084135757118731,-0.00651115132147878,0.0656017175172781
360.39469470404,-0.00642919202817464,-0.00867329352449472,0.00031874684881662,-0.0352507912031454,5.62297706885805e-06,0.008351184276591,-0.00642057511761485,0.0651564477415399
362.894085400285,-0.00637058349975854,-0.00856791819202336,0.000296763780713318,-0.0349863707255598,8.99120919270935e-06,0.00828926913924146,-0.00633125751282988,0.0647140853996233
365.410809741959,-0.00631220277365516,-0.00846383904956993,0.000275419783919142,-0.0347239913098111,1.22470215407866e-05,0.00822782705343163,-0.00624318131517948,0.0642746142557698
367.944987940466,-0.00625405570084552,-0.00836104366131451,0.000254701045918135,-0.0344636393809241,1.53929535835571e-05,0.00816685477755682,-0.0061563295539659,0.0638380181009275
370.496741040893,-0.00619614797820351,-0.0082595196065288,0.000234593975973995,-0.0342053013616906,1.84315032350625e-05,0.00810634907524371,-0.00607068547733292,0.0634042807542837
373.066190927794,-0.00613848514928593,-0.00815925448202369,0.000215085203255826,-0.0339489636752584,2.13651272075679e-05,0.00804630671578596,-0.00598623254987525,0.0629733860647586
375.653460331008,-0.0060810726051756,-0.00806023590456647,0.000196161574941046,-0.0336946127476761,2.41962413704802e-05,0.0079867244745722,-0.00590295445026273,0.0625453179124609
378.258672831527,-0.00602391558537622,-0.00796245151326648,0.000177810154296396,-0.0334422350103929,2.69272211133702e-05,0.0079275991335064,-0.0058208350688795,0.0621200602101049
380.881952867393,-0.00596701917875794,-0.00786588897192798,0.000160018218737806,-0.0331918169027142,2.95604017129549e-05,0.00786892748142034,-0.00573985850547824,0.0616975969043899
383.523425739646,-0.00591038832455198,-0.00777053597136886,0.000142773257870097,-0.0329433448742115,3.20980787038575e-05,0.00781070631447829,-0.00566000906684962,0.0612779119773438
386.183217618305,-0.00585402781339342,-0.00767638023170442,0.000126062971507347,-0.0326968053870874,3.45425082529991e-05,0.00775293243657377,-0.00558127126450732,0.0608609894476292
388.861455548399,-0.00579794228841025,-0.00758340950459459,0.000109875267674871,-0.0324521849184939,3.68959075374421e-05,0.00769560265971833,-0.00550362981238834,0.0604468133718149
391.558267456034,-0.00574213624635789,-0.0074916115754542,9.41982605936974e-05,-0.0322094699628065,3.91604551255209e-05,0.00763871380442232,-0.00542706962456928,0.0600353678456117
394.273782154498,-0.00568661403879733,-0.00740097426562483,7.90202686484763e-05,-0.0319686470338507,4.13382913610908e-05,0.00758226270006762,-0.00535157581299826,0.0596266370050739
397.008129350424,-0.00563137987331571,-0.00731148543450744,6.43298123396935e-05,-0.0317297026670838,4.34315187507257e-05,0.00752624618527217,-0.00527713368524282,0.0592206050277671
399.761439649975,-0.00557643781478781,-0.00722313298165514,5.01156122211977e-05,-0.0314926234217289,4.54422023536854e-05,0.00747066110824643,-0.00520372874225387,0.0588172561339017
402.533844565089,-0.00552179178667709,-0.00713590484882496,3.63665868238754e-05,-0.0312573958828638,4.737237017449e-05,0.00741550432714168,-0.00513134667614589,0.0584165745874348
405.325476519761,-0.00546744557237479,-0.00704978902198813,2.30718505664831e-05,-0.031024006663463,4.92240135579155e-05,0.00736077271039004,-0.00505997336799333,0.0580185446971386
408.136468856361,-0.00541340281657559,-0.006964773533298,1.02207116545092e-05,-0.0307924424063934,5.09990875862472e-05,0.00730646313703633,-0.00498959488564338,0.0576231508176381
410.966955842014,-0.00535966702668841,-0.00688084646301504,-2.19733003197636e-06,-0.0305626897863631,5.26995114786122e-05,0.00725257249706172,-0.00492019748154533,0.0572303773504165
413.817072675003,-0.00530624157428093,-0.00679799594138833,-1.41925850605695e-05,-0.0303347355118242,5.43271689922172e-05,0.00719909769169903,-0.00485176759059634,0.0568402087447907
416.686955491232,-0.00525312969655619,-0.00671621015049292,-2.5775176577942e-05,-0.0301085663268295,5.58839088253167e-05,0.00714603563373993,-0.00478429182800401,0.0564526294988565
419.576741370729,-0.00520033449786003,-0.00663547732602266,-3.6955042449504e-05,-0.029884169012842,5.73715450217455e-05,0.0070933832478338,-0.00471775698716559,0.0560676241604034
422.486568344193,-0.00514785895121768,-0.00655578575903804,-4.77419374063934e-05,-0.0296615303904989,5.87918573768315e-05,0.00704113747077837,-0.00465215003756401,0.0556851773278012
425.416575399583,-0.00509570589989815,-0.00647712379766856,-5.81454351988994e-05,-0.0294406373213295,6.01465918445283e-05,0.00698929525180218,-0.00458745812268081,0.0553052736508571
428.366902488763,-0.00504387805900493,-0.00639947984876954,-6.81749307553832e-05,-0.0292214767094263,6.14374609455917e-05,0.00693785355283874,-0.00452366855792598,0.0549278978316456
431.337690534184,-0.00499237801709156,-0.00632284237953274,-7.78396423458433e-05,-0.0290040355030719,6.26661441766319e-05,0.00688680934879268,-0.0044607688285848,0.0545530346253095
434.329081435613,-0.00494120823780053,-0.00624719991905084,-8.71486137491969e-05,-0.0287883006963187,6.38342884198722e-05,0.00683615962779755,-0.00439874658778174,0.0541806688408348
437.341218076915,-0.00489037106152423,-0.00617254105983546,-9.61107164234305e-05,-0.028574259330524,6.49435083534534e-05,0.00678590139146562,-0.00433758965446145,0.0538107853417984
440.374244332875,-0.00483986870708638,-0.00609885445928859,-0.000104734651677728,-0.0283618984958405,6.59953868621139e-05,0.00673603165512956,-0.00427728601138686,0.0534433690470893
443.428305076071,-0.00478970327344248,-0.00602612884112735,-0.000113028952845727,-0.0281512053326606,6.69914754480835e-05,0.00668654744807607,-0.0042178238031545,0.0530784049316051
446.503546183793,-0.00473987674139818,-0.00595435299676199,-0.000121001987459076,-0.0279421670330176,6.79332946420378e-05,0.00663744581377154,-0.00415919133422703,0.0527158780269218
449.600114545014,-0.00469039097534374,-0.00588351578662718,-0.000128661959420414,-0.0277347708419419,6.8822334413944e-05,0.00658872381007971,-0.00410137706698293,0.0523557734219398
452.718158067401,-0.00464124772500356,-0.00581360614146654,-0.000136016911175004,-0.0275290040587728,6.96600545836528e-05,0.00654037850947145,-0.00404436961978357,0.0519980762635056
455.857825684385,-0.00459244862719927,-0.0057446130635706,-0.000143074725880162,-0.0273248540384283,7.04478852310741e-05,0.00649240699922678,-0.00398815776505746,0.0516427717570085
459.01926736227,-0.00454399520762507,-0.00567652562796814,-0.000149843129571735,-0.0271223081926299,7.1187227105795e-05,0.00644480638162898,-0.00393273042740188,0.0512898451669557
462.202634107401,-0.004495888882634,-0.00560933298357119,-0.000156329693326811,-0.0269213539910859,7.18794520359833e-05,0.00639757377415111,-0.00387807668170173,0.050939281817522
465.408077973374,-0.00444813096103386,-0.00554302435427388,-0.00016254183542192,-0.0267219789626316,7.25259033364382e-05,0.00635070630963483,-0.00382418575126576,0.0505910670930794
468.635752068297,-0.00440072264589148,-0.00547758904000522,-0.00016848682348597,-0.0265241706963278,7.31278962156407e-05,0.00630420113646164,-0.00377104700598012,0.0502451864387029
471.885810562108,-0.00435366503634413,-0.00541301641773627,-0.00017417177664718,-0.0263279168425178,7.36867181816697e-05,0.00625805541871671,-0.00371864996047914,0.049901625360655
475.158408693936,-0.00430695912941678,-0.00534929594244185,-0.000179603667673308,-0.0261332051138435,7.42036294468432e-05,0.00621226633634519,-0.0036669842723335,0.0495603694268495
478.453702779515,-0.0042606058218441,-0.00528641714801712,-0.000184789325104463,-0.0259400232862198,7.46798633309515e-05,0.00616683108530127,-0.00361603974025565,0.0492214042672935
481.771850218653,-0.0042146059118959,-0.00522436964814951,-0.00018973543537783,-0.0257483591997706,7.51166266629574e-05,0.00612174687769,-0.00356580630232253,0.0488847155745099
485.113009502749,-0.00416896010120497,-0.00516314313714621,-0.000194448544943627,-0.025558200759724,7.55151001810326e-05,0.00607701094190187,-0.00351627403421553,0.048550289103939
488.477340222363,-0.00412366899659609,-0.00510272739071779,-0.000198935062371669,-0.0253695359372684,7.58764389308066e-05,0.00603262052274046,-0.00346743314747768,0.0482181106743214
491.865003074839,-0.00407873311191525,-0.00504311226671827,-0.000203201260447893,-0.0251823527703707,7.62017726617124e-05,0.00598857288154298,-0.0034192739877881,0.0478881661680608
495.276159871982,-0.00403415286985782,-0.0049842877058422,-0.000207253278260251,-0.0249966393645557,7.64922062213081e-05,0.00594486529629405,-0.00337178703325353,0.0475604415315684
498.710973547785,-0.0039899286037948,-0.00492624373227918,-0.000211097123273358,-0.0248123838936488,7.67488199474664e-05,0.00590149506173264,-0.00332496289271711,0.047234922775589
502.169608166212,-0.00394606055959602,-0.00486897045432641,-0.000214738673391336,-0.0246295746004808,7.69726700583158e-05,0.00585845948945234,-0.00327879230408423,0.0469115959755091
505.652228929035,-0.00390254889744932,-0.00481245806495965,-0.000218183679008315,-0.0244481997975571,7.71647890398369e-05,0.00581575590799511,-0.00323326613266537,0.0465904472716464
509.159002183727,-0.00385939369367483,-0.00475669684236337,-0.000221437765046009,-0.0242682478676906,7.73261860310027e-05,0.00577338166293846,-0.00318837536953606,0.0462714628695233
512.690095431402,-0.00381659494253326,-0.00470167715042047,-0.000224506432977906,-0.0240897072646001,7.74578472063697e-05,0.00573133411697639,-0.00314411112991379,0.0459546290401231
516.245677334823,-0.00377415255802746,-0.00464738943916233,-0.000227395062839532,-0.0239125665134729,7.75607361560227e-05,0.00568961064999395,-0.00310046465155177,0.0456399321201288
519.825917726449,-0.0037320663756963,-0.0045938242451796,-0.000230108915224334,-0.0237368142114944,7.76357942627831e-05,0.00564820865913577,-0.00305742729314961,0.045327358512147
523.430987616559,-0.00369033615439995,-0.00454097219199464,-0.000232653133264714,-0.023562439028344,7.76839410765916e-05,0.00560712555886844,-0.00301499053278081,0.045016894684915
527.061059201407,-0.00364896157809595,-0.00448882399039594,-0.000235032744597776,-0.0233894297066577,7.77060746859818e-05,0.00556635878103705,-0.00297314596633698,0.044708527173493
530.716305871459,-0.00360794225760501,-0.00443737043873546,-0.000237252663315354,-0.0232177750624593,7.77030720865625e-05,0.00552590577491586,-0.0029318853059887,0.0444022425794408
534.396902219665,-0.00356727773236605,-0.00438660242318937,-0.000239317691897941,-0.023047463985559,7.76757895464355e-05,0.00548576400725332,-0.00289120037866304,0.0440980275709799
538.103024049808,-0.00352696747217953,-0.00433651091798295,-0.000241232523132103,-0.0228784854399223,7.76250629684698e-05,0.00544593096231142,-0.0028510831245376,0.0437958688831415
541.834848384891,-0.00348701087893854,-0.00428708698558034,-0.000243001742011043,-0.0227108284640073,7.7551708249368e-05,0.00540640414189967,-0.00281152559555104,0.0434957533178993
545.592553475602,-0.00344740728834684,-0.00423832177683983,-0.000244629827617943,-0.0225444821710729,7.74565216354527e-05,0.00536718106540362,-0.00277251995392991,0.0431976677442899
549.376318808822,-0.00340815597162332,-0.0041902065311354,-0.000246121154991771,-0.0223794357494581,7.73402800751149e-05,0.0053282592698082,-0.00273405847073196,0.0429015990985189
553.1863251162,-0.00336925613719217,-0.00414273257644525,-0.00024747999697523,-0.0222156784628321,7.72037415678615e-05,0.00528963630971592,-0.00269613352440549,0.0426075343840539
557.022754382788,-0.00333070693235825,-0.004095891329408,-0.000248710526044571,-0.0220531996504174,7.70476455099075e-05,0.00525130975736004,-0.00265873759936499,0.042315460671705
560.885789855729,-0.00329250744496707,-0.00404967429534732,-0.000249816816120973,-0.021891988727185,7.68727130362595e-05,0.00521327720261285,-0.00262186328458277,0.0420253650996925
564.775616053012,-0.00325465670504879,-0.00400407306826576,-0.000250802844363244,-0.0217320351840233,7.66796473592396e-05,0.00517553625298915,-0.00258550327219658,0.0417372348737026
568.692418772287,-0.0032171536864459,-0.00395907933080841,-0.00025167249294161,-0.0215733285878813,7.64691341034063e-05,0.00513808453364511,-0.00254965035613311,0.0414510572669314
572.636385099737,-0.00317999730842386,-0.00391468485419722,-0.000252429550792349,-0.0214158585818858,7.62418416368285e-05,0.00510091968737256,-0.00251429743074728,0.0411668196201164
576.607703419018,-0.00314318643726449,-0.00387088149813676,-0.000253077715353074,-0.0212596148854342,7.59984213986705e-05,0.00506403937458879,-0.00247943748947726,0.0408845093415577
580.606563420252,-0.00310671988784155,-0.00382766121069202,-0.000253620594278471,-0.0211045872942639,7.57395082230545e-05,0.00502744127332211,-0.00244506362351499,0.0406041139071278
584.633156109091,-0.00307059642517807,-0.0037850160281391,-0.000254061707136316,-0.0209507656804966,7.5465720659165e-05,0.00499112307919316,-0.00241116902049231,0.0403256208602705
588.687673815838,-0.00303481476598525,-0.00374293807478951,-0.000254404487083619,-0.0207981399926616,7.51776612875664e-05,0.00495508250539213,-0.00237774696318241,0.0400490178119896
592.77031020464,-0.00299937358018232,-0.00370141956278886,-0.000254652282522727,-0.0206467002556953,7.48759170327037e-05,0.004919317282652,-0.00234479082821662,0.0397742924408269
596.881260282727,-0.00296427149239727,-0.00366045279189055,-0.000254808358737299,-0.0204964365709201,7.45610594715634e-05,0.00488382515921794,-0.00231229408481637,0.0395014324928313
601.020720409738,-0.00292950708344798,-0.00362003014920537,-0.000254875899507989,-0.0203473391160013,7.42336451384729e-05,0.00484860390081288,-0.00228025029354024,0.0392304257815169
605.188888307094,-0.00289507889180357,-0.0035801441089276,-0.000254858008707781,-0.0201993981448849,7.38942158260178e-05,0.00481365129059955,-0.00224865310504599,0.0389612601878129
609.385963067442,-0.00286098541502569,-0.00354078723203846,-0.000254757711876863,-0.0200526039877137,7.35432988820627e-05,0.00477896512913885,-0.00221749625886743,0.0386939236600036
613.612145164168,-0.00282722511118947,-0.00350195216598746,-0.000254577957776977,-0.0199069470507259,7.31814075028586e-05,0.00474454323434491,-0.00218677358220614,0.0384284042136598
617.867636460969,-0.002793796400284,-0.00346363164435264,-0.000254321619925196,-0.0197624178161339,7.28090410222315e-05,0.00471038344143675,-0.00215647898873768,0.0381646899315618
622.152640221499,-0.00276069766559208,-0.00342581848648012,-0.000253991498107059,-0.0196190068419852,7.24266851968363e-05,0.00467648360288678,-0.00212660647743251,0.0379027689636131
626.467361119072,-0.00272792725504911,-0.00338850559710384,-0.000253590319869064,-0.0194767047620059,7.20348124874753e-05,0.00464284158836617,-0.00209715013139122,0.0376426295267471
630.812005246445,-0.00269548348258096,-0.00335168596594625,-0.000253120741990466,-0.0193355022854273,7.16338823364753e-05,0.00460945528468716,-0.00206810411669406,0.0373842599048252
635.186780125658,-0.00266336462942069,-0.00331535266730041,-0.000252585351934402,-0.0191953901967955,7.1224341441123e-05,0.00457632259574263,-0.00203946268126476,0.0371276484485273
639.591894717946,-0.00263156894540398,-0.00327949885959441,-0.000251986669278316,-0.0190563593557658,7.08066240231557e-05,0.00454344144244267,-0.00201122015374828,0.0368727835752347
644.027559433723,-0.00260009465024326,-0.00324411778493869,-0.000251327147123738,-0.0189184006968812,7.03811520943182e-05,0.00451080976264859,-0.00198337094240264,0.0366196537689062
648.493986142629,-0.00256893993478037,-0.00320920276865697,-0.0002506091734854,-0.0187815052293363,6.99483357179807e-05,0.00447842551110429,-0.00195590953400453,0.0363682475799466
652.991388183652,-0.00253810296221776,-0.00317474721880141,-0.000249835072659758,-0.018645664036727,6.95085732668325e-05,0.00444628665936513,-0.00192883049276861,0.0361185536250689
657.519980375318,-0.00250758186932816,-0.00314074462565263,-0.000249007106572953,-0.018510868276786,6.90622516766581e-05,0.00441439119572437,-0.00190212845928047,0.0358705605871494
662.07997902595,-0.0024773747676427,-0.00310718856120541,-0.000248127476108272,-0.0183771091811055,6.86097466962066e-05,0.00438273712513735,-0.001875798149443,0.0356242572150769
666.671601944003,-0.00244747974461748,-0.0030740726786404,-0.000247198322413171,-0.0182443780548469,6.81514231331645e-05,0.00435132246914338,-0.00184983435343618,0.0353796323235952
671.295068448464,-0.00241789486477859,-0.00304139071178282,-0.000246221728185942,-0.018112666276438,6.76876350962531e-05,0.00432014526578558,-0.00182423193468999,0.0351366747931398
675.950599379332,-0.00238861817084563,-0.00300913647454842,-0.000245199718942104,-0.0179819652972589,6.72187262334589e-05,0.00428920356952863,-0.0017989858288706,0.0348953735696691
680.638417108163,-0.00235964768483375,-0.00297730386037758,-0.000244134264260608,-0.0178522666413161,6.67450299664217e-05,0.00425849545117462,-0.00177409104287937,0.0346557176644893
685.358745548692,-0.00233098140913416,-0.002945886841658,-0.000243027279009971,-0.0177235619049058,6.62668697209941e-05,0.00422801899777696,-0.00174954265386481,0.0344176961540746
690.11181016753,-0.00230261732757343,-0.0029148794691366,-0.000241880624554427,-0.017595842756267,6.57845591539974e-05,0.00419777231255258,-0.00172533580824726,0.0341812981798816
694.897837994932,-0.00227455340645136,-0.00288427587132115,-0.000240696109940228,-0.0174691009352248,6.52984023761942e-05,0.00416775351479246,-0.00170146572075617,0.0339465129481587
699.717057635642,-0.00224678759555774,-0.00285407025387237,-0.00023947549306222,-0.0173433282528233,6.48086941715036e-05,0.00413796073977045,-0.00167792767347989,0.0337133297297509
704.569699279812,-0.00221931782916789,-0.00282425689898676,-0.000238220481810801,-0.0172185165909508,6.43157202124792e-05,0.00410839213865066,-0.0016547170149278,0.0334817378598996
709.455994713995,-0.00219214202701736,-0.00279483016477101,-0.000236932735199429,-0.0170946579019548,6.38197572720832e-05,0.00407904587839334,-0.00163182915910471,0.0332517267380378
714.376177332221,-0.00216525809525561,-0.00276578448460828,-0.000235613864472803,-0.0169717442082502,6.33210734317783e-05,0.00404992014165941,-0.00160925958459735,0.0330232858275812
719.33048214714,-0.00213866392737905,-0.00273711436651699,-0.000234265434195875,-0.0168497676019184,6.28199282859678e-05,0.0040210131267137,-0.00158700383367286,0.0327964046557146
724.31914580125,-0.00211235740514343,-0.00270881439250263,-0.000232888963323836,-0.0167287202443002,6.23165731428156e-05,0.00399232304732693,-0.0015650575113892,0.0325710728131747
729.342406578201,-0.00208633639945581,-0.00268087921790297,-0.000231485926253254,-0.0166085943655802,6.18112512214733e-05,0.00396384813267658,-0.00154341628471718,0.0323472799540285
734.400504414174,-0.00206059877124623,-0.00265330357072735,-0.000230057753854514,-0.016489382264366,6.13041978457494e-05,0.00393558662724662,-0.00152207588167426,0.0321250157954484
739.493680909344,-0.00203514237231924,-0.00262608225099027,-0.000228605834485732,-0.01637107630726,6.07956406342503e-05,0.0039075367907263,-0.00150103209046971,0.031904270117483
744.622179339418,-0.00200996504618554,-0.00259921013004003,-0.000227131514988326,-0.0162536689284258,6.02857996870278e-05,0.00387969689790797,-0.00148028075866126,0.0316850327628252
749.786244667259,-0.00198506462887379,-0.00257268214988257,-0.000225636101664409,-0.0161371526291488,5.97748877687691e-05,0.00385206523858396,-0.00145981779232293,0.0314672936365766
754.98612355458,-0.00196043894972291,-0.00254649332250123,-0.000224120861236195,-0.0160215199773918,5.926311048856e-05,0.00382464011744273,-0.00143963915522398,0.0312510427060083
760.222064373731,-0.00193608583215496,-0.00252063872917262,-0.000222587021787602,-0.0159067636073452,5.87506664762609e-05,0.0037974198539642,-0.00141974086801889,0.031036270000319
765.494317219563,-0.00191200309442886,-0.00249511351977915,-0.000221035773688234,-0.0157928762189731,5.823774755553e-05,0.00377040278231445,-0.00140011900744825,0.0308229656103903
770.803133921369,-0.00188818855037516,-0.00246991291211862,-0.000219468270499952,-0.0156798505775552,5.77245389135306e-05,0.0037435872512397,-0.00138076970555032,0.0306111196885389
776.148768054917,-0.00186464001011205,-0.00244503219121122,-0.0002178856298662,-0.0155676795132242,5.72112192673603e-05,0.00371697162395982,-0.00136168914888332,0.0304007224482663
781.531474954562,-0.00184135528074283,-0.00242046670860432,-0.000216288934384313,-0.0154563559204998,5.66979610272403e-05,0.00369055427806123,-0.0013428735777582,0.0301917641640053
786.951511725437,-0.00181833216703506,-0.00239621188167543,-0.00021467923246099,-0.0153458727578199,5.6184930456502e-05,0.00366433360538937,-0.00132431928548176,0.0299842351708651
792.40913725574,-0.00179556847208171,-0.00237226319293375,-0.000213057539151133,-0.0152362230470677,5.56722878284117e-05,0.00363830801194077,-0.00130602261761014,0.0297781258643733
797.904612229097,-0.0017730619979443,-0.00234861618932055,-0.00021142483698027,-0.0151273998730969,5.51601875798697e-05,0.00361247591775473,-0.00128797997121239,0.0295734267002155
803.438199137013,-0.0017508105462786,-0.00232526648150881,-0.00020978207675075,-0.015019396383254,5.46487784620267e-05,0.00358683575680472,-0.00127018779414412,0.0293701281939738
809.01016229141,-0.00172881191894283,-0.0023022097432024,-0.000208130178331931,-0.0149122057868982,5.41382036878535e-05,0.00356138597688947,-0.00125264258433101,0.029168220920862
814.620767837254,-0.0017070639185888,-0.00227944171043513,-0.000206470031434562,-0.0148058213549197,5.36286010767086e-05,0.00353612503952391,-0.00123534088906224,0.0289676955154597
820.270283765263,-0.0016855643492361,-0.00225695818087001,-0.000204802496369569,-0.0147002364192561,5.31201031959382e-05,0.00351105141982988,-0.00121827930429345,0.0287685426714445
825.958979924714,-0.00166431101682969,-0.0022347550130989,-0.000203128404791467,-0.0145954443724068,5.26128374995555e-05,0.00348616360642674,-0.00120145447395941,0.0285707531413224
831.687128036326,-0.00164330172978104,-0.00221282812594306,-0.000201448560426584,-0.014491438666947,5.2106926464034e-05,0.0034614601013219,-0.00118486308929606,0.0283743177361563
837.455001705243,-0.00162253429949321,-0.00219117349775457,-0.000199763739786345,-0.01438821281504,5.16024877212599e-05,0.00343693941980131,-0.0011685018881719,0.0281792273252936
843.262876434102,-0.00160200654086995,-0.00216978716571924,-0.000198074692865786,-0.0142857603879487,5.10996341886814e-05,0.00341260009031993,-0.00115236765442864,0.0279854728360917
849.111029636188,-0.00158171627280916,-0.00214866522516091,-0.000196382143827558,-0.014184075015547,5.05984741966978e-05,0.00338844065439222,-0.0011364572172309,0.0277930452536427
854.999740648693,-0.00156166131868103,-0.00212780382884769,-0.000194686791671587,-0.0140831503858298,5.00991116133273e-05,0.0033644596664828,-0.00112076745042501,0.0276019356204967
860.92929074605,-0.001541839506791,-0.00210719918630021,-0.000192989310890641,-0.0139829802444239,4.96016459661973e-05,0.00334065569389708,-0.00110529527190657,0.0274121350363837
866.899963153375,-0.0015222486708278,-0.0020868475631021,-0.000191290352111994,-0.0138835583940981,4.91061725618937e-05,0.00331702731667213,-0.00109003764299691,0.0272236346579346
872.91204305999,-0.00150288665029694,-0.00206674528021309,-0.000189590542725403,-0.0137848786942736,4.86127826027146e-05,0.00329357312746773,-0.0010749915678281,0.0270364256984014
878.965817633049,-0.0014837512909398,-0.00204688871328469,-0.000187890487497626,-0.013686935060535,4.8121563300866e-05,0.00327029173145757,-0.00106015409273662,0.0268504994273763
885.061576031251,-0.00146484044513858,-0.00202727429197887,-0.000186190769173666,-0.0135897214641413,4.76325979901402e-05,0.00324718174622072,-0.00104552230566544,0.0266658471705096
891.199609418655,-0.00144615197230742,-0.00200789849928984,-0.00018449194906497,-0.0134932319315379,4.71459662351195e-05,0.00322424180163342,-0.00103109333557442,0.0264824603092274
897.380210978585,-0.00142768373926992,-0.00198875787086913,-0.000182794567624796,-0.0133974605438697,4.66617439379435e-05,0.00320147053976109,-0.00101686435185895,0.0263003302804486
903.603675927636,-0.00140943362062326,-0.00196984899435413,-0.000181099145010936,-0.0133024014364943,4.61800034426796e-05,0.00317886661475071,-0.0010028325637768,0.0261194485763005
909.870301529772,-0.00139139949908932,-0.00195116850870026,-0.000179406181636032,-0.0132080487984971,4.57008136373401e-05,0.00315642869272359,-0.000988995219882856,0.025939806743835
916.18038711053,-0.00137357926585284,-0.00193271310351702,-0.000177716158705663,-0.0131143968722076,4.52242400535805e-05,0.00313415545166839,-0.000975349607471926,0.0257613963847431
922.534234071309,-0.00135597082088705,-0.00191447951840794,-0.00017602953874443,-0.0130214399527164,4.47503449641229e-05,0.00311204558133476,-0.000961893052029248,0.0255842091550701
928.932145903777,-0.00133857207326695,-0.00189646454231466,-0.000174346766110235,-0.0129291723873945,4.42791874779412e-05,0.00309009778312717,-0.00094862291668879,0.0254082367649296
935.374428204358,-0.00132138094147049,-0.00187866501286529,-0.000172668267496958,-0.0128375885754139,4.38108236332483e-05,0.00306831076999936,-0.000935536601699131,0.0252334709782175
941.861388688833,-0.00130439535366787,-0.0018610778157271,-0.000170994452425732,-0.01274668296727,4.33453064883227e-05,0.0030466832663492,-0.000922631543896874,0.0250599036123257
948.39333720704,-0.00128761324799929,-0.0018436998839638,-0.000169325713725022,-0.0126564500643058,4.28826862102145e-05,0.00302521400791403,-0.000909905216187476,0.024887526537856
954.970585757668,-0.00127103257284128,-0.00182652819739736,-0.000167662427999697,-0.0125668844182383,4.24230101613676e-05,0.00300390174166653,-0.000897355127033395,0.0247163316783332
961.593448503166,-0.00125465128706193,-0.00180955978197467,-0.000166004956089302,-0.0124779806306867,4.19663229841958e-05,0.00298274522571114,-0.000884978819949461,0.0245463110099185
968.262241784745,-0.00123846736026528,-0.00179279170913897,-0.000164353643515718,-0.0123897333527031,4.15126666836518e-05,0.00296174322918096,-0.000872773873005382,0.0243774565611229
974.977284137491,-0.00122247877302498,-0.00177622109520628,-0.00016270882092041,-0.0123021372843052,4.10620807078238e-05,0.0029408945321353,-0.000860737898335271,0.0242097604125205
981.738896305574,-0.0012066835171076,-0.00175984510074685,-0.000161070804491446,-0.0122151871740115,4.06146020265984e-05,0.00292019792545775,-0.000848868541654122,0.0240432146964618
988.547401257578,-0.0011910795956858,-0.00174366092997178,-0.000159439896380485,-0.012128877818379,4.01702652084253e-05,0.00289965221075487,-0.000837163481781126,0.0238778115967877
995.403124201917,-0.00117566502354139,-0.0017276658301248,-0.000157816385109912,-0.0120432040615434,3.97291024952194e-05,0.00287925620025546,-0.000825620430169744,0.0237135433485425
1002.30639260238,-0.00116043782725892,-0.00171185709087939,-0.000156200545970323,-0.011958160794762,3.92911438754367e-05,0.00285900871671051,-0.000814237130444436,0.0235504022376885
1009.25753619375,-0.0011453960454095,-0.00169623204374124,-0.000154592641408521,-0.0118737429559589,3.8856417155359e-05,0.00283890859329373,-0.000803011357943975,0.0233883806008196
1016.2568869976,-0.0011305377287256,-0.00168078806145614,-0.000152992921406222,-0.0117899455292736,3.84249480286215e-05,0.00281895467350274,-0.000791940919271221,0.0232274708248763
1023.30477933808,-0.00111586094026662,-0.00166552255742337,-0.000151401623849651,-0.0117067635446119,3.79967601440191e-05,0.00279914581106095,-0.00078102365184933,0.0230676653468601
1030.40154985798,-0.00110136375557569,-0.00165043298511464,-0.000149818974890179,-0.0116241920771998,3.75718751716228e-05,0.00277948086982007,-0.000770257423484215,0.0229089566535487
1037.5475375347,-0.00108704426282788,-0.00163551683749863,-0.000148245189296225,-0.0115422262471407,3.71503128672442e-05,0.00275995872366332,-0.000759640131933289,0.0227513372812122
1044.74308369654,-0.00107290056296996,-0.0016207716464711,-0.000146680470796545,-0.0114608612189751,3.67320911352753e-05,0.00274057825640933,-0.000749169704480292,0.0225947998153281
1051.98853203895,-0.00105893076985196,-0.00160619498229085,-0.000145125012415113,-0.0113800922012435,3.63172260899428e-05,0.00272133836171672,-0.00073884409751621,0.0224393368902989
1059.28422864097,-0.00104513301035076,-0.00159178445302121,-0.000143578996797747,-0.0112999144460525,3.59057321150028e-05,0.00270223794298939,-0.000728661296126131,0.0222849411891684
1066.63052198171,-0.00103150542448589,-0.00157753770397741,-0.000142042596530656,-0.0112203232486442,3.54976219219138e-05,0.00268327591328255,-0.000718619313682018,0.0221316054433399
1074.02776295709,-0.00101804616552772,-0.00156345241717973,-0.000140515974451061,-0.0111413139469685,3.50929066065143e-05,0.0026644511952094,-0.000708716191441255,0.0219793224322938
1081.4763048965,-0.00100475340009827,-0.00154952631081239,-0.000138999283950067,-0.0110628819212583,3.46915957042397e-05,0.00264576272084864,-0.000698949998150954,0.021828084983307
1088.97650357974,-0.000991625308264806,-0.00153575713868834,-0.000137492669267924,-0.010985022593609,3.42936972439066e-05,0.00262720943165262,-0.000689318829657866,0.0216778859711719
1096.52871725401,-0.000978660083626501,-0.00152214268971985,-0.000135996265781864,-0.0109077314275603,3.38992178000967e-05,0.00260879027835626,-0.000679820808523903,0.021528718317917
1104.13330665098,-0.000965855933394155,-0.00150868078739501,-0.000134510200286636,-0.0108310039276815,3.35081625441674e-05,0.00259050422088667,-0.000670454083647106,0.0213805749925273
1111.79063500406,-0.000953211078463401,-0.00149536928926006,-0.000133034591267924,-0.0107548356391607,3.31205352939216e-05,0.00257235022827365,-0.000661216829888067,0.0212334490106662
1119.50106806575,-0.000940723753481378,-0.00148220608640761,-0.000131569549168772,-0.0106792221473968,3.27363385619616e-05,0.00255432727856071,-0.000652107247701648,0.0210873334343978
1127.26497412507,-0.000928392206907195,-0.00146918910297081,-0.000130115176649178,-0.0106041590775949,3.235557360276e-05,0.00253643435871709,-0.000643123562774003,0.0209422213719098
1135.0827240252,-0.000916214701066239,-0.00145631629562325,-0.000128671568839004,-0.0105296420943658,3.19782404584705e-05,0.00251867046455032,-0.000634264025664748,0.0207981059772378
1142.95469118117,-0.000904189512198632,-0.00144358565308494,-0.00012723881358434,-0.0104556669013277,3.16043380035113e-05,0.00250103460061969,-0.000625526911454285,0.0206549804499897
1150.8812515977,-0.000892314930501863,-0.001430995195634,-0.000125816991687464,-0.0103822292407126,3.12338639879426e-05,0.00248352578015041,-0.000616910519396132,0.0205128380350714
1158.86278388715,-0.000880589260167904,-0.00141854297462434,-0.000124406177140541,-0.0103093248929756,3.08668150796698e-05,0.0024661430249485,-0.00060841317257427,0.0203716720224137
1166.89966928762,-0.00086901081941485,-0.00140622707200911,-0.000123006437353193,-0.0102369496764072,3.05031869054958e-05,0.00244888536531651,-0.000600033217565337,0.0202314757466989
1174.99229168114,-0.00085757794051335,-0.00139404559987007,-0.000121617833374081,-0.0101650994467504,3.01429740910484e-05,0.00243175183996998,-0.000591769024105718,0.0200922425870897
1183.14103761204,-0.000846288969807889,-0.00138199669995274,-0.000120240420106624,-0.0100937700968196,2.97861702996079e-05,0.00241474149595461,-0.000583618984763339,0.0199539659669583
1191.34629630538,-0.000835142267733178,-0.00137007854320741,-0.000118874246518992,-0.0100229575561244,2.94327682698621e-05,0.00239785338856425,-0.000575581514614209,0.0198166393536164
1199.60845968555,-0.000824136208825692,-0.00135828932933591,-0.000117519355848491,-0.00995265779049593,2.90827598526084e-05,0.00238108658125966,-0.000567655050923557,0.0196802562580464
1207.92792239501,-0.000813269181730629,-0.00134662728634415,-0.000116175785800486,-0.00988286680171767,2.87361360464332e-05,0.00236444014558797,-0.000559838052831559,0.0195448102346336
1216.3050818131,-0.000802539589204311,-0.00133509067010047,-0.000114843568741952,-0.00981358062715855,2.83928870323851e-05,0.00234791316110291,-0.000552129001043541,0.0194102948808993
1224.74033807505,-0.000791945848112282,-0.00132367776389962,-0.000113522731889816,-0.00974479533941059,2.80530022076726e-05,0.00233150471528591,-0.000544526397524648,0.0192767038372348
1233.23409409112,-0.000781486389423148,-0.00131238687803251,-0.000112213297494167,-0.00967650704592937,2.77164702184016e-05,0.00231521390346776,-0.00053702876519885,0.0191440307866369
1241.78675556577,-0.000771159658198393,-0.00130121634936164,-0.000110915283016489,-0.00960871188867846,2.73832789913814e-05,0.00229903982875122,-0.000529634647652298,0.0190122694544435
1250.39873101711,-0.000760964113578194,-0.00129016454090207,-0.000109628701303002,-0.00954140604377686,2.70534157650164e-05,0.00228298160193422,-0.000522342608840892,0.0188814136080716
1259.07043179635,-0.00075089822876349,-0.00127922984140808,-0.000108353560753239,-0.0094745857211504,2.67268671193089e-05,0.00226703834143395,-0.000515151232802066,0.018751457056755
1267.80227210752,-0.00074096049099432,-0.00126841066496541,-0.000107089865483975,-0.0094082471641862,2.64036190049892e-05,0.0022512091732116,-0.000508059123370682,0.0186223936512842
1276.5946690272,-0.000731149401524637,-0.00125770545058893,-0.000105837615488593,-0.00934238664939079,2.60836567718e-05,0.0022354932306979,-0.000501064903899003,0.0184942172837463
1285.44804252445,-0.000721463475593698,-0.00124711266182596,-0.000104596806792023,-0.00927700048605171,2.57669651959498e-05,0.00221988965471935,-0.000494167216980683,0.0183669218872674
1294.36281548089,-0.000711901242394114,-0.00123663078636489,-0.00010336743160134,-0.00921208501590237,2.54535285067579e-05,0.00220439759342525,-0.000487364724178688,0.0182405014357546
1303.33941371088,-0.000702461245036754,-0.00122625833564938,-0.000102149478452124,-0.00914763661279052,2.51433304125107e-05,0.00218901620221544,-0.000480656105757144,0.0181149499436403
1312.37826598188,-0.00069314204051253,-0.00121599384449776,-0.000100942932350691,-0.00908365168234996,2.48363541255472e-05,0.00217374464366874,-0.000474040060416998,0.0179902614656269
1321.47980403488,-0.00068394219965127,-0.00120583587072797,-9.97477749122907e-05,-0.00902012666167583,2.45325823865938e-05,0.00215858208747217,-0.000467515305035489,0.0178664300964331
1330.6444626051,-0.000674860307077694,-0.00119578299478762,-9.85639844953625e-05,-0.00895705801900301,2.42319974883653e-05,0.00214352771035087,-0.000461080574409326,0.0177434499705411
1339.87267944269,-0.000665894961164688,-0.00118583381938943,-9.73915363319503e-05,-0.00889444225338826,2.39345812984517e-05,0.00212858069599876,-0.000454734621001569,0.017621315261945
1349.16489533366,-0.00065704477398391,-0.00117598696915177,-9.62304026543671e-05,-0.00883227589439522,2.36403152815075e-05,0.00211374023500985,-0.000448476214692112,0.0175000201839003
1358.52155412096,-0.000648308371253894,-0.0011662410902445,-9.50805528182003e-05,-0.00877055550178324,2.33491805207611e-05,0.00209900552481038,-0.000442304142531759,0.0173795589886748
1367.94310272563,-0.000639684392285683,-0.00115659485003975,-9.39419534217453e-05,-0.0087092776651991,2.3061157738861e-05,0.00208437576959154,-0.000436217208499798,0.0172599259673005
1377.42999116818,-0.000631171489926177,-0.00114704693676796,-9.28145684219618e-05,-0.00864843900387228,2.27762273180764e-05,0.002069850180243,-0.000430214233265073,0.0171411154493269
1386.98267259009,-0.000622768330499188,-0.00113759605917883,-9.16983592470252e-05,-0.00858803616631332,2.24943693198667e-05,0.00205542797428706,-0.000424294053950445,0.0170231218025747
1396.60160327544,-0.000614473593744401,-0.00112824094620722,-9.05932849055722e-05,-0.00852806583001565,2.22155635038378e-05,0.00204110837581356,-0.000418455523900659,0.016905939432892
1406.2872426727,-0.00060628597275424,-0.00111898034664413,-8.94993020927101e-05,-0.00846852470116028,2.19397893460987e-05,0.00202689061541539,-0.000412697512453495,0.0167895627839107
1416.04005341668,-0.000598204173908801,-0.00110981302881238,-8.84163652928809e-05,-0.00840940951432413,2.16670260570372e-05,0.00201277393012481,-0.000407018904714233,0.0166739863368045
1425.86050135065,-0.000590226916808882,-0.00110073778024723,-8.73444268796461e-05,-0.00835071703219114,2.13972525985235e-05,0.00199875756335031,-0.000401418601333306,0.0165592046100475
1435.74905554856,-0.00058235293420724,-0.00109175340738179,-8.62834372124852e-05,-0.00829244404526686,2.11304477005645e-05,0.00198484076481429,-0.000395895518287169,0.0164452121591755
1445.70618833745,-0.000574580971938119,-0.00108285873523708,-8.52333447306667e-05,-0.00823458737159589,2.08665898774147e-05,0.00197102279049122,-0.000390448586662271,0.0163320035765466
1455.73237532004,-0.000566909788845166,-0.00107405260711683,-8.41940960442809e-05,-0.00817714385648266,2.06056574431647e-05,0.00195730290254669,-0.000385076752442145,0.0162195734911046
1465.8280953974,-0.000559338156707771,-0.00106533388430694,-8.31656360224919e-05,-0.00812011037221511,2.03476285268164e-05,0.00194368036927693,-0.000379778976297517,0.0161079165681425
1475.99383079187,-0.00055186486016596,-0.00105670144577942,-8.21479078790941e-05,-0.00806348381779161,2.00924810868607e-05,0.00193015446504907,-0.000374554233379436,0.0159970275090682
1486.23006707006,-0.000544488696643851,-0.00104815418790097,-8.11408532554291e-05,-0.00800726111865069,1.98401929253694e-05,0.00191672447024203,-0.000369401513115341,0.0158869010511703
1496.53729316606,-0.000537208476271814,-0.00103969102414597,-8.01444123007411e-05,-0.00795143922640404,1.95907417016152e-05,0.00190338967118806,-0.000364319819008066,0.0157775319673865
1506.9160014048,-0.000530023021807342,-0.00103131088481393,-7.91585237500285e-05,-0.00789601511857224,1.9344104945232e-05,0.0018901493601149,-0.00035930816843769,0.0156689150660717
1517.36668752555,-0.000522931168554753,-0.00102301271675127,-7.81831249994646e-05,-0.00784098579832363,1.91002600689271e-05,0.00187700283508857,-0.000354365592466245,0.0155610451907686
1527.88985070559,-0.000515931764283744,-0.00101479548307752,-7.72181521794416e-05,-0.007786348294216,1.88591843807585e-05,0.0018639493999568,-0.000349491135645189,0.015453917219979
1538.4859935841,-0.000509023669146913,-0.00100665816291566,-7.62635402253102e-05,-0.00773209965994129,1.86208550959876e-05,0.00185098836429308,-0.000344683855825646,0.0153475260669364
1549.15562228612,-0.000502205755596246,-0.000998599751126812,-7.53192229458627e-05,-0.007678236974073,1.83852493485195e-05,0.00183811904334129,-0.000339942823971341,0.0152418666793793
1559.89924644673,-0.000495476908298709,-0.000990619258049023,-7.43851330896329e-05,-0.00762475733981668,1.81523442019433e-05,0.00182534075796098,-0.000335267123974221,0.015136934039327
1570.71737923542,-0.000488836024050918,-0.000982715709240184,-7.34612024090566e-05,-0.00757165788476302,1.79221166601799e-05,0.00181265283457322,-0.00033065585247269,0.0150327231628553
1581.61053738059,-0.000482282011693033,-0.000974888145225043,-7.25473617225608e-05,-0.00751893576064391,1.76945436777519e-05,0.00180005460510708,-0.000326108118672453,0.0149292290998744
1592.57924119422,-0.000475813792021843,-0.000967135621246193,-7.16435409746282e-05,-0.00746658814309111,1.74696021696836e-05,0.00178754540694662,-0.000321623044169899,0.0148264469339069
1603.62401459674,-0.000469430297703186,-0.000959457207019074,-7.07496692938977e-05,-0.00741461223139787,1.72472690210418e-05,0.00177512458287859,-0.000317199762778022,0.014724371781869
1614.74538514202,-0.000463130473183669,-0.000951851986490845,-6.98656750493454e-05,-0.00736300524828304,1.70275210961274e-05,0.00176279148104062,-0.000312837420354806,0.0146229987938503
1625.94388404263,-0.000456913274601821,-0.000944319057603162,-6.89914859046092e-05,-0.00731176443965807,1.68103352473284e-05,0.00175054545486998,-0.000308535174634071,0.0145223231528973
1637.22004619516,-0.000450777669698651,-0.000936857532058733,-6.81270288704927e-05,-0.00726088707439647,1.65956883236415e-05,0.00173838586305292,-0.000304292195058715,0.0144223400747964
1648.57441020578,-0.000444722637727735,-0.000929466535091671,-6.72722303557122e-05,-0.00721037044410615,1.63835571788744e-05,0.00172631206947464,-0.000300107662616347,0.014323044807859
1660.00751841599,-0.000438747169364807,-0.000922145205241533,-6.64270162159227e-05,-0.00716021186290408,1.61739186795358e-05,0.0017143234431697,-0.000295980769677246,0.0142244326327078
1671.51991692849,-0.000432850266616964,-0.00091489269413105,-6.55913118010772e-05,-0.00711040866719386,1.59667497124225e-05,0.00170241935827304,-0.000291910719834649,0.0141264988620637
1683.11215563331,-0.000427030942731469,-0.000907708166247443,-6.4765042001162e-05,-0.00706095821544546,1.57620271919123e-05,0.00169059919397156,-0.000287896727747281,0.0140292388405344
1694.78478823403,-0.000421288222104251,-0.000900590798727337,-6.39481312903526e-05,-0.00701185788797789,1.55597280669715e-05,0.0016788623344562,-0.000283938018984162,0.0139326479444046
1706.53837227424,-0.000415621140188088,-0.000893539781145162,-6.31405037696338e-05,-0.006963105086744,1.5359829327884e-05,0.00166720816887458,-0.000280033829871594,0.0138367215814265
1718.37346916419,-0.000410028743400573,-0.000886554315305046,-6.23420832079294e-05,-0.00691469723511807,1.51623080127118e-05,0.00165563609128412,-0.000276183407342343,0.0137414551906122
1730.2906442076,-0.000404510089031829,-0.000879633615036107,-6.15527930817762e-05,-0.00686663177768557,1.49671412134924e-05,0.00164414550060575,-0.000272386008786951,0.0136468442420268
1742.29046662864,-0.00039906424515209,-0.000872776905991141,-6.07725566135917e-05,-0.00681890618003557,1.4774306082183e-05,0.0016327358005781,-0.000268640901907183,0.0135528842365836
1754.37350959913,-0.000393690290519116,-0.000865983425448611,-6.00012968085662e-05,-0.00677151792855533,1.45837798363574e-05,0.00162140639971216,-0.000264947364571532,0.0134595707058394
1766.54035026596,-0.000388387314485512,-0.000859252422117925,-5.92389364902249e-05,-0.00672446453022744,1.43955397646633e-05,0.00161015671124651,-0.000261304684672796,0.0133668992117916
1778.79156977856,-0.000383154416905992,-0.000852583155947953,-5.84853983346938e-05,-0.00667774351242921,1.42095632320477e-05,0.00159898615310303,-0.000257712159987677,0.0132748653466767
1791.12775331676,-0.000377990708044577,-0.000845974897938701,-5.77406049037053e-05,-0.00663135242273431,1.40258276847555e-05,0.00158789414784305,-0.00025416909803836,0.0131834647327691
1803.54949011869,-0.000372895308481821,-0.000839426929956157,-5.70044786763842e-05,-0.00658528882871688,1.38443106551107e-05,0.00157688012262408,-0.000250674815956079,0.0130926930221825
1816.05737350894,-0.000367867349022029,-0.000832938544550192,-5.62769420798416e-05,-0.00653955031775763,1.36649897660835e-05,0.00156594350915693,-0.0002472286403466,0.0130025458966711
1828.65200092687,-0.000362905970600557,-0.000826509044775547,-5.55579175186197e-05,-0.00649413449685248,1.34878427356533e-05,0.00155508374366335,-0.000243829907157629,0.0129130190674328
1841.33397395519,-0.000358010324191171,-0.000820137744015782,-5.48473274030099e-05,-0.00644903899242312,1.33128473809698e-05,0.00154430026683416,-0.000240477961548088,0.0128241082749133
1854.10389834867,-0.000353179570713538,-0.000813823965810217,-5.41450941762889e-05,-0.00640426145013,1.31399816223226e-05,0.0015335925237878,-0.000237172157759259,0.0127358092886115
1866.9623840631,-0.000348412880940823,-0.000807567043683758,-5.34511403408913e-05,-0.00635979953468721,1.29692234869212e-05,0.00152295996402936,-0.000233911858987741,0.012648117906886
1879.91004528435,-0.000343709435407484,-0.000801366320979613,-5.27653884835631e-05,-0.00631565092967982,1.28005511124938e-05,0.00151240204141007,-0.000230696437260223,0.0125610299567628
1892.94750045783,-0.00033906842431721,-0.000795221150694815,-5.20877612995116e-05,-0.00627181333738294,1.26339427507092e-05,0.00150191821408724,-0.000227525273310016,0.012474541293744
1906.0753723179,-0.000334489047451107,-0.000789130895318552,-5.14181816155951e-05,-0.00622828447858325,1.24693767704286e-05,0.00149150794448461,-0.000224397756455353,0.0123886478016181
1919.29428791772,-0.000329970514076085,-0.000783094926673207,-5.07565724125688e-05,-0.00618506209240223,1.23068316607901e-05,0.0014811706992532,-0.000221313284479395,0.012303345392271
1932.60487865912,-0.000325512042853513,-0.000777112625758132,-5.01028568464241e-05,-0.00614214393612174,1.21462860341345e-05,0.00147090594923253,-0.00021827126351195,0.0122186300054984
1946.00778032282,-0.00032111286174814,-0.000771183382596043,-4.94569582688406e-05,-0.00609952778501129,1.19877186287739e-05,0.00146071316941232,-0.000215271107912858,0.012134497608819
1959.50363309877,-0.000316772207937317,-0.000765306596082064,-4.88188002467845e-05,-0.00605721143215759,1.18311083116114e-05,0.00145059183889457,-0.000212312240157033,0.0120509441972897
1973.09308161673,-0.000312489327720519,-0.000759481673835321,-4.81883065812716e-05,-0.00601519268829581,1.16764340806136e-05,0.00144054144085607,-0.000209394090721126,0.0119679657933209
1986.77677497706,-0.000308263476429213,-0.000753708032053089,-4.7565401325327e-05,-0.00597346938164297,1.15236750671431e-05,0.00143056146251137,-0.000206516097971798,0.0118855584464936
2000.55536678172,-0.000304093918337053,-0.000747985095367422,-4.69500088011597e-05,-0.00593203935773308,1.13728105381534e-05,0.00142065139507608,-0.000203677708055566,0.0118037182333772
2014.42951516552,-0.000299979926570468,-0.000742312296704254,-4.6342053616581e-05,-0.0058909004792543,1.12238198982526e-05,0.00141081073373061,-0.000200878374790214,0.0117224412573494
2028.39988282751,-0.000295920783019602,-0.000736689077144897,-4.57414606806857e-05,-0.00585005062588778,1.10766826916383e-05,0.00140103897758433,-0.000198117559557732,0.0116417236484153
2042.46713706267,-0.000291915778249672,-0.000731114885789946,-4.51481552188221e-05,-0.00580948769414863,1.093137860391e-05,0.00139133562964011,-0.000195394731198775,0.01156156156303
2056.63194979376,-0.000287964211412727,-0.000725589179625494,-4.45620627868686e-05,-0.00576920959722838,1.07878874637601e-05,0.0013817001967592,-0.000192709365908602,0.0114819511839204
2070.89499760343,-0.000284065390159836,-0.000720111423391683,-4.3983109284844e-05,-0.00572921426483947,1.06461892445512e-05,0.00137213218962658,-0.000190060947134505,0.0114028887199092
2085.25696176653,-0.00028021863055371,-0.000714681089453491,-4.34112209698647e-05,-0.00568949964306138,1.05062640657802e-05,0.00136263112271661,-0.00018744896547466,0.0113243704057392
2099.71852828265,-0.000276423256981784,-0.000709297657673783,-4.28463244684781e-05,-0.00565006369418863,1.03680921944348e-05,0.0013531965142591,-0.00018487291857843,0.0112463925018997
2114.2803879089,-0.000272678602069754,-0.000703960615288522,-4.22883467883823e-05,-0.00561090439658034,1.02316540462454e-05,0.00134382788620575,-0.000182332311048059,0.0111689512944533
2128.94323619287,-0.000268984006595597,-0.000698669456784171,-4.17372153295601e-05,-0.00557201974451167,1.00969301868367e-05,0.00133452476419694,-0.000179826654341763,0.0110920430948634
2143.7077735059,-0.000265338819404069,-0.000693423683777193,-4.11928578948383e-05,-0.0055334077480268,9.96390133278075e-06,0.00132528667752885,-0.000177355466678177,0.0110156642398242
2158.57470507649,-0.000261742397321711,-0.000688222804895664,-4.06552026998976e-05,-0.00549506643279371,9.83254835255727e-06,0.00131611315912103,-0.000174918272942168,0.0109398110910901
2173.54474102402,-0.000258194105072349,-0.000683066335662916,-4.01241783827437e-05,-0.00545699383996043,9.70285226742174e-06,0.00130700374548422,-0.000172514604591951,0.0108644800353075
2188.61859639264,-0.000254693315193123,-0.000677953798383228,-3.95997140126631e-05,-0.00541918802601313,9.57479425218703e-06,0.00129795797668856,-0.000170143999567541,0.0107896674838467
2203.79699118545,-0.000251239407951029,-0.00067288472202948,-3.90817390986757e-05,-0.00538164706263556,9.4483556359196e-06,0.00128897539633217,-0.000167806002200467,0.0107153698726358
2219.08065039887,-0.000247831771260008,-0.000667858642132785,-3.85701835975035e-05,-0.00534436903657031,9.32351790255469e-06,0.00128005555151003,-0.000165500163124788,0.0106415836619948
2234.47030405729,-0.000244469800598559,-0.000662875100674024,-3.80649779210685e-05,-0.00530735204948144,9.20026269143233e-06,0.0012711979927832,-0.000163226039189334,0.0105683053364711
2249.9666872479,-0.000241152898927924,-0.000657933645977293,-3.75660529435395e-05,-0.00527059421781879,9.07857179775802e-06,0.00126240227414839,-0.000160983193371205,0.0104955314046765
2265.57054015586,-0.000237880476610802,-0.000653033832605185,-3.70733400079357e-05,-0.00523409367268367,8.9584271729898e-06,0.00125366795300782,-0.000158771194690469,0.0104232583991243
2281.28260809959,-0.00023465195133065,-0.000648175221255923,-3.65867709323103e-05,-0.00519784855969622,8.83981092515528e-06,0.00124499459013948,-0.000156589618126081,0.0103514828760682
2297.10364156645,-0.000231466748011534,-0.000643357378662276,-3.61062780155213e-05,-0.00516185703886405,8.72270531910052e-06,0.0012363817496676,-0.000154438044532963,0.010280201415342
2313.0343962485,-0.00022832429873857,-0.000638579877492252,-3.56317940426064e-05,-0.00512611728445257,8.60709277667399e-06,0.00122782899903352,-0.000152316060560269,0.0102094106202002
2329.07563307866,-0.000225224042678929,-0.000633842296251521,-3.5163252289775e-05,-0.00509062748485655,8.4929558768471e-06,0.00121933590896682,-0.000150223258570785,0.0101391071171599
2345.22811826701,-0.00022216542600344,-0.000629144219187554,-3.47005865290309e-05,-0.00505538584247324,8.38027735577478e-06,0.00121090205345683,-0.000148159236561475,0.0100692875558435
2361.49262333744,-0.00021914790180877,-0.000624485236195431,-3.42437310324354e-05,-0.00502039057357685,8.26904010679753e-06,0.00120252700972431,-0.000146123598085135,0.00999994860882236
2377.86992516445,-0.000216170930040215,-0.000619864942725318,-3.37926205760284e-05,-0.00498563990819441,8.15922718038767e-06,0.00119421035819358,-0.000144115952173148,0.00993108697146171
2394.36080601029,-0.00021323397741506,-0.000615282939691542,-3.33471904434134e-05,-0.00495113208998302,8.05082178404169e-06,0.00118595168246483,-0.00014213591325933,0.00986269936176637
2410.96605356231,-0.000210336517346572,-0.000610738833383288,-3.29073764290233e-05,-0.00491686537610846,7.94380728212114e-06,0.00117775056928679,-0.000140183101104844,0.00979478252022762
2427.6864609706,-0.00020747802986857,-0.000606232235376842,-3.24731148410737e-05,-0.00488283803712508,7.83816719564369e-06,0.00116960660852967,-0.00013825714072416,0.00972733320967082
2444.52282688584,-0.000204658001560619,-0.000601762762449392,-3.20443425042198e-05,-0.00484904835685709,7.73388520202679e-06,0.00116151939315834,-0.000136357662312068,0.00966034821510434
2461.4759554975,-0.000201875925473821,-0.000597330036494326,-3.16209967619214e-05,-0.00481549463228109,7.63094513478538e-06,0.00115348851920588,-0.000134484301171705,0.00959382434356916
2478.54665657221,-0.000199131301057228,-0.000592933684438038,-3.1203015478532e-05,-0.00478217517340988,7.529330983186e-06,0.00114551358574733,-0.000132636697643598,0.00952775842398962
2495.73574549243,-0.00019642363408486,-0.000588573338158186,-3.07903370411187e-05,-0.0047490883031776,7.42902689185888e-06,0.00113759419487373,-0.000130814497035698,0.00946214730702522
2513.04404329547,-0.000193752436583341,-0.000584248634403385,-3.03829003610238e-05,-0.00471623235732604,7.33001716036957e-06,0.00112972995166646,-0.000129017349554397,0.00939698786492309
2530.47237671259,-0.000191117226760153,-0.000579959214714325,-2.99806448751772e-05,-0.00468360568429227,7.23228624275246e-06,0.00112192046417184,-0.000127244910236515,0.0093322769913718
2548.02157820863,-0.000188517528932502,-0.00057570472534626,-2.95835105471691e-05,-0.00465120664509738,7.13581874700685e-06,0.00111416534337595,-0.000125496838882235,0.00926801160135572
2565.69248602162,-0.000185952873456814,-0.000571484817192882,-2.91914378680921e-05,-0.00461903361323654,7.04059943455845e-06,0.00110646420317976,-0.000123772799988987,0.00920418863101073
2583.48594420295,-0.000183422796658832,-0.000567299145711514,-2.88043678571604e-05,-0.00458708497457015,6.94661321968645e-06,0.0010988166603745,-0.000122072462686243,0.00914080503748055
2601.4028026576,-0.000180926840764351,-0.000563147370849643,-2.84222420621161e-05,-0.00455535912721626,6.85384516891906e-06,0.00109122233461726,-0.000120395500671245,0.00907785779877424
2619.4439171848,-0.000178464553830557,-0.00055902915697272,-2.80450025594291e-05,-0.004523854481444,6.76228050039782e-06,0.00108368084840692,-0.000118741592145617,0.00901534391362442
2637.61014951883,-0.000176035489678001,-0.000554944172793265,-2.76725919543001e-05,-0.00449256945956834,6.67190458321287e-06,0.00107619182706019,-0.000117110419752873,0.00895326040134668
2655.90236737027,-0.000173639207823174,-0.000550892091301182,-2.73049533804725e-05,-0.00446150249584581,6.58270293671022e-06,0.00106875489868806,-0.000115501670516799,0.00889160430169963
2674.32144446737,-0.00017127527341172,-0.000546872589695342,-2.69420304998634e-05,-0.00443065203637142,6.4946612297724e-06,0.00106136969417234,-0.000113915035780693,0.00883037267474612
2692.86826059784,-0.000168943257152254,-0.000542885349316335,-2.65837675020172e-05,-0.00440001653897667,6.40776528007376e-06,0.00105403584714254,-0.000112350211147463,0.00876956260071515
2711.54370165082,-0.000166642735250801,-0.000538930055580436,-2.62301091033938e-05,-0.00436959447312862,6.32200105331187e-06,0.00104675299395296,-0.000110806896420557,0.00870917117986493
2730.34865965925,-0.000164373289345852,-0.000535006397914715,-2.58810005464919e-05,-0.00433938431983004,6.23735466241575e-06,0.00103952077365995,-0.000109284795545717,0.00864919553234653
2749.28403284242,-0.00016213450644404,-0.0005311140696933,-2.55363875988213e-05,-0.00430938457152062,6.15381236673289e-06,0.00103233882799953,-0.000107783616553561,0.00858963279806884
2768.35072564895,-0.000159925978856417,-0.000527252768174758,-2.51962165517231e-05,-0.00427959373197922,6.0713605711952e-06,0.0010252068013651,-0.000106303071502947,0.00853048013656392
2787.54964879989,-0.00015774730413536,-0.000523422194440582,-2.48604342190505e-05,-0.00425001031622715,5.98998582546594e-06,0.00101812434078545,-0.000104842876425152,0.00847173472685377
2806.88171933232,-0.000155598085012073,-0.000519622053334759,-2.45289879357126e-05,-0.00422063285043244,5.90967482306796e-06,0.00101109109590298,-0.000103402751268808,0.00841339376731749
2826.34786064308,-0.000153477929334711,-0.00051585205340441,-2.4201825556087e-05,-0.0041914598718152,5.83041440049485e-06,0.00100410671895216,-0.000101982419845628,0.00835545447555972
2845.94900253294,-0.000151386450007095,-0.000512111906841454,-2.3878895452309e-05,-0.00416248992855381,5.75219153630546e-06,0.000997170864738097,-0.000100581609776876,0.00829791408827963
2865.68608125093,-0.000149323264928052,-0.000508401329425334,-2.35601465124415e-05,-0.00413372157969225,5.67499335020329e-06,0.000990283190615502,-9.9200052440593e-05,0.00824076986114105
2885.56003953913,-0.00014728799693134,-0.000504720040466708,-2.32455281385298e-05,-0.00410515339504831,5.59880710210106e-06,0.000983443356467682,-9.7837482919552e-05,0.00818401906864323
2905.57182667768,-0.000145280273726185,-0.000501067762752174,-2.293499024455e-05,-0.00407678395512278,5.52362019117225e-06,0.000976651024685865,-9.6493639949951e-05,0.00812765900399263
2925.72239853012,-0.000143299727838409,-0.000497444222489932,-2.26284832542508e-05,-0.00404861185100951,5.4494201548892e-06,0.000969905860148659,-9.51682658708101e-05,0.00807168697897541
2946.01271758903,-0.000141345996552158,-0.000493849149256424,-2.23259580989e-05,-0.00402063568430654,5.37619466805013e-06,0.000963207530201764,-9.38611065740848e-05,0.00801610032383096
2966.44375302203,-0.000139418721852221,-0.000490282275943899,-2.20273662149331e-05,-0.00399285406702798,5.30393154179449e-06,0.000956555704637836,-9.25719114554676e-05,0.00796089638712599
2987.01648071805,-0.000137517550366938,-0.000486743338708909,-2.17326595415154e-05,-0.00396526562151695,5.2326187226085e-06,0.000949950055676597,-9.13004333658826e-05,0.00790607253562982
3007.73188333398,-0.000135642133311697,-0.000483232076921701,-2.14417905180169e-05,-0.00393786898035925,5.16224429132074e-06,0.000943390257945098,-9.0046428563651e-05,0.00785162615419011
3028.59095034155,-0.000133792126433017,-0.000479748233116507,-2.11547120814075e-05,-0.00391066278629811,5.09279646208949e-06,0.000936875988458206,-8.8809656667329e-05,0.00779755464560975
3049.59467807464,-0.000131967189953205,-0.000476291552942694,-2.0871377663574e-05,-0.00388364569214957,5.02426358138148e-06,0.000930406926599261,-8.75898806091982e-05,0.00774385543052433
3070.74406977686,-0.000130166988515602,-0.000472861785116786,-2.05917411885657e-05,-0.00385681636071895,4.9566341269437e-06,0.000923982754100937,-8.63868665894092e-05,0.00769052594728058
3092.04013564946,-0.000128391191130392,-0.000469458681375315,-2.03157570697699e-05,-0.003830173464718,4.88989670676807e-06,0.000917603155026275,-8.52003840307602e-05,0.00763756365181554
3113.48389289956,-0.000126639471120992,-0.000466081996428504,-2.00433802070228e-05,-0.00380371568668302,4.82404005805049e-06,0.000911267815749914,-8.40302055341095e-05,0.00758496601753657
3135.07636578881,-0.000124911506071006,-0.000462731487914759,-1.97745659836578e-05,-0.00377744171889364,4.75905304614391e-06,0.000904976424939484,-8.28761068344054e-05,0.00753273053520211
3156.8185856822,-0.000123206977771746,-0.000459406916355962,-1.95092702634973e-05,-0.00375135026329264,4.69492466350697e-06,0.000898728673537207,-8.17378667573335e-05,0.00748085471280337
3178.71159109747,-0.000121525572170307,-0.000456108045113539,-1.92474493877874e-05,-0.0037254400314063,4.63164402864788e-06,0.000892524254741641,-8.06152671765621e-05,0.00742933607544657
3200.75642775457,-0.000119866979318215,-0.000452834640345306,-1.89890601720831e-05,-0.00369970974426586,4.56920038506505e-06,0.00088636286398963,-7.95080929715889e-05,0.00737817216523627
3222.9541486257,-0.000118230893320611,-0.000449586470963056,-1.87340599030839e-05,-0.00367415813232946,4.50758310018391e-06,0.000880244198938403,-7.84161319861691e-05,0.00732736054115918
3245.30581398558,-0.000116617012285998,-0.000446363308590901,-1.84824063354247e-05,-0.00364878393540511,4.44678166429147e-06,0.000874167959447867,-7.73391749873276e-05,0.00727689877896903
3267.81249146208,-0.000115025038276534,-0.000443164927524331,-1.82340576884234e-05,-0.00362358590257421,4.38678568946833e-06,0.000868133847563038,-7.62770156249367e-05,0.00722678447107191
3290.47525608724,-0.000113454677258859,-0.00043999110468999,-1.79889726427902e-05,-0.00359856279211605,4.32758490851918e-06,0.000862141567496677,-7.52294503918607e-05,0.00717701522641271
3313.29519034861,-0.000111905639055473,-0.000436841619606154,-1.7747110337299e-05,-0.00357371337143281,4.26916917390172e-06,0.000856190825612051,-7.41962785846512e-05,0.00712758867036199
3336.27338424092,-0.00011037763729664,-0.000433716254343896,-1.75084303654254e-05,-0.00354903641697555,4.21152845665488e-06,0.000850281330405895,-7.31773022647935e-05,0.00707850244460391
3359.41093531822,-0.000108870389372831,-0.000430614793488928,-1.72728927719522e-05,-0.00352453071417068,4.15465284532657e-06,0.000844412792491498,-7.21723262204867e-05,0.00702975420702462
3382.70894874623,-0.000107383616387686,-0.000427537024104105,-1.70404580495468e-05,-0.00350019505734742,4.09853254490134e-06,0.000838584924581984,-7.11811579289617e-05,0.0069813416316017
3406.16853735517,-0.000105917043111509,-0.000424482735692579,-1.68110871353113e-05,-0.00347602824966566,4.04315787572831e-06,0.000832797441473715,-7.02036075193168e-05,0.00693326240829406
3429.7908216929,-0.000104470397935277,-0.000421451720161599,-1.65847414073081e-05,-0.00345202910304484,3.98851927245e-06,0.000827050060029883,-6.92394877358758e-05,0.00688551424293281
3453.57693007845,-0.000103043412825164,-0.000418443771786929,-1.63613826810637e-05,-0.00342819643809328,3.93460728293202e-06,0.000821342499164223,-6.82886139020503e-05,0.00683809485711269
3477.5279986559,-0.000101635823277582,-0.000415458687177892,-1.61409732060516e-05,-0.0034045290840383,3.8814125671943e-06,0.000815674479824905,-6.73508038847084e-05,0.00679100198808432
3501.64517144866,-0.000100247368274723,-0.000412496265243014,-1.59234756621585e-05,-0.00338102587865702,3.82892589634407e-06,0.000810045724978565,-6.6425878059037e-05,0.00674423338864719
3525.92960041413,-9.8877790240609e-05,-0.000409556307156259,-1.57088531561333e-05,-0.0033576856682078,3.77713815151076e-06,0.000804455959594468,-6.55136592738906e-05,0.00669778682704326
3550.38244549867,-9.75268349976392e-05,-0.00040663861632386,-1.54970692180223e-05,-0.00333450730736238,3.72604032278345e-06,0.000798904910628855,-6.46139728176258e-05,0.00665166008685147
3575.00487469309,-9.61942517236336e-05,-0.000403742998351704,-1.52880877975928e-05,-0.00331148965913855,3.67562350815081e-06,0.000793392307009392,-6.37266463844049e-05,0.0066058509668827
3599.79806408833,-9.48797929093685e-05,-0.000400869261013297,-1.50818732607453e-05,-0.00328863159483368,3.62587891244412e-06,0.000787917879619798,-6.28515100409731e-05,0.0065603572810757
3624.76319793175,-9.3583214316595e-05,-0.00039801721421827,-1.48783903859174e-05,-0.00326593199395868,3.57679784628329e-06,0.000782481361284584,-6.1988396193892e-05,0.00651517685839351
3649.9014686836,-9.23042749365468e-05,-0.00039518666998143,-1.46776043604808e-05,-0.00324338974417268,3.52837172502659e-06,0.000777082486753962,-6.11371395572325e-05,0.00647030754272074
3675.21407707406,-9.1042736948919e-05,-0.000392377442392341,-1.44794807771323e-05,-0.00322100374121836,3.48059206772379e-06,0.000771720992688859,-6.02975771207122e-05,0.00642574719276141
3700.7022321605,-8.97983656813296e-05,-0.000389589347585437,-1.42839856302814e-05,-0.00319877288885781,3.43345049607349e-06,0.000766396617646102,-5.94695481182792e-05,0.00638149368193758
3726.36715138533,-8.85709295692433e-05,-0.000386822203710627,-1.40910853124346e-05,-0.00317669609880905,3.38693873338438e-06,0.000761109102063704,-5.86528939971274e-05,0.00633754489828857
3752.21006063407,-8.7360200116369e-05,-0.000384075830904431,-1.39007466105794e-05,-0.00315477229068319,3.34104860354105e-06,0.000755858188246314,-5.78474583871463e-05,0.00629389874437103
3778.23219429398,-8.6165951855512e-05,-0.000381350051261581,-1.3712936702568e-05,-0.00313300039192203,3.29577202997417e-06,0.00075064362035077,-5.70530870707908e-05,0.00625055313715937
3804.43479531291,-8.49879623098914e-05,-0.000378644688807133,-1.35276231535027e-05,-0.00311137933773646,3.25110103463564e-06,0.000745465144371816,-5.62696279533725e-05,0.0062075060079473
3830.81911525882,-8.38260119549038e-05,-0.000375959569469033,-1.33447739121244e-05,-0.00308990807104523,3.20702773697845e-06,0.000740322508127906,-5.54969310337595e-05,0.00616475530224955
3857.3864143794,-8.26798841803432e-05,-0.000373294521051173,-1.31643573072045e-05,-0.00306858554241445,3.16354435294185e-06,0.000735215461247179,-5.47348483754863e-05,0.00612229897970472
3884.13796166242,-8.15493652530599e-05,-0.000370649373206881,-1.29863420439426e-05,-0.00304741070999753,3.12064319394167e-06,0.000730143755153523,-5.39832340782607e-05,0.00608013501397838
3911.07503489621,-8.04342442800668e-05,-0.000368023957412883,-1.28106972003699e-05,-0.00302638253947579,3.07831666586614e-06,0.000725107143052791,-5.32419442498699e-05,0.00603826139266716
3938.19892073078,-7.93343131720763e-05,-0.000365418106943694,-1.26373922237602e-05,-0.0030055000039995,3.03655726807721e-06,0.000720105379919119,-5.25108369784711e-05,0.00599667611720321
3965.51091473924,-7.82493666074761e-05,-0.000362831656846452,-1.24663969270495e-05,-0.00298476208412963,2.99535759241777e-06,0.000715138222481383,-5.17897723052716e-05,0.00595537720275955
3993.0123214797,-7.7179201996728e-05,-0.000360264443916168,-1.22976814852644e-05,-0.00296416776777991,2.95471032222444e-06,0.000710205429209762,-5.1078612197583e-05,0.00591436267815585
4020.70445455755,-7.61236194471962e-05,-0.000357716306671405,-1.21312164319609e-05,-0.00294371605015965,2.91460823134671e-06,0.000705306760302434,-5.0377220522252e-05,0.005873630585765
4048.58863668828,-7.50824217283918e-05,-0.000355187085330361,-1.19669726556742e-05,-0.00292340593371694,2.87504418317179e-06,0.000700441977672373,-4.96854630194574e-05,0.00583317898142025
4076.66619976054,-7.40554142376372e-05,-0.000352676621787358,-1.18049213963814e-05,-0.00290323642808243,2.83601112965601e-06,0.00069561084493428,-4.9003207276872e-05,0.00579300593432295
4104.93848489989,-7.30424049661394e-05,-0.000350184759589725,-1.16450342419752e-05,-0.00288320655001356,2.79750211036229e-06,0.000690813127391613,-4.83303227041799e-05,0.00575310952695099
4133.40684253274,-7.20432044654746e-05,-0.00034771134391507,-1.14872831247531e-05,-0.00286331532333943,2.75951025150426e-06,0.000686048592023749,-4.76666805079504e-05,0.0057134878549678
4162.07263245095,-7.1057625814473e-05,-0.000345256221548937,-1.13316403179192e-05,-0.00284356177890599,2.72202876499657e-06,0.000681317007473233,-4.70121536668556e-05,0.00567413902713197
4190.93722387671,-7.00854845865087e-05,-0.000342819240862833,-1.11780784321027e-05,-0.00282394495452191,2.6850509475122e-06,0.000676618144033169,-4.6366616907236e-05,0.00563506116520756
4220.00199552799,-6.91265988171795e-05,-0.00034040025179262,-1.10265704118903e-05,-0.00280446389490475,2.64857017954606e-06,0.000671951773634692,-4.57299466789995e-05,0.00559625240387487
4249.26833568435,-6.81807889723843e-05,-0.00033799910581728,-1.08770895323762e-05,-0.00278511765162781,2.61257992448565e-06,0.000667317669834574,-4.51020211318589e-05,0.00555771089064199
4278.73764225332,-6.72478779167838e-05,-0.000335615655938022,-1.07296093957289e-05,-0.0027659052830673,2.57707372768829e-06,0.000662715607802913,-4.44827200918941e-05,0.00551943478575678
4308.41132283705,-6.63276908826493e-05,-0.000333249756657739,-1.05841039277747e-05,-0.0027468258543501,2.54204521556547e-06,0.000658145364310954,-4.38719250384426e-05,0.0054814222621196
4338.2907947997,-6.54200554390867e-05,-0.000330901263960813,-1.04405473745999e-05,-0.00272787843730184,2.50748809467391e-06,0.000653606717718995,-4.32695190813066e-05,0.00544367150519651
4368.37748533501,-6.45248014616421e-05,-0.000328570035293251,-1.02989142991721e-05,-0.00270906211039567,2.47339615081388e-06,0.000649099447964409,-4.26753869382782e-05,0.00540618071293316
4398.67283153455,-6.36417611022736e-05,-0.000326255929543145,-1.01591795779788e-05,-0.00269037595870122,2.43976324813429e-06,0.000644623336549758,-4.20894149129733e-05,0.00536894809566917
4429.17828045629,-6.2770768759697e-05,-0.000323958807021465,-1.00213183976877e-05,-0.00267181907383426,2.40658332824513e-06,0.000640178166531029,-4.15114908729745e-05,0.00533197187605319
4459.89528919383,-6.19116610500905e-05,-0.000321678529443163,-9.88530625182536e-06,-0.0026533905539066,2.37385040933686e-06,0.000635763722505945,-4.09415042282746e-05,0.00529525028895839
4490.82532494586,-6.10642767781648e-05,-0.000319414959908589,-9.75111893747699e-06,-0.00263508950347659,2.34155858530711e-06,0.000631379790602397,-4.03793459100195e-05,0.00525878158139875
4521.96986508636,-6.02284569085852e-05,-0.000317167962885212,-9.61873255200683e-06,-0.00261691503349997,2.30970202489441e-06,0.000627026158466961,-3.98249083495443e-05,0.00522256401244567
4553.33039723509,-5.94040445377507e-05,-0.000314937404189649,-9.48812348979987e-06,-0.00259886626128115,2.27827497081945e-06,0.000622702615253525,-3.92780854577003e-05,0.00518659585314536
4584.90841932869,-5.85908848659185e-05,-0.000312723150969973,-9.35926843902467e-06,-0.002580942310425,2.24727173893323e-06,0.000618408951611999,-3.87387726044667e-05,0.00515087538643661
4616.7054396922,-5.77888251696768e-05,-0.000310525071688327,-9.23214437841849e-06,-0.00256314231078895,2.21668671737281e-06,0.000614144959677133,-3.82068665988462e-05,0.00511540090706929
4648.72297711114,-5.69977147747564e-05,-0.000308343036103808,-9.10672857409413e-06,-0.00254546539843559,2.18651436572414e-06,0.00060991043305742,-3.76822656690357e-05,0.00508017072152321
4680.96256090399,-5.62174050291827e-05,-0.000306176915255644,-8.98299857636954e-06,-0.00252791071558565,2.15674921419236e-06,0.000605705166824102,-3.71648694428745e-05,0.0050451831479278
4713.42573099534,-5.54477492767592e-05,-0.00030402658144663,-8.86093221661981e-06,-0.00251047741057139,2.12738586277932e-06,0.000601528957500256,-3.66545789285602e-05,0.005010436515982
4746.11403798933,-5.46886028308842e-05,-0.000301891908226845,-8.74050760415233e-06,-0.00249316463779042,2.09841898046847e-06,0.00059738160304999,-3.61512964956326e-05,0.00497592916687503
4779.02904324382,-5.39398229486914e-05,-0.000299772770377622,-8.62170312310486e-06,-0.00247597155765989,2.06984330441708e-06,0.000593262902867707,-3.56549258562196e-05,0.00494165945320742
4812.17231894485,-5.32012688055164e-05,-0.000297669043895792,-8.50449742936724e-06,-0.00245889733657106,2.04165363915587e-06,0.000589172657767481,-3.51653720465437e-05,0.00490762573891281
4845.54544818188,-5.24728014696806e-05,-0.000295580605978162,-8.38886944752645e-06,-0.00244194114684432,2.01384485579582e-06,0.000585110669972504,-3.46825414086818e-05,0.00487382639918008
4879.1500250233,-5.17542838775926e-05,-0.000293507335006263,-8.27479836783542e-06,-0.00242510216668457,1.98641189124247e-06,0.000581076743104635,-3.42063415725793e-05,0.00484025982037613
4912.98765459257,-5.10455808091619e-05,-0.000291449110531329,-8.16226364320593e-06,-0.00240837958013694,1.95934974741754e-06,0.000577070682174025,-3.37366814383121e-05,0.00480692439996923
4947.05995314498,-5.03465588635205e-05,-0.000289405813259526,-8.05124498622524e-06,-0.00239177257704294,1.93265349048772e-06,0.000573092293568836,-3.32734711585926e-05,0.00477381854645271
4981.36854814472,-4.96570864350517e-05,-0.000287377325037409,-7.94172236619726e-06,-0.00237528035299702,1.906318250101e-06,0.00056914138504504,-3.28166221215188e-05,0.00474094067926936
5015.91507834275,-4.89770336897195e-05,-0.000285363528837618,-7.83367600620759e-06,-0.00235890210930337,1.88033921863009e-06,0.000565217765716304,-3.23660469335609e-05,0.00470828922873622
5050.70119385496,-4.83062725416979e-05,-0.000283364308744803,-7.72708638021344e-06,-0.00234263705293324,1.85471165042328e-06,0.000561321246043964,-3.19216594027836e-05,0.00467586263597
5085.72855624109,-4.7644676630294e-05,-0.00028137954994176,-7.62193421015754e-06,-0.00232648439648247,1.82943086106246e-06,0.000557451637827069,-3.14833745222988e-05,0.00464365935281283
5120.998838584,-4.69921212971652e-05,-0.000279409138695806,-7.51820046310711e-06,-0.00231044335812958,1.80449222662852e-06,0.000553608754192522,-3.10511084539489e-05,0.00461167784175874
5156.51372556965,-4.63484835638218e-05,-0.000277452962345352,-7.41586634841694e-06,-0.00229451316159397,1.77989118297375e-06,0.000549792409585289,-3.06247785122131e-05,0.00457991657588042
5192.27491356752,-4.57136421094185e-05,-0.000275510909286704,-7.31491331491771e-06,-0.00227869303609469,1.75562322500176e-06,0.000546002419758699,-3.02043031483385e-05,0.00454837403875668
5228.28411071172,-4.50874772488247e-05,-0.000273582868961052,-7.21532304812857e-06,-0.00226298221630941,1.73168390595429e-06,0.000542238601764811,-2.97896019346874e-05,0.00451704872440023
5264.54303698245,-4.44698709109755e-05,-0.00027166873184169,-7.11707746749476e-06,-0.00224737994233383,1.70806883670534e-06,0.000538500773944878,-2.93805955493036e-05,0.0044859391371861
5301.0534242883,-4.38607066174971e-05,-0.000269768389421408,-7.02015872364988e-06,-0.00223188545964136,1.68477368506239e-06,0.000534788755919863,-2.89772057606895e-05,0.00445504379178043
5337.81701654885,-4.32598694616053e-05,-0.000267881734200103,-6.92454919570314e-06,-0.00221649801904318,1.66179417507474e-06,0.000531102368581062,-2.85793554127949e-05,0.00442436121306982
5374.83556977805,-4.26672460872721e-05,-0.000266008659672572,-6.83023148855111e-06,-0.0022012168766486,1.63912608634885e-06,0.000527441434080778,-2.8186968410212e-05,0.00439388993609112
5412.11085216805,-4.20827246686598e-05,-0.0002641490603165,-6.7371884302146e-06,-0.00218604129382584,1.6167652533708e-06,0.000523805775823082,-2.77999697035755e-05,0.00436362850596179
5449.64464417369,-4.15061948898156e-05,-0.000262302831580632,-6.64540306920001e-06,-0.00217097053716297,1.59470756483566e-06,0.000520195218454652,-2.74182852751636e-05,0.00433357547781054
5487.43873859751,-4.0937547924629e-05,-0.000260469869873129,-6.55485867188579e-06,-0.00215600387842935,1.57294896298397e-06,0.000516609587855676,-2.70418421246981e-05,0.00430372941670868
5525.49494067543,-4.03766764170429e-05,-0.000258650072550103,-6.46553871993318e-06,-0.00214114059453726,1.55148544294502e-06,0.000513048711130837,-2.66705682553403e-05,0.00427408889760178
5563.81506816292,-3.98234744615211e-05,-0.000256843337904334,-6.37742690772216e-06,-0.00212637996750395,1.53031305208708e-06,0.000509512416600368,-2.63043926598803e-05,0.00424465250524183
5602.40095142188,-3.92778375837635e-05,-0.00025504956515415,-6.29050713981143e-06,-0.00211172128441388,1.50942788937446e-06,0.000506000533791172,-2.59432453071164e-05,0.0042154188341199
5641.254433508,-3.87396627216727e-05,-0.00025326865443249,-6.20476352842364e-06,-0.00209716383738144,1.48882610473149e-06,0.00050251289342803,-2.55870571284234e-05,0.00418638648839925
5680.37737025889,-3.82088482065616e-05,-0.000251500506776124,-6.12018039095455e-06,-0.00208270692351377,1.46850389841314e-06,0.00049904932742486,-2.52357600045049e-05,0.00415755408184883
5719.77163038263,-3.76852937446057e-05,-0.000249745024115044,-6.03674224750705e-06,-0.00206834984487408,1.44845752038249e-06,0.000495609668876058,-2.48892867523296e-05,0.00412892023777734
5759.43909554709,-3.71689003985327e-05,-0.000248002109262014,-5.95443381844934e-06,-0.00205409190844514,1.4286832696948e-06,0.000492193752047907,-2.45475711122468e-05,0.00410048358896767
5799.38166046975,-3.66595705695493e-05,-0.00024627166590228,-5.87324002199755e-06,-0.00203993242609314,1.40917749388839e-06,0.00048880141237005,-2.42105477352804e-05,0.00407224277761182
5839.60123300829,-3.61572079795001e-05,-0.000244553598583429,-5.79314597182244e-06,-0.00202587071453177,1.38993658838194e-06,0.000485432486427032,-2.38781521705974e-05,0.00404419645524621
5880.09973425162,-3.56617176532586e-05,-0.000242847812705418,-5.71413697468038e-06,-0.00201190609528673,1.37095699587851e-06,0.000482086811949915,-2.35503208531504e-05,0.00401634328268752
5920.87909861173,-3.5173005901344e-05,-0.000241154214510728,-5.63619852806822e-06,-0.00199803789466031,1.35223520577603e-06,0.00047876422780795,-2.32269910914889e-05,0.00398868192996891
5961.94127391598,-3.46909803027646e-05,-0.000239472711074695,-5.55931631790223e-06,-0.00198426544369653,1.33376775358426e-06,0.000475464574000326,-2.29081010557402e-05,0.00396121107627669
6003.28822150028,-3.42155496880821e-05,-0.000237803210295956,-5.48347621622063e-06,-0.00197058807814629,1.3155512203482e-06,0.00047218769164797,-2.25935897657547e-05,0.00393392940988739
6044.92191630263,-3.3746624122697e-05,-0.000236145620887066,-5.40866427891018e-06,-0.00195700513843302,1.29758223207792e-06,0.000468933422985431,-2.22833970794166e-05,0.00390683562810535
6086.84434695757,-3.3284114890349e-05,-0.000234499852365231,-5.33486674345601e-06,-0.00194351596961847,1.27985745918464e-06,0.000465701611352804,-2.19774636811127e-05,0.00387992843720062
6129.05751589107,-3.28279344768333e-05,-0.000232865815043194,-5.26207002671524e-06,-0.00193011992136884,1.26237361592324e-06,0.000462492101187743,-2.16757310703639e-05,0.00385320655234739
6171.56343941625,-3.23779965539273e-05,-0.000231243420020251,-5.19026072271365e-06,-0.00191681634792117,1.24512745984087e-06,0.000459304738017513,-2.137814155061e-05,0.00382666869756277
6214.36414782964,-3.19342159635275e-05,-0.000229632579173399,-5.11942560046587e-06,-0.00190360460804999,1.22811579123189e-06,0.000456139368451127,-2.10846382181516e-05,0.00380031360564604
6257.46168550822,-3.14965087019915e-05,-0.000228033205148614,-5.04955160181845e-06,-0.00189048406503422,1.2113354525989e-06,0.000452995840171523,-2.07951649512428e-05,0.00377414001811822
6300.85811100697,-3.10647919046855e-05,-0.000226445211352259,-4.98062583931611e-06,-0.0018774540866244,1.19478332811984e-06,0.00044987400192782,-2.05096663993355e-05,0.00374814668516224
6344.55549715731,-3.06389838307316e-05,-0.000224868511942618,-4.91263559409049e-06,-0.00186451404501011,1.17845634312122e-06,0.000446773703527621,-2.02280879724708e-05,0.00372233236556329
6388.55593116599,-3.02190038479561e-05,-0.000223303021821554,-4.84556831377208e-06,-0.0018516633167877,1.16235146355734e-06,0.000443694795829387,-1.99503758308176e-05,0.00369669582664975
6432.86151471492,-2.98047724180318e-05,-0.000221748656626281,-4.7794116104241e-06,-0.0018389012829282,1.14646569549537e-06,0.000440637130734863,-1.96764768743545e-05,0.00367123584423446
6477.47436406142,-2.93962110818172e-05,-0.00022020533272127,-4.71415325849943e-06,-0.00182622732874565,1.13079608460651e-06,0.000437600561181567,-1.9406338732695e-05,0.00364595120255639
6522.39661013943,-2.89932424448845e-05,-0.000218672967190259,-4.64978119281921e-06,-0.00181364084386545,1.11533971566282e-06,0.00043458494113533,-1.91399097550511e-05,0.00362084069422271
6567.63039866118,-2.85957901632399e-05,-0.000217151477828382,-4.58628350657401e-06,-0.00180114122219316,1.10009371204002e-06,0.000431590125582909,-1.88771390003377e-05,0.00359590312015127
6613.17789021977,-2.82037789292279e-05,-0.000215640783134417,-4.52364844934661e-06,-0.00178872786188346,1.0850552352259e-06,0.000428615970524639,-1.86179762274107e-05,0.00357113728951347
6659.0412603923,-2.78171344576231e-05,-0.000214140802303137,-4.46186442515689e-06,-0.00177640016530934,1.07022148433458e-06,0.000425662332967158,-1.83623718854421e-05,0.00354654201967754
6705.22269984387,-2.74357834719021e-05,-0.000212651455217777,-4.40091999052803e-06,-0.00176415753903157,1.05558969562631e-06,0.000422729070916173,-1.81102771044252e-05,0.00352211613615211
6751.7244144321,-2.70596536906967e-05,-0.000211172662442601,-4.34080385257461e-06,-0.00175199939376842,1.04115714203295e-06,0.000419816043369296,-1.7861643685813e-05,0.00349785847253037
6798.54862531261,-2.66886738144246e-05,-0.000209704345215584,-4.28150486711164e-06,-0.00173992514436556,1.02692113268895e-06,0.000416923110308927,-1.76164240932838e-05,0.00347376787043435
6845.69756904508,-2.63227735120956e-05,-0.00020824642544119,-4.22301203678504e-06,-0.00172793420976625,1.01287901246787e-06,0.00041405013269519,-1.73745714436349e-05,0.0034498431794598
6893.17349769999,-2.59618834082921e-05,-0.000206798825683257,-4.16531450922306e-06,-0.00171602601298177,9.99028161524383e-07,0.000411196972458935,-1.71360394978014e-05,0.00342608325712136
6940.97867896634,-2.56059350703189e-05,-0.000205361469157977,-4.10840157520842e-06,-0.001704199981062,9.85365994841603e-07,0.000408363492494774,-1.69007826519989e-05,0.0034024869687981
6989.11539625983,-2.52548609955246e-05,-0.000203934279726982,-4.05226266687142e-06,-0.00169245554506635,9.71889961783839e-07,0.000405549556654195,-1.66687559289882e-05,0.00337905318767942
7037.58594883204,-2.49085945987876e-05,-0.000202517181890519,-3.99688735590322e-06,-0.00168079214003481,9.5859754565461e-07,0.000402755029738703,-1.64399149694598e-05,0.00335578079471138
7086.39265188015,-2.45670702001692e-05,-0.000201110100780724,-3.9422653517898e-06,-0.00166920920495929,9.45486263259948e-07,0.000399979777493037,-1.62142160235379e-05,0.00333266867854336
7135.53783665763,-2.42302230127273e-05,-0.000199712962154992,-3.88838650006583e-06,-0.00165770618275517,9.32553664476867e-07,0.000397223666598418,-1.59916159424008e-05,0.00330971573547505
7185.02385058548,-2.38979891304929e-05,-0.000198325692389435,-3.83524078058883e-06,-0.00164628252023305,9.19797331827031e-07,0.000394486564665868,-1.57720721700168e-05,0.00328692086940391
7234.85305736446,-2.35703055166036e-05,-0.000196948218472427,-3.78281830583289e-06,-0.00163493766807071,9.07214880055467e-07,0.000391768340229562,-1.55555427349942e-05,0.00326428299177283
7285.02783708791,-2.32471099915952e-05,-0.000195580467998251,-3.73110931920241e-06,-0.00162367108078539,8.94803955714407e-07,0.000389068862740244,-1.53419862425429e-05,0.00324180102151835
7335.55058635552,-2.29283412218467e-05,-0.000194222369160819,-3.680104193365e-06,-0.00161248221670611,8.82562236752047e-07,0.000386388002558685,-1.51313618665476e-05,0.00321947388501901
7386.42371838768,-2.26139387081797e-05,-0.000192873850747484,-3.62979342860404e-06,-0.00160137053794635,8.70487432106349e-07,0.000383725630949196,-1.49236293417492e-05,0.00319730051604428
7437.64966314091,-2.23038427746065e-05,-0.000191534842132938,-3.58016765119015e-06,-0.0015903355103769,8.58577281303672e-07,0.000381081620073183,-1.47187489560342e-05,0.00317527985570364
7489.23086742376,-2.19979945572296e-05,-0.00019020527327319,-3.53121761177194e-06,-0.00157937660359886,8.4682955406232e-07,0.000378455842982764,-1.45166815428308e-05,0.00315341085239617
7541.16979501382,-2.16963359932855e-05,-0.000188885074699628,-3.48293418378529e-06,-0.00156849329091696,8.35242049900848e-07,0.000375848173614414,-1.43173884736087e-05,0.00313169246176033
7593.46892677528,-2.13988098103366e-05,-0.000187574177513159,-3.43530836188158e-06,-0.00155768504931295,8.23812597751167e-07,0.000373258486782683,-1.41208316504831e-05,0.00311012364662429
7646.13076077758,-2.11053595156034e-05,-0.000186272513378426,-3.38833126037418e-06,-0.00154695135941934,8.12539055576323e-07,0.000370686658173934,-1.39269734989196e-05,0.00308870337695633
7699.15781241454,-2.08159293854405e-05,-0.000184980014518113,-3.34199411170346e-06,-0.00153629170549321,8.01419309992976e-07,0.000368132564340156,-1.37357769605406e-05,0.0030674306298159
7752.55261452471,-2.05304644549511e-05,-0.000183696613707309,-3.29628826491981e-06,-0.00152570557539029,7.9045127589845e-07,0.0003655960826928,-1.35472054860292e-05,0.00304630438930466
7806.31771751215,-2.02489105077396e-05,-0.000182422244267965,-3.25120518418473e-06,-0.00151519246053927,7.79632896102389e-07,0.000363077091496676,-1.33612230281329e-05,0.00302532364651823
7860.45568946846,-1.99712140658003e-05,-0.000181156840063411,-3.20673644728964e-06,-0.0015047518559162,7.68962140962894e-07,0.000360575469863889,-1.31777940347611e-05,0.00300448739949791
7914.96911629522,-1.96973223795408e-05,-0.000179900335492954,-3.1628737441925e-06,-0.00149438326001917,7.58437008027168e-07,0.000358091097747826,-1.299688344218e-05,0.00298379465318304
7969.86060182773,-1.9427183417937e-05,-0.000178652665486542,-3.11960887557166e-06,-0.00148408617484317,7.48055521676538e-07,0.000355623855937179,-1.28184566682992e-05,0.00296324441936346
8025.13276795918,-1.91607458588208e-05,-0.000177413765499502,-3.07693375139731e-06,-0.00147386010585513,7.37815732775911e-07,0.000353173626050027,-1.26424796060522e-05,0.00294283571663245
8080.78825476607,-1.8897959079295e-05,-0.000176183571507344,-3.03484038951975e-06,-0.00146370456196914,7.27715718327499e-07,0.000350740290527942,-1.24689186168667e-05,0.00292256757033986
8136.82972063413,-1.86387731462775e-05,-0.000174962020000636,-2.99332091427493e-06,-0.00145361905552189,7.17753581128874e-07,0.000348323732630165,-1.22977405242261e-05,0.00290243901254571
8193.25984238548,-1.83831388071702e-05,-0.000173749047979942,-2.95236755510656e-06,-0.00144360310224823,7.07927449435237e-07,0.000345923836427797,-1.21289126073182e-05,0.00288244908197396
8250.08131540631,-1.81310074806532e-05,-0.000172544592950829,-2.91197264520499e-06,-0.00143365622125702,6.98235476625885e-07,0.000343540486798061,-1.19624025947725e-05,0.00286259682396673
8307.29685377578,-1.78823312476008e-05,-0.000171348592918935,-2.87212862016247e-06,-0.00142377793500706,6.88675840874816e-07,0.00034117356941858,-1.1798178658483e-05,0.0028428812904387
8364.90919039556,-1.76370628421196e-05,-0.000170160986385104,-2.8328280166448e-06,-0.00141396776928327,6.7924674482546e-07,0.000338822970761726,-1.1636209407516e-05,0.00282330153983198
8422.92107712043,-1.73951556427051e-05,-0.000168981712340584,-2.79406347107903e-06,-0.00140422525317298,6.69946415269421e-07,0.000336488578088981,-1.14764638821021e-05,0.0028038566370711
8481.33528488963,-1.71565636635175e-05,-0.000167810710262282,-2.75582771835721e-06,-0.00139454991904252,6.60773102829283e-07,0.000334170279445366,-1.13189115477109e-05,0.00278454565351852
8540.15460385936,-1.69212415457724e-05,-0.000166647920108079,-2.71811359055583e-06,-0.00138494130251384,6.51725081645334e-07,0.000331867963653896,-1.11635222892063e-05,0.00276536766693026
8599.38184353586,-1.66891445492485e-05,-0.000165493282312216,-2.68091401567109e-06,-0.00137539894244141,6.42800649066258e-07,0.00032958152031008,-1.10102664050834e-05,0.00274632176141195
8659.01983290984,-1.64602285439069e-05,-0.00016434673778072,-2.64422201636944e-06,-0.00136592238088924,6.33998125343659e-07,0.000327310839776462,-1.08591146017842e-05,0.00272740702737512
8719.07142059136,-1.62344500016235e-05,-0.000163208227886907,-2.60803070875362e-06,-0.00135651116310812,6.25315853330474e-07,0.000325055813177206,-1.07100379880912e-05,0.00270862256149384
8779.53947494611,-1.60117659880318e-05,-0.000162077694466923,-2.57233330114371e-06,-0.00134716483751298,6.16752198183127e-07,0.000322816332392714,-1.05630080695986e-05,0.00268996746666162
8840.42688423224,-1.57921341544743e-05,-0.000160955079815357,-2.53712309287337e-06,-0.00133788295566043,6.08305547067475e-07,0.000320592290054289,-1.04179967432594e-05,0.00267144085194863
8901.73655673848,-1.55755127300623e-05,-0.000159840326680899,-2.50239347310064e-06,-0.0013286650722265,5.99974308868433e-07,0.000318383579538835,-1.0274976292007e-05,0.00265304183255916
8963.47142092288,-1.53618605138417e-05,-0.000158733378262052,-2.46813791963375e-06,-0.00131951074498454,5.91756913903289e-07,0.000316190094963598,-1.01339193794523e-05,0.00263476952978947
9025.63442555289,-1.51511368670633e-05,-0.000157634178202906,-2.43434999777115e-06,-0.00131041953478324,5.83651813638619e-07,0.000314011731180943,-9.99479904465129e-06,0.00261662307098583
9088.228539846,-1.49433017055574e-05,-0.000156542670588952,-2.40102335915621e-06,-0.00130139100552485,5.75657480410815e-07,0.000311848383773173,-9.8575886969474e-06,0.00259860158950294
9151.25675361174,-1.473831549221e-05,-0.000155458799942956,-2.36815174064581e-06,-0.00129242472414358,5.67772407150115e-07,0.000309699949047385,-9.72226211088237e-06,0.00258070422466252
9214.72207739435,-1.45361392295403e-05,-0.000154382511220883,-2.33572896319327e-06,-0.0012835202605841,5.59995107108184e-07,0.00030756632403036,-9.58879342117882e-06,0.0025629301217123
9278.6275426167,-1.43367344523769e-05,-0.000153313749807865,-2.30374893074505e-06,-0.0012746771877803,5.52324113589105e-07,0.000305447406463495,-9.45715711779073e-06,0.00254527843178524
9342.97620172496,-1.41400632206336e-05,-0.000152252461514225,-2.2722056291512e-06,-0.00126589508163407,5.44757979683839e-07,0.000303343094797774,-9.32732804102276e-06,0.00252774831185901
9407.77112833456,-1.39460881121808e-05,-0.000151198592571544,-2.24109312508948e-06,-0.00125717352099437,5.37295278008026e-07,0.000301253288188764,-9.1992813767161e-06,0.0025103389247158
9473.0154173768,-1.37547722158134e-05,-0.000150152089628779,-2.21040556500289e-06,-0.00124851208763638,5.29934600443162e-07,0.000299177886491669,-9.07299265150102e-06,0.00249304943890234
9538.71218524687,-1.35660791243128e-05,-0.000149112899748428,-2.1801371740505e-06,-0.00123991036624081,5.22674557881048e-07,0.000297116790256397,-8.94843772811432e-06,0.00247587902869028
9604.86456995261,-1.33799729276019e-05,-0.000148080970402736,-2.15028225507142e-06,-0.00123136794437339,5.15513779971533e-07,0.000295069900722677,-8.82559280078134e-06,0.00245882687403675
9671.47573126437,-1.31964182059929e-05,-0.000147056249469952,-2.12083518756192e-06,-0.00122288441246451,5.0845091487347e-07,0.000293037119815212,-8.70443439066167e-06,0.00244189216054526
9738.54885086602,-1.30153800235245e-05,-0.000146038685230627,-2.09179042666515e-06,-0.00121445936378897,5.01484629008851e-07,0.000291018350138858,-8.58493934135696e-06,0.00242507407942684
9806.08713250685,-1.283682392139e-05,-0.000145028226363962,-2.06314250217388e-06,-0.00120609239444594,4.94613606820118e-07,0.000289013494973849,-8.46708481448117e-06,0.00240837182746145
9874.09380215466,-1.26607159114529e-05,-0.000144024821944188,-2.03488601754555e-06,-0.001197783103339,4.87836550530563e-07,0.000287022458271046,-8.35084828529112e-06,0.00239178460695965
9942.57210814976,-1.24870224698502e-05,-0.000143028421436999,-2.00701564892999e-06,-0.0011895310921564,4.81152179907828e-07,0.000285045144647235,-8.23620753837762e-06,0.00237531162572454
10011.5253213603,-1.23157105306812e-05,-0.000142038974696023,-1.97952614420918e-06,-0.00118133596535139,4.74559232030417e-07,0.000283081459380441,-8.12314066341539e-06,0.00235895209701396
10080.9567353381,-1.21467474797821e-05,-0.000141056431959335,-1.95241232204946e-06,-0.00117319733012276,4.6805646105725e-07,0.000281131308405294,-8.01162605097193e-06,0.00234270523950298
10150.8696664767,-1.19801011485834e-05,-0.000140080743846006,-1.92566907096543e-06,-0.0011651147963955,4.6164263800015e-07,0.000279194598308414,-7.90164238837341e-06,0.00232657027724657
10221.267454169,-1.18157398080513e-05,-0.000139111861352704,-1.89929134839604e-06,-0.00115708797680158,4.55316550499288e-07,0.000277271236323844,-7.79316865562807e-06,0.00231054643964261
10292.1534609671,-1.16536321627088e-05,-0.000138149735850318,-1.87327417979215e-06,-0.00114911648666088,4.49077002601513e-07,0.000275361130328498,-7.68618412140503e-06,0.00229463296139508
10363.5310727429,-1.14937473447396e-05,-0.000137194319080636,-1.84761265771589e-06,-0.0011411999439623,4.42922814541554e-07,0.000273464188837662,-7.58066833906891e-06,0.00227882908247761
10435.4036988501,-1.13360549081697e-05,-0.00013624556315305,-1.82230194095136e-06,-0.00113333796934497,4.36852822526042e-07,0.000271580321000511,-7.47660114276854e-06,0.00226313404809713
10507.7747722864,-1.11805248231285e-05,-0.000135303420541307,-1.79733725362679e-06,-0.00112553018607958,4.30865878520335e-07,0.000269709436595669,-7.37396264357987e-06,0.00224754710865794
10580.647749858,-1.10271274701862e-05,-0.000134367844080293,-1.77271388434773e-06,-0.00111777622004989,4.24960850038099e-07,0.000267851446026797,-7.27273322570142e-06,0.00223206751972583
10654.0261123446,-1.08758336347691e-05,-0.00013343878696285,-1.74842718534151e-06,-0.00111007569973438,4.19136619933622e-07,0.000266006260318214,-7.17289354270254e-06,0.00221669454199267
10727.9133646656,-1.07266145016488e-05,-0.00013251620273664,-1.7244725716125e-06,-0.00110242825618795,4.13392086196813e-07,0.000264173791110545,-7.07442451382277e-06,0.00220142744124105
10802.3130360475,-1.05794416495065e-05,-0.000131600045301031,-1.70084552010829e-06,-0.00109483352302387,4.07726161750882e-07,0.000262353950656412,-6.97730732032255e-06,0.00218626548830928
10877.2286801926,-1.04342870455703e-05,-0.000130690268904028,-1.67754156889639e-06,-0.00108729113639578,4.02137774252617e-07,0.000260546651816144,-6.88152340188355e-06,0.00217120795905657
10952.6638754485,-1.02911230403256e-05,-0.000129786828139236,-1.65455631635178e-06,-0.00107980073497986,3.96625865895303e-07,0.000258751808053522,-6.78705445305909e-06,0.00215625413432849
11028.6222249794,-1.01499223622959e-05,-0.000128889677942852,-1.63188542035454e-06,-0.00107236195995712,3.91189393214157e-07,0.00025696933343156,-6.69388241977276e-06,0.00214140329992265
11105.1073569377,-1.00106581128949e-05,-0.000127998773590698,-1.60952459749814e-06,-0.00106497445499578,3.85827326894345e-07,0.000255199142608307,-6.60198949586569e-06,0.00212665474655459
11182.1229246378,-9.87330376134769e-06,-0.00012711407069528,-1.58746962230763e-06,-0.00105763786623386,3.80538651581461e-07,0.000253441150832686,-6.51135811969082e-06,0.00211200776982396
11259.6726067303,-9.73783313968085e-06,-0.000126235525202887,-1.56571632646813e-06,-0.00105035184226182,3.75322365694513e-07,0.000251695273940364,-6.42197097075442e-06,0.00209746167018089
11337.7601073777,-9.60422043778006e-06,-0.000125363093390714,-1.54426059806307e-06,-0.00104311603410539,3.70177481241317e-07,0.000249961428349645,-6.33381096640337e-06,0.00208301575289259
11416.3891564316,-9.47244019851477e-06,-0.000124496731864022,-1.52309838082246e-06,-0.00103593009520844,3.65103023636343e-07,0.000248239531057398,-6.2468612585583e-06,0.00206866932801022
11495.5635096105,-9.34246731292837e-06,-0.000123636397553325,-1.50222567338067e-06,-0.00102879368141607,3.60098031520903e-07,0.000246529499635012,-6.16110523049136e-06,0.00205442171033594
11575.2869486794,-9.21427701549393e-06,-0.000122782047711614,-1.481638528544e-06,-0.00102170645095777,3.55161556585717e-07,0.000244831252224382,-6.0765264936486e-06,0.00204027221939021
11655.5632816306,-9.08784487943359e-06,-0.000121933639911604,-1.46133305256755e-06,-0.00101466806443069,3.50292663395794e-07,0.000243144707533924,-5.99310888451559e-06,0.00202622017937934
11736.3963428651,-8.96314681210176e-06,-0.000121091132043015,-1.44130540444159e-06,-0.00100767818478308,3.45490429217611e-07,0.000241469784834613,-5.91083646152659e-06,0.00201226491916318
11817.7899933763,-8.84015905043037e-06,-0.00012025448230988,-1.42155179518711e-06,-0.00100073647729779,3.40753943848551e-07,0.000239806403956055,-5.82969350201578e-06,0.00199840577222313
11899.7481209338,-8.71885815643623e-06,-0.000119423649227885,-1.40206848716056e-06,-0.000993842609575942,3.36082309448593e-07,0.000238154485282592,-5.74966449921077e-06,0.00198464207663032
11982.2746402699,-8.59922101278858e-06,-0.000118598591621734,-1.38285179336755e-06,-0.000986996251520693,3.31474640374188e-07,0.000236513949749418,-5.67073415926706e-06,0.00197097317501402
12065.3734932659,-8.48122481843741e-06,-0.000117779268622545,-1.36389807678554e-06,-0.000980197075321125,3.26930063014349e-07,0.000234884718838744,-5.59288739834359e-06,0.00195739841453025
12149.0486491407,-8.36484708430029e-06,-0.00011696563966527,-1.34520374969528e-06,-0.000973444755436233,3.22447715628866e-07,0.000233266714575972,-5.5161093397182e-06,0.00194391714683061
12233.3041046402,-8.25006562900819e-06,-0.000116157664486148,-1.32676527302102e-06,-0.00096673896857906,3.18026748188671e-07,0.00023165985952591,-5.44038531094299e-06,0.00193052872803137
12318.1438842285,-8.13685857470842e-06,-0.000115355303120179,-1.30857915567923e-06,-0.000960079393700911,3.13666322218287e-07,0.000230064076789006,-5.36570084103849e-06,0.00191723251868269
12403.5720402798,-8.02520434292495e-06,-0.000114558515898628,-1.29064195393593e-06,-0.000953465711975716,3.09365610640372e-07,0.000228479289997611,-5.2920416577267e-06,0.00190402788373816
12489.5926532723,-7.91508165047437e-06,-0.000113767263446555,-1.27295027077221e-06,-0.000946897606784471,3.05123797622291e-07,0.000226905423312272,-5.21939368470185e-06,0.00189091419252442
12576.2098319827,-7.80646950543762e-06,-0.000112981506680368,-1.25550075525831e-06,-0.000940374763699825,3.00940078424724e-07,0.000225342401418044,-5.14774303893894e-06,0.00187789081871109
12663.427713683,-7.69934720318592e-06,-0.000112201206805407,-1.23829010193558e-06,-0.000933896870470743,2.96813659252268e-07,0.000223790149520839,-5.07707602803899e-06,0.00186495714028086
12751.2504643373,-7.59369432246108e-06,-0.000111426325313546,-1.22131505020678e-06,-0.000927463617007314,2.92743757106016e-07,0.000222248593343789,-5.00737914761106e-06,0.00185211253949985
12839.6822788018,-7.4894907215084e-06,-0.000110656823980826,-1.20457238373418e-06,-0.000921074695365635,2.88729599638067e-07,0.000220717659123644,-4.93863907868997e-06,0.00183935640288802
12928.7273810244,-7.38671653426259e-06,-0.000109892664865108,-1.18805892984562e-06,-0.000914729799732834,2.84770425007988e-07,0.000219197273607195,-4.87084268518974e-06,0.00182668812119
13018.3900242466,-7.28535216658492e-06,-0.000109133810303754,-1.17177155894836e-06,-0.000908428626412174,2.80865481741138e-07,0.000217687364047714,-4.80397701139182e-06,0.0018141070893459
13108.6744912069,-7.18537829255195e-06,-0.000108380222911329,-1.15570718395056e-06,-0.000902170873808288,2.77014028588903e-07,0.000216187858201433,-4.73802927946801e-06,0.00180161270646253
13199.5850943454,-7.08677585079407e-06,-0.000107631865577324,-1.13986275969042e-06,-0.000895956242412493,2.73215334390751e-07,0.000214698684324032,-4.67298688703724e-06,0.00178920437578464
13291.1261760091,-6.98952604088426e-06,-0.000106888701463913,-1.12423528237277e-06,-0.000889784434788241,2.69468677938134e-07,0.000213219771167168,-4.60883740475613e-06,0.00177688150466645
13383.3021086605,-6.89361031977547e-06,-0.000106150694003715,-1.10882178901305e-06,-0.00088365515555664,2.65773347840182e-07,0.000211751047975019,-4.54556857394241e-06,0.00176464350454338
13476.1172950852,-6.79901039828659e-06,-0.000105417806897597,-1.09361935688867e-06,-0.000877568111382107,2.62128642391183e-07,0.000210292444480853,-4.48316830423121e-06,0.00175248979090395
13569.576168603,-6.70570823763618e-06,-0.000104690004112485,-1.07862510299749e-06,-0.000871523010958113,2.58533869439825e-07,0.000208843890903624,-4.42162467126348e-06,0.00174041978326184
13663.6831932795,-6.61368604602298e-06,-0.000103967249879208,-1.06383618352351e-06,-0.000865519564993018,2.54988346260159e-07,0.000207405317944593,-4.36092591440607e-06,0.00172843290512823
13758.4428641392,-6.52292627525333e-06,-0.000103249508690354,-1.04924979330958e-06,-0.000859557486196033,2.51491399424295e-07,0.000205976656783971,-4.30106043450331e-06,0.00171652858398425
13853.8597073802,-6.43341161741387e-06,-0.000102536745298152,-1.034863165337e-06,-0.000853636489263254,2.48042364676769e-07,0.000204557839077584,-4.24201679165933e-06,0.00170470625125364
13949.9382805904,-6.34512500159004e-06,-0.000101828924712376,-1.02067357021206e-06,-0.000847756290863823,2.44640586810598e-07,0.000203148796953567,-4.18378370305095e-06,0.00169296534227564
14046.6831729655,-6.25804959062856e-06,-0.000101126012198271,-1.00667831565933e-06,-0.00084191660962616,2.41285419544967e-07,0.000201749463009075,-4.12635004077055e-06,0.001681305296278
14144.0990055278,-6.17216877794451e-06,-0.00010042797327449,-9.92874746021604e-07,-0.000836117166124321,2.3797622540456e-07,0.000200359770307025,-4.06970482969867e-06,0.00166972555635024
14242.190431347,-6.08746618437124e-06,-9.9734773711064e-05,-9.79260241766499e-07,-0.000830357682864427,2.34712375600478e-07,0.000198979652372851,-4.01383724540564e-06,0.00165822556941701
14340.9621357626,-6.00392565505366e-06,-9.90463795273856e-05,-9.65832218999555e-07,-0.000824637884271217,2.31493249912761e-07,0.000197609043191295,-3.95873661208237e-06,0.00164680478621177
14440.4188366077,-5.92153125638327e-06,-9.83627569902097e-05,-9.52588128983756e-07,-0.000818957496674663,2.28318236574458e-07,0.000196247877203207,-3.90439240049917e-06,0.00163546266125048
14540.5652844341,-5.8402672729753e-06,-9.76838726116796e-05,-9.39525457665451e-07,-0.00081331624829672,2.25186732157259e-07,0.000194896089302377,-3.85079422599297e-06,0.00162419865280561
14641.4062627396,-5.76011820468659e-06,-9.7009693147368e-05,-9.26641725206498e-07,-0.000807713869238132,2.22098141458636e-07,0.000193553614832387,-3.79793184648192e-06,0.00161301222288027
14742.946588196,-5.68106876367434e-06,-9.63401855943396e-05,-9.13934485522663e-07,-0.000802150091465363,2.19051877390498e-07,0.000192220389583485,-3.74579516050747e-06,0.00160190283718252
14845.1911108798,-5.60310387149463e-06,-9.56753171892301e-05,-9.0140132582807e-07,-0.000796624648797598,2.16047360869332e-07,0.000190896349789476,-3.69437420530318e-06,0.00159086996509983
14948.1447145032,-5.52620865624068e-06,-9.50150554063458e-05,-8.89039866185766e-07,-0.000791137276893853,2.13084020707807e-07,0.00018958143212465,-3.64365915489021e-06,0.00157991307967382
15051.8123166476,-5.4503684497197e-06,-9.43593679557795e-05,-8.76847759064177e-07,-0.000785687713240163,2.10161293507826e-07,0.00018827557370071,-3.59364031819882e-06,0.00156903165757503
15156.1988689989,-5.37556878466855e-06,-9.37082227815467e-05,-8.64822688899502e-07,-0.000780275697136873,2.07278623555009e-07,0.000186978712063745,-3.54430813721584e-06,0.00155822517907799
15261.3093575835,-5.30179539200695e-06,-9.30615880597367e-05,-8.52962371663882e-07,-0.000774900969686007,2.04435462714582e-07,0.0001856907851912,-3.49565318515743e-06,0.00154749312803635
15367.1488030065,-5.22903419812838e-06,-9.24194321966843e-05,-8.41264554439344e-07,-0.000769563273778745,2.01631270328666e-07,0.000184411731488892,-3.4476661646671e-06,0.00153683499185829
15473.7222606918,-5.15727132222758e-06,-9.17817238271558e-05,-8.29727014997363e-07,-0.000764262354082961,1.98865513114927e-07,0.000183141489788029,-3.40033790603827e-06,0.001526250261482
15581.0348211234,-5.0864930736647e-06,-9.11484318125556e-05,-8.18347561384054e-07,-0.00075899795703088,1.96137665066598e-07,0.000181879999342255,-3.35365936546154e-06,0.00151573843135144
15689.0916100885,-5.01668594936512e-06,-9.05195252391458e-05,-8.07124031510852e-07,-0.000753769830806799,1.93447207353819e-07,0.000180627199824722,-3.3076216232957e-06,0.00150529899939213
15797.8977889225,-4.94783663125486e-06,-8.98949734162862e-05,-7.96054292750671e-07,-0.000748577725334909,1.90793628226324e-07,0.000179383031325174,-3.26221588236284e-06,0.00149493146698721
15907.4585547554,-4.87993198373075e-06,-8.92747458746874e-05,-7.85136241539399e-07,-0.000743421392267191,1.88176422917402e-07,0.000178147434347055,-3.21743346626652e-06,0.00148463533895364
16017.7791407599,-4.81295905116527e-06,-8.86588123646839e-05,-7.74367802982752e-07,-0.000738300584971418,1.85595093549169e-07,0.000176920349804642,-3.17326581773338e-06,0.00147441012351857
16128.8648164017,-4.74690505544511e-06,-8.80471428545192e-05,-7.63746930468314e-07,-0.000733215058519213,1.83049149039098e-07,0.000175701719020188,-3.12970449697727e-06,0.0014642553322958
16240.720887691,-4.68175739354358e-06,-8.74397075286505e-05,-7.53271605282802e-07,-0.000728164569674219,1.80538105007803e-07,0.000174491483721094,-3.08674118008603e-06,0.00145417048026255
16353.352697436,-4.61750363512577e-06,-8.68364767860664e-05,-7.42939836234378e-07,-0.000723148876880334,1.7806148368806e-07,0.000173289586037099,-3.04436765743026e-06,0.00144415508573621
16466.765625498,-4.55413152018668e-06,-8.62374212386219e-05,-7.32749659280071e-07,-0.000718167740250043,1.75618813835057e-07,0.000172095968497486,-3.00257583209415e-06,0.00143420867035142
16580.9650890484,-4.49162895672119e-06,-8.56425117093874e-05,-7.22699137158094e-07,-0.000713220921552816,1.73209630637829e-07,0.000170910574028312,-2.96135771832764e-06,0.00142433075903718
16695.9565428276,-4.42998401842615e-06,-8.5051719231014e-05,-7.12786359025145e-07,-0.000708308184203608,1.70833475631908e-07,0.000169733345949654,-2.92070544002008e-06,0.00141452087999418
16811.7454794054,-4.36918494243345e-06,-8.44650150441129e-05,-7.03009440098491e-07,-0.000703429293251419,1.68489896613121e-07,0.00016856422797288,-2.88061122919461e-06,0.00140477856467227
16928.3374294433,-4.30922012707427e-06,-8.388237059565e-05,-6.93366521302888e-07,-0.000698584015367957,1.66178447552564e-07,0.000167403164197931,-2.84106742452341e-06,0.00139510334774811
17045.737961959,-4.25007812967362e-06,-8.33037575373547e-05,-6.83855768922174e-07,-0.000693772118836358,1.63898688512709e-07,0.000166250099110629,-2.80206646986326e-06,0.00138549476710293
17163.9526845917,-4.19174766437511e-06,-8.27291477241442e-05,-6.74475374255567e-07,-0.000688993373540008,1.61650185564644e-07,0.000165104977579999,-2.76360091281121e-06,0.00137595236380046
17282.9872438709,-4.13421759999519e-06,-8.215851321256e-05,-6.65223553278519e-07,-0.000684247550951422,1.59432510706419e-07,0.000163967744855614,-2.72566340328012e-06,0.00136647568206503
17402.8473254854,-4.0774769579069e-06,-8.15918262592215e-05,-6.56098546308149e-07,-0.000679534424121222,1.572452417825e-07,0.00016283834656496,-2.68824669209375e-06,0.00135706426925981
17523.5386545551,-4.02151490995222e-06,-8.10290593192899e-05,-6.47098617673115e-07,-0.000674853767667174,1.55087962404296e-07,0.000161716728710808,-2.65134362960113e-06,0.00134771767586518
17645.0669959044,-3.96632077638314e-06,-8.04701850449496e-05,-6.38222055387953e-07,-0.000670205357763324,1.52960261871766e-07,0.000160602837668622,-2.61494716431002e-06,0.00133843545545728
17767.4381543379,-3.91188402383059e-06,-7.99151762838998e-05,-6.29467170831734e-07,-0.000665588972129179,1.5086173509607e-07,0.000159496620183967,-2.57905034153903e-06,0.0013292171646867
17890.6579749169,-3.8581942633013e-06,-7.93640060778624e-05,-6.20832298431064e-07,-0.000661004390019005,1.4879198252327e-07,0.000158398023369953,-2.54364630208839e-06,0.00132006236325729
18014.7323432395,-3.8052412482018e-06,-7.8816647661101e-05,-6.12315795347309e-07,-0.000656451392211156,1.46750610059058e-07,0.00015730699470468,-2.50872828092883e-06,0.00131097061390513
18139.667185721,-3.75301487238952e-06,-7.82730744589546e-05,-6.03916041168037e-07,-0.000651929760997522,1.44737228994495e-07,0.000156223482028717,-2.47428960590863e-06,0.00130194148237771
18265.4684698776,-3.70150516825036e-06,-7.77332600863831e-05,-5.95631437602578e-07,-0.00064743928017301,1.42751455932748e-07,0.000155147433542583,-2.44032369647824e-06,0.00129297453741312
18392.1422046107,-3.65070230480266e-06,-7.71971783465269e-05,-5.87460408181692e-07,-0.000642979735025134,1.40792912716823e-07,0.000154078797804257,-2.40682406243263e-06,0.00128406935071949
18519.6944404947,-3.60059658582684e-06,-7.66648032292775e-05,-5.7940139796124e-07,-0.000638550912323652,1.38861226358266e-07,0.000153017523726702,-2.37378430267068e-06,0.00127522549695455
18648.1312700654,-3.55117844802081e-06,-7.61361089098627e-05,-5.71452873229876e-07,-0.000634152600310296,1.36956028966826e-07,0.000151963560575408,-2.34119810397184e-06,0.00126644255370531
18777.4588281112,-3.50243845918031e-06,-7.56110697474423e-05,-5.63613321220619e-07,-0.000629784588688556,1.35076957681071e-07,0.000150916857965943,-2.30905923978937e-06,0.00125772010146785
18907.6832919665,-3.45436731640425e-06,-7.50896602837171e-05,-5.55881249826336e-07,-0.000625446668613548,1.33223654599933e-07,0.000149877365861537,-2.27736156906035e-06,0.00124905772362738
19038.810881806,-3.40695584432461e-06,-7.45718552415506e-05,-5.48255187319041e-07,-0.000621138632681955,1.31395766715185e-07,0.00014884503457067,-2.24609903503192e-06,0.00124045500643825
19170.8478609426,-3.36019499336023e-06,-7.40576295236004e-05,-5.40733682072949e-07,-0.000616860274922026,1.29592945844821e-07,0.00014781981474468,-2.21526566410363e-06,0.00123191153900425
19303.8005361258,-3.3140758379948e-06,-7.35469582109647e-05,-5.3331530229129e-07,-0.000612611390783656,1.27814848567346e-07,0.000146801657375395,-2.18485556468577e-06,0.00122342691325897
19437.6752578439,-3.26858957507806e-06,-7.30398165618375e-05,-5.2599863573676e-07,-0.000608391777128531,1.26061136156941e-07,0.000145790513792766,-2.15486292607329e-06,0.00121500072394633
19572.4784206263,-3.22372752215043e-06,-7.25361800101775e-05,-5.18782289465634e-07,-0.000604201232220346,1.24331474519518e-07,0.000144786335662536,-2.12528201733529e-06,0.00120663256860119
19708.2164633496,-3.17948111579035e-06,-7.20360241643872e-05,-5.11664889565429e-07,-0.000600039555715086,1.2262553412962e-07,0.00014378907498391,-2.09610718621962e-06,0.00119832204753017
19844.8958695448,-3.13584190998433e-06,-7.15393248060042e-05,-5.04645080896126e-07,-0.000595906548651381,1.20942989968198e-07,0.000142798684087246,-2.06733285807266e-06,0.00119006876379256
19982.5231677076,-3.0928015745191e-06,-7.10460578884031e-05,-4.97721526834848e-07,-0.000591802013440921,1.19283521461207e-07,0.000141815115631766,-2.03895353477384e-06,0.00118187232318135
20121.1049316092,-3.05035189339595e-06,-7.05561995355091e-05,-4.90892909024014e-07,-0.000587725753858952,1.17646812419045e-07,0.000140838322603279,-2.01096379368488e-06,0.0011737323342044
20260.6477806113,-3.0084847632665e-06,-7.00697260405214e-05,-4.84157927122846e-07,-0.000583677575034818,1.16032550976805e-07,0.000139868258311919,-1.98335828661333e-06,0.00116564840806577
20401.1583799816,-2.96719219189001e-06,-6.95866138646498e-05,-4.77515298562265e-07,-0.000579657283442593,1.14440429535343e-07,0.000138904876389903,-1.95613173879051e-06,0.00115762015864714
20542.6434412127,-2.92646629661167e-06,-6.91068396358587e-05,-4.70963758303053e-07,-0.000575664686891754,1.12870144703131e-07,0.000137948130789298,-1.92927894786332e-06,0.00114964720248935
20685.1097223421,-2.88629930286174e-06,-6.86303801476252e-05,-4.6450205859732e-07,-0.000571699594517946,1.11321397238907e-07,0.000136997975779814,-1.90279478290004e-06,0.00114172915877415
20828.5640282755,-2.84668354267513e-06,-6.81572123577047e-05,-4.58128968753142e-07,-0.000567761816773781,1.09793891995098e-07,0.000136054365946602,-1.87667418340965e-06,0.00113386564930594
20973.0132111114,-2.80761145323136e-06,-6.76873133869096e-05,-4.51843274902418e-07,-0.000563851165419735,1.08287337862011e-07,0.000135117256188073,-1.85091215837475e-06,0.00112605629849376
21118.464170469,-2.76907557541424e-06,-6.72206605178957e-05,-4.4564377977182e-07,-0.000559967453515079,1.06801447712769e-07,0.000134186601713728,-1.82550378529764e-06,0.00111830073333333
21264.923853817,-2.73106855239146e-06,-6.6757231193961e-05,-4.39529302456872e-07,-0.000556110495408892,1.05335938349011e-07,0.000133262358042012,-1.80044420925961e-06,0.00111059858338927
21412.3992568061,-2.69358312821344e-06,-6.62970030178529e-05,-4.33498678199055e-07,-0.000552280106731128,1.03890530447312e-07,0.00013234448099817,-1.775728641993e-06,0.00110294948077735
21560.8974236026,-2.65661214643148e-06,-6.58399537505868e-05,-4.2755075816593e-07,-0.000548476104383752,1.02464948506336e-07,0.000131432926712131,-1.75135236096621e-06,0.001095353060147
21710.4254472254,-2.62014854873458e-06,-6.5386061310273e-05,-4.21684409234229e-07,-0.000544698306531931,1.01058920794703e-07,0.000130527651616395,-1.72731070848106e-06,0.00108780895866378
21860.9904698845,-2.58418537360518e-06,-6.49353037709553e-05,-4.15898513775884e-07,-0.000540946532595294,9.96721792995644e-08,0.000129628612443946,-1.70359909078273e-06,0.00108031681599212
22012.599683322,-2.548715754993e-06,-6.44876593614567e-05,-4.10191969446937e-07,-0.000537220603239242,9.83044596758706e-08,0.00012873576622617,-1.68021297718174e-06,0.00107287627427809
22165.260329156,-2.51373292100722e-06,-6.40431064642376e-05,-4.04563688979317e-07,-0.000533520340366335,9.69555011963347e-08,0.000127849070290792,-1.65714789918819e-06,0.00106548697813229
22318.9796992262,-2.47923019262639e-06,-6.36016236142609e-05,-3.99012599975413e-07,-0.000529845567107722,9.56250467020659e-08,0.000126968482259828,-1.63439944965769e-06,0.00105814857461291
22473.7651359423,-2.44520098242615e-06,-6.31631894978682e-05,-3.93537644705449e-07,-0.000526196107814646,9.43128425538793e-08,0.00012609396004755,-1.61196328194918e-06,0.00105086071320886
22629.6240326348,-2.41163879332412e-06,-6.2727782951664e-05,-3.88137779907576e-07,-0.000522571788049993,9.301863858426e-08,0.000125225461858464,-1.5898351090942e-06,0.00104362304582301
22786.5638339077,-2.3785372173422e-06,-6.22953829614105e-05,-3.8281197659069e-07,-0.000518972434579918,9.17421880499867e-08,0.000124362946185305,-1.56801070297762e-06,0.00103643522675562
22944.592035995,-2.34588993438561e-06,-6.18659686609294e-05,-3.77559219839897e-07,-0.000515397875365509,9.04832475853872e-08,0.000123506371807043,-1.54648589352964e-06,0.00102929691268779
23103.7161871177,-2.31369071103871e-06,-6.14395193310155e-05,-3.72378508624634e-07,-0.000511847939554531,8.92415771562414e-08,0.000122655697786906,-1.52525656792885e-06,0.00102220776266507
23263.9438878451,-2.28193339937729e-06,-6.10160143983559e-05,-3.67268855609367e-07,-0.000508322457473207,8.80169400142979e-08,0.000121810883470411,-1.50431866981618e-06,0.00101516743808117
23425.2827914574,-2.25061193579707e-06,-6.05954334344614e-05,-3.62229286966865e-07,-0.000504821260618072,8.68091026524165e-08,0.000120971888483419,-1.48366819851982e-06,0.00100817560266183
23587.7406043117,-2.21972033985828e-06,-6.01777561546035e-05,-3.57258842193995e-07,-0.000501344181647874,8.56178347603144e-08,0.000120138672730191,-1.46330120829055e-06,0.00100123192244871
23751.3250862094,-2.189252713146e-06,-5.97629624167624e-05,-3.52356573930023e-07,-0.00049789105437554,8.4442909180918e-08,0.000119311196391468,-1.44321380754777e-06,0.000994336065783478
23916.0440507678,-2.15920323814605e-06,-5.93510322205821e-05,-3.47521547777356e-07,-0.000494461713760185,8.3284101867302e-08,0.000118489419922557,-1.42340215813575e-06,0.000987487703291937
24081.9053657923,-2.12956617713642e-06,-5.89419457063348e-05,-3.42752842124743e-07,-0.000491055995899196,8.21411918402192e-08,0.000117673304051438,-1.4038624745902e-06,0.000980686507868336
24248.9169536531,-2.10033587109364e-06,-5.85356831538928e-05,-3.38049547972838e-07,-0.000487673738020348,8.10139611462022e-08,0.000116862809776874,-1.38459102341477e-06,0.000973932154659714
24417.0867916629,-2.07150673861434e-06,-5.81322249817101e-05,-3.33410768762162e-07,-0.000484314778474,7.99021948162392e-08,0.000116057898366544,-1.36558412236768e-06,0.00096722432105041
24586.4229124585,-2.04307327485136e-06,-5.77315517458101e-05,-3.28835620203362e-07,-0.00048097895672532,7.8805680825006e-08,0.000115258531355181,-1.3468381397579e-06,0.000960562686646636
24756.933404384,-2.01503005046458e-06,-5.7333644138784e-05,-3.24323230109808e-07,-0.000477666113346586,7.7724210050658e-08,0.000114464670542733,-1.32834949375126e-06,0.000953946933261195
24928.6264118777,-1.98737171058603e-06,-5.69384829887944e-05,-3.19872738232426e-07,-0.000474376090009526,7.66575762351625e-08,0.000113676277992523,-1.31011465168586e-06,0.000947376744898268
25101.5101358603,-1.96009297379914e-06,-5.65460492585898e-05,-3.15483296096802e-07,-0.000471108729477722,7.56055759451766e-08,0.000112893316029434,-1.29213012939705e-06,0.000940851807738337
25275.5928341276,-1.93318863113202e-06,-5.61563240445245e-05,-3.11154066842465e-07,-0.000467863875599052,7.45680085334514e-08,0.0001121157472381,-1.27439249055153e-06,0.000934371810123188
25450.882821744,-1.9066535450645e-06,-5.57692885755879e-05,-3.06884225064389e-07,-0.000464641373298208,7.35446761007658e-08,0.000111343534461114,-1.25689834599073e-06,0.000927936442541034
25627.3884714405,-1.88048264854871e-06,-5.53849242124405e-05,-3.026729566566e-07,-0.000461441068569239,7.25353834583736e-08,0.000110576640797242,-1.23964435308312e-06,0.000921545397611727
25805.1182140139,-1.85467094404315e-06,-5.50032124464588e-05,-2.98519458657952e-07,-0.000458262808468169,7.1539938090966e-08,0.000109815029599656,-1.22262721508544e-06,0.000915198370072086
25984.08053873,-1.82921350255989e-06,-5.46241348987862e-05,-2.94422939099956e-07,-0.00045510644110565,7.05581501201329e-08,0.000109058664474177,-1.20584368051269e-06,0.000908895056761311
26164.2839937291,-1.80410546272489e-06,-5.42476733193927e-05,-2.90382616856706e-07,-0.000451971815639676,6.95898322683259e-08,0.000108307509277527,-1.18929054251679e-06,0.000902635156606506
26345.7371864336,-1.77934202985113e-06,-5.38738095861418e-05,-2.86397721496831e-07,-0.000448858782268346,6.863479982331e-08,0.000107561528115601,-1.17296463827376e-06,0.000896418370608309
26528.4487839603,-1.75491847502447e-06,-5.35025257038637e-05,-2.82467493137445e-07,-0.000445767192222672,6.76928706030968e-08,0.000106820685341739,-1.15686284837931e-06,0.000890244401826597
26712.4275135331,-1.73083013420198e-06,-5.31338038034379e-05,-2.78591182300111e-07,-0.000442696897759445,6.67638649213595e-08,0.000106084945555025,-1.14098209625275e-06,0.000884112955366323
26897.6821629011,-1.70707240732262e-06,-5.27676261408808e-05,-2.74768049768728e-07,-0.000439647752154141,6.58476055533142e-08,0.000105354273598581,-1.12531934754903e-06,0.000878023738363414
27084.2215807571,-1.68364075743017e-06,-5.24039750964418e-05,-2.70997366449377e-07,-0.000436619609693889,6.49439177020691e-08,0.00010462863455789,-1.10987160957893e-06,0.000871976459970798
27272.0546771616,-1.66053070980803e-06,-5.20428331737062e-05,-2.6727841323205e-07,-0.000433612325670474,6.4052628965429e-08,0.000103907993759118,-1.09463593073716e-06,0.000865970831344506
27461.1904239671,-1.63773785112601e-06,-5.16841829987052e-05,-2.63610480854278e-07,-0.000430625756373401,6.31735693031555e-08,0.000103192316767452,-1.07960939993833e-06,0.000860006565629883
27651.6378552475,-1.6152578285987e-06,-5.13280073190323e-05,-2.59992869766595e-07,-0.000427659759082996,6.2306571004668e-08,0.000102481569385448,-1.06478914606062e-06,0.000854083377947882
27843.4060677294,-1.59308634915542e-06,-5.09742890029678e-05,-2.56424889999842e-07,-0.000424714192063567,6.14514686571902e-08,0.000101775717651398,-1.0501723373972e-06,0.000848200985381467
28036.5042212264,-1.57121917862149e-06,-5.06230110386085e-05,-2.52905861034271e-07,-0.000421788914556601,6.06080991143253e-08,0.000101074727837695,-1.03575618111504e-06,0.000842359106962087
28230.9415390768,-1.54965214091075e-06,-5.02741565330057e-05,-2.49435111670435e-07,-0.000418883786774017,5.97763014650643e-08,0.000100378566449221,-1.02153792272128e-06,0.000836557463656276
28426.7273085842,-1.52838111722914e-06,-4.99277087113091e-05,-2.46011979901817e-07,-0.000415998669891456,5.89559170032114e-08,9.968720022174e-05,-1.00751484553679e-06,0.00083079577835231
28623.8708814609,-1.50740204528917e-06,-4.95836509159175e-05,-2.42635812789222e-07,-0.000413133426041636,5.81467891972307e-08,9.90005961203062e-05,-9.93684270177147e-07,0.000825073775846985
28822.3816742749,-1.48671091853509e-06,-4.92419666056358e-05,-2.3930596633684e-07,-0.000410287918307726,5.73487636605e-08,9.83187213376775e-05,-9.80043554040504e-07,0.000819391182832462
29022.2691688993,-1.46630378537882e-06,-4.89026393548395e-05,-2.36021805370029e-07,-0.000407462010716794,5.65616881219733e-08,9.76415432927465e-05,-9.66590090802707e-07,0.000813747727883228
29223.5429129655,-1.4461767484462e-06,-4.85656528526444e-05,-2.3278270341474e-07,-0.00040465556823328,5.578541239724e-08,9.69690296289777e-05,-9.53321309919199e-07,0.000808143141443116
29426.2125203191,-1.42632596383363e-06,-4.82309909020835e-05,-2.29588042578594e-07,-0.000401868456752527,5.50197883599819e-08,9.63011482128581e-05,-9.40234676133842e-07,0.000802577155812448
29630.2876714792,-1.40674764037485e-06,-4.78986374192899e-05,-2.26437213433565e-07,-0.000399100543094345,5.42646699138154e-08,9.56378671323571e-05,-9.27327688994433e-07,0.000797049505135236
29835.7781141006,-1.38743803891787e-06,-4.75685764326865e-05,-2.2332961490028e-07,-0.000396351694996636,5.35199129645222e-08,9.49791546953983e-05,-9.14597882374916e-07,0.000791559925386497
30042.6936634399,-1.36839347161163e-06,-4.72407920821812e-05,-2.20264654133871e-07,-0.000393621781109043,5.27853753926538e-08,9.43249794283401e-05,-9.02042824004107e-07,0.00078610815435963
30251.0442028234,-1.34961030120261e-06,-4.69152686183688e-05,-2.17241746411405e-07,-0.000390910670986666,5.20609170265145e-08,9.36753100744697e-05,-8.89660115000944e-07,0.000780693931653909
30460.8396841202,-1.33108494034093e-06,-4.65919904017388e-05,-2.1426031502082e-07,-0.000388218235083798,5.13463996155075e-08,9.30301155925038e-05,-8.77447389416056e-07,0.000775316998662029
30672.0901282168,-1.31281385089607e-06,-4.62709419018894e-05,-2.11319791151401e-07,-0.000385544344747724,5.06416868038507e-08,9.23893651551036e-05,-8.65402313779692e-07,0.000769977098557771
30884.8056254963,-1.29479354328186e-06,-4.59521076967473e-05,-2.08419613785725e-07,-0.000382888872212552,4.99466441046444e-08,9.17530281473964e-05,-8.5352258665579e-07,0.000764673976283722
31098.9963363199,-1.27702057579082e-06,-4.56354724717941e-05,-2.05559229593097e-07,-0.00038025169059309,4.92611388742984e-08,9.11210741655113e-05,-8.41805938202235e-07,0.000759407378539109
31314.6724915125,-1.25949155393753e-06,-4.53210210192972e-05,-2.02738092824418e-07,-0.000377632673878765,4.85850402873044e-08,9.04934730151206e-05,-8.3025012973709e-07,0.000754177053767682
31531.8443928511,-1.24220312981106e-06,-4.50087382375485e-05,-1.99955665208504e-07,-0.000375031696927587,4.79182193113548e-08,8.98701947099961e-05,-8.18852953310842e-07,0.00074898275214572
31750.5224135575,-1.22515200143622e-06,-4.46986091301069e-05,-1.97211415849806e-07,-0.000372448635460148,4.72605486827986e-08,8.92512094705709e-05,-8.07612231284467e-07,0.000743824225570082
31970.7169987928,-1.20833491214363e-06,-4.43906188050483e-05,-1.94504821127529e-07,-0.000369883366053671,4.66119028824357e-08,8.86364877225149e-05,-7.96525815913341e-07,0.000738701227646372
32192.4386661572,-1.19174864994833e-06,-4.408475247422e-05,-1.91835364596119e-07,-0.000367335766136095,4.59721581116369e-08,8.80260000953173e-05,-7.85591588936809e-07,0.000733613513677158
32415.6980061919,-1.175390046937e-06,-4.37809954525016e-05,-1.8920253688712e-07,-0.000364805713980203,4.53411922687955e-08,8.74197174208813e-05,-7.74807461173441e-07,0.000728560840650297
32640.5056828852,-1.15925597866347e-06,-4.34793331570709e-05,-1.86605835612352e-07,-0.000362293088697786,4.47188849260941e-08,8.6817610732126e-05,-7.64171372121799e-07,0.000723542967227319
32866.8724341813,-1.14334336355264e-06,-4.31797511066757e-05,-1.84044765268425e-07,-0.000359797770233859,4.41051173065942e-08,8.6219651261601e-05,-7.53681289566727e-07,0.000718559653731909
33094.8090724944,-1.12764916231245e-06,-4.28822349209109e-05,-1.81518837142539e-07,-0.000357319639360902,4.34997722616346e-08,8.56258104401072e-05,-7.43335209191009e-07,0.00071361066213845
33324.3264852235,-1.11217037735398e-06,-4.25867703195019e-05,-1.79027569219584e-07,-0.000354858577673156,4.29027342485405e-08,8.50360598953307e-05,-7.33131154192389e-07,0.000708695756060668
33555.4356352742,-1.09690405221947e-06,-4.22933431215912e-05,-1.76570486090495e-07,-0.000352414467580942,4.23138893086357e-08,8.44503714504828e-05,-7.23067174905824e-07,0.000703814700740326
33788.1475615808,-1.08184727101819e-06,-4.20019392450336e-05,-1.74147118861863e-07,-0.000349987192305038,4.17331250455564e-08,8.3868717122952e-05,-7.13141348430951e-07,0.00069896726303603
34022.4733796346,-1.06699715787001e-06,-4.17125447056934e-05,-1.71757005066775e-07,-0.000347576635871079,4.11603306038593e-08,8.32910691229638e-05,-7.0335177826463e-07,0.000694153211412075
34258.4242820144,-1.05235087635663e-06,-4.14251456167495e-05,-1.69399688576876e-07,-0.000345182683104003,4.05953966479241e-08,8.27173998522509e-05,-6.93696593938584e-07,0.000689372315927403
34496.0115389212,-1.03790562898035e-06,-4.1139728188004e-05,-1.67074719515624e-07,-0.000342805219622539,4.00382153411415e-08,8.21476819027308e-05,-6.84173950661953e-07,0.000684624348224609
34735.2464987164,-1.02365865663017e-06,-4.08562787251971e-05,-1.64781654172732e-07,-0.000340444131833724,3.94886803253887e-08,8.15818880551955e-05,-6.74782028968817e-07,0.000679909081519044
34976.1405884643,-1.00960723805532e-06,-4.05747836293261e-05,-1.62520054919776e-07,-0.000338099306927463,3.89466867007811e-08,8.10199912780066e-05,-6.65519034370503e-07,0.000675226290587974
35218.7053144771,-9.95748689345895e-07,-4.02952293959707e-05,-1.60289490126959e-07,-0.000335770632871134,3.84121310057054e-08,8.04619647258034e-05,-6.56383197012713e-07,0.000670575751759833
35462.9522628655,-9.82080363420716e-07,-4.0017602614622e-05,-1.58089534080998e-07,-0.00033345799840421,3.7884911197121e-08,7.99077817382155e-05,-6.47372771337315e-07,0.000665957242903529
35708.8931000911,-9.68599649522132e-07,-3.9741889968018e-05,-1.55919766904155e-07,-0.000331161293032945,3.7364926631134e-08,7.93574158385894e-05,-6.38486035748824e-07,0.000661370543417848
35956.5395735246,-9.55303972717757e-07,-3.94680782314824e-05,-1.53779774474341e-07,-0.000328880407025071,3.68520780438338e-08,7.88108407327187e-05,-6.29721292285413e-07,0.000656815434220905
36205.9035120061,-9.42190793409088e-07,-3.91961542722698e-05,-1.51669148346345e-07,-0.000326615231404556,3.63462675323946e-08,7.82680303075876e-05,-6.21076866294488e-07,0.00065229169773969
36456.9968264106,-9.29257606846787e-07,-3.8926105048915e-05,-1.49587485674111e-07,-0.000324365657946373,3.58473985364316e-08,7.77289586301196e-05,-6.12551106112675e-07,0.000647799117899672
36709.831510217,-9.16501942652657e-07,-3.86579176105869e-05,-1.47534389134089e-07,-0.000322131579171327,3.5355375819615e-08,7.71935999459371e-05,-6.04142382750229e-07,0.000643337480114475
36964.4196400802,-9.03921364348168e-07,-3.83915790964484e-05,-1.45509466849633e-07,-0.000319912888340909,3.4870105451534e-08,7.66619286781292e-05,-5.95849089579773e-07,0.000638906571275642
37220.7733764093,-8.91513468889407e-07,-3.81270767350194e-05,-1.43512332316424e-07,-0.000317709479452179,3.43914947898084e-08,7.61339194260264e-05,-5.87669642029287e-07,0.000634506179742441
37478.9049639467,-8.79275886208456e-07,-3.7864397843546e-05,-1.41542604328921e-07,-0.0003155212472327,3.39194524624455e-08,7.56095469639867e-05,-5.79602477279348e-07,0.000630136095331768
37738.8267323548,-8.67206278761002e-07,-3.76035298273732e-05,-1.39599906907803e-07,-0.000313348087135491,3.34538883504372e-08,7.50887862401865e-05,-5.71646053964488e-07,0.000625796109308102
38000.5510968034,-8.55302341080208e-07,-3.73444601793234e-05,-1.37683869228418e-07,-0.000311189895334027,3.29947135705961e-08,7.45716123754239e-05,-5.63798851878691e-07,0.000621486014373542
38264.0905585636,-8.43561799336639e-07,-3.70871764790782e-05,-1.35794125550196e-07,-0.000309046568717264,3.25418404586255e-08,7.40580006619262e-05,-5.56059371684894e-07,0.000617205604657895
38529.4577056047,-8.31982410904279e-07,-3.6831666392566e-05,-1.33930315147034e-07,-0.00030691800488471,3.20951825524209e-08,7.35479265621689e-05,-5.48426134628516e-07,0.000612954675708858
38796.6652131954,-8.20561963932442e-07,-3.65779176713532e-05,-1.32092082238627e-07,-0.000304804102141514,3.16546545755999e-08,7.30413657077012e-05,-5.40897682254878e-07,0.000608733024482239
39065.7258445091,-8.09298276923607e-07,-3.63259181520406e-05,-1.30279075922742e-07,-0.000302704759493609,3.12201724212579e-08,7.25382938979799e-05,-5.33472576130547e-07,0.00060454044933227
39336.6524512341,-7.98189198316983e-07,-3.60756557556634e-05,-1.28490950108409e-07,-0.000300619876642868,3.07916531359443e-08,7.20386870992114e-05,-5.26149397568462e-07,0.000600376750001967
39609.4579741865,-7.87232606077849e-07,-3.58271184870965e-05,-1.26727363450038e-07,-0.000298549353982312,3.03690149038605e-08,7.15425214432022e-05,-5.18926747356872e-07,0.000596241727613575
39884.1554439296,-7.76426407292451e-07,-3.55802944344637e-05,-1.24987979282421e-07,-0.000296493092591333,2.99521770312703e-08,7.10497732262162e-05,-5.11803245491963e-07,0.000592135184659061
40160.7579813948,-7.65768537768528e-07,-3.53351717685514e-05,-1.23272465556635e-07,-0.000294450994230971,2.95410599311277e-08,7.05604189078416e-05,-5.04777530914184e-07,0.000588056924990684
40439.2787985098,-7.55256961641243e-07,-3.50917387422262e-05,-1.21580494776809e-07,-0.000292422961339203,2.91355851079109e-08,7.00744351098635e-05,-4.97848261248168e-07,0.000584006753811626
40719.7311988284,-7.44889670984585e-07,-3.48499836898578e-05,-1.19911743937771e-07,-0.000290408897026278,2.87356751426675e-08,6.95917986151465e-05,-4.91014112546244e-07,0.000579984477666692
41002.1285781671,-7.34664685428039e-07,-3.46098950267443e-05,-1.18265894463527e-07,-0.000288408705070078,2.83412536782605e-08,6.91124863665231e-05,-4.84273779035455e-07,0.000575989904433061
41286.4844252437,-7.24580051778562e-07,-3.43714612485443e-05,-1.16642632146601e-07,-0.000286422289911517,2.79522454048196e-08,6.86364754656915e-05,-4.7762597286806e-07,0.00057202284331112
41572.812322323,-7.14633843647699e-07,-3.41346709307103e-05,-1.15041647088186e-07,-0.000284449556649964,2.75685760453891e-08,6.81637431721191e-05,-4.71069423875453e-07,0.000568083104815344
41861.1259458642,-7.04824161083855e-07,-3.38995127279288e-05,-1.1346263363913e-07,-0.000282490411038705,2.71901723417733e-08,6.76942669019558e-05,-4.64602879325468e-07,0.00056417050076525
42151.4390671752,-6.95149130209563e-07,-3.36659753735623e-05,-1.11905290341713e-07,-0.000280544759480429,2.68169620405747e-08,6.72280242269526e-05,-4.58225103683008e-07,0.000560284844276404
42443.7655530697,-6.85606902863774e-07,-3.34340476790974e-05,-1.10369319872233e-07,-0.000278612509022755,2.64488738794246e-08,6.67649928733899e-05,-4.51934878373968e-07,0.000556425949751504
42738.1193665299,-6.76195656249007e-07,-3.32037185335951e-05,-1.08854428984367e-07,-0.000276693567353778,2.60858375734004e-08,6.63051507210106e-05,-4.45731001552388e-07,0.000552593632871504
43034.5145673733,-6.66913592583377e-07,-3.29749769031467e-05,-1.07360328453316e-07,-0.000274787842797658,2.57277838016301e-08,6.58484758019633e-05,-4.39612287870825e-07,0.00054878771058682
43332.9653129246,-6.57758938757359e-07,-3.2747811830332e-05,-1.05886733020702e-07,-0.000272895244310228,2.5374644194079e-08,6.53949462997506e-05,-4.3357756825384e-07,0.00054500800110858
43633.4858586911,-6.48729945995293e-07,-3.25222124336835e-05,-1.0443336134023e-07,-0.000271015681474643,2.50263513185187e-08,6.49445405481864e-05,-4.27625689674641e-07,0.000541254323899949
43936.0905590448,-6.39824889521498e-07,-3.22981679071521e-05,-1.02999935924084e-07,-0.000269149064497049,2.46828386676723e-08,6.44972370303586e-05,-4.21755514934748e-07,0.000537526499667497
44240.7938679069,-6.31042068230998e-07,-3.20756675195791e-05,-1.01586183090065e-07,-0.000267295304202293,2.43440406465378e-08,6.40530143776008e-05,-4.15965922446718e-07,0.000533824350352645
44547.6103394389,-6.22379804364727e-07,-3.18547006141701e-05,-1.0019183290944e-07,-0.000265454312029648,2.40098925598831e-08,6.36118513684697e-05,-4.10255806019825e-07,0.000530147699123151
44856.5546287376,-6.1383644318923e-07,-3.16352566079736e-05,-9.88166191555183e-08,-0.000263626000028587,2.36803305999136e-08,6.31737269277306e-05,-4.04624074648713e-07,0.000526496370364674
45167.641492535,-6.05410352680711e-07,-3.14173249913636e-05,-9.74602792529186e-08,-0.000261810280854564,2.33552918341071e-08,6.27386201253487e-05,-3.99069652304911e-07,0.000522870189672376
45480.8857899031,-5.97099923213457e-07,-3.12008953275255e-05,-9.61225542275391e-08,-0.000260007067764847,2.3034714193217e-08,6.23065101754891e-05,-3.93591477731253e-07,0.0005192689838426
45796.3024829641,-5.889035672525e-07,-3.09859572519454e-05,-9.48031886572052e-08,-0.000258216274614356,2.27185364594378e-08,6.18773764355215e-05,-3.88188504239081e-07,0.000515692580864592
46113.9066376045,-5.80819719050524e-07,-3.07725004719043e-05,-9.35019306229981e-08,-0.000256437815851553,2.24066982547345e-08,6.1451198405034e-05,-3.82859699508267e-07,0.000512140809912292
46433.713424195,-5.72846834348898e-07,-3.05605147659747e-05,-9.22185316612444e-08,-0.000254671606514343,2.20991400293298e-08,6.1027955724852e-05,-3.77604045389948e-07,0.000508613501336165
46755.7381183149,-5.64983390082844e-07,-3.03499899835215e-05,-9.09527467161663e-08,-0.000252917562226013,2.17958030503508e-08,6.06076281760652e-05,-3.72420537712002e-07,0.000505110486655109
47079.9961014825,-5.57227884090611e-07,-3.01409160442061e-05,-8.97043340931766e-08,-0.000251175599191193,2.14966293906296e-08,6.01901956790597e-05,-3.67308186087159e-07,0.000501631598548396
47406.5028618884,-5.49578834826675e-07,-2.99332829374949e-05,-8.84730554128153e-08,-0.00024944563419185,2.12015619176584e-08,5.9775638292559e-05,-3.62266013723782e-07,0.000498176670847694
47735.2739951367,-5.4203478107884e-07,-2.97270807221702e-05,-8.72586755653133e-08,-0.000247727584583305,2.09105442826943e-08,5.93639362126691e-05,-3.57293057239212e-07,0.000494745538529116
48066.3252049891,-5.34594281689244e-07,-2.95222995258457e-05,-8.60609626657828e-08,-0.000246021368290287,2.06235209100157e-08,5.89550697719328e-05,-3.52388366475708e-07,0.000491338037705352
48399.6723041153,-5.27255915279174e-07,-2.93189295444844e-05,-8.48796880100143e-08,-0.000244326903802995,2.03404369863229e-08,5.85490194383877e-05,-3.47551004318885e-07,0.000487954005617828
48735.331214848,-5.20018279977672e-07,-2.91169610419212e-05,-8.37146260308854e-08,-0.000242644110173212,2.00612384502863e-08,5.81457658146338e-05,-3.42780046518664e-07,0.000484593280628944
49073.317969944,-5.12879993153839e-07,-2.89163843493879e-05,-8.25655542553591e-08,-0.000240972907010424,1.97858719822359e-08,5.77452896369045e-05,-3.38074581512671e-07,0.000481255702214342
49413.6487133493,-5.05839691152847e-07,-2.87171898650423e-05,-8.14322532620785e-08,-0.00023931321447798,1.95142849939937e-08,5.73475717741468e-05,-3.33433710252063e-07,0.000477941110955252
49756.3397009709,-4.98896029035528e-07,-2.85193680535001e-05,-8.03145066395331e-08,-0.000237664953289273,1.92464256188433e-08,5.69525932271051e-05,-3.28856546029744e-07,0.000474649348530865
50101.4073014524,-4.92047680321581e-07,-2.83229094453707e-05,-7.92121009448067e-08,-0.000236028044703947,1.89822427016391e-08,5.65603351274142e-05,-3.24342214310944e-07,0.000471380257710781
50448.8679969571,-4.85293336736256e-07,-2.81278046367962e-05,-7.81248256628811e-08,-0.00023440241052413,1.87216857890487e-08,5.61707787366958e-05,-3.19889852566113e-07,0.000468133682347492
50798.7383839539,-4.78631707960555e-07,-2.79340442889934e-05,-7.70524731665049e-08,-0.000232787973090699,1.84647051199311e-08,5.57839054456636e-05,-3.15498610106124e-07,0.00046490946736893
51151.0351740109,-4.72061521384827e-07,-2.77416191277995e-05,-7.59948386766056e-08,-0.000231184655279558,1.82112516158448e-08,5.53996967732326e-05,-3.11167647919723e-07,0.000461707458771054
51505.7751945938,-4.65581521865755e-07,-2.75505199432205e-05,-7.49517202232457e-08,-0.000229592380497959,1.79612768716872e-08,5.5018134365636e-05,-3.06896138513222e-07,0.000458527503610498
51862.9753898685,-4.59190471486689e-07,-2.73607375889839e-05,-7.39229186071163e-08,-0.000228011072680832,1.77147331464618e-08,5.46391999955479e-05,-3.02683265752391e-07,0.00045536944999727
52222.6528215118,-4.52887149321238e-07,-2.71722629820931e-05,-7.29082373615513e-08,-0.00022644065628715,1.74715733541711e-08,5.42628755612109e-05,-2.98528224706511e-07,0.000452233147087486
52584.8246695256,-4.46670351200139e-07,-2.69850871023865e-05,-7.19074827150688e-08,-0.000224881056296319,1.72317510548361e-08,5.38891430855718e-05,-2.94430221494583e-07,0.000449118445076178
52949.5082330576,-4.40538889481289e-07,-2.67992009920985e-05,-7.0920463554419e-08,-0.000223332198204584,1.69952204456365e-08,5.3517984715421e-05,-2.90388473133632e-07,0.000446025195190127
53316.7209312277,-4.34491592822966e-07,-2.66145957554247e-05,-6.99469913881433e-08,-0.000221794008021475,1.67619363521742e-08,5.31493827205398e-05,-2.86402207389111e-07,0.00044295324968077
53686.4803039601,-4.28527305960129e-07,-2.64312625580892e-05,-6.89868803106288e-08,-0.00022026641226626,1.65318542198553e-08,5.2783319492852e-05,-2.82470662627342e-07,0.000439902461817127
54058.8040128205,-4.22644889483813e-07,-2.62491926269158e-05,-6.80399469666568e-08,-0.000218749337964438,1.63049301053908e-08,5.24197775455829e-05,-2.78593087669996e-07,0.000436872685878811
54433.709841861,-4.16843219623534e-07,-2.60683772494021e-05,-6.71060105164352e-08,-0.000217242712644247,1.60811206684132e-08,5.20587395124224e-05,-2.74768741650556e-07,0.00043386377714905
54811.215698468,-4.11121188032686e-07,-2.5888807773296e-05,-6.61848926011125e-08,-0.000215746464333198,1.58603831632088e-08,5.17001881466957e-05,-2.70996893872772e-07,0.000430875591907789
55191.3396142186,-4.05477701576878e-07,-2.57104756061763e-05,-6.52764173087598e-08,-0.000214260521554633,1.56426754305618e-08,5.13441063205378e-05,-2.67276823671036e-07,0.000427907987424818
55574.0997457415,-3.99911682125181e-07,-2.55333722150353e-05,-6.43804111408237e-08,-0.000212784813324313,1.5427955889712e-08,5.09904770240754e-05,-2.6360782027269e-07,0.000424960821952956
55959.5143755845,-3.9442206634423e-07,-2.53574891258649e-05,-6.34967029790331e-08,-0.000211319269147015,1.5216183530421e-08,5.06392833646135e-05,-2.59989182662215e-07,0.000422033954721281
56347.6019130871,-3.8900780549516e-07,-2.51828179232457e-05,-6.26251240527656e-08,-0.000209863819013168,1.50073179051486e-08,5.02905085658279e-05,-2.56420219447291e-07,0.000419127245928408
56738.380895261,-3.83667865233319e-07,-2.50093502499385e-05,-6.17655079068537e-08,-0.000208418393395504,1.48013191213346e-08,4.99441359669628e-05,-2.52900248726692e-07,0.000416240556735807
57131.8699876742,-3.78401225410738e-07,-2.48370778064795e-05,-6.09176903698386e-08,-0.000206982923245733,1.45981478337885e-08,4.96001490220352e-05,-2.49428597959995e-07,0.000413373749261179
57528.0879853436,-3.73206879881299e-07,-2.46659923507777e-05,-6.00815095226538e-08,-0.000205557339991241,1.43977652371814e-08,4.9258531299043e-05,-2.46004603839075e-07,0.000410526686571861
57927.053813632,-3.68083836308594e-07,-2.44960856977154e-05,-5.92568056677412e-08,-0.000204141575531815,1.42001330586428e-08,4.89192664791803e-05,-2.42627612161373e-07,0.000407699232678295
58328.7865291527,-3.63031115976393e-07,-2.43273497187518e-05,-5.8443421298587e-08,-0.00020273556223638,1.40052135504566e-08,4.85823383560566e-05,-2.39296977704892e-07,0.000404891252527524
58733.3053206791,-3.58047753601746e-07,-2.41597763415288e-05,-5.76412010696782e-08,-0.000201339232939776,1.38129694828592e-08,4.82477308349228e-05,-2.36012064104921e-07,0.00040210261199675
59140.6295100621,-3.53132797150616e-07,-2.39933575494803e-05,-5.68499917668678e-08,-0.000199952520939537,1.36233641369354e-08,4.7915427931901e-05,-2.32772243732436e-07,0.000399333177886918
59550.7785531519,-3.48285307656071e-07,-2.38280853814438e-05,-5.60696422781483e-08,-0.000198575359992707,1.34363612976114e-08,4.75854137732217e-05,-2.29576897574191e-07,0.000396582817916364
59963.7720407286,-3.43504359038942e-07,-2.36639519312748e-05,-5.53000035648231e-08,-0.000197207684312672,1.32519252467445e-08,4.72576725944635e-05,-2.26425415114434e-07,0.000393851400714489
60379.6296994364,-3.38789037930968e-07,-2.35009493474646e-05,-5.45409286330755e-08,-0.000195849428566018,1.30700207563069e-08,4.69321887398009e-05,-2.23317194218262e-07,0.00039113879581549
60798.3713927276,-3.34138443500347e-07,-2.33390698327591e-05,-5.37922725059248e-08,-0.0001945005278694,1.28906130816632e-08,4.6608946661255e-05,-2.20251641016568e-07,0.000388444873652122
61220.0171218097,-3.29551687279695e-07,-2.3178305643783e-05,-5.30538921955685e-08,-0.000193160917786448,1.27136679549404e-08,4.62879309179511e-05,-2.17228169792575e-07,0.000385769505549517
61644.5870266023,-3.25027892996351e-07,-2.30186490906636e-05,-5.23256466761021e-08,-0.000191830534324682,1.25391515784878e-08,4.59691261753799e-05,-2.14246202869921e-07,0.000383112563719031
62072.1013866976,-3.20566196405032e-07,-2.28600925366601e-05,-5.16073968566137e-08,-0.000190509313932455,1.23670306184276e-08,4.56525172046652e-05,-2.11305170502284e-07,0.000380473921252147
62502.5806223305,-3.16165745122753e-07,-2.2702628397793e-05,-5.08990055546458e-08,-0.000189197193495914,1.21972721982929e-08,4.53380888818353e-05,-2.08404510764521e-07,0.000377853452114404
62936.0452953524,-3.11825698466046e-07,-2.25462491424784e-05,-5.02003374700227e-08,-0.000187894110335984,1.2029843892754e-08,4.5025826187101e-05,-2.05543669445303e-07,0.000375251031139391
63372.5161102152,-3.07545227290382e-07,-2.2390947291163e-05,-4.95112591590347e-08,-0.000186600002205369,1.18647137214298e-08,4.47157142041368e-05,-2.0272209994122e-07,0.000372666534022754
63812.0139149584,-3.03323513831825e-07,-2.22367154159633e-05,-4.88316390089775e-08,-0.000185314807285581,1.17018501427842e-08,4.44077381193687e-05,-1.99939263152349e-07,0.000370099837316267
64254.5597022062,-2.99159751550828e-07,-2.20835461403055e-05,-4.81613472130386e-08,-0.000184038464183978,1.15412220481065e-08,4.41018832212654e-05,-1.97194627379238e-07,0.000367550818421936
64700.1746101695,-2.950531449782e-07,-2.19314321385702e-05,-4.75002557455305e-08,-0.000182770911930837,1.13827987555742e-08,4.37981348996361e-05,-1.94487668221326e-07,0.000365019355586139
65148.8799236562,-2.91002909563167e-07,-2.17803661357374e-05,-4.68482383374601e-08,-0.000181512089976436,1.12265500043968e-08,4.34964786449312e-05,-1.91817868476742e-07,0.000362505327893813
65600.697075087,-2.87008271523532e-07,-2.16303409070356e-05,-4.62051704524367e-08,-0.000180261938188157,1.10724459490402e-08,4.31969000475498e-05,-1.89184718043483e-07,0.000360008615262679
66055.6476455202,-2.83068467697879e-07,-2.14813492775925e-05,-4.55709292629056e-08,-0.000179020396847617,1.09204571535307e-08,4.28993847971499e-05,-1.86587713821953e-07,0.000357529098437506
66513.7533656814,-2.79182745399812e-07,-2.13333841220889e-05,-4.49453936267119e-08,-0.00017778740664781,1.07705545858361e-08,4.26039186819658e-05,-1.84026359618835e-07,0.000355066658984415
66975.0361170023,-2.75350362274193e-07,-2.11864383644139e-05,-4.43284440639821e-08,-0.000176562908690271,1.06227096123246e-08,4.23104875881274e-05,-1.81500166052284e-07,0.00035262117928522
67439.5179326655,-2.71570586155351e-07,-2.1040504977324e-05,-4.37199627343249e-08,-0.000175346844482267,1.04768939922993e-08,4.2019077498987e-05,-1.79008650458426e-07,0.000350192542531813
67907.2209986571,-2.67842694927237e-07,-2.08955769821031e-05,-4.31198334143421e-08,-0.000174139155933992,1.03330798726079e-08,4.17296744944484e-05,-1.76551336799128e-07,0.000347780632720585
68378.167654826,-2.64165976385501e-07,-2.07516474482264e-05,-4.25279414754505e-08,-0.000172939785355799,1.01912397823262e-08,4.14422647503023e-05,-1.74127755571053e-07,0.000345385334646883
68852.3803959518,-2.60539728101454e-07,-2.06087094930251e-05,-4.19441738620053e-08,-0.000171748675455437,1.00513466275142e-08,4.11568345375649e-05,-1.71737443715944e-07,0.000343006533899506
69329.8818728181,-2.56963257287907e-07,-2.0466756281355e-05,-4.13684190697248e-08,-0.000170565769335314,9.91337368604442e-09,4.08733702218228e-05,-1.69379944532158e-07,0.000340644116855247
69810.6948932956,-2.53435880666842e-07,-2.03257810252663e-05,-4.08005671244104e-08,-0.000169391010489779,9.77729460250121e-09,4.05918582625802e-05,-1.67054807587393e-07,0.000338297970673457
70294.8424234306,-2.49956924338903e-07,-2.01857769836762e-05,-4.02405095609582e-08,-0.00016822434280242,9.64308338314964e-09,4.0312285212613e-05,-1.64761588632639e-07,0.000335967983290664
70782.3475885425,-2.46525723654676e-07,-2.00467374620437e-05,-3.9688139402658e-08,-0.000167065710543381,9.51071439097357e-09,4.00346377173249e-05,-1.62499849517284e-07,0.000333654043415212
71273.2336743282,-2.43141623087743e-07,-1.99086558120468e-05,-3.91433511407773e-08,-0.0001659150583667,9.38016234078185e-09,3.97589025141103e-05,-1.60269158105408e-07,0.000331356040521952
71767.5241279742,-2.3980397610946e-07,-1.9771525431262e-05,-3.86060407144233e-08,-0.000164772331307664,9.25140229438135e-09,3.94850664317198e-05,-1.5806908819321e-07,0.000329073864846961
72265.2425592773,-2.36512145065473e-07,-1.96353397628455e-05,-3.80761054906822e-08,-0.000163637474780179,9.12440965581645e-09,3.92131163896308e-05,-1.55899219427573e-07,0.000326807407382295
72766.4127417709,-2.3326550105392e-07,-1.95000922952178e-05,-3.75534442450314e-08,-0.000162510434574166,8.99916016667371e-09,3.89430393974229e-05,-1.53759137225757e-07,0.000324556559870789
73271.058613862,-2.30063423805298e-07,-1.93657765617489e-05,-3.70379571420175e-08,-0.000161391156852963,8.87562990145071e-09,3.86748225541564e-05,-1.51648432696177e-07,0.000322321214800882
73779.2042799737,-2.26905301563997e-07,-1.92323861404477e-05,-3.6529545716203e-08,-0.000160279588150761,8.75379526298888e-09,3.84084530477565e-05,-1.49566702560281e-07,0.000320101265401483
74290.8740116972,-2.23790530971431e-07,-1.90999146536514e-05,-3.60281128533699e-08,-0.00015917567537004,8.63363297796831e-09,3.81439181544002e-05,-1.47513549075498e-07,0.000317896605636869
74806.0922489501,-2.20718516950807e-07,-1.89683557677191e-05,-3.55335627719857e-08,-0.000158079365779039,8.51512009246505e-09,3.78812052379091e-05,-1.4548857995924e-07,0.000315707130201627
75324.8836011454,-2.17688672593444e-07,-1.88377031927259e-05,-3.50458010049189e-08,-0.000156990607009229,8.39823396756859e-09,3.7620301749145e-05,-1.43491408313952e-07,0.000313532734515615
75847.2728483651,-2.14700419046673e-07,-1.87079506821604e-05,-3.45647343814088e-08,-0.000155909347052815,8.2829522750602e-09,3.73611952254105e-05,-1.41521652553189e-07,0.000311373314718972
76373.2849425456,-2.11753185403264e-07,-1.85790920326236e-05,-3.40902710092799e-08,-0.000154835534260247,8.16925299314978e-09,3.7103873289853e-05,-1.39578936328705e-07,0.000309228767667159
76902.9450086679,-2.08846408592381e-07,-1.84511210835302e-05,-3.36223202574024e-08,-0.000153769117337755,8.05711440227189e-09,3.6848323650874e-05,-1.37662888458548e-07,0.000307098990926028
77436.2783459591,-2.05979533272017e-07,-1.83240317168116e-05,-3.31607927383909e-08,-0.000152710045344896,7.94651508093875e-09,3.6594534101541e-05,-1.35773142856137e-07,0.000304983882766931
77973.3104290997,-2.03152011722923e-07,-1.81978178566218e-05,-3.27056002915422e-08,-0.00015165826769212,7.83743390165073e-09,3.63424925190047e-05,-1.33909338460321e-07,0.000302883342161861
78514.0669094413,-2.00363303743979e-07,-1.80724734690444e-05,-3.22566559660058e-08,-0.000150613734138349,7.72985002686242e-09,3.60921868639193e-05,-1.32071119166384e-07,0.000300797268778629
79058.5736162311,-1.97612876549012e-07,-1.79479925618025e-05,-3.1813874004186e-08,-0.000149576394788582,7.62374290500439e-09,3.58436051798674e-05,-1.30258133758012e-07,0.000298725562976067
79606.8565578463,-1.94900204665018e-07,-1.78243691839698e-05,-3.13771698253708e-08,-0.000148546200091507,7.51909226655924e-09,3.55967355927888e-05,-1.28470035840183e-07,0.000296668125799271
80158.9419230357,-1.92224769831791e-07,-1.77015974256846e-05,-3.09464600095862e-08,-0.000147523100837131,7.41587812019168e-09,3.53515663104128e-05,-1.26706483772989e-07,0.000294624858974878
80714.8560821713,-1.89586060902924e-07,-1.7579671417865e-05,-3.05216622816708e-08,-0.000146507048154434,7.31408074893148e-09,3.51080856216948e-05,-1.2496714060635e-07,0.000292595664906363
81274.6255885071,-1.86983573748173e-07,-1.7458585331927e-05,-3.01026954955696e-08,-0.000145497993509027,7.21368070640903e-09,3.48662818962569e-05,-1.23251674015647e-07,0.00029058044666939
81838.2771794484,-1.8441681115715e-07,-1.73383333795032e-05,-2.96894796188427e-08,-0.000144495888700838,7.11465881314211e-09,3.46261435838317e-05,-1.21559756238212e-07,0.000288579108007168
82405.8377778279,-1.81885282744357e-07,-1.72189098121651e-05,-2.92819357173872e-08,-0.000143500685861808,7.01699615287425e-09,3.43876592137112e-05,-1.19891064010718e-07,0.000286591553325867
82977.3344931927,-1.79388504855498e-07,-1.71003089211461e-05,-2.88799859403672e-08,-0.000142512337453597,6.92067406896247e-09,3.41508173941977e-05,-1.18245278507402e-07,0.000284617687690043
83552.7946230977,-1.76926000475106e-07,-1.69825250370673e-05,-2.84835535053518e-08,-0.000141530796265322,6.82567416081536e-09,3.391560681206e-05,-1.16622085279157e-07,0.000282657416818107
84132.2456544116,-1.74497299135408e-07,-1.68655525296641e-05,-2.8092562683656e-08,-0.000140556015411294,6.73197828037945e-09,3.36820162319929e-05,-1.15021174193447e-07,0.000280710647077821
84715.7152646274,-1.72101936826465e-07,-1.67493858075162e-05,-2.77069387858837e-08,-0.00013958794832878,6.63956852867411e-09,3.34500344960803e-05,-1.13442239375053e-07,0.000278777285481825
85303.2313231867,-1.69739455907527e-07,-1.66340193177782e-05,-2.73266081476669e-08,-0.000138626548775779,6.54842725237371e-09,3.32196505232614e-05,-1.11884979147628e-07,0.000276857239683198
85894.8218928089,-1.67409405019622e-07,-1.65194475459128e-05,-2.69514981156039e-08,-0.000137671770828809,6.45853704043701e-09,3.29908533088025e-05,-1.10349095976064e-07,0.000274950417971045
86490.5152308334,-1.65111338999326e-07,-1.64056650154256e-05,-2.65815370333856e-08,-0.000136723568880715,6.3698807207823e-09,3.27636319237699e-05,-1.08834296409634e-07,0.000273056729266115
87090.3397905676,-1.62844818793731e-07,-1.62926662876018e-05,-2.62166542281172e-08,-0.000135781897638491,6.28244135700871e-09,3.25379755145084e-05,-1.07340291025931e-07,0.000271176083116456
87694.3242226474,-1.60609411376572e-07,-1.61804459612447e-05,-2.58567799968232e-08,-0.00013484671212111,6.19620224516191e-09,3.23138733021226e-05,-1.05866794375565e-07,0.000269308389693088
88302.4973764047,-1.58404689665511e-07,-1.60689986724164e-05,-2.55018455931406e-08,-0.000133917967657383,6.11114691054474e-09,3.20913145819616e-05,-1.04413524927626e-07,0.000267453559785717
88914.8883012464,-1.56230232440549e-07,-1.59583190941793e-05,-2.51517832141922e-08,-0.000132995619883815,6.02725910457106e-09,3.18702887231079e-05,-1.02980205015892e-07,0.000265611504798471
89531.5262480405,-1.54085624263564e-07,-1.58484019363408e-05,-2.48065259876418e-08,-0.000132079624742493,5.94452280166324e-09,3.16507851678693e-05,-1.01566560785776e-07,0.000263782136745674
90152.440670515,-1.51970455398949e-07,-1.57392419451988e-05,-2.44660079589252e-08,-0.000131169938478978,5.86292219619174e-09,3.1432793431274e-05,-1.00172322142004e-07,0.000261965368247634
90777.661226663,-1.49884321735344e-07,-1.56308339032892e-05,-2.41301640786587e-08,-0.000130266517640211,5.78244169945716e-09,3.12163031005706e-05,-9.87972226970072e-08,0.000260161112526478
91407.217780161,-1.47826824708434e-07,-1.5523172629135e-05,-2.37989301902172e-08,-0.000129369319072442,5.70306593671316e-09,3.10013038347294e-05,-9.7440999720025e-08,0.000258369283402001
92041.1404017939,-1.45797571224819e-07,-1.5416252976998e-05,-2.34722430174857e-08,-0.000128478299919165,5.62477974423074e-09,3.07877853639495e-05,-9.61033940869076e-08,0.000256589795287556
92679.4593708925,-1.43796173586911e-07,-1.53100698366309e-05,-2.31500401527765e-08,-0.000127593417619071,5.54756816640238e-09,3.05757374891671e-05,-9.47841502306036e-08,0.000254822563185958
93322.2051767786,-1.41822249418887e-07,-1.52046181330323e-05,-2.28322600449136e-08,-0.000126714629904012,5.47141645288617e-09,3.03651500815687e-05,-9.34830160923336e-08,0.000253067502685431
93969.4085202226,-1.39875421593626e-07,-1.50998928262026e-05,-2.25188419874796e-08,-0.000125841894796985,5.39631005578893e-09,3.01560130821071e-05,-9.21997430734272e-08,0.000251324529955573
94621.1003149089,-1.37955318160682e-07,-1.49958889109024e-05,-2.22097261072245e-08,-0.000124975170610125,5.32223462688814e-09,2.99483165010208e-05,-9.09340859878271e-08,0.000249593561743354
95277.3116889132,-1.36061572275219e-07,-1.48926014164113e-05,-2.19048533526328e-08,-0.000124114415942711,5.24917601489179e-09,2.97420504173564e-05,-8.96858030152406e-08,0.000247874515369134
95938.0739861886,-1.34193822127938e-07,-1.47900254062903e-05,-2.16041654826481e-08,-0.000123259589679192,5.17712026273607e-09,2.95372049784951e-05,-8.84546556549382e-08,0.000246167308722722
96603.4187680637,-1.32351710875956e-07,-1.46881559781437e-05,-2.1307605055552e-08,-0.000122410650987217,5.10605360491986e-09,2.93337703996816e-05,-8.7240408680182e-08,0.000244471860259446
97273.3778147489,-1.30534886574641e-07,-1.45869882633845e-05,-2.10151154179954e-08,-0.000121567559315689,5.03596246487604e-09,2.91317369635565e-05,-8.6042830093285e-08,0.000242788088996267
97947.983126856,-1.28743002110374e-07,-1.44865174270001e-05,-2.07266406941806e-08,-0.000120730274392822,4.96683345237856e-09,2.89310950196924e-05,-8.48616910812815e-08,0.0002411159145079
98627.2669269249,-1.26975715134245e-07,-1.43867386673206e-05,-2.04421257751917e-08,-0.000119898756224226,4.8986533609855e-09,2.87318349841327e-05,-8.36967659722118e-08,0.000239455256922982
99311.2616609643,-1.25232687996647e-07,-1.42876472157879e-05,-2.01615163084709e-08,-0.000119072965090983,4.83140916551674e-09,2.85339473389333e-05,-8.25478321920019e-08,0.000237806036920251
100000,-1.23513587682779e-07,-1.41892383367273e-05,-1.98847586874401e-08,-0.000118252861547762,4.76508801956663e-09,2.83374226317085e-05,-8.14146702219391e-08,0.000236168175724763
