Frequency_Hz,Y11_Real,Y11_Imag,Y12_Real,Y12_Imag,Y21_Real,Y21_Imag,Y22_Real,Y22_Imag
0.1,0.454304036618589,-0.00337539401956743,-0.973134856261156,-9.28416578295562e-05,0.0268872876963823,-9.31288815181412e-05,-0.547941043213669,5.89477075020606e-07
0.100693514841637,0.454303991154581,-0.0033988251970872,-0.97313514102641,-9.34833441343548e-05,0.0268873109923985,-9.37765730694124e-05,-0.547941941663328,6.37656768196632e-07
0.10139183931163,0.454303945011007,-0.00342241933779282,-0.973135429753927,-9.41294350456506e-05,0.0268873346097763,-9.44287946138375e-05,-0.547942852560174,6.87091592021377e-07
0.102095006765465,0.454303898177107,-0.0034461775814811,-0.973135722498821,-9.47799601613303e-05,0.0268873585529083,-9.50855783613531e-05,-0.547943776075839,7.37809450437887e-07
0.102803050789954,0.454303850641933,-0.00347010107605131,-0.973136019316975,-9.54349492648578e-05,0.0268873828262456,-9.57469567617106e-05,-0.547944712384296,7.89838839814622e-07
0.103516005204838,0.454303802394347,-0.00349419097756544,-0.973136320265045,-9.60944323262075e-05,0.0268874074342995,-9.64129625064743e-05,-0.547945661661896,8.43208861237704e-07
0.104233904064403,0.454303753423021,-0.00351844845030887,-0.973136625400479,-9.67584395027091e-05,0.0268874323816413,-9.70836285310445e-05,-0.547946624087394,8.97949233132772e-07
0.104956781659108,0.454303703716427,-0.00354287466685156,-0.97313693478152,-9.74270011399533e-05,0.0268874576729035,-9.7758988016701e-05,-0.547947599841986,9.54090304199073e-07
0.105684672517218,0.454303653262838,-0.00356747080810978,-0.973137248467222,-9.81001477726312e-05,0.0268874833127809,-9.84390743926637e-05,-0.547948589109339,1.01166306642336e-06
0.106417611406461,0.45430360205032,-0.00359223806340831,-0.973137566517462,-9.87779101254624e-05,0.0268875093060308,-9.91239213381789e-05,-0.547949592075625,1.07069916852054e-06
0.10715563333568,0.454303550066734,-0.00361717763054322,-0.973137888992945,-9.94603191140087e-05,0.0268875356574742,-9.9813562784627e-05,-0.547950608929554,1.13123092964143e-06
0.107898773556513,0.454303497299725,-0.00364229071584512,-0.973138215955223,-0.000100147405845581,0.0268875623719964,-0.000100508032917651,-0.547951639862409,1.19329135330609e-06
0.108647067565072,0.454303443736722,-0.00366757853424291,-0.973138547466704,-0.000100839201620084,0.026887589454548,-0.000101207366179309,-0.547952685068077,1.25691414159038e-06
0.109400551103639,0.454303389364935,-0.00369304230932814,-0.97313888359066,-0.000101535737930872,0.0268876169101456,-0.000101911597270244,-0.547953744743087,1.32213370973577e-06
0.110159260162376,0.454303334171344,-0.00371868327341988,-0.973139224391247,-0.000102237046465652,0.0268876447438727,-0.00010262076115189,-0.547954819086646,1.38898520090844e-06
0.11092323098104,0.454303278142704,-0.00374450266763008,-0.973139569933509,-0.000102943159107255,0.0268876729608805,-0.000103334893048681,-0.54795590830067,1.45750450140925e-06
0.111692500050717,0.454303221265532,-0.00377050174192961,-0.973139920283396,-0.00010365410793455,0.0268877015663888,-0.000104054028450308,-0.547957012589825,1.52772825605732e-06
0.112467104115564,0.454303163526107,-0.00379668175521467,-0.973140275507775,-0.000104369925223289,0.026887730565687,-0.000104778203113979,-0.547958132161559,1.59969388396214e-06
0.113247080174565,0.454303104910464,-0.00382304397537391,-0.973140635674441,-0.000105090643446902,0.0268877599641346,-0.000105507453066711,-0.547959267226143,1.67343959462871e-06
0.114032465483296,0.454303045404389,-0.00384958967935609,-0.973141000852132,-0.000105816295277374,0.0268877897671625,-0.000106241814607656,-0.547960417996706,1.74900440434375e-06
0.114823297555707,0.454302984993416,-0.00387632015323823,-0.973141371110541,-0.000106546913586051,0.0268878199802736,-0.000106981324310434,-0.547961584689275,1.82642815299214e-06
0.115619614165913,0.454302923662817,-0.00390323669229448,-0.97314174652033,-0.000107282531444484,0.0268878506090439,-0.000107726019025506,-0.54796276752281,1.90575152102246e-06
0.116421453349997,0.454302861397603,-0.00393034060106537,-0.973142127153144,-0.00010802318212523,0.0268878816591235,-0.000108475935882568,-0.547963966719246,1.98701604705101e-06
0.117228853407829,0.454302798182515,-0.0039576331934279,-0.973142513081621,-0.000108768899102695,0.026887913136237,-0.000109231112292969,-0.54796518250353,2.07026414551434e-06
0.118041852904894,0.454302734002017,-0.00398511579266603,-0.973142904379411,-0.000109519716053889,0.0268879450461852,-0.000109991585952155,-0.547966415103664,2.15553912492894e-06
0.118860490674132,0.454302668840296,-0.00401278973154186,-0.973143301121187,-0.000110275666859286,0.0268879773948454,-0.00011075739484215,-0.547967664750742,2.24288520642851e-06
0.1196848058178,0.454302602681251,-0.00404065635236736,-0.973143703382659,-0.000111036785603589,0.0268880101881729,-0.000111528577234047,-0.547968931678992,2.33234754259265e-06
0.120514837709331,0.454302535508492,-0.00406871700707678,-0.973144111240591,-0.000111803106576521,0.0268880434322014,-0.000112305171690539,-0.547970216125818,2.42397223683757e-06
0.12135062599522,0.454302467305327,-0.00409697305729972,-0.97314452477281,-0.000112574664273599,0.0268880771330445,-0.000113087217068481,-0.547971518331842,2.5178063630879e-06
0.122192210596917,0.454302398054765,-0.00412542587443466,-0.973144944058229,-0.000113351493396937,0.0268881112968962,-0.000113874752521463,-0.547972838540944,2.61389798582312e-06
0.123039631712731,0.454302327739502,-0.00415407683972325,-0.973145369176854,-0.000114133628855966,0.0268881459300325,-0.000114667817502435,-0.547974177000309,2.71229618068608e-06
0.123892929819754,0.454302256341919,-0.00418292734432527,-0.973145800209805,-0.000114921105768237,0.0268881810388118,-0.000115466451766338,-0.547975533960467,2.8130510553101e-06
0.124752145675793,0.454302183844074,-0.00421197878939415,-0.973146237239328,-0.000115713959460136,0.0268882166296764,-0.000116270695372784,-0.547976909675336,2.91621377072199e-06
0.125617320321316,0.454302110227697,-0.00424123258615317,-0.973146680348812,-0.00011651222546764,0.0268882527091532,-0.000117080588688755,-0.547978304402273,3.02183656316485e-06
0.126488495081411,0.454302035474181,-0.00427069015597234,-0.973147129622807,-0.000117315939537045,0.0268882892838548,-0.000117896172391335,-0.54797971840211,3.12997276619847e-06
0.127365711567764,0.454301959564577,-0.00430035293044598,-0.973147585147034,-0.000118125137625704,0.0268883263604809,-0.000118717487470473,-0.547981151939206,3.24067683354218e-06
0.128249011680643,0.454301882479584,-0.00433022235147086,-0.973148047008406,-0.000118939855902696,0.0268883639458188,-0.000119544575231781,-0.547982605281492,3.35400436216049e-06
0.129138437610901,0.454301804199545,-0.00436029987132516,-0.973148515295047,-0.000119760130749576,0.0268884020467449,-0.000120377477299352,-0.547984078700517,3.47001211583459e-06
0.130034031841991,0.45430172470444,-0.00439058695274805,-0.9731489900963,-0.000120585998761051,0.0268884406702257,-0.000121216235618632,-0.547985572471495,3.58875804933045e-06
0.130935837151994,0.454301643973875,-0.00442108506901993,-0.973149471502755,-0.000121417496745633,0.0268884798233187,-0.000122060892459295,-0.547987086873351,3.71030133292094e-06
0.131843896615665,0.454301561987076,-0.00445179570404349,-0.973149959606255,-0.00012225466172636,0.0268885195131738,-0.000122911490418184,-0.547988622188775,3.83470237754618e-06
0.132758253606487,0.454301478722882,-0.00448272035242534,-0.973150454499924,-0.000123097530941401,0.0268885597470343,-0.000123768072422255,-0.547990178704266,3.96202286035569e-06
0.133678951798747,0.454301394159735,-0.00451386051955848,-0.973150956278176,-0.000123946141844749,0.0268886005322378,-0.000124630681731579,-0.547991756710183,4.09232575081936e-06
0.134606035169616,0.454301308275675,-0.00454521772170543,-0.973151465036738,-0.000124800532106818,0.0268886418762178,-0.000125499361942365,-0.547993356500796,4.22567533745616e-06
0.135539548001256,0.454301221048327,-0.00457679348608214,-0.973151980872669,-0.000125660739615079,0.0268886837865045,-0.000126374156990021,-0.547994978374335,4.3621372549027e-06
0.136479534882933,0.454301132454897,-0.00460858935094257,-0.973152503884372,-0.00012652680247467,0.026888726270726,-0.000127255111152256,-0.547996622633045,4.5017785117521e-06
0.137426040713143,0.454301042472158,-0.0046406068656641,-0.97315303417162,-0.000127398759008987,0.0268887693366096,-0.00012814226905221,-0.547998289583233,4.64466751879528e-06
0.138379110701763,0.454300951076445,-0.00467284759083366,-0.973153571835573,-0.000128276647760269,0.0268888129919831,-0.000129035675661625,-0.547999979535325,4.7908741178937e-06
0.139338790372205,0.454300858243646,-0.00470531309833463,-0.973154116978792,-0.000129160507490142,0.0268888572447755,-0.000129935376304056,-0.548001692803918,4.94046961148353e-06
0.140305125563594,0.454300763949189,-0.00473800497143449,-0.973154669705267,-0.000130050377180209,0.0268889021030187,-0.000130841416658112,-0.548003429707831,5.0935267925864e-06
0.141278162432955,0.454300668168035,-0.00477092480487339,-0.97315523012043,-0.000130946296032525,0.0268889475748487,-0.000131753842760745,-0.548005190570164,5.25011997547231e-06
0.14225794745742,0.454300570874667,-0.00480407420495324,-0.973155798331177,-0.000131848303470185,0.0268889936685065,-0.000132672701010569,-0.548006975718351,5.41032502696798e-06
0.143244527436446,0.45430047204308,-0.0048374547896279,-0.973156374445893,-0.000132756439137771,0.0268890403923396,-0.000133598038171224,-0.548008785484216,5.57421939834796e-06
0.14423794949405,0.454300371646773,-0.00487106818859401,-0.973156958574462,-0.000133670742901876,0.0268890877548031,-0.00013452990137478,-0.548010620204029,5.74188215788501e-06
0.145238261081064,0.454300269658732,-0.0049049160433826,-0.9731575508283,-0.000134591254851541,0.0268891357644613,-0.000135468338125174,-0.548012480218564,5.9133940240666e-06
0.146245509977397,0.454300166051427,-0.00493900000745171,-0.973158151320366,-0.00013551801529872,0.0268891844299885,-0.000136413396301704,-0.548014365873157,6.0888373995191e-06
0.147259744294318,0.454300060796794,-0.00497332174627968,-0.973158760165192,-0.000136451064778715,0.0268892337601706,-0.000137365124162546,-0.548016277517762,6.26829640545945e-06
0.148281012476756,0.45429995386623,-0.00500788293745929,-0.973159377478897,-0.000137390444050584,0.0268892837639062,-0.000138323570348327,-0.548018215507013,6.45185691711819e-06
0.149309363305612,0.454299845230575,-0.00504268527079291,-0.973160003379215,-0.000138336194097529,0.0268893344502083,-0.000139288783885738,-0.548020180200286,6.63960659956497e-06
0.150344845900091,0.454299734860105,-0.00507773044838832,-0.973160637985513,-0.00013928835612728,0.0268893858282052,-0.000140260814191183,-0.548022171961751,6.83163494448469e-06
0.151387509720044,0.454299622724516,-0.00511302018475554,-0.973161281418819,-0.000140246971572441,0.0268894379071418,-0.000141239711074488,-0.548024191160442,7.02803330757118e-06
0.152437404568337,0.454299508792915,-0.00514855620690443,-0.973161933801837,-0.000141212082090792,0.0268894906963815,-0.000142225524742638,-0.548026238170315,7.22889494674667e-06
0.153494580593225,0.454299393033805,-0.00518434025444337,-0.97316259525898,-0.000142183729565674,0.0268895442054068,-0.000143218305803571,-0.548028313370312,7.43431506106812e-06
0.154559088290748,0.454299275415072,-0.00522037407967851,-0.973163265916385,-0.000143161956106199,0.0268895984438215,-0.000144218105270014,-0.548030417144422,7.64439083047325e-06
0.155630978507143,0.454299155903972,-0.00525665944771435,-0.973163945901942,-0.000144146804047524,0.0268896534213512,-0.000145224974563369,-0.548032549881747,7.85922145633833e-06
0.156710302441275,0.454299034467118,-0.00529319813655484,-0.973164635345317,-0.00014513831595115,0.0268897091478454,-0.000146238965517636,-0.548034711976566,8.07890820276463e-06
0.15779711164708,0.454298911070465,-0.00532999193720578,-0.973165334377976,-0.000146136534605058,0.0268897656332784,-0.00014726013038341,-0.548036903828403,8.30355443882935e-06
0.158891458036027,0.454298785679294,-0.00536704265377778,-0.97316604313321,-0.000147141503023954,0.0268898228877511,-0.000148288521831891,-0.548039125842088,8.53326568147489e-06
0.159993393879601,0.454298658258202,-0.00540435210359053,-0.973166761746163,-0.00014815326444941,0.0268898809214922,-0.000149324192958974,-0.54804137842783,8.76814963945982e-06
0.161102971811794,0.454298528771083,-0.00544192211727782,-0.973167490353852,-0.00014917186235,0.0268899397448597,-0.000150367197289382,-0.548043662001279,9.00831625813558e-06
0.162220244831628,0.454298397181112,-0.00547975453889348,-0.973168229095198,-0.000150197340421427,0.0268899993683423,-0.000151417588780835,-0.548045976983598,9.25387776499337e-06
0.163345266305675,0.454298263450732,-0.0055178512260186,-0.973168978111051,-0.000151229742586585,0.0268900598025608,-0.000152475421828295,-0.548048323801534,9.50494871632124e-06
0.164478089970617,0.454298127541639,-0.00555621404986935,-0.973169737544217,-0.000152269112995635,0.0268901210582698,-0.000153540751268246,-0.548050702887482,9.76164604456209e-06
0.165618769935804,0.454297989414759,-0.00559484489540615,-0.973170507539483,-0.000153315496026006,0.0268901831463589,-0.000154613632383034,-0.548053114679561,1.00240891068581e-05
0.166767360685846,0.454297849030238,-0.00563374566144362,-0.973171288243648,-0.000154368936282411,0.0268902460778543,-0.000155694120905266,-0.548055559621683,1.02923997343865e-05
0.167923917083208,0.45429770634742,-0.00567291826076166,-0.973172079805546,-0.000155429478596791,0.0268903098639204,-0.000156782273022256,-0.548058038163626,1.05667022827147e-05
0.169088494370839,0.454297561324833,-0.00571236462021755,-0.973172882376081,-0.000156497168028272,0.0268903745158609,-0.00015787814538053,-0.548060550761107,1.08471236831831e-05
0.170261148174801,0.454297413920168,-0.00575208668085913,-0.973173696108248,-0.000157572049863037,0.026890440045121,-0.000158981795090394,-0.548063097875856,1.11337934953423e-05
0.171441934506935,0.454297264090261,-0.00579208639803892,-0.973174521157168,-0.000158654169614218,0.0268905064632883,-0.000160093279730548,-0.54806567997569,1.14268439602994e-05
0.172630909767531,0.454297111791075,-0.00583236574152949,-0.973175357680116,-0.000159743573021695,0.0268905737820946,-0.000161212657352773,-0.548068297534591,1.17264100553405e-05
0.173828130748022,0.45429695697768,-0.00587292669563978,-0.973176205836547,-0.00016084030605194,0.0268906420134173,-0.000162339986486665,-0.548070951032776,1.20326295493522e-05
0.1750336546337,0.454296799604231,-0.00591377125933251,-0.973177065788133,-0.000161944414897737,0.0268907111692813,-0.000163475326144433,-0.548073640956783,1.23456430595886e-05
0.176247539006444,0.454296639623952,-0.00595490144634279,-0.973177937698787,-0.000163055945977935,0.02689078126186,-0.000164618735825766,-0.548076367799539,1.26655941094581e-05
0.177469841847474,0.454296476989111,-0.00599631928529779,-0.973178821734698,-0.000164174945937106,0.0268908523034775,-0.000165770275522751,-0.548079132060449,1.29926291874555e-05
0.178700621540116,0.454296311651,-0.00603802681983751,-0.973179718064364,-0.000165301461645218,0.0268909243066096,-0.000166930005724862,-0.548081934245466,1.33268978072046e-05
0.179939936872594,0.454296143559914,-0.00608002610873674,-0.973180626858616,-0.000166435540197244,0.0268909972838857,-0.000168097987424008,-0.548084774867176,1.36685525688324e-05
0.181187847040838,0.454295972665127,-0.0061223192260282,-0.973181548290663,-0.000167577228912717,0.0268910712480904,-0.00016927428211965,-0.54808765444488,1.40177492213914e-05
0.182444411651309,0.454295798914869,-0.00616490826112674,-0.973182482536111,-0.000168726575335268,0.0268911462121649,-0.000170458951823984,-0.548090573504673,1.43746467266212e-05
0.183709690723849,0.454295622256305,-0.00620779531895481,-0.973183429773008,-0.000169883627232083,0.026891222189209,-0.000171652059067187,-0.548093532579529,1.47394073239104e-05
0.184983744694544,0.454295442635508,-0.00625098252006908,-0.973184390181872,-0.000171048432593414,0.0268912991924821,-0.000172853666902732,-0.548096532209382,1.51121965965631e-05
0.186266634418617,0.454295259997436,-0.00629447200078834,-0.973185363945723,-0.000172221039631892,0.0268913772354054,-0.000174063838912779,-0.548099572941215,1.54931835393279e-05
0.187558421173328,0.454295074285905,-0.00633826591332243,-0.973186351250124,-0.000173401496781932,0.0268914563315633,-0.000175282639213625,-0.54810265532914,1.58825406273294e-05
0.188859166660905,0.454294885443565,-0.00638236642590268,-0.973187352283214,-0.000174589852699018,0.0268915364947049,-0.000176510132461234,-0.548105779934488,1.62804438862338e-05
0.190168933011491,0.454294693411872,-0.00642677572291326,-0.973188367235737,-0.000175786156258956,0.0268916177387458,-0.000177746383856834,-0.548108947325893,1.66870729639002e-05
0.191487782786108,0.454294498131063,-0.00647149600502408,-0.973189396301091,-0.000176990456557126,0.0268917000777698,-0.00017899145915259,-0.548112158079382,1.71026112033845e-05
0.192815778979652,0.454294299540126,-0.00651652948932482,-0.973190439675353,-0.000178202802907566,0.0268917835260304,-0.000180245424657346,-0.548115412778462,1.75272457173178e-05
0.194152985023894,0.454294097576772,-0.0065618784094602,-0.97319149755732,-0.000179423244842145,0.0268918680979525,-0.000181508347242456,-0.548118712014213,1.79611674638938e-05
0.195499464790516,0.454293892177408,-0.00660754501576667,-0.973192570148551,-0.000180651832109569,0.0268919538081341,-0.000182780294347668,-0.548122056385371,1.84045713241751e-05
0.196855282594159,0.454293683277103,-0.00665353157541024,-0.973193657653399,-0.000181888614674455,0.0268920406713481,-0.00018406133398711,-0.548125446498429,1.88576561808915e-05
0.198220503195496,0.454293470809562,-0.0066998403725259,-0.973194760279053,-0.000183133642716181,0.0268921287025435,-0.000185351534755343,-0.548128882967721,1.93206249989933e-05
0.199595191804325,0.454293254707092,-0.006746473708358,-0.973195878235577,-0.000184386966627838,0.0268922179168476,-0.000186650965833488,-0.548132366415517,1.97936849075306e-05
0.200979414082682,0.45429303490057,-0.00679343390140233,-0.973197011735948,-0.000185648637015069,0.0268923083295673,-0.00018795969699545,-0.54813589747212,2.02770472832667e-05
0.202373236147981,0.454292811319412,-0.00684072328754934,-0.973198160996098,-0.000186918704694845,0.0268923999561911,-0.000189277798614203,-0.548139476775957,2.07709278357004e-05
0.203776724576168,0.454292583891537,-0.00688834422022884,-0.973199326234957,-0.000188197220694099,0.0268924928123905,-0.000190605341668185,-0.548143104973676,2.12755466941772e-05
0.205189946404906,0.454292352543336,-0.00693629907055607,-0.97320050767449,-0.000189484236248528,0.0268925869140217,-0.000191942397747753,-0.548146782720241,2.17911284961722e-05
0.206612969136771,0.454292117199631,-0.00698459022747911,-0.97320170553974,-0.000190779802801043,0.0268926822771274,-0.000193289039061731,-0.54815051067903,2.23179024775866e-05
0.208045860742482,0.454291877783648,-0.00703322009792785,-0.973202920058876,-0.000192083972000406,0.0268927789179386,-0.000194645338444061,-0.548154289521937,2.28561025646667e-05
0.209488689664142,0.45429163421697,-0.00708219110696417,-0.973204151463228,-0.000193396795699609,0.0268928768528757,-0.000196011369360513,-0.548158119929461,2.34059674678808e-05
0.210941524818514,0.454291386419505,-0.00713150569793385,-0.973205399987338,-0.000194718325954316,0.026892976098551,-0.000197387205915514,-0.548162002590817,2.39677407772587e-05
0.212404435600306,0.45429113430945,-0.00718116633261967,-0.973206665869,-0.000196048615021212,0.0268930766717697,-0.000198772922859043,-0.54816593820403,2.4541671059905e-05
0.21387749188549,0.454290877803241,-0.00723117549139611,-0.973207949349306,-0.000197387715356215,0.0268931785895319,-0.000200168595593636,-0.548169927476036,2.51280119592037e-05
0.215360764034637,0.454290616815526,-0.00728153567338565,-0.973209250672693,-0.000198735679612653,0.0268932818690342,-0.00020157430018148,-0.548173971122788,2.57270222959669e-05
0.21685432289628,0.454290351259111,-0.00733224939661632,-0.973210570086989,-0.000200092560639454,0.0268933865276713,-0.000202990113351594,-0.548178069869358,2.63389661715394e-05
0.218358239810298,0.454290081044926,-0.0073833191981809,-0.973211907843459,-0.000201458411479134,0.0268934925830377,-0.00020441611250711,-0.54818222445004,2.69641130727846e-05
0.21987258661132,0.454289806081978,-0.00743474763439775,-0.973213264196852,-0.000202833285365727,0.0268936000529294,-0.000205852375732662,-0.548186435608453,2.76027379792418e-05
0.22139743563216,0.454289526277306,-0.00748653728097301,-0.973214639405452,-0.000204217235722764,0.0268937089553455,-0.000207298981801858,-0.548190704097652,2.82551214722329e-05
0.222932859707273,0.454289241535935,-0.00753869073316443,-0.973216033731125,-0.000205610316160992,0.0268938193084899,-0.000208756010184861,-0.54819503068023,2.89215498459477e-05
0.224478932176229,0.454288951760834,-0.00759121060594687,-0.973217447439369,-0.00020701258047616,0.0268939311307726,-0.000210223541056072,-0.548199416128426,2.96023152208669e-05
0.22603572688722,0.454288656852861,-0.00764409953417917,-0.973218880799363,-0.000208424082646642,0.026894044440812,-0.000211701655301907,-0.548203861224235,3.02977156589959e-05
0.227603318200585,0.454288356710717,-0.00769736017277283,-0.973220334084021,-0.000209844876830963,0.0268941592574358,-0.000213190434528695,-0.548208366759515,3.100805528191e-05
0.229181780992365,0.454288051230899,-0.00775099519686223,-0.973221807570041,-0.000211275017365339,0.026894275599683,-0.000214689961070666,-0.548212933536099,3.17336443901584e-05
0.230771190657875,0.454287740307643,-0.00780500730197651,-0.97322330153796,-0.000212714558761016,0.0268943934868055,-0.000216200317998053,-0.548217562365901,3.24747995856731e-05
0.23237162311531,0.454287423832876,-0.00785939920421294,-0.973224816272203,-0.000214163555701578,0.0268945129382695,-0.000217721589125306,-0.548222254071034,3.32318438961907e-05
0.233983154809368,0.454287101696159,-0.00791417364041228,-0.973226352061143,-0.000215622063040124,0.026894633973757,-0.000219253859019411,-0.548227009483916,3.40051069019423e-05
0.235605862714901,0.454286773784633,-0.00796933336833545,-0.973227909197148,-0.000217090135796447,0.0268947566131678,-0.000220797213008319,-0.548231829447387,3.47949248648213e-05
0.237239824340596,0.454286439982962,-0.00802488116684212,-0.973229487976644,-0.000218567829153971,0.0268948808766204,-0.000222351737189498,-0.54823671481482,3.56016408601181e-05
0.238885117732672,0.454286100173276,-0.00808081983607099,-0.973231088700167,-0.000220055198456703,0.0268950067844541,-0.000223917518438593,-0.548241666450238,3.64256049104339e-05
0.240541821478611,0.454285754235111,-0.00813715219762163,-0.973232711672421,-0.000221552299206042,0.02689513435723,-0.000225494644418201,-0.548246685228426,3.72671741222935e-05
0.242210014710909,0.454285402045348,-0.00819388109473826,-0.973234357202335,-0.000223059187057492,0.0268952636157329,-0.000227083203586769,-0.54825177203505,3.81267128253399e-05
0.24388977711086,0.454285043478153,-0.00825100939249513,-0.973236025603122,-0.000224575917817285,0.0268953945809726,-0.000228683285207606,-0.548256927766772,3.90045927139634e-05
0.24558118891236,0.454284678404911,-0.00830853997798372,-0.973237717192339,-0.00022610254743886,0.026895527274185,-0.000230294979358025,-0.548262153331368,3.9901192991687e-05
0.247284330905736,0.454284306694161,-0.00836647576050171,-0.973239432291947,-0.000227639132019286,0.0268956617168343,-0.000231918376938596,-0.548267449647846,4.08169005182563e-05
0.24899928444161,0.454283928211529,-0.00842481967174372,-0.973241171228373,-0.000229185727795511,0.0268957979306135,-0.000233553569682534,-0.548272817646562,4.17521099593254e-05
0.250726131434783,0.454283542819665,-0.00848357466599391,-0.973242934332567,-0.000230742391140563,0.0268959359374463,-0.000235200650165208,-0.548278258269345,4.27072239390786e-05
0.252464954368146,0.454283150378164,-0.00854274372032028,-0.973244721940072,-0.000232309178559598,0.0268960757594885,-0.000236859711813777,-0.548283772469613,4.36826531955425e-05
0.254215836296621,0.454282750743501,-0.00860232983477084,-0.973246534391083,-0.000233886146685819,0.0268962174191289,-0.000238530848916956,-0.548289361212493,4.46788167389467e-05
0.25597886085113,0.454282343768959,-0.00866233603257176,-0.973248372030513,-0.000235473352276347,0.0268963609389908,-0.000240214156634915,-0.548295025474946,4.56961420126634e-05
0.257754112242586,0.454281929304547,-0.00872276536032728,-0.973250235208057,-0.000237070852207834,0.0268965063419334,-0.000241909731009313,-0.548300766245887,4.673506505741e-05
0.259541675265918,0.454281507196928,-0.00878362088822125,-0.973252124278262,-0.000238678703472103,0.0268966536510526,-0.000243617668973456,-0.548306584526305,4.77960306784625e-05
0.261341635304121,0.454281077289343,-0.00884490571022107,-0.973254039600588,-0.00024029696317155,0.0268968028896826,-0.000245338068362601,-0.54831248132939,4.88794926156721e-05
0.263154078332332,0.454280639421523,-0.00890662294428299,-0.973255981539484,-0.000241925688514503,0.026896954081397,-0.000247071027924395,-0.548318457680656,4.99859137168268e-05
0.26497909092194,0.454280193429615,-0.00896877573255962,-0.973257950464451,-0.000243564936810294,0.0268971072500094,-0.00024881664732945,-0.548324514618063,5.11157661141348e-05
0.266816760244719,0.454279739146091,-0.00903136724160937,-0.973259946750114,-0.000245214765464463,0.0268972624195751,-0.00025057502718207,-0.548330653192142,5.22695314038035e-05
0.268667174076992,0.454279276399665,-0.00909440066260766,-0.973261970776294,-0.000246875231973507,0.0268974196143917,-0.0002523462690311,-0.548336874466124,5.34477008289208e-05
0.270530420803823,0.454278805015205,-0.00915787921156005,-0.973264022928081,-0.000248546393919732,0.0268975788590003,-0.000254130475380945,-0.548343179516059,5.46507754658199e-05
0.27240658942324,0.454278324813642,-0.00922180612951766,-0.973266103595902,-0.000250228308965841,0.0268977401781864,-0.000255927749702719,-0.548349569430948,5.58792664135804e-05
0.274295769550488,0.454277835611875,-0.00928618468279402,-0.973268213175604,-0.000251921034849403,0.0268979035969804,-0.000257738196445539,-0.548356045312866,5.71336949869022e-05
0.276198051422303,0.454277337222681,-0.0093510181631844,-0.973270352068519,-0.000253624629377197,0.0268980691406592,-0.000259561921047989,-0.548362608277089,5.84145929128227e-05
0.278113525901229,0.454276829454616,-0.0094163098881868,-0.973272520681548,-0.000255339150419323,0.0268982368347461,-0.000261399029949713,-0.548369259452224,5.97225025305986e-05
0.280042284479955,0.454276312111913,-0.00948206320122501,-0.973274719427236,-0.000257064655903298,0.0268984067050123,-0.000263249630603175,-0.548375999980333,6.10579769951963e-05
0.281984419285683,0.454275784994385,-0.00954828147187378,-0.973276948723849,-0.000258801203807797,0.0268985787774769,-0.000265113831485569,-0.548382831017062,6.24215804846812e-05
0.283940023084533,0.454275247897319,-0.00961496809608577,-0.973279208995455,-0.000260548852156442,0.026898753078408,-0.000266991742110887,-0.54838975373177,6.38138884109379e-05
0.285909189285972,0.45427470061137,-0.00968212649642079,-0.973281500672003,-0.000262307659011252,0.0268989296343229,-0.000268883473042149,-0.548396769307653,6.52354876344158e-05
0.287892011947275,0.454274142922451,-0.00974976012227695,-0.973283824189409,-0.000264077682466019,0.026899108471989,-0.000270789135903787,-0.548403878941881,6.668697668262e-05
0.289888585778017,0.454273574611623,-0.00981787245012361,-0.973286179989632,-0.000265858980639511,0.0268992896184236,-0.000272708843394193,-0.548411083845718,6.81689659721985e-05
0.291899006144599,0.454272995454982,-0.00988646698373691,-0.973288568520765,-0.000267651611668376,0.0268994731008947,-0.000274642709298443,-0.548418385244652,6.96820780354962e-05
0.293923369074803,0.454272405223541,-0.00995554725443674,-0.973290990237117,-0.000269455633700098,0.0268996589469214,-0.000276590848501163,-0.548425784378529,7.12269477503857e-05
0.295961771262377,0.45427180368311,-0.0100251168213262,-0.973293445599298,-0.000271271104885493,0.0268998471842735,-0.000278553376999585,-0.548433282501677,7.28042225748016e-05
0.298014310071653,0.454271190594177,-0.0100951792715329,-0.973295935074309,-0.000273098083371254,0.0269000378409722,-0.000280530411916763,-0.548440880883036,7.44145627848275e-05
0.300081083542203,0.45427056571178,-0.0101657382204525,-0.973298459135633,-0.000274936627292194,0.0269002309452898,-0.000282522071514954,-0.548448580806287,7.60586417173498e-05
0.302162190393513,0.454269928785379,-0.010236797311994,-0.97330101826332,-0.000276786794763194,0.0269004265257497,-0.000284528475209191,-0.54845638356998,7.77371460165543e-05
0.304257730029708,0.454269279558731,-0.0103083602188275,-0.973303612944081,-0.000278648643871216,0.0269006246111266,-0.000286549743581004,-0.548464290487663,7.94507758850177e-05
0.306367802544292,0.45426861776975,-0.0103804306426336,-0.973306243671382,-0.000280522232666846,0.0269008252304457,-0.00028858599839234,-0.548472302888009,8.12002453389471e-05
0.308492508724934,0.45426794315037,-0.0104530123143555,-0.973308910945538,-0.000282407619155774,0.026901028412983,-0.000290637362599653,-0.548480422114947,8.29862824678201e-05
0.31063195005828,0.454267255426412,-0.0105261089944525,-0.973311615273806,-0.000284304861290025,0.0269012341882643,-0.000292703960368169,-0.548488649527787,8.48096296984929e-05
0.312786228734801,0.454266554317435,-0.0105997244731557,-0.973314357170483,-0.000286214016958955,0.0269014425860652,-0.000294785917086343,-0.548496986501348,8.66710440640128e-05
0.314955447653674,0.45426583953659,-0.0106738625707263,-0.973317137157006,-0.000288135143980045,0.0269016536364103,-0.000296883359380481,-0.548505434426085,8.85712974764835e-05
0.317139710427697,0.454265110790472,-0.0107485271377154,-0.973319955762049,-0.000290068300089475,0.0269018673695723,-0.000298996415129575,-0.548513994708217,9.05111770053285e-05
0.319339121388238,0.454264367778969,-0.0108237220552261,-0.973322813521624,-0.00029201354293245,0.0269020838160715,-0.000301125213480297,-0.54852266876985,9.24914851595932e-05
0.321553785590219,0.454263610195098,-0.0108994512351777,-0.973325710979187,-0.000293970930053289,0.0269023030066747,-0.000303269884862196,-0.548531458049107,9.45130401753119e-05
0.323783808817133,0.454262837724855,-0.010975718620572,-0.973328648685738,-0.000295940518885252,0.026902524972394,-0.000305430561003087,-0.548540364000247,9.65766763077192e-05
0.326029297586097,0.454262050047044,-0.0110525281857611,-0.973331627199928,-0.0002979223667402,0.0269027497444861,-0.000307607374944608,-0.548549388093794,9.86832441282059e-05
0.328290359152942,0.45426124683311,-0.0111298839367186,-0.973334647088165,-0.000299916530797875,0.0269029773544504,-0.000309800461058018,-0.548558531816658,0.000100833610826467
0.330567101517332,0.454260427746972,-0.0112077899113109,-0.973337708924723,-0.000301923068095077,0.0269032078340279,-0.000312009955060124,-0.54856779667226,0.000103028660517257
0.332859633427924,0.454259592444844,-0.0112862501795725,-0.973340813291853,-0.000303942035514437,0.0269034412152,-0.000314235994029466,-0.548577184180649,0.000105269294552734
0.335168064387565,0.454258740575059,-0.011365268843982,-0.973343960779894,-0.000305973489772973,0.0269036775301859,-0.000316478716422665,-0.548586695878627,0.000107556431839587
0.337492504658521,0.454257871777881,-0.0114448500397405,-0.973347151987384,-0.000308017487410418,0.0269039168114415,-0.00031873826209097,-0.548596333319869,0.000109891009161547
0.339833065267741,0.454256985685326,-0.0115249979350523,-0.973350387521178,-0.000310074084777182,0.0269041590916575,-0.000321014772297023,-0.548606098075035,0.000112273981506969
0.342189858012163,0.454256081920963,-0.0116057167314072,-0.973353667996562,-0.000312143338022111,0.0269044044037565,-0.000323308389731812,-0.548615991731897,0.000114706322402083
0.344562995464054,0.454255160099722,-0.0116870106638649,-0.973356994037374,-0.000314225303079847,0.0269046527808915,-0.000325619258531827,-0.548626015895448,0.000117189024249245
0.346952590976386,0.454254219827695,-0.0117688840013416,-0.973360366276118,-0.000316320035658048,0.0269049042564433,-0.000327947524296437,-0.548636172188018,0.000119723098671087
0.349358758688252,0.454253260701931,-0.0118513410468978,-0.973363785354094,-0.000318427591224107,0.0269051588640174,-0.000330293334105445,-0.548646462249388,0.000122309576859797
0.351781613530314,0.454252282310225,-0.0119343861380291,-0.973367251921515,-0.000320548024991721,0.026905416637442,-0.000332656836536875,-0.548656887736904,0.000124949509932235
0.354221271230298,0.454251284230908,-0.0120180236469583,-0.973370766637633,-0.000322681391907009,0.0269056776107643,-0.000335038181684952,-0.548667450325583,0.000127643969290686
0.356677848318515,0.454250266032627,-0.0121022579809291,-0.973374330170868,-0.000324827746634466,0.0269059418182481,-0.000337437521178299,-0.548678151708223,0.000130394046988974
0.359151462133436,0.454249227274124,-0.0121870935825021,-0.973377943198935,-0.000326987143542363,0.0269062092943698,-0.000339855008198346,-0.548688993595509,0.000133200856105228
0.361642230827288,0.454248167504006,-0.0122725349298529,-0.973381606408976,-0.000329159636687996,0.0269064800738156,-0.000342290797497934,-0.548699977716123,0.000136065531119278
0.364150273371703,0.454247086260513,-0.012358586537071,-0.97338532049769,-0.000331345279802459,0.0269067541914773,-0.000344745045420158,-0.548711105816836,0.000138989228297165
0.366675709563398,0.454245983071283,-0.0124452529544617,-0.973389086171473,-0.000333544126275162,0.0269070316824486,-0.000347217909917394,-0.548722379662617,0.000141973126080538
0.369218660029898,0.454244857453105,-0.0125325387688488,-0.973392904146547,-0.000335756229137889,0.0269073125820209,-0.00034970955057057,-0.548733801036732,0.000145018425483021
0.371779246235299,0.454243708911676,-0.0126204486038796,-0.973396775149103,-0.000337981641048528,0.0269075969256794,-0.000352220128608621,-0.548745371740832,0.000148126350491912
0.374357590486067,0.454242536941343,-0.012708987120331,-0.973400699915441,-0.000340220414274357,0.0269078847490981,-0.000354749806928186,-0.548757093595055,0.000151298148476656
0.376953815936883,0.454241341024846,-0.0127981590164181,-0.973404679192113,-0.000342472600675055,0.0269081760881354,-0.000357298750113505,-0.548768968438111,0.00015453509060287
0.379568046596523,0.454240120633056,-0.0128879690281035,-0.973408713736066,-0.000344738251685184,0.0269084709788288,-0.000359867124456536,-0.548780998127376,0.000157838472253299
0.382200407333782,0.454238875224699,-0.0129784219294086,-0.973412804314788,-0.000347017418296288,0.0269087694573902,-0.000362455097977298,-0.548793184538971,0.000161209613454616
0.384851023883439,0.45423760424609,-0.0130695225327269,-0.97341695170646,-0.000349310151038632,0.0269090715602,-0.000365062840444415,-0.548805529567852,0.000164649859310695
0.387520022852263,0.454236307130841,-0.0131612756891375,-0.973421156700107,-0.000351616499962456,0.0269093773238017,-0.000367690523395891,-0.548818035127884,0.000168160580442625
0.390207531725059,0.454234983299582,-0.0132536862887213,-0.973425420095746,-0.000353936514618736,0.0269096867848958,-0.000370338320160101,-0.548830703151917,0.000171743173434755
0.392913678870758,0.454233632159662,-0.013346759260878,-0.973429742704548,-0.000356270244039607,0.026909999980334,-0.000373006405876993,-0.548843535591867,0.000175399061287468
0.395638593548549,0.454232253104854,-0.0134404995746444,-0.973434125348993,-0.000358617736718185,0.026910316947112,-0.000375694957519517,-0.548856534418775,0.000179129693876859
0.398382405914052,0.454230845515044,-0.0135349122390142,-0.973438568863029,-0.00036097904058801,0.0269106377223636,-0.000378404153915268,-0.548869701622881,0.000182936548420443
0.401145247025537,0.454229408755926,-0.0136300023032591,-0.973443074092239,-0.000363354203001966,0.0269109623433532,-0.000381134175768344,-0.548883039213686,0.000186821129950179
0.403927248850181,0.454227942178675,-0.0137257748572504,-0.973447641894,-0.00036574327071065,0.0269112908474685,-0.000383885205681426,-0.548896549220005,0.00019078497179166
0.406728544270374,0.454226445119629,-0.0138222350317825,-0.973452273137656,-0.000368146289840325,0.0269116232722132,-0.000386657428178071,-0.548910233690029,0.000194829636050678
0.409549267090063,0.454224916899955,-0.0139193879988971,-0.973456968704686,-0.000370563305870208,0.0269119596551989,-0.000389451029725234,-0.548924094691369,0.000198956714106177
0.412389552041149,0.454223356825306,-0.0140172389722083,-0.973461729488873,-0.00037299436360938,0.0269123000341372,-0.000392266198755978,-0.548938134311107,0.000203167827110162
0.415249534789915,0.454221764185484,-0.0141157932072287,-0.973466556396487,-0.000375439507172955,0.0269126444468307,-0.000395103125692435,-0.548952354655836,0.000207464626494902
0.418129351943512,0.45422013825408,-0.0142150560016962,-0.973471450346455,-0.000377898779957767,0.0269129929311645,-0.000397962002968952,-0.548966757851698,0.000211848794486422
0.421029141056481,0.45421847828812,-0.014315032695902,-0.973476412270545,-0.000380372224617571,0.0269133455250971,-0.000400843025055464,-0.548981346044415,0.000216322044625641
0.423949040637325,0.454216783527693,-0.0144157286730183,-0.973481443113551,-0.000382859883037323,0.0269137022666508,-0.000403746388481079,-0.548996121399315,0.000220886122296302
0.426889190155123,0.454215053195582,-0.0145171493594279,-0.973486543833473,-0.000385361796307312,0.0269140631939019,-0.000406672291857865,-0.549011086101361,0.000225542805259632
0.429849730046193,0.45421328649688,-0.0146193002250529,-0.973491715401713,-0.000387878004696189,0.0269144283449703,-0.00040962093590486,-0.549026242355159,0.000230293904196766
0.432830801720801,0.4542114826186,-0.0147221867836852,-0.973496958803261,-0.000390408547623546,0.0269147977580095,-0.000412592523472274,-0.549041592384978,0.000235141263257826
0.435832547569911,0.45420964072928,-0.0148258145933162,-0.973502275036891,-0.000392953463631968,0.0269151714711949,-0.000415587259565908,-0.54905713843475,0.000240086760618152
0.438855110971994,0.454207759978578,-0.0149301892564674,-0.973507665115362,-0.000395512790358071,0.0269155495227131,-0.000418605351371771,-0.549072882768072,0.000245132309042162
0.441898636299867,0.45420583949686,-0.0150353164205207,-0.973513130065612,-0.000398086564503075,0.0269159319507502,-0.0004216470082809,-0.549088827668201,0.000250279856453553
0.444963268927599,0.454203878394779,-0.0151412017780492,-0.973518670928965,-0.000400674821802553,0.0269163187934793,-0.000424712441914378,-0.549104975438042,0.000255531386513866
0.448049155237445,0.454201875762847,-0.0152478510671473,-0.973524288761341,-0.000403277596995433,0.0269167100890484,-0.000427801866148558,-0.549121328400127,0.000260888919207211
0.451156442626847,0.454199830670997,-0.0153552700717614,-0.973529984633458,-0.000405894923792206,0.0269171058755674,-0.000430915497140463,-0.549137888896592,0.000266354511433045
0.454285279515466,0.45419774216814,-0.0154634646220198,-0.973535759631051,-0.000408526834842431,0.0269175061910948,-0.000434053553353402,-0.549154659289145,0.000271930257605593
0.457435815352278,0.45419560928171,-0.015572440594562,-0.973541614855087,-0.000411173361701274,0.0269179110736238,-0.000437216255582734,-0.549171641959026,0.000277618290260878
0.46060820062271,0.454193431017204,-0.0156822039128678,-0.973547551421983,-0.000413834534795342,0.0269183205610685,-0.000440403826981872,-0.549188839306961,0.000283420780670993
0.463802586855826,0.454191206357708,-0.0157927605475862,-0.97355357046383,-0.000416510383387532,0.0269187346912489,-0.00044361649308842,-0.549206253753111,0.000289339939465505
0.467019126631568,0.454188934263419,-0.0159041165168621,-0.973559673128618,-0.000419200935541084,0.0269191535018759,-0.000446854481850513,-0.549223887737005,0.000295378017260164
0.470257973588042,0.454186613671158,-0.0160162778866641,-0.973565860580471,-0.000421906218082635,0.0269195770305359,-0.000450118023653329,-0.549241743717475,0.000301537305293045
0.473519282428857,0.454184243493872,-0.0161292507711091,-0.973572133999872,-0.000424626256564378,0.0269200053146748,-0.000453407351345757,-0.54925982417258,0.000307820136067352
0.476803208930514,0.454181822620126,-0.0162430413327877,-0.973578494583906,-0.000427361075225265,0.0269204383915812,-0.000456722700267246,-0.549278131599514,0.000314228884002316
0.480109909949849,0.454179349913588,-0.0163576557830865,-0.973584943546501,-0.000430110696951105,0.0269208762983697,-0.000460064308274809,-0.549296668514522,0.000320765966090333
0.483439543431522,0.454176824212504,-0.0164731003825107,-0.973591482118668,-0.000432875143233744,0.0269213190719633,-0.000463432415770178,-0.549315437452785,0.000327433842561939
0.486792268415562,0.454174244329166,-0.0165893814410031,-0.973598111548754,-0.000435654434129025,0.0269217667490754,-0.000466827265727124,-0.549334440968317,0.000334235017557818
0.490168245044966,0.454171609049362,-0.0167065053182634,-0.973604833102689,-0.000438448588213847,0.0269222193661911,-0.000470249103718902,-0.549353681633839,0.000341172039807505
0.493567634573345,0.454168917131831,-0.0168244784240638,-0.973611648064249,-0.000441257622542032,0.0269226769595487,-0.000473698177945851,-0.549373162040651,0.000348247503315371
0.496990599372628,0.454166167307689,-0.0169433072185638,-0.973618557735309,-0.00044408155259873,0.0269231395651192,-0.000477174739263142,-0.549392884798491,0.000355464048054283
0.500437302940819,0.454163358279867,-0.0170629982126216,-0.973625563436111,-0.000446920392254128,0.0269236072185871,-0.000480679041208597,-0.549412852535379,0.000362824360664524
0.503907909909802,0.454160488722519,-0.0171835579681041,-0.973632666505533,-0.000449774153715589,0.0269240799553287,-0.00048421134003071,-0.549433067897466,0.000370331175161553
0.50740258605321,0.454157557280433,-0.0173049930981938,-0.973639868301356,-0.000452642847478472,0.0269245578103919,-0.000487771894716728,-0.549453533548852,0.000377987273649349
0.510921498294339,0.454154562568427,-0.0174273102676926,-0.973647170200549,-0.000455526482275773,0.0269250408184734,-0.000491360967020845,-0.549474252171411,0.000385795487040722
0.514464814714125,0.454151503170736,-0.0175505161933233,-0.973654573599543,-0.000458425065026503,0.0269255290138968,-0.000494978821492527,-0.549495226464594,0.00039375869578484
0.518032704559168,0.454148377640387,-0.0176746176440273,-0.973662079914521,-0.000461338600782277,0.0269260224305892,-0.000498625725504881,-0.549516459145227,0.00040187983060036
0.52162533824982,0.454145184498565,-0.0177996214412596,-0.973669690581703,-0.000464267092672797,0.0269265211020577,-0.000502301949283179,-0.549537952947291,0.000410161873216269
0.525242887388322,0.45414192223397,-0.0179255344592796,-0.973677407057648,-0.000467210541849811,0.0269270250613654,-0.000506007765933385,-0.549559710621696,0.000418607857118142
0.528885524767003,0.454138589302159,-0.0180523636254383,-0.973685230819546,-0.000470168947429302,0.0269275343411058,-0.000509743451470799,-0.549581734936042,0.000427220868301076
0.532553424376533,0.454135184124884,-0.018180115920462,-0.973693163365528,-0.000473142306432278,0.026928048973378,-0.000513509284848752,-0.549604028674362,0.000436004046029059
0.536246761414231,0.454131705089411,-0.0183087983787313,-0.973701206214969,-0.000476130613723827,0.0269285689897597,-0.000517305547987337,-0.54962659463686,0.00044496058359994
0.539965712292437,0.454128150547835,-0.0184384180885559,-0.973709360908807,-0.000479133861950524,0.0269290944212812,-0.000521132525802207,-0.549649435639631,0.000454093729116756
0.543710454646936,0.454124518816382,-0.0185689821924446,-0.973717629009858,-0.000482152041476037,0.0269296252983971,-0.000524990506233377,-0.549672554514369,0.000463406786264664
0.547481167345445,0.454120808174699,-0.018700497887371,-0.973726012103143,-0.000485185140314898,0.0269301616509587,-0.000528879780274072,-0.549695954108062,0.000472903115093626
0.551278030496154,0.454117016865136,-0.0188329724250335,-0.973734511796214,-0.000488233144064466,0.0269307035081846,-0.00053280064199957,-0.549719637282671,0.00048258613280644
0.55510122545633,0.454113143092011,-0.0189664131121106,-0.973743129719489,-0.000491296035834941,0.0269312508986313,-0.00053675338859606,-0.5497436069148,0.000492459314552607
0.558950934840979,0.454109185020871,-0.01910082731051,-0.973751867526592,-0.000494373796177262,0.0269318038501631,-0.000540738320389473,-0.549767865895343,0.000502526194226915
0.56282734253157,0.454105140777738,-0.0192362224376127,-0.9737607268947,-0.000497466403009177,0.0269323623899206,-0.000544755740874305,-0.549792417129124,0.00051279036527313
0.566730633684818,0.454101008448345,-0.0193726059665101,-0.973769709524889,-0.000500573831538863,0.0269329265442894,-0.000548805956742402,-0.549817263534522,0.000523255481492846
0.570660994741526,0.454096786077357,-0.0195099854262364,-0.973778817142492,-0.000503696054186674,0.0269334963388675,-0.000552889277911696,-0.549842408043069,0.000533925257858697
0.574618613435493,0.454092471667588,-0.0196483684019927,-0.973788051497463,-0.00050683304050432,0.0269340717984316,-0.000557006017554892,-0.549867853599052,0.000544803471332206
0.578603678802477,0.454088063179201,-0.0197877625353654,-0.973797414364742,-0.000509984757092033,0.0269346529469039,-0.00056115649212806,-0.549893603159079,0.000555893961685455
0.582616381189231,0.454083558528901,-0.0199281755245378,-0.973806907544629,-0.000513151167512729,0.0269352398073167,-0.000565341021399191,-0.549919659691643,0.000567200632327652
0.586656912262587,0.454078955589106,-0.0200696151244933,-0.973816532863161,-0.000516332232204451,0.0269358324017771,-0.000569559928476585,-0.549946026176661,0.000578727451134242
0.590725465018618,0.454074252187126,-0.0202120891472121,-0.973826292172504,-0.000519527908389508,0.0269364307514306,-0.000573813539837185,-0.549972705605003,0.000590478451280768
0.594822233791852,0.454069446104312,-0.0203556054618597,-0.973836187351338,-0.000522738149981307,0.0269370348764242,-0.000578102185354768,-0.549999700977996,0.000602457732079148
0.598947414264556,0.454064535075202,-0.0205001719949671,-0.973846220305257,-0.000525962907488298,0.0269376447958683,-0.000582426198327977,-0.550027015306917,0.000614669459817752
0.603101203476082,0.454059516786657,-0.0206457967306032,-0.973856392967174,-0.000529202127915206,0.026938260527798,-0.000586785915508215,-0.550054651612467,0.000627117868603255
0.607283799832281,0.454054388876981,-0.0207924877105378,-0.973866707297733,-0.000532455754660967,0.0269388820891335,-0.000591181677127355,-0.550082612924223,0.000639807261205771
0.611495403114975,0.454049148935033,-0.0209402530343962,-0.973877165285721,-0.000535723727414082,0.0269395094956401,-0.000595613826925272,-0.550110902280076,0.000652742009906032
0.615736214491506,0.454043794499328,-0.0210891008598044,-0.9738877689485,-0.000539005982044295,0.0269401427618864,-0.000600082712177161,-0.550139522725646,0.000665926557343988
0.620006436524339,0.454038323057123,-0.0212390394025252,-0.973898520332429,-0.000542302450491555,0.0269407819012029,-0.000604588683720643,-0.550168477313687,0.000679365417369571
0.624306273180741,0.454032732043497,-0.0213900769365835,-0.97390942151331,-0.000545613060651082,0.0269414269256386,-0.000609132095982607,-0.550197769103458,0.000693063175894071
0.628635929842521,0.454027018840413,-0.0215422217943824,-0.973920474596825,-0.000548937736255341,0.0269420778459178,-0.000613713307005836,-0.55022740116009,0.00070702449174273
0.632995613315842,0.454021180775779,-0.0216954823668092,-0.973931681718995,-0.000552276396752253,0.0269427346713949,-0.000618332678475317,-0.550257376553921,0.000721254097507951
0.637385531841099,0.454015215122484,-0.021849867103329,-0.973943045046633,-0.000555628957179699,0.0269433974100095,-0.000622990575744286,-0.55028769835982,0.000735756800402249
0.641805895102865,0.454009119097439,-0.0220053845120699,-0.973954566777813,-0.000558995328036202,0.0269440660682398,-0.000627687367859953,-0.550318369656481,0.000750537483111519
0.646256914239905,0.454002889860593,-0.0221620431598944,-0.973966249142344,-0.000562375415147635,0.0269447406510553,-0.000632423427588887,-0.550349393525706,0.00076560110464699
0.650738801855265,0.453996524513947,-0.022319851672461,-0.973978094402249,-0.00056576911952988,0.026945421161869,-0.000637199131442064,-0.550380773051662,0.000780952701196769
0.655251772026422,0.453990020100553,-0.0224788187342728,-0.973990104852257,-0.000569176337247172,0.026946107602488,-0.000642014859699534,-0.550412511320115,0.000796597386975822
0.659796040315516,0.453983373603502,-0.0226389530887153,-0.974002282820298,-0.000572596959266168,0.0269467999730643,-0.000646870996434707,-0.550444611417646,0.000812540355073554
0.664371823779638,0.453976581944908,-0.0228002635380793,-0.974014630668004,-0.000576030871305415,0.0269474982720431,-0.000651767929538218,-0.550477076430845,0.000828786878299959
0.668979340981204,0.453969641984873,-0.0229627589435739,-0.974027150791231,-0.000579477953680185,0.0269482024961121,-0.000656706050741362,-0.550509909445481,0.00084534231002828
0.673618811998395,0.453962550520443,-0.0231264482253244,-0.974039845620568,-0.000582938081142612,0.0269489126401482,-0.000661685755639082,-0.55054311354565,0.000862212085034453
0.678290458435663,0.453955304284562,-0.0232913403623574,-0.974052717621873,-0.000586411122716665,0.0269496286971643,-0.000666707443712469,-0.5505766918129,0.000879401720333517
0.682994503434323,0.453947899945006,-0.0234574443925723,-0.974065769296809,-0.000589896941528098,0.0269503506582548,-0.00067177151835077,-0.550610647325339,0.000896916816010757
0.687731171683206,0.453940334103312,-0.0236247694126989,-0.974079003183387,-0.000593395394629201,0.0269510785125406,-0.000676878386872884,-0.55064498315671,0.000914763056049067
0.692500689429393,0.453932603293696,-0.02379332457824,-0.974092421856523,-0.000596906332817858,0.0269518122471123,-0.000682028460548295,-0.550679702375448,0.00093294620915052
0.697303284489026,0.453924703981962,-0.0239631191034005,-0.974106027928597,-0.000600429600451126,0.0269525518469735,-0.000687222154617461,-0.55071480804372,0.000951472129552156
0.70213918625818,0.453916632564404,-0.0241341622610006,-0.974119824050027,-0.000603965035253055,0.0269532972949828,-0.00069245988831159,-0.550750303216426,0.000970346757835555
0.70700862572383,0.453908385366691,-0.0243064633823744,-0.974133812909851,-0.000607512468116286,0.0269540485717943,-0.00069774208487182,-0.550786190940191,0.000989576121729702
0.71191183547488,0.453899958642753,-0.0244800318572526,-0.974147997236312,-0.000611071722897608,0.0269548056557982,-0.000703069171567753,-0.550822474252325,0.00100916633690573
0.716849049713269,0.453891348573652,-0.02465487713363,-0.974162379797455,-0.000614642616207202,0.0269555685230598,-0.000708441579715322,-0.550859156179761,0.00102912360776425
0.721820504265165,0.453882551266444,-0.0248310087176162,-0.974176963401743,-0.000618224957190966,0.0269563371472579,-0.000713859744693989,-0.550896239737967,0.00104945422821376
0.726826436592224,0.453873562753037,-0.0250084361732706,-0.974191750898665,-0.000621818547306523,0.0269571114996218,-0.000719324105963205,-0.550933727929838,0.00107016458243933
0.731867085802933,0.453864378989038,-0.0251871691224201,-0.974206745179363,-0.00062542318009165,0.026957891548868,-0.000724835107078141,-0.550971623744557,0.00109126114566216
0.736942692664033,0.453854995852592,-0.0253672172444609,-0.974221949177275,-0.000629038640926075,0.026958677261136,-0.000730393195704679,-0.551009930156438,0.00111275048488782
0.742053499612018,0.453845409143211,-0.0255485902761416,-0.974237365868769,-0.000632664706785323,0.0269594685999224,-0.000735998823633574,-0.551048650123734,0.00113463925964363
0.747199750764715,0.453835614580605,-0.0257312980113309,-0.97425299827381,-0.000636301145987138,0.0269602655260149,-0.000741652446793833,-0.551087786587437,0.0011569342227041
0.752381691932944,0.453825607803493,-0.0259153503007653,-0.974268849456612,-0.000639947717930051,0.0269610679974252,-0.000747354525265232,-0.551127342470032,0.0011796422208035
0.757599570632259,0.453815384368417,-0.0261007570517811,-0.974284922526323,-0.000643604172823421,0.0269618759693209,-0.00075310552328998,-0.551167320674243,0.00120277019533524
0.762853636094773,0.453804939748546,-0.0262875282280259,-0.974301220637705,-0.000647270251409676,0.0269626893939565,-0.000758905909283484,-0.551207724081744,0.00122632518303792
0.768144139281058,0.453794269332473,-0.0264756738491541,-0.974317746991828,-0.000650945684677148,0.0269635082206037,-0.000764756155844183,-0.55124855555185,0.00125031431666517
0.773471332892138,0.453783368423007,-0.0266652039905015,-0.974334504836777,-0.00065463019356473,0.0269643323954806,-0.000770656739762455,-0.551289817920181,0.0012747448256418
0.778835471381553,0.453772232235957,-0.0268561287827424,-0.974351497468366,-0.000658323488656853,0.0269651618616803,-0.000776608142028523,-0.551331513997299,0.00129962403670206
0.784236810967519,0.45376085589892,-0.0270484584115271,-0.974368728230863,-0.000662025269869186,0.0269659965590987,-0.000782610847839381,-0.55137364656732,0.00132495937451219
0.78967560964516,0.453749234450048,-0.0272422031171001,-0.974386200517726,-0.000665735226124786,0.0269668364243607,-0.000788665346604676,-0.551416218386509,0.00135075836227466
0.795152127198837,0.453737362836828,-0.0274373731938986,-0.974403917772351,-0.00066945303501964,0.0269676813907469,-0.000794772131951544,-0.551459232181836,0.00137702862231381
0.800666625214554,0.45372523591484,-0.0276339789901316,-0.974421883488826,-0.000673178362478766,0.0269685313881182,-0.00080093170172836,-0.551502690649515,0.00140377787664259
0.806219367092452,0.453712848446532,-0.027832030907339,-0.974440101212702,-0.000676910862400973,0.0269693863428402,-0.000807144558007364,-0.551546596453522,0.00143101394750877
0.811810618059391,0.453700195099967,-0.0280315393999301,-0.974458574541768,-0.000680650176293207,0.0269702461777073,-0.000813411207086169,-0.551590952224081,0.00145874475792068
0.817440645181619,0.45368727044759,-0.028232514974703,-0.974477307126844,-0.000684395932893309,0.0269711108118648,-0.000819732159488084,-0.551635760556126,0.00148697833215067
0.823109717377527,0.453674068964977,-0.0284349681903421,-0.974496302672578,-0.000688147747781573,0.0269719801607313,-0.000826107929961259,-0.551681024007742,0.00151572279621634
0.828818105430497,0.453660585029585,-0.0286389096568964,-0.974515564938256,-0.000691905222980321,0.0269728541359197,-0.000832539037476604,-0.55172674509858,0.00154498637833861
0.834566082001833,0.453646812919507,-0.0288443500352362,-0.974535097738628,-0.000695667946541231,0.0269737326451583,-0.000839026005224457,-0.551772926308251,0.00157477740937498
0.840353921643785,0.453632746812213,-0.0290513000364896,-0.974554904944737,-0.00069943549212037,0.02697461559221,-0.000845569360609978,-0.551819570074688,0.00160510432322808
0.846181900812664,0.453618380783302,-0.0292597704214579,-0.974574990484766,-0.000703207418540006,0.0269755028767919,-0.000852169635247251,-0.551866678792493,0.0016359756572282
0.852050297882047,0.453603708805245,-0.02946977200001,-0.97459535834489,-0.000706983269337769,0.0269763943944936,-0.000858827364952063,-0.551914254811259,0.00166740005248911
0.857959393156072,0.453588724746131,-0.0296813156304553,-0.974616012570147,-0.000710762572301654,0.0269772900366951,-0.000865543089733294,-0.551962300433865,0.00169938625423588
0.863909468882829,0.453573422368412,-0.0298944122188964,-0.974636957265308,-0.000714544838991749,0.0269781896904839,-0.000872317353782977,-0.552010817914752,0.00173194311210467
0.86990080926784,0.45355779532765,-0.0301090727185602,-0.974658196595774,-0.000718329564247014,0.0269790932385718,-0.000879150705464912,-0.552059809458178,0.0017650795804125
0.875933700487633,0.453541837171261,-0.0303253081291072,-0.974679734788468,-0.000722116225678068,0.0269800005592107,-0.000886043697301879,-0.552109277216446,0.00179880471839747
0.882008430703416,0.453525541337268,-0.0305431294959203,-0.974701576132752,-0.000725904283144424,0.0269809115261082,-0.000892996885961366,-0.552159223288117,0.0018331276904269
0.888125290074835,0.453508901153044,-0.0307625479093724,-0.974723724981345,-0.000729693178216681,0.0269818260083425,-0.000900010832239849,-0.552209649716199,0.00186805776617432
0.894284570773836,0.453491909834068,-0.0309835745040718,-0.974746185751259,-0.000733482333622734,0.0269827438702767,-0.00090708610104553,-0.552260558486314,0.00190360432076311
0.900486566998624,0.453474560482679,-0.0312062204580875,-0.974768962924742,-0.000737271152677785,0.0269836649714729,-0.000914223261379581,-0.552311951524847,0.00193977683487617
0.906731574987708,0.453456846086832,-0.0314304969921527,-0.974792061050236,-0.000741059018697837,0.0269845891666056,-0.000921422886315807,-0.55236383069708,0.00197658489483118
0.913019893034057,0.453438759518858,-0.0316564153688473,-0.974815484743338,-0.000744845294396279,0.0269855163053745,-0.000928685552978752,-0.5524161978053,0.00201403819262039
0.919351821499347,0.453420293534233,-0.0318839868917594,-0.974839238687786,-0.00074862932126267,0.0269864462324177,-0.000936011842520204,-0.552469054586891,0.0020521465259136
0.925727662828307,0.453401440770338,-0.0321132229046254,-0.974863327636442,-0.000752410418924251,0.0269873787872233,-0.000943402340094069,-0.552522402712414,0.00209091979802448
0.932147721563161,0.453382193745243,-0.0323441347904496,-0.974887756412295,-0.00075618788448864,0.0269883138040419,-0.000950857634829613,-0.552576243783663,0.00213036801783803
0.938612304358183,0.453362544856476,-0.0325767339706035,-0.974912529909469,-0.000759960991868286,0.026989251111798,-0.000958378319803047,-0.552630579331711,0.00217050129969965
0.945121719994339,0.453342486379814,-0.032811031903903,-0.97493765309425,-0.000763728991085608,0.0269901905340011,-0.000965964992007417,-0.552685410814935,0.00221132986326386
0.951676279394036,0.453322010468069,-0.033047040085667,-0.974963131006114,-0.00076749110755836,0.0269911318886574,-0.000973618252320808,-0.552740739617034,0.00225286403330299
0.958276295635973,0.453301109149883,-0.0332847700467534,-0.974988968758769,-0.000771246541365497,0.0269920749881802,-0.000981338705472822,-0.552796567045027,0.00229511423947382
0.964922083970099,0.453279774328536,-0.0335242333525775,-0.975015171541217,-0.000774994466492318,0.0269930196393008,-0.000989126960009304,-0.552852894327242,0.00233809101604215
0.971613961832666,0.453257997780752,-0.0337654416021082,-0.97504174461881,-0.000778734030054434,0.0269939656429792,-0.00099698362825535,-0.552909722611291,0.00238180500156443
0.978352248861393,0.453235771155515,-0.0340084064268458,-0.97506869333433,-0.000782464351501005,0.0269949127943144,-0.00100490932627651,-0.552967052962035,0.00242626693852538
0.985137266910738,0.4532130859729,-0.0342531394897798,-0.97509602310907,-0.000786184521795477,0.0269958608824551,-0.00101290467383823,-0.553024886359544,0.00247148767293073
0.991969340067262,0.453189933622901,-0.0344996524843271,-0.975123739443935,-0.000789893602574546,0.0269968096905099,-0.00102097029436348,-0.553083223697036,0.00251747815385517
0.998848794665118,0.453166305364275,-0.0347479571332524,-0.975151847920543,-0.000793590625284321,0.0269977589954578,-0.00102910681488856,-0.553142065778824,0.002564249432944
1.00577595930163,0.453142192323395,-0.0349980651875678,-0.975180354202341,-0.000797274590292871,0.0269987085680586,-0.00103731486601713,-0.553201413318242,0.0026118126638674
1.01275116485301,0.453117585493104,-0.0352499884254161,-0.975209264035731,-0.000800944465979558,0.0269996581727637,-0.00104559508187233,-0.553261266935575,0.00266017910172792
1.01977474449012,0.453092475731594,-0.0355037386509344,-0.975238583251203,-0.00080459918780007,0.0270006075676266,-0.00105394810004714,-0.553321627155983,0.00270936010241951
1.02684703369442,0.453066853761277,-0.0357593276931005,-0.97526831776448,-0.000808237657326363,0.0270015565042138,-0.0010623745615528,-0.553382494407414,0.00275936712193861
1.033968370274,0.453040710167678,-0.0360167674045618,-0.975298473577671,-0.000811858741262439,0.0270025047275162,-0.0010708751107654,-0.553443869018528,0.00281021171564344
1.04113909437969,0.453014035398336,-0.0362760696604467,-0.97532905678043,-0.000815461270433471,0.0270034519758599,-0.00107945039537064,-0.553505751216609,0.00286190553746651
1.0483595485213,0.452986819761715,-0.0365372463571595,-0.97536007355113,-0.000819044038749592,0.0270043979808183,-0.00108810106630667,-0.553568141125482,0.00291446033907444
1.05563007758401,0.452959053426124,-0.0368003094111586,-0.97539153015804,-0.000822605802142662,0.0270053424671242,-0.00109682777770501,-0.553631038763436,0.00296788796897735
1.06295102884484,0.452930726418648,-0.0370652707577191,-0.975423432960513,-0.000826145277476376,0.0270062851525817,-0.0011056311868297,-0.553694444041138,0.00302220037158643
1.07032275198921,0.452901828624099,-0.0373321423496786,-0.975455788410177,-0.000829661141428295,0.0270072257479796,-0.00111451195401446,-0.553758356759568,0.00307740958622038
1.07774559912768,0.452872349783963,-0.0376009361561694,-0.975488603052145,-0.000833152029344392,0.0270081639570041,-0.001123470742598,-0.553822776607947,0.00313352774605888
1.08521992481272,0.452842279495375,-0.0378716641613342,-0.975521883526219,-0.000836616534064819,0.0270090994761534,-0.00113250821885744,-0.553887703161677,0.00319056707704252
1.0927460860557,0.452811607210092,-0.0381443383630284,-0.97555563656811,-0.000840053204720512,0.0270100319946512,-0.00114162505193989,-0.553953135880289,0.00324853989672103
1.1003244423439,0.45278032223349,-0.0384189707715081,-0.97558986901066,-0.000843460545500621,0.0270109611943626,-0.00115082191379205,-0.554019074105406,0.00330745861304732
1.10795535565772,0.452748413723562,-0.038695573408104,-0.975624587785076,-0.000846837014389909,0.0270118867497091,-0.00116009947908801,-0.554085517058712,0.00336733572311787
1.11563919048792,0.452715870689937,-0.0389741583038834,-0.975659799922162,-0.000850181021875313,0.0270128083275852,-0.00116945842515519,-0.554152463839934,0.00342818381185897
1.12337631385307,0.452682681992904,-0.039254737498298,-0.975695512553565,-0.000853490929622239,0.0270137255872758,-0.00117889943189834,-0.554219913424847,0.00349001555065973
1.13116709531708,0.452648836342457,-0.0395373230378203,-0.975731732913021,-0.000856765049118621,0.0270146381803734,-0.00118842318172176,-0.554287864663288,0.00355284369594991
1.13901190700682,0.452614322297342,-0.0398219269745685,-0.97576846833761,-0.00086000164028778,0.0270155457506976,-0.00119803035944964,-0.554356316277189,0.0036166810877245
1.14691112362992,0.452579128264125,-0.0401085613649193,-0.975805726269012,-0.000863198910068655,0.0270164479342144,-0.00120772165224454,-0.554425266858636,0.00368154064801282
1.15486512249268,0.452543242496264,-0.0403972382681103,-0.97584351425477,-0.000866355010962924,0.0270173443589567,-0.00121749774952415,-0.554494714867942,0.00374743537929417
1.16287428351806,0.452506653093203,-0.0406879697448318,-0.975881839949555,-0.000869468039549237,0.0270182346449459,-0.00122735934287609,-0.55456465863175,0.0038143783628595
1.17093898926384,0.452469347999469,-0.0409807678558089,-0.975920711116437,-0.000872536034963262,0.0270191184041148,-0.00123730712597109,-0.554635096341155,0.00388238275711808
1.1790596249409,0.452431315003785,-0.041275644660374,-0.975960135628156,-0.00087555697734383,0.0270199952402304,-0.00124734179447424,-0.554706026049856,0.00395146179585132
1.18723657843162,0.452392541738195,-0.0415726122150294,-0.976000121468401,-0.000878528786244115,0.0270208647488196,-0.00125746404595461,-0.554777445672341,0.00402162878641199
1.19547024030838,0.452353015677201,-0.0418716825720037,-0.976040676733082,-0.000881449319007771,0.0270217265170943,-0.00126767457979307,-0.554849352982091,0.00409289710787142
1.20376100385228,0.452312724136905,-0.0421728677777969,-0.976081809631616,-0.000884316369109309,0.0270225801238791,-0.00127797409708839,-0.554921745609829,0.00416528020911197
1.21210926507183,0.452271654274175,-0.04247617987172,-0.976123528488201,-0.00088712766445867,0.0270234251395391,-0.00128836330056172,-0.55499462104179,0.00423879160686882
1.22051542272196,0.452229793085808,-0.0427816308844272,-0.976165841743104,-0.000889880865668866,0.0270242611259099,-0.00129884289445935,-0.55506797661804,0.00431344488371829
1.22897987832301,0.452187127407711,-0.0430892328364398,-0.976208757953938,-0.000892573564287277,0.0270250876362282,-0.00130941358445381,-0.55514180953082,0.0043892536860155
1.23750303617991,0.452143643914096,-0.0433989977366649,-0.976252285796946,-0.000895203280988938,0.0270259042150645,-0.00132007607754345,-0.555216116822939,0.00446623172178068
1.24608530340153,0.452099329116674,-0.0437109375809082,-0.976296434068284,-0.000897767463732463,0.0270267103982563,-0.00133083108195037,-0.555290895386202,0.00454439275853522
1.25472708992008,0.452054169363866,-0.0440250643503798,-0.976341211685296,-0.000900263485877531,0.0270275057128436,-0.00134167930701678,-0.555366141959882,0.00462375062108888
1.26342880851072,0.452008150840025,-0.0443413900101962,-0.976386627687799,-0.000902688644263905,0.0270282896770053,-0.00135262146309994,-0.555441853129236,0.00470431918927752
1.27219087481126,0.45196125956466,-0.0446599265078762,-0.976432691239352,-0.000905040157251194,0.0270290617999978,-0.0013636582614655,-0.555518025324074,0.0047861123956531
1.28101370734203,0.451913481391674,-0.0449806857718331,-0.976479411628536,-0.000907315162719538,0.027029821582094,-0.00137479041417948,-0.555594654817363,0.00486914422312737
1.28989772752585,0.451864802008609,-0.0453036797098614,-0.976526798270219,-0.000909510716029807,0.0270305685145249,-0.0013860186339988,-0.555671737723894,0.00495342870256937
1.29884335970818,0.451815206935892,-0.0456289202076208,-0.976574860706827,-0.000911623787944474,0.0270313020794229,-0.00139734363426037,-0.555749269998993,0.00503897991035757
1.30785103117738,0.451764681526101,-0.0459564191271157,-0.976623608609602,-0.000913651262506962,0.0270320217497657,-0.00140876612876902,-0.555827247437287,0.00512581196588935
1.31692117218509,0.451713210963221,-0.0462861883051708,-0.976673051779858,-0.000915589934880792,0.0270327269893233,-0.0014202868316839,-0.555905665671525,0.00521393902904738
1.32605421596686,0.451660780261919,-0.0466182395519043,-0.976723200150239,-0.000917436509146816,0.0270334172526051,-0.0014319064574038,-0.555984520171457,0.00530337529762454
1.33525059876274,0.451607374266819,-0.0469525846491976,-0.976774063785954,-0.000919187596059023,0.0270340919848107,-0.00144362572045119,-0.556063806242769,0.00539413500470989
1.34451075983821,0.451552977651779,-0.0472892353491617,-0.976825652886024,-0.000920839710758195,0.0270347506217805,-0.00145544533535508,-0.556143519026081,0.00548623241603532
1.3538351415051,0.451497574919177,-0.0476282033726011,-0.976877977784509,-0.000922389270443302,0.0270353925899497,-0.00146736601653272,-0.556223653496002,0.00557968182728585
1.36322418914273,0.451441150399197,-0.0479695004074752,-0.97693104895173,-0.000923832591999768,0.0270360173063029,-0.00147938847817033,-0.556304204460254,0.00567449756137398
1.37267835121923,0.451383688249115,-0.0483131381073565,-0.976984876995488,-0.000925165889585217,0.0270366241783318,-0.00149151343410266,-0.556385166558856,0.00577069396568083
1.38219807931287,0.451325172452596,-0.0486591280898867,-0.977039472662261,-0.000926385272171107,0.0270372126039936,-0.00150374159769163,-0.556466534263375,0.00586828540926454
1.39178382813373,0.451265586818981,-0.0490074819352301,-0.977094846838408,-0.000927486741041289,0.0270377819716718,-0.00151607368170406,-0.556548301876248,0.00596728628003892
1.40143605554534,0.45120491498258,-0.0493582111845236,-0.977151010551346,-0.000928466187246083,0.0270383316601394,-0.00152851039818838,-0.556630463530165,0.00606771098192296
1.4111552225866,0.451143140401967,-0.0497113273383253,-0.977207974970732,-0.000929319389011946,0.0270388610385231,-0.00154105245835065,-0.556713013187534,0.00616957393196427
1.42094179349378,0.451080246359267,-0.0500668418550588,-0.977265751409616,-0.000930042009107068,0.02703936946627,-0.00155370057242965,-0.556795944640005,0.00627288955743657
1.43079623572268,0.451016215959447,-0.0504247661494563,-0.977324351325597,-0.000930629592161128,0.0270398562931165,-0.00156645544957136,-0.55687925150808,0.00637767229291647
1.440719019971,0.450951032129603,-0.0507851115909964,-0.977383786321956,-0.000931077561940427,0.0270403208590583,-0.00157931779770259,-0.556962927240783,0.00648393657733726
1.45071062020079,0.45088467761824,-0.05114788950234,-0.97744406814878,-0.000931381218577179,0.0270407624943236,-0.00159228832340412,-0.557046965115417,0.00659169685102567
1.46077151366109,0.450817134994552,-0.0515131111577624,-0.977505208704071,-0.000931535735753039,0.0270411805193472,-0.00160536773178317,-0.55713135823739,0.00670096755272154
1.47090218091073,0.450748386647697,-0.0518807877815801,-0.977567220034837,-0.000931536157836588,0.027041574244747,-0.00161855672634531,-0.557216099540124,0.00681176311658366
1.48110310584131,0.450678414786059,-0.0522509305465754,-0.977630114338173,-0.00093137739697409,0.0270419429713029,-0.00163185600886599,-0.557301181785036,0.00692409796918353
1.49137477570027,0.450607201436516,-0.0526235505724136,-0.97769390396232,-0.000931054230134051,0.0270422859899371,-0.00164526627926148,-0.557386597561602,0.00703798652648935
1.50171768111418,0.450534728443686,-0.0529986589240574,-0.977758601407709,-0.000930561296104637,0.0270426025816968,-0.00165878823545962,-0.557472339287501,0.00715344319084271
1.5121323161122,0.450460977469176,-0.0533762666101736,-0.977824219327989,-0.000929893092443498,0.0270428920177385,-0.00167242257327008,-0.557558399208839,0.00727048234793176
1.52261917814963,0.450385929990817,-0.0537563845815352,-0.977890770531036,-0.000929043972380902,0.0270431535593148,-0.00168616998625442,-0.557644769400452,0.00738911836376016
1.53317876813171,0.450309567301887,-0.0541390237294147,-0.977958267979941,-0.000928008141674416,0.0270433864577631,-0.00170003116559597,-0.557731441766294,0.00750936558161786
1.54381159043753,0.45023187051033,-0.0545241948839716,-0.978026724793977,-0.000926779655415724,0.0270435899544959,-0.00171400679996944,-0.557818408039907,0.0076312383190536
1.55451815294413,0.450152820537956,-0.0549119088126303,-0.978096154249555,-0.00092535241478979,0.0270437632809931,-0.00172809757541046,-0.557905659784972,0.007754750864853
1.56529896705074,0.450072398119632,-0.05530217621845,-0.978166569781148,-0.000923720163784586,0.0270439056587972,-0.00174230417518511,-0.557993188395941,0.0078799174760259
1.57615454770323,0.449990583802461,-0.0556950077384842,-0.978237984982192,-0.000921876485852707,0.0270440162995092,-0.00175662727965938,-0.558080985098761,0.00800675237480181
1.58708541341869,0.449907357944949,-0.0560904139421297,-0.978310413605984,-0.000919814800523361,0.027044094404787,-0.00177106756616862,-0.558169040951669,0.0081352697456411
1.5980920863102,0.449822700716147,-0.0564884053294639,-0.978383869566528,-0.000917528359965808,0.0270441391663458,-0.00178562570888718,-0.558257346846084,0.00826548373226099
1.60917509211179,0.449736592094791,-0.0568889923295699,-0.97845836693938,-0.000915010245502612,0.0270441497659604,-0.00180030237869813,-0.558345893507567,0.00839740843468012
1.62033496020352,0.44964901186842,-0.057292185298848,-0.978533919962462,-0.000912253364072996,0.027044125375469,-0.00181509824306313,-0.558434671496879,0.00853105790628589
1.63157222363676,0.449559939632475,-0.0576979945193129,-0.978610543036841,-0.000909250444646598,0.0270440651567795,-0.00183001396589263,-0.558523671211112,0.0086664461509241
1.64288741915971,0.449469354789386,-0.0581064301968742,-0.978688250727499,-0.000905994034586438,0.0270439682618768,-0.00184505020741622,-0.55861288288491,0.00880358712001761
1.65428108724297,0.449377236547635,-0.058517502459602,-0.978767057764065,-0.000902476495961119,0.0270438338328324,-0.00186020762405339,-0.558702296591761,0.00894249470971337
1.6657537721054,0.44928356392081,-0.0589312213559729,-0.978846979041518,-0.000898690001806424,0.0270436610018162,-0.00187548686828463,-0.558791902245385,0.0090831827580623
1.67730602174008,0.449188315726629,-0.0593475968530973,-0.978928029620872,-0.000894626532335491,0.0270434488911087,-0.00189088858852293,-0.558881689601196,0.0092256650422356
1.68893838794052,0.449091470585951,-0.0597666388349271,-0.979010224729823,-0.000890277871097078,0.0270431966131165,-0.00190641342898575,-0.558971648257837,0.00936995527577739
1.70065142632699,0.448993006921767,-0.0601883571004403,-0.979093579763374,-0.000885635601082874,0.027042903270388,-0.00192206202956739,-0.559061767658812,0.00951606710589953
1.71244569637308,0.448892902958167,-0.0606127613618031,-0.979178110284418,-0.000880691100781178,0.0270425679556322,-0.00193783502571208,-0.559152037094177,0.0096640141108198
1.72432176143241,0.448791136719293,-0.0610398612425077,-0.979263832024304,-0.000875435540180269,0.0270421897517375,-0.00195373304828736,-0.559242445702325,0.0098138097971458
1.73628018876552,0.448687686028261,-0.0614696662754833,-0.979350760883364,-0.000869859876716422,0.0270417677317934,-0.0019697567234583,-0.559332982471837,0.0099654675973091
1.74832154956701,0.448582528506072,-0.0619021859011803,-0.979438912931406,-0.000863954851170717,0.0270413009591128,-0.00198590667256221,-0.55942363624341,0.0101190008670503
1.7604464189928,0.448475641570493,-0.0623374294656248,-0.979528304408176,-0.000857710983511478,0.0270407884872565,-0.00200218351198405,-0.559514395711864,0.0102744228829587
1.77265537618758,0.448367002434922,-0.0627754062184432,-0.979618951723787,-0.000851118568683168,0.0270402293600583,-0.00201858785303252,-0.559605249428215,0.0104317468400686
1.78494900431252,0.448256588107225,-0.0632161253108537,-0.979710871459111,-0.000844167672340773,0.0270396226116522,-0.00203512030181686,-0.559696185801821,0.0105909858495167
1.79732789057308,0.44814437538856,-0.0636595957936245,-0.979804080366135,-0.000836848126530065,0.0270389672665006,-0.00205178145912441,-0.559787193102599,0.0107521529362603
1.80979262624709,0.448030340872169,-0.0641058266149959,-0.979898595368283,-0.000829149525312073,0.0270382623394236,-0.0020685719202989,-0.559878259463305,0.0109152610368599
1.82234380671297,0.447914460942154,-0.0645548266185655,-0.979994433560699,-0.000821061220333541,0.0270375068356301,-0.00208549227511953,-0.559969372881885,0.011080322997331
1.83498203147818,0.447796711772229,-0.0650066045411341,-0.98009161221049,-0.000812572316340077,0.0270366997507492,-0.0021025431076809,-0.560060521223888,0.0112473515710636
1.84770790420785,0.44767706932445,-0.0654611690105107,-0.980190148756932,-0.000803671666634032,0.0270358400708638,-0.0021197249962736,-0.560151692224935,0.0114163594168139
1.86052203275364,0.447555509347923,-0.0659185285432746,-0.980290060811635,-0.000794347868475626,0.0270349267725441,-0.00213703851326587,-0.560242873493256,0.011587359096771
1.87342502918271,0.447432007377492,-0.0663786915424937,-0.98039136615867,-0.000784589258427004,0.0270339588228834,-0.00215448422498584,-0.560334052512278,0.0117603630746997
1.88641750980704,0.447306538732407,-0.0668416662953954,-0.980494082754647,-0.000774383907638287,0.0270329351795334,-0.00217206269160477,-0.560425216643273,0.0119353837141611
1.89950009521279,0.447179078514964,-0.0673074609709901,-0.980598228728757,-0.000763719617076386,0.0270318547907419,-0.00218977446702115,-0.560516353128052,0.0121124332768157
1.91267341029,0.447049601609137,-0.0677760836176437,-0.980703822382769,-0.000752583912694643,0.0270307165953902,-0.00220762009874552,-0.560607449091717,0.0122915239208067
1.92593808426241,0.446918082679176,-0.0682475421605991,-0.980810882190978,-0.000740964040544023,0.027029519523032,-0.00222560012778629,-0.560698491545454,0.0124726676992307
1.93929475071751,0.446784496168199,-0.0687218443994426,-0.980919426800111,-0.000728846961824459,0.0270282624939327,-0.00224371508853633,-0.560789467389375,0.0126558765586926
1.95274404763682,0.446648816296759,-0.0691989980055146,-0.981029475029185,-0.000716219347876718,0.0270269444191095,-0.00226196550866037,-0.5608803634154,0.0128411623379498
1.96628661742637,0.44651101706139,-0.0696790105192627,-0.981141045869317,-0.000703067575112709,0.0270255642003721,-0.00228035190898334,-0.560971166310179,0.0130285367666463
1.97992310694735,0.446371072233146,-0.0701618893475344,-0.981254158483483,-0.000689377719886225,0.0270241207303642,-0.00229887480337947,-0.561061862658053,0.0132180114641384
1.99365416754703,0.446228955356116,-0.0706476417608084,-0.981368832206229,-0.000675135553300621,0.0270226128926052,-0.00231753469866217,-0.561152438944045,0.0134095979384129
2.00748045508988,0.446084639745922,-0.0711362748903614,-0.98148508654333,-0.000660326535955547,0.0270210395615323,-0.00233633209447478,-0.561242881556886,0.0136033075850999
2.0214026299889,0.445938098488218,-0.0716277957253692,-0.981602941171397,-0.000644935812629754,0.027019399602544,-0.00235526748318204,-0.561333176792062,0.0137991516865816
2.03542135723711,0.445789304437156,-0.0721222111099408,-0.981722415937422,-0.000628948206901875,0.0270176918720422,-0.0023743413497623,-0.561423310854895,0.0139971414111985
2.0495373064394,0.445638230213854,-0.0726195277400809,-0.981843530858286,-0.000612348215706132,0.0270159152174765,-0.00239355417170055,-0.56151326986364,0.0141972878125513
2.06375115184445,0.44548484820485,-0.0731197521605825,-0.981966306120185,-0.000595120003824584,0.0270140684773874,-0.00241290641888203,-0.561603039852599,0.0143996018289048
2.07806357237695,0.445329130560549,-0.073622890761844,-0.982090762078024,-0.000577247398313274,0.0270121504814506,-0.00243239855348656,-0.561692606775252,0.0146040942826893
2.09247525167004,0.445171049193656,-0.074128949776612,-0.982216919254728,-0.000558713882863465,0.0270101600505208,-0.00245203102988356,-0.561781956507406,0.0148107758801048
2.10698687809795,0.445010575777612,-0.0746379352766454,-0.982344798340511,-0.000539502592096675,0.027008095996676,-0.00247180429452756,-0.561871074850341,0.0150196572108237
2.12159914480891,0.444847681745021,-0.0751498531693004,-0.98247442019207,-0.000519596305791403,0.0270059571232618,-0.00249171878585437,-0.561959947533971,0.0152307487477976
2.1363127497582,0.444682338286071,-0.0756647091940337,-0.98260580583172,-0.00049897744304464,0.0270037422249359,-0.00251177493417771,-0.562048560220004,0.0154440608471659
2.15112839574156,0.444514516346964,-0.0761825089188224,-0.982738976446463,-0.000477628056362811,0.0270014500877122,-0.00253197316158635,-0.562136898505097,0.0156596037482664
2.1660467904287,0.444344186628337,-0.0767032577364988,-0.982873953386987,-0.00045552982568603,0.0269990794890054,-0.00255231388184165,-0.562224947924015,0.0158773875737483
2.18106864639712,0.444171319583691,-0.0772269608609977,-0.983010758166602,-0.000432664052341103,0.0269966291976747,-0.00257279750027552,-0.562312693952771,0.0160974223297906
2.19619468116618,0.443995885417825,-0.0777536233235151,-0.983149412460095,-0.000409011652926394,0.0269940979740684,-0.00259342441368867,-0.562400122011766,0.0163197179064189
2.21142561723131,0.443817854085275,-0.0782832499685761,-0.983289938102523,-0.000384553153124439,0.0269914845700672,-0.00261419501024914,-0.562487217468903,0.0165442840779295
2.22676218209858,0.443637195288765,-0.0788158454500099,-0.983432357087921,-0.000359268681444341,0.0269887877291288,-0.0026351096693911,-0.562573965642692,0.0167711305034129
2.24220510831939,0.443453878477667,-0.079351414226832,-0.983576691567947,-0.000333137962892444,0.0269860061863305,-0.00265616876171377,-0.562660351805328,0.0170002667273804
2.25775513352553,0.443267872846475,-0.0798899605590282,-0.983722963850428,-0.000306140312569619,0.0269831386684129,-0.00267737264888042,-0.562746361185747,0.0172317021804925
2.27341300046436,0.443079147333299,-0.0804314885032443,-0.983871196397849,-0.000278254629197061,0.026980183893823,-0.00269872168351747,-0.562831978972649,0.0174654461803869
2.28917945703428,0.442887670618371,-0.0809760019083733,-0.98402141182574,-0.00024945938856738,0.0269771405727566,-0.00272021620911352,-0.562917190317497,0.0177015079326088
2.30505525632052,0.442693411122579,-0.081523504411045,-0.984173632900988,-0.000219732636922265,0.0269740074072007,-0.00274185655991829,-0.563001980337474,0.0179398965316384
2.32104115663104,0.442496337006022,-0.0820739994310117,-0.984327882540054,-0.000189051984255284,0.026970783090976,-0.00276364306084145,-0.563086334118403,0.0181806209620184
2.33713792153279,0.442296416166592,-0.0826274901664309,-0.984484183807113,-0.000157394597540189,0.0269674663097777,-0.00278557602735119,-0.563170236717631,0.0184236900995778
2.35334631988814,0.442093616238582,-0.0831839795890438,-0.984642559912088,-0.000124737193882701,0.026964055741218,-0.00280765576537243,-0.563253673166858,0.0186691127127522
2.36966712589169,0.441887904591336,-0.083743470439246,-0.984803034208593,-9.10560335979083e-05,0.0269605500548661,-0.00282988257118481,-0.563336628474931,0.0189168974639994
2.38610111910714,0.441679248327923,-0.0843059652210524,-0.984965630191788,-5.63269132091149e-05,0.0269569479122895,-0.00285225673132005,-0.563419087630573,0.0191670529113075
2.40264908450462,0.441467614283857,-0.0848714661969522,-0.98513037149612,-2.05251583719201e-05,0.0269532479670938,-0.00287477852245898,-0.56350103560507,0.0194195875097965
2.41931181249812,0.441252969025853,-0.085439975382655,-0.985297281892974,1.63743832801155e-05,0.0269494488649631,-0.0028974482113278,-0.56358245735489,0.0196745096134075
2.43609009898327,0.441035278850636,-0.086011494541725,-0.985466385288208,5.43973493665473e-05,0.0269455492436992,-0.00292026605459379,-0.563663337824254,0.0199318274766843
2.45298474537537,0.440814509783786,-0.086586025180104,-0.985637705719588,9.35698700694765e-05,0.0269415477332608,-0.00294323229876022,-0.563743661947633,0.0201915492566388
2.46999655864764,0.440590627578645,-0.087163568540521,-0.985811267354107,0.000133918575520392,0.0269374429558029,-0.00296634718006043,-0.563823414652182,0.0204536830147029
2.48712635136979,0.440363597715271,-0.0877441255967887,-0.985987094485195,0.000175470603265615,0.0269332335257148,-0.00298961092435103,-0.563902580860109,0.0207182367187628
2.50437494174681,0.440133385399455,-0.0883276970479846,-0.986165211529803,0.000218253605809904,0.0269289180496588,-0.00301302374700406,-0.563981145490969,0.0209852182452744
2.52174315365806,0.439899955561794,-0.0889142833125173,-0.986345643025377,0.000262295758238357,0.026924495126608,-0.00303658585279817,-0.564059093463885,0.0212546353814581
2.53923181669665,0.439663272856836,-0.0895038845220775,-0.986528413626702,0.00030762576591728,0.0269199633478843,-0.00306029743580854,-0.564136409699693,0.0215264958275682
2.55684176620901,0.439423301662289,-0.0900965005154706,-0.98671354810262,0.000354272872272743,0.026915321297196,-0.00308415867929567,-0.564213079123004,0.0218008071992389
2.57457384333485,0.439180006078297,-0.0906921308323349,-0.986901071332619,0.000402266866647988,0.0269105675506752,-0.00310816975559285,-0.564289086664189,0.0220775770299007
2.59242889504728,0.438933349926808,-0.09129077470674,-0.987091008303286,0.000451638092239415,0.0269057006769152,-0.00313233082599218,-0.564364417261279,0.0223568127732662
2.61040777419332,0.438683296751002,-0.0918924310606695,-0.98728338410463,0.000502417454109366,0.0269007192370076,-0.00315664204062922,-0.564439055861777,0.0226385218058821
2.6285113395346,0.438429809814819,-0.0924970984973846,-0.987478223926252,0.000554636427278321,0.02689562178458,-0.00318110353836602,-0.564512987424383,0.0229227114297478
2.64674045578839,0.438172852102564,-0.0931047752946696,-0.98767555305338,0.000608327064893222,0.0268904068658327,-0.00320571544667256,-0.564586196920629,0.0232093888749918
2.6650959936689,0.437912386318608,-0.0937154593979607,-0.987875396862754,0.000663522006473072,0.0268850730195765,-0.00323047788150657,-0.564658669336417,0.0234985613026102
2.68357882992886,0.437648374887186,-0.094329148413355,-0.988077780818357,0.000720254486231198,0.0268796187772701,-0.00325539094719142,-0.564730389673475,0.0237902358072588
2.70218984740145,0.437380779952289,-0.094945839600503,-0.988282730466989,0.000778558341473501,0.0268740426630575,-0.00328045473629232,-0.564801342950698,0.0240844194200999
2.72092993504239,0.437109563377664,-0.0955655298653829,-0.988490271433682,0.000838468021070932,0.0268683431938066,-0.00330566932949054,-0.564871514205411,0.0243811191116979
2.73979998797246,0.43683468674692,-0.0961882157529578,-0.988700429416955,0.000900018594008012,0.0268625188791472,-0.00333103479545563,-0.564940888494518,0.0246803417949635
2.75880090752022,0.436556111363749,-0.0968138934397158,-0.988913230183894,0.00096324575800294,0.0268565682215099,-0.00335655119071564,-0.565009450895558,0.0249820943281417
2.77793360126509,0.436273798252258,-0.0974425587260946,-0.989128699565062,0.00102818584820194,0.0268504897161652,-0.00338221855952516,-0.565077186507653,0.0252863835178403
2.79719898308069,0.435987708157425,-0.0980742070287894,-0.989346863449235,0.00109487584594384,0.0268442818512638,-0.0034080369337312,-0.565144080452361,0.0255932161220983
2.81659797317847,0.435697801545679,-0.0987088333729475,-0.989567747777954,0.0011633533875956,0.0268379431078769,-0.00343400633263686,-0.565210117874414,0.025902598853488
2.83613149815172,0.435404038605611,-0.0993464323842473,-0.98979137853989,0.00123365677345677,0.0268314719600378,-0.00346012676286262,-0.565275283942359,0.0262145383822499
2.85580049101974,0.435106379248812,-0.0999869982808659,-0.990017781765022,0.00130582497673115,0.0268248668747839,-0.00348639821820532,-0.565339563849086,0.0265290413394566
2.87560589127251,0.434804783110859,-0.100630524865334,-0.990246983518623,0.00137989765256466,0.0268181263122002,-0.00351282067949467,-0.56540294281225,0.0268461143202026
2.89554864491548,0.434499209552433,-0.101277005516279,-0.990479009895035,0.00145591514714788,0.0268112487254637,-0.00353939411444737,-0.565465406074587,0.0271657638868161
2.91562970451479,0.434189617660592,-0.101926433180062,-0.990713887011256,0.00153391850688103,0.0268042325608885,-0.00356611847751862,-0.565526938904116,0.0274879965720912
2.93585002924278,0.43387596625019,-0.102578800362306,-0.990951641000306,0.00161394948759896,0.0267970762579728,-0.0035929937097511,-0.565587526594238,0.027812818882536
2.95621058492378,0.433558213865455,-0.103234099119314,-0.991192298004384,0.00169605056385602,0.0267897782494476,-0.00362001973862137,-0.565647154463714,0.0281402373016344
2.97671234408028,0.433236318781727,-0.103892321049387,-0.991435884167811,0.0017802649382665,0.0267823369613258,-0.00364719647788357,-0.565705807856546,0.0284702582931171
2.99735628597932,0.432910239007359,-0.104553457284039,-0.991682425629739,0.001866636550899,0.0267747508129537,-0.00367452382741046,-0.565763472141731,0.0288028883042405
3.01814339667932,0.432579932285787,-0.105217498479109,-0.991931948516641,0.00195521008872387,0.0267670182170649,-0.00370200167303178,-0.565820132712921,0.0291381337690685
3.03907466907719,0.43224535609778,-0.105884434805774,-0.992184478934569,0.00204603099510775,0.0267591375798345,-0.0037296298863698,-0.565875774987954,0.0294760011117554
3.06015110295567,0.431906467663864,-0.10655425594147,-0.992440042961162,0.00213914547935529,0.0267511073009368,-0.00375740832467215,-0.56593038440829,0.0298164967498261
3.08137370503119,0.431563223946927,-0.107226951060714,-0.992698666637424,0.00223460052629487,0.0267429257736043,-0.0037853368306419,-0.565983946438321,0.0301596270974508
3.10274348900188,0.431215581655018,-0.107902508825837,-0.992960375959245,0.00233244390590323,0.0267345913846897,-0.00381341523226473,-0.56603644656458,0.0305053985687107
3.12426147559604,0.430863497244335,-0.108580917377623,-0.993225196868675,0.00243272418296764,0.0267261025147294,-0.00384164334263341,-0.566087870294832,0.0308538175808516
3.14592869262085,0.430506926922412,-0.109262164325873,-0.993493155244928,0.00253549072678147,0.0267174575380106,-0.00387002095976941,-0.566138203157063,0.0312048905575241
3.16774617501149,0.430145826651508,-0.109946236739871,-0.993764276895138,0.00264079372086995,0.0267086548226407,-0.00389854786644169,-0.566187430698347,0.0315586239320042
3.18971496488059,0.429780152152198,-0.110633121138782,-0.99403858754483,0.00274868417274116,0.0266996927306189,-0.00392722382998272,-0.566235538483612,0.0319150241503939
3.21183611156796,0.429409858907184,-0.111322803481964,-0.994316112828126,0.00285921392366051,0.0266905696179123,-0.00395604860210159,-0.566282512094293,0.032274097674798
3.23411067169074,0.429034902165314,-0.112015269159212,-0.994596878277667,0.00297243565844141,0.0266812838345337,-0.00398502191869453,-0.566328337126877,0.032635850986474
3.25653970919388,0.428655236945826,-0.112710502980926,-0.994880909314254,0.00308840291525103,0.0266718337246234,-0.00401414349965242,-0.566372999191342,0.0330002905889523
3.27912429540095,0.428270818042815,-0.113408489168219,-0.995168231236191,0.00320717009542443,0.0266622176265349,-0.00404341304866576,-0.566416483909482,0.0333674230111248
3.30186550906528,0.42788160002993,-0.114109211342957,-0.995458869208339,0.00332879247328272,0.0266524338729231,-0.00407283025302679,-0.566458776913135,0.033737254810297
3.32476443642155,0.427487537265307,-0.114812652517738,-0.995752848250866,0.00345332620595168,0.0266424807908371,-0.004102394783429,-0.566499863842298,0.0341097925752026
3.3478221712376,0.427088583896738,-0.115518795085822,-0.99605019322769,0.00358082834317314,0.0266323567018172,-0.004132106293764,-0.566539730343143,0.0344850429289781
3.37103981486675,0.426684693867086,-0.116227620811004,-0.996350928834612,0.00371135683710605,0.0266220599219948,-0.00416196442091575,-0.566578362065925,0.0348630125320926
3.39441847630035,0.426275820919948,-0.116939110817447,-0.99665507958713,0.00384497055211119,0.0266115887621979,-0.00419196878455229,-0.56661574466279,0.035243708085234
3.41795927222076,0.425861918605565,-0.117653245579464,-0.996962669807932,0.00398172927451229,0.0266009415280598,-0.004222118986915,-0.566651863785481,0.035627136332143
3.44166332705473,0.425442940286997,-0.118370004911271,-0.997273723614059,0.0041216937223299,0.0265901165201339,-0.00425241461260541,-0.566686705082946,0.0360133040623998
3.46553177302703,0.425018839146551,-0.119089367956705,-0.997588264903738,0.00426492555497965,0.0265791120340111,-0.00428285522836968,-0.566720254198846,0.0364022181141548
3.48956575021462,0.424589568192483,-0.119811313178912,-0.997906317342876,0.00441148738292912,0.0265679263604445,-0.00431344038288084,-0.566752496768963,0.0367938853768043
3.51376640660105,0.42415508026596,-0.120535818350013,-0.998227904351213,0.00456144277730863,0.026556557785477,-0.00434416960651877,-0.566783418418517,0.0371883127936076
3.53813489813128,0.423715328048306,-0.121262860540759,-0.998553049088117,0.00471485627946477,0.0265450045905756,-0.00437504241114816,-0.566813004759386,0.0375855073642434
3.56267238876697,0.423270264068516,-0.121992416110166,-0.998881774438043,0.00487179341045413,0.0265332650527702,-0.00440605828989447,-0.566841241387231,0.0379854761473037
3.58738005054197,0.422819840711059,-0.122724460695151,-0.999214102995617,0.0050323206804665,0.0265213374447985,-0.00443721671691788,-0.566868113878535,0.0383882262627221
3.61225906361841,0.422364010223968,-0.123458969200165,-0.999550057050365,0.00519650559817225,0.0265092200352563,-0.0044685171471856,-0.566893607787541,0.0387937648941348
3.63731061634298,0.421902724727215,-0.124195915786833,-0.999889658571077,0.00536441667998377,0.0264969110887535,-0.0044999590162424,-0.566917708643119,0.0392020992911729
3.66253590530377,0.421435936221383,-0.124935273863606,-1.00023292918979,0.00553612345922505,0.0264844088660762,-0.00453154173997963,-0.566940401945527,0.0396132367716821
3.68793613538733,0.420963596596635,-0.125677016075431,-1.0005798901854,0.0057116964951997,0.0264717116243554,-0.00456326471440278,-0.566961673163101,0.040027184723871
3.71351251983634,0.420485657641987,-0.126421114293451,-1.00093056246689,0.00589120738214965,0.0264588176172413,-0.00459512731539781,-0.566981507728853,0.0404439506083811
3.73926628030746,0.420002071054883,-0.127167539604731,-1.00128496655617,0.00607472875809395,0.0264457250950845,-0.0046271288984962,-0.566999891036991,0.0408635419602825
3.76519864692972,0.419512788451081,-0.127916262302025,-1.00164312257055,0.00626233431354162,0.0264324323051234,-0.00465926879863919,-0.56701680843936,0.0412859663909888
3.7913108583633,0.41901776137485,-0.128667251873592,-1.00200505020475,0.00645409880006631,0.0264189374916789,-0.00469154632994095,-0.567032245241798,0.0417112315900915
3.81760416185865,0.418516941309482,-0.129420476993065,-1.0023707687126,0.00665009803873418,0.0264052388963556,-0.00472396078545126,-0.567046186700427,0.0421393453271126
3.84407981331609,0.418010279688122,-0.130175905509374,-1.0027402968883,0.00685040892837613,0.02639133475825,-0.00475651143691747,-0.567058618017854,0.042570315453171
3.87073907734582,0.417497727904925,-0.130933504436747,-1.00311365304724,0.00705510945369281,0.0263772233141662,-0.00478919753454632,-0.567069524339311,0.043004149902566
3.89758322732826,0.41697923732653,-0.131693239944784,-1.00349085500643,0.00726427869318236,0.0263629027988382,-0.00482201830676543,-0.56707889074872,0.0434408566942704
3.92461354547494,0.416454759303867,-0.132455077348612,-1.0038719200646,0.00747799682688122,0.0263483714451605,-0.00485497295998484,-0.567086702264687,0.0438804439333364
3.95183132288971,0.415924245184289,-0.133218981099138,-1.00425686498173,0.00769634514390505,0.0263336274844259,-0.00488806067835885,-0.567092943836427,0.0443229198122111
3.97923785963041,0.415387646324045,-0.133984914773399,-1.00464570595826,0.00791940604978231,0.0263186691465704,-0.00492128062354814,-0.56709760033963,0.0447682926119584
4.00683446477099,0.414844914101075,-0.134752841065024,-1.0050384586139,0.00814726307356378,0.0263034946604269,-0.00495463193448264,-0.567100656572257,0.0452165707033899
4.03462245646401,0.414295999928156,-0.135522721774814,-1.00543513796591,0.00838000087470148,0.0262881022539859,-0.0049881137271251,-0.56710209725027,0.0456677625480993
4.06260316200361,0.413740855266379,-0.136294517801447,-1.00583575840709,0.00861770524968231,0.0262724901546648,-0.00502172509423582,-0.567101907003315,0.0461218766994024
4.09077791788892,0.413179431638964,-0.137068189132323,-1.00624033368318,0.00886046313840388,0.0262566565895852,-0.00505546510513861,-0.567100070370334,0.046578921803179
4.11914806988789,0.412611680645429,-0.137843694834554,-1.00664887686998,0.00910836263028192,0.026240599785858,-0.00508933280548824,-0.567096571795127,0.0470389065986162
4.14771497310157,0.412037553976089,-0.138620993046102,-1.00706140034995,0.00936149297007577,0.0262243179708775,-0.00512332721703969,-0.567091395621854,0.0475018399188534
4.17647999202884,0.411457003426912,-0.139400040967097,-1.0074779157884,0.00961994456341836,0.0262078093726231,-0.00515744733741931,-0.56708452609049,0.0479677306915249
4.20544450063156,0.410869980914716,-0.140180794851312,-1.00789843410923,0.00988380898203733,0.0261910722199703,-0.00519169213989832,-0.567075947332226,0.0484365879392025
4.23460988240025,0.41027643849271,-0.140963209997835,-1.00832296547024,0.0101531789686568,0.0261741047430094,-0.00522606057316872,-0.567065643364821,0.0489084207797339
4.26397753042013,0.409676328366388,-0.141747240742932,-1.00875151923805,0.010428148441561,0.0261569051733735,-0.00526055156112199,-0.567053598087907,0.0493832384264775
4.29354884743766,0.40906960290977,-0.142532840452113,-1.00918410396247,0.0107088124988106,0.026139471744575,-0.00529516400263086,-0.567039795278247,0.0498610501884331
4.32332524592758,0.40845621468199,-0.143319961512414,-1.00962072735057,0.0109952674220953,0.0261218026923502,-0.00532989677133428,-0.567024218584952,0.0503418654702658
4.35330814816033,0.407836116444229,-0.144108555324909,-1.01006139624019,0.0112876106802076,0.0261038962550139,-0.00536474871542607,-0.567006851524654,0.050825693772223
4.38349898627002,0.407209261177003,-0.144898572297456,-1.01050611657311,0.0115859409321259,0.0260857506738215,-0.00539971865744734,-0.566987677476643,0.0513125446899456
4.41389920232282,0.40657560209779,-0.145689961837687,-1.01095489336771,0.011890358029688,0.0260673641933409,-0.00543480539408316,-0.566966679677957,0.0518024279141677
4.44451024838583,0.405935092679008,-0.146482672346266,-1.01140773069125,0.0122009630198453,0.0260487350618328,-0.00547000769596353,-0.566943841218448,0.052295353230309
4.47533358659646,0.405287686666333,-0.147276651210409,-1.01186463163168,0.0125178581464769,0.02602986153164,-0.00550532430746927,-0.566919145035802,0.0527913305179571
4.50637068923228,0.404633338097368,-0.148071844797689,-1.01232559826908,0.0128411468517511,0.0260107418595855,-0.00554075394654279,-0.566892573910532,0.0532903697502367
4.53762303878129,0.403972001320643,-0.148868198450133,-1.01279063164655,0.0131709337770196,0.0259913743073795,-0.00557629530450429,-0.566864110460946,0.0537924809930692
4.56909212801278,0.403303631014965,-0.149665656478628,-1.01325973174084,0.0135073247632252,0.0259717571420357,-0.00561194704587363,-0.566833737138067,0.0542976744043186
4.60077946004862,0.402628182209091,-0.150464162157632,-1.01373289743242,0.0138504268508111,0.0259518886362955,-0.00564770780819813,-0.566801436220551,0.0548059602328239
4.63268654843505,0.401945610301752,-0.151263657720229,-1.0142101264752,0.0142003482791106,0.0259317670690619,-0.00568357620188671,-0.566767189809557,0.0553173488173181
4.66481491721498,0.40125587108199,-0.152064084353512,-1.01469141546586,0.0145571984852065,0.0259113907258418,-0.00571955081005063,-0.566730979823608,0.055831850585232
4.69716610100076,0.400558920749834,-0.15286538219432,-1.01517675981269,0.0149210881022379,0.025890757899197,-0.00575563018835114,-0.566692787993423,0.0563494760513827
4.72974164504755,0.399854715937298,-0.153667490325347,-1.01566615370409,0.0152921289571438,0.0258698668892041,-0.00579181286485446,-0.566652595856732,0.0568702358165452
4.76254310532705,0.399143213729691,-0.154470346771615,-1.01615959007668,0.0156704340678205,0.0258487160039226,-0.00582809733989433,-0.566610384753067,0.0573941405659084
4.79557204860185,0.398424371687248,-0.155273888497351,-1.01665706058298,0.0160561176396812,0.0258273035598717,-0.00586448208594251,-0.566566135818548,0.0579212010674128
4.82883005250031,0.397698147867067,-0.156078051403251,-1.01715855555873,0.0164492950615962,0.0258056278825158,-0.00590096554748751,-0.566519829980641,0.0584514281699704
4.86231870559183,0.396964500845356,-0.156882770324165,-1.01766406398983,0.016850082901201,0.0257836873067576,-0.00593754614092197,-0.566471447952908,0.0589848328015649
4.89603960746281,0.396223389739965,-0.157687979027207,-1.01817357347891,0.0172585988995514,0.0257614801774403,-0.00597422225443901,-0.56642097022975,0.059521425967234
4.92999436879299,0.395474774233228,-0.158493610210305,-1.01868707021155,0.0176749619651104,0.025739004849857,-0.00601099224793776,-0.566368377081135,0.0600612187469308
4.96418461143244,0.394718614595074,-0.159299595501197,-1.01920453892212,0.0180992921670493,0.0257162596902683,-0.00604785445293867,-0.566313648547319,0.060604222293264
4.99861196847899,0.393954871706424,-0.160105865456895,-1.01972596285933,0.0185317107278437,0.0256932430764283,-0.00608480717250864,-0.566256764433561,0.061150447829118
5.03327808435624,0.393183507082861,-0.160912349563624,-1.02025132375139,0.0189723400151504,0.0256699533981171,-0.00612184868119653,-0.566197704304837,0.0616999066451504
5.06818461489212,0.392404482898558,-0.161718976237249,-1.02078060177089,0.0194213035329444,0.0256463890576812,-0.00615897722497935,-0.566136447480543,0.0622526100971672
5.10333322739797,0.391617762010462,-0.162525672824201,-1.02131377549935,0.0198787259119018,0.0256225484705818,-0.00619619102121936,-0.56607297302921,0.0628085696033748
5.13872560074817,0.390823307982724,-0.163332365602921,-1.02185082189149,0.0203447328990073,0.025598430065949,-0.00623348825863253,-0.566007259763206,0.0633677966415084
5.17436342546036,0.390021085111366,-0.164138979785823,-1.02239171623922,0.0208194513463725,0.0255740322871432,-0.00627086709726871,-0.565939286233452,0.0639303027458361
5.21024840377617,0.389211058449174,-0.164945439521801,-1.0229364321353,0.021303009199247,0.0255493535923238,-0.00630832566850366,-0.565869030724134,0.0644960995040385
5.24638224974252,0.388393193830811,-0.165751667899283,-1.02348494143682,0.0217955354832014,0.025524392455023,-0.00634586207504362,-0.565796471247429,0.0650651985539622
5.2827666892935,0.387567457898126,-0.166557586949847,-1.0240372142284,0.0222971602904724,0.0254991473647268,-0.00638347439094232,-0.565721585538232,0.0656376115802478
5.31940346033281,0.386733818125668,-0.16736311765241,-1.02459321878515,0.0228080147654447,0.025473616827461,-0.0064211606616311,-0.565644351048898,0.0662133503108307
5.35629431281677,0.385892242846381,-0.168168179938007,-1.02515292153547,0.0233282310892589,0.0254477993663831,-0.00645891890396232,-0.565564744943991,0.0667924265133154
5.39344100883792,0.385042701277465,-0.168972692695164,-1.02571628702353,0.0238579424635263,0.0254216935223797,-0.00649674710626639,-0.565482744095053,0.0673748519912213
5.43084532270915,0.384185163546397,-0.169776573775875,-1.02628327787177,0.0243972830931342,0.025395297854668,-0.00653464322842266,-0.565398325075384,0.0679606385801007
5.4685090410485,0.383319600717103,-0.170579740002214,-1.02685385474302,0.0249463881681247,0.0253686109414029,-0.0065726052019447,-0.565311464154835,0.0685497981435274
5.50643396286443,0.382445984816252,-0.171382107173559,-1.02742797630264,0.0255053938446337,0.0253416313802873,-0.00661063093007995,-0.565222137294632,0.069142342568956
5.54462189964184,0.381564288859674,-0.172183590074474,-1.02800559918047,0.02607443722487,0.0253143577891876,-0.00664871828792437,-0.565130320142211,0.0697382837634504
5.58307467542852,0.380674486878879,-0.172984102483237,-1.02858667793266,0.0266536563361233,0.0252867888067513,-0.00668686512255208,-0.565035988026079,0.0703376336492828
5.6217941269223,0.379776553947662,-0.173783557181026,-1.02917116500345,0.027243190108782,0.0252589230930291,-0.00672506925316048,-0.5649391159507,0.0709404041594001
5.66078210355879,0.378870466208784,-0.174581865961788,-1.0297590106869,0.027843178353349,0.0252307593300986,-0.00676332847123106,-0.564839678591408,0.0715466072327592
5.70004046759971,0.377956200900701,-0.175378939642785,-1.03035016308849,0.0284537617364387,0.0252022962226912,-0.00680164054070604,-0.56473765028935,0.0721562548095293
5.73957109422183,0.377033736384343,-0.176174688075831,-1.03094456808685,0.0290750817557415,0.0251735324988209,-0.00684000319818136,-0.564633005046458,0.0727693588261618
5.77937587160657,0.376103052169908,-0.176969020159232,-1.03154216929534,0.0297072807139444,0.0251444669104138,-0.00687841415311596,-0.564525716520454,0.0733859312103256
5.81945670103016,0.375164128943658,-0.177761843850438,-1.03214290802375,0.0303505016915886,0.0251150982339399,-0.00691687108805781,-0.564415758019891,0.0740059838757089
5.85981549695445,0.374216948594713,-0.178553066179408,-1.03274672324005,0.0310048885188587,0.0250854252710444,-0.00695537165888685,-0.564303102499233,0.0746295287166865
5.90045418711838,0.3732614942418,-0.179342593262704,-1.03335355153219,0.0316705857462838,0.0250554468491797,-0.0069939134950749,-0.564187722553967,0.0752565776028504
5.94137471263004,0.372297750259961,-0.180130330318318,-1.03396332706999,0.0323477386143444,0.0250251618222374,-0.00703249419996309,-0.564069590415768,0.0758871423734059
5.9825790280594,0.371325702307182,-0.180916181681238,-1.03457598156722,0.0330364930219694,0.0249945690711783,-0.00707111135105654,-0.563948677947695,0.076521234831431
6.02406910153166,0.37034533735094,-0.181700050819764,-1.03519144424379,0.0337369954939156,0.0249636675046623,-0.00710976250033685,-0.563824956639442,0.0771588667379977
6.06584691482126,0.369356643694633,-0.182481840352572,-1.03580964178811,0.0344493931470165,0.0249324560596759,-0.00714844517459238,-0.563698397602633,0.077800049806157
6.10791446344653,0.368359611003883,-0.18326145206654,-1.03643049831975,0.0351738336552949,0.0249009337021569,-0.00718715687576643,-0.56356897156617,0.0784447956947856
6.15027375676503,0.367354230332681,-0.184038786935335,-1.03705393535223,0.0359104652139232,0.0248690994276171,-0.00722589508132358,-0.563436648871628,0.0790931160022933
6.19292681806951,0.366340494149363,-0.184813745138766,-1.03767987175615,0.0366594365020333,0.0248369522617607,-0.00726465724463416,-0.563301399468714,0.0797450222601924
6.23587568468454,0.365318396362386,-0.185586226082917,-1.03830822372265,0.0374208966443585,0.0248044912610987,-0.00730344079537709,-0.563163192910774,0.0804005259265262
6.27912240806387,0.364287932345888,-0.186356128421038,-1.03893890472711,0.0381949951717077,0.0247717155135595,-0.00734224313996104,-0.56302199835037,0.081059638379159
6.32266905388835,0.363249098965001,-0.187123350075232,-1.0395718254933,0.0389818819802602,0.0247386241390929,-0.007381061661964,-0.562877784534906,0.081722370908924
6.36651770216467,0.362201894600906,-0.187887788258905,-1.0402068939579,0.0397817072896826,0.0247052162902698,-0.00741989372259142,-0.562730519802335,0.0823887347126314
6.41067044732463,0.361146319175598,-0.188649339500003,-1.04084401523544,0.0405946216000554,0.0246714911528741,-0.00745873666115275,-0.562580172076921,0.0830587408859346
6.45512939832527,0.360082374176332,-0.189407899665031,-1.04148309158371,0.0414207756476127,0.0246374479464886,-0.00749758779555658,-0.562426708865078,0.0837324004160549
6.49989667874954,0.359010062679741,-0.190163363983847,-1.04212402236967,0.042260320359288,0.0246030859250728,-0.00753644442282416,-0.562270097251277,0.0844097241743633
6.54497442690774,0.357929389375595,-0.190915627075239,-1.04276670403589,0.043113406806065,0.0245684043775323,-0.0075753038196215,-0.562110303894033,0.0850907229088209
6.5903647959397,0.35684036059016,-0.191664582973278,-1.04341103006756,0.0439801861551343,0.02453340262828,-0.00761416324280976,-0.561947295021968,0.085775407236275
6.63606995391757,0.35574298430917,-0.192410125154447,-1.04405689096007,0.0448608096208543,0.024498080037787,-0.00765301993001406,-0.561781036429956,0.0864637876346137
6.68209208394941,0.354637270200339,-0.193152146565538,-1.04470417418728,0.0457554284145163,0.0244624360031235,-0.00769187110021043,-0.561611493475351,0.0871558744347753
6.72843338428345,0.353523229635433,-0.193890539652323,-1.0453527641704,0.04666419369292,0.0244264699584893,-0.00773071395433089,-0.561438631074305,0.0878516778126154
6.77509606841313,0.352400875711843,-0.194625196388981,-1.04600254224764,0.047587256505757,0.0243901813757327,-0.00776954567588651,-0.561262413698169,0.088551207780629
6.82208236518274,0.351270223273653,-0.195356008308287,-1.04665338664453,0.048524767741811,0.0243535697648568,-0.00780836343160826,-0.561082805369995,0.0892544741795288
6.86939451889399,0.350131288932169,-0.196082866532548,-1.0473051724451,0.0494768780739761,0.0243166346745137,-0.00784716437210539,-0.560899769661127,0.0899614866696797
6.91703478941313,0.348984091085885,-0.196805661805282,-1.04795777156379,0.0504437379031034,0.0242793756924849,-0.00788594563254129,-0.5607132696879,0.0906722547223884
6.96500545227891,0.347828649939857,-0.197524284523633,-1.04861105271832,0.0514254973006799,0.0242417924461477,-0.00792470433332641,-0.560523268108427,0.0913867876110483
7.0133087988113,0.346664987524472,-0.198238624771509,-1.04926488140332,0.0524223059503484,0.0242038846029272,-0.00796343758082811,-0.56032972711951,0.0921050944021403
7.06194713622089,0.345493127713563,-0.198948572353438,-1.04991911986504,0.0534343130882817,0.0241656518707324,-0.0080021424680971,-0.560132608453639,0.0928271839460888
7.11092278771915,0.344313096241871,-0.199654016829121,-1.05057362707686,0.0544616674424166,0.0241270939983768,-0.00804081607561013,-0.55993187337612,0.0935530648679741
7.16023809262934,0.343124920721807,-0.200354847548683,-1.05122825871595,0.055504517170564,0.0240882107759818,-0.00807945547202861,-0.559727482682313,0.0942827455580988
7.20989540649828,0.3419286306595,-0.201050953688603,-1.0518828671409,0.0565630097974062,0.0240490020353637,-0.00811805771497286,-0.559519396694979,0.0950162341624115
7.25989710120885,0.340724257470097,-0.2017422242883,-1.05253730137041,0.0576372921503959,0.0240094676504014,-0.00815661985181149,-0.559307575261769,0.0957535385727858
7.31024556509332,0.339511834492306,-0.202428548287378,-1.05319140706316,0.0587275102945723,0.0239696075373869,-0.00819513892046557,-0.559091977752818,0.0964946664171558
7.36094320304735,0.338291397002133,-0.203109814563503,-1.05384502649876,0.0598338094663134,0.0239294216553562,-0.00823361195022709,-0.55887256305848,0.0972396250495076
7.41199243664497,0.337062982225812,-0.203785911970889,-1.05449799855997,0.0609563340060404,0.0238889100063997,-0.00827203596259135,-0.558649289587198,0.0979884215397289
7.46339570425412,0.335826629351883,-0.204456729379396,-1.05515015871608,0.0620952272898908,0.0238480726359532,-0.00831040797210262,-0.558422115263499,0.0987410626633148
7.51515546115323,0.334582379542414,-0.205122155714194,-1.05580133900758,0.0632506316603891,0.0238069096330674,-0.00834872498721273,-0.558190997526141,0.0994975548909319
7.56727417964842,0.333330275943323,-0.205782079996004,-1.05645136803216,0.0644226883561289,0.0237654211306562,-0.00838698401115189,-0.557955893326396,0.100257904377841
7.61975434919166,0.332070363693795,-0.20643639138186,-1.057100070932,0.0656115374404909,0.0237236073057222,-0.00842518204281129,-0.557716759126487,0.101022116953179
7.67259847649959,0.330802689934755,-0.207084979206408,-1.05774726938246,0.066817317729427,0.0236814683795603,-0.00846331607763678,-0.557473550898169,0.101790198109098
7.72580908567334,0.32952730381639,-0.207727733023684,-1.05839278158217,0.0680401667183274,0.0236390046179376,-0.00850138310853312,-0.557226224121475,0.102562152989772
7.77938871831903,0.32824425650468,-0.208364542649378,-1.05903642224461,0.0692802205080051,0.0235962163312498,-0.00853938012677805,-0.556974733783613,0.103337986380254
7.83333993366922,0.326953601186942,-0.208995298203536,-1.05967800259107,0.0705376137298211,0.0235531038746533,-0.00857730412294555,-0.556719034378032,0.104117702695206
7.8876653087051,0.325655393076335,-0.20961989015369,-1.06031733034523,0.0718124794699815,0.0235096676481724,-0.00861515208783766,-0.556459079903651,0.104901305967485
7.94236743827963,0.324349689415336,-0.210238209358378,-1.06095420972923,0.073104949193038,0.0234659080967817,-0.00865292101342398,-0.556194823864267,0.105688799836598
7.99744893524145,0.323036549478145,-0.210850147111041,-1.06158844146133,0.0744151526646212,0.0234218257104626,-0.00869060789378832,-0.555926219268128,0.106480187537019
8.0529124305597,0.321716034572013,-0.211455595184255,-1.06221982275519,0.0757432178734425,0.0233774210242337,-0.00872820972608153,-0.555653218627695,0.107275471886373
8.10876057344967,0.320388208037473,-0.212054445874273,-1.06284814732079,0.0770892709525962,0.0233326946181548,-0.00876572351147991,-0.555375773959586,0.108074655273492
8.16499603149936,0.319053135247451,-0.212646592045857,-1.06347320536701,0.0784534361001996,0.0232876471173044,-0.0088031462561482,-0.555093836784705,0.108877739646336
8.22162149079689,0.317710883605253,-0.213231927177353,-1.06409478360596,0.0798358354994058,0.0232422791917295,-0.00884047497220649,-0.554807358128566,0.109684726499787
8.27863965605879,0.316361522541394,-0.213810345405992,-1.06471266525898,0.0812365892378276,0.0231965915563682,-0.00887770667870017,-0.554516288521817,0.110495616863316
8.33605325075921,0.315005123509279,-0.214381741573376,-1.06532663006447,0.0826558152264135,0.0231505849709445,-0.00891483840257188,-0.554220578000959,0.11131041128852
8.39386501726,0.313641759979697,-0.21494601127112,-1.06593645428745,0.084093629117809,0.023104260239835,-0.00895186717963488,-0.553920176109276,0.112129109836542
8.45207771694168,0.312271507434133,-0.215503050886618,-1.06654191073096,0.0855501442242552,0.0230576182119069,-0.00898879005554665,-0.553615031897973,0.112951712065367
8.51069413033537,0.310894443356887,-0.216052757648894,-1.06714276874934,0.0870254714350547,0.0230106597803287,-0.00902560408678194,-0.553305093927529,0.11377821701699
8.56971705725559,0.309510647225976,-0.216595029674502,-1.06773879426328,0.0885197191336565,0.0229633858823504,-0.00906230634160435,-0.552990310269268,0.11460862320448
8.62914931693396,0.308120200502818,-0.217129766013455,-1.06832974977688,0.0900329931144006,0.0229157974990563,-0.00909889390103543,-0.55267062850716,0.115442928598916
8.68899374815392,0.306723186620697,-0.21765686669512,-1.06891539439649,0.0915653964989677,0.0228678956550885,-0.00913536385982037,-0.552345995739839,0.116281130616216
8.74925320938629,0.305319690971991,-0.218176232774069,-1.06949548385161,0.0931170296525779,0.0228196814183409,-0.00917171332738924,-0.552016358582864,0.117123226103853
8.80993057892579,0.303909800894155,-0.218687766375835,-1.07006977051762,0.0946879900999908,0.0227711558996244,-0.00920793942881294,-0.551681663171211,0.117969211327466
8.87102875502857,0.302493605654477,-0.219191370742532,-1.07063800344058,0.0962783724413469,0.0227223202523036,-0.0092440393057527,-0.551341855162014,0.118819081957357
8.93255065605059,0.301071196433568,-0.219686950278317,-1.07119992836394,0.0978882682679043,0.0226731756719032,-0.00928001011740226,-0.550996879737544,0.119672833054897
8.99449922058705,0.299642666307615,-0.220174410594638,-1.0717552877573,0.0995177660777183,0.0226237233956863,-0.00931584904142157,-0.550646681608445,0.120530459058822
9.05687740761275,0.298208110229388,-0.220653658555238,-1.07230382084714,0.101166951191312,0.0225739647022041,-0.00935155327486115,-0.550291205017229,0.121391953771433
9.11968819662343,0.296767625007984,-0.221124602320886,-1.07284526364964,0.102835905667393,0.0225239009108153,-0.00938712003507601,-0.549930393742021,0.122257310344714
9.18293458777804,0.295321309287341,-0.221587151393765,-1.07337934900547,0.104524708218656,0.0224735333811787,-0.0094225465606281,-0.549564191100582,0.123126521266338
9.2466196020421,0.293869263523495,-0.222041216661521,-1.07390580661666,0.106233434127744,0.0224228635127166,-0.00945783011217624,-0.549192539954596,0.12399957834561
9.31074628133199,0.292411589960608,-0.222486710440896,-1.07442436308554,0.107962155163392,0.0223718927440494,-0.00949296797335263,-0.548815382714227,0.124876472699307
9.3753176886602,0.290948392605758,-0.22292354652092,-1.07493474195574,0.109710939496832,0.022320622552404,-0.00952795745162474,-0.548432661342969,0.125757194737448
9.44033690828169,0.289479777202505,-0.223351640205638,-1.07543666375521,0.111479851618495,0.022269054452993,-0.00956279587914165,-0.548044317362769,0.126641734148987
9.50580704584117,0.288005851203241,-0.223770908356298,-1.0759298460414,0.113268952255075,0.0222171899983679,-0.00959748061356394,-0.547650291859442,0.127530079887434
9.57173122852146,0.286526723740332,-0.224181269432994,-1.07641400344843,0.115078298286993,0.0221650307777452,-0.00963200903887578,-0.547250525488382,0.128422220156404
9.63811260519287,0.285042505596071,-0.224582643535705,-1.07688884773638,0.116907942666338,0.022112578416306,-0.00966637856617865,-0.54684495848057,0.129318142395105
9.70495434656358,0.283553309171442,-0.224974952444702,-1.07735408784269,0.118757934335311,0.0220598345744704,-0.00970058663446537,-0.546433530648889,0.130217833263771
9.7722596453311,0.282059248453722,-0.225358119660274,-1.07780942993551,0.120628318145256,0.0220068009471459,-0.00973463071137356,-0.546016181394737,0.131121278629033
9.84003171633479,0.280560438982931,-0.225732070441745,-1.07825457746928,0.122519134776305,0.0219534792629518,-0.00976850829391764,-0.545592849714967,0.132028463549244
9.90827379670937,0.279056997817148,-0.226096731845736,-1.07868923124225,0.124430420657707,0.0218998712834191,-0.00980221690919829,-0.545163474209132,0.13293937225976
9.97698914603959,0.277549043496711,-0.226452032763641,-1.07911308945611,0.126362207888899,0.0218459788021674,-0.00983575411508853,-0.544727993087061,0.133853988158177
10.0461810465159,0.276036696007324,-0.226797903958271,-1.07952584777764,0.128314524161352,0.0217918036440583,-0.00986911750089543,-0.544286344176754,0.134772293789533
10.1158528030912,0.27452007674209,-0.227134278099647,-1.07992719940245,0.13028739268127,0.0217373476643279,-0.00990230468799663,-0.543838464932616,0.135694270831489
10.1860077436388,0.27299930846249,-0.227461089799877,-1.08031683512067,0.132280832093184,0.0216826127476969,-0.00993531333045062,-0.543384292444019,0.136619900079472
10.2566492191112,0.271474515258343,-0.227778275647116,-1.08069444338469,0.134294856404491,0.0216276008074613,-0.00996814111558025,-0.542923763444215,0.137549161431812
10.3277806037004,0.269945822506756,-0.228085774238547,-1.08105971037892,0.136329474911001,0.0215723137845627,-0.0100007857645282,-0.542456814319582,0.138482033874856
10.3994052949988,0.268413356830107,-0.228383526212363,-1.08141232009149,0.138384692123538,0.0215167536466402,-0.010033245032784,-0.541983381119226,0.139418495468088
10.4715267141616,0.266877246053077,-0.228671474278715,-1.08175195438792,0.140460507695647,0.0214609223870648,-0.0100655167106818,-0.541503399564939,0.14035852332923
10.5441483060703,0.26533761915877,-0.22894956324959,-1.08207829308675,0.142556916352468,0.0214048220239561,-0.0100975986238672,-0.541016805061509,0.141302093619372
10.6172735394972,0.263794606243942,-0.229217740067595,-1.08239101403707,0.144673907820813,0.0213484545991842,-0.0101294886337348,-0.540523532707396,0.14224918152809
10.6909059072708,0.26224833847338,-0.229475953833607,-1.08268979319795,0.146811466760511,0.0212918221773557,-0.0101611846378323,-0.540023517305779,0.143199761258604
10.7650489264432,0.260698948033453,-0.229724155833269,-1.08297430471979,0.148969572697062,0.0212349268447863,-0.0101926845702339,-0.539516693375961,0.144153806012949
10.8397061384575,0.259146568084883,-0.229962299562301,-1.08324422102741,0.151148199955658,0.021177770708461,-0.0102239864018802,-0.539002995165167,0.145111287977181
10.9148811093176,0.257591332714761,-0.230190340750596,-1.08349921290512,0.153347317596607,0.0211203558949816,-0.010255088140885,-0.538482356660705,0.14607217830663
10.9905774297578,0.256033376887838,-0.230408237385079,-1.0837389495834,0.155566889352222,0.0210626845495048,-0.0102859878328077,-0.53795471160252,0.147036447111189
11.0667987154147,0.254472836397153,-0.230615949731302,-1.08396309882754,0.157806873565215,0.0210047588346704,-0.0103166835608918,-0.537419993496132,0.148004063440671
11.1435486070002,0.252909847814006,-0.230813440353754,-1.08417132702783,0.16006722312864,0.0209465809295207,-0.0103471734462683,-0.536878135625965,0.148974995270216
11.2208307704748,0.251344548437332,-0.231000674134865,-1.08436329929161,0.162347885427437,0.0208881530284142,-0.0103774556481237,-0.536329071069067,0.149949209485784
11.2986488972231,0.249777076242517,-0.231177618292673,-1.08453867953687,0.164648802281618,0.0208294773399319,-0.0104075283638324,-0.535772732709238,0.150926671869709
11.3770067042298,0.248207569829688,-0.231344242397157,-1.08469713058752,0.166969909891133,0.0207705560857807,-0.0104373898290532,-0.535209053251548,0.151907347086357
11.4559079342577,0.24663616837152,-0.231500518385189,-1.08483831427032,0.169311138782473,0.0207113914996922,-0.0104670383177892,-0.534637965237271,0.152891198667871
11.535356356026,0.24506301156061,-0.231646420574112,-1.08496189151331,0.171672413757037,0.02065198582632,-0.010496472142411,-0.534059401059213,0.153878189000023
11.6153557643908,0.24348823955645,-0.231781925673923,-1.08506752244575,0.174053653841313,0.0205923413201363,-0.010525689653644,-0.533473292977473,0.154868279308179
11.6959099805258,0.241911992932052,-0.231907012798037,-1.0851548664996,0.176454772238901,0.0205324602443291,-0.010554689240518,-0.532879573135594,0.155861429643391
11.7770228521052,0.240334412620259,-0.232021663472634,-1.08522358251243,0.178875676284437,0.0204723448697008,-0.0105834693302797,-0.532278173577152,0.156857598868612
11.8586982534876,0.238755639859792,-0.232125861644571,-1.0852733288317,0.181316267399425,0.0204119974735711,-0.0106120283882689,-0.531669026262754,0.157856744645067
11.9409400859005,0.237175816141081,-0.232219593687857,-1.08530376342049,0.183776441050049,0.0203514203386828,-0.0106403649177568,-0.531052063087464,0.15885882341876
12.0237522776272,0.235595083151914,-0.232302848408665,-1.08531454396447,0.186256086706965,0.0202906157521155,-0.010668477459748,-0.530427215898647,0.159863790407157
12.1071387841942,0.234013582722964,-0.232375617048906,-1.08530532798017,0.188755087807129,0.0202295860042044,-0.0106963645927453,-0.529794416514252,0.160871599586028
12.1911035885602,0.232431456773218,-0.232437893288333,-1.08527577292453,0.191273321717691,0.0201683333874696,-0.0107240249324774,-0.529153596741519,0.161882203676482
12.2756507013062,0.230848847255386,-0.232489673245187,-1.08522553630563,0.193810659701976,0.0201068601955538,-0.0107514571315904,-0.52850468839611,0.162895554132187
12.3607841608273,0.229265896101295,-0.232530955475377,-1.08515427579451,0.196366966887587,0.0200451687221724,-0.0107786598793032,-0.52784762332169,0.163911601126798
12.4465080335254,0.227682745167353,-0.232561740970205,-1.08506164933818,0.198942102236669,0.0199832612600751,-0.0108056319010265,-0.527182333409929,0.164930293541599
12.5328264140034,0.2260995361801,-0.232582033152624,-1.08494731527365,0.201535918518348,0.0199211401000226,-0.010832371957946,-0.526508750620946,0.165951578953366
12.6197434252612,0.224516410681904,-0.232591837872048,-1.08481093244295,0.204148262283369,0.0198588075297775,-0.0108588788465707,-0.525826807004192,0.166975403622478
12.7072632188919,0.222933509976851,-0.232591163397704,-1.08465216030915,0.206778973840982,0.0197962658331123,-0.0108851513982466,-0.525136434719768,0.168001712481262
12.7953899752808,0.221350975076859,-0.232580020410548,-1.08447065907332,0.209427887238068,0.0197335172888351,-0.0109111884786354,-0.524437566060181,0.169030449122612
12.8841279038047,0.219768946648083,-0.232558421993744,-1.08426608979228,0.212094830240553,0.0196705641698345,-0.0109369889871599,-0.523730133472549,0.170061555788873
12.9734812430331,0.218187564957626,-0.23252638362172,-1.08403811449727,0.214779624317118,0.0196074087421448,-0.0109625518564164,-0.523014069581232,0.171094973361013
13.0634542609305,0.216606969820637,-0.232483923147811,-1.08378639631332,0.21748208462523,0.0195440532640329,-0.0109878760515542,-0.522289307210912,0.172130641348087
13.1540512550606,0.215027300547799,-0.232431060790508,-1.08351059957941,0.220202019999518,0.019480499985108,-0.0110129605696236,-0.521555779410114,0.173168497877021
13.2452765527909,0.213448695893288,-0.232367819118317,-1.08321038996927,0.222939232942499,0.0194167511454554,-0.011037804438893,-0.520813419475153,0.174208479682707
13.3371345115004,0.211871294003215,-0.232294223033256,-1.08288543461282,0.225693519617686,0.0193528089747958,-0.0110624067181352,-0.520062160974538,0.175250522098443
13.4296295187868,0.210295232364612,-0.232210299753005,-1.0825354022182,0.228464669845085,0.0192886756916706,-0.0110867664958848,-0.519301937773794,0.176294559046715
13.5227659926764,0.208720647754994,-0.232116078791717,-1.08215996319436,0.231252467099098,0.0192243535026548,-0.0111108828896674,-0.518532684060732,0.177340523030342
13.6165483818355,0.207147676192543,-0.232011591939531,-1.08175878977407,0.234056688508849,0.0191598446015988,-0.0111347550452002,-0.517754334371147,0.178388345124004
13.7109811657822,0.205576452886944,-0.231896873240794,-1.08133155613745,0.236877104860939,0.0190951511689,-0.0111583821355669,-0.516966823614947,0.17943795496615
13.806068855101,0.204007112190924,-0.231771958971015,-1.08087793853583,0.23971348060465,0.0190302753708043,-0.011181763360367,-0.516170087102713,0.18048928075131
13.9018159916578,0.20243978755252,-0.231636887612588,-1.08039761541596,0.242565573859601,0.0189652193587402,-0.0112048979448398,-0.51536406057268,0.181542249222834
13.998227148817,0.200874611468123,-0.2314916998293,-1.07989026754457,0.245433136425875,0.0188999852686853,-0.0112277851389662,-0.51454868021815,0.182596785666048
14.0953069316601,0.199311715436323,-0.23133643843965,-1.07935557813308,0.248315913796613,0.0188345752205664,-0.011250424216547,-0.513723882715311,0.183652813901867
14.1930599772055,0.1977512299126,-0.231171148389017,-1.07879323296259,0.251213645173102,0.0187689913176934,-0.0112728144742612,-0.512889605251482,0.184710256280863
14.2914909546299,0.196193284264888,-0.230995876720696,-1.078202920509,0.254126063482339,0.0187032356462301,-0.0112949552307034,-0.512045785553763,0.185769033677808
14.3906045654914,0.194638006730039,-0.23081067254584,-1.07758433206817,0.257052895397108,0.0186373102746992,-0.0113168458254035,-0.511192361918093,0.18682906548671
14.4904055439544,0.193085524371241,-0.230615587012335,-1.07693716188122,0.259993861358544,0.0185712172535257,-0.0113384856178285,-0.510329273238705,0.187890269616345
14.5908986570152,0.191535963036383,-0.230410673272645,-1.07626110725982,0.262948675601213,0.0185049586146168,-0.0113598739863681,-0.509456459037979,0.188952562486319
14.6920887047298,0.189989447317434,-0.230195986450652,-1.07555586871134,0.265917046180702,0.0184385363709809,-0.0113810103273063,-0.508573859496686,0.190015859023657
14.7939805204436,0.188446100510839,-0.229971583607544,-1.07482115006409,0.268898675003723,0.0183719525163843,-0.0114018940537786,-0.507681415484606,0.191080072659944
14.8965789710218,0.186906044578959,-0.229737523706754,-1.07405665859222,0.271893257860731,0.0183052090250485,-0.0114225245947184,-0.506779068591529,0.192145115329031
14.999888957082,0.185369400112596,-0.229493867578028,-1.07326210514064,0.274900484461066,0.0182383078513866,-0.0114429013937922,-0.505866761158622,0.193210897465317
15.1039154132284,0.183836286294609,-0.229240677880618,-1.07243720424952,0.277920038470618,0.0181712509297803,-0.011463023908325,-0.504944436310151,0.194277328002633
15.2086633082875,0.182306820864653,-0.228978019065664,-1.07158167427868,0.280951597552003,0.0181040401743976,-0.01148289160822,-0.504012037985559,0.195344314373734
15.3141376455451,0.180781120085054,-0.228705957337796,-1.07069523753153,0.283994833407273,0.0180366774790517,-0.0115025039748698,-0.503069510971886,0.196411762510413
15.4203434629857,0.179259298707851,-0.228424560615988,-1.06977762037874,0.287049411823143,0.0179691647171009,-0.0115218605000646,-0.502116800936515,0.197479576844263
15.5272858335329,0.177741469943007,-0.228133898493709,-1.06882855338141,0.290114992718734,0.0179015037413912,-0.0115409606848962,-0.501153854460252,0.19854766030809
15.6349698652918,0.176227745427819,-0.227834042198416,-1.06784777141383,0.293191230195846,0.0178336963842392,-0.0115598040386611,-0.500180619070704,0.199615914338006
15.7434007017931,0.174718235197534,-0.22752506455041,-1.06683501378576,0.296277772591739,0.0177657444574584,-0.0115783900777624,-0.499197043275972,0.200684238876202
15.8525835222385,0.173213047657188,-0.227207039921119,-1.06579002436405,0.299374262534437,0.0176976497524268,-0.0115967183246142,-0.498203076598619,0.201752532374428
15.9625235417481,0.171712289554679,-0.22688004419083,-1.0647125516938,0.302480337000539,0.0176294140401966,-0.0116147883065479,-0.497198669609926,0.202820691798191
16.07322601161,0.170216065955079,-0.226544154705917,-1.06360234911876,0.305595627375544,0.0175610390716463,-0.0116325995547237,-0.496183773964404,0.203888612631686
16.1846962195303,0.168724480216209,-0.226199450235608,-1.0624591749011,0.308719759516679,0.0174925265776747,-0.0116501516030471,-0.495158342434562,0.204956188883478
16.2969394898867,0.167237633965464,-0.225846010928329,-1.06128279234047,0.311852353818236,0.0174238782694362,-0.0116674439870942,-0.494122328945906,0.206023313092944
16.4099611839816,0.165755627077912,-0.225483918267663,-1.06007296989214,0.314993025279394,0.0173550958386183,-0.0116844762430449,-0.493075688612163,0.207089876337494
16.5237667002994,0.164278557655662,-0.225113255027974,-1.05882948128454,0.31814138357455,0.0172861809577606,-0.0117012479066273,-0.492018377770712,0.208155768240591
16.6383614747635,0.162806522008507,-0.224734105229721,-1.05755210563568,0.321297033126124,0.017217135280614,-0.0117177585120734,-0.490950354018202,0.209220876980568
16.7537509809962,0.161339614635844,-0.22434655409452,-1.05624062756883,0.324459573179858,0.0171479604425414,-0.01173400759109,-0.489871576246343,0.210285089300276
16.8699407305804,0.159877928209869,-0.223950687999986,-1.05489483732718,0.32762859788258,0.0170786580609585,-0.0117499946718427,-0.488782004677864,0.211348290517565
16.9869362733223,0.158421553560051,-0.223546594434384,-1.05351453088743,0.330803696362448,0.0170092297358138,-0.0117657192779577,-0.487681600902596,0.212410364536614
17.1047431975172,0.156970579658878,-0.223134361951159,-1.05209951007239,0.333984452811652,0.016939677050109,-0.0117811809275418,-0.486570327913683,0.213471193860122
17.2233671302159,0.155525093608874,-0.222714080123344,-1.05064958266245,0.337170446571572,0.0168700015704565,-0.0117963791322209,-0.485448150143898,0.214530659602382
17.3428137374936,0.154085180630881,-0.222285839497925,-1.04916456250592,0.340361252220389,0.0168002048476764,-0.0118113133962007,-0.48431503350203,0.215588641503237
17.4630887247206,0.152650924053598,-0.221849731550169,-1.0476442696281,0.343556439663128,0.0167302884174301,-0.0118259832153486,-0.483170945409348,0.216645017942942
17.5841978368348,0.151222405304378,-0.221405848637974,-1.04608853033917,0.346755574224139,0.0166602538008901,-0.0118403880763001,-0.482015854836088,0.217699665957938
17.7061468586161,0.149799703901258,-0.220954283956272,-1.04449717734076,0.349958216741999,0.0165901025054466,-0.0118545274555902,-0.480849732337978,0.218752461257556
17.8289416149627,0.148382897446232,-0.220495131491516,-1.04287004983117,0.353163923666826,0.0165198360254482,-0.011868400818811,-0.479672550092742,0.219803278241651
17.9525879711692,0.146972061619735,-0.2200284859763,-1.04120699360916,0.356372247159995,0.0164494558429768,-0.0118820076197973,-0.478484281936593,0.220851990019188
18.0770918332073,0.145567270176349,-0.219554442844133,-1.03950786117639,0.359582735196244,0.0163789634286557,-0.0118953472998414,-0.477284903400669,0.22189846842779
18.2024591480069,0.144168594941692,-0.219073098184416,-1.03777251183827,0.362794931668169,0.0163083602424899,-0.0119084192869379,-0.476074391747396,0.222942584054243
18.3286959037413,0.142776105810499,-0.218584548697647,-1.0360008118033,0.366008376493071,0.0162376477347373,-0.0119212229950597,-0.474852726006756,0.223984206255995
18.4558081301122,0.141389870745865,-0.218088891650891,-1.03419263428082,0.369222605722175,0.0161668273468093,-0.0119337578234678,-0.473619887012432,0.225023203183622
18.5838018986386,0.140009955779637,-0.21758622483355,-1.0323478595771,0.372437151652179,0.0160959005122018,-0.0119460231560539,-0.472375857437798,0.226059441804308
18.7126833229461,0.138636425013937,-0.217076646513453,-1.03046637518975,0.375651542939134,0.0160248686574519,-0.0119580183607181,-0.471120621831741,0.227092787926309
18.8424585590593,0.137269340623804,-0.216560255393322,-1.02854807590034,0.378865304714638,0.0159537332031225,-0.0119697427887832,-0.469854166654281,0.228123106224441
18.9731338056957,0.135908762860926,-0.216037150567615,-1.02659286386526,0.382077958704321,0.0158824955648116,-0.011981195774445,-0.468576480311948,0.229150260266573
19.1047153045619,0.134554750058451,-0.215507431479798,-1.0246006487047,0.385289023348611,0.0158111571541855,-0.0119923766342619,-0.46728755319292,0.230174112541142
19.2372093406515,0.133207358636843,-0.214971197880057,-1.02257134758971,0.388498013925763,0.0157397193800343,-0.0120032846666818,-0.465987377701859,0.231194524485702
19.3706222425457,0.13186664311078,-0.214428549783498,-1.02050488532728,0.391704442677125,0.0156681836493494,-0.0120139191516103,-0.464675948294437,0.232211356516487
19.5049603827152,0.130532656097055,-0.213879587428837,-1.01840119444347,0.394907818934628,0.0155965513684203,-0.0120242793500189,-0.463353261511516,0.233224468059023
19.6402301778248,0.129205448323466,-0.213324411237629,-1.01626021526434,0.398107649250471,0.0155248239439494,-0.0120343645035941,-0.462019316012953,0.234233717579759
19.7764380890397,0.127885068638667,-0.212763121774046,-1.01408189599487,0.401303437528994,0.0154530027841849,-0.0120441738344295,-0.460674112610996,0.23523896261875
19.9135906223344,0.126571564022961,-0.212195819705227,-1.01186619279562,0.404494685160688,0.015381089300068,-0.0120537065447605,-0.459317654303243,0.236240059823361
20.0516943288031,0.1252649796,-0.211622605762236,-1.00961306985712,0.407680891158348,0.0153090849063951,-0.0120629618167423,-0.457949946305137,0.237236864983019
20.1907558049731,0.123965358649381,-0.211043580701633,-1.00732249947202,0.410861552295315,0.0152369910229911,-0.0120719388122717,-0.45657099608195,0.238229233064999
20.3307816931193,0.122672742620096,-0.210458845267694,-1.00499446210485,0.414036163245799,0.0151648090758953,-0.0120806366728544,-0.455180813380245,0.239217018251233
20.4717786815819,0.121387171144823,-0.209868500155285,-1.00262894645931,0.417204216727241,0.015092540498555,-0.0120890545195162,-0.453779410258766,0.240200073976164
20.6137535050858,0.120108682055029,-0.209272645973418,-1.00022594954314,0.420365203644688,0.0150201867330276,-0.0120971914527607,-0.452366801118733,0.241178252965612
20.756712945062,0.118837311396845,-0.208671383209506,-0.997785476730417,0.423518613237143,0.0149477492311889,-0.0121050465525718,-0.450943002733499,0.24215140727667
20.900663829972,0.117573093447705,-0.208064812194329,-0.995307541821274,0.426663933225866,0.0148752294559453,-0.0121126188784636,-0.449508034277556,0.243119388338605
21.0456130356336,0.116316060733711,-0.207453033067728,-0.992792167098916,0.429800649964575,0.0148026288824494,-0.0121199074695754,-0.448061917354823,0.244082046994775
21.1915674855492,0.115066244047692,-0.206836145745046,-0.990239383383949,0.432928248591519,0.0147299489993162,-0.0121269113448138,-0.446604676026225,0.245039233545534
21.338534151237,0.113823672467938,-0.206214249884317,-0.98764923008592,0.436046213183381,0.0146571913098394,-0.012133629503042,-0.445136336836485,0.245990797792134
21.4865200525637,0.112588373377578,-0.205587444854235,-0.985021755252008,0.439154026910963,0.014584357333205,-0.012140060923315,-0.443656928840129,0.246936589081598
21.6355322580795,0.111360372484572,-0.204955829702889,-0.982357015612818,0.442251172196618,0.0145114486057015,-0.0121462045651619,-0.442166483626656,0.247876456352561
21.7855778853565,0.110139693842287,-0.204319503127302,-0.979655076625209,0.445337130873372,0.0144384666819242,-0.0121520593689154,-0.440665035344836,0.248810248182059
21.9366641013278,0.108926359870631,-0.20367856344376,-0.9769160125121,0.448411384345698,0.0143654131359729,-0.0121576242560868,-0.439152620726107,0.249737812833265
22.0887981226306,0.107720391377723,-0.203033108558945,-0.974139906299193,0.451473413751885,0.01429228956264,-0.0121628981297888,-0.437629279107045,0.250658998304136
22.2419872159503,0.106521807582055,-0.202383235941894,-0.971326849848555,0.454522700127947,0.0142190975785886,-0.0121678798752035,-0.436095052450849,0.251573652376972
22.396238698368,0.105330626135132,-0.201729042596769,-0.968476943888991,0.457558724573024,0.0141458388235183,-0.0121725683600967,-0.434549985367839,0.252481622668859
22.5515599377096,0.104146863144556,-0.201070625036453,-0.965590298043164,0.460580968416214,0.0140725149613174,-0.0121769624353778,-0.432994125134909,0.253382756682978
22.7079583528983,0.102970533197526,-0.200408079256984,-0.962667030851391,0.46358891338477,0.0139991276811988,-0.012181060935705,-0.431427521713911,0.254276901860768
22.8654414143084,0.101801649384724,-0.199741500712809,-0.959707269792062,0.466582041773617,0.0139256786988199,-0.0121848626801348,-0.429850227768939,0.255163905634905
23.0240166441225,0.100640223324568,-0.199070984292886,-0.956711151298624,0.4695598366161,0.0138521697573832,-0.012188366472816,-0.428262298682479,0.25604361548309
23.1836916166905,0.0994862651877906,-0.198396624297618,-0.953678820773076,0.472521781855917,0.0137786026287163,-0.0121915711037275,-0.426663792570389,0.256915878982608
23.3444739588916,0.0983397837223295,-0.197718514416621,-0.950610432595921,0.475467362520158,0.0137049791143305,-0.0121944753494586,-0.425054770295681,0.257780543865647
23.5063713504986,0.0972007862784929,-0.197036747707337,-0.947506150132506,0.47839606489338,0.0136313010464558,-0.0121970779740316,-0.423435295481079,0.258637458075331
23.6693915245447,0.0960692788343797,-0.196351416574476,-0.944366145735727,0.481307376692639,0.0135575702890507,-0.0121993777297668,-0.421805434520308,0.259486469822461
23.8335422676926,0.0949452660215242,-0.195662612750297,-0.941190600745015,0.484200787243414,0.0134837887387858,-0.0122013733581867,-0.420165256588102,0.260327427642913
23.9988314206069,0.0938287511507414,-0.194970427275719,-0.937979705481574,0.487075787656327,0.013409958325999,-0.0122030635909615,-0.418514833648884,0.26116018045568
24.1652668783283,0.0927197362381457,-0.194274950482261,-0.934733659239809,0.489931871004593,0.0133360810156216,-0.0122044471508924,-0.416854240464104,0.261984577621512
24.3328565906507,0.0916182220313196,-0.193576271974801,-0.931452670274914,0.492768532502102,0.0132621588080732,-0.012205522752934,-0.4151835545982,0.262800469002132
24.5016085625011,0.0905242080356053,-0.192874480615163,-0.92813695578655,0.495585269682063,0.0131881937401247,-0.0122062891052522,-0.413502856423154,0.263607705019985
24.6715308543219,0.0894376925404973,-0.192169664506504,-0.924786741898593,0.498381582576099,0.0131141878857271,-0.0122067449103195,-0.411812229121625,0.264406136718489
24.8426315824557,0.08835867264611,-0.191461910978521,-0.921402263634894,0.50115697389372,0.0130401433568061,-0.0122068888660438,-0.410111758688619,0.265195615822753
25.0149189195333,0.0872871442896983,-0.190751306573446,-0.917983764891025,0.503910949202073,0.0129660623040196,-0.0122067196669314,-0.408401533931688,0.265975994800714
25.1884010948637,0.0862231022722071,-0.19003793703284,-0.914531498401957,0.506643017105867,0.0128919469174784,-0.0122062360052823,-0.406681646469626,0.26674712692467
25.3630863948277,0.0851665402848284,-0.189321887285163,-0.911045725705653,0.509352689427393,0.012817799427428,-0.0122054365724165,-0.404952190729641,0.267508866333154
25.538983163273,0.0841174509355433,-0.188603241434128,-0.907526717102531,0.512039481386509,0.0127436221048902,-0.0122043200599297,-0.403213263942981,0.268261068093114
25.7160998019135,0.0830758257756277,-0.187882082747806,-0.903974751610774,0.514702911780518,0.0126694172622642,-0.0122028851609785,-0.401464966139,0.26900358826236
25.89444477073,0.0820416553261012,-0.1871584936485,-0.900390116917452,0.517342503163811,0.0125951872538858,-0.012201130571591,-0.399707400137636,0.269736283952228
26.0740265883745,0.0810149291040984,-0.186432555703346,-0.896773109325449,0.519957782027183,0.0125209344765427,-0.0121990549920047,-0.397940671540295,0.270459013390419
26.2548538325773,0.0799956356491429,-0.185704349615665,-0.893124033696144,0.5225482789767,0.0124466613699471,-0.0121966571280275,-0.396164888719113,0.271171635983972
26.4369351405564,0.0789837625493064,-0.184973955217018,-0.889443203387865,0.525113528912022,0.012372370417162,-0.0121939356924212,-0.394380162804597,0.271874012382319
26.6202792094301,0.0779792964672323,-0.184241451459983,-0.885730940190069,0.527653071204049,0.0122980641449829,-0.0121908894063069,-0.392586607671608,0.27256600454038
26.8048947966327,0.0769822231660063,-0.183506916411619,-0.881987574253252,0.530166449871802,0.0122237451242723,-0.0121875170005891,-0.390784339923707,0.273247475781647
26.9907907203326,0.0759925275348584,-0.18277042724762,-0.878213444014579,0.532653213758393,0.012149415970247,-0.0121838172173985,-0.388973478875821,0.273918290861206
27.1779758598533,0.0750101936146777,-0.182032060247133,-0.874408896119227,0.535112916705995,0.0120750793427174,-0.01217978881155,-0.387154146535245,0.274578316028658
27.3664591560979,0.0740352046233244,-0.181291890788235,-0.87057428533744,0.537545117729677,0.012000737946278,-0.0121754305520164,-0.385326467580955,0.275227419090882
27.556249611976,0.0730675429807243,-0.180549993344057,-0.866709974477304,0.539949381189983,0.0119263945304493,-0.0121707412234143,-0.383490569341247,0.275865469474582
27.7473562928336,0.0721071903337304,-0.179806441479522,-0.862816334293233,0.542325276964148,0.0118520518897689,-0.0121657196275017,-0.381646581769675,0.276492338288588
27.9397883268864,0.0711541275807366,-0.179061307848715,-0.858893743390196,0.544672380615818,0.0117777128638334,-0.0121603645846847,-0.379794637419301,0.277107898385837
28.1335549056553,0.070208334896032,-0.178314664192835,-0.854942588123686,0.546990273563148,0.0117033803372893,-0.0121546749355324,-0.377934871415259,0.277712024425001
28.3286652844062,0.0692697917538806,-0.177566581338742,-0.850963262495454,0.549278543245172,0.0116290572397726,-0.0121486495422972,-0.376067421425624,0.278304592931695
28.5251287825912,0.0683384769523154,-0.176817129198065,-0.846956168045023,0.551536783286304,0.0115547465457983,-0.0121422872904402,-0.374192427630589,0.278885482359221
28.7229547842946,0.0674143686366349,-0.176066376766867,-0.842921713737025,0.553764593658851,0.0114804512745973,-0.0121355870901582,-0.372310032689973,0.279454573148797
28.9221527386804,0.0664974443225911,-0.175314392125847,-0.838860315844369,0.555961580843423,0.0114061744899026,-0.0121285478779121,-0.370420381709042,0.280011747789212
29.1227321604441,0.0655876809192575,-0.174561242441061,-0.834772397827295,0.558127357987098,0.0113319192996835,-0.0121211686179533,-0.368523622202672,0.280556890875858
29.324702630267,0.0646850547515696,-0.17380699396515,-0.830658390208341,0.560261545059234,0.0112576888558285,-0.0121134483038484,-0.366619904057855,0.281089889169085
29.5280737952738,0.0637895415825254,-0.17305171203906,-0.82651873044327,0.5623637690048,0.0111834863537765,-0.0121053859599982,-0.364709379494553,0.28161063165183
29.7328553694936,0.0629011166350407,-0.172295461094232,-0.822353862788004,0.564433663895096,0.0111093150320964,-0.0120969806431503,-0.362792203024942,0.282119009586459
29.9390571343235,0.0620197546134486,-0.171538304655255,-0.818164238161624,0.566470871075745,0.0110351781720158,-0.0120882314439043,-0.360868531411023,0.282614916570782
30.1466889389963,0.0611454297246367,-0.170780305342952,-0.813950314005476,0.568475039311838,0.0109610790968987,-0.0120791374882054,-0.358938523620657,0.283098248593178
30.3557607010504,0.0602781156988165,-0.170021524877899,-0.809712554138464,0.570445824930102,0.0108870211716722,-0.0120696979388279,-0.357002340782008,0.283568904086781
30.566282406804,0.0594177858099157,-0.169262024084354,-0.805451428608581,0.572382891957982,0.0108130078022031,-0.0120599119968433,-0.355060146136453,0.284026783982684
30.7782641118319,0.058564412895591,-0.168501862894574,-0.801167413540754,0.574285912259506,0.0107390424346251,-0.0120497789030748,-0.353112104989943,0.284471791762095
30.9917159414457,0.0577179693768547,-0.16774110035351,-0.796860990981075,0.576154565667835,0.0106651285546158,-0.0120392979395332,-0.351158384662881,0.284903833507415
31.2066480911777,0.05687842727731,-0.166979794623869,-0.792532648737498,0.577988540114362,0.0105912696866257,-0.0120284684308348,-0.349199154438505,0.285322817952163
31.4230708272674,0.0560457582419927,-0.166218002991516,-0.788182880217086,0.579787531754256,0.0105174693930587,-0.012017289745599,-0.347234585509842,0.285728656529729
31.6409944871527,0.0552199335558144,-0.165455781871209,-0.783812184259883,0.581551245088352,0.0104437312734054,-0.0120057612978227,-0.345264850925233,0.286121263420878
31.8604294799627,0.0544009241616056,-0.164693186812644,-0.779421064969527,0.583279393081251,0.0103700589633293,-0.011993882548232,-0.343290125532486,0.286500555599984
32.0813862870155,0.0535887006777546,-0.163930272506804,-0.775010031540673,0.584971697275553,0.010296456133708,-0.0119816530056079,-0.341310585921672,0.286866452879928
32.3038754623189,0.0527832334154421,-0.163167092792586,-0.770579598083338,0.586627887902096,0.0102229264896282,-0.0119690722280852,-0.339326410366617,0.287218877955626
32.5279076330741,0.0519844923954693,-0.1624037006637,-0.766130283444275,0.588247703986117,0.0101494737693379,-0.0119561398244224,-0.337337778765115,0.287557756446137
32.7534935001834,0.0511924473646786,-0.161640148275821,-0.761662611025474,0.589830893449226,0.0100761017431547,-0.0119428554552423,-0.335344872577911,0.287883016935322
32.9806438387618,0.0504070678119662,-0.160876486953974,-0.757177108599905,0.591377213207105,0.0100028142123324,-0.0119292188342404,-0.333347874766489,0.288194591010987
33.2093694986511,0.0496283229838879,-0.160112767200146,-0.752674308124622,0.592886429262833,0.00992961500788651,-0.0119152297293606,-0.33134696972971,0.288492413302497
33.4396814049384,0.0488561818998567,-0.159349038701111,-0.748154745551335,0.594358316795763,0.00985650798938032,-0.0119008879639364,-0.329342343239344,0.28877642151681
33.6715905584778,0.0480906133669351,-0.15858535033644,-0.743618960634585,0.595792660245849,0.00978349704367198,-0.0118861934177962,-0.327334182374548,0.289046556472883
33.9051080364161,0.047331585994222,-0.157821750186702,-0.73906749673764,0.597189253393358,0.00971058608362452,-0.0118711460283321,-0.32532267545532,0.289302762134443
34.1402449927217,0.0465790682068367,-0.157058285541824,-0.734500900636236,0.598547899433877,0.00963777904677962,-0.0118557457915299,-0.323308011975002,0.289544985641054
34.3770126587175,0.0458330282595017,-0.15629500290961,-0.729919722320311,0.599868411048558,0.00956507989399685,-0.0118399927629595,-0.321290382531859,0.289773177337482
34.6154223436172,0.0450934342497275,-0.1555319480244,-0.725324514793838,0.601150610469521,0.00949249260805947,-0.0118238870587253,-0.3192699787598,0.289987290801295
34.8554854350656,0.0443602541306016,-0.154769165855851,-0.720715833872926,0.602394329540344,0.00942002119224828,-0.0118074288563736,-0.317246993258285,0.290187282868693
35.0972133996824,0.0436334557231856,-0.154006700617839,-0.716094237982305,0.603599409771614,0.00934766966888509,-0.0117906183957588,-0.315221619521481,0.290373113658532
35.3406177836102,0.0429130067285232,-0.153244595777463,-0.711460287950349,0.604765702391436,0.00927544207784716,-0.0117734559798638,-0.313194051866705,0.290544746594512
35.5857102130658,0.042198874739264,-0.152482894064135,-0.706814546802771,0.605893068390893,0.00920334247505418,-0.0117559419755776,-0.31116448536223,0.290702148425509
35.8325023948954,0.0414910272509064,-0.151721637478754,-0.702157579555152,0.606981378564386,0.00913137493092942,-0.0117380768144256,-0.30913311575449,0.29084528924404
36.081006117134,0.0407894316726652,-0.150960867302945,-0.697489953004434,0.608030513544824,0.00905954352883653,-0.0117198609932544,-0.30710013939476,0.290974142502816
36.3312332495683,0.0400940553379674,-0.150200624108354,-0.69281223551954,0.609040363833623,0.00898785236349361,-0.0117012950748687,-0.305065753165353,0.291088685029395
36.5831957443038,0.0394048655145823,-0.149440947765989,-0.688124996831268,0.610010829825494,0.0089163055393663,-0.0116823796886207,-0.303030154405403,0.291188897038895
36.8369056363357,0.0387218294143909,-0.148681877455595,-0.683428807821609,0.610941821827975,0.00884490716904144,-0.0116631155309505,-0.300993540836283,0.291274762144767
37.0923750441235,0.0380449142028002,-0.147923451675058,-0.678724240312644,0.611833260075717,0.008773661371583,-0.0116435033658776,-0.298956110486736,0.291346267367614
37.3496161701702,0.0373740870078079,-0.147165708249819,-0.674011866855181,0.612685074739473,0.00870257227087203,-0.0116235440254423,-0.296918061617754,0.291403403142043
37.6086413016048,0.0367093149287241,-0.146408684342298,-0.669292260517275,0.613497205929814,0.00863164399393227,-0.0116032384100974,-0.294879592647285,0.291446163321542
37.8694628107695,0.0360505650445554,-0.145652416461312,-0.6645659946728,0.614269603695548,0.00856088066924317,-0.0115825874890486,-0.292840902074822,0.291474545181386
38.1320931558105,0.0353978044220588,-0.144896940471482,-0.659833642790216,0.615002228016844,0.00849028642504211,-0.011561592300545,-0.290802188405932,0.291488549419556
38.3965448812729,0.0347510001234706,-0.14414229160262,-0.655095778221697,0.615695048793081,0.00841986538761738,-0.0115402539521173,-0.288763650076789,0.291488180155678
38.6628306187004,0.0341101192139181,-0.143388504459088,-0.650352973992771,0.616348045825416,0.00834962167959403,-0.0115185736207654,-0.286725485378776,0.291473444927985
38.9309630872381,0.0334751287685208,-0.142635613029119,-0.645605802592633,0.616961208794105,0.0082795594182138,-0.0114965525530944,-0.284687892383202,0.291444354688295
39.2009550942403,0.032845995879187,-0.141883650694094,-0.640854835765274,0.617534537230584,0.00820968271361141,-0.0114741920653988,-0.28265106886622,0.291400923795022
39.4728195358824,0.0322226876611147,-0.141132650237775,-0.636100644301592,0.618068040484353,0.00813999566708861,-0.0114514935436947,-0.280615212233973,0.291343170004219
39.7465693977764,0.0316051712590016,-0.140382643855472,-0.631343797832636,0.618561737684685,0.0080705023693878,-0.0114284584437019,-0.278580519448063,0.291271114458668
40.0222177555915,0.0309934138529735,-0.139633663163151,-0.626584864624128,0.619015657697204,0.00800120689896711,-0.0114050882907726,-0.276547186951378,0.291184781675029
40.2997777756789,0.0303873826642378,-0.138885739206474,-0.621824411372422,0.619429839075369,0.00793211332027834,-0.0113813846797708,-0.274515410594341,0.291084199529051
40.5792627157,0.0297870449604685,-0.138138902469759,-0.617063003002041,0.61980433000693,0.00786322568204984,-0.011357349274899,-0.272485385561651,0.290969399238882
40.8606859252603,0.0291923680609311,-0.137393182884863,-0.612301202464947,0.620139188255382,0.00779454801557564,-0.0113329838094757,-0.270457306299556,0.290840415346472
41.1440608465467,0.028603319341355,-0.136648609839982,-0.607539570541681,0.620434481096508,0.00772608433301288,-0.0113082900856615,-0.268431366443737,0.290697285697104
41.4294010149697,0.0280198662385602,-0.135905212188353,-0.602778665644525,0.620690285250045,0.00765783862568881,-0.0112832699741357,-0.266407758747832,0.290540051417075
41.7167200598098,0.0274419762548453,-0.13516301825687,-0.598019043622814,0.620906686806563,0.00758981486241933,-0.0112579254137237,-0.264386675012684,0.290368756889541
42.0060317048688,0.0268696169621462,-0.134422055854595,-0.593261257570548,0.621083781149619,0.00752201698784041,-0.0112322584109751,-0.262368306016347,0.290183449728558
42.2973497691249,0.0263027560059708,-0.133682352281172,-0.58850585763643,0.62122167287327,0.00745444892075413,-0.0112062710396938,-0.260352841444909,0.289984180751348
42.5906881673929,0.0257413611091182,-0.132943934335129,-0.583753390836471,0.621320475695022,0.00738711455249083,-0.0111799654404204,-0.258340469824191,0.289771003948818
42.8860609109892,0.0251854000751901,-0.132206828322079,-0.57900440086928,0.621380312364308,0.00732001774528885,-0.0111533438198679,-0.256331378452366,0.289543976454357
43.1834821084004,0.0246348407919003,-0.131471060062804,-0.574259427934172,0.621401314566575,0.00725316233069344,-0.0111264084503103,-0.254325753333547,0.289303158510953
43.4829659659579,0.0240896512341915,-0.130736654901226,-0.569519008552216,0.621383622823092,0.00718655210797617,-0.0110991616689274,-0.252323779112402,0.289048613436657
43.7845267885158,0.0235497994671651,-0.13000363771226,-0.564783675390339,0.621327386386562,0.00712019084257637,-0.0110716058771037,-0.250325639009828,0.288780407588439
44.0881789801347,0.0230152536488321,-0.129272032909554,-0.560053957088598,0.621232763132648,0.00705408226456587,-0.011043743539684,-0.248331514759745,0.288498610324455
44.3939370447695,0.0224859820326917,-0.128541864453103,-0.555330378090747,0.621099919447518,0.00698823006713848,-0.0110155771841872,-0.246341586547052,0.288203293964794
44.701815586962,0.0219619529701445,-0.127813155856744,-0.550613458478175,0.620929030111522,0.00692263790512536,-0.0109871093999769,-0.24435603294677,0.287894533750709
45.0118293125388,0.0214431349127475,-0.127085930195529,-0.545903713807356,0.620720278179109,0.00685730939353772,-0.010958342837393,-0.242375030864442,0.287572407802404
45.3239930293136,0.020929496414318,-0.126360210112974,-0.541201654950878,0.6204738548551,0.0067922481061379,-0.010929280206842,-0.24039875547781,0.287236997075405
45.6383216477945,0.020421006132892,-0.125636017828178,-0.536507787942161,0.620189959367444,0.00672745757404003,-0.0108999242778505,-0.238427380179805,0.286888385315562
45.954830181896,0.019917632832545,-0.124913375142831,-0.531822613823958,0.619868798836567,0.00666294128434146,-0.0108702778780801,-0.23646107652291,0.286526659012725
46.2735337496566,0.0194193453850803,-0.124192303448079,-0.5271466285007,0.619510588141453,0.0065987026787859,-0.0108403438923065,-0.234500014164892,0.286151907353146
46.5944475739604,0.0189261127715925,-0.123472823731279,-0.522480322594806,0.619115549782565,0.00653474515245943,-0.0108101252613639,-0.232544360815981,0.285764222170651
46.9175869832646,0.0184379040839112,-0.122754956582618,-0.517824181306993,0.618683913741757,0.00647107205252021,-0.0107796249810555,-0.230594282187486,0.285363697896623
47.2429674123316,0.0179546885259318,-0.122038722201617,-0.513178684280681,0.618215917339288,0.00640768667696296,-0.0107488461010313,-0.228649941941908,0.284950431508863
47.5706044029659,0.0174764354148381,-0.1213241404035,-0.508544305470562,0.617711805088085,0.00634459227341888,-0.0107177917236349,-0.226711501644554,0.284524522479356
47.9005136047569,0.0170031141822244,-0.120611230625452,-0.503921513015374,0.617171828545381,0.00628179203799207,-0.0106864650027207,-0.224779120716698,0.284086072721015
48.2327107758263,0.0165346943751209,-0.11990001193274,-0.499310769114962,0.616596246161871,0.006219289114133,-0.0106548691424416,-0.222852956390299,0.283635186533431
48.5672117835806,0.0160711456569283,-0.119190503024728,-0.494712529911662,0.615985323128513,0.00615708659154989,-0.0106230073960111,-0.220933163664301,0.283171970547708
48.904032605469,0.0156124378082677,-0.118482722240758,-0.490127245376054,0.615339331221125,0.00609518750515853,-0.0105908830644374,-0.219019895262538,0.282696533670401
49.243189329747,0.0151585407277499,-0.117776687565922,-0.485555359197144,0.614658548642907,0.0060335948340713,-0.0105584994952354,-0.21711330159326,0.282208987026644
49.5846981562442,0.0147094244326697,-0.117072416636712,-0.480997308676991,0.613943259865033,0.00597231150062584,-0.0105258600811136,-0.215213530710294,0.281709443902496
49.9285753971387,0.0142650590596292,-0.116369926746552,-0.47645352462982,0.613193755465449,0.00591134036945381,-0.0104929682586402,-0.213320728275862,0.281198019686569
50.2748374777359,0.0138254148650963,-0.115669234851221,-0.471924431285659,0.612410331966021,0.00585068424659042,-0.0104598275068894,-0.211435037525054,0.280674831810988
50.6235009372529,0.0133904622259008,-0.114970357574164,-0.467410446198503,0.611593291668173,0.00579034587862489,-0.0104264413460675,-0.209556599231985,0.280139999691735
50.974582429609,0.0129601716396744,-0.114273311211683,-0.462911980159035,0.610742942487157,0.00573032795189223,-0.010392813336123,-0.207685551677631,0.279593644668439
51.3280987242209,0.0125345137252367,-0.113578111738035,-0.45842943711192,0.609859597785083,0.00567063309170677,-0.0103589470753395,-0.205822030619353,0.279035889943648
51.6840667068035,0.0121134592229331,-0.112884774810411,-0.453963214077669,0.608943576202874,0.00561126386163756,-0.0103248461989143,-0.203966169262115,0.278466860521653
52.0425033801768,0.0116969789949274,-0.112193315773818,-0.449513701079088,0.607995201491256,0.00555222276282577,-0.0102905143775245,-0.202118098231412,0.277886683146906
52.4034258650778,0.0112850440254519,-0.111503749665857,-0.4450812810723,0.607014802340938,0.0054935122333444,-0.01025595531588,-0.200277945547876,0.277295486242092
52.7668514009784,0.0108776254210207,-0.110816091221403,-0.440666329882345,0.606002712212124,0.00543513464760022,-0.010221172751267,-0.198445836603602,0.276693399845897
53.1327973469088,0.0104746944106071,-0.110130354877185,-0.436269216143336,0.604959269163472,0.00537709231577813,-0.0101861704520821,-0.196621894140159,0.276080555550539
53.5012811822866,0.0100762223457892,-0.109446554776278,-0.431890301243176,0.603884815680657,0.00531938748332775,-0.0101509522163592,-0.194806238228293,0.275457086439096
53.8723205077517,0.00968218070086767,-0.108764704772499,-0.427529939272788,0.602779698504659,0.00526202233049237,-0.0101155218702891,-0.192998986249326,0.274823127022695
54.2459330460073,0.00929254107295595,-0.10808481843471,-0.423188476979861,0.601644268459909,0.00520499897188,-0.0100798832667355,-0.191200252878223,0.274178813177607
54.6221366426659,0.00890727518204831,-0.107406909051045,-0.418866253727075,0.600478880282427,0.00514831945607647,-0.0100440402837461,-0.189410150068343,0.273524282082294
55.0009492671021,0.008526354871066,-0.10673098963304,-0.414563601454766,0.599283892448077,0.00509198576530033,-0.0100079968230625,-0.187628787037839,0.272859672154467
55.3823890133107,0.00814975210588513,-0.106057072919692,-0.410280844648007,0.59805966700106,0.0050359998150993,-0.00997175680862862,-0.185856270257715,0.272185122988192
55.7664741007712,0.0077774389753477,-0.105385171381438,-0.406018300308065,0.596806569382786,0.00498036345408809,-0.00993532418509912,-0.184092703441512,0.271500775291099
56.1532228753178,0.00740938769125811,-0.104715297224045,-0.401776277928177,0.595524968261221,0.00492507846372712,-0.0098987029163502,-0.182338187536617,0.270806770821736
56.5426538100157,0.00704557058836694,-0.104047462392448,-0.397555079473622,0.59421523536085,0.00487014655814184,-0.00986189698399253,-0.180592820717182,0.270103252327116
56.9347855060436,0.00668596012434346,-0.103381678574498,-0.393354999366013,0.592877745293362,0.00481556938398231,-0.00982491038588854,-0.178856698378613,0.269390363480502
57.3296366935823,0.00633052887973864,-0.102717957204652,-0.389176324471774,0.591512875389174,0.00476134852032248,-0.00978774713467476,-0.177129913133644,0.268668248819472
57.7272262327089,0.00597924955794007,-0.102056309467593,-0.385019334094744,0.590121005529902,0.00470748547859882,-0.00975041125629069,-0.17541255480995,0.267937053684304
58.1275731142982,0.00563209498511983,-0.101396746301788,-0.380884299972831,0.588702517981892,0.00465398170258764,-0.00971290678851507,-0.173704710449283,0.267196924156734
58.5306964609293,0.00528903811017668,-0.100739278402988,-0.376771486278682,0.587257797230914,0.00460083856842071,-0.00967523777951077,-0.172006464308113,0.266448006999112
58.9366155277994,0.0049500520046734,-0.100083916227664,-0.372681149624269,0.585787229818118,0.00454805738463852,-0.0096374082863795,-0.170317897859754,0.265690449594005
59.3453497036433,0.00461510986277026,-0.0994306699963913,-0.368613539069361,0.584291204177363,0.00449563939228054,-0.00959942237372714,-0.168639089797934,0.264924399884285
59.7569185116595,0.00428418500115523,-0.0987795496971809,-0.364568896133771,0.582770110474,0.00444358576501191,-0.0095612841122409,-0.166970116041802,0.264150006313739
60.1713416104428,0.00395725085897179,-0.0981305650887576,-0.360547454813339,0.581224340445215,0.00439189760928591,-0.0095229975772792,-0.165311049742333,0.263367417768228
60.5886387949234,0.00363428099774468,-0.097483725703791,-0.356549441599555,0.579654287242009,0.00434057596454144,-0.00948456684747529,-0.163661961290107,0.262576783517446
61.0088299973121,0.00331524910130395,-0.0968390408520798,-0.352575075502752,0.578060345272922,0.00428962180343481,-0.00944599600335546,-0.162022918324435,0.261778253157294
61.4319352880526,0.0030001289757078,-0.0961965196236921,-0.348624568078787,0.576442910049558,0.00423903603210524,-0.00940728912597279,-0.1603939857438,0.260971976552926
61.8579748767801,0.00268889454916433,-0.0955561708920636,-0.344698123459127,0.574802378034017,0.00418881949047305,-0.00936845029555724,-0.158775225717587,0.260158103782462
62.2869691132868,0.0023815198719522,-0.0949180033170561,-0.340795938384262,0.573139146488284,0.00413897295257002,-0.00932948359018291,-0.157166697699065,0.259336785081439
62.7189384884933,0.00207797911634042,-0.0942820253479782,-0.336918202240359,0.571453613325679,0.00408949712690099,-0.00929039308445335,-0.155568458439597,0.258508170787991
63.1539036354283,0.00177824657650693,-0.09364824522657,-0.333065097099056,0.569746176964408,0.00404039265683585,-0.00925118284820545,-0.153980562004038,0.257672411288815
63.5918853302131,0.00148229666845612,-0.0930166709899542,-0.32923679776034,0.568017236183299,0.00399166012103122,-0.00921185694523287,-0.152403059787298,0.25682965696593
64.032904493055,0.0011901039299348,-0.0923873104735545,-0.325433471798382,0.566267189979782,0.00394330003388083,-0.00917241943202956,-0.150836000532029,0.255980058144255
64.4769821892457,0.000901643020346369,-0.0917601713139845,-0.321655279610274,0.564496437430175,0.00389531284599387,-0.00913287435655397,-0.149279430347404,0.255123765040047
64.9241396301678,0.000616888720662921,-0.0911352609519075,-0.317902374467547,0.562705377552317,0.00384769894470031,-0.00909322575701471,-0.147733392728965,0.254260927710192
65.3743981743082,0.000335815933334638,-0.0905125866348688,-0.314174902570407,0.560894409170628,0.00380045865458245,-0.00905347766067809,-0.146197928579483,0.253391696002397
65.827779328278,5.83996821961197e-05,-0.0898921554201034,-0.310473003104569,0.559063930783616,0.00375359223803166,-0.0090136340826981,-0.144673076230823,0.252516219506283
66.2843047478397,-0.000215384887630931,-0.089273974177319,-0.306796808300624,0.5572143404339,0.00370709989582961,-0.0089736990249695,-0.143158871466759,0.251634647505411
66.7439962389419,-0.000485562509839501,-0.0886580495914567,-0.30314644349582,0.555346035580771,0.00366098176775283,-0.00893367647500418,-0.141655347546715,0.250747128930248
67.2068757587607,-0.000752157797043858,-0.0880443881654299,-0.29952202719818,0.553459412975353,0.00361523793319994,-0.00889357040483153,-0.14016253523039,0.249853812312088
67.6729654167483,-0.00101519524089201,-0.0874329962228438,-0.295923671152867,0.551554868538377,0.0035698684118405,-0.00885338476992305,-0.138680462803241,0.248954845737958
68.1422874756894,-0.00127469921218448,-0.0868238799106949,-0.29235148041068,0.549632797240614,0.00352487316428462,-0.00881312350814159,-0.137209156102781,0.248050376806497
68.6148643527643,-0.00153069396100058,-0.0862170452020533,-0.288805553398613,0.547693592985994,0.00348025209277236,-0.00877279053871554,-0.135748638545663,0.247140552584839
69.0907186206199,-0.00178320361683243,-0.0856124978987279,-0.285285981992374,0.545737648497435,0.0034360050418821,-0.00873238976123841,-0.134298931155508,0.24622551956651
69.5698730084476,-0.00203225218872831,-0.0850102436339151,-0.281792851590764,0.5437653552054,0.0033921317992569,-0.00869192505469382,-0.13286005259145,0.245305423630332
70.0523504030693,-0.00227786356544557,-0.0844102878748332,-0.27832624119183,0.541777103139221,0.00334863209634796,-0.00865140027650636,-0.131432019177362,0.244380410000362
70.5381738500302,-0.00252006151561441,-0.0838126359253412,-0.274886223470712,0.539773280821174,0.00330550560917426,-0.00861081926161837,-0.130014844931721,0.243450623206861
71.0273665547,-0.00275886968791329,-0.0832172929285444,-0.27147286485906,0.537754275163356,0.00326275195909755,-0.00857018582159294,-0.12860854159809,0.242516207048303
71.5199518833807,-0.00299431161125699,-0.0826242638693869,-0.268086225625972,0.535720471367344,0.00322037071361165,-0.00852950374374316,-0.127213118676169,0.241577304554429
72.0159533644237,-0.0032264106949982,-0.0820335535772306,-0.264726359960324,0.533672252826659,0.00317836138714537,-0.00848877679028773,-0.125828583453398,0.240634057950345
72.5153946893524,-0.00345519022914353,-0.0814451667284228,-0.261393316054436,0.531610001032045,0.003136723441878,-0.00844800869753323,-0.12445494103706,0.239686608621678
73.0182997139948,-0.00368067338458512,-0.0808591078488517,-0.258087136188959,0.529534095479547,0.00309545628856659,-0.00840720317508272,-0.123092194386865,0.238735097080777
73.5246924596224,-0.00390288321334867,-0.0802753813164893,-0.254807856818914,0.527444913581401,0.0030545592873841,-0.00836636390507106,-0.121740344347982,0.237779662933974
74.0345971140979,-0.00412184264885874,-0.0796939913639241,-0.25155550866079,0.525342830579744,0.00301403174876767,-0.00832549454142678,-0.120399389684469,0.236820444849888
74.5480380330304,-0.00433757450622253,-0.0791149420808819,-0.248330116780613,0.523228219463102,0.00297387293427604,-0.00828459870916039,-0.119069327113098,0.235857580528795
75.0650397409388,-0.00455010148253288,-0.0785382374167351,-0.245131700682915,0.521101450885694,0.00293408205745534,-0.00824368000367937,-0.117750151337517,0.234891206673031
75.585626932423,-0.00475944615719147,-0.0779638811830014,-0.241960274400501,0.518962893089508,0.00289465828471253,-0.00820274199012934,-0.116441855082733,0.233921458958453
76.1098244733437,-0.00496563099225326,-0.0773918770558309,-0.238815846584954,0.516812911829146,0.00285560073619551,-0.00816178820276179,-0.115144429129883,0.232948472006939
76.6376574020103,-0.00516867833279283,-0.0768222285784813,-0.235698420597781,0.514651870299435,0.00281690848667927,-0.00812082214432778,-0.113857862351257,0.231972379359922
77.1691509303763,-0.00536861040729378,-0.0762549391637823,-0.232607994602138,0.51248012906577,0.00277858056645719,-0.00807984728549783,-0.112582141745554,0.230993313452963
77.7043304452438,-0.00556544932806181,-0.0756900120965874,-0.229544561655042,0.510298045997182,0.00274061596223678,-0.00803886706430764,-0.111317252473329,0.230011405591341
78.2432215094763,-0.00575921709166253,-0.0751274505362138,-0.226508109800004,0.508105976202101,0.00270301361803917,-0.00799788488562944,-0.11006317789262,0.229026785926669
78.7858498632195,-0.00594993557938463,-0.0745672575188699,-0.223498622160012,0.505904271966801,0.00266577243610146,-0.00795690412066887,-0.108819899594708,0.228039583434515
79.3322414251308,-0.00613762655772932,-0.0740094359600689,-0.220516077030784,0.503693282696498,0.00262889127778141,-0.00791592810648715,-0.107587397439995,0.227049925893028
79.8824222936175,-0.00632231167892668,-0.0734539886570301,-0.217560447974227,0.50147335485907,0.00259236896446364,-0.0078749601455481,-0.106365649593978,0.226057939862558
80.436418748083,-0.00650401248147978,-0.072900918291065,-0.214631703912033,0.499244831931381,0.00255620427846668,-0.00783400350529006,-0.10515463256327,0.225063750666254
80.9942572501823,-0.00668275039073714,-0.0723502274299493,-0.21172980921934,0.497008054348166,0.00252039596395025,-0.00779306141772216,-0.103954321231679,0.224067482371642
81.555964445086,-0.00685854671949419,-0.0718019185302791,-0.208854723818406,0.494763359453466,0.00248494272782211,-0.00775213707904478,-0.102764688896281,0.223069257773154
82.121567162753,-0.00703142266862441,-0.0712559939398124,-0.206006403272215,0.492511081454556,0.00244984324064383,-0.00771123364929382,-0.101585707303499,0.222069198375621
82.6910924192116,-0.00720139932774061,-0.0707124558997913,-0.203184798877972,0.490251551378353,0.00241509613753485,-0.00767035425200858,-0.100417346685134,0.22106742437869
83.2645674178507,-0.00736849767588707,-0.0701713065472497,-0.200389857760409,0.487985097030258,0.00238070001907435,-0.00762950197392266,-0.0992595757943466,0.220064054662177
83.8420195507184,-0.0075327385822627,-0.0696325479173,-0.197621522964869,0.485712042955397,0.00234665345220019,-0.00758867986467785,-0.0981123619415629,0.219059206772328
84.423476399831,-0.00769414280697607,-0.0690961819454019,-0.194879733550079,0.48343271040223,0.00231295497110451,-0.00754789093656035,-0.0969756710302733,0.218052996908977
85.0089657384898,-0.00785273100183235,-0.0685622104696112,-0.192164424680595,0.481147417288476,0.00227960307812539,-0.00750713816425915,-0.095849467592716,0.217045539913596
85.5985155326084,-0.00800852371115269,-0.0680306352328067,-0.189475527718834,0.478856478169335,0.00224659624463402,-0.00746642448464608,-0.0947337148254197,0.216036949258207
86.1921539420481,-0.00816154137262633,-0.0675014578848956,-0.186812970316666,0.476560204207943,0.00221393291191695,-0.00742575279657714,-0.0936283746245857,0.215027337035163
86.7899093219629,-0.00831180431819571,-0.066974679984996,-0.184176676506505,0.47425890314804,0.00218161149205291,-0.00738512596071475,-0.0925334076212934,0.214016813947756
87.3918102241541,-0.00845933277497458,-0.0664503030035945,-0.181566566791859,0.471952879288794,0.00214963036878374,-0.00734454679937051,-0.0914487732165098,0.213005489301663
87.9978853984339,-0.00860414686619959,-0.06592832832468,-0.178982558237289,0.46964243346175,0.00211798789837892,-0.00730401809636792,-0.0903744296158857,0.211993470997203
88.6081637939989,-0.00874626661221522,-0.0654087572478502,-0.176424564557736,0.467327863009851,0.00208668241049346,-0.00726354259692489,-0.0893103338643234,0.210980865522377
89.2226745608124,-0.00888571193149217,-0.0648915909903913,-0.173892496207183,0.465009461768491,0.00205571220901848,-0.00722312300755528,-0.0882564418802986,0.209967777946709
89.8414470509972,-0.00902250264167923,-0.0643768306893294,-0.171386260466594,0.462687520048563,0.00202507557292433,-0.00718276199598932,-0.0872127084899219,0.208954311915827
90.4645108202374,-0.0091566584606885,-0.0638644774034521,-0.168905761531114,0.460362324621443,0.00199477075709574,-0.00714246219111235,-0.0861790874607263,0.207940569646815
91.0918956291901,-0.00928819900781393,-0.0633545321152998,-0.166450900596477,0.458034158705875,0.00196479599315874,-0.00710222618292132,-0.0851555315351647,0.206926651924276
91.7236314449071,-0.00941714380488304,-0.0628469957331251,-0.164021575944602,0.455703301956715,0.00193514949029888,-0.00706205652249883,-0.0841419924638071,0.205912658097123
92.3597484422661,-0.00954351227744135,-0.0623418690928186,-0.161617683028331,0.453370030455473,0.0019058294360706,-0.0070219557220041,-0.0831384210382217,0.204898686076065
93.0002770054119,-0.00966732375596965,-0.0618391529598022,-0.159239114555292,0.451034616702625,0.00187683399719733,-0.0069819262546804,-0.0821447671235305,0.203884832331771
93.645247729208,-0.00978859747713341,-0.0613388480308849,-0.156885760570849,0.448697329611639,0.0018481613203621,-0.00694197055487857,-0.0811609796906271,0.202871191893703
94.2946914206979,-0.00990735258506415,-0.0608409549360842,-0.154557508540113,0.446358434504668,0.0018198095329884,-0.00690209101809618,-0.0801870068480457,0.201857858349594
94.9486391005764,-0.0100236081326723,-0.0603454742404085,-0.152254243428994,0.444018193109873,0.00179177674401093,-0.00686229000103172,-0.079222795873472,0.200844923845562
95.6071220046713,-0.0101373830829908,-0.0598524064456013,-0.149975847784267,0.441676863560317,0.00176406104463623,-0.00682256982165354,-0.0782682932448852,0.199832479086834
96.2701715854358,-0.0102486963105498,-0.0593617519918449,-0.147722201812622,0.439334700394398,0.00173666050909273,-0.00678293275928297,-0.077323444671324,0.198820613339069
96.9378195134503,-0.0103575666027799,-0.0588735112594239,-0.145493183458696,0.436991954557764,0.0017095731953702,-0.00674338105469118,-0.0763881951232661,0.197809414430263
97.6100976789355,-0.010464012661446,-0.0583876845703449,-0.143288668482047,0.434648873406669,0.00168279714594834,-0.00670391691020941,-0.0754624888626161,0.196798968753221
98.2870381932754,-0.0105680531041085,-0.0579042721899145,-0.141108530533069,0.432305700712726,0.00165633038851437,-0.00666454248985193,-0.074546269472291,0.195789361268566
98.9686733905512,-0.0106697064656127,-0.0574232743282714,-0.138952641227821,0.429962676669008,0.00163017093666943,-0.00662525991945148,-0.0736394798854001,0.194780675508296
99.6550358290861,-0.0107689911996046,-0.0569446911418729,-0.136820870221757,0.427620037897452,0.0016043167906237,-0.0065860712868066,-0.0727420624140108,0.19377299357984
100.346158292999,-0.0108659256800731,-0.0564685227349358,-0.134713085282356,0.425278017457531,0.00157876593788011,-0.00654697864184049,-0.0718539587774964,0.192766396170624
101.042073793774,-0.0109605282029173,-0.0559947691608274,-0.132629152360621,0.422936844856129,0.00155351635390649,-0.00650798399677082,-0.0709751101304578,0.191760962553109
101.742815571832,-0.0110528169875369,-0.0555234304234097,-0.130568935661448,0.420596746058598,0.00152856600279613,-0.0064690893262903,-0.0701054570902189,0.190756770590305
102.448417098122,-0.0111428101784471,-0.0550545064783322,-0.128532297712857,0.418257943500941,0.0015039128379166,-0.00643029656775726,-0.0692449397638874,0.189753896741725
103.15891207572,-0.0112305258469137,-0.0545879972342739,-0.126519099434072,0.415920656103077,0.00147955480254687,-0.00639160762139611,-0.0683934977749791,0.188752416069786
103.874334441436,-0.0113159819926106,-0.0541239025541342,-0.124529200202443,0.413585099283151,0.00145548983050251,-0.00635302435050698,-0.0675510702896025,0.187752402246611
104.594718367439,-0.0113991965452962,-0.0536622222561695,-0.122562457919215,0.411251484972844,0.00143171584674913,-0.00631454858168436,-0.0667175960422007,0.186753927561252
105.320098262886,-0.0114801873665074,-0.0532029561150772,-0.12061872907412,0.40892002163364,0.00140823076800381,-0.00627618210504414,-0.065893013360848,0.185757062927289
106.050508775566,-0.0115589722512724,-0.0527461038630246,-0.118697868808812,0.406590914274016,0.00138503250332476,-0.00623792667445876,-0.0650772601920991,0.184761877890805
106.785984793556,-0.0116355689298376,-0.0522916651906214,-0.116799730979127,0.404264364467499,0.00136211895468894,-0.00619978400779997,-0.0642702741253898,0.183768440638718
107.526561446888,-0.0117099950694101,-0.0518396397478372,-0.114924168216174,0.401940570371572,0.00133948801755784,-0.00616175578718893,-0.0634719924169879,0.18277681800746
108.272274109224,-0.0117822682759125,-0.0513900271448608,-0.113071031986251,0.399619726747373,0.00131713758143134,-0.00612384365925308,-0.062682352013493,0.181787075491977
109.023158399549,-0.0118524060957495,-0.0509428269529021,-0.111240172649599,0.39730202498015,0.00129506553038973,-0.00608604923538957,-0.0619012895748853,0.180799277255051
109.779250183872,-0.0119204260175843,-0.0504980387049347,-0.109431439517985,0.394987653100442,0.00127326974362386,-0.00604837409203478,-0.0611287414971234,0.179813486136913
110.540585576935,-0.011986345474124,-0.0500556618963807,-0.107644680911122,0.392676795805948,0.00125174809595354,-0.00601081977093952,-0.0603646439342907,0.178829763665151
111.307200943943,-0.0120501818439113,-0.0496156959857337,-0.105879744211929,0.390369634484032,0.00123049845833421,-0.00597338777944971,-0.0596089328202912,0.177848170064887
112.079132902301,-0.0121119524531222,-0.0491781403951233,-0.104136475920638,0.388066347234855,0.00120951869835194,-0.00593607959079195,-0.0588615438900969,0.176868764269209
112.856418323356,-0.0121716745773664,-0.0487429945108172,-0.102414721707753,0.385767108895071,0.00118880668070685,-0.00589889664436383,-0.0581224127005449,0.175891603929857
113.639094334169,-0.0122293654434909,-0.0483102576836627,-0.100714326465861,0.383472091062073,0.00116836026768501,-0.00586184034602855,-0.0573914746506899,0.174916745428135
114.427198319278,-0.012285042231383,-0.0478799292294669,-0.0990351343603187,0.381181462118744,0.00114817731961896,-0.00582491206841355,-0.0566686650017097,0.173944243886051
115.220767922492,-0.0123387220757717,-0.0474520084293132,-0.0973769888788042,0.37889538725869,0.00112825569533687,-0.00578811315121271,-0.055953918896369,0.172974153177653
116.019841048683,-0.0123904220680272,-0.0470264945298173,-0.0957397328797559,0.376614028511909,0.00110859325260053,-0.00575144490149201,-0.0552471713780413,0.172006525940575
116.824455865599,-0.0124401592579534,-0.0466033867433193,-0.0941232086397022,0.374337544770874,0.00108918784853222,-0.00571490859399819,-0.0545483574092941,0.171041413587759
117.634650805689,-0.0124879506555754,-0.0461826842480134,-0.0925272578994935,0.372066091817005,0.00107003734003058,-0.00567850547147008,-0.0538574118900369,0.17007886631935
118.450464567934,-0.012533813232917,-0.0457643861880152,-0.0909517219094486,0.369799822347488,0.00105113958417567,-0.00564223674495246,-0.053174269675238,0.169118933134754
119.271936119701,-0.0125777639257686,-0.0453484916733647,-0.0893964414734249,0.36753888600241,0.00103249243862327,-0.00560610359411202,-0.0524988655922119,0.168161661844845
120.099104698599,-0.0126198196354416,-0.044934999779968,-0.087861256991826,0.365283429392207,0.00101409376198863,-0.0055701071675552,-0.0518311344574803,0.167207099084312
120.932009814357,-0.0126599972305097,-0.0445239095494751,-0.0863460085035583,0.36303359612536,0.000995941414219698,-0.00553424858314767,-0.0511710110932113,0.166255290324133
121.77069125071,-0.0126983135485333,-0.0441152199890951,-0.0848505357269499,0.360789526836344,0.000978033256960167,-0.00549852892833514,-0.0505184303432403,0.165306279884169
122.615189067297,-0.0127347853977653,-0.043708930071349,-0.0833746780996459,0.35855135921379,0.000960367153902256,-0.00546294926046523,-0.0498733270886757,0.164360110945866
123.46554360158,-0.0127694295588379,-0.0433050387337603,-0.0819182748174925,0.356319228028834,0.000942940971129578,-0.00542751060711028,-0.0492356362630954,0.163416825565055
124.321795470765,-0.0128022627864265,-0.0429035448784837,-0.0804811648724257,0.354093265163634,0.000925752577450143,-0.00539221396639067,-0.0486052928673355,0.16247646468484
125.183985573745,-0.0128333018108899,-0.0425044473718717,-0.0790631870893787,0.351873599640027,0.000908799844719706,-0.00535706030729863,-0.047982231983879,0.161539068148565
126.052155093052,-0.0128625633398849,-0.0421077450439813,-0.0776641801622228,0.349660357648314,0.000892080648155609,-0.00532205057002216,-0.0473663887908458,0.160604674712859
126.926345496825,-0.0128900640599524,-0.041713436688019,-0.0762839826887574,0.347453662576127,0.000875592866641291,-0.00528718566626893,-0.0467576985755912,0.15967332206073
127.806598540793,-0.0129158206380742,-0.0413215210597265,-0.0749224332047647,0.345253635037392,0.000859334383021646,-0.00525246647958994,-0.0461560967479164,0.158745046814723
128.692956270265,-0.012939849723198,-0.0409319968767073,-0.0735793702171455,0.343060392901333,0.000843303084389397,-0.00521789386570278,-0.0455615188528952,0.157819884550122
129.585461022141,-0.0129621679477287,-0.0405448628176943,-0.0722546322361504,0.340874051321519,0.000827496862362663,-0.00518346865281418,-0.0449739005833242,0.156897869808178
130.484155426934,-0.0129827919289839,-0.0401601175217604,-0.0709480578067261,0.338694722764933,0.000811913613353908,-0.00514919164194189,-0.0443931777917989,0.155979036109386
131.389082410804,-0.0130017382706125,-0.0397777595874719,-0.0696594855389894,0.336522517041036,0.000796551238830444,-0.0051150636072355,-0.043819286502423,0.155063415966762
132.300285197614,-0.0130190235639731,-0.0393977875719861,-0.0683887541378487,0.334357541330814,0.000781407645566675,-0.00508108529629615,-0.0432521629221544,0.154151040899153
133.217807310988,-0.0130346643894721,-0.0390201999900943,-0.0671357024317884,0.332199900215795,0.000766480745888269,-0.00504725743049504,-0.0426917434517945,0.153241941444542
134.141692576393,-0.013048677317858,-0.0386449953132115,-0.0659001694008331,0.330049695707017,0.000751768457908436,-0.00501358070529038,-0.0421379646966252,0.15233614717336
135.071985123233,-0.0130610789114715,-0.0382721719683125,-0.0646819942037098,0.327907027273928,0.000737268705756508,-0.00498005579054292,-0.0415907634767004,0.151433686701791
136.008729386957,-0.0130718857254478,-0.0379017283368181,-0.0634810162042236,0.325771991873211,0.000722979419798999,-0.00494668333082968,-0.0410500768367947,0.150534587705062
136.951970111177,-0.0130811143088722,-0.0375336627534303,-0.0622970749968649,0.323644683977518,0.000708898536853335,-0.00491346394575594,-0.0405158420560187,0.14963887693072
137.901752349813,-0.0130887812058835,-0.0371679735049197,-0.0611300104316661,0.321525195604094,0.000695024000394441,-0.00488039823026527,-0.0399879966571021,0.148746580211878
138.858121469236,-0.0130949029567273,-0.036804658828865,-0.0599796626383233,0.319413616343294,0.000681353760754374,-0.00484748675494751,-0.0394664784153545,0.147857722480437
139.821123150444,-0.0130994960987548,-0.0364437169123479,-0.0588458720496018,0.317310033386962,0.000667885775315179,-0.0048147300663447,-0.0389512253673052,0.14697232778027
140.790803391236,-0.0131025771673666,-0.0360851458906029,-0.0577284794240408,0.315214531556676,0.000654618008695168,-0.00478212868725466,-0.0384421758190315,0.146090419280366
141.767208508414,-0.0131041626969002,-0.0357289438456254,-0.0566273258679764,0.313127193331842,0.000641548432928786,-0.00474968311703232,-0.0379392683541778,0.145212019287928
142.750385139995,-0.0131042692214585,-0.0353751088047392,-0.0555422528568988,0.311048098877635,0.000628675027640277,-0.00471739383188873,-0.0374424418416736,0.144337149261421
143.740380247435,-0.0131029132756798,-0.0350236387391242,-0.0544731022561605,0.308977326072762,0.000615995780211305,-0.00468526128518747,-0.0369516354431548,0.143465829823564
144.737241117876,-0.0131001113954452,-0.0346745315623082,-0.0534197163410524,0.306914950537063,0.000603508685942712,-0.00465328590773862,-0.0364667886200932,0.142598080774265
145.741015366405,-0.0130958801185249,-0.0343277851286228,-0.0523819378162655,0.304861045658915,0.000591211748210622,-0.00462146810809014,-0.0359878411406421,0.141733921103488
146.751750938323,-0.0130902359851598,-0.0339833972316259,-0.0513596098347536,0.30281568262246,0.000579102978617029,-0.00458980827281657,-0.0355147330862013,0.140873369004059
147.769496111443,-0.0130831955385783,-0.0336413656024934,-0.0503525760160134,0.300778930434624,0.000567180397135073,-0.00455830676680508,-0.0350474048577076,0.140016441884392
148.794299498388,-0.0130747753254469,-0.0333016879083816,-0.0493606804637995,0.298750855951943,0.000555442032249165,-0.00452696393353877,-0.0345857971816576,0.139163156381147
149.826210048919,-0.0130649918962536,-0.0329643617507621,-0.0483837677832889,0.296731523907175,0.000543885921090127,-0.00449578009537725,-0.0341298511158669,0.138313528371807
150.865277052271,-0.0130538618056226,-0.0326293846637323,-0.0474216830977119,0.294720996935709,0.000532510109565537,-0.00446475555383437,-0.0336795080549712,0.137467572987167
151.911550139505,-0.0130414016125596,-0.0322967541123026,-0.0464742720644641,0.292719335601744,0.00052131265248541,-0.00443389058985321,-0.0332347097356762,0.13662530462375
152.965079285884,-0.0130276278806268,-0.0319664674906638,-0.0455413808907165,0.290726598424263,0.00051029161368342,-0.00440318546407817,-0.03279539824176,0.135786736956125
154.025914813254,-0.0130125571780472,-0.0316385221204353,-0.0446228563485363,0.288742841902771,0.000499445066133784,-0.00437264041712426,-0.0323615160088347,0.134951882949135
155.094107392451,-0.0129962060777361,-0.0313129152488986,-0.0437185457895365,0.286768120542817,0.00048877109206399,-0.00434225566984353,-0.031933005828871,0.134120754870035
156.169708045722,-0.0129785911572604,-0.0309896440472159,-0.042828297159066,0.284802486881283,0.000478267783063517,-0.00431203142358868,-0.0315098108544934,0.133293364300534
157.25276814916,-0.0129597289987251,-0.0306687056086391,-0.0419519590099573,0.282845991511445,0.000467933240188691,-0.00428196786047375,-0.0310918746030491,0.132469722148734
158.34333943516,-0.0129396361885853,-0.0303500969467088,-0.041089380515843,0.2808986831078,0.000457765574063834,-0.00425206514363205,-0.0306791409604566,0.131649838660968
159.441473994887,-0.012918329317384,-0.0300338149934475,-0.0402404114840583,0.278960608450668,0.000447762904978842,-0.00422232341747117,-0.0302715541848396,0.130833723433545
160.547224280766,-0.0128958249794163,-0.0297198565975497,-0.0394049023681396,0.277031812450552,0.000437923362983343,-0.0041927428079253,-0.0298690589099508,0.130021385424377
161.66064310899,-0.0128721397723172,-0.0294082185225694,-0.0385827042799353,0.275112338172274,0.000428245087977553,-0.0041633234227046,-0.0294716001483904,0.129212832964509
162.781783662036,-0.0128472902965758,-0.0290988974451106,-0.0377736690013399,0.273202226858876,0.000418726229799985,-0.00413406535154192,-0.029079123294625,0.128408073769534
163.910699491214,-0.012821293154973,-0.0287918899530197,-0.0369776489956651,0.271301517955286,0.000409364948312127,-0.00410496866643674,-0.0286915741278116,0.127607114950905
165.047444519217,-0.0127941649519456,-0.0284871925435861,-0.0361944974186588,0.269410249131758,0.000400159413480215,-0.00407603342189639,-0.0283088988144308,0.126809963027129
166.192073042701,-0.0127659222928734,-0.0281848016217504,-0.0354240681291859,0.267528456307083,0.000391107805454225,-0.00404725965517452,-0.0279310439107351,0.126016623934856
167.344639734876,-0.0127365817832933,-0.0278847134983249,-0.0346662156995806,0.265656173671567,0.000382208314644202,-0.0040186473865071,-0.0275579563650167,0.125227103039843
168.505199648122,-0.0127061600280372,-0.0275869243882279,-0.0339207954256827,0.263793433709789,0.000373459141794041,-0.00399019661934562,-0.027189583519699,0.12444140514782
169.673808216612,-0.012674673630296,-0.0272914304087345,-0.0331876633365684,0.261940267223131,0.000364858498052822,-0.00396190734058786,-0.026825873113257,0.123659534515219
170.850521258965,-0.0126421391906107,-0.0269982275777473,-0.0324666762039854,0.260096703352091,0.000356404605043807,-0.00393377952080611,-0.0264667732819706,0.122881494859809
172.03539498091,-0.0126085733057884,-0.0267073118120878,-0.0317576915515047,0.258262769598376,0.000348095694931211,-0.00390581311447288,-0.0261122325615163,0.122107289371193
173.228485977972,-0.0125739925677468,-0.0264186789258135,-0.031060567663396,0.256438491846775,0.000339930010484824,-0.00387800806018424,-0.0257621998884005,0.121336920721204
174.429851238172,-0.0125384135622866,-0.0261323246285605,-0.0303751635932384,0.254623894386829,0.000331905805142595,-0.00385036428088076,-0.0254166246012388,0.12057039107417
175.639548144754,-0.0125018528677922,-0.0258482445239165,-0.0297013391722751,0.25281899993428,0.000324021343071254,-0.00382288168406618,-0.0250754564418872,0.119807702097065
176.857634478922,-0.0124643270538624,-0.0255664341078251,-0.0290389550175199,0.251023829652328,0.000316274899225059,-0.00379556016202377,-0.0247386455564274,0.119048854969543
178.084168422602,-0.0124258526798716,-0.0252868887670252,-0.0283878725396255,0.24923840317267,0.000308664759402761,-0.0037683995920305,-0.0244061424960108,0.118293850393845
179.319208561219,-0.0123864462934634,-0.0250096037775258,-0.0277479539505196,0.24746273861636,0.000301189220302837,-0.00374139983656909,-0.024077898217567,0.117542688604594
180.562813886497,-0.0123461244289761,-0.0247345743031215,-0.0271190622708192,0.245696852614453,0.000293846589577088,-0.00371456074353794,-0.0237538640843781,0.116795369378464
181.815043799277,-0.0123049036058032,-0.0244617953939486,-0.0265010613370276,0.24394076032848,0.000286635185882655,-0.00368788214645905,-0.0234339918665241,0.116051892043733
183.075958112354,-0.0122628003266895,-0.0241912619850854,-0.0258938158085235,0.242194475470722,0.000279553338932524,-0.00366136386468402,-0.0231182337412043,0.115312255489709
184.345617053333,-0.0122198310759634,-0.0239229688951986,-0.0252971911743467,0.240458010324305,0.000272599389544569,-0.00363500570359801,-0.0228065422929359,0.114576458176043
185.624081267505,-0.0121760123177088,-0.0236569108252378,-0.0247110537597893,0.238731375763128,0.000265771689689206,-0.00360880745482202,-0.0224988705136358,0.113844498141921
186.911411820748,-0.0121313604938759,-0.0233930823571812,-0.0241352707327952,0.237014581271602,0.000259068602535687,-0.00358276889641329,-0.0221951718025883,0.113116373015129
188.207670202438,-0.012085892022335,-0.0231314779528335,-0.0235697101101765,0.235307634964231,0.000252488502497106,-0.00355688979306399,-0.0218953999663017,0.112392080021006
189.512918328392,-0.0120396232948729,-0.0228720919526781,-0.0230142407636501,0.233610543605026,0.000246029775274134,-0.00353116989629831,-0.021599509218259,0.111671615991278
190.827218543819,-0.0119925706751349,-0.0226149185747874,-0.0224687324257002,0.23192331262676,0.00023969081789755,-0.00350560894466785,-0.0213074541785635,0.110954977372764
192.150633626303,-0.0119447504965148,-0.0223599519137902,-0.0219330556952715,0.230245946150065,0.000233470038769583,-0.00348020666394559,-0.0210191898734859,0.110242160235973
193.483226788801,-0.011896179059993,-0.0221071859399011,-0.0214070820432965,0.228578447002383,0.000227365857704103,-0.0034549627673183,-0.0207346717349128,0.109533160283577
194.82506168266,-0.0118468726319267,-0.0218566144980109,-0.0208906838180628,0.226920816736764,0.000221376705965701,-0.00342987695557759,-0.0204538555997028,0.108827972858772
196.176202400658,-0.0117968474417935,-0.0216082313068423,-0.0203837342504211,0.225273055650529,0.000215501026307665,-0.00340494891730957,-0.0201766977089507,0.108126592953513
197.536713480066,-0.01174611967989,-0.0213620299581707,-0.0198861074588408,0.223635162803793,0.000209737273008887,-0.00338017832908326,-0.0199031547071654,0.107429015216643
198.906659905733,-0.0116947054949894,-0.0211180039161123,-0.0193976784543131,0.222007136037852,0.000204083911909714,-0.00335556485563768,-0.0196331836413621,0.106735233961895
200.286107113184,-0.0116426209919576,-0.0208761465164811,-0.0189183231451068,0.220388971993444,0.000198539420446762,-0.00333110815006786,-0.0193667419600737,0.106045243175792
201.675120991751,-0.0115898822293339,-0.0206364509662168,-0.018447918341378,0.218780666128886,0.000193102287686702,-0.00330680785400965,-0.0191037875122829,0.105359036525419
203.073767887718,-0.0115365052168742,-0.020398910342883,-0.0179863417596361,0.217182212738088,0.000187771014359022,-0.00328266359782349,-0.0188442785462785,0.104676607366087
204.482114607491,-0.011482505913064,-0.0201635175942391,-0.0175334720270692,0.215593604968454,0.00018254411288779,-0.00325867500077714,-0.0185881737084384,0.10399794874889
205.900228420788,-0.0114279002225991,-0.0199302655378859,-0.0170891886857286,0.214014834838662,0.000177420107422391,-0.00323484167122747,-0.0183354320419424,0.103323053428139
207.32817706385,-0.0113727039938404,-0.0196991468609865,-0.0166533721965765,0.21244589325635,0.000172397533867275,-0.00321116320680128,-0.0180860129854162,0.102651913868689
208.766028742684,-0.0113169330162424,-0.0194701541200624,-0.0162259039433958,0.210886770035679,0.00016747493991068,-0.0031876391945753,-0.0178398763715108,0.101984522253161
210.213852136311,-0.01126060301776,-0.0192432797408673,-0.0158066662365648,0.20933745391481,0.00016265088505235,-0.00316426921125534,-0.0175969824254183,0.101320870489044
211.671716400053,-0.0112037296622353,-0.0190185160183378,-0.0153955423166964,0.207797932573271,0.000157923940630228,-0.00314105282335464,-0.0173572917633276,0.100660950215695
213.139691168835,-0.0111463285467672,-0.0187958551166235,-0.0149924163581436,0.206268192649238,0.000153292689846118,-0.00311798958737149,-0.0171207653908218,0.100004752811233
214.617846560511,-0.0110884151990667,-0.0185752890691942,-0.0145971734723709,0.20474821975672,0.000148755727790313,-0.00309507904996616,-0.0168873647012195,0.0993522693993177
216.10625317921,-0.0110300050748004,-0.0183568097790284,-0.0142096997111924,0.203237998502654,0.000144311661465163,-0.00307232074813711,-0.0166570514738624,0.0987034908558288
217.604982118714,-0.0109711135549245,-0.0181404090188802,-0.013829882069876,0.201737512503917,0.000139959109807574,-0.00304971420939667,-0.0164297878723522,0.0980584078154403
219.114104965849,-0.0109117559430135,-0.0179260784316267,-0.0134576084901146,0.200246744404253,0.000135696703710428,-0.00302725895194599,-0.016205536442737,0.097417010678087
220.633693803907,-0.0108519474625845,-0.0177138095306962,-0.0130927678628639,0.198765675891121,0.000131523086042894,-0.00300495448484955,-0.0159842601116511,0.0967792896153311
222.163821216089,-0.0107917032544209,-0.017503593700575,-0.0127352500310452,0.197294287712464,0.000127436911669617,-0.00298280030820903,-0.0157659221844096,0.096145234576625
223.704560288971,-0.0107310383738981,-0.017295422197397,-0.0123849457921153,0.195832559693397,0.000123436847468768,-0.00296079591333671,-0.0155504863430595,0.0955148352954739
225.255984615994,-0.0106699677883134,-0.017089286149611,-0.0120417469004994,0.194380470752831,0.000119521572348921,-0.00293894078292838,-0.0153379166443892,0.0948880812954981
226.818168300982,-0.0106085063742241,-0.0168851765587298,-0.0117055460698902,0.192937998920017,0.000115689777264747,-0.0029172343912358,-0.0151281775178988,0.094264961896396
228.391185961678,-0.0105466689147947,-0.0166830843001578,-0.0113762369754092,0.191505121351017,0.000111940165231492,-0.00289567620423863,-0.0149212337637327,0.0936454662198103
229.975112733314,-0.0104844700971573,-0.0164830001240987,-0.0110537142556309,0.190081814345117,0.000108271451338217,-0.00287426567981605,-0.0147170505505757,0.0930295831950954
231.570024272191,-0.0104219245097875,-0.0162849146565413,-0.0107378735144691,0.188668053361158,0.000104682362759779,-0.00285300226791782,-0.0145155934135157,0.0924173015649909
233.175996759301,-0.0103590466398979,-0.0160888184003241,-0.010428611322923,0.187263813033812,0.000101171638767512,-0.00283188541073507,-0.014316828251873,0.0918086098911987
234.793106903962,-0.0102958508708527,-0.0158947017362765,-0.0101258252206834,0.185869067189784,9.77380307386033e-05,-0.00281091454287055,-0.0141207213269989,0.0912034965598674
236.421431947482,-0.0102323514796051,-0.0157025549244375,-0.00982941371759717,0.184483788863952,9.43803021641196e-05,-0.00279008909150865,-0.0139272392600451,0.0906019497869834
238.061049666849,-0.0101685626341609,-0.0155123681053498,-0.00953927629498889,0.183107950315445,9.10972286556653e-05,-0.00276940847658485,-0.0137363490297049,0.0900039576236707
239.712038378445,-0.01010449839107,-0.015324131301429,-0.00925531340683855,0.181741523043653,8.78875979506419e-05,-0.00274887211095496,-0.0135480179699282,0.0894095079614
241.374476941791,-0.0100401726929487,-0.0151378344184059,-0.00897742648081398,0.180384477804172,8.47502099160831e-05,-0.00272847940056382,-0.0133622137676114,0.0888185885371076
243.048444763306,-0.00997559936603523,-0.0149534672468426,-0.00870551791915714,0.17903678462469,8.16838765510404e-05,-0.00270822974461375,-0.0131789044602638,0.0882311869382275
244.734021800108,-0.00991079211778084,-0.0147710194637187,-0.00843949109942248,0.177698412820805,7.86874219874869e-05,-0.00268812253573248,-0.0129980584336517,0.087647290607634
246.431288563827,-0.00984576453447843,-0.0145904806340888,-0.00817925037506669,0.17636933101178,7.57596824897184e-05,-0.00266815716014079,-0.0128196444194218,0.0870668868484994
248.140326124455,-0.00978053007893146,-0.0144118402128077,-0.00792470107588833,0.175049507136233,7.28995064522246e-05,-0.00264833299781965,-0.0126436314927051,0.086489962829066
249.861216114214,-0.00971510208816504,-0.0142350875463241,-0.00767574950831629,0.173738908467763,7.01057543960008e-05,-0.00262864942267704,-0.0124699890697016,0.0859165055873332
251.594040731461,-0.00964949377118147,-0.0140602118745385,-0.00743230295554583,0.172437501630507,6.73772989632831e-05,-0.00260910580271422,-0.0122986869052493,0.0853465020356622
253.338882744608,-0.00958371820676213,-0.0138872023327264,-0.00719426967752144,0.171145252614635,6.4713024910677e-05,-0.00258970150019164,-0.0121296950903758,0.0847799389652981
255.09582549608,-0.00951778834131792,-0.0137160479535241,-0.00696155891076495,0.169862126791769,6.21118291006578e-05,-0.00257043587179437,-0.0119629840498359,0.0842168030508106
256.864952906292,-0.00945171698679016,-0.0135467376689737,-0.00673408086804823,0.168588088930339,5.95726204914217e-05,-0.00255130826879702,-0.011798524539635,0.0836570808544551
258.646349477661,-0.00938551681860358,-0.0133792603126293,-0.00651174673790972,0.167323103210871,5.70943201250672e-05,-0.00253231803722819,-0.0116362876445407,0.0831007588304539
260.440100298641,-0.00931920037367356,-0.0132136046217183,-0.00629446868401335,0.166067133241192,5.46758611140826e-05,-0.00251346451803435,-0.0114762447755812,0.0825478233292
262.246291047787,-0.009252780048469,-0.0130497592393588,-0.00608215984434965,0.164820142071573,5.23161886261264e-05,-0.00249474704724322,-0.0113183676675348,0.0819982606013833
264.065007997846,-0.00918626809713272,-0.0128877127168303,-0.00587473433027812,0.163582092209789,5.00142598670789e-05,-0.00247616495612655,-0.0111626283764088,0.0814520568020408
265.896338019882,-0.00911967662966072,-0.0127274535158952,-0.00567210722541001,0.162352945636105,4.77690440623484e-05,-0.00245771757136231,-0.0110089992769094,0.0809091979945316
267.740368587419,-0.00905301761014204,-0.0125689700111696,-0.00547419458433141,0.161132663818186,4.55795224364211e-05,-0.00243940421519619,-0.0108574530599052,0.0803696701544381
269.597187780627,-0.00898630285506033,-0.0124122504925414,-0.0052809134311659,0.159921207725915,4.34446881906367e-05,-0.00242122420560259,-0.0107079627298823,0.0798334591733933
271.466884290521,-0.0089195440316587,-0.0122572831676326,-0.00509218175797646,0.158718537846143,4.13635464791777e-05,-0.00240317685644474,-0.0105605016023942,0.0793005508628364
273.349547423206,-0.00885275265636897,-0.0121040561643054,-0.00490791852300659,0.157524614197341,3.9335114383266e-05,-0.00238526147763421,-0.0104150433015067,0.0787709309576974
275.245267104134,-0.00878594009330645,-0.0119525575332077,-0.0047280436487602,0.156339396344169,3.73584208835532e-05,-0.00236747737528964,-0.0102715617572376,0.0782445851200104
277.154133882404,-0.00871911755283135,-0.0118027752503576,-0.00455247801992058,0.155162843411955,3.5432506830697e-05,-0.00234982385189468,-0.0101300312029941,0.0777214989424585
279.07623893509,-0.00865229609017783,-0.0116546972197638,-0.00438114348110834,0.153994914101086,3.35564249141228e-05,-0.00233230020645512,-0.00999042617300584,0.0772016579518502
281.011674071587,-0.00858548660415161,-0.0115083112760797,-0.00421396283447856,0.152835566701291,3.17292396289592e-05,-0.00231490573465511,-0.00985272149975755,0.0766850476125276
282.960531738006,-0.00851869983589671,-0.0113636051872889,-0.00405085983715747,0.151684759105841,2.99500272411495e-05,-0.00229763972901257,-0.00971689231141903,0.0761716533297086
284.922905021585,-0.00845194636773246,-0.01122056665742,-0.00389175919851916,0.150542448825639,2.82178757507373e-05,-0.00228050147903361,-0.00958291402927523,0.0756614604527631
286.898887655133,-0.00838523662206101,-0.0110791833292881,-0.00373658657730286,0.149408593003215,2.65318848533247e-05,-0.00226349027136597,-0.00945076236515618,0.075154454278425
288.888574021513,-0.00831858086034619,-0.0109394427872608,-0.00358526857857142,0.148283148426605,2.48911658997088e-05,-0.00224660538995152,-0.00932041331886754,0.0746506200539396
290.892059158146,-0.00825198918216397,-0.0108013325600463,-0.00343773275051187,0.147166071543134,2.32948418536976e-05,-0.00222984611617766,-0.00919184317562264,0.0741499429801483
292.909438761552,-0.00818547152432507,-0.0106648401235019,-0.00329390758107892,0.146057318473078,2.17420472481127e-05,-0.00221321172902765,-0.00906502850347638,0.0736524082145112
294.940809191919,-0.00811903766006987,-0.0105299529034589,-0.00315372249448254,0.144956845023221,2.02319281389859e-05,-0.00219670150522985,-0.00893994615076164,0.0731580008740686
296.986267477709,-0.00805269719833603,-0.0103966582785636,-0.00301710784752072,0.143864606700286,1.87636420579594e-05,-0.00218031471940572,-0.00881657324352898,0.0726667060383418
299.045911320291,-0.00798645958309868,-0.010264943583131,-0.00288399492575865,0.142780558724258,1.73363579628981e-05,-0.00216405064421676,-0.00869488718298988,0.0721785087521744
301.119839098607,-0.00792033409278349,-0.0101347961100088,-0.00275431593955599,0.141704656041574,1.59492561867308e-05,-0.00214790855051009,-0.00857486564296428,0.0716933940285151
303.208149873869,-0.00785432983975245,-0.0100062031134494,-0.00262800401994337,0.140636853338199,1.46015283845302e-05,-0.00213188770746278,-0.00845648656733288,0.0712113468511421
305.310943394298,-0.00778845576986224,-0.00987915181198871,-0.00250499321435019,0.139577105052567,1.32923774788503e-05,-0.00211598738272496,-0.00833972816749473,0.0707323521773315
307.428320099879,-0.00772272066209514,-0.00975362939132821,-0.00238521848218518,0.138525365388394,1.20210176033368e-05,-0.00210020684256144,-0.00822456891983054,0.070256394940468
309.560381127168,-0.00765713312826199,-0.00962962300721822,-0.00226861569027169,0.137481588327365,1.0786674044631e-05,-0.00208454535199205,-0.00811098756317228,0.0697834600526014
311.707228314113,-0.00759170161277715,-0.009507119788341,-0.00215512160813983,0.136445727641672,9.58858318258769e-06,-0.00206900217493053,-0.00799896309627948,0.0693135324069478
313.868964204927,-0.00752643439250475,-0.00938610683919077,-0.00204467390317746,0.135417736906431,8.42599242882724e-06,-0.00205357657432194,-0.00788847477532269,0.0688465968803371
316.045692054981,-0.00746133957667596,-0.00926657124294866,-0.00193721113564215,0.134397569511944,7.2981601636483e-06,-0.00203826781227859,-0.00777950211137455,0.0683826383356073
318.237515835737,-0.00739642510687671,-0.00914850006435066,-0.00183267275353667,0.133385178675828,6.20435567132282e-06,-0.00202307515021445,-0.00767202486790884,0.0679216416239472
320.444540239715,-0.00733169875710507,-0.00903188035254629,-0.00173099908735025,0.132380517454997,5.14385907380392e-06,-0.00200799784897796,-0.00756602305830797,0.0674635915871862
322.666870685493,-0.00726716813389783,-0.00891669914394608,-0.00163213134466811,0.131383538757492,4.11596126287039e-06,-0.00199303516898331,-0.00746147694337932,0.0670084730600347
324.904613322743,-0.00720284067652542,-0.00880294346505585,-0.00153601160465211,0.130394195354165,3.1199638307392e-06,-0.00197818637034002,-0.00735836702888075,0.0665562708722734
327.1578750373,-0.00713872365725433,-0.00869060033529583,-0.00144258281239489,0.129412439890215,2.15517899917626e-06,-0.0019634507129809,-0.00725667406305566,0.0661069698508946
329.426763456268,-0.00707482418167624,-0.0085796567698026,-0.00135178877315059,0.128438224896557,1.22092954713568e-06,-0.00194882745678829,-0.007156379034178,0.0656605548221929
331.711386953162,-0.00701114918910294,-0.00847009978221226,-0.00126357414644482,0.127471502801054,3.16548736962704e-07,-0.00193431586171861,-0.00705746316810756,0.0652170106138105
334.011854653082,-0.00694770545302593,-0.00836191638742271,-0.00117788444006701,0.126512225939569,-5.58619760809408e-07,-0.00191991518792514,-0.00695990792585583,0.0647763220567333
336.328276437929,-0.00688449958163987,-0.00825509360433349,-0.00109466600394803,0.125560346566877,-1.40522194402843e-06,-0.00190562469587903,-0.0068636950011628,0.0643384739872419
338.660762951648,-0.00682153801842864,-0.00814961845856134,-0.00101386602392629,0.124615816867402,-2.22389355682888e-06,-0.00189144364648848,-0.00676880631808502,0.0639034512488163
341.009425605519,-0.00675882704281295,-0.00804547798512992,-0.000935432515405399,0.123678588965792,-3.01526016883042e-06,-0.00187737130121614,-0.00667522402859511,0.0634712386939959
343.374376583475,-0.00669637277085834,-0.00794265923113197,-0.000859314316906752,0.122748614937338,-3.77993725559692e-06,-0.00186340692219459,-0.0065829305101932,0.0630418211861948
345.75572884746,-0.00663418115604232,-0.00784114925836244,-0.000785461083520235,0.121825846818212,-4.51853028031387e-06,-0.00184954977234,-0.0064919083635304,0.0626151836014736
348.153596142828,-0.00657225799007939,-0.00774093514592108,-0.000713823280256404,0.12091023661555,-5.23163477664639e-06,-0.0018357991154639,-0.00640214041004468,0.0621913108302689
350.568093003772,-0.00651060890380273,-0.00764200399278296,-0.000644352175303628,0.120001736317353,-5.91983643273781e-06,-0.00182215421638292,-0.00631360968960933,0.0617701877790792
352.999334758797,-0.00644923936810107,-0.00754434292033566,-0.000576999833193554,0.11910029790223,-6.5837111763064e-06,-0.00180861434102676,-0.00622629945819434,0.0613517993721104
355.44743753623,-0.00638815469490963,-0.00744793907488168,-0.000511719107878414,0.118205873348959,-7.22382526080115e-06,-0.00179517875654404,-0.0061401931855409,0.0609361305528792
357.912518269762,-0.00632736003825347,-0.00735277963010489,-0.000448463635723741,0.117318414645876,-7.84073535257211e-06,-0.00178184673140633,-0.00605527455284921,0.0605231662857776
360.39469470404,-0.00626686039534196,-0.00725885178949969,-0.000387187828419986,0.116437873800096,-8.43498861901557e-06,-0.00176861753551003,-0.00597152745047992,0.0601128915575961
362.894085400285,-0.00620666060771307,-0.00716614278876193,-0.000327846865816658,0.115564202846554,-9.00712281764836e-06,-0.00175549044027641,-0.00588893597566929,0.0597052913790089
365.410809741959,-0.00614676536242565,-0.00707463989814015,-0.000270396688682643,0.11469735385687,-9.55766638607034e-06,-0.0017424647187495,-0.00580748443025834,0.0593003507860202
367.944987940466,-0.00608717919329862,-0.00698433042474649,-0.000214793991396204,0.113837278948042,-1.00871385327705e-05,-0.00172953964569206,-0.00572715731843627,0.0588980548413732
370.496741040893,-0.0060279064821953,-0.006895201714826,-0.000160996214568464,0.112983930290955,-1.05960493287318e-05,-0.00171671449767942,-0.00564793934449814,0.0584983886359208
373.066190927794,-0.00596895146035143,-0.00680724115598354,-0.000108961537603928,0.112137260118722,-1.10848997997934e-05,-0.00170398855319136,-0.00556981541061712,0.0581013372899614
375.653460331008,-0.00591031820974536,-0.00672043617936738,-5.86488712016921e-05,0.111297220734838,-1.15541820197236e-05,-0.0016913610927019,-0.00549277061463152,0.0577068859545365
378.258672831527,-0.00585201066450895,-0.00663477426180874,-1.00178498011021e-05,0.110463764521164,-1.20043792039597e-05,-0.00167883139876704,-0.00541679024784664,0.0573150198126953
380.881952867393,-0.00579403261237741,-0.00655024292791647,3.69711760245615e-05,0.109636843945728,-1.24359658039722e-05,-0.00166639875611038,-0.00534185979285167,0.0569257240807226
383.523425739646,-0.00573638769617669,-0.00646682975212611,8.23571472227044e-05,0.108816411570349,-1.28494076022062e-05,-0.00165406245170684,-0.0052679649213518,0.0565389840093333
386.183217618305,-0.00567907941534693,-0.00638452236070294,0.000126178303960665,0.108002420058087,-1.32451618075585e-05,-0.00164182177486411,-0.00519509149201558,0.0561547848848333
388.861455548399,-0.00562211112750004,-0.00630330843369806,0.000168472193366027,0.107194822180506,-1.3623677151344e-05,-0.00162967601730217,-0.00512322554833783,0.0557731120302467
391.558267456034,-0.00556548605001038,-0.00622317570685745,0.000209275677304256,0.106393570824774,-1.39853939837098e-05,-0.00161762447323072,-0.00505235331651806,0.0553939508064115
394.273782154498,-0.00550920726163643,-0.00614411197348301,0.000248624940190172,0.10559861900057,-1.43307443704505e-05,-0.00160566643942452,-0.00498246120335466,0.0550172866130422
397.008129350424,-0.00545327770417228,-0.0060661050862457,0.000286555496829726,0.104809919846827,-1.46601521901834e-05,-0.00159380121529668,-0.0049135357941548,0.054643104889762
399.761439649975,-0.0053977001841272,-0.00598914295894992,0.000323102200288384,0.104027426638292,-1.49740332318404e-05,-0.00158202810296991,-0.00484556385066035,0.0542713911171031
402.533844565089,-0.00534247737443175,-0.00591321356824929,0.000358299249782756,0.103251092791915,-1.5272795292431e-05,-0.0015703464073457,-0.00477853230898972,0.053902130817478
405.325476519761,-0.00528761181616889,-0.00583830495531315,0.000392180198591944,0.10248087187306,-1.55568382750388e-05,-0.00155875543617149,-0.00471242827759589,0.0535353095561195
408.136468856361,-0.0052331059203287,-0.00576440522744391,0.000424777961985133,0.101716717601542,-1.58265542870038e-05,-0.00154725450010577,-0.00464723903524062,0.0531709129419926
410.966955842014,-0.00517896196958486,-0.00569150255964485,0.000456124825162104,0.100958583857497,-1.60823277382539e-05,-0.00153584291278118,-0.00458295202898482,0.0528089266286773
413.817072675003,-0.00512518212009177,-0.00561958519613847,0.000486252451203281,0.100206424687074,-1.63245354397417e-05,-0.0015245199908656,-0.00451955487219542,0.0524493363152229
416.686955491232,-0.00507176840330051,-0.00554864145183512,0.000515191889025981,0.0994601943079581,-1.65535467019467e-05,-0.0015132850541212,-0.00445703534256853,0.0520921277469752
419.576741370729,-0.00501872272779234,-0.00547865971375206,0.000542973581343644,0.0987198471147275,-1.67697234334036e-05,-0.00150213742546156,-0.00439538138016913,0.0517372867163757
422.486568344193,-0.00496604688112817,-0.00540962844238293,0.000569627372624847,0.0979853376840368,-1.6973420239216e-05,-0.00149107643100678,-0.00433458108548726,0.0513847990637348
425.416575399583,-0.00491374253171266,-0.00534153617301764,0.000595182517048902,0.0972566207796383,-1.71649845195188e-05,-0.00148010140013661,-0.00427462271751078,0.0510346506779785
428.366902488763,-0.00486181123067145,-0.00527437151701288,0.000619667686454991,0.0965336513572351,-1.73447565678495e-05,-0.00146921166554167,-0.00421549469181476,0.0506868274973693
431.337690534184,-0.00481025441374009,-0.0052081231630134,0.000643110978281762,0.0958163845691717,-1.75130696693914e-05,-0.00145840656327274,-0.00415718557866751,0.0503413155102023
434.329081435613,-0.00475907340316346,-0.00514277987812419,0.000665539923494425,0.0951047757689619,-1.76702501990531e-05,-0.00144768543278812,-0.00409968410115329,0.0499981007554756
437.341218076915,-0.0047082694096041,-0.00507833050903387,0.000686981494496417,0.0943987805156552,-1.78166177193464e-05,-0.00143704761699908,-0.00404297913331174,0.0496571693235379
440.374244332875,-0.00465784353405825,-0.00501476398308954,0.000707462113022823,0.0936983545780455,-1.79524850780306e-05,-0.00142649246231353,-0.00398705969829406,0.0493185073567105
443.428305076071,-0.00460779676977833,-0.00495206930932332,0.000727007658012667,0.0930034539387216,-1.80781585054847e-05,-0.00141601931867768,-0.00393191496653591,0.0489821010498875
446.503546183793,-0.00455813000420041,-0.00489023557943112,0.000745643473457454,0.0923140347979624,-1.81939377117778e-05,-0.00140562753961602,-0.00387753425394706,0.0486479366511124
449.600114545014,-0.00450884402087566,-0.00482925196870377,0.000763394376223251,0.0916300535774782,-1.83001159834025e-05,-0.00139531648226938,-0.00382390702011788,0.0483160004621321
452.718158067401,-0.00445993950140422,-0.00476910773691112,0.000780284663843701,0.0909514669240012,-1.83969802796404e-05,-0.00138508550743127,-0.0037710228665425,0.0479862788389292
455.857825684385,-0.0044114170273707,-0.0047097922291394,0.000796338122281486,0.0902782317127248,-1.84848113285283e-05,-0.00137493397958241,-0.00371887153485881,0.0476587581922325
459.01926736227,-0.00436327708227975,-0.00465129487658246,0.000811578033655776,0.0896103050505966,-1.85638837223952e-05,-0.00136486126692354,-0.0036674429051052,0.047333424988007
462.202634107401,-0.00431552005349083,-0.00459360519728724,0.000826027183933258,0.0889476442794641,-1.86344660129399e-05,-0.00135486674140649,-0.00361672699399402,0.0470102657479221
465.408077973374,-0.00426814623415092,-0.00453671279685402,0.000839707870580497,0.0882902069790784,-1.8696820805822e-05,-0.00134494977876356,-0.00356671395320181,0.0466892670498006
468.635752068297,-0.00422115582512414,-0.00448060736909211,0.000852641910175304,0.0876379509699546,-1.87512048547375e-05,-0.00133510975853528,-0.0035173940676762,0.0463704155280469
471.885810562108,-0.00417454893691722,-0.00442527869663146,0.000864850645975023,0.0869908343160947,-1.87978691549534e-05,-0.00132534606409641,-0.00346875775395954,0.0460536978740568
475.158408693936,-0.00412832559159979,-0.00437071665149066,0.000876354955439623,0.0863488153275715,-1.88370590362739e-05,-0.00131565808268044,-0.00342079555852914,0.045739100836607
478.453702779515,-0.00408248572471849,-0.00431691119560226,0.000887175257707538,0.0857118525629789,-1.88690142554148e-05,-0.00130604520540243,-0.00337349815615414,0.0454266112222272
481.771850218653,-0.004037029187204,-0.00426385238129573,0.000897331521022376,0.0850799048317487,-1.88939690877618e-05,-0.0012965068272803,-0.00332685634826903,0.0451162158955529
485.113009502749,-0.00399195574726993,-0.00421153035173889,0.000906843270108555,0.0844529311963373,-1.89121524184888e-05,-0.0012870423472546,-0.0032808610613636,0.0448079017796612
488.477340222363,-0.00394726509230278,-0.00415993534133835,0.000915729593494122,0.0838308909742842,-1.89237878330144e-05,-0.00127765116820671,-0.00323550334538948,0.0445016558563883
491.865003074839,-0.0039029568307421,-0.00410905767609984,0.000924009150778991,0.0832137437401442,-1.89290937067754e-05,-0.00126833269697564,-0.00319077437218312,0.0441974651666308
495.276159871982,-0.00385903049394992,-0.00405888777394891,0.000931700179846962,0.082601449327297,-1.89282832942971e-05,-0.0012590863443733,-0.00314666543390511,0.0438953168106294
498.710973547785,-0.00381548553806875,-0.00400941614501285,0.000938820504019938,0.0819939678296348,-1.892156481754e-05,-0.00124991152519836,-0.00310316794149594,0.043595197948237
502.169608166212,-0.00377232134586726,-0.00396063339186448,0.000945387539152808,0.0813912596031316,-1.89091415535047e-05,-0.00124080765824876,-0.00306027342314798,0.0432970957991701
505.652228929035,-0.00372953722857305,-0.00391253020972863,0.000951418300667599,0.0807932852672955,-1.88912119210782e-05,-0.00123177416633275,-0.00301797352279368,0.0430009976432453
509.159002183727,-0.00368713242769159,-0.00386509738665198,0.00095692941052549,0.0802000057065077,-1.88679695671024e-05,-0.00122281047627871,-0.00297625999860998,0.0427068908206001
512.690095431402,-0.00364510611681086,-0.00381832580363699,0.000961937104135381,0.0796113820712493,-1.8839603451651e-05,-0.0012139160189435,-0.00293512472153879,0.0424147627318983
516.245677334823,-0.00360345740339087,-0.00377220643474084,0.000966457237197844,0.0790273757792187,-1.88062979324987e-05,-0.00120509022921971,-0.0028945596738235,0.0421246008385223
519.825917726449,-0.00356218533053749,-0.00372673034713993,0.000970505292483223,0.0784479485163426,-1.8768232848768e-05,-0.00119633254604147,-0.00285455694756141,0.0418363926627494
523.430987616559,-0.00352128887876005,-0.00368188870116088,0.000974096386542848,0.077873062237682,-1.87255836037405e-05,-0.00118764241238915,-0.00281510874327209,0.0415501257879152
527.061059201407,-0.00348076696771202,-0.00363767275027874,0.000977245276352303,0.0773026791682361,-1.86785212468207e-05,-0.00117901927529284,-0.00277620736848145,0.0412657878585634
530.716305871459,-0.0034406184579144,-0.00359407384108324,0.000979966365885786,0.0767367618036473,-1.86272125546389e-05,-0.0011704625858346,-0.00273784523632166,0.0409833665805819
534.396902219665,-0.00340084215246113,-0.00355108341321377,0.000982273712620685,0.0761752729108071,-1.85718201112835e-05,-0.00116197179914964,-0.00270001486414655,0.0407028497213262
538.103024049808,-0.00336143679870615,-0.00350869299926396,0.000984181033971536,0.0756181755283686,-1.85125023876521e-05,-0.00115354637442634,-0.00266270887216267,0.0404242251097303
541.834848384891,-0.00332240108993167,-0.00346689422465671,0.000985701713652554,0.0750654329671656,-1.84494138199111e-05,-0.0011451857749052,-0.00262591998207574,0.0401474806364049
545.592553475602,-0.00328373366699714,-0.00342567880749023,0.0009868488079681,0.0745170088105414,-1.83827048870569e-05,-0.00113688946787673,-0.00258964101575249,0.0398726042537237
549.376318808822,-0.00324543311996858,-0.00338503855835617,0.000987635052030345,0.0739728669145897,-1.83125221875684e-05,-0.00112865692467831,-0.00255386489389778,0.0395995839758985
553.1863251162,-0.00320749798972792,-0.00334496538013038,0.00098807286590365,0.0734329714083101,-1.82390085151454e-05,-0.00112048762069004,-0.00251858463474691,0.0393284078790418
557.022754382788,-0.00316992676956186,-0.00330545126773728,0.000988174360675018,0.0728972866936795,-1.81623029335263e-05,-0.00111238103532966,-0.00248379335277296,0.0390590641012195
560.885789855729,-0.00313271790673022,-0.00326648830788846,0.00098795134445026,0.0723657774456433,-1.80825408503775e-05,-0.00110433665204642,-0.00244948425740918,0.0387915408424914
564.775616053012,-0.00309586980401309,-0.0032280686787964,0.000987415328275334,0.0718384086120271,-1.79998540902519e-05,-0.00109635395831417,-0.00241565065178624,0.0385258263649424
568.692418772287,-0.00305938082123686,-0.00319018464986402,0.000986577531982607,0.071315145413372,-1.79143709666099e-05,-0.00108843244562343,-0.00238228593148422,0.0382619089927025
572.636385099737,-0.00302324927677869,-0.00315282858135092,0.000985448889961662,0.0707959533426959,-1.7826216352901e-05,-0.00108057160947269,-0.00234938358329937,0.0379997771119569
576.607703419018,-0.00298747344904923,-0.00311599292401691,0.000984040056854398,0.0702807981651824,-1.77355117527011e-05,-0.00107277094935883,-0.00231693718402538,0.0377394191709468
580.606563420252,-0.00295205157795344,-0.00307967021874379,0.00098236141317425,0.0697696459177992,-1.76423753689043e-05,-0.00106502996876671,-0.00228494039924911,0.0374808236799601
584.633156109091,-0.00291698186632922,-0.00304385309613598,0.000980423070849301,0.0692624629088498,-1.75469221719662e-05,-0.00105734817515801,-0.00225338698216075,0.0372239792113128
588.687673815838,-0.0028822624813638,-0.0030085342761008,0.000978234878689264,0.0687592157174586,-1.74492639671993e-05,-0.00104972507995932,-0.00222227077237814,0.0369688743993224
592.77031020464,-0.00284789155598775,-0.00297370656740917,0.00097580642777618,0.0682598711929926,-1.73495094611168e-05,-0.00104216019854942,-0.00219158569478532,0.0367154979402707
596.881260282727,-0.00281386719024637,-0.00293936286723737,0.000973147056778876,0.0677643964544223,-1.72477643268277e-05,-0.00103465305024597,-0.00216132575838507,0.0364638385923602
601.020720409738,-0.00278018745264846,-0.00290549616069072,0.000970265857191148,0.0672727588896219,-1.71441312684812e-05,-0.00102720315829138,-0.00213148505516535,0.0362138851756601
605.188888307094,-0.00274685038149247,-0.00287209952030973,0.000967171678493806,0.0667849261546131,-1.70387100847627e-05,-0.00101981004983814,-0.0021020577589796,0.0359656265720461
609.385963067442,-0.00271385398616969,-0.00283916610555955,0.000963873133240594,0.0663008661727531,-1.69315977314424e-05,-0.00101247325593347,-0.00207303812444067,0.0357190517251308
613.612145164168,-0.00268119624844483,-0.00280668916230337,0.000960378602068215,0.0658205471338692,-1.68228883829779e-05,-0.0010051923115033,-0.0020444204858284,0.0354741496401878
617.867636460969,-0.00264887512371357,-0.00277466202226043,0.000956696238630593,0.0653439374933415,-1.6712673493174e-05,-0.00099796675533577,-0.00201619925601057,0.0352309093840674
622.152640221499,-0.00261688854223739,-0.00274307810244937,0.000952833974457589,0.0648710059711365,-1.6601041854902e-05,-0.000990796130064068,-0.0019883689253773,0.0349893200851055
626.467361119072,-0.00258523441035548,-0.00271193090461753,0.00094879952373847,0.0644017215507927,-1.64880796588811e-05,-0.000983679982148797,-0.00196092406078858,0.034749370933026
630.812005246445,-0.00255391061167385,-0.00268121401465689,0.000944600388030367,0.0639360534783602,-1.6373870551528e-05,-0.000976617861859776,-0.00193385930453497,0.0345110511788353
635.186780125658,-0.00252291500823165,-0.00265092110200727,0.000940243860892055,0.063473971261296,-1.62584956918749e-05,-0.000969609323257363,-0.0019071693733113,0.0342743501347114
639.591894717946,-0.00249224544164479,-0.00262104591904745,0.000935737032443447,0.0630154446673175,-1.61420338075643e-05,-0.000962653924173292,-0.00188084905720319,0.0340392571738861
644.027559433723,-0.00246189973422685,-0.00259158230047477,0.000931086793851123,0.0625604437232151,-1.60245612499232e-05,-0.000955751226191065,-0.00185489321868635,0.0338057617305207
648.493986142629,-0.00243187569008743,-0.00256252416267393,0.00092629984174035,0.0621089387136256,-1.59061520481216e-05,-0.000948900794625898,-0.00182929679163854,0.0335738532995766
652.991388183652,-0.00240217109620802,-0.00253386550307544,0.000921382682534017,0.0616609001797686,-1.5786877962423e-05,-0.000942102198504262,-0.00180405478036405,0.0333435214366793
657.519980375318,-0.00237278372349549,-0.00250560039950443,0.000916341636718935,0.061216298918148,-1.56668085365304e-05,-0.000935355010543018,-0.00177916225863048,0.0331147557579771
662.07997902595,-0.00234371132781327,-0.00247772300952036,0.000911182843040024,0.0607751059792182,-1.55460111490352e-05,-0.000928658807128194,-0.00175461436871793,0.0328875459399947
666.671601944003,-0.00231495165099047,-0.00245022756974813,0.000905912262622865,0.0603372926660191,-1.54245510639758e-05,-0.000922013168293384,-0.00173040632048024,0.0326618817194806
671.295068448464,-0.00228650242180891,-0.00242310839520123,0.000900535683025181,0.0599028305327795,-1.53024914805114e-05,-0.000915417677697833,-0.00170653339041836,0.0324377528932506
675.950599379332,-0.00225836135696839,-0.00239635987859741,0.000895058722217789,0.0594716913834919,-1.51798935817192e-05,-0.000908871922604182,-0.00168299092076549,0.0322151493180254
680.638417108163,-0.00223052616203023,-0.00236997648966744,0.00088948683249561,0.0590438472704584,-1.50568165825219e-05,-0.000902375493855929,-0.00165977431858421,0.0319940609102643
685.358745548692,-0.00220299453233929,-0.00234395277445739,0.000883825304319324,0.0586192704928115,-1.4933317776753e-05,-0.000895927985854595,-0.00163687905487509,0.0317744776459934
690.11181016753,-0.00217576415392464,-0.00231828335462505,0.000878079270088292,0.0581979335950086,-1.48094525833669e-05,-0.000889528996536627,-0.00161430066369698,0.03155638956063
694.897837994932,-0.00214883270437915,-0.0022929629267309,0.000872253707845395,0.0577798093653041,-1.46852745918038e-05,-0.000883178127350057,-0.0015920347412987,0.0313397867488029
699.717057635642,-0.00212219785371801,-0.00226798626152409,0.000866353444914399,0.057364870834198,-1.45608356065152e-05,-0.000876874983230919,-0.00157007694526201,0.0311246593641674
704.569699279812,-0.00209585726521657,-0.002243348203224,0.000860383161470532,0.0569530912728648,-1.44361856906595e-05,-0.00087061917257945,-0.00154842299365582,0.0309109976192182
709.455994713995,-0.00206980859622761,-0.00221904366879768,0.000854347394044975,0.0565444441915618,-1.43113732089767e-05,-0.000864410307236095,-0.00152706866420146,0.0306987917850965
714.376177332221,-0.00204404949897824,-0.0021950676472338,0.000848250538963917,0.0561389033380191,-1.418644486985e-05,-0.000858248002457321,-0.00150600979344886,0.0304880321913949
719.33048214714,-0.00201857762134677,-0.00217141519881331,0.000842096855722885,0.0557364426958131,-1.40614457665631e-05,-0.000852131876891254,-0.00148524227596366,0.0302787092259578
724.31914580125,-0.00199339060761957,-0.00214808145437748,0.00083589047029709,0.0553370364827232,-1.39364194177629e-05,-0.000846061552553167,-0.00146476206352494,0.0300708133346788
729.342406578201,-0.00196848609922842,-0.00212506161459351,0.000829635378388488,0.0549406591490736,-1.38114078071362e-05,-0.000840036654800821,-0.0014445651643336,0.029864335021295
734.400504414174,-0.00194386173546828,-0.00210235094921824,0.000823335448610296,0.0545472853760623,-1.36864514223097e-05,-0.000834056812309667,-0.00142464764223122,0.0296592648471776
739.493680909344,-0.00191951515419605,-0.00207994479636025,0.000816994425609705,0.0541568900740761,-1.35615892929828e-05,-0.000828121657047948,-0.00140500561592929,0.0294555934311195
744.622179339418,-0.00189544399251025,-0.00205783856174082,0.000810615933129551,0.0537694483809954,-1.34368590283019e-05,-0.000822230824251678,-0.00138563525824864,0.0292533114491209
749.786244667259,-0.0018716458874121,-0.00203602771795405,0.000804203477009678,0.0533849356604872,-1.3312296853487e-05,-0.000816383952399542,-0.00136653279536908,0.0290524096341706
754.98612355458,-0.00184811847644819,-0.00201450780372641,0.000797760448128772,0.0530033275002894,-1.31879376457192e-05,-0.000810580683187709,-0.00134769450608898,0.0288528787760263
760.222064373731,-0.00182485939833487,-0.0019932744231763,0.000791290125287456,0.0526245997104861,-1.30638149692982e-05,-0.000804820661504584,-0.00132911672109481,0.0286547097209906
765.494317219563,-0.00180186629356486,-0.00197232324507362,0.000784795678033351,0.0522487283217756,-1.29399611100817e-05,-0.000799103535405488,-0.00131079582224043,0.0284578933716859
770.803133921369,-0.00177913680499609,-0.00195165000209994,0.000778280169428973,0.0518756895837311,-1.28164071092137e-05,-0.000793428956087313,-0.00129272824183604,0.0282624206868266
776.148768054917,-0.00175666857842324,-0.00193125049010947,0.000771746558763162,0.0515054599630562,-1.26931827961537e-05,-0.000787796577863126,-0.00127491046194677,0.0280682826809883
781.531474954562,-0.00173445926313209,-0.00191112056739105,0.000765197704206882,0.0511380161418351,-1.2570316821015e-05,-0.000782206058136752,-0.00125733901370062,0.0278754704243761
786.951511725437,-0.00171250651243703,-0.00189125615393159,0.000758636365414141,0.0507733350157787,-1.24478366862233e-05,-0.000776657057377342,-0.00124001047660579,0.02768397504259
792.40913725574,-0.00169080798420201,-0.00187165323068114,0.000752065206068861,0.0504113936924672,-1.23257687775045e-05,-0.000771149239093942,-0.00122292147787721,0.0274937877163886
797.904612229097,-0.00166936134134515,-0.00185230783881983,0.000745486796378424,0.0500521694895907,-1.22041383942118e-05,-0.000765682269810055,-0.00120606869177223,0.027304899681451
803.438199137013,-0.00164816425232726,-0.00183321607902707,0.000738903615514746,0.0496956399331871,-1.20829697790027e-05,-0.000760255819038219,-0.00118944883893524,0.0271173022281367
809.01016229141,-0.00162721439162465,-0.00181437411075307,0.00073231805400361,0.04934178275588,-1.19622861468737e-05,-0.000754869559254617,-0.00117305868575123,0.0269309867012444
814.620767837254,-0.00160650944018637,-0.00179577815149308,0.000725732416063097,0.0489905758951151,-1.1842109713566e-05,-0.000749523165873701,-0.00115689504370816,0.0267459444997686
820.270283765263,-0.00158604708587629,-0.00177742447606444,0.000719148921891847,0.0486419974913977,-1.17224617233481e-05,-0.000744216317222866,-0.00114095476876798,0.0265621670766553
825.958979924714,-0.00156582502390008,-0.00175930941588677,0.000712569709907972,0.048296025886531,-1.1603362476188e-05,-0.000738948694517164,-0.00112523476074619,0.0263796459385555
831.687128036326,-0.00154584095721767,-0.00174142935826543,0.000705996838939402,0.0479526396218557,-1.1484831354324e-05,-0.000733719981834073,-0.00110973196269993,0.0261983726455785
837.455001705243,-0.00152609259694112,-0.0017237807456785,0.000699432290366395,0.0476118174364923,-1.1366886848243e-05,-0.000728529866088328,-0.00109444336032444,0.0260183388110427
843.262876434102,-0.00150657766271845,-0.00170636007506738,0.000692877970217066,0.0472735382655854,-1.12495465820768e-05,-0.000723378037006814,-0.00107936598135769,0.0258395361012264
849.111029636188,-0.00148729388310351,-0.00168916389713135,0.000686335711216618,0.0469377812385522,-1.11328273384264e-05,-0.000718264187103542,-0.00106449689499326,0.0256619562351167
854.999740648693,-0.00146823899591226,-0.00167218881562606,0.000679807274791118,0.0466045256773345,-1.10167450826226e-05,-0.000713188011654697,-0.00104983321130122,0.0254855909841579
860.92929074605,-0.00144941074856573,-0.00165543148666632,0.000673294353026535,0.0462737510946546,-1.09013149864344e-05,-0.000708149208673776,-0.00103537208065699,0.0253104321719985
866.899963153375,-0.0014308068984198,-0.0016388886180332,0.000666798570583816,0.0459454371922773,-1.07865514512323e-05,-0.000703147478886823,-0.00102111069317806,0.0251364716742377
872.91204305999,-0.00141242521308225,-0.00162255696848562,0.000660321486570753,0.045619563859276,-1.06724681306182e-05,-0.000698182525707752,-0.0010070462781684,0.0249637014181711
878.965817633049,-0.0013942634707172,-0.00160643334707663,0.000653864596371399,0.0452961111703056,-1.055907795253e-05,-0.00069325405521378,-0.000993176103570618,0.0247921133825352
885.061576031251,-0.00137631946033725,-0.00159051461247445,0.000647429333433732,0.0449750593838809,-1.04463931408301e-05,-0.000688361776120972,-0.000979497475425583,0.024621699597252
891.199609418655,-0.00135859098208357,-0.00157479767228844,0.000641017071016389,0.0446563889406624,-1.03344252363878e-05,-0.000683505399759891,-0.000966007737339576,0.0244524521431723
897.380210978585,-0.00134107584749422,-0.00155927948240007,0.00063462912389511,0.0443400804617489,-1.02231851176647e-05,-0.000678684640051371,-0.000952704269958764,0.0242843631518186
903.603675927636,-0.00132377187976094,-0.00154395704629903,0.000628266750029675,0.0440261147469771,-1.0112683020811e-05,-0.000673899213482413,-0.000939584490450961,0.0241174248051281
909.870301529772,-0.0013066769139746,-0.00152882741442464,0.000621931152192038,0.0437144727732299,-1.00029285592828e-05,-0.000669148839082207,-0.000926645851994551,0.0239516293351942
916.18038711053,-0.0012897887973597,-0.00151388768351258,0.000615623479556359,0.0434051356927524,-9.8939307429899e-06,-0.000664433238398284,-0.000913885843274498,0.0237869690240087
922.534234071309,-0.00127310538949803,-0.00149913499594702,0.000609344829251664,0.0430980848314766,-9.78569799698043e-06,-0.000659752135472801,-0.000901301987985347,0.023623436203203
928.932145903777,-0.00125662456254177,-0.00148456653911836,0.000603096247877793,0.0427933016873545,-9.67823817967407e-06,-0.000655105256818974,-0.000888891844341113,0.0234610232537891
935.374428204358,-0.00124034420141637,-0.00147017954478649,0.000596878732985372,0.0424907679287012,-9.57155860065036e-06,-0.000650492331397636,-0.000876653004591987,0.0232997226059008
941.861388688833,-0.00122426220401325,-0.00145597128844985,0.000590693234520451,0.0421904653925463,-9.46566603800136e-06,-0.000645913090593956,-0.000864583094547745,0.0231395267385343
948.39333720704,-0.00120837648137281,-0.00144193908872013,0.00058454065623452,0.0418923760829962,-9.36056675525745e-06,-0.0006413672681943,-0.000852679773107808,0.0229804281792887
954.970585757668,-0.00119268495785774,-0.00142808030670288,0.000578421857060539,0.0415964821696055,-9.25626651789392e-06,-0.000636854600363235,-0.000840940731797815,0.0228224195041069
961.593448503166,-0.00117718557131701,-0.00141439234538394,0.000572337652455663,0.0413027659857589,-9.15277060942704e-06,-0.000632374825620703,-0.000829363694312671,0.0226654933370159
968.262241784745,-0.00116187627324073,-0.00140087264902187,0.000566288815711309,0.0410112100270632,-9.05008384710775e-06,-0.000627927684819337,-0.000817946416065956,0.0225096423498671
974.977284137491,-0.00114675502890611,-0.00138751870254627,0.000560276079231207,0.0407217969497506,-8.94821059722074e-06,-0.000623512921121943,-0.000806686683745618,0.0223548592620776
981.738896305574,-0.00113181981751471,-0.00137432803096223,0.000554300135778074,0.0404345095690922,-8.84715478999727e-06,-0.000619130279979138,-0.000795582314875863,0.02220113684037
988.547401257578,-0.00111706863232124,-0.0013612981987608,0.000548361639689541,0.0401493308578229,-8.7469199341492e-06,-0.000614779509107155,-0.000784631157385168,0.0220484678985142
995.403124201917,-0.00110249948075411,-0.00134842680933553,0.000542461208063941,0.0398662439445768,-8.6475091310321e-06,-0.000610460358465811,-0.000773831089180323,0.0218968452970677
1002.30639260238,-0.0010881103845279,-0.00133571150440522,0.000536599421916586,0.0395852321123354,-8.54892508844528e-06,-0.000606172580236641,-0.000763180017726425,0.0217462619431171
1009.25753619375,-0.0010738993797481,-0.00132314996344278,0.000530776827307134,0.0393062787968855,-8.45117013407584e-06,-0.0006019159288012,-0.000752675879632759,0.0215967107900198
1016.2568869976,-0.00105986451700809,-0.00131073990311025,0.000524993936438616,0.0390293675852903,-8.35424622859462e-06,-0.000597690160719534,-0.000742316640244443,0.0214481848371452
1023.30477933808,-0.00104600386147884,-0.00129847907670012,0.000519251228728755,0.0387544822143713,-8.25815497841099e-06,-0.00059349503470883,-0.000732100293239836,0.0213006771296177
1030.40154985798,-0.00103231549299125,-0.00128636527358275,0.000513549151854101,0.0384816065692023,-8.16289764809389e-06,-0.000589330311622218,-0.000722024860233527,0.0211541807580584
1037.5475375347,-0.00101879750611163,-0.0012743963186601,0.000507888122767606,0.0382107246816161,-8.06847517246632e-06,-0.000585195754427772,-0.00071208839038494,0.0210086888583281
1044.74308369654,-0.00100544801021018,-0.00126257007182563,0.000502268528690146,0.0379418207287221,-7.97488816837982e-06,-0.000581091128187666,-0.00070228896001238,0.0208641946112711
1051.98853203895,-0.000992265129522949,-0.00125088442743052,0.000496690728076601,0.0376748790314372,-7.88213694617659e-06,-0.000577016200037513,-0.000692624672212525,0.0207206912424582
1059.28422864097,-0.000979247003207297,-0.00123933731375605,0.000491155051556963,0.0374098840530281,-7.79022152084507e-06,-0.000572970739165878,-0.000683093656485227,0.0205781720219315
1066.63052198171,-0.00096639178539111,-0.00122792669249229,0.000485661802853101,0.0371468203976673,-7.69914162287669e-06,-0.000568954516793973,-0.000673694068363608,0.0204366302639486
1074.02776295709,-0.000953697645215888,-0.00121665055822294,0.000480211259671606,0.0368856728089991,-7.60889670882935e-06,-0.000564967306155514,-0.000664424089049307,0.0202960593267284
1081.4763048965,-0.000941162766873984,-0.00120550693791646,0.000474803674573334,0.0366264261687214,-7.51948597160504e-06,-0.000561008882476779,-0.0006552819250529,0.0201564526121965
1088.97650357974,-0.000928785349640036,-0.00119449389042343,0.000469439275820068,0.0363690654951764,-7.43090835044702e-06,-0.000557079022956818,-0.000646265807839315,0.0200178035657316
1096.52871725401,-0.000916563607896909,-0.00118360950598003,0.000464118268198888,0.0361135759419574,-7.34316254066387e-06,-0.000553177506747864,-0.000637373993478278,0.0198801056759129
1104.13330665098,-0.000904495771156168,-0.00117285190571774,0.000458840833824647,0.035859942796525,-7.25624700308524e-06,-0.000549304114935904,-0.000628604762299634,0.0197433524742671
1111.79063500406,-0.00089258008407339,-0.00116221924117928,0.000453607132921138,0.0356081514788385,-7.17015997325689e-06,-0.000545458630521445,-0.000619956418553538,0.0196075375350175
1119.50106806575,-0.000880814806458337,-0.00115170969384056,0.000448417304581336,0.0353581875399981,-7.08489947037931e-06,-0.000541640838400442,-0.000611427290075406,0.0194726544748321
1127.26497412507,-0.000869198213280283,-0.00114132147463886,0.000443271467507261,0.035110036660901,-7.0004633059974e-06,-0.00053785052534542,-0.000603015727955595,0.0193386969525741
1135.0827240252,-0.000857728594668524,-0.00113105282350706,0.000438169720729864,0.0348636846509094,-6.9168490924454e-06,-0.000534087479986759,-0.000594720106213706,0.0192056586690515
1142.95469118117,-0.00084640425590834,-0.00112090200891394,0.00043311214430943,0.0346191174465317,-6.83405425105395e-06,-0.000530351492794173,-0.000586538821477502,0.0190735333667689
1150.8812515977,-0.00083522351743245,-0.0011108673274105,0.000428098800016908,0.0343763211101158,-6.75207602012394e-06,-0.00052664235605835,-0.000578470292666304,0.018942314829679
1158.86278388715,-0.000824184714808205,-0.00110094710318239,0.000423129731996639,0.0341352818285558,-6.67091146267323e-06,-0.000522959863872788,-0.000570512960678889,0.0188119968829355
1166.89966928762,-0.000813286198720576,-0.00109113968760815,0.000418204967410879,0.03389598591201,-6.59055747396089e-06,-0.000519303812115787,-0.000562665288085729,0.0186825733926462
1174.99229168114,-0.000802526334951153,-0.00108144345882352,0.000413324517066557,0.0336584197926337,-6.511010788795e-06,-0.000515673998432637,-0.000554925758825617,0.0185540382656277
1183.14103761204,-0.000791903504353218,-0.00107185682129163,0.000408488376024672,0.0334225700233221,-6.43226798862822e-06,-0.000512070222217968,-0.000547292877906517,0.0184263854491603
1191.34629630538,-0.000781416102823105,-0.001062378205379,0.000403696524192744,0.0331884232764679,-6.35432550844711e-06,-0.000508492284598287,-0.000539765171110668,0.0182996089307439
1199.60845968555,-0.00077106254126789,-0.00105300606693744,0.000398948926900696,0.0329559663427297,-6.27717964345931e-06,-0.000504939988414674,-0.000532341184703799,0.0181737027378547
1207.92792239501,-0.000760841245569644,-0.0010437388868917,0.000394245535460594,0.0327251861298143,-6.20082655558413e-06,-0.000501413138205671,-0.000525019485148485,0.0180486609377032
1216.3050818131,-0.000750750656546256,-0.00103457517083286,0.000389586287710569,0.0324960696612703,-6.12526227975056e-06,-0.000497911540190329,-0.000517798658821499,0.0179244776369922
1224.74033807505,-0.000740789229909069,-0.00102551344861744,0.000384971108543373,0.032268604075295,-6.05048273000826e-06,-0.000494435002251437,-0.000510677311735181,0.0178011469816771
1233.23409409112,-0.000730955436217337,-0.00101655227397218,0.000380399910419855,0.0320427766235528,-5.97648370545513e-06,-0.000490983333918915,-0.000503654069262703,0.0176786631567253
1241.78675556577,-0.000721247760829723,-0.00100769022410437,0.000375872593867788,0.0318185746700072,-5.90326089598679e-06,-0.000487556346353387,-0.000496727575867233,0.0175570203858782
1250.39873101711,-0.000711664703852856,-0.000998925899317867,0.000371389047966354,0.031595985689763,-5.83080988787173e-06,-0.000484153852329914,-0.000489896494834885,0.0174362129314128
1259.07043179635,-0.000702204780087158,-0.000990257922634484,0.000366949150816659,0.0313749972679228,-5.75912616915687e-06,-0.000480775666221904,-0.000483159508011465,0.0173162350939055
1267.80227210752,-0.000692866518969943,-0.000981684939420977,0.000362552769998597,0.0311555970984541,-5.68820513490743e-06,-0.000477421603985185,-0.000476515315542898,0.0171970812119957
1276.5946690272,-0.000683648464515997,-0.000973205617021389,0.000358199763014419,0.0309377729830693,-5.61804209228535e-06,-0.000474091483142246,-0.00046996263561933,0.0170787456621512
1285.44804252445,-0.000674549175255676,-0.000964818644394796,0.00035388997771932,0.0307215128301174,-5.54863226547055e-06,-0.00047078512276665,-0.000463500204222832,0.0169612228584341
1294.36281548089,-0.000665567224170639,-0.000956522731758356,0.000349623252739351,0.0305068046534871,-5.47997080042839e-06,-0.000467502343467597,-0.000457126774878656,0.0168445072522677
1303.33941371088,-0.00065670119862734,-0.000948316610235664,0.000345399417877004,0.030293636571523,-5.41205276952799e-06,-0.000464242967374671,-0.000450841118410005,0.0167285933322049
1312.37826598188,-0.000647949700308332,-0.000940199031510286,0.000341218294504734,0.0300819968059517,-5.34487317601436e-06,-0.000461006818122726,-0.000444642022696244,0.0166134756236968
1321.47980403488,-0.000639311345141527,-0.000932168767484517,0.000337079695946756,0.0298718736808219,-5.27842695833894e-06,-0.000457793720836962,-0.00043852829243454,0.016499148688863
1330.6444626051,-0.000630784763227452,-0.000924224609943206,0.000332983427849375,0.0296632556214536,-5.21270899435129e-06,-0.000454603502118129,-0.000432498748904835,0.0163856071262625
1339.87267944269,-0.000622368598764652,-0.000916365370222693,0.000328929288540179,0.0294561311534008,-5.14771410535638e-06,-0.000451435990027921,-0.000426552229738161,0.016272845570666
1349.16489533366,-0.000614061509973246,-0.000908589878884716,0.000324917069376324,0.0292504889014246,-5.08343706004011e-06,-0.0004482910140745,-0.000420687588688187,0.0161608586928287
1358.52155412096,-0.00060586216901682,-0.000900896985395326,0.000320946555082238,0.029046317588478,-5.01987257826726e-06,-0.000445168405198204,-0.000414903695406018,0.0160496411992646
1367.94310272563,-0.000597769261922639,-0.000893285557808658,0.000317017524076975,0.0288436060347015,-4.9570153347544e-06,-0.000442067995757383,-0.000409199435218134,0.0159391878320215
1377.42999116818,-0.000589781488500353,-0.000885754482455599,0.000313129748791509,0.0286423431564309,-4.89485996262198e-06,-0.000438989619514412,-0.000403573708907494,0.0158294933684577
1386.98267259009,-0.000581897562259181,-0.00087830266363722,0.000309282995976201,0.0284425179652146,-4.83340105682766e-06,-0.000435933111621841,-0.000398025432497684,0.0157205526210184
1396.60160327544,-0.00057411621032375,-0.000870929023322983,0.000305477026998723,0.0282441195668437,-4.77263317748515e-06,-0.00043289830860871,-0.000392553537040147,0.0156123604370149
1406.2872426727,-0.000566436173348566,-0.000863632500853604,0.000301711598132641,0.0280471371603911,-4.71255085307058e-06,-0.000429885048366996,-0.000387156968404371,0.0155049116984034
1416.04005341668,-0.000558856205431273,-0.000856412052648587,0.000297986460836963,0.0278515600372634,-4.65314858352032e-06,-0.000426893170138231,-0.000381834687071068,0.0153982013215658
1425.86050135065,-0.000551375074024696,-0.000849266651918306,0.000294301362026806,0.0276573775802615,-4.59442084322221e-06,-0.00042392251450025,-0.000376585667928235,0.0152922242570909
1435.74905554856,-0.000543991559847815,-0.000842195288380647,0.000290656044335493,0.0274645792626536,-4.53636208390401e-06,-0.000420972923354092,-0.000371408900070114,0.0151869754895571
1445.70618833745,-0.00053670445679565,-0.000835196967982083,0.000287050246368248,0.027273154647257,-4.47896673742103e-06,-0.000418044239911048,-0.000366303386598959,0.0150824500373162
1455.73237532004,-0.000529512571848206,-0.000828270712623207,0.000283483702947741,0.0270830933855322,-4.42222921844626e-06,-0.000415136308679847,-0.000361268144429617,0.0149786429522778
1465.8280953974,-0.00052241472497847,-0.00082141555988859,0.000279956145351678,0.0268943852166856,-4.3661439270652e-06,-0.000412248975453989,-0.000356302204096838,0.0148755493196956
1475.99383079187,-0.000515409749059581,-0.000814630562780981,0.000276467301542676,0.0267070199667834,-4.31070525127853e-06,-0.000409382087299216,-0.00035140460956532,0.0147731642579536
1486.23006707006,-0.000508496489771171,-0.000807914789459734,0.000273016896390579,0.0265209875478753,-4.25590756941436e-06,-0.000406535492541123,-0.000346574418042408,0.0146714829183548
1496.53729316606,-0.000501673805505,-0.000801267322983453,0.000269604651887482,0.0263362779571284,-4.20174525245354e-06,-0.000403709040752909,-0.000341810699793446,0.0145705004849098
1506.9160014048,-0.000494940567269879,-0.000794687261056771,0.000266230287355592,0.026152881275971,-4.14821266626946e-06,-0.000400902582743262,-0.000337112537959711,0.0144702121741268
1517.36668752555,-0.000488295658595989,-0.000788173715781236,0.000262893519648173,0.025970787669246,-4.09530417378551e-06,-0.000398115970544378,-0.000332479028378928,0.0143706132348035
1527.88985070559,-0.0004817379754386,-0.000781725813410212,0.000259594063343726,0.025789987384374,-4.04301413705192e-06,-0.000395349057400121,-0.00032790927940829,0.0142716989478187
1538.4859935841,-0.00047526642608129,-0.000775342694107796,0.000256331630933613,0.0256104707505268,-3.99133691924469e-06,-0.000392601697754308,-0.000323402411749991,0.0141734646259261
1549.15562228612,-0.000468879931038659,-0.000769023511711634,0.000253105933003272,0.0254322281778091,-3.94026688658836e-06,-0.000389873747239126,-0.000318957558279183,0.0140759056135486
1559.89924644673,-0.000462577422958642,-0.00076276743349965,0.000249916678407238,0.0252552501564512,-3.88979841020529e-06,-0.000387165062663689,-0.000314573863874388,0.0139790172865742
1570.71737923542,-0.00045635784652442,-0.000756573639960569,0.000246763574438103,0.0250795272560096,-3.83992586789292e-06,-0.000384475502002703,-0.000310250485250264,0.0138827950521523
1581.61053738059,-0.000450220158356011,-0.000750441324568244,0.000243646326989611,0.0249050501245776,-3.79064364583178e-06,-0.000381804924385284,-0.000305986590792743,0.0137872343484916
1592.57924119422,-0.000444163326911545,-0.000744369693559676,0.000240564640714022,0.024731809488005,-3.7419461402255e-06,-0.000379153190083875,-0.000301781360396474,0.0136923306446592
1603.62401459674,-0.000438186332388318,-0.000738357965716738,0.000237518219173936,0.0245597961491267,-3.69382775887542e-06,-0.000376520160503314,-0.00029763398530456,0.0135980794403801
1614.74538514202,-0.000432288166623604,-0.000732405372151486,0.0002345067649887,0.0243890009870001,-3.64628292269118e-06,-0.000373905698169998,-0.000293543667950543,0.0135044762658388
1625.94388404263,-0.000426467832995324,-0.000726511156095062,0.00023152997997557,0.0242194149561518,-3.59930606713956e-06,-0.000371309666721197,-0.00028950962180261,0.0134115166814809
1637.22004619516,-0.000420724346322555,-0.000720674572690099,0.000228587565285767,0.0240510290858325,-3.55289164363305e-06,-0.000368731930894457,-0.000285531071209987,0.0133191962778165
1648.57441020578,-0.00041505673276597,-0.000714894888786612,0.000225679221535577,0.0238838344792808,-3.50703412086014e-06,-0.000366172356517157,-0.000281607251251498,0.0132275106752249
1660.00751841599,-0.000409464029728191,-0.000709171382741282,0.000222804648932619,0.0237178223129955,-3.46172798605892e-06,-0.000363630810496148,-0.000277737407586237,0.0131364555237593
1671.51991692849,-0.000403945285754143,-0.000703503344220137,0.000219963547397448,0.023552983836017,-3.41696774623572e-06,-0.000361107160807539,-0.000273920796306357,0.0130460265029539
1683.11215563331,-0.000398499560431382,-0.000697890074004519,0.000217155616680589,0.0233893103692151,-3.3727479293304e-06,-0.000358601276486577,-0.000270156683791901,0.012956219321631
1694.78478823403,-0.000393125924290501,-0.000692330883800364,0.000214380556475166,0.023226793304588,-3.32906308532994e-06,-0.000356113027617653,-0.000266444346567704,0.01286702971771
1706.53837227424,-0.000387823458705569,-0.00068682509605066,0.000211638066525224,0.0230654241045665,-3.28590778733176e-06,-0.000353642285324412,-0.000262783071162264,0.0127784534580169
1718.37346916419,-0.000382591255794697,-0.000681372043751114,0.000208927846729901,0.0229051943013286,-3.24327663255847e-06,-0.000351188921759981,-0.000259172153968637,0.0126904863380954
1730.2906442076,-0.000377428418320713,-0.000675971070268928,0.000206249597243532,0.0227460954961205,-3.20116424332525e-06,-0.000348752810097301,-0.000255610901107242,0.0126031241820184
1742.29046662864,-0.000372334059592011,-0.000670621529164667,0.000203603018571836,0.0225881193585865,-3.15956526796173e-06,-0.000346333824519578,-0.000252098628290627,0.0125163628422011
1754.37350959913,-0.000367307303363564,-0.00066532278401715,0.000200987811664277,0.0224312576261058,-3.11847438168919e-06,-0.000343931840210822,-0.000248634660690108,0.0124301981992153
1766.54035026596,-0.000362347283738162,-0.000660074208251335,0.000198403678002731,0.0222755021031378,-3.07788628745502e-06,-0.000341546733346511,-0.000245218332804287,0.012344626161604
1778.79156977856,-0.000357453145067875,-0.00065487518496916,0.000195850319686552,0.0221208446605749,-3.03779571672539e-06,-0.000339178381084356,-0.000241848988329422,0.0122596426656982
1791.12775331676,-0.00035262404185577,-0.00064972510678325,0.000193327439514147,0.0219672772351019,-2.99819743023753e-06,-0.000336826661555156,-0.000238525980031596,0.0121752436754334
1803.54949011869,-0.000347859138657922,-0.000644623375653517,0.000190834741061174,0.0218147918285642,-2.959086218713e-06,-0.000334491453853776,-0.000235248669620697,0.0120914251821688
1816.05737350894,-0.0003431576099857,-0.000639569402726528,0.000188371928755443,0.0216633805073418,-2.92045690353294e-06,-0.000332172638030206,-0.000232016427626152,0.0120081832045056
1828.65200092687,-0.000338518640208413,-0.000634562608177684,0.000185938707948647,0.0215130354017325,-2.88230433737678e-06,-0.000329870095080738,-0.000228828633274411,0.0119255137881085
1841.33397395519,-0.000333941423456258,-0.000629602421056074,0.000183534784984984,0.02136374870534,-2.84462340482528e-06,-0.000327583706939228,-0.000225684674368137,0.0118434130055262
1854.10389834867,-0.000329425163523671,-0.000624688279132051,0.000181159867266801,0.0212155126744711,-2.80740902292932e-06,-0.000325313356468461,-0.000222583947167106,0.0117618769560147
1866.9623840631,-0.000324969073773018,-0.000619819628747416,0.000178813663317315,0.0210683196275382,-2.77065614174527e-06,-0.000323058927451615,-0.000219525856270752,0.0116809017653605
1879.91004528435,-0.000320572377038726,-0.000614995924668218,0.000176495882840526,0.02092216194447,-2.7343597448383e-06,-0.000320820304583812,-0.000216509814502383,0.0116004835857051
1892.94750045783,-0.000316234305531791,-0.000610216629940094,0.0001742062367784,0.0207770320661282,-2.69851484975441e-06,-0.000318597373463773,-0.000213535242794991,0.011520618595371
1906.0753723179,-0.000311954100744751,-0.000605481215746138,0.000171944437365393,0.0206329224937314,-2.66311650846234e-06,-0.000316390020585559,-0.00021060157007869,0.0114413029986883
1919.29428791772,-0.000307731013357079,-0.000600789161267225,0.000169710198180423,0.0204898257882851,-2.62815980776636e-06,-0.000314198133330403,-0.000207708233169702,0.0113625330258221
1932.60487865912,-0.000303564303141064,-0.000596139953544798,0.000167503234196346,0.020347734570019,-2.59363986969091e-06,-0.000312021599958642,-0.000204854676660917,0.0112843049326019
1946.00778032282,-0.000299453238868143,-0.000591533087346014,0.000165323261827027,0.0202066415178299,-2.55955185183779e-06,-0.000309860309601723,-0.000202040352813972,0.0112066150003506
1959.50363309877,-0.000295397098215748,-0.000586968065031285,0.000163169998972082,0.020066539368732,-2.52589094771734e-06,-0.000307714152254313,-0.000199264721452851,0.0111294595357162
1973.09308161673,-0.000291395167674632,-0.000582444396424101,0.000161043165059344,0.0199274209173123,-2.49265238705379e-06,-0.000305583018766484,-0.000196527249858959,0.0110528348705029
1986.77677497706,-0.000287446742456733,-0.000577961598683167,0.000158942481085168,0.0197892790151934,-2.45983143606642e-06,-0.000303466800835995,-0.00019382741266768,0.0109767373615044
2000.55536678172,-0.000283551126403544,-0.000573519196176754,0.000156867669652585,0.0196521065705018,-2.42742339772655e-06,-0.000301365391000648,-0.000191164691766366,0.0109011633903375
2014.42951516552,-0.000279707631895038,-0.000569116720359278,0.000154818455007432,0.0195158965473424,-2.395423611992e-06,-0.000299278682630738,-0.000188538576193769,0.0108261093632774
2028.39988282751,-0.000275915579759128,-0.000564753709650038,0.000152794563072481,0.0193806419652787,-2.36382745601913e-06,-0.000297206569921577,-0.000185948562040857,0.0107515717110929
2042.46713706267,-0.000272174299181695,-0.000560429709314095,0.000150795721479653,0.0192463358988201,-2.33263034435366e-06,-0.000295148947886112,-0.000183394152353042,0.0106775468888841
2056.63194979376,-0.000268483127617173,-0.00055614427134524,0.000148821659600368,0.0191129714769129,-2.30182772910076e-06,-0.000293105712347606,-0.000180874857033752,0.0106040313759197
2070.89499760343,-0.000264841410699728,-0.000551896954351042,0.000146872108574105,0.0189805418824397,-2.27141510007544e-06,-0.00029107675993242,-0.000178390192749365,0.0105310216754761
2085.25696176653,-0.000261248502154994,-0.000547687323439908,0.000144946801335214,0.018849040351722,-2.24138798493354e-06,-0.000289061988062855,-0.000175939682835461,0.0104585143146773
2099.71852828265,-0.000257703763712432,-0.000543514950110156,0.000143045472638053,0.0187184601740303,-2.21174194928438e-06,-0.000287061294950087,-0.000173522857204392,0.0103865058443356
2114.2803879089,-0.000254206565018263,-0.000539379412141038,0.00014116785908049,0.0185887946910986,-2.18247259678556e-06,-0.000285074579587168,-0.000171139252254139,0.0103149928387936
2128.94323619287,-0.000250756283549027,-0.000535280293485699,0.000139313699125849,0.0184600372966451,-2.1535755692206e-06,-0.000283101741742108,-0.000168788410778438,0.0102439718957673
2143.7077735059,-0.000247352304525736,-0.000531217184166028,0.000137482733123317,0.0183321814358977,-2.12504654655995e-06,-0.000281142681951031,-0.000166469881878169,0.0101734396361891
2158.57470507649,-0.00024399402082867,-0.000527189680169384,0.000135674703326899,0.0182052206051253,-2.09688124700628e-06,-0.000279197301511408,-0.000164183220873973,0.0101033927040533
2173.54474102402,-0.000240680832912769,-0.000523197383347139,0.000133889353912947,0.0180791483511742,-2.06907542702419e-06,-0.000277265502475358,-0.000161927989220096,0.0100338277662617
2188.61859639264,-0.000237412148723681,-0.000519239901315045,0.000132126430996324,0.0179539582710097,-2.04162488135542e-06,-0.000275347187643025,-0.000159703754419431,0.00996474151246995
2203.79699118545,-0.000234187383614424,-0.000515316847355348,0.000130385682645242,0.0178296440112625,-2.01452544301968e-06,-0.000273442260556021,-0.000157510089939744,0.00989613065493555
2219.08065039887,-0.000231005960262703,-0.000511427840320667,0.000128666858894824,0.0177061992677813,-1.98777298330199e-06,-0.000271550625490952,-0.000155346575131077,0.00982799192836635
2234.47030405729,-0.00022786730858885,-0.000507572504539566,0.000126969711759439,0.0175836177851885,-1.96136341172676e-06,-0.000269672187452996,-0.000153212795144288,0.00976032208976999
2249.9666872479,-0.000224770865674438,-0.000503750469723821,0.000125293995243843,0.0174618933564431,-1.93529267601948e-06,-0.000267806852169565,-0.000151108340850744,0.00969311791830459
2265.57054015586,-0.000221716075681512,-0.00049996137087733,0.000123639465353171,0.0173410198224061,-1.90955676205606e-06,-0.000265954526084024,-0.000149032808763122,0.00962637621513
2281.28260809959,-0.000218702389772502,-0.000496204848206661,0.000122005880101833,0.0172209910714131,-1.88415169380085e-06,-0.000264115116349484,-0.000146985800957319,0.00956009380326034
2297.10364156645,-0.000215729266030767,-0.000492480547033177,0.000120392999521335,0.0171018010388494,-1.85907353323323e-06,-0.000262288530822657,-0.000144966924995443,0.00949426752741713
2313.0343962485,-0.000212796169381816,-0.000488788117706757,0.000118800585667075,0.0169834437067316,-1.83431838026379e-06,-0.000260474678057781,-0.000142975793849896,0.00942889425388367
2329.07563307866,-0.000209902571515172,-0.000485127215521028,0.000117228402624147,0.0168659131032927,-1.80988237264001e-06,-0.000258673467300598,-0.000141012025828487,0.00936397087036005
2345.22811826701,-0.000207047950806911,-0.000481497500630143,0.0001156762165122,0.0167492033025721,-1.78576168584239e-06,-0.000256884808482414,-0.000139075244500617,0.00929949428581936
2361.49262333744,-0.00020423179224285,-0.00047789863796702,0.000114143795489362,0.0166333084240101,-1.76195253297095e-06,-0.000255108612214203,-0.000137165078624469,0.00923546143036452
2377.86992516445,-0.000201453587342409,-0.000474330297163067,0.000112630909755296,0.0165182226320473,-1.73845116462292e-06,-0.000253344789780785,-0.000135281162075227,0.00917186925508631
2394.36080601029,-0.00019871283408313,-0.000470792152469325,0.000111137331553394,0.0164039401357271,-1.71525386876171e-06,-0.000251593253135061,-0.000133423133774285,0.00910871473192201
2410.96605356231,-0.00019600903682587,-0.00046728388267904,0.00010966283517216,0.0162904551883042,-1.69235697057778e-06,-0.000249853914892309,-0.000131590637619452,0.00904599485351525
2427.6864609706,-0.000193341706240646,-0.000463805171051606,0.000108207196945795,0.0161777620868561,-1.66975683234149e-06,-0.000248126688324541,-0.000129783322416116,0.00898370663307644
2444.52282688584,-0.000190710359233157,-0.000460355705237889,0.000106770195254041,0.0160658551718995,-1.64744985324869e-06,-0.000246411487354914,-0.000128000841809377,0.00892184710424439
2461.4759554975,-0.000188114518871966,-0.000456935177206868,0.000105351610521278,0.0159547288270101,-1.62543246925891e-06,-0.000244708226552205,-0.000126242854217118,0.00886041332094855
2478.54665657221,-0.000185553714316348,-0.000453543283173612,0.00010395122521494,0.0158443774784477,-1.60370115292694e-06,-0.000243016821125341,-0.000124509022764011,0.00879940235727227
2495.73574549243,-0.000183027480744801,-0.000450179723528539,0.000102568823843247,0.0157347955947844,-1.58225241322784e-06,-0.000241337186917987,-0.00012279901521644,0.00873881130731704
2513.04404329547,-0.000180535359284224,-0.000446844202767938,0.000101204192952301,0.0156259776865367,-1.56108279537574e-06,-0.000239669240403186,-0.000121112503918323,0.00867863728506727
2530.47237671259,-0.000178076896939755,-0.000443536429425758,9.98571211225611e-05,0.0155179183058026,-1.54018888063687e-06,-0.000238012898678058,-0.000119449165727843,0.00861887742425639
2548.02157820863,-0.000175651646525264,-0.000440256116006592,9.85273989647205e-05,0.0154106120459013,-1.51956728613689e-06,-0.000236368079458554,-0.00011780868195504,0.00855952887823331
2565.69248602162,-0.000173259166594527,-0.000437002978919896,9.7214819115029e-05,0.015304053541018,-1.49921466466311e-06,-0.000234734701074262,-0.000116190738300282,0.00850058881983025
2583.48594420295,-0.000170899021373032,-0.000433776738415359,9.59191762300557e-05,0.015198237465851,-1.47912770446148e-06,-0.000233112682463264,-0.000114595024793587,0.00844205444123093
2601.4028026576,-0.000168570780690459,-0.000430577118519461,9.46402669809429e-05,0.0150931585352642,-1.45930312902901e-06,-0.000231501943167053,-0.000113021235734797,0.00838392295384011
2619.4439171848,-0.000166274019913814,-0.000427403846973143,9.33778900471537e-05,0.0149888115039422,-1.43973769690165e-06,-0.000229902403325492,-0.000111469069634564,0.00832619158815344
2637.61014951883,-0.000164008319881208,-0.000424256655170625,9.21318461097471e-05,0.014885191166049,-1.42042820143793e-06,-0.000228313983671836,-0.000109938229156181,0.00826885759362867
2655.90236737027,-0.000161773266836297,-0.000421135278099292,9.09019378441941e-05,0.0147822923548913,-1.40137147059855e-06,-0.00022673660552779,-0.000108428421058202,0.00821191823855726
2674.32144446737,-0.000159568452363363,-0.000418039454280691,8.96879699127618e-05,0.0146801099425843,-1.38256436672238e-06,-0.00022517019079863,-0.00010693935613787,0.00815537080993716
2692.86826059784,-0.000157393473323043,-0.000414968925712557,8.84897489564773e-05,0.0145786388397213,-1.36400378629872e-06,-0.000223614661968367,-0.000105470749175321,0.00809921261334615
2711.54370165082,-0.000155247931788708,-0.00041192343781191,8.73070835867004e-05,0.0144778739950472,-1.34568665973643e-06,-0.000222069942094962,-0.000104022318878577,0.00804344097281622
2730.34865965925,-0.000153131434983475,-0.000408902739359146,8.61397843763129e-05,0.0143778103951349,-1.32760995112983e-06,-0.000220535954805586,-0.00010259378782929,0.00798805323070856
2749.28403284242,-0.000151043595217861,-0.000405906582443154,8.49876638505537e-05,0.0142784430640653,-1.3097706580218e-06,-0.00021901262429193,-0.000101184882429245,0.00793304674758958
2768.35072564895,-0.000148984029828073,-0.000402934722407405,8.38505364775039e-05,0.0141797670631106,-1.29216581116412e-06,-0.000217499875305563,-9.97953328476057e-05,0.00787841890210752
2787.54964879989,-0.000146952361114931,-0.000399986917797014,8.27282186582555e-05,0.0140817774904209,-1.27479247427533e-06,-0.000215997633153334,-9.84248729688922e-05,0.00782416709087009
2806.88171933232,-0.000144948216283418,-0.000397062930306751,8.16205287167607e-05,0.0139844694807139,-1.25764774379627e-06,-0.000214505823692819,-9.70732403416783e-05,0.00777028872832265
2826.34786064308,-0.000142971227382855,-0.000394162524729988,8.05272868893962e-05,0.0138878382049681,-1.24072874864351e-06,-0.000213024373327817,-9.57401761280073e-05,0.00771678124662746
2845.94900253294,-0.000141021031247707,-0.000391285468908553,7.94483153142424e-05,0.0137918788701191,-1.22403264996071e-06,-0.000211553209003885,-9.44254250535001e-05,0.00766364209554348
2865.68608125093,-0.000139097269438999,-0.000388431533683498,7.8383438020105e-05,0.0136965867187584,-1.20755664086833e-06,-0.000210092258203928,-9.31287353581661e-05,0.00761086874230713
2885.56003953913,-0.000137199588186351,-0.000385600492846734,7.73324809152807e-05,0.0136019570288364,-1.19129794621152e-06,-0.000208641448943814,-9.18498587478868e-05,0.00755845867151371
2905.57182667768,-0.00013532763833063,-0.000382792123093548,7.62952717760949e-05,0.0135079851133676,-1.17525382230672e-06,-0.000207200709768052,-9.05885503465811e-05,0.0075064093849997
2925.72239853012,-0.000133481075267203,-0.000380006203975958,7.52716402352094e-05,0.0134146663201388,-1.1594215566867e-06,-0.000205769969745497,-8.93445686490258e-05,0.00745471840172571
2946.01271758903,-0.000131659558889805,-0.000377242517856915,7.42614177697293e-05,0.013321996031421,-1.14379846784464e-06,-0.00020434915846511,-8.81176754743385e-05,0.00740338325766036
2966.44375302203,-0.000129862753534995,-0.000374500849865315,7.32644376891047e-05,0.0132299696636833,-1.12838190497693e-06,-0.000202938206031747,-8.69076359200979e-05,0.00735240150566471
2987.01648071805,-0.000128090327927225,-0.000371780987851831,7.2280535122856e-05,0.0131385826673104,-1.11316924772525e-06,-0.000201537043061996,-8.5714218317107e-05,0.00730177071537772
3007.73188333398,-0.00012634195512449,-0.000369082722345512,7.13095470081197e-05,0.0130478305263224,-1.09815790591768e-06,-0.000200145600680056,-8.45371941847777e-05,0.00725148847310214
3028.59095034155,-0.000124617312464574,-0.000366405846511189,7.03513120770378e-05,0.0129577087580982,-1.08334531930929e-06,-0.00019876381051365,-8.33763381871387e-05,0.00720155238169149
3049.59467807464,-0.000122916081511882,-0.000363750156107616,6.9405670843992e-05,0.0128682129131005,-1.06872895732205e-06,-0.000197391604689979,-8.22314280894487e-05,0.00715196006043749
3070.74406977686,-0.000121237948004848,-0.000361115449446373,6.84724655927028e-05,0.0127793385746048,-1.05430631878444e-06,-0.000196028915831724,-8.11022447154153e-05,0.00710270914495846
3092.04013564946,-0.000119582601803929,-0.000358501527351503,6.75515403631931e-05,0.0126910813584303,-1.04007493167062e-06,-0.000194675677053069,-7.99885719050023e-05,0.00705379728708825
3113.48389289956,-0.000117949736840166,-0.000355908193119865,6.66427409386377e-05,0.0126034369126738,-1.02603235283944e-06,-0.000193331821955779,-7.88901964728261e-05,0.00700522215476614
3135.07636578881,-0.000116339051064315,-0.000353335252482197,6.57459148320958e-05,0.0125164009174459,-1.01217616777333e-06,-0.000191997284625307,-7.78069081671234e-05,0.0069569814319272
3156.8185856822,-0.000114750246396545,-0.000350782513564878,6.48609112731493e-05,0.0124299690846105,-9.98503990317185e-07,-0.000190671999626937,-7.67384996292931e-05,0.00690907281839363
3178.71159109747,-0.000113183028676697,-0.00034824978685236,6.39875811944403e-05,0.012344137157526,-9.85013462417288e-07,-0.000189355902001969,-7.56847663539928e-05,0.0068614940297666
3200.75642775457,-0.000111637107615099,-0.000345736885150286,6.3125777218133e-05,0.01225890091079,-9.71702253860461e-07,-0.000188048927263938,-7.46455066497929e-05,0.00681424279731899
3222.9541486257,-0.000110112196743928,-0.000343243623549247,6.2275353642292e-05,0.0121742561499855,-9.58568062013411e-07,-0.000186751011394866,-7.36205216003712e-05,0.0067673168678887
3245.30581398558,-0.000108608013369129,-0.000340769819389205,6.1436166427199e-05,0.0120901987114304,-9.45608611562484e-07,-0.000185462090841552,-7.26096150262494e-05,0.00672071400377276
3267.81249146208,-0.000107124278522871,-0.000338315292224525,6.06080731816038e-05,0.0120067244619292,-9.32821654253774e-07,-0.0001841821025119,-7.16125934470544e-05,0.00667443198262206
3290.47525608724,-0.000105660716916544,-0.000335879863789649,5.97909331489279e-05,0.0119238292985267,-9.20204968633794e-07,-0.000182910983771273,-7.06292660443069e-05,0.00662846859733689
3313.29519034861,-0.000104217056894289,-0.000333463357965366,5.89846071934163e-05,0.011841509148265,-9.07756359790656e-07,-0.000181648672438891,-6.96594446247203e-05,0.00658282165596301
3336.27338424092,-0.000102793030387063,-0.000331065600745693,5.81889577862551e-05,0.011759759967942,-8.95473659095963e-07,-0.000180395106784256,-6.87029435840129e-05,0.00653748898158864
3359.41093531822,-0.000101388372867222,-0.000328686420205328,5.7403848991654e-05,0.0116785777438722,-8.83354723947342e-07,-0.00017915022552361,-6.77595798712148e-05,0.00649246841224185
3382.70894874623,-0.000100002823303634,-0.000326325646467698,5.66291464529041e-05,0.0115979584916512,-8.71397437511824e-07,-0.000177913967816434,-6.68291729534752e-05,0.00644775780078893
3406.16853735517,-9.86361241173e-05,-0.000323983111673554,5.58647173784135e-05,0.0115178982559203,-8.59599708469992e-07,-0.000176686273261967,-6.59115447813504e-05,0.00640335501483315
3429.7908216929,-9.72880211374981e-05,-0.000321658649950141,5.51104305277323e-05,0.0114383931101352,-8.47959470761093e-07,-0.000175467081895771,-6.50065197545778e-05,0.00635925793661449
3453.57693007845,-9.59582635584229e-05,-0.000319352097380895,5.4366156197565e-05,0.011359439156336,-8.36474683329051e-07,-0.000174256334186314,-6.41139246883185e-05,0.00631546446290971
3477.5279986559,-9.46466038963384e-05,-0.00031706329197569,5.36317662077819e-05,0.0112810325249196,-8.25143329869517e-07,-0.000173053971031596,-6.32335887798696e-05,0.00627197250493339
3501.64517144866,-9.33527979472268e-05,-0.0003147920736416,5.29071338874339e-05,0.0112031693744143,-8.13963418577988e-07,-0.000171859933755798,-6.23653435758378e-05,0.00622877998823947
3525.92960041413,-9.20766047449281e-05,-0.000312538284154184,5.21921340607704e-05,0.0111258458912564,-8.02932981898996e-07,-0.000170674164105968,-6.15090229397627e-05,0.00618588485262338
3550.38244549867,-9.08177865197766e-05,-0.000310301767129271,5.14866430332732e-05,0.0110490582895694,-7.92050076276499e-07,-0.000169496604248732,-6.06644630201935e-05,0.00614328505202508
3575.00487469309,-8.95761086577154e-05,-0.000308082367995246,5.07905385777034e-05,0.0109728028109443,-7.81312781905434e-07,-0.000168327196767037,-5.98315022192019e-05,0.00610097855443243
3599.79806408833,-8.83513396598989e-05,-0.000305879933965823,5.01036999201725e-05,0.0108970757242233,-7.70719202484551e-07,-0.000167165884656925,-5.90099811613347e-05,0.00605896334178548
3624.76319793175,-8.71432511027655e-05,-0.000303694314013292,4.9426007726235e-05,0.0108218733252842,-7.60267464970495e-07,-0.000166012611324333,-5.81997426629919e-05,0.00601723740988117
3649.9014686836,-8.59516175985882e-05,-0.000301525358842242,4.87573440870132e-05,0.0107471919368278,-7.49955719333234e-07,-0.00016486732058193,-5.74006317022314e-05,0.0059757987682789
3675.21407707406,-8.47762167564869e-05,-0.000299372920863738,4.80975925053531e-05,0.0106730279081669,-7.39782138312834e-07,-0.000163729956645966,-5.6612495388988e-05,0.00593464544020646
3700.7022321605,-8.36168291439099e-05,-0.00029723685416996,4.74466378820182e-05,0.0105993776150173,-7.29744917177637e-07,-0.000162600464133172,-5.58351829357071e-05,0.0058937754624669
3726.36715138533,-8.24732382485683e-05,-0.000295117014509274,4.68043665019222e-05,0.0105262374592905,-7.19842273483842e-07,-0.000161478788057667,-5.50685456283814e-05,0.00585318688534571
3752.21006063407,-8.134523044083e-05,-0.000293013259261748,4.6170666020408e-05,0.010453603868889,-7.10072446836581e-07,-0.000160364873827906,-5.43124367979903e-05,0.0058128777725189
3778.23219429398,-8.02325949365584e-05,-0.000290925447415089,4.55454254495698e-05,0.0103814732975028,-7.00433698652428e-07,-0.000159258667243648,-5.35667117923313e-05,0.00577284620096147
3804.43479531291,-7.91351237604014e-05,-0.000288853439541006,4.49285351446297e-05,0.0103098422244079,-6.90924311923476e-07,-0.000158160114492959,-5.28312279482442e-05,0.00573309026085668
3830.81911525882,-7.80526117095168e-05,-0.000286797097771978,4.43198867903634e-05,0.0102387071542673,-6.81542590982897e-07,-0.000157069162149229,-5.21058445642148e-05,0.00569360805550573
3857.3864143794,-7.69848563177389e-05,-0.000284756285778434,4.37193733875846e-05,0.0101680646169327,-6.72286861272115e-07,-0.000155985757168233,-5.13904228733608e-05,0.00565439770123829
3884.13796166242,-7.59316578201728e-05,-0.000282730868746321,4.3126889239686e-05,0.0100979111672493,-6.6315546910952e-07,-0.000154909846885197,-5.06848260167882e-05,0.00561545732732339
3911.07503489621,-7.48928191182212e-05,-0.00028072071335507,4.25423299392434e-05,0.0100282433848612,-6.54146781460822e-07,-0.000153841379011912,-4.99889190173178e-05,0.00557678507588108
3938.19892073078,-7.386814574503e-05,-0.000278725687755932,4.19655923546812e-05,0.00995905787401938,-6.45259185711e-07,-0.000152780301633853,-4.93025687535724e-05,0.00553837910179455
3965.51091473924,-7.28574458313588e-05,-0.000276745661550707,4.13965746170063e-05,0.00989035126339104,-6.3649108943793e-07,-0.000151726563207343,-4.86256439344244e-05,0.00550023757262302
3993.0123214797,-7.18605300718599e-05,-0.000274780505770824,4.08351761066072e-05,0.00982212020587086,-6.27840920187627e-07,-0.00015068011255672,-4.79580150737932e-05,0.00546235866851498
4020.70445455755,-7.08772116917746e-05,-0.000272830092856789,4.02812974401267e-05,0.00975436137839393,-6.19307125251219e-07,-0.000149640898871553,-4.72995544657942e-05,0.00542474058212225
4048.58863668828,-6.99073064140303e-05,-0.000270894296637989,3.97348404574033e-05,0.00968707148175019,-6.10888171443557e-07,-0.00014860887170386,-4.66501361602272e-05,0.00538738151851439
4076.66619976054,-6.89506324267443e-05,-0.000268972992312844,3.91957082084905e-05,0.00962024724040083,-6.02582544883573e-07,-0.000147583980965368,-4.60096359384067e-05,0.00535027969509394
4104.93848489989,-6.80070103511222e-05,-0.000267066056429293,3.86638049407479e-05,0.00955388540229605,-5.94388750776326e-07,-0.000146566176924782,-4.53779312893223e-05,0.00531343334151196
4133.40684253274,-6.70762632097534e-05,-0.000265173366865627,3.81390360860141e-05,0.00948798273869476,-5.86305313196795e-07,-0.000145555410205092,-4.47549013861321e-05,0.00527684069958436
4162.07263245095,-6.61582163952923e-05,-0.00026329480281164,3.76213082478549e-05,0.00942253604398555,-5.78330774875386e-07,-0.000144551631780889,-4.41404270629767e-05,0.00524050002320866
4190.93722387671,-6.52526976395303e-05,-0.000261430244750109,3.71105291888954e-05,0.00935754213550962,-5.70463696985223e-07,-0.000143554792975718,-4.35343907921169e-05,0.0052044095782814
4220.00199552799,-6.43595369828434e-05,-0.00025957957443859,3.66066078182313e-05,0.00929299785338492,-5.62702658931141e-07,-0.000142564845459443,-4.2936676661383e-05,0.00516856764261601
4249.26833568435,-6.34785667440227e-05,-0.000257742674891521,3.61094541789269e-05,0.00922890006033219,-5.55046258140499e-07,-0.000141581741245641,-4.23471703519394e-05,0.00513297250586133
4278.73764225332,-6.26096214904735e-05,-0.000255919430362637,3.56189794355939e-05,0.00916524564150224,-5.4749310985571e-07,-0.000140605432689013,-4.17657591163523e-05,0.00509762246942059
4308.41132283705,-6.17525380087879e-05,-0.000254109726327677,3.513509586206e-05,0.00910203150430506,-5.40041846928577e-07,-0.000139635872482827,-4.11923317569634e-05,0.00506251584637106
4338.2907947997,-6.09071552756784e-05,-0.00025231344946739,3.46577168291208e-05,0.00903925457824007,-5.3269111961639e-07,-0.000138673013656367,-4.06267786045587e-05,0.00502765096138405
4368.37748533501,-6.00733144292776e-05,-0.000250530487650828,3.41867567923827e-05,0.0089769118147283,-5.25439595379814e-07,-0.000137716809572422,-4.00689914973348e-05,0.00499302615064571
4398.67283153455,-5.92508587407899e-05,-0.000248760729918922,3.37221312801917e-05,0.00891500018694558,-5.18285958682543e-07,-0.000136767213924783,-3.95188637601523e-05,0.00495863976177807
4429.17828045629,-5.84396335865024e-05,-0.000247004066468334,3.32637568816552e-05,0.00885351668965762,-5.11228910792769e-07,-0.000135824180735765,-3.89762901840785e-05,0.00492449015376089
4459.89528919383,-5.76394864201395e-05,-0.000245260388635586,3.28115512347508e-05,0.00879245833905618,-5.04267169586406e-07,-0.000134887664353753,-3.84411670062092e-05,0.00489057569685381
4490.82532494586,-5.68502667455681e-05,-0.000243529588881454,3.23654330145297e-05,0.0087318221725969,-4.97399469352126e-07,-0.000133957619450766,-3.79133918897716e-05,0.00485689477251921
4521.96986508636,-5.60718260898413e-05,-0.00024181156077562,3.19253219214087e-05,0.0086716052488384,-4.90624560598163e-07,-0.00013303400102004,-3.73928639044993e-05,0.00482344577334544
4553.33039723509,-5.53040179765825e-05,-0.000240106198981596,3.14911386695583e-05,0.00861180464728293,-4.83941209860926e-07,-0.000132116764373637,-3.68794835072799e-05,0.00479022710297072
4584.90841932869,-5.45466978997008e-05,-0.000238413399241881,3.10628049753807e-05,0.00855241746821815,-4.77348199515369e-07,-0.000131205865140066,-3.63731525230678e-05,0.00475723717600737
4616.7054396922,-5.37997232974411e-05,-0.000236733058363388,3.06402435460836e-05,0.00849344083256058,-4.70844327587178e-07,-0.000130301259261933,-3.58737741260618e-05,0.00472447441796674
4648.72297711114,-5.30629535267557e-05,-0.000235065074203093,3.02233780683464e-05,0.0084348718817001,-4.64428407566704e-07,-0.000129402902993603,-3.53812528211405e-05,0.00469193726518453
4680.96256090399,-5.23362498380046e-05,-0.000233409345653944,2.98121331970825e-05,0.00837670777734609,-4.580992682247e-07,-0.000128510752898887,-3.48954944255557e-05,0.00465962416474665
4713.42573099534,-5.16194753499697e-05,-0.000231765772630988,2.94064345442948e-05,0.00831894570137456,-4.51855753429821e-07,-0.000127624765848743,-3.4416406050876e-05,0.00462753357441558
4746.11403798933,-5.09124950251896e-05,-0.000230134256057741,2.90062086680273e-05,0.00826158285567693,-4.45696721967897e-07,-0.000126744899019002,-3.39438960851815e-05,0.00459566396255725
4779.02904324382,-5.02151756456028e-05,-0.000228514697852772,2.86113830614116e-05,0.00820461646200975,-4.39621047362964e-07,-0.000125871109888108,-3.3477874175502e-05,0.00456401380806834
4812.17231894485,-4.95273857885022e-05,-0.000226907000916526,2.82218861418091e-05,0.00814804376184608,-4.33627617700074e-07,-0.000125003356234881,-3.3018251210499e-05,0.00453258160030422
4845.54544818188,-4.88489958027923e-05,-0.000225311069118344,2.78376472400486e-05,0.00809186201622774,-4.27715335449834e-07,-0.000124141596136292,-3.2564939303385e-05,0.00450136583900721
4879.1500250233,-4.81798777855499e-05,-0.000223726807283715,2.74585965897599e-05,0.00803606850561911,-4.21883117294715e-07,-0.000123285787965266,-3.21178517750788e-05,0.0044703650342354
4912.98765459257,-4.75199055588822e-05,-0.000222154121181733,2.70846653168036e-05,0.00798066052976212,-4.161298939571e-07,-0.000122435890388494,-3.1676903137594e-05,0.00443957770629204
4947.05995314498,-4.68689546470783e-05,-0.000220592917512748,2.67157854287956e-05,0.00792563540753223,-4.10454610029055e-07,-0.000121591862364267,-3.12420090776542e-05,0.00440900238565521
4981.36854814472,-4.62269022540541e-05,-0.000219043103896242,2.63518898047296e-05,0.00787099047679604,-4.0485622380385e-07,-0.000120753663140331,-3.08130864405362e-05,0.00437863761290817
5015.91507834275,-4.55936272410825e-05,-0.000217504588858881,2.59929121846931e-05,0.00781672309426961,-3.99333707109175e-07,-0.000119921252251749,-3.03900532141341e-05,0.00434848193867005
5050.70119385496,-4.49690101048103e-05,-0.000215977281822781,2.56387871596815e-05,0.00776283063537845,-3.93886045142104e-07,-0.000119094589518797,-2.99728285132449e-05,0.00431853392352708
5085.72855624109,-4.4352932955554e-05,-0.000214461093093947,2.52894501615055e-05,0.00770931049411828,-3.88512236305728e-07,-0.000118273635044858,-2.95613325640684e-05,0.00428879213796423
5120.998838584,-4.37452794958759e-05,-0.00021295593385092,2.49448374527971e-05,0.00765616008291726,-3.83211292047517e-07,-0.000117458349214351,-2.91554866889228e-05,0.00425925516229739
5156.51372556965,-4.31459349994314e-05,-0.000211461716133592,2.46048861171076e-05,0.0076033768324991,-3.77982236699344e-07,-0.000116648692690664,-2.87552132911689e-05,0.0042299215866059
5192.27491356752,-4.25547862900914e-05,-0.000209978352832207,2.42695340491041e-05,0.00755095819174762,-3.72824107319215e-07,-0.000115844626414109,-2.83604358403442e-05,0.00420079001066569
5228.28411071172,-4.19717217213288e-05,-0.000208505757676545,2.39387199448586e-05,0.00749890162757206,-3.67735953534645e-07,-0.000115046111599896,-2.79710788574996e-05,0.00417185904388269
5264.54303698245,-4.13966311558738e-05,-0.000207043845225276,2.36123832922335e-05,0.00744720462477392,-3.62716837387716e-07,-0.000114253109736118,-2.75870679007396e-05,0.00414312730522691
5301.0534242883,-4.08294059456269e-05,-0.000205592530855483,2.32904643613601e-05,0.00739586468591451,-3.57765833181765e-07,-0.000113465582581754,-2.72083295509612e-05,0.00411459342316673
5337.81701654885,-4.02699389118346e-05,-0.000204151730752359,2.29729041952137e-05,0.00734487933118392,-3.52882027329743e-07,-0.000112683492164692,-2.68347913977891e-05,0.00408625603560383
5374.83556977805,-3.97181243255167e-05,-0.000202721361899063,2.26596446002795e-05,0.00729424609827078,-3.48064518204171e-07,-0.000111906800779762,-2.64663820257048e-05,0.00405811378980845
5412.11085216805,-3.91738578881492e-05,-0.000201301342066745,2.23506281373152e-05,0.00724396254223343,-3.43312415988745e-07,-0.000111135470986789,-2.61030310003671e-05,0.00403016534235519
5449.64464417369,-3.86370367125945e-05,-0.000199891589804724,2.2045798112204e-05,0.00719402623537173,-3.38624842531539e-07,-0.000110369465608661,-2.57446688551197e-05,0.00400240935905909
5487.43873859751,-3.81075593042795e-05,-0.000198492024430825,2.17450985669035e-05,0.00714443476710037,-3.34000931199812e-07,-0.000109608747729409,-2.53912270776869e-05,0.00397484451491234
5525.49494067543,-3.75853255426158e-05,-0.00019710256602187,2.14484742704838e-05,0.0070951857438228,-3.29439826736397e-07,-0.000108853280692308,-2.50426380970499e-05,0.00394746949402122
5563.81506816292,-3.70702366626619e-05,-0.000195723135404319,2.11558707102606e-05,0.00704627678880656,-3.24940685117688e-07,-0.000108103028097988,-2.46988352705062e-05,0.00392028298954367
5602.40095142188,-3.65621952370212e-05,-0.000194353654145055,2.08672340830176e-05,0.00699770554205927,-3.20502673413165e-07,-0.000107357953802565,-2.43597528709048e-05,0.00389328370362711
5641.254433508,-3.6061105157977e-05,-0.000192994044542323,2.05825112863218e-05,0.00694946966020598,-3.16124969646503e-07,-0.000106618021915779,-2.40253260740603e-05,0.00386647034734681
5680.37737025889,-3.55668716198565e-05,-0.000191644229616803,2.03016499099285e-05,0.00690156681636721,-3.11806762658208e-07,-0.00010588319679916,-2.36954909463363e-05,0.00383984164064457
5719.77163038263,-3.50794011016273e-05,-0.000190304133102828,2.00245982272771e-05,0.00685399470003824,-3.07547251969799e-07,-0.000105153443064192,-2.33701844324042e-05,0.00381339631226795
5759.43909554709,-3.45986013497165e-05,-0.000188973679439737,1.97513051870758e-05,0.00680675101696909,-3.03345647649496e-07,-0.000104428725570506,-2.30493443431662e-05,0.00378713309970976
5799.38166046975,-3.41243813610566e-05,-0.000187652793763365,1.94817204049771e-05,0.00675983348904582,-2.99201170179438e-07,-0.000103709009424078,-2.27329093438484e-05,0.00376105074914811
5839.60123300829,-3.36566513663492e-05,-0.00018634140189766,1.92157941553401e-05,0.00671323985417242,-2.95113050324378e-07,-0.000102994259975447,-2.24208189422546e-05,0.00373514801538674
5880.09973425162,-3.31953228135498e-05,-0.000185039430346443,1.89534773630827e-05,0.00666696786615397,-2.91080529001888e-07,-0.000102284442817941,-2.21130134771846e-05,0.00370942366179588
5920.87909861173,-3.27403083515648e-05,-0.000183746806285278,1.86947215956203e-05,0.00662101529458049,-2.87102857154013e-07,-0.000101579523785925,-2.18094341070095e-05,0.0036838764602534
5961.94127391598,-3.22915218141642e-05,-0.000182463457553483,1.84394790548924e-05,0.00657537992471193,-2.83179295620415e-07,-0.000100879468953056,-2.15100227984063e-05,0.00365850519108644
6003.28822150028,-3.18488782041016e-05,-0.000181189312646255,1.81877025694751e-05,0.00653005955736387,-2.7930911501294e-07,-0.000100184244630552,-2.12147223152461e-05,0.00363330864301337
6044.92191630263,-3.14122936774444e-05,-0.000179924300706919,1.793934558678e-05,0.00648505200879437,-2.75491595591652e-07,-9.94938173654817e-05,-2.09234762076359e-05,0.00360828561308624
6086.84434695757,-3.09816855281065e-05,-0.000178668351519299,1.76943621653384e-05,0.00644035511059145,-2.71726027142265e-07,-9.88081539390562e-05,-2.06362288011112e-05,0.00358343490663351
6129.05751589107,-3.05569721725856e-05,-0.000177421395500199,1.74527069671703e-05,0.00639596670956177,-2.68011708855017e-07,-9.81272213649457e-05,-2.03529251859775e-05,0.0035587553372033
6171.56343941625,-3.01380731348982e-05,-0.000176183363692003,1.72143352502374e-05,0.00635188466761992,-2.6434794920492e-07,-9.74509868876003e-05,-2.00735112067979e-05,0.00353424572650685
6214.36414782964,-2.97249090317143e-05,-0.000174954187755387,1.69792028609804e-05,0.00630810686167878,-2.60734065833425e-07,-9.67794179805897e-05,-1.97979334520261e-05,0.00350990490436259
6257.46168550822,-2.93174015576849e-05,-0.000173733799962143,1.67472662269383e-05,0.00626463118354063,-2.57169385431443e-07,-9.61124823449516e-05,-1.95261392437813e-05,0.00348573170864037
6300.85811100697,-2.89154734709635e-05,-0.000172522133188106,1.65184823494511e-05,0.00622145553978922,-2.5365324362375e-07,-9.54501479075571e-05,-1.92580766277648e-05,0.00346172498520625
6344.55549715731,-2.8519048578917e-05,-0.000171319120906195,1.62928087964431e-05,0.00617857785168259,-2.50184984854728e-07,-9.47923828194842e-05,-1.89936943633145e-05,0.00343788358786751
6388.55593116599,-2.8128051724025e-05,-0.000170124697179556,1.60702036952893e-05,0.00613599605504685,-2.46763962275462e-07,-9.41391554544086e-05,-1.87329419135967e-05,0.00341420637831823
6432.86151471492,-2.77424087699633e-05,-0.000168938796654801,1.58506257257597e-05,0.00609370810017067,-2.43389537632156e-07,-9.34904344070025e-05,-1.84757694359323e-05,0.00339069222608497
6477.47436406142,-2.73620465878721e-05,-0.000167761354555363,1.56340341130457e-05,0.00605171195170074,-2.40061081155873e-07,-9.28461884913499e-05,-1.82221277722575e-05,0.00336734000847315
6522.39661013943,-2.69868930428031e-05,-0.000166592306674933,1.54203886208645e-05,0.00601000558853791,-2.36777971453569e-07,-9.22063867393701e-05,-1.79719684397135e-05,0.00334414861051346
6567.63039866118,-2.6616876980347e-05,-0.00016543158937101,1.52096495446432e-05,0.00596858700373427,-2.33539595400431e-07,-9.15709983992571e-05,-1.77252436213683e-05,0.00332111692490895
6613.17789021977,-2.62519282134358e-05,-0.000164279139558533,1.5001777704779e-05,0.00592745420439092,-2.30345348033485e-07,-9.09399929339278e-05,-1.74819061570639e-05,0.00329824385198218
6659.0412603923,-2.589197750932e-05,-0.000163134894703623,1.47967344399791e-05,0.00588660521155667,-2.27194632446481e-07,-9.0313340019485e-05,-1.72419095343909e-05,0.00327552829962304
6705.22269984387,-2.55369565767168e-05,-0.000161998792817398,1.45944816006751e-05,0.00584603806012738,-2.24086859686017e-07,-8.96910095436893e-05,-1.70052078797861e-05,0.00325296918323662
6751.7244144321,-2.51867980531291e-05,-0.000160870772449897,1.43949815425151e-05,0.00580575079874625,-2.21021448648931e-07,-8.90729716044455e-05,-1.67717559497543e-05,0.00323056542569169
6798.54862531261,-2.48414354923308e-05,-0.000159750772684079,1.41981971199297e-05,0.00576574148970472,-2.17997825980901e-07,-8.84591965082981e-05,-1.65415091222085e-05,0.00320831595726939
6845.69756904508,-2.45008033520184e-05,-0.000158638733129921,1.40040916797739e-05,0.00572600820884426,-2.15015425976275e-07,-8.78496547689401e-05,-1.63144233879313e-05,0.00318621971561226
6893.17349769999,-2.41648369816257e-05,-0.000157534593918596,1.38126290550424e-05,0.0056865490454589,-2.12073690479108e-07,-8.72443171057329e-05,-1.60904553421529e-05,0.00316427564567378
6940.97867896634,-2.3833472610299e-05,-0.000156438295696734,1.36237735586584e-05,0.00564736210219847,-2.09172068785391e-07,-8.66431544422357e-05,-1.58695621762446e-05,0.00314248269966802
6989.11539625983,-2.3506647335033e-05,-0.000155349779620773,1.34374899773352e-05,0.00560844549497264,-2.06310017546465e-07,-8.60461379047495e-05,-1.56517016695276e-05,0.00312083983701982
7037.58594883204,-2.31842991089618e-05,-0.00015426898735138,1.32537435655095e-05,0.00556979735285564,-2.03487000673601e-07,-8.54532388208683e-05,-1.54368321811931e-05,0.00309934602431524
7086.39265188015,-2.28663667298071e-05,-0.000153195861047969,1.30725000393472e-05,0.00553141581799182,-2.0070248924375e-07,-8.48644287180445e-05,-1.5224912642335e-05,0.00307800023525235
7135.53783665763,-2.25527898284782e-05,-0.000152130343363282,1.28937255708181e-05,0.00549329904550182,-1.97955961406429e-07,-8.42796793221631e-05,-1.50159025480907e-05,0.00305680145059233
7185.02385058548,-2.22435088578236e-05,-0.000151072377438056,1.27173867818427e-05,0.00545544520338955,-1.95246902291748e-07,-8.36989625561281e-05,-1.48097619498917e-05,0.003035748658111
7234.85305736446,-2.1938465081532e-05,-0.000150021906895763,1.25434507385068e-05,0.00541785247244981,-1.92574803919556e-07,-8.31222505384582e-05,-1.46064514478187e-05,0.00301484085255053
7285.02783708791,-2.16376005631808e-05,-0.000148978875837427,1.23718849453461e-05,0.00538051904617674,-1.89939165109715e-07,-8.25495155818951e-05,-1.44059321830642e-05,0.00299407703557166
7335.55058635552,-2.13408581554295e-05,-0.000147943228836513,1.2202657339698e-05,0.00534344313067279,-1.87339491393445e-07,-8.19807301920196e-05,-1.42081658304966e-05,0.00297345621570608
7386.42371838768,-2.10481814893573e-05,-0.00014691491093389,1.20357362861213e-05,0.0053066229445586,-1.84775294925791e-07,-8.1415867065881e-05,-1.40131145913279e-05,0.00295297740830926
7437.64966314091,-2.07595149639421e-05,-0.000145893867632858,1.18710905708827e-05,0.00527005671888336,-1.82246094399142e-07,-8.08548990906345e-05,-1.38207411858818e-05,0.00293263963551351
7489.23086742376,-2.047480373568e-05,-0.000144880044894258,1.17086893965096e-05,0.00523374269703604,-1.79751414957831e-07,-8.02977993421908e-05,-1.36310088464615e-05,0.00291244192618144
7541.16979501382,-2.01939937083418e-05,-0.000143873389131638,1.15485023764076e-05,0.00519767913465714,-1.77290788113783e-07,-7.97445410838736e-05,-1.34438813103147e-05,0.00289238331585967
7593.46892677528,-1.99170315228676e-05,-0.000142873847206492,1.13904995295443e-05,0.00516186429955126,-1.74863751663205e-07,-7.91950977650902e-05,-1.3259322812697e-05,0.00287246284673293
7646.13076077758,-1.96438645473939e-05,-0.000141881366423564,1.12346512751957e-05,0.00512629647160017,-1.72469849604319e-07,-7.86494430200082e-05,-1.30772980800288e-05,0.00285267956757838
7699.15781241454,-1.9374440867416e-05,-0.000140895894526221,1.10809284277575e-05,0.00509097394267675,-1.701086320561e-07,-7.81075506662467e-05,-1.28977723231478e-05,0.00283303253372035
7752.55261452471,-1.9108709276079e-05,-0.000139917379691883,1.09293021916186e-05,0.00505589501655933,-1.67779655178035e-07,-7.75693947035726e-05,-1.27207112306532e-05,0.00281352080698529
7806.31771751215,-1.88466192646006e-05,-0.000138945770527521,1.07797441560968e-05,0.00502105800884696,-1.65482481090883e-07,-7.70349493126105e-05,-1.25460809623426e-05,0.00279414345565711
7860.45568946846,-1.85881210128199e-05,-0.000137981016065213,1.06322262904368e-05,0.00498646124687503,-1.63216677798408e-07,-7.65041888535598e-05,-1.23738481427374e-05,0.00277489955443275
7914.96911629522,-1.83331653798736e-05,-0.000137023065757768,1.04867209388688e-05,0.00495210306963182,-1.6098181911011e-07,-7.59770878649229e-05,-1.22039798546993e-05,0.00275578818437815
7969.86060182773,-1.80817038949955e-05,-0.000136071869474401,1.03432008157272e-05,0.0049179818276754,-1.58777484564902e-07,-7.54536210622415e-05,-1.20364436331329e-05,0.0027368084328844
8025.13276795918,-1.78336887484407e-05,-0.000135127377496471,1.02016390006297e-05,0.00488409588305141,-1.56603259355763e-07,-7.49337633368438e-05,-1.18712074587756e-05,0.00271795939362432
8080.78825476607,-1.75890727825286e-05,-0.000134189540513278,1.00620089337152e-05,0.00485044360921126,-1.54458734255314e-07,-7.44174897545992e-05,-1.17082397520729e-05,0.00269924016650923
8136.82972063413,-1.73478094828081e-05,-0.000133258309617913,9.92428441093997e-06,0.0048170233909311,-1.52343505542348e-07,-7.39047755546848e-05,-1.15475093671377e-05,0.00268064985764607
8193.25984238548,-1.71098529693392e-05,-0.000132333636303168,9.78843957943241e-06,0.00478383362423127,-1.50257174929272e-07,-7.3395596148358e-05,-1.1388985585793e-05,0.00266218757929479
8250.08131540631,-1.68751579880923e-05,-0.000131415472457499,9.65444893290441e-06,0.00475087271629646,-1.48199349490469e-07,-7.28899271177412e-05,-1.12326381116957e-05,0.00264385244982611
8307.29685377578,-1.66436799024618e-05,-0.000130503770361039,9.52228730711963e-06,0.00471813908539638,-1.46169641591558e-07,-7.23877442146131e-05,-1.10784370645421e-05,0.0026256435936794
8364.90919039556,-1.64153746848939e-05,-0.000129598482681674,9.39192987541809e-06,0.00468563116080715,-1.44167668819554e-07,-7.18890233592105e-05,-1.09263529743529e-05,0.00260756014132104
8422.92107712043,-1.61901989086263e-05,-0.00012869956247116,9.26335214429569e-06,0.00465334738273308,-1.421930539139e-07,-7.13937406390379e-05,-1.07763567758358e-05,0.00258960122920295
8481.33528488963,-1.59681097395388e-05,-0.000127806963161298,9.13652994903935e-06,0.00462128620222929,-1.40245424698388e-07,-7.09018723076874e-05,-1.06284198028271e-05,0.00257176599972141
8540.15460385936,-1.57490649281122e-05,-0.000126920638560159,9.01143944941551e-06,0.00458944608112465,-1.38324414013924e-07,-7.0413394783665e-05,-1.04825137828084e-05,0.00255405360117621
8599.38184353586,-1.55330228014966e-05,-0.000126040542848355,8.88805712541317e-06,0.00455782549194553,-1.36429659652165e-07,-6.99282846492284e-05,-1.03386108314997e-05,0.00253646318773007
8659.01983290984,-1.53199422556847e-05,-0.000125166630575366,8.76635977303935e-06,0.0045264229178399,-1.34560804289983e-07,-6.94465186492303e-05,-1.01966834475258e-05,0.00251899391936828
8719.07142059136,-1.51097827477904e-05,-0.000124298856655904,8.6463245001676e-06,0.00449523685250223,-1.3271749542477e-07,-6.89680736899735e-05,-1.00567045071571e-05,0.0025016449618587
8779.53947494611,-1.49025042884316e-05,-0.000123437176366333,8.52792872243791e-06,0.00446426580009866,-1.30899385310571e-07,-6.8492926838071e-05,-9.91864725912143e-06,0.00248441548671196
8840.42688423224,-1.46980674342146e-05,-0.000122581545341137,8.41115015920854e-06,0.00443350827519308,-1.29106130895023e-07,-6.80210553193179e-05,-9.7824853194888e-06,0.002467304671142
8901.73655673848,-1.44964332803196e-05,-0.000121731919569423,8.29596682955803e-06,0.00440296280267341,-1.273373937571e-07,-6.75524365175683e-05,-9.64819266662482e-06,0.00245031169802682
8963.47142092288,-1.42975634531862e-05,-0.000120888255391479,8.18235704833801e-06,0.00437262791767868,-1.2559284004566e-07,-6.70870479736236e-05,-9.51574363621462e-06,0.00243343575586954
9025.63442555289,-1.41014201032962e-05,-0.000120050509495373,8.07029942227511e-06,0.00434250216552651,-1.2387214041877e-07,-6.66248673841261e-05,-9.38511291635455e-06,0.00241667603875971
9088.228539846,-1.39079658980547e-05,-0.000119218638913594,7.95977284612256e-06,0.00431258410164122,-1.22174969983816e-07,-6.61658726004631e-05,-9.25627554271177e-06,0.0024000317463349
9151.25675361174,-1.37171640147658e-05,-0.000118392601019736,7.85075649885959e-06,0.00428287229148238,-1.20501008238367e-07,-6.57100416276768e-05,-9.1292068937499e-06,0.00238350208374253
9214.72207739435,-1.35289781337034e-05,-0.000117572353525228,7.74322983993967e-06,0.00425336531047398,-1.1884993901182e-07,-6.52573526233848e-05,-9.00388268602081e-06,0.00236708626160196
9278.6275426167,-1.33433724312747e-05,-0.000116757854476099,7.63717260558541e-06,0.00422406174393406,-1.1722145040777e-07,-6.48077838967055e-05,-8.8802789695206e-06,0.00235078349596689
9342.97620172496,-1.31603115732768e-05,-0.000115949062249791,7.53256480513094e-06,0.00419496018700488,-1.15615234747137e-07,-6.43613139071944e-05,-8.75837212310988e-06,0.00233459300828796
9407.77112833456,-1.2979760708242e-05,-0.000115145935552002,7.4293867174102e-06,0.00416605924458361,-1.14030988512019e-07,-6.39179212637851e-05,-8.63813884999651e-06,0.00231851402537562
9473.0154173768,-1.28016854608754e-05,-0.000114348433413582,7.32761888719159e-06,0.00413735753125352,-1.12468412290273e-07,-6.3477584723741e-05,-8.51955617328096e-06,0.00230254577936328
9538.71218524687,-1.26260519255781e-05,-0.000113556515187454,7.22724212165733e-06,0.0041088536712157,-1.10927210720799e-07,-6.30402831916123e-05,-8.40260143156234e-06,0.0022866875076707
9604.86456995261,-1.245282666006e-05,-0.000112770140545583,7.12823748692805e-06,0.00408054629822124,-1.09407092439547e-07,-6.2605995718202e-05,-8.28725227460518e-06,0.0022709384529676
9671.47573126437,-1.22819766790371e-05,-0.000111989269475979,7.03058630463153e-06,0.00405243405550397,-1.07907770026206e-07,-6.21747014995387e-05,-8.17348665906575e-06,0.00225529786313758
9738.54885086602,-1.21134694480144e-05,-0.000111213862279735,6.93427014851503e-06,0.00402451559571363,-1.06428959951592e-07,-6.17463798758574e-05,-8.06128284427678e-06,0.00223976499124222
9806.08713250685,-1.19472728771527e-05,-0.000110443879568107,6.83927084110113e-06,0.00399678958084959,-1.04970382525714e-07,-6.13210103305875e-05,-7.9506193880906e-06,0.00222433909548552
9874.09380215466,-1.17833553152176e-05,-0.000109679282259621,6.74557045038604e-06,0.00396925468219496,-1.03531761846508e-07,-6.08985724893473e-05,-7.84147514277887e-06,0.00220901943917842
9942.57210814976,-1.16216855436107e-05,-0.000108920031577226,6.65315128658035e-06,0.00394190958025136,-1.02112825749247e-07,-6.0479046118948e-05,-7.7338292509892e-06,0.00219380529070381
10011.5253213603,-1.1462232770481e-05,-0.00010816608904547,6.56199589889139e-06,0.00391475296467392,-1.00713305756592e-07,-6.00624111264022e-05,-7.62766114175676e-06,0.00217869592348149
10080.9567353381,-1.13049666249155e-05,-0.000107417416487724,6.47208707234697e-06,0.00388778353420705,-9.93329370293082e-08,-5.9648647557942e-05,-7.52295052657128e-06,0.00216369061593365
10150.8696664767,-1.11498571512091e-05,-0.000106673976023424,6.38340782465967e-06,0.00386099999662036,-9.79714583176061e-08,-5.92377355980422e-05,-7.4196773954975e-06,0.00214878865145034
10221.267454169,-1.09968748032107e-05,-0.00010593573006536,6.2959414031317e-06,0.00383440106864534,-9.6628611913127e-08,-5.88296555684524e-05,-7.31782201334953e-06,0.0021339893183554
10292.1534609671,-1.08459904387468e-05,-0.000105202641316987,6.20967128159922e-06,0.00380798547591229,-9.53041436015472e-08,-5.84243879272344e-05,-7.2173649159172e-06,0.00211929190987243
10363.5310727429,-1.06971753141195e-05,-0.000104474672769778,6.12458115741637e-06,0.00378175195288787,-9.39978026158028e-08,-5.80219132678081e-05,-7.11828690624475e-06,0.00210469572409113
10435.4036988501,-1.05504010786791e-05,-0.000103751787700594,6.04065494847775e-06,0.00375569924281293,-9.27093415899216e-08,-5.76222123180032e-05,-7.02056905096027e-06,0.00209020006393382
10507.7747722864,-1.04056397694706e-05,-0.000103033949669106,5.95787679027974e-06,0.00372982609764099,-9.1438516513461e-08,-5.72252659391184e-05,-6.92419267665588e-06,0.00207580423712215
10580.647749858,-1.02628638059517e-05,-0.000102321122515226,5.87623103301924e-06,0.00370413127797699,-9.01850866865354e-08,-5.68310551249864e-05,-6.82913936631735e-06,0.00206150755614413
10654.0261123446,-1.01220459847828e-05,-0.000101613270356581,5.79570223873047e-06,0.00367861355301664,-8.89488146754381e-08,-5.64395610010475e-05,-6.73539095580312e-06,0.00204730933822131
10727.9133646656,-9.98315947468719e-06,-0.000100910357586016,5.7162751784582e-06,0.00365327170048606,-8.77294662688357e-08,-5.6050764823428e-05,-6.6429295303713e-06,0.00203320890527621
10802.3130360475,-9.84617781138084e-06,-0.000100212348869122,5.63793482946816e-06,0.003628104506582,-8.65268104345445e-08,-5.56646479780263e-05,-6.55173742125478e-06,0.0020192055839
10877.2286801926,-9.71107489257067e-06,-9.95192091417919e-05,5.56066637249299e-06,0.00360311076591238,-8.53406192768628e-08,-5.52811919796048e-05,-6.46179720228305e-06,0.00200529870532032
10952.6638754485,-9.57782497302084e-06,-9.88309036078115e-05,5.48445518901449e-06,0.00357828928143734,-8.41706679944725e-08,-5.49003784708897e-05,-6.37309168655073e-06,0.00199148760536946
11028.6222249794,-9.44640265968522e-06,-9.81473977364716e-05,5.40928685858059e-06,0.00355363886441069,-8.3016734838884e-08,-5.45221892216755e-05,-6.28560392313159e-06,0.00197777162445261
11105.1073569377,-9.31678290690639e-06,-9.74686572602115e-05,5.33514715615762e-06,0.00352915833432174,-8.1878601073433e-08,-5.41466061279374e-05,-6.19931719383802e-06,0.00196415010751642
11182.1229246378,-9.18894101167907e-06,-9.67946481722872e-05,5.26202204951659e-06,0.00350484651883765,-8.07560509328098e-08,-5.37736112109492e-05,-6.11421501002466e-06,0.00195062240401775
11259.6726067303,-9.06285260897819e-06,-9.6125336724468e-05,5.18989769665394e-06,0.00348070225374611,-7.96488715831272e-08,-5.34031866164083e-05,-6.03028110943634e-06,0.00193718786789263
11337.7601073777,-8.93849366714976e-06,-9.54606894247581e-05,5.11876044324531e-06,0.00345672438289844,-7.85568530825043e-08,-5.30353146135658e-05,-5.94749945309894e-06,0.00192384585752545
11416.3891564316,-8.81584048336463e-06,-9.48006730351454e-05,5.04859682013302e-06,0.00343291175815321,-7.74797883421792e-08,-5.26699775943643e-05,-5.86585422225333e-06,0.00191059573571834
11495.5635096105,-8.69486967913341e-06,-9.41452545693735e-05,4.97939354084589e-06,0.00340926323932005,-7.64174730881242e-08,-5.23071580725805e-05,-5.78532981533103e-06,0.00189743686966075
11575.2869486794,-8.57555819588261e-06,-9.34944012907422e-05,4.91113749915172e-06,0.00338577769410416,-7.53697058231731e-08,-5.19468386829755e-05,-5.70591084497188e-06,0.00188436863089932
11655.5632816306,-8.45788329059028e-06,-9.28480807099287e-05,4.84381576664152e-06,0.0033624539980509,-7.43362877896437e-08,-5.15890021804491e-05,-5.62758213508218e-06,0.00187139039530782
11736.3963428651,-8.34182253148129e-06,-9.22062605828372e-05,4.77741559034551e-06,0.00333929103449106,-7.33170229324556e-08,-5.12336314392024e-05,-5.55032871793373e-06,0.00185850154305744
11817.7899933763,-8.22735379378045e-06,-9.15689089084687e-05,4.71192439038003e-06,0.00331628769448634,-7.23117178627325e-08,-5.08807094519046e-05,-5.4741358313023e-06,0.00184570145858716
11899.7481209338,-8.11445525552384e-06,-9.09359939268179e-05,4.64732975762556e-06,0.00329344287677531,-7.1320181821888e-08,-5.05302193288672e-05,-5.39898891564579e-06,0.00183298953057443
11982.2746402699,-8.00310539342627e-06,-9.03074841167902e-05,4.58361945143488e-06,0.0032707554877197,-7.03422266461815e-08,-5.01821442972223e-05,-5.32487361132072e-06,0.00182036515190597
12065.3734932659,-7.89328297880543e-06,-8.96833481941447e-05,4.52078139737145e-06,0.00324822444125119,-6.93776667317474e-08,-4.98364677001094e-05,-5.25177575583748e-06,0.00180782771964881
12149.0486491407,-7.78496707356081e-06,-8.9063555109457e-05,4.45880368497725e-06,0.00322584865881839,-6.84263190000821e-08,-4.94931729958648e-05,-5.17968138115274e-06,0.00179537663502152
12233.3041046402,-7.67813702620768e-06,-8.84480740461068e-05,4.39767456557022e-06,0.00320362706933441,-6.74880028639922e-08,-4.915224375722e-05,-5.10857671099953e-06,0.00178301130336566
12318.1438842285,-7.57277246796437e-06,-8.78368744182853e-05,4.33738245007023e-06,0.00318155860912466,-6.65625401939888e-08,-4.8813663670503e-05,-5.03844815825361e-06,0.00177073113411736
12403.5720402798,-7.46885330889321e-06,-8.72299258690263e-05,4.27791590685404e-06,0.00315964222187511,-6.56497552851312e-08,-4.84774165348476e-05,-4.96928232233635e-06,0.00175853554077919
12489.5926532723,-7.36635973409332e-06,-8.66271982682565e-05,4.21926365963798e-06,0.00313787685858083,-6.47494748243065e-08,-4.81434862614064e-05,-4.90106598665298e-06,0.00174642394089214
12576.2098319827,-7.26527219994564e-06,-8.60286617108689e-05,4.16141458538903e-06,0.00311626147749504,-6.38615278579457e-08,-4.78118568725713e-05,-4.83378611606629e-06,0.00173439575600785
12663.427713683,-7.16557143040838e-06,-8.54342865148153e-05,4.10435771226289e-06,0.00309479504407835,-6.29857457601659e-08,-4.74825125011975e-05,-4.7674298544048e-06,0.00172245041166098
12751.2504643373,-7.06723841336338e-06,-8.48440432192206e-05,4.04808221756961e-06,0.00307347653094852,-6.21219622013373e-08,-4.71554373898353e-05,-4.70198452200541e-06,0.00171058733734183
12839.6822788018,-6.97025439701153e-06,-8.42579025825157e-05,3.99257742576574e-06,0.00305230491783047,-6.1270013117065e-08,-4.68306158899647e-05,-4.63743761328951e-06,0.00169880596646908
12928.7273810244,-6.87460088631768e-06,-8.36758355805923e-05,3.93783280647316e-06,0.00303127919150675,-6.04297366775869e-08,-4.65080324612385e-05,-4.57377679437268e-06,0.00168710573636278
13018.3900242466,-6.7802596395034e-06,-8.30978134049749e-05,3.88383797252393e-06,0.00301039834576821,-5.96009732575724e-08,-4.61876716707279e-05,-4.51098990070698e-06,0.00167548608821749
13108.6744912069,-6.68721266458783e-06,-8.25238074610147e-05,3.83058267803105e-06,0.00298966138136524,-5.87835654063294e-08,-4.58695181921755e-05,-4.44906493475579e-06,0.00166394646707562
13199.5850943454,-6.59544221597515e-06,-8.19537893660996e-05,3.77805681648461e-06,0.0029690673059591,-5.79773578184022e-08,-4.55535568052525e-05,-4.38799006370047e-06,0.00165248632180092
13291.1261760091,-6.50493079108876e-06,-8.13877309478864e-05,3.72625041887319e-06,0.00294861513407388,-5.71821973045638e-08,-4.52397723948219e-05,-4.32775361717864e-06,0.0016411051050522
13383.3021086605,-6.41566112705102e-06,-8.0825604242548e-05,3.67515365183006e-06,0.00292830388704851,-5.63979327631927e-08,-4.4928149950206e-05,-4.26834408505339e-06,0.00162980227325723
13476.1172950852,-6.32761619740819e-06,-8.02673814930415e-05,3.62475681580385e-06,0.00290813259298938,-5.56244151520323e-08,-4.46186745644599e-05,-4.2097501152132e-06,0.00161857728658673
13569.576168603,-6.24077920890005e-06,-7.97130351473937e-05,3.57505034325368e-06,0.00288810028672311,-5.48614974603266e-08,-4.43113314336506e-05,-4.15196051140217e-06,0.0016074296089287
13663.6831932795,-6.15513359827313e-06,-7.91625378570027e-05,3.52602479686779e-06,0.00286820600974974,-5.41090346813248e-08,-4.40061058561391e-05,-4.09496423107982e-06,0.00159635870786274
13758.4428641392,-6.07066302913772e-06,-7.86158624749599e-05,3.47767086780625e-06,0.00284844881019624,-5.33668837851573e-08,-4.37029832318704e-05,-4.03875038331053e-06,0.00158536405463473
13853.8597073802,-5.98735138886717e-06,-7.80729820543862e-05,3.42997937396653e-06,0.00282882774277035,-5.26349036920687e-08,-4.34019490616664e-05,-3.98330822668178e-06,0.0015744451241315
13949.9382805904,-5.90518278553987e-06,-7.75338698467882e-05,3.38294125827247e-06,0.00280934186871475,-5.19129552460119e-08,-4.31029889465248e-05,-3.92862716725116e-06,0.00156360139485586
14046.6831729655,-5.82414154492236e-06,-7.69984993004284e-05,3.33654758698561e-06,0.00278999025576151,-5.12009011885923e-08,-4.28060885869222e-05,-3.87469675652133e-06,0.00155283234890165
14144.0990055278,-5.74421220749392e-06,-7.64668440587146e-05,3.29078954803923e-06,0.002770771978087,-5.04986061333619e-08,-4.25112337821237e-05,-3.82150668944313e-06,0.00154213747192904
14242.190431347,-5.66537952551133e-06,-7.59388779586032e-05,3.24565844939433e-06,0.0027516861162669,-4.98059365404551e-08,-4.22184104294952e-05,-3.76904680244572e-06,0.00153151625313998
14340.9621357626,-5.58762846011385e-06,-7.54145750290211e-05,3.20114571741762e-06,0.00273273175723181,-4.91227606915656e-08,-4.19276045238224e-05,-3.71730707149419e-06,0.00152096818525382
14440.4188366077,-5.51094417846737e-06,-7.48939094893008e-05,3.15724289528087e-06,0.00271390799422285,-4.84489486652559e-08,-4.16388021566336e-05,-3.66627761017343e-06,0.00151049276448312
14540.5652844341,-5.43531205094771e-06,-7.4376855747634e-05,3.11394164138182e-06,0.00269521392674791,-4.77843723125994e-08,-4.1351989515528e-05,-3.61594866779871e-06,0.00150008949050955
14641.4062627396,-5.36071764836196e-06,-7.38633883995385e-05,3.07123372778585e-06,0.00267664866053792,-4.71289052331458e-08,-4.10671528835074e-05,-3.56631062755189e-06,0.00148975786646007
14742.946588196,-5.28714673920802e-06,-7.33534822263418e-05,3.02911103868861e-06,0.00265821130750365,-4.64824227512115e-08,-4.07842786383147e-05,-3.51735400464345e-06,0.00147949739888317
14845.1911108798,-5.21458528697114e-06,-7.28471121936785e-05,2.98756556889897e-06,0.00263990098569265,-4.5844801892484e-08,-4.05033532517751e-05,-3.46906944449958e-06,0.00146930759772535
14948.1447145032,-5.14301944745754e-06,-7.23442534500045e-05,2.94658942234233e-06,0.00262171681924665,-4.52159213609433e-08,-4.02243632891434e-05,-3.42144772097436e-06,0.0014591879763077
15051.8123166476,-5.07243556616412e-06,-7.18448813251234e-05,2.90617481058372e-06,0.00260365793835909,-4.45956615160895e-08,-3.99472954084546e-05,-3.3744797345863e-06,0.00144913805130268
15156.1988689989,-5.0028201756843e-06,-7.13489713287297e-05,2.86631405137081e-06,0.00258572347923314,-4.39839043504783e-08,-3.96721363598802e-05,-3.32815651077928e-06,0.00143915734271108
15261.3093575835,-4.93415999314886e-06,-7.08564991489648e-05,2.82699956719613e-06,0.00256791258403981,-4.33805334675554e-08,-3.93988729850885e-05,-3.28246919820719e-06,0.00142924537383904
15367.1488030065,-4.86644191770202e-06,-7.03674406509882e-05,2.7882238838787e-06,0.00255022440087659,-4.27854340597911e-08,-3.91274922166097e-05,-3.23740906704231e-06,0.00141940167127537
15473.7222606918,-4.79965302801154e-06,-6.98817718755615e-05,2.74997962916443e-06,0.00253265808372614,-4.2198492887105e-08,-3.88579810772047e-05,-3.19296750730677e-06,0.00140962576486891
15581.0348211234,-4.73378057981317e-06,-6.93994690376475e-05,2.71225953134533e-06,0.00251521279241547,-4.16195982555835e-08,-3.85903266792399e-05,-3.14913602722702e-06,0.00139991718770608
15689.0916100885,-4.66881200348814e-06,-6.89205085250211e-05,2.6750564178971e-06,0.00249788769257531,-4.10486399964806e-08,-3.83245162240641e-05,-3.10590625161084e-06,0.00139027547608863
15797.8977889225,-4.60473490167411e-06,-6.84448668968962e-05,2.63836321413505e-06,0.00248068195559976,-4.04855094455031e-08,-3.80605370013924e-05,-3.06326992024671e-06,0.00138070016951147
15907.4585547554,-4.54153704690828e-06,-6.79725208825628e-05,2.6021729418878e-06,0.0024635947586063,-3.99300994223714e-08,-3.77983763886924e-05,-3.02121888632504e-06,0.00137119081064071
16017.7791407599,-4.479206379303e-06,-6.75034473800398e-05,2.56647871818896e-06,0.00244662528439599,-3.93823042106584e-08,-3.75380218505758e-05,-2.97974511488125e-06,0.00136174694529182
16128.8648164017,-4.41773100425278e-06,-6.7037623454739e-05,2.53127375398611e-06,0.002429772721414,-3.88420195378957e-08,-3.72794609381935e-05,-2.93884068126004e-06,0.00135236812240793
16240.720887691,-4.35709919017282e-06,-6.65750263381431e-05,2.49655135286728e-06,0.00241303626371047,-3.83091425559514e-08,-3.70226812886362e-05,-2.89849776960093e-06,0.00134305389403835
16353.352697436,-4.29729936626816e-06,-6.61156334264945e-05,2.46230490980422e-06,0.00239641511090149,-3.77835718216677e-08,-3.67676706243375e-05,-2.85870867134444e-06,0.00133380381531712
16466.765625498,-4.2383201203335e-06,-6.56594222794993e-05,2.42852790991282e-06,0.00237990846813057,-3.72652072777628e-08,-3.65144167524828e-05,-2.81946578375893e-06,0.00132461744444183
16580.9650890484,-4.18015019658277e-06,-6.52063706190404e-05,2.39521392722985e-06,0.00236351554603015,-3.67539502339871e-08,-3.62629075644213e-05,-2.78076160848753e-06,0.00131549434265248
16695.9565428276,-4.12277849350857e-06,-6.47564563279053e-05,2.36235662350636e-06,0.00234723556068361,-3.62497033485355e-08,-3.60131310350826e-05,-2.74258875011515e-06,0.00130643407421061
16811.7454794054,-4.06619406177056e-06,-6.43096574485242e-05,2.32994974701703e-06,0.00233106773358735,-3.57523706097072e-08,-3.57650752223973e-05,-2.70493991475506e-06,0.00129743620637838
16928.3374294433,-4.01038610211296e-06,-6.38659521817213e-05,2.29798713138572e-06,0.00231501129161327,-3.52618573178159e-08,-3.55187282667217e-05,-2.66780790865498e-06,0.00128850030939803
17045.737961959,-3.95534396331013e-06,-6.34253188854761e-05,2.26646269442655e-06,0.00229906546697144,-3.47780700673402e-08,-3.52740783902664e-05,-2.6311856368222e-06,0.0012796259564713
17163.9526845917,-3.90105714014052e-06,-6.29877360736982e-05,2.2353704370008e-06,0.0022832294971731,-3.43009167293186e-08,-3.5031113896529e-05,-2.59506610166771e-06,0.00127081272373906
17282.9872438709,-3.84751527138799e-06,-6.25531824150112e-05,2.20470444188888e-06,0.00226750262499382,-3.38303064339774e-08,-3.47898231697307e-05,-2.55944240166881e-06,0.00126206019026109
17402.8473254854,-3.79470813787065e-06,-6.21216367315506e-05,2.17445887267774e-06,0.00225188409843706,-3.33661495535975e-08,-3.45501946742575e-05,-2.52430773005022e-06,0.00125336793799598
17523.5386545551,-3.74262566049635e-06,-6.16930779977699e-05,2.14462797266294e-06,0.0022363731706978,-3.29083576856077e-08,-3.43122169541039e-05,-2.48965537348317e-06,0.00124473555178116
17645.0669959044,-3.69125789834506e-06,-6.12674853392607e-05,2.11520606376578e-06,0.00222096910012666,-3.24568436359102e-08,-3.40758786323219e-05,-2.45547871080249e-06,0.00123616261931311
17767.4381543379,-3.64059504677702e-06,-6.08448380315801e-05,2.0861875454647e-06,0.00220567115019402,-3.20115214024285e-08,-3.38411684104731e-05,-2.42177121174117e-06,0.00122764873112762
17890.6579749169,-3.59062743556711e-06,-6.04251154990927e-05,2.05756689374131e-06,0.00219047858945462,-3.15723061588786e-08,-3.36080750680851e-05,-2.38852643568246e-06,0.00121919348058031
18014.7323432395,-3.54134552706438e-06,-6.00082973138199e-05,2.02933866004039e-06,0.00217539069151221,-3.11391142387583e-08,-3.33765874621111e-05,-2.35573803042893e-06,0.00121079646382716
18139.667185721,-3.49273991437698e-06,-5.9594363194302e-05,2.00149747024404e-06,0.00216040673498465,-3.07118631195544e-08,-3.31466945263942e-05,-2.32339973098857e-06,0.00120245727980528
18265.4684698776,-3.44480131958162e-06,-5.9183293004469e-05,1.97403802365954e-06,0.00214552600346904,-3.0290471407161e-08,-3.29183852711339e-05,-2.29150535837751e-06,0.00119417553021371
18392.1422046107,-3.39752059195774e-06,-5.87750667525226e-05,1.94695509202093e-06,0.00213074778550729,-2.98748588205111e-08,-3.26916487823587e-05,-2.26004881843919e-06,0.00118595081949443
18519.6944404947,-3.35088870624557e-06,-5.8369664589828e-05,1.9202435185039e-06,0.00211607137455179,-2.94649461764125e-08,-3.24664742213996e-05,-2.22902410067966e-06,0.00117778275481348
18648.1312700654,-3.30489676092817e-06,-5.79670668098158e-05,1.89389821675413e-06,0.0021014960689314,-2.90606553745923e-08,-3.224285082437e-05,-2.19842527711907e-06,0.00116967094604221
18777.4588281112,-3.25953597653679e-06,-5.75672538468932e-05,1.86791416992857e-06,0.00208702117181766,-2.86619093829406e-08,-3.20207679016469e-05,-2.16824650115871e-06,0.00116161500573861
18907.6832919665,-3.21479769397949e-06,-5.71702062753657e-05,1.84228642974971e-06,0.00207264599119121,-2.82686322229555e-08,-3.18002148373572e-05,-2.13848200646372e-06,0.00115361454912887
19038.810881806,-3.17067337289256e-06,-5.67759048083687e-05,1.81701011557266e-06,0.00205836983980849,-2.78807489553844e-08,-3.15811810888677e-05,-2.10912610586118e-06,0.00114566919408898
19170.8478609426,-3.12715459001443e-06,-5.63843302968066e-05,1.79208041346465e-06,0.00204419203516864,-2.74981856660595e-08,-3.13636561862771e-05,-2.08017319025323e-06,0.00113777856112648
19303.8005361258,-3.08423303758186e-06,-5.59954637283044e-05,1.76749257529714e-06,0.00203011189948063,-2.71208694519255e-08,-3.11476297319131e-05,-2.05161772754518e-06,0.00112994227336236
19437.6752578439,-3.04190052174795e-06,-5.56092862261657e-05,1.74324191785002e-06,0.00201612875963067,-2.6748728407255e-08,-3.09330913998328e-05,-2.02345426158828e-06,0.00112215995651303
19572.4784206263,-3.00014896102196e-06,-5.52257790483419e-05,1.71932382192801e-06,0.00200224194714976,-2.63816916100529e-08,-3.07200309353258e-05,-1.99567741113713e-06,0.00111443123887251
19708.2164633496,-2.95897038473018e-06,-5.48449235864094e-05,1.69573373148892e-06,0.00198845079818157,-2.60196891086421e-08,-3.05084381544212e-05,-1.96828186882124e-06,0.00110675575129462
19844.8958695448,-2.91835693149811e-06,-5.44667013645565e-05,1.67246715278372e-06,0.00197475465345046,-2.56626519084333e-08,-3.02983029433988e-05,-1.94126240013084e-06,0.0010991331271754
19982.5231677076,-2.87830084775315e-06,-5.40910940385782e-05,1.64951965350821e-06,0.00196115285822976,-2.53105119588722e-08,-3.00896152583021e-05,-1.91461384241655e-06,0.00109156300243557
20121.1049316092,-2.83879448624798e-06,-5.37180833948815e-05,1.62688686196616e-06,0.0019476447623103,-2.49632021405647e-08,-2.98823651244565e-05,-1.8883311039028e-06,0.00108404501550319
20260.6477806113,-2.7998303046039e-06,-5.33476513494969e-05,1.60456446624372e-06,0.00193422971996906,-2.46206562525757e-08,-2.96765426359891e-05,-1.86240916271483e-06,0.00107657880729634
20401.1583799816,-2.76140086387431e-06,-5.29797799471015e-05,1.58254821339505e-06,0.00192090708993822,-2.42828089999013e-08,-2.94721379553535e-05,-1.836843065919e-06,0.00106916402120604
20542.6434412127,-2.72349882712759e-06,-5.26144513600473e-05,1.56083390863891e-06,0.0019076762353742,-2.39495959811085e-08,-2.92691413128565e-05,-1.81162792857629e-06,0.00106180030307915
20685.1097223421,-2.68611695804963e-06,-5.22516478874013e-05,1.53941741456615e-06,0.0018945365238271,-2.36209536761457e-08,-2.90675430061895e-05,-1.78675893280882e-06,0.00105448730120154
20828.5640282755,-2.64924811956518e-06,-5.18913519539907e-05,1.51829465035786e-06,0.00188148732721027,-2.32968194343151e-08,-2.88673333999615e-05,-1.76223132687916e-06,0.00104722466628121
20973.0132111114,-2.61288527247828e-06,-5.15335461094593e-05,1.49746159101416e-06,0.00186852802177011,-2.29771314624109e-08,-2.86685029252373e-05,-1.73804042428233e-06,0.0010400120514317
21118.464170469,-2.57702147413115e-06,-5.1178213027329e-05,1.4769142665934e-06,0.00185565798805607,-2.26618288130168e-08,-2.84710420790767e-05,-1.71418160285016e-06,0.00103284911215545
21264.923853817,-2.54164987708151e-06,-5.08253355040723e-05,1.45664876146165e-06,0.00184287661089088,-2.23508513729632e-08,-2.82749414240793e-05,-1.69065030386809e-06,0.0010257355063274
21412.3992568061,-2.50676372779788e-06,-5.04748964581903e-05,1.43666121355232e-06,0.00183018327934096,-2.20441398519399e-08,-2.80801915879304e-05,-1.66744203120396e-06,0.00101867089417864
21560.8974236026,-2.47235636537284e-06,-5.01268789293005e-05,1.41694781363589e-06,0.0018175773866871,-2.1741635771265e-08,-2.78867832629516e-05,-1.64455235044891e-06,0.00101165493828018
21710.4254472254,-2.4384212202538e-06,-4.97812660772306e-05,1.39750480459942e-06,0.00180505833039523,-2.14432814528043e-08,-2.76947072056532e-05,-1.62197688806988e-06,0.00100468730352684
21860.9904698845,-2.40495181299121e-06,-4.94380411811217e-05,1.37832848073592e-06,0.00179262551208751,-2.1149020008043e-08,-2.7503954236291e-05,-1.59971133057398e-06,0.00099776765712126
22012.599683322,-2.37194175300378e-06,-4.90971876385375e-05,1.35941518704323e-06,0.00178027833751357,-2.08587953273041e-08,-2.73145152384252e-05,-1.5777514236841e-06,0.000990895668557991
22165.260329156,-2.33938473736075e-06,-4.87586889645825e-05,1.34076131853254e-06,0.00176801621652194,-2.05725520691145e-08,-2.71263811584831e-05,-1.55609297152605e-06,0.000984071009607732
22318.9796992262,-2.30727454958065e-06,-4.84225287910266e-05,1.32236331954614e-06,0.00175583856303171,-2.02902356497149e-08,-2.69395430053239e-05,-1.53473183582669e-06,0.000977293354301638
22473.7651359423,-2.27560505844663e-06,-4.80886908654376e-05,1.30421768308452e-06,0.00174374479500436,-2.00117922327121e-08,-2.6753991849808e-05,-1.51366393512318e-06,0.000970562378915775
22629.6240326348,-2.24437021683791e-06,-4.77571590503206e-05,1.28632095014254e-06,0.00173173433441581,-1.97371687188723e-08,-2.65697188243676e-05,-1.49288524398302e-06,0.000963877761955646
22786.5638339077,-2.21356406057729e-06,-4.74279173222652e-05,1.26866970905461e-06,0.00171980660722863,-1.94663127360528e-08,-2.63867151225817e-05,-1.47239179223486e-06,0.000957239184140847
22944.592035995,-2.1831807072943e-06,-4.7100949771099e-05,1.25126059484876e-06,0.00170796104336451,-1.91991726292703e-08,-2.6204971998753e-05,-1.45217966420981e-06,0.000950646328389817
23103.7161871177,-2.15321435530413e-06,-4.67762405990494e-05,1.23409028860945e-06,0.00169619707667684,-1.89356974509051e-08,-2.60244807674888e-05,-1.43224499799324e-06,0.000944098879804707
23263.9438878451,-2.12365928250164e-06,-4.64537741199104e-05,1.21715551684904e-06,0.00168451414492354,-1.86758369510373e-08,-2.58452328032835e-05,-1.41258398468672e-06,0.000937596525656326
23425.2827914574,-2.09450984527073e-06,-4.61335347582192e-05,1.2004530508878e-06,0.00167291168974006,-1.84195415679149e-08,-2.56672195401056e-05,-1.39319286768029e-06,0.000931138955369225
23587.7406043117,-2.06576047740843e-06,-4.58155070484362e-05,1.18397970624228e-06,0.00166138915661255,-1.81667624185517e-08,-2.54904324709859e-05,-1.37406794193454e-06,0.000924725860506853
23751.3250862094,-2.03740568906397e-06,-4.54996756341351e-05,1.16773234202206e-06,0.00164994599485127,-1.79174512894531e-08,-2.53148631476099e-05,-1.35520555327263e-06,0.00091835693475684
23916.0440507678,-2.00944006569205e-06,-4.51860252671971e-05,1.15170786033459e-06,0.00163858165756412,-1.76715606274669e-08,-2.51405031799125e-05,-1.33660209768205e-06,0.00091203187391636
24081.9053657923,-1.98185826702075e-06,-4.48745408070136e-05,1.13590320569824e-06,0.0016272956016304,-1.74290435307606e-08,-2.49673442356752e-05,-1.31825402062592e-06,0.000905750375877613
24248.9169536531,-1.95465502603334e-06,-4.4565207219694e-05,1.12031536446316e-06,0.00161608728767473,-1.71898537399193e-08,-2.47953780401265e-05,-1.30015781636374e-06,0.000899512140613391
24417.0867916629,-1.92782514796417e-06,-4.42580095772809e-05,1.10494136424016e-06,0.00160495618004116,-1.69539456291663e-08,-2.46245963755456e-05,-1.28231002728154e-06,0.00089331687016276
24586.4229124585,-1.90136350930818e-06,-4.39529330569717e-05,1.08977827333721e-06,0.00159390174676746,-1.67212741977023e-08,-2.44549910808673e-05,-1.26470724323112e-06,0.000887164268616819
24756.933404384,-1.87526505684409e-06,-4.36499629403463e-05,1.07482320020373e-06,0.00158292345955961,-1.64917950611629e-08,-2.42865540512915e-05,-1.24734610087846e-06,0.000881054042104585
24928.6264118777,-1.8495248066709e-06,-4.33490846126007e-05,1.06007329288229e-06,0.00157202079376639,-1.6265464443192e-08,-2.41192772378938e-05,-1.230223283061e-06,0.000874985898778943
25101.5101358603,-1.82413784325757e-06,-4.3050283561788e-05,1.0455257384679e-06,0.00156119322835428,-1.60422391671302e-08,-2.39531526472402e-05,-1.21333551815382e-06,0.000868959548802726
25275.5928341276,-1.79909931850571e-06,-4.27535453780645e-05,1.03117776257449e-06,0.0015504402458824,-1.58220766478162e-08,-2.37881723410034e-05,-1.19667957944443e-06,0.00086297470433486
25450.882821744,-1.77440445082521e-06,-4.24588557529423e-05,1.01702662880885e-06,0.00153976133247769,-1.56049348835001e-08,-2.3624328435582e-05,-1.18025228451624e-06,0.00085703107951663
25627.3884714405,-1.7500485242223e-06,-4.2166200478548e-05,1.00306963825147e-06,0.00152915597781028,-1.53907724478663e-08,-2.34616131017231e-05,-1.16405049464042e-06,0.000851128390458019
25805.1182140139,-1.72602688740038e-06,-4.18755654468875e-05,9.89304128944661e-07,0.00151862367506899,-1.51795484821654e-08,-2.33000185641464e-05,-1.14807111417614e-06,0.00084526635522416
25984.08053873,-1.70233495287288e-06,-4.15869366491162e-05,9.75727475387517e-07,0.001508163920937,-1.49712226874533e-08,-2.31395371011718e-05,-1.13231108997905e-06,0.000839444693821867
26164.2839937291,-1.67896819608851e-06,-4.13003001748157e-05,9.62337088037751e-07,0.00149777621556773,-1.47657553169359e-08,-2.29801610443489e-05,-1.11676741081786e-06,0.000833663128186265
26345.7371864336,-1.65592215456833e-06,-4.10156422112764e-05,9.49130412820367e-07,0.00148746006256086,-1.4563107168418e-08,-2.28218827780899e-05,-1.10143710679898e-06,0.000827921382167514
26528.4487839603,-1.63319242705468e-06,-4.07329490427848e-05,9.36104930642935e-07,0.00147721496893853,-1.43632395768553e-08,-2.2664694739304e-05,-1.08631724879897e-06,0.000822219181517617
26712.4275135331,-1.61077467267183e-06,-4.04522070499178e-05,9.23258156917538e-07,0.00146704044512165,-1.41661144070075e-08,-2.25085894170353e-05,-1.07140494790489e-06,0.000816556253877331
26897.6821629011,-1.58866461009798e-06,-4.01734027088417e-05,9.10587641089156e-07,0.00145693600490646,-1.3971694046192e-08,-2.23535593521026e-05,-1.05669735486221e-06,0.000810932328763149
27084.2215807571,-1.56685801674878e-06,-3.98965225906177e-05,8.98090966170524e-07,0.00144690116544123,-1.37799413971364e-08,-2.2199597136742e-05,-1.04219165953045e-06,0.000805347137554395
27272.0546771616,-1.54535072797189e-06,-3.96215533605118e-05,8.8576574828327e-07,0.00143693544720305,-1.35908198709274e-08,-2.20466954142518e-05,-1.02788509034614e-06,0.000799800413480386
27461.1904239671,-1.52413863625261e-06,-3.93484817773113e-05,8.7360963620535e-07,0.00142703837397488,-1.34042933800572e-08,-2.18948468786401e-05,-1.01377491379326e-06,0.000794291891607703
27651.6378552475,-1.50321769043045e-06,-3.90772946926458e-05,8.61620310924587e-07,0.00141720947282268,-1.32203263315639e-08,-2.17440442742744e-05,-9.99858433880925e-07,0.000788821308827527
27843.4060677294,-1.48258389492635e-06,-3.88079790503145e-05,8.49795485198351e-07,0.00140744827407279,-1.30388836202655e-08,-2.15942803955345e-05,-9.86132991628201e-07,0.000783388403843086
28036.5042212264,-1.46223330898051e-06,-3.85405218856177e-05,8.38132903119165e-07,0.00139775431128935,-1.28599306220862e-08,-2.14455480864665e-05,-9.7259596455604e-07,0.000777992917157164
28230.9415390768,-1.4421620459007e-06,-3.8274910324695e-05,8.26630339686301e-07,0.00138812712125198,-1.26834331874741e-08,-2.12978402404404e-05,-9.59244766186182e-07,0.000772634591059721
28426.7273085842,-1.4223662723208e-06,-3.80111315838671e-05,8.15285600383131e-07,0.00137856624393355,-1.25093576349077e-08,-2.11511497998096e-05,-9.46076845546909e-07,0.000767313169615578
28623.8708814609,-1.40284220746958e-06,-3.77491729689845e-05,8.04096520760318e-07,0.00136907122247814,-1.23376707444921e-08,-2.10054697555726e-05,-9.33089686685631e-07,0.000762028398652197
28822.3816742749,-1.38358612244938e-06,-3.74890218747797e-05,7.93060966024602e-07,0.00135964160317913,-1.21683397516419e-08,-2.08607931470373e-05,-9.20280808188108e-07,0.000756780025747542
29022.2691688993,-1.36459433952482e-06,-3.72306657842255e-05,7.82176830633263e-07,0.00135027693545747,-1.20013323408504e-08,-2.07171130614875e-05,-9.07647762704331e-07,0.000751567800218026
29223.5429129655,-1.34586323142111e-06,-3.69740922678983e-05,7.71442037894046e-07,0.00134097677184008,-1.18366166395434e-08,-2.05744226338518e-05,-8.95188136480855e-07,0.000746391473106535
29426.2125203191,-1.32738922063207e-06,-3.67192889833459e-05,7.6085453957059e-07,0.00133174066793838,-1.1674161212018e-08,-2.04327150463747e-05,-8.82899548899608e-07,0.000741250797170548
29630.2876714792,-1.3091687787376e-06,-3.64662436744604e-05,7.50412315493187e-07,0.00132256818242702,-1.15139350534627e-08,-2.02919835282902e-05,-8.70779652022979e-07,0.000736145526870315
29835.7781141006,-1.2911984257305e-06,-3.62149441708564e-05,7.40113373174893e-07,0.00131345887702272,-1.13559075840604e-08,-2.01522213554971e-05,-8.58826130145201e-07,0.000731075418357146
30042.6936634399,-1.27347472935249e-06,-3.59653783872533e-05,7.29955747432826e-07,0.00130441231646326,-1.12000486431704e-08,-2.00134218502375e-05,-8.47036699349845e-07,0.000726040229461755
30251.0442028234,-1.25599430443939e-06,-3.57175343228635e-05,7.19937500014664e-07,0.00129542806848665,-1.10463284835915e-08,-1.98755783807765e-05,-8.35409107073435e-07,0.000721039719682701
30460.8396841202,-1.2387538122752e-06,-3.54714000607838e-05,7.10056719230203e-07,0.00128650570381037,-1.08947177659021e-08,-1.97386843610846e-05,-8.23941131675013e-07,0.000716073650174896
30672.0901282168,-1.22174995995511e-06,-3.52269637673933e-05,7.00311519587977e-07,0.00127764479611084,-1.0745187552878e-08,-1.96027332505228e-05,-8.12630582011651e-07,0.000711141783738207
30884.8056254963,-1.20497949975711e-06,-3.49842136917541e-05,6.9070004143678e-07,0.00126884492200299,-1.05977093039867e-08,-1.94677185535287e-05,-8.01475297019751e-07,0.000706243884806119
31098.9963363199,-1.18843922852241e-06,-3.47431381650189e-05,6.81220450612139e-07,0.00126010566101995,-1.04522548699562e-08,-1.93336338193058e-05,-7.90473145302137e-07,0.000701379719434493
31314.6724915125,-1.17212598704414e-06,-3.45037255998403e-05,6.71870938087544e-07,0.00125142659559294,-1.03087964874187e-08,-1.92004726415148e-05,-7.7962202472077e-07,0.000696549055290385
31531.8443928511,-1.15603665946455e-06,-3.42659644897878e-05,6.62649719630494e-07,0.00124280731103124,-1.01673067736268e-08,-1.90682286579663e-05,-7.68919861995103e-07,0.000691751661640961
31750.5224135575,-1.14016817268045e-06,-3.40298434087666e-05,6.5355503546319e-07,0.00123424739550233,-1.00277587212422e-08,-1.89368955503165e-05,-7.58364612305896e-07,0.000686987309342466
31970.7169987928,-1.12451749575682e-06,-3.37953510104425e-05,6.44585149927886e-07,0.00122574644001217,-9.89012569319597e-09,-1.88064670437648e-05,-7.47954258904527e-07,0.00068225577082929
32192.4386661572,-1.10908163934835e-06,-3.35624760276706e-05,6.35738351156779e-07,0.0012173040383856,-9.75438141761757e-09,-1.86769369067529e-05,-7.37686812727613e-07,0.000677556820103095
32415.6980061919,-1.09385765512907e-06,-3.33312072719285e-05,6.27012950746438e-07,0.0012089197872469,-9.62049998283502e-09,-1.85482989506672e-05,-7.27560312016973e-07,0.000672890232722024
32640.5056828852,-1.07884263522962e-06,-3.31015336327541e-05,6.18407283436634e-07,0.00120059328600044,-9.48845583244189e-09,-1.84205470295414e-05,-7.17572821944755e-07,0.000668255785789979
32866.8724341813,-1.06403371168244e-06,-3.28734440771868e-05,6.09919706793596e-07,0.00119232413681153,-9.35822376043264e-09,-1.82936750397635e-05,-7.07722434243762e-07,0.000663653257945981
33094.8090724944,-1.04942805587434e-06,-3.26469276492145e-05,6.01548600897545e-07,0.00118411194458732,-9.22977890640366e-09,-1.81676769197826e-05,-6.98007266842806e-07,0.000659082429353592
33324.3264852235,-1.03502287800675e-06,-3.2421973469223e-05,5.93292368034537e-07,0.00117595631695794,-9.10309675082048e-09,-1.80425466498194e-05,-6.88425463507114e-07,0.000654543081690424
33555.4356352742,-1.02081542656325e-06,-3.21985707334514e-05,5.85149432392471e-07,0.00116785686425764,-8.97815311034925e-09,-1.79182782515775e-05,-6.78975193483621e-07,0.000650034998137701
33788.1475615808,-1.0068029877845e-06,-3.19767087134501e-05,5.77118239761289e-07,0.0011598131995062,-8.85492413325229e-09,-1.77948657879579e-05,-6.69654651151185e-07,0.000645557963369918
34022.4733796346,-9.92982885150295e-07,-3.17563767555439e-05,5.69197257237221e-07,0.00115182493839032,-8.73338629484621e-09,-1.76723033627738e-05,-6.60462055675549e-07,0.000641111763544543
34258.4242820144,-9.79352478868718e-07,-3.15375642802991e-05,5.61384972931116e-07,0.0011438916992453,-8.61351639302262e-09,-1.75505851204695e-05,-6.51395650669101e-07,0.000636696186291816
34496.0115389212,-9.65909165372336e-07,-3.13202607819939e-05,5.53679895680714e-07,0.00113601310303671,-8.49529154382941e-09,-1.74297052458393e-05,-6.42453703855239e-07,0.000632311020704599
34735.2464987164,-9.52650376821302e-07,-3.11044558280937e-05,5.46080554766884e-07,0.00112818877334224,-8.37868917711311e-09,-1.73096579637496e-05,-6.33634506737407e-07,0.000627956057328309
34976.1405884643,-9.3957358061321e-07,-3.08901390587299e-05,5.38585499633695e-07,0.00112041833633372,-8.26368703222008e-09,-1.71904375388621e-05,-6.24936374272619e-07,0.000623631088150906
35218.7053144771,-9.26676278899752e-07,-3.06773001861828e-05,5.31193299612363e-07,0.00111270142075918,-8.15026315375725e-09,-1.707203827536e-05,-6.16357644549515e-07,0.00061933590659297
35462.9522628655,-9.13956008109919e-07,-3.0465928994368e-05,5.23902543648908e-07,0.00110503765792508,-8.03839588741e-09,-1.69544545166745e-05,-6.0789667847079e-07,0.000615070307497825
35708.8931000911,-9.01410338479816e-07,-3.02560153383278e-05,5.16711840035586e-07,0.00109742668167868,-7.92806387581803e-09,-1.68376806452147e-05,-5.99551859440026e-07,0.000610834087121749
35956.5395735246,-8.89036873588848e-07,-3.00475491437247e-05,5.09619816145948e-07,0.00108986812839051,-7.81924605450678e-09,-1.67217110820986e-05,-5.91321593052784e-07,0.000606627043124233
36205.9035120061,-8.76833249902336e-07,-2.98405204063404e-05,5.02625118173551e-07,0.00108236163693693,-7.71192164787526e-09,-1.66065402868862e-05,-5.83204306791973e-07,0.000602448974558332
36456.9968264106,-8.64797136320339e-07,-2.96349191915772e-05,4.95726410874206e-07,0.00107490684868288,-7.60607016523813e-09,-1.64921627573142e-05,-5.75198449727369e-07,0.000598299681861052
36709.831510217,-8.52926233732707e-07,-2.94307356339644e-05,4.88922377311774e-07,0.00106750340746467,-7.5016713969222e-09,-1.63785730290328e-05,-5.67302492219278e-07,0.00059417896684383
36964.4196400802,-8.41218274580227e-07,-2.92279599366674e-05,4.82211718607433e-07,0.001060150959573,-7.39870541041641e-09,-1.62657656753441e-05,-5.59514925626274e-07,0.000590086632683065
37220.7733764093,-8.29671022421754e-07,-2.90265823710008e-05,4.75593153692344e-07,0.00105284915373594,-7.29715254657398e-09,-1.61537353069426e-05,-5.51834262016919e-07,0.000586022483910717
37478.9049639467,-8.18282271507327e-07,-2.88265932759453e-05,4.69065419063738e-07,0.00104559764110219,-7.19699341586719e-09,-1.60424765716575e-05,-5.44259033885478e-07,0.000581986326404974
37738.8267323548,-8.07049846357088e-07,-2.86279830576682e-05,4.62627268544297e-07,0.00103839607522436,-7.09820889469268e-09,-1.59319841541959e-05,-5.36787793871503e-07,0.000577977967380977
38000.5510968034,-7.95971601346019e-07,-2.84307421890472e-05,4.56277473044859e-07,0.00103124411204237,-7.00078012172789e-09,-1.58222527758893e-05,-5.29419114483297e-07,0.000573997215381618
38264.0905585636,-7.85045420294332e-07,-2.82348612091979e-05,4.50014820330329e-07,0.00102414140986698,-6.90468849433679e-09,-1.57132771944406e-05,-5.22151587825145e-07,0.000570043880268388
38529.4577056047,-7.74269216063518e-07,-2.80403307230052e-05,4.43838114788829e-07,0.00101708762936349,-6.80991566502534e-09,-1.56050522036733e-05,-5.14983825328319e-07,0.000566117773212306
38796.6652131954,-7.63640930157887e-07,-2.78471414006572e-05,4.37746177203967e-07,0.00101008243353543,-6.71644353794488e-09,-1.54975726332824e-05,-5.07914457485746e-07,0.000562218706684891
39065.7258445091,-7.53158532331621e-07,-2.76552839771842e-05,4.31737844530251e-07,0.00100312548770849,-6.62425426544381e-09,-1.53908333485874e-05,-5.00942133590347e-07,0.000558346494449213
39336.6524512341,-7.42820020201167e-07,-2.74647492519989e-05,4.25811969671542e-07,0.000996216459514458,-6.53333024466606e-09,-1.5284829250286e-05,-4.94065521476946e-07,0.000554500951550992
39609.4579741865,-7.32623418862999e-07,-2.72755280884422e-05,4.19967421262574e-07,0.000989355018875349,-6.44365411419659e-09,-1.51795552742108e-05,-4.87283307267735e-07,0.000550681894309772
39884.1554439296,-7.22566780516555e-07,-2.70876114133311e-05,4.14203083453413e-07,0.000982540837987583,-6.35520875075207e-09,-1.50750063910867e-05,-4.80594195121227e-07,0.00054688914031014
40160.7579813948,-7.12648184092418e-07,-2.69009902165103e-05,4.08517855696911e-07,0.000975773591306327,-6.26797726591765e-09,-1.49711776062901e-05,-4.73996906984662e-07,0.000543122508393022
40439.2787985098,-7.02865734885527e-07,-2.67156555504068e-05,4.02910652539035e-07,0.000969052955529886,-6.18194300292771e-09,-1.48680639596106e-05,-4.67490182349798e-07,0.000539381818647021
40719.7311988284,-6.93217564193477e-07,-2.65315985295886e-05,3.97380403412077e-07,0.00096237860958426,-6.09708953349115e-09,-1.47656605250131e-05,-4.61072778012078e-07,0.000535666892399836
41002.1285781671,-6.83701828959726e-07,-2.63488103303256e-05,3.91926052430679e-07,0.000955750234607764,-6.0134006546597e-09,-1.46639624104023e-05,-4.54743467833075e-07,0.000531977552209717
41286.4844252437,-6.74316711421747e-07,-2.61672821901548e-05,3.86546558190673e-07,0.000949167513935781,-5.93086038573948e-09,-1.4562964757389e-05,-4.48501042506227e-07,0.000528313621857001
41572.812322323,-6.65060418763955e-07,-2.59870054074477e-05,3.81240893570637e-07,0.000942630133085599,-5.84945296524453e-09,-1.44626627410575e-05,-4.42344309325758e-07,0.000524674926335685
41861.1259458642,-6.55931182775436e-07,-2.58079713409818e-05,3.760080455362e-07,0.000936137779741383,-5.76916284789222e-09,-1.43630515697347e-05,-4.36272091958802e-07,0.000521061291845078
42151.4390671752,-6.46927259512336e-07,-2.56301714095144e-05,3.70847014946994e-07,0.000929690143739209,-5.68997470163962e-09,-1.42641264847609e-05,-4.30283230220628e-07,0.000517472545781491
42443.7655530697,-6.38046928964915e-07,-2.54535970913603e-05,3.65756816366274e-07,0.00092328691705225,-5.6118734047607e-09,-1.41658827602626e-05,-4.24376579852974e-07,0.00051390851673
42738.1193665299,-6.29288494729125e-07,-2.52782399239722e-05,3.60736477873115e-07,0.000916927793776013,-5.53484404296316e-09,-1.40683157029259e-05,-4.18551012305399e-07,0.000510369034456254
43034.5145673733,-6.20650283682738e-07,-2.51040915035242e-05,3.55785040877204e-07,0.00091061247011373,-5.45887190654506e-09,-1.39714206517724e-05,-4.12805414519669e-07,0.00050685392989835
43332.9653129246,-6.12130645665871e-07,-2.49311434844983e-05,3.50901559936143e-07,0.000904340644361803,-5.3839424875902e-09,-1.3875192977936e-05,-4.07138688717064e-07,0.000503363035158751
43633.4858586911,-6.03727953165936e-07,-2.47593875792743e-05,3.46085102575273e-07,0.000898112016895385,-5.31004147720196e-09,-1.3779628084442e-05,-4.01549752188645e-07,0.000499896183496277
43936.0905590448,-5.95440601006869e-07,-2.45888155577221e-05,3.4133474910994e-07,0.000891926290154036,-5.2371547627749e-09,-1.36847214059866e-05,-3.96037537088364e-07,0.000496453209318128
44240.7938679069,-5.87267006042662e-07,-2.44194192467977e-05,3.36649592470219e-07,0.000885783168627501,-5.16526842530398e-09,-1.3590468408719e-05,-3.90600990229044e-07,0.000493033948171991
44547.6103394389,-5.79205606855059e-07,-2.42511905301416e-05,3.32028738028011e-07,0.000879682358841559,-5.09436873673018e-09,-1.34968645900244e-05,-3.85239072881136e-07,0.00048963823673817
44856.5546287376,-5.71254863455436e-07,-2.40841213476801e-05,3.27471303426523e-07,0.000873623569343999,-5.02444215732297e-09,-1.34039054783088e-05,-3.79950760574261e-07,0.000486265912821798
45167.641492535,-5.63413256990733e-07,-2.39182036952302e-05,3.22976418412075e-07,0.000867606510690666,-4.95547533309818e-09,-1.3311586632785e-05,-3.74735042901451e-07,0.000482916815345082
45480.8857899031,-5.55679289453456e-07,-2.37534296241064e-05,3.18543224668214e-07,0.000861630895431628,-4.88745509327155e-09,-1.32199036432602e-05,-3.69590923326103e-07,0.000479590784339614
45796.3024829641,-5.48051483395623e-07,-2.35897912407314e-05,3.14170875652083e-07,0.000855696438097414,-4.82036844774687e-09,-1.31288521299253e-05,-3.64517418991563e-07,0.000476287660938728
46113.9066376045,-5.40528381646663e-07,-2.34272807062487e-05,3.09858536433056e-07,0.000849802855185374,-4.75420258463883e-09,-1.30384277431454e-05,-3.59513560533342e-07,0.000473007287369917
46433.713424195,-5.33108547035157e-07,-2.32658902361385e-05,3.05605383533552e-07,0.000843949865146103,-4.68894486782946e-09,-1.29486261632516e-05,-3.54578391893886e-07,0.000469749506947291
46755.7381183149,-5.25790562114424e-07,-2.31056120998366e-05,3.01410604772052e-07,0.000838137188369989,-4.6245828345583e-09,-1.28594431003348e-05,-3.49710970139919e-07,0.0004665141640641
47079.9961014825,-5.1857302889184e-07,-2.29464386203556e-05,2.97273399108248e-07,0.000832364547173829,-4.56110419304535e-09,-1.27708742940401e-05,-3.44910365282262e-07,0.000463301104185295
47406.5028618884,-5.11454568561905e-07,-2.27883621739088e-05,2.93192976490325e-07,0.000826631665787555,-4.49849682014689e-09,-1.26829155133634e-05,-3.40175660098155e-07,0.000460110173840155
47735.2739951367,-5.04433821242935e-07,-2.26313751895377e-05,2.89168557704319e-07,0.000820938270341042,-4.43674875904293e-09,-1.25955625564491e-05,-3.35505949955995e-07,0.000456941220614948
48066.3252049891,-4.97509445717399e-07,-2.24754701487412e-05,2.85199374225555e-07,0.00081528408885101,-4.37584821695687e-09,-1.25088112503891e-05,-3.30900342642495e-07,0.000453794093145661
48399.6723041153,-4.90680119175789e-07,-2.23206395851075e-05,2.81284668072099e-07,0.000809668851208013,-4.31578356290593e-09,-1.2422657451023e-05,-3.26357958192201e-07,0.000450668641110762
48735.331214848,-4.83944536964031e-07,-2.21668760839502e-05,2.77423691660235e-07,0.000804092289163531,-4.25654332548273e-09,-1.23370970427406e-05,-3.21877928719373e-07,0.000447564715224028
49073.317969944,-4.77301412334333e-07,-2.20141722819444e-05,2.73615707661904e-07,0.000798554136317129,-4.198116190667e-09,-1.22521259382844e-05,-3.17459398252143e-07,0.000444482167227407
49413.6487133493,-4.7074947619948e-07,-2.18625208667682e-05,2.69859988864114e-07,0.000793054128103728,-4.1404909996675e-09,-1.21677400785548e-05,-3.13101522568979e-07,0.000441420849883944
49756.3397009709,-4.64287476890467e-07,-2.17119145767446e-05,2.66155818030251e-07,0.000787592001780942,-4.08365674679329e-09,-1.20839354324153e-05,-3.08803469037372e-07,0.000438380616970744
50101.4073014524,-4.57914179917493e-07,-2.15623462004875e-05,2.62502487763313e-07,0.000782167496416526,-4.02760257735431e-09,-1.20007079965006e-05,-3.04564416454754e-07,0.000435361323271992
50448.8679969571,-4.51628367734195e-07,-2.14138085765493e-05,2.58899300370997e-07,0.000776780352875884,-3.97231778559063e-09,-1.19180537950245e-05,-3.00383554891584e-07,0.00043236282457201
50798.7383839539,-4.45428839505158e-07,-2.12662945930715e-05,2.55345567732651e-07,0.000771430313809692,-3.91779181263015e-09,-1.18359688795903e-05,-2.96260085536605e-07,0.000429384977648379
51151.0351740109,-4.39314410876571e-07,-2.11197971874377e-05,2.51840611168029e-07,0.00076611712364158,-3.86401424447415e-09,-1.17544493290016e-05,-2.92193220544208e-07,0.00042642764026509
51505.7751945938,-4.33283913750066e-07,-2.09743093459291e-05,2.48383761307862e-07,0.000760840528555915,-3.8109748100106e-09,-1.16734912490752e-05,-2.88182182883907e-07,0.000423490671165755
51862.9753898685,-4.27336196059641e-07,-2.08298241033827e-05,2.44974357966189e-07,0.000755600276485667,-3.75866337905461e-09,-1.15930907724547e-05,-2.84226206191872e-07,0.000420573930066859
52222.6528215118,-4.21470121551639e-07,-2.06863345428513e-05,2.41611750014441e-07,0.000750396117100351,-3.70706996041563e-09,-1.15132440584257e-05,-2.80324534624496e-07,0.000417677277651059
52584.8246695256,-4.15684569567768e-07,-2.0543833795267e-05,2.3829529525725e-07,0.000745227801794062,-3.65618469999136e-09,-1.14339472927321e-05,-2.76476422713987e-07,0.000414800575560532
52949.5082330576,-4.09978434831066e-07,-2.0402315039106e-05,2.35024360309953e-07,0.000740095083673582,-3.60599787888753e-09,-1.13551966873938e-05,-2.72681135225924e-07,0.000411943686390362
53316.7209312277,-4.04350627234835e-07,-2.02617715000567e-05,2.31798320477789e-07,0.000734997717546583,-3.55649991156362e-09,-1.12769884805258e-05,-2.68937947018787e-07,0.000409106473681985
53686.4803039601,-3.98800071634441e-07,-2.01221964506894e-05,2.28616559636728e-07,0.000729935459909894,-3.50768134400393e-09,-1.11993189361578e-05,-2.65246142905396e-07,0.000406288801916663
54058.8040128205,-3.93325707641998e-07,-1.99835832101294e-05,2.25478470115955e-07,0.000724908068937867,-3.45953285191365e-09,-1.11221843440565e-05,-2.61605017516269e-07,0.000403490536509018
54433.709841861,-3.87926489423842e-07,-1.98459251437313e-05,2.22383452581943e-07,0.000719915304470806,-3.41204523893977e-09,-1.10455810195471e-05,-2.58013875164847e-07,0.000400711543800599
54811.215698468,-3.82601385500809e-07,-1.97092156627566e-05,2.19330915924138e-07,0.000714956928003496,-3.36520943491628e-09,-1.09695053033382e-05,-2.54472029714571e-07,0.000397951691053502
55191.3396142186,-3.77349378551229e-07,-1.95734482240525e-05,2.16320277142182e-07,0.000710032702673784,-3.3190164941334e-09,-1.08939535613463e-05,-2.50978804447782e-07,0.000395210846444025
55574.0997457415,-3.72169465216646e-07,-1.94386163297348e-05,2.13350961234706e-07,0.000705142393251273,-3.27345759363068e-09,-1.08189221845223e-05,-2.47533531936428e-07,0.000392488879056381
55959.5143755845,-3.67060655910182e-07,-1.93047135268707e-05,2.10422401089628e-07,0.000700285766126058,-3.22852403151322e-09,-1.07444075886786e-05,-2.44135553914532e-07,0.000389785658876433
56347.6019130871,-3.6202197462755e-07,-1.91717334071662e-05,2.07534037375969e-07,0.00069546258929757,-3.18420722529132e-09,-1.06704062143183e-05,-2.40784221152427e-07,0.000387101056785494
56738.380895261,-3.57052458760641e-07,-1.90396696066538e-05,2.04685318437138e-07,0.000690672632363477,-3.1404987102425e-09,-1.05969145264648e-05,-2.37478893332705e-07,0.000384434944554153
57131.8699876742,-3.52151158913687e-07,-1.89085158053841e-05,2.01875700185688e-07,0.000685915666508675,-3.09739013779631e-09,-1.05239290144928e-05,-2.34218938927877e-07,0.000381787194836159
57528.0879853436,-3.47317138721929e-07,-1.8778265727118e-05,1.99104645999508e-07,0.000681191464494339,-3.05487327394107e-09,-1.04514461919604e-05,-2.31003735079703e-07,0.000379157681162327
57927.053813632,-3.42549474672789e-07,-1.86489131390226e-05,1.96371626619445e-07,0.000676499800647073,-3.01293999765248e-09,-1.03794625964427e-05,-2.27832667480193e-07,0.000376546277934509
58328.7865291527,-3.37847255929478e-07,-1.85204518513682e-05,1.93676120048316e-07,0.000671840450848107,-2.97158229934385e-09,-1.03079747893661e-05,-2.24705130254225e-07,0.000373952860419586
58733.3053206791,-3.33209584157047e-07,-1.83928757172278e-05,1.91017611451323e-07,0.000667213192522598,-2.93079227933748e-09,-1.02369793558441e-05,-2.21620525843789e-07,0.000371377304743518
59140.6295100621,-3.28635573350799e-07,-1.82661786321789e-05,1.88395593057808e-07,0.000662617804628972,-2.89056214635702e-09,-1.01664729045136e-05,-2.18578264893809e-07,0.000368819487885418
59550.7785531519,-3.24124349667079e-07,-1.81403545340074e-05,1.85809564064379e-07,0.000658054067648376,-2.85088421604055e-09,-1.00964520673738e-05,-2.1557776613954e-07,0.000366279287671688
59963.7720407286,-3.19675051256361e-07,-1.80153974024134e-05,1.83259030539342e-07,0.000653521763574167,-2.81175090947391e-09,-1.00269134996239e-05,-2.12618456295505e-07,0.000363756582770173
60379.6296994364,-3.15286828098657e-07,-1.7891301258719e-05,1.80743505328464e-07,0.000649020675901504,-2.77315475174434e-09,-9.95785387950443e-06,-2.09699769945964e-07,0.000361251252684373
60798.3713927276,-3.10958841841148e-07,-1.77680601655788e-05,1.78262507962001e-07,0.000644550589616989,-2.7350883705137e-09,-9.88926990813768e-06,-2.06821149436874e-07,0.000358763177747682
61220.0171218097,-3.06690265638075e-07,-1.76456682266919e-05,1.75815564563031e-07,0.000640111291188395,-2.69754449461145e-09,-9.82115830937042e-06,-2.0398204476935e-07,0.00035629223911768
61644.5870266023,-3.02480283992804e-07,-1.75241195865156e-05,1.73402207757014e-07,0.000635702568554454,-2.66051595264682e-09,-9.75351582961712e-06,-2.01181913494571e-07,0.000353838318770447
62072.1013866976,-2.98328092602075e-07,-1.74034084299828e-05,1.71021976582613e-07,0.000631324211114724,-2.62399567164005e-09,-9.6863392377046e-06,-1.98420220610141e-07,0.000351401299494933
62502.5806223305,-2.9423289820237e-07,-1.72835289822188e-05,1.68674416403723e-07,0.000626976009719518,-2.5879766756723e-09,-9.6196253247174e-06,-1.95696438457865e-07,0.000348981064887358
62936.0452953524,-2.9019391841841e-07,-1.71644755082627e-05,1.66359078822718e-07,0.000622657756659912,-2.55245208455424e-09,-9.55337090384466e-06,-1.93010046622935e-07,0.000346577499345651
63372.5161102152,-2.8621038161371e-07,-1.70462423127892e-05,1.64075521594874e-07,0.000618369245657809,-2.5174151125127e-09,-9.48757281022753e-06,-1.9036053183449e-07,0.000344190488063929
63812.0139149584,-2.82281526743207e-07,-1.69288237398327e-05,1.61823308543977e-07,0.00061411027185609,-2.48285906689551e-09,-9.42222790080817e-06,-1.87747387867556e-07,0.000341819917027015
64254.5597022062,-2.78406603207884e-07,-1.68122141725136e-05,1.59602009479077e-07,0.000609880631808807,-2.44877734689389e-09,-9.35733305417931e-06,-1.85170115446317e-07,0.000339465673004987
64700.1746101695,-2.74584870711412e-07,-1.66964080327664e-05,1.57411200112392e-07,0.000605680123471474,-2.41516344228259e-09,-9.29288517043524e-06,-1.82628222148725e-07,0.00033712764354778
65148.8799236562,-2.70815599118748e-07,-1.65813997810697e-05,1.55250461978333e-07,0.000601508546191396,-2.3820109321771e-09,-9.22888117102353e-06,-1.80121222312408e-07,0.000334805716979803
65600.697075087,-2.67098068316673e-07,-1.64671839161784e-05,1.53119382353637e-07,0.000597365700698092,-2.34931348380802e-09,-9.165317998598e-06,-1.77648636941886e-07,0.000332499782394614
66055.6476455202,-2.63431568076246e-07,-1.6353754974857e-05,1.51017554178598e-07,0.000593251389093756,-2.31706485131217e-09,-9.10219261687249e-06,-1.75209993617044e-07,0.000330209729649617
66513.7533656814,-2.59815397917151e-07,-1.62411075316159e-05,1.48944575979381e-07,0.000589165414843811,-2.28525887454036e-09,-9.0395020104759e-06,-1.72804826402873e-07,0.000327935449360806
66975.0361170023,-2.5624886697389e-07,-1.61292361984486e-05,1.46900051791389e-07,0.000585107582767504,-2.25388947788136e-09,-8.97724318480788e-06,-1.7043267576044e-07,0.000325676832897537
67439.5179326655,-2.5273129386383e-07,-1.60181356245714e-05,1.44883591083696e-07,0.000581077699028589,-2.22295066910218e-09,-8.91541316589595e-06,-1.68093088459096e-07,0.000323433772377341
67907.2209986571,-2.49262006557047e-07,-1.59078004961648e-05,1.42894808684502e-07,0.000577075571126048,-2.19243653820408e-09,-8.85400900025316e-06,-1.65785617489868e-07,0.00032120616066077
68378.167654826,-2.45840342247966e-07,-1.57982255361162e-05,1.40933324707621e-07,0.000573101007884907,-2.1623412562944e-09,-8.79302775473709e-06,-1.63509821980059e-07,0.000318993891346281
68852.3803959518,-2.42465647228755e-07,-1.56894055037652e-05,1.38998764479968e-07,0.000569153819447084,-2.13265907447376e-09,-8.73246651640957e-06,-1.61265267109009e-07,0.000316796858765152
69329.8818728181,-2.39137276764461e-07,-1.55813351946504e-05,1.37090758470046e-07,0.000565233817262326,-2.10338432273857e-09,-8.67232239239756e-06,-1.59051524025017e-07,0.000314614957976439
69810.6948932956,-2.35854594969855e-07,-1.54740094402576e-05,1.35208942217411e-07,0.000561340814079188,-2.0745114088986e-09,-8.61259250975481e-06,-1.56868169763399e-07,0.000312448084761957
70294.8424234306,-2.32616974687974e-07,-1.53674231077706e-05,1.33352956263106e-07,0.000557474623936092,-2.04603481750937e-09,-8.55327401532469e-06,-1.54714787165682e-07,0.000310296135621311
70782.3475885425,-2.29423797370319e-07,-1.52615710998227e-05,1.31522446081042e-07,0.000553635062152433,-2.01794910881915e-09,-8.49436407560368e-06,-1.52590964799888e-07,0.000308159007766941
71273.2336743282,-2.26274452958714e-07,-1.5156448354251e-05,1.29717062010332e-07,0.000549821945319756,-1.9902489177305e-09,-8.43585987660612e-06,-1.50496296881935e-07,0.000306036599119225
71767.5241279742,-2.23168339768764e-07,-1.50520498438518e-05,1.27936459188539e-07,0.000546035091292991,-1.96292895277589e-09,-8.37775862372963e-06,-1.48430383198098e-07,0.000303928808301593
72265.2425592773,-2.20104864374931e-07,-1.49483705761379e-05,1.2618029748585e-07,0.000542274319181743,-1.93598399510756e-09,-8.32005754162157e-06,-1.46392829028546e-07,0.000301835534635691
72766.4127417709,-2.17083441497178e-07,-1.48454055930977e-05,1.24448241440148e-07,0.000538539449341655,-1.90940889750108e-09,-8.26275387404649e-06,-1.44383245071923e-07,0.000299756678136571
73271.058613862,-2.14103493889171e-07,-1.47431499709555e-05,1.22739960192972e-07,0.000534830303365812,-1.88319858337263e-09,-8.20584488375431e-06,-1.42401247370967e-07,0.000297692139507913
73779.2042799737,-2.11164452228017e-07,-1.46415988199345e-05,1.21055127426361e-07,0.000531146704076229,-1.85734804580978e-09,-8.14932785234964e-06,-1.40446457239148e-07,0.000295641820137286
74290.8740116972,-2.08265755005507e-07,-1.45407472840204e-05,1.19393421300558e-07,0.000527488475515366,-1.83185234661552e-09,-8.09320008016173e-06,-1.38518501188316e-07,0.000293605622091434
74806.0922489501,-2.05406848420865e-07,-1.44405905407272e-05,1.17754524392572e-07,0.000523855442937736,-1.80670661536545e-09,-8.0374588861156e-06,-1.36617010857339e-07,0.0002915834481116
75324.8836011454,-2.02587186274955e-07,-1.43411238008648e-05,1.16138123635582e-07,0.000520247432801541,-1.78190604847782e-09,-7.98210160760381e-06,-1.34741622941724e-07,0.000289575201608884
75847.2728483651,-1.99806229865952e-07,-1.42423423083079e-05,1.1454391025917e-07,0.000516664272760388,-1.75744590829642e-09,-7.92712560035936e-06,-1.32891979124198e-07,0.000287580786659622
76373.2849425456,-1.97063447886431e-07,-1.41442413397662e-05,1.12971579730373e-07,0.000513105791655045,-1.73332152218598e-09,-7.87252823832914e-06,-1.31067726006252e-07,0.000285600108000812
76902.9450086679,-1.94358316321885e-07,-1.40468162045575e-05,1.11420831695552e-07,0.000509571819505266,-1.70952828164001e-09,-7.81830691354867e-06,-1.29268515040615e-07,0.000283633071025559
77436.2783459591,-1.91690318350621e-07,-1.39500622443807e-05,1.0989136992304e-07,0.000506062187501667,-1.68606164140085e-09,-7.76445903601726e-06,-1.27494002464659e-07,0.000281679581778558
77973.3104290997,-1.89058944245039e-07,-1.3853974833092e-05,1.08382902246599e-07,0.000502576727997659,-1.66291711859185e-09,-7.71098203357444e-06,-1.25743849234719e-07,0.000279739546951607
78514.0669094413,-1.86463691274257e-07,-1.37585493764811e-05,1.06895140509632e-07,0.000499115274501436,-1.64009029186132e-09,-7.65787335177689e-06,-1.24017720961316e-07,0.000277812873879147
79058.5736162311,-1.83904063608087e-07,-1.36637813120505e-05,1.05427800510177e-07,0.000495677661668018,-1.61757680053841e-09,-7.60513045377652e-06,-1.22315287845261e-07,0.000275899470533842
79606.8565578463,-1.81379572222308e-07,-1.35696661087953e-05,1.03980601946641e-07,0.000492263725291352,-1.59537234380039e-09,-7.5527508201991e-06,-1.20636224614648e-07,0.000273999245522175
80158.9419230357,-1.78889734805263e-07,-1.3476199266985e-05,1.02553268364287e-07,0.000488873302296463,-1.57347267985147e-09,-7.50073194902405e-06,-1.18980210462703e-07,0.000272112108080092
80714.8560821713,-1.76434075665714e-07,-1.33833763179465e-05,1.01145527102453e-07,0.000485506230731662,-1.55187362511281e-09,-7.4490713554647e-06,-1.1734692898649e-07,0.000270237968068659
81274.6255885071,-1.7401212564198e-07,-1.32911928238491e-05,9.97571092424935e-08,0.000482162349760807,-1.53057105342373e-09,-7.39776657184974e-06,-1.15736068126457e-07,0.000268376735969761
81838.2771794484,-1.71623422012314e-07,-1.31996443774905e-05,9.83877495564367e-08,0.000478841499655616,-1.50956089525373e-09,-7.34681514750513e-06,-1.14147320106812e-07,0.000266528322881826
82405.8377778279,-1.69267508406508e-07,-1.3108726602085e-05,9.70371864563443e-08,0.000475543521788037,-1.4888391369255e-09,-7.29621464863718e-06,-1.12580381376722e-07,0.000264692640515575
82977.3344931927,-1.66943934718716e-07,-1.3018435151052e-05,9.57051619443652e-08,0.000472268258622664,-1.46840181984842e-09,-7.24596265821608e-06,-1.11034952552308e-07,0.000262869601189811
83552.7946230977,-1.64652257021475e-07,-1.29287657078074e-05,9.43914215634786e-08,0.000469015553709214,-1.4482450397627e-09,-7.19605677586057e-06,-1.09510738359451e-07,0.000261059117827225
84132.2456544116,-1.62392037480893e-07,-1.28397139855555e-05,9.30957143489054e-08,0.000465785251675045,-1.4283649459938e-09,-7.14649461772313e-06,-1.08007447577368e-07,0.00025926110395024
84715.7152646274,-1.60162844273021e-07,-1.27512757270825e-05,9.1817792780194e-08,0.000462577198217739,-1.40875774071716e-09,-7.09727381637614e-06,-1.06524792982978e-07,0.000257475473676882
85303.2313231867,-1.57964251501356e-07,-1.2663446704552e-05,9.05574127339562e-08,0.000459391240097721,-1.3894196782329e-09,-7.04839202069871e-06,-1.05062491296018e-07,0.000255702141716674
85894.8218928089,-1.55795839115483e-07,-1.25762227193009e-05,8.93143334372573e-08,0.000456227225130943,-1.37034706425064e-09,-6.99984689576442e-06,-1.03620263124921e-07,0.000253941023366565
86490.5152308334,-1.53657192830835e-07,-1.24895996016379e-05,8.80883174216395e-08,0.000453085002181606,-1.35153625518393e-09,-6.95163612272965e-06,-1.02197832913431e-07,0.000252192034506882
87090.3397905676,-1.5154790404955e-07,-1.24035732106427e-05,8.68791304777827e-08,0.000449964421154946,-1.33298365745452e-09,-6.90375739872289e-06,-1.00794928887961e-07,0.000250455091597316
87694.3242226474,-1.49467569782417e-07,-1.23181394339666e-05,8.56865416107799e-08,0.000446865332990053,-1.31468572680608e-09,-6.85620843673461e-06,-9.94112830056577e-08,0.000248730111672927
88302.4973764047,-1.47415792571893e-07,-1.22332941876348e-05,8.45103229960334e-08,0.000443787589652756,-1.29663896762743e-09,-6.80898696550809e-06,-9.80466309031954e-08,0.000247017012340185
88914.8883012464,-1.45392180416176e-07,-1.21490334158499e-05,8.33502499357486e-08,0.000440731044128543,-1.27883993228489e-09,-6.76209072943078e-06,-9.67007118462613e-08,0.000245315711773032
89531.5262480405,-1.4339634669432e-07,-1.20653530907968e-05,8.22061008160314e-08,0.000437695550415545,-1.261285220464e-09,-6.71551748842665e-06,-9.53732686797415e-08,0.000243626128708975
90152.440670515,-1.41427910092376e-07,-1.1982249212449e-05,8.10776570645683e-08,0.000434680963517548,-1.24397147852006e-09,-6.66926501784905e-06,-9.40640477785848e-08,0.000241948182445205
90777.661226663,-1.39486494530554e-07,-1.18997178083765e-05,7.99647031088922e-08,0.000431687139437076,-1.22689539883777e-09,-6.6233311083745e-06,-9.27727989993472e-08,0.000240281792834741
91407.217780161,-1.37571729091372e-07,-1.1817754933554e-05,7.88670263352151e-08,0.000428713935168502,-1.21005371919952e-09,-6.57771356589707e-06,-9.14992756323953e-08,0.000238626880282601
92041.1404017939,-1.35683247948805e-07,-1.17363566701723e-05,7.77844170478312e-08,0.000425761208691221,-1.19344322216238e-09,-6.53241021142362e-06,-9.02432343547722e-08,0.000236983365742005
92679.4593708925,-1.33820690298395e-07,-1.16555191274489e-05,7.67166684290715e-08,0.000422828818962862,-1.1770607344437e-09,-6.48741888096959e-06,-8.9004435183704e-08,0.000235351170710593
93322.2051767786,-1.31983700288328e-07,-1.15752384414418e-05,7.56635764998134e-08,0.000419916625912546,-1.16090312631504e-09,-6.44273742545573e-06,-8.77826414307506e-08,0.000233730217226681
93969.4085202226,-1.30171926951452e-07,-1.14955107748631e-05,7.46249400805256e-08,0.000417024490434196,-1.14496731100447e-09,-6.39836371060527e-06,-8.65776196565806e-08,0.000232120427865532
94621.1003149089,-1.28385024138232e-07,-1.14163323168951e-05,7.36005607528536e-08,0.000414152274379892,-1.12925024410712e-09,-6.35429561684211e-06,-8.53891396263715e-08,0.000230521725735663
95277.3116889132,-1.26622650450619e-07,-1.13376992830067e-05,7.25902428217268e-08,0.000411299840553268,-1.11374892300366e-09,-6.31053103918942e-06,-8.42169742658183e-08,0.000228934034475167
95938.0739861886,-1.24884469176837e-07,-1.12596079147718e-05,7.15937932779903e-08,0.000408467052702955,-1.09846038628696e-09,-6.26706788716917e-06,-8.30608996177497e-08,0.000227357278248072
96603.4187680637,-1.23170148227054e-07,-1.11820544796887e-05,7.06110217615446e-08,0.000405653775516074,-1.08338171319644e-09,-6.22390408470214e-06,-8.19206947993356e-08,0.000225791381740713
97273.3778147489,-1.21479360069943e-07,-1.11050352710007e-05,6.96417405249954e-08,0.000402859874611771,-1.0685100230603e-09,-6.18103757000885e-06,-8.07961419598869e-08,0.000224236270158137
97947.983126856,-1.1981178167011e-07,-1.10285466075178e-05,6.86857643977974e-08,0.000400085216534793,-1.05384247474532e-09,-6.13846629551096e-06,-7.96870262392299e-08,0.000222691869220531
98627.2669269249,-1.18167094426383e-07,-1.09525848334402e-05,6.77429107508953e-08,0.000397329668749115,-1.0393762661143e-09,-6.09618822773351e-06,-7.85931357266561e-08,0.000221158105159674
99311.2616609643,-1.16544984110947e-07,-1.08771463181824e-05,6.68129994618449e-08,0.000394593099631604,-1.02510863349083e-09,-6.05420134720769e-06,-7.75142614204319e-08,0.000219634904715412
100000,-1.14945140809315e-07,-1.08022274561992e-05,6.58958528804162e-08,0.000391875378465735,-1.01103685113152e-09,-6.01250364837445e-06,-7.64501971878679e-08,0.00021812219513216
