Frequency_Hz,Y11_Real,Y11_Imag,Y12_Real,Y12_Imag,Y21_Real,Y21_Imag,Y22_Real,Y22_Imag
0.1,0.283382454777356,-0.0015936269026032,-0.115521580071066,0.000161793754226543,-0.0628891967034472,0.000161785302179589,-0.325170754572802,-1.43688953609909e-05
0.100693514841637,0.283382559018059,-0.00160469522866497,-0.115521660204546,0.000162920473144806,-0.0628892656473101,0.000162911844666916,-0.325171322189531,-1.44405530545406e-05
0.10139183931163,0.283382664678228,-0.00161584065437275,-0.115521741446203,0.00016405510314901,-0.0628893355437919,0.00016404629456633,-0.325171897669961,-1.45121229722621e-05
0.102095006765465,0.283382771776745,-0.00162706372145774,-0.115521823811261,0.000165197701124286,-0.0628894064059571,0.000165188708686781,-0.32517248112252,-1.45835923154418e-05
0.102803050789954,0.283382880332731,-0.00163836497555298,-0.11552190731515,0.000166348324392119,-0.0628894782470467,0.000166339144271997,-0.325173072657117,-1.46549479433274e-05
0.103516005204838,0.283382990365547,-0.00164974496622335,-0.115521991973511,0.000167507030714216,-0.0628895510804802,0.000167497659004328,-0.325173672385159,-1.47261763655364e-05
0.104233904064403,0.283383101894801,-0.00166120424699583,-0.115522077802195,0.000168673878296442,-0.0628896249198584,0.000168664311008653,-0.325174280419575,-1.47972637342848e-05
0.104956781659108,0.283383214940343,-0.00167274337539008,-0.115522164817269,0.0001698489257928,-0.0628896997789655,0.000169839158856318,-0.325174896874835,-1.48681958364559e-05
0.105684672517218,0.283383329522276,-0.00168436291294925,-0.115522253035017,0.000171032232309444,-0.0628897756717714,0.00017102226156912,-0.32517552186697,-1.49389580855058e-05
0.106417611406461,0.283383445660952,-0.00169606342527105,-0.115522342471942,0.000172223857408748,-0.0628898526124343,0.000172213678623342,-0.325176155513593,-1.500953551321e-05
0.10715563333568,0.28338356337698,-0.00170784548203912,-0.115522433144772,0.000173423861113416,-0.0628899306153031,0.00017341346995383,-0.32517679793392,-1.50799127612428e-05
0.107898773556513,0.283383682691226,-0.00171970965705471,-0.115522525070461,0.000174632303910655,-0.0628900096949199,0.00017462169595812,-0.325177449248794,-1.5150074072507e-05
0.108647067565072,0.283383803624816,-0.00173165652826861,-0.115522618266189,0.000175849246756371,-0.0628900898660224,0.000175838417500609,-0.325178109580701,-1.52200032824019e-05
0.109400551103639,0.283383926199137,-0.00174368667781337,-0.115522712749373,0.000177074751079438,-0.0628901711435464,0.00017706369591678,-0.325178779053798,-1.52896838098021e-05
0.110159260162376,0.283384050435845,-0.00175580069203582,-0.115522808537661,0.000178308878785997,-0.0628902535426287,0.000178297593017467,-0.325179457793932,-1.5359098647947e-05
0.11092323098104,0.283384176356864,-0.0017679991615299,-0.115522905648942,0.000179551692263828,-0.0628903370786093,0.000179540171093181,-0.325180145928661,-1.54282303550003e-05
0.111692500050717,0.283384303984388,-0.00178028268116972,-0.115523004101343,0.000180803254386752,-0.0628904217670343,0.000180791492918482,-0.325180843587281,-1.54970610445754e-05
0.112467104115564,0.283384433340886,-0.00179265185014307,-0.11552310391324,0.000182063628519094,-0.0628905076236585,0.000182051621756395,-0.325181550900847,-1.556557237593e-05
0.113247080174565,0.283384564449104,-0.00180510727198505,-0.115523205103251,0.000183332878520201,-0.0628905946644478,0.00018332062136289,-0.325182268002195,-1.56337455440789e-05
0.114032465483296,0.283384697332069,-0.00181764955461216,-0.115523307690249,0.000184611068749016,-0.0628906829055824,0.000184598555991408,-0.325182995025967,-1.57015612695446e-05
0.114823297555707,0.28338483201309,-0.00183027931035658,-0.115523411693361,0.000185898264068695,-0.0628907723634592,0.000185885490397444,-0.325183732108635,-1.57689997880121e-05
0.115619614165913,0.283384968515763,-0.00184299715600088,-0.115523517131969,0.000187194529851289,-0.0628908630546949,0.00018718148984318,-0.325184479388525,-1.58360408398055e-05
0.116421453349997,0.283385106863971,-0.001855803712813,-0.115523624025716,0.00018849993198248,-0.0628909549961284,0.000188486620102178,-0.325185237005842,-1.59026636589663e-05
0.117228853407829,0.283385247081891,-0.00186869960658151,-0.115523732394512,0.000189814536866376,-0.062891048204824,0.000189800947464127,-0.325186005102694,-1.59688469623283e-05
0.118041852904894,0.283385389193992,-0.00188168546765127,-0.115523842258531,0.000191138411430359,-0.0628911426980741,0.000191124538739647,-0.325186783823116,-1.60345689381378e-05
0.118860490674132,0.283385533225043,-0.00189476193095936,-0.115523953638221,0.000192471623129994,-0.0628912384934023,0.000192457461265153,-0.3251875733131,-1.60998072346492e-05
0.1196848058178,0.283385679200112,-0.0019079296360714,-0.115524066554301,0.000193814239954002,-0.0628913356085661,0.000193799782907774,-0.325188373720616,-1.61645389483434e-05
0.120514837709331,0.283385827144571,-0.0019211892272182,-0.115524181027771,0.000195166330429286,-0.06289143406156,0.000195151572070334,-0.325189185195641,-1.62287406119642e-05
0.12135062599522,0.2833859770841,-0.00193454135333266,-0.115524297079911,0.000196527963626021,-0.0628915338706187,0.000196512897696393,-0.325190007890182,-1.62923881822478e-05
0.122192210596917,0.283386129044686,-0.00194798666808717,-0.115524414732288,0.000197899209162815,-0.0628916350542199,0.000197883829275352,-0.325190841958308,-1.63554570275053e-05
0.123039631712731,0.28338628305263,-0.00196152582993124,-0.115524534006755,0.000199280137211919,-0.0628917376310874,0.000199264436847617,-0.325191687556173,-1.64179219148131e-05
0.123892929819754,0.283386439134548,-0.00197515950212955,-0.115524654925459,0.000200670818504513,-0.0628918416201944,0.000200654791009826,-0.325192544842045,-1.64797569970447e-05
0.124752145675793,0.283386597317375,-0.00198888835280031,-0.115524777510845,0.000202071324336049,-0.0628919470407666,0.000202054962920143,-0.325193413976332,-1.65409357996069e-05
0.125617320321316,0.283386757628366,-0.00200271305495404,-0.115524901785657,0.000203481726571671,-0.0628920539122852,0.000203465024303618,-0.325194295121613,-1.66014312068426e-05
0.126488495081411,0.283386920095104,-0.00201663428653265,-0.11552502777294,0.000204902097651686,-0.0628921622544904,0.000204885047457607,-0.325195188442664,-1.66612154482437e-05
0.127365711567764,0.283387084745495,-0.00203065273044897,-0.115525155496052,0.000206332510597124,-0.0628922720873845,0.000206315105257271,-0.325196094106489,-1.67202600843269e-05
0.128249011680643,0.28338725160778,-0.00204476907462657,-0.115525284978659,0.00020777303901535,-0.0628923834312352,0.000207755271161131,-0.325197012282347,-1.67785359922075e-05
0.129138437610901,0.283387420710529,-0.00205898401204006,-0.115525416244745,0.000209223757105754,-0.0628924963065791,0.0002092056192167,-0.325197943141783,-1.68360133509134e-05
0.130034031841991,0.283387592082652,-0.00207329824075566,-0.115525549318612,0.000210684739665516,-0.0628926107342248,0.000210666224066179,-0.325198886858655,-1.68926616263901e-05
0.130935837151994,0.283387765753398,-0.00208771246397228,-0.115525684224886,0.000212156062095435,-0.0628927267352568,0.000212137160952238,-0.32519984360917,-1.69484495561381e-05
0.131843896615665,0.283387941752358,-0.0021022273900629,-0.115525820988523,0.000213637800405842,-0.0628928443310381,0.000213618505723853,-0.325200813571909,-1.70033451336558e-05
0.132758253606487,0.283388120109468,-0.00211684373261639,-0.11552595963481,0.000215130031222577,-0.0628929635432146,0.000215110334842228,-0.32520179692786,-1.70573155924038e-05
0.133678951798747,0.283388300855014,-0.00213156221047972,-0.115526100189368,0.000216632831793053,-0.0628930843937181,0.000216612725386788,-0.325202793860449,-1.71103273895815e-05
0.134606035169616,0.283388484019633,-0.00214638354780063,-0.115526242678163,0.000218146279992391,-0.06289320690477,0.000218125755061246,-0.325203804555574,-1.71623461895018e-05
0.135539548001256,0.283388669634316,-0.00216130847407062,-0.115526387127502,0.000219670454329635,-0.0628933310988848,0.000219649502199756,-0.325204829201632,-1.72133368466151e-05
0.136479534882933,0.283388857730412,-0.00217633772416845,-0.115526533564042,0.000221205433954046,-0.0628934569988741,0.000221184045773136,-0.325205867989558,-1.72632633882175e-05
0.137426040713143,0.283389048339631,-0.00219147203840401,-0.115526682014797,0.000222751298661483,-0.0628935846278497,0.000222729465395171,-0.325206921112853,-1.73120889968084e-05
0.138379110701763,0.283389241494045,-0.0022067121625626,-0.115526832507134,0.000224308128900855,-0.0628937140092277,0.000224285841329002,-0.325207988767617,-1.73597759920326e-05
0.139338790372205,0.283389437226095,-0.00222205884794975,-0.115526985068785,0.000225876005780666,-0.0628938451667322,0.000225853254493594,-0.325209071152587,-1.74062858123297e-05
0.140305125563594,0.283389635568589,-0.00223751285143635,-0.115527139727851,0.000227455011075644,-0.0628939781243992,0.000227431786470289,-0.325210168469167,-1.74515789961409e-05
0.141278162432955,0.283389836554707,-0.00225307493550431,-0.1155272965128,0.000229045227233456,-0.06289411290658,0.000229021519509447,-0.325211280921463,-1.74956151627534e-05
0.14225794745742,0.283390040218005,-0.00226874586829261,-0.115527455452481,0.000230646737381503,-0.0628942495379456,0.000230622536537162,-0.325212408716322,-1.75383529927957e-05
0.143244527436446,0.283390246592419,-0.00228452642364388,-0.115527616576121,0.000232259625333815,-0.0628943880434902,0.000232234921162072,-0.325213552063359,-1.75797502082915e-05
0.14423794949405,0.283390455712261,-0.00230041738115139,-0.115527779913333,0.000233883975598029,-0.0628945284485357,0.000233858757682275,-0.325214711175002,-1.76197635522457e-05
0.145238261081064,0.283390667612231,-0.00231641952620646,-0.115527945494123,0.000235519873382467,-0.0628946707787348,0.000235494131092299,-0.32521588626652,-1.76583487679662e-05
0.146245509977397,0.283390882327412,-0.00233253365004649,-0.11552811334889,0.000237167404603297,-0.062894815060076,0.000237141127090198,-0.325217077556067,-1.76954605778344e-05
0.147259744294318,0.283391099893279,-0.00234876054980331,-0.115528283508433,0.000238826655891791,-0.062894961318887,0.00023879983208472,-0.325218285264712,-1.77310526617222e-05
0.148281012476756,0.283391320345696,-0.00236510102855207,-0.115528456003958,0.00024049771460169,-0.0628951095818391,0.000240470333202578,-0.32521950961648,-1.7765077634891e-05
0.149309363305612,0.283391543720925,-0.00238155589536071,-0.115528630867081,0.000242180668816654,-0.0628952598759513,0.000242152718295824,-0.32522075083839,-1.77974870254997e-05
0.150344845900091,0.283391770055621,-0.00239812596533976,-0.115528808129831,0.000243875607357815,-0.0628954122285945,0.000243847075949298,-0.325222009160492,-1.78282312516993e-05
0.151387509720044,0.283391999386843,-0.00241481205969277,-0.11552898782466,0.000245582619791435,-0.0628955666674958,0.000245553495488205,-0.325223284815907,-1.785725959811e-05
0.152437404568337,0.283392231752048,-0.00243161500576719,-0.115529169984444,0.000247301796436665,-0.0628957232207426,0.000247272066985773,-0.325224578040863,-1.78845201919721e-05
0.153494580593225,0.283392467189101,-0.00244853563710579,-0.11552935464249,0.000249033228373394,-0.062895881916787,0.000249002881271011,-0.325225889074738,-1.7909959978777e-05
0.154559088290748,0.283392705736273,-0.0024655747934986,-0.115529541832542,0.000250777007450236,-0.0628960427844502,0.000250746029936597,-0.3252272181601,-1.79335246973562e-05
0.155630978507143,0.283392947432246,-0.00248273332103533,-0.115529731588785,0.000252533226292587,-0.0628962058529271,0.000252501605346835,-0.325228565542745,-1.79551588544644e-05
0.156710302441275,0.283393192316112,-0.00250001207215839,-0.115529923945849,0.000254301978310822,-0.0628963711517902,0.000254269700645752,-0.325229931471737,-1.79748056989663e-05
0.15779711164708,0.283393440427378,-0.00251741190571642,-0.115530118938817,0.00025608335770858,-0.0628965387109947,0.000256050409765281,-0.325231316199455,-1.79924071953032e-05
0.158891458036027,0.28339369180597,-0.00253493368701836,-0.115530316603231,0.000257877459491177,-0.0628967085608824,0.000257843827433567,-0.325232719981629,-1.80079039966523e-05
0.159993393879601,0.28339394649223,-0.00255257828788807,-0.115530516975095,0.000259684379474119,-0.062896880732187,0.000259650049183377,-0.325234143077384,-1.80212354173558e-05
0.161102971811794,0.283394204526922,-0.00257034658671951,-0.11553072009088,0.000261504214291755,-0.0628970552560379,0.000261469171360636,-0.325235585749287,-1.80323394048526e-05
0.162220244831628,0.283394465951233,-0.00258823946853257,-0.115530925987535,0.000263337061406018,-0.0628972321639657,0.000263301291133071,-0.325237048263381,-1.80411525111321e-05
0.163345266305675,0.283394730806775,-0.00260625782502926,-0.115531134702486,0.000265183019115305,-0.062897411487906,0.000265146506498964,-0.325238530889237,-1.8047609863462e-05
0.164478089970617,0.283394999135588,-0.00262440255465077,-0.115531346273646,0.000267042186563477,-0.062897593260205,0.000267004916296045,-0.325240033899997,-1.80516451346625e-05
0.165618769935804,0.28339527098014,-0.00264267456263487,-0.115531560739419,0.000268914663748972,-0.0628977775136234,0.000268876620210494,-0.325241557572414,-1.80531905126756e-05
0.166767360685846,0.283395546383328,-0.00266107476107402,-0.115531778138708,0.000270800551534066,-0.0628979642813422,0.000270761718786066,-0.325243102186902,-1.80521766696209e-05
0.167923917083208,0.283395825388483,-0.00267960406897409,-0.115531998510916,0.00027269995165423,-0.0628981535969665,0.000272660313433341,-0.325244668027579,-1.80485327301513e-05
0.169088494370839,0.283396108039371,-0.00269826341231364,-0.115532221895959,0.000274612966727645,-0.0628983454945312,0.000274572506439107,-0.325246255382313,-1.80421862392317e-05
0.170261148174801,0.283396394380189,-0.00271705372410386,-0.115532448334266,0.000276539700264829,-0.0628985400085057,0.000276498400975872,-0.325247864542772,-1.80330631292039e-05
0.171441934506935,0.283396684455576,-0.00273597594444908,-0.115532677866789,0.00027848025667841,-0.0628987371737987,0.000278438101111498,-0.325249495804466,-1.8021087686327e-05
0.172630909767531,0.283396978310604,-0.00275503102060797,-0.115532910535006,0.000280434741293036,-0.0628989370257635,0.000280391711818985,-0.325251149466799,-1.80061825164092e-05
0.173828130748022,0.283397275990788,-0.00277421990705538,-0.11553314638093,0.000282403260355406,-0.0628991396002028,0.000282359338986369,-0.325252825833114,-1.79882685100545e-05
0.1750336546337,0.28339757754208,-0.00279354356554474,-0.115533385447113,0.000284385921044458,-0.062899344933374,0.000284341089426777,-0.325254525210745,-1.7967264806986e-05
0.176247539006444,0.283397883010875,-0.00281300296517126,-0.115533627776654,0.000286382831481697,-0.0628995530619941,0.000286337070888616,-0.325256247911062,-1.79430887597316e-05
0.177469841847474,0.283398192444009,-0.00283259908243559,-0.115533873413204,0.000288394100741655,-0.0628997640232452,0.000288347392065888,-0.325257994249524,-1.79156558966324e-05
0.178700621540116,0.283398505888761,-0.00285233290130844,-0.115534122400975,0.000290419838862519,-0.0628999778547796,0.000290372162608688,-0.325259764545726,-1.78848798840191e-05
0.179939936872594,0.283398823392853,-0.00287220541329553,-0.115534374784741,0.000292460156856887,-0.0629001945947249,0.000292411493133797,-0.325261559123456,-1.78506724877667e-05
0.181187847040838,0.283399145004449,-0.00289221761750358,-0.115534630609851,0.000294515166722686,-0.0629004142816895,0.000294465495235471,-0.325263378310736,-1.78129435339444e-05
0.182444411651309,0.28339947077216,-0.00291237052070667,-0.115534889922232,0.000296584981454244,-0.0629006369547677,0.000296534281496351,-0.325265222439884,-1.77716008687434e-05
0.183709690723849,0.283399800745039,-0.0029326651374136,-0.115535152768396,0.000298669715053518,-0.0629008626535455,0.000298617965498542,-0.325267091847558,-1.77265503176795e-05
0.184983744694544,0.283400134972581,-0.00295310248993566,-0.115535419195446,0.000300769482541472,-0.0629010914181055,0.000300716661834833,-0.325268986874817,-1.76776956439043e-05
0.186266634418617,0.283400473504728,-0.00297368360845546,-0.115535689251085,0.000302884399969631,-0.0629013232890326,0.000302830486120094,-0.325270907867166,-1.76249385056837e-05
0.187558421173328,0.283400816391864,-0.00299440953109619,-0.115535962983622,0.00030501458443179,-0.0629015583074198,0.000304959555002825,-0.325272855174614,-1.7568178413075e-05
0.188859166660905,0.283401163684813,-0.00301528130399173,-0.115536240441976,0.000307160154075873,-0.062901796514873,0.000307103986176853,-0.32527482915173,-1.75073126837989e-05
0.190168933011491,0.283401515434846,-0.00303629998135764,-0.115536521675687,0.000309321228116009,-0.0629020379535172,0.000309263898393227,-0.325276830157692,-1.74422363981123e-05
0.191487782786108,0.283401871693671,-0.00305746662556262,-0.115536806734922,0.000311497926844712,-0.0629022826660017,0.000311439411472254,-0.325278858556351,-1.73728423528939e-05
0.192815778979652,0.283402232513437,-0.00307878230720105,-0.11553709567048,0.0003136903716453,-0.0629025306955061,0.000313630646315718,-0.325280914716278,-1.72990210147994e-05
0.194152985023894,0.283402597946733,-0.003100248105166,-0.115537388533798,0.000315898685004441,-0.0629027820857456,0.000315837724919268,-0.325282999010826,-1.72206604724737e-05
0.195499464790516,0.283402968046583,-0.0031218651067233,-0.115537685376965,0.00031812299052491,-0.062903036880977,0.000318060770384987,-0.325285111818187,-1.71376463879019e-05
0.196855282594159,0.283403342866448,-0.0031436344075862,-0.115537986252722,0.000320363412938508,-0.062903295126004,0.000320299906934137,-0.325287253521445,-1.7049861946665e-05
0.198220503195496,0.283403722460221,-0.00316555711199098,-0.115538291214472,0.000322620078119183,-0.0629035568661835,0.000322555259920084,-0.32528942450864,-1.69571878074273e-05
0.199595191804325,0.283404106882227,-0.00318763433277316,-0.115538600316286,0.000324893113096318,-0.0629038221474311,0.000324826955841411,-0.325291625172823,-1.68595020501247e-05
0.200979414082682,0.283404496187219,-0.00320986719144482,-0.115538913612913,0.000327182646068237,-0.0629040910162269,0.000327115122355221,-0.325293855912114,-1.67566801235475e-05
0.202373236147981,0.283404890430376,-0.00323225681827253,-0.115539231159785,0.000329488806415876,-0.0629043635196215,0.000329419888290613,-0.325296117129768,-1.66485947915573e-05
0.203776724576168,0.283405289667302,-0.00325480435235614,-0.115539553013026,0.000331811724716667,-0.0629046397052417,0.000331741383662384,-0.325298409234226,-1.6535116078388e-05
0.205189946404906,0.283405693954018,-0.00327751094170854,-0.115539879229458,0.000334151532758622,-0.0629049196212966,0.000334079739684888,-0.325300732639184,-1.64161112129399e-05
0.206612969136771,0.283406103346962,-0.00330037774333616,-0.115540209866607,0.000336508363554607,-0.0629052033165834,0.000336435088786122,-0.325303087763649,-1.62914445718879e-05
0.208045860742482,0.283406517902985,-0.00332340592332041,-0.115540544982717,0.000338882351356841,-0.0629054908404934,0.000338807564622012,-0.325305475032006,-1.61609776217139e-05
0.209488689664142,0.283406937679346,-0.00334659665689991,-0.115540884636749,0.000341273631671579,-0.0629057822430182,0.000341197302090882,-0.325307894874072,-1.60245688596156e-05
0.210941524818514,0.283407362733709,-0.00336995112855373,-0.115541228888396,0.000343682341274037,-0.0629060775747551,0.000343604437348162,-0.32531034772517,-1.58820737533663e-05
0.212404435600306,0.283407793124136,-0.00339347053208541,-0.115541577798086,0.000346108618223488,-0.062906376886914,0.000346029107821273,-0.325312834026183,-1.57333446798649e-05
0.21387749188549,0.283408228909083,-0.003417156070708,-0.115541931426992,0.000348552601878634,-0.0629066802313228,0.000348471452224767,-0.325315354223622,-1.55782308625466e-05
0.215360764034637,0.283408670147395,-0.0034410089571299,-0.115542289837038,0.000351014432913148,-0.0629069876604336,0.00035093161057565,-0.325317908769692,-1.54165783076421e-05
0.21685432289628,0.283409116898301,-0.0034650304136417,-0.11554265309091,0.000353494253331471,-0.0629072992273291,0.000353409724208938,-0.325320498122352,-1.52482297391399e-05
0.218358239810298,0.283409569221406,-0.00348922167220397,-0.11554302125206,0.000355992206484816,-0.0629076149857283,0.000355905935793442,-0.325323122745388,-1.50730245326094e-05
0.21987258661132,0.283410027176685,-0.00351358397453595,-0.115543394384717,0.000358508437087424,-0.0629079349899929,0.000358420389347776,-0.325325783108472,-1.48907986475266e-05
0.22139743563216,0.283410490824479,-0.00353811857220523,-0.115543772553892,0.000361043091233046,-0.0629082592951333,0.000360953230256599,-0.325328479687232,-1.47013845585714e-05
0.222932859707273,0.283410960225481,-0.00356282672671835,-0.115544155825389,0.000363596316411655,-0.062908587956815,0.000363504605287077,-0.32533121296332,-1.45046111854411e-05
0.224478932176229,0.283411435440736,-0.00358770970961251,-0.115544544265812,0.000366168261526413,-0.0629089210313644,0.000366074662605614,-0.325333983424477,-1.43003038213588e-05
0.22603572688722,0.28341191653163,-0.00361276880254805,-0.115544937942571,0.000368759076910865,-0.0629092585757751,0.00036866355179478,-0.325336791564603,-1.40882840602777e-05
0.227603318200585,0.283412403559879,-0.00363800529740219,-0.115545336923894,0.000371368914346422,-0.0629096006477144,0.000371271423870535,-0.325339637883826,-1.38683697225514e-05
0.229181780992365,0.283412896587521,-0.00366342049636355,-0.115545741278829,0.000373997927080038,-0.0629099473055291,0.000373898431299654,-0.325342522888571,-1.36403747793487e-05
0.230771190657875,0.283413395676912,-0.00368901571202783,-0.115546151077261,0.000376646269842185,-0.0629102986082517,0.000376544728017428,-0.325345447091627,-1.34041092755832e-05
0.23237162311531,0.283413900890707,-0.00371479226749446,-0.115546566389912,0.000379314098865084,-0.0629106546156069,0.000379210469445629,-0.325348411012223,-1.31593792513235e-05
0.233983154809368,0.283414412291857,-0.00374075149646435,-0.115546987288352,0.000382001571901187,-0.0629110153880175,0.000381895812510709,-0.325351415176091,-1.2905986661732e-05
0.235605862714901,0.283414929943595,-0.00376689474333861,-0.11554741384501,0.000384708848241913,-0.0629113809866109,0.000384600915662276,-0.325354460115544,-1.26437292956028e-05
0.237239824340596,0.283415453909422,-0.0037932233633184,-0.115547846133177,0.00038743608873671,-0.0629117514732248,0.000387325938891845,-0.325357546369545,-1.23724006922121e-05
0.238885117732672,0.283415984253102,-0.0038197387225058,-0.115548284227019,0.000390183455812321,-0.0629121269104139,0.00039007104375184,-0.325360674483778,-1.20917900566578e-05
0.240541821478611,0.283416521038644,-0.00384644219800589,-0.115548728201583,0.000392951113492379,-0.0629125073614559,0.000392836393374886,-0.325363845010723,-1.18016821736358e-05
0.242210014710909,0.283417064330287,-0.00387333517802965,-0.115549178132806,0.000395739227417263,-0.0629128928903573,0.00039562215249337,-0.325367058509727,-1.15018573195527e-05
0.24388977711086,0.283417614192494,-0.00390041906199835,-0.11554963409752,0.00039854796486425,-0.0629132835618604,0.000398428487459292,-0.32537031554708,-1.11920911730068e-05
0.24558118891236,0.28341817068993,-0.00392769526064868,-0.115550096173467,0.000401377494767947,-0.0629136794414484,0.000401255566264382,-0.325373616696083,-1.08721547237012e-05
0.247284330905736,0.283418733887452,-0.00395516519613929,-0.115550564439302,0.000404227987741027,-0.0629140805953522,0.000404103558560551,-0.325376962537132,-1.05418141793517e-05
0.24899928444161,0.28341930385009,-0.00398283030215827,-0.115551038974603,0.000407099616095264,-0.0629144870905563,0.000406972635680576,-0.325380353657785,-1.02008308712764e-05
0.250726131434783,0.283419880643033,-0.0040106920240319,-0.115551519859879,0.000409992553862862,-0.062914898994805,0.000409862970659132,-0.325383790652839,-9.84896115784756e-06
0.252464954368146,0.283420464331612,-0.00403875181883453,-0.115552007176578,0.000412906976818093,-0.0629153163766081,0.000412774738254101,-0.325387274124409,-9.48595632641047e-06
0.254215836296621,0.283421054981282,-0.00406701115549955,-0.115552501007098,0.000415843062499257,-0.0629157393052472,0.000415708114968199,-0.325390804681998,-9.11156249323863e-06
0.25597886085113,0.283421652657601,-0.00409547151493167,-0.115553001434792,0.000418800990230938,-0.0629161678507817,0.000418663279070901,-0.32539438294258,-8.72552050176084e-06
0.257754112242586,0.283422257426216,-0.00412413439012025,-0.115553508543976,0.000421780941146606,-0.0629166020840545,0.000421640410620689,-0.325398009530672,-8.32756581876232e-06
0.259541675265918,0.28342286935284,-0.00415300128625394,-0.115554022419941,0.000424783098211505,-0.0629170420766981,0.000424639691487621,-0.325401685078414,-7.9174284287678e-06
0.261341635304121,0.283423488503229,-0.00418207372083652,-0.11555454314896,0.000427807646245913,-0.0629174879011402,0.000427661305376214,-0.325405410225644,-7.4948327265234e-06
0.263154078332332,0.283424114943168,-0.0042113532238038,-0.115555070818293,0.00043085477194869,-0.0629179396306099,0.000430705437848658,-0.325409185619979,-7.05949740735512e-06
0.26497909092194,0.28342474873844,-0.00424084133764195,-0.115555605516199,0.000433924663921196,-0.0629183973391433,0.000433772276348365,-0.32541301191689,-6.61113535570246e-06
0.266816760244719,0.283425389954809,-0.00427053961750702,-0.115556147331943,0.000437017512691539,-0.0629188611015888,0.000436862010223847,-0.325416889779782,-6.14945353146629e-06
0.268667174076992,0.283426038657994,-0.00430044963134559,-0.115556696355805,0.000440133510739156,-0.0629193309936134,0.000439974830752939,-0.325420819880075,-5.67415285438605e-06
0.270530420803823,0.283426694913643,-0.00433057296001681,-0.115557252679087,0.000443272852519765,-0.0629198070917078,0.000443110931167359,-0.325424802897277,-5.18492808623122e-06
0.27240658942324,0.28342735878731,-0.00436091119741558,-0.115557816394121,0.000446435734490646,-0.0629202894731922,0.000446270506677628,-0.325428839519071,-4.68146771098743e-06
0.274295769550488,0.283428030344424,-0.00439146595059723,-0.115558387594278,0.000449622355136312,-0.0629207782162214,0.000449453754498336,-0.325432930441387,-4.16345381264865e-06
0.276198051422303,0.283428709650265,-0.00442223883990316,-0.115558966373977,0.000452832914994504,-0.0629212733997904,0.000452660873873754,-0.325437076368489,-3.63056195112899e-06
0.278113525901229,0.283429396769936,-0.00445323149908804,-0.115559552828691,0.000456067616682596,-0.0629217751037398,0.000455892066103843,-0.325441278013048,-3.08246103551679e-06
0.280042284479955,0.283430091768328,-0.00448444557544819,-0.115560147054956,0.000459326664924328,-0.0629222834087608,0.000459147534570582,-0.32544553609623,-2.51881319549702e-06
0.281984419285683,0.283430794710093,-0.00451588272995131,-0.115560749150379,0.00046261026657695,-0.0629227983964002,0.0004624274847647,-0.325449851347767,-1.93927365017832e-06
0.283940023084533,0.283431505659615,-0.00454754463736751,-0.115561359213646,0.00046591863065873,-0.0629233201490657,0.000465732124312781,-0.325454224506047,-1.34349057464428e-06
0.285909189285972,0.283432224680969,-0.0045794329864016,-0.11556197734453,0.000469251968376846,-0.0629238487500306,0.000469061663004719,-0.325458656318187,-7.31104964145357e-07
0.287892011947275,0.283432951837894,-0.00461154947982689,-0.115562603643897,0.000472610493155682,-0.0629243842834387,0.00047241631282161,-0.32546314754012,-1.01750495862252e-07
0.289888585778017,0.283433687193754,-0.00464389583462016,-0.115563238213716,0.000475994420665492,-0.062924926834309,0.000475796287963972,-0.32546769893667,5.449466117316e-07
0.291899006144599,0.283434430811504,-0.004676473782098,-0.115563881157065,0.000479403968851495,-0.0629254764885402,0.000479201804880405,-0.325472311281638,1.20936774207492e-06
0.293923369074803,0.28343518275365,-0.00470928506805466,-0.115564532578142,0.000482839357963352,-0.0629260333329153,0.000482633082296628,-0.325476985357878,1.89190202623535e-06
0.295961771262377,0.28343594308221,-0.004742331452901,-0.115565192582266,0.000486300810585047,-0.0629265974551057,0.000486090341244916,-0.325481721957384,2.59294649115199e-06
0.298014310071653,0.283436711858677,-0.0047756147118051,-0.115565861275889,0.000489788551665205,-0.0629271689436757,0.000489573805093957,-0.325486521881365,3.31290621043145e-06
0.300081083542203,0.283437489143972,-0.00480913663483397,-0.115566538766605,0.000493302808547794,-0.0629277478880863,0.000493083699579096,-0.325491385940329,4.05219445792637e-06
0.302162190393513,0.283438274998408,-0.00484289902709685,-0.11556722516315,0.000496843811003279,-0.0629283343786991,0.000496620252833037,-0.325496314954164,4.8112328638536e-06
0.304257730029708,0.283439069481637,-0.00487690370888976,-0.115567920575417,0.000500411791260178,-0.0629289285067806,0.000500183695416905,-0.325501309752216,5.59045157370874e-06
0.306367802544292,0.283439872652614,-0.00491115251584153,-0.115568625114459,0.00050400698403707,-0.0629295303645047,0.000503774260351792,-0.325506371173374,6.39028940985914e-06
0.308492508724934,0.28344068456954,-0.00494564729906115,-0.115569338892494,0.000507629626575011,-0.0629301400449575,0.000507392183150696,-0.325511500066146,7.21119403605808e-06
0.31063195005828,0.283441505289822,-0.00498038992528657,-0.115570062022916,0.000511279958670412,-0.0629307576421392,0.000511037701850891,-0.325516697288742,8.053622124575e-06
0.312786228734801,0.283442334870017,-0.00501538227703492,-0.115570794620299,0.000514958222708361,-0.0629313832509685,0.000514711057046771,-0.325521963709151,8.91803952644821e-06
0.314955447653674,0.283443173365782,-0.00505062625275399,-0.115571536800404,0.000518664663696371,-0.0629320169672842,0.000518412491923089,-0.325527300205227,9.80492144444373e-06
0.317139710427697,0.283444020831821,-0.00508612376697536,-0.115572288680185,0.000522399529298599,-0.0629326588878491,0.000522142252288673,-0.325532707664759,1.07147526090673e-05
0.319339121388238,0.283444877321829,-0.00512187675046871,-0.115573050377795,0.000526163069870523,-0.0629333091103515,0.00052590058661059,-0.325538186985559,1.16480274575947e-05
0.321553785590219,0.283445742888436,-0.00515788715039768,-0.115573822012593,0.000529955538494064,-0.0629339677334081,0.000529687746048743,-0.325543739075536,1.26052503159127e-05
0.323783808817133,0.283446617583148,-0.00519415693047708,-0.115574603705147,0.000533777191013191,-0.0629346348565659,0.000533503984490965,-0.325549364852774,1.35869355838494e-05
0.326029297586097,0.283447501456289,-0.00523068807113158,-0.115575395577245,0.000537628286069985,-0.0629353105803041,0.00053734955858853,-0.325555065245612,1.45936079230247e-05
0.328290359152942,0.283448394556935,-0.00526748256965569,-0.115576197751893,0.000541509085141182,-0.0629359950060354,0.000541224727792192,-0.325560841192719,1.56258024486336e-05
0.330567101517332,0.283449296932853,-0.00530454244037529,-0.115577010353328,0.000545419852575186,-0.0629366882361077,0.000545129754388616,-0.325566693643175,1.66840649234723e-05
0.332859633427924,0.283450208630433,-0.00534186971481047,-0.115577833507016,0.000549360855629568,-0.0629373903738053,0.000549064903537358,-0.325572623556539,1.776895195605e-05
0.335168064387565,0.283451129694624,-0.00537946644183987,-0.115578667339663,0.000553332364509063,-0.0629381015233491,0.000553030443308297,-0.325578631902936,1.88810312014911e-05
0.337492504658521,0.283452060168861,-0.00541733468786632,-0.115579511979214,0.000557334652404033,-0.062938821789898,0.000557026644719531,-0.325584719663121,2.00208815659339e-05
0.339833065267741,0.283453000094994,-0.00545547653698397,-0.115580367554861,0.000561367995529439,-0.0629395512795487,0.000561053781775788,-0.325590887828558,2.11890934140938e-05
0.342189858012163,0.283453949513214,-0.00549389409114676,-0.115581234197047,0.000565432673164313,-0.0629402900993357,0.000565112131507318,-0.325597137401497,2.23862687804971e-05
0.344562995464054,0.283454908461981,-0.00553258947033837,-0.115582112037469,0.000569528967691716,-0.0629410383572313,0.000569201974009288,-0.325603469395037,2.36130215839556e-05
0.346952590976386,0.283455876977939,-0.00557156481274345,-0.11558300120908,0.000573657164639218,-0.0629417961621446,0.000573323592481655,-0.325609884833208,2.48699778455999e-05
0.349358758688252,0.283456855095842,-0.00561082227492029,-0.115583901846095,0.000577817552719871,-0.0629425636239209,0.000577477273269556,-0.325616384751035,2.61577759102793e-05
0.351781613530314,0.283457842848468,-0.00565036403197488,-0.115584814083994,0.000582010423873706,-0.0629433408533404,0.000581663305904206,-0.325622970194609,2.74770666718049e-05
0.354221271230298,0.283458840266535,-0.00569019227773628,-0.115585738059523,0.000586236073309739,-0.0629441279621163,0.0005858819831443,-0.325629642221157,2.8828513801489e-05
0.356677848318515,0.283459847378614,-0.00573030922493347,-0.115586673910699,0.000590494799548487,-0.0629449250628932,0.000590133601017925,-0.325636401899109,3.02127939805427e-05
0.359151462133436,0.283460864211043,-0.00577071710537331,-0.115587621776807,0.000594786904465022,-0.0629457322692445,0.000594418458864982,-0.325643250308164,3.1630597136019e-05
0.361642230827288,0.283461890787826,-0.00581141817012019,-0.115588581798411,0.000599112693332538,-0.06294654969567,0.000598736859380142,-0.325650188539356,3.30826266805098e-05
0.364150273371703,0.283462927130549,-0.00585241468967658,-0.115589554117345,0.000603472474866446,-0.0629473774575925,0.00060308910865631,-0.325657217695115,3.45695997556947e-05
0.366675709563398,0.283463973258278,-0.00589370895416531,-0.115590538876724,0.000607866561269,-0.0629482156713545,0.000607475516228617,-0.325664338889335,3.6092247479462e-05
0.369218660029898,0.283465029187455,-0.00593530327351284,-0.115591536220938,0.000612295268274458,-0.0629490644542142,0.000611896395118924,-0.325671553247429,3.7651315197125e-05
0.371779246235299,0.283466094931807,-0.00597719997763398,-0.115592546295654,0.000616758915194762,-0.0629499239243413,0.000616352061880885,-0.325678861906393,3.92475627362804e-05
0.374357590486067,0.28346717050223,-0.00601940141661781,-0.115593569247821,0.00062125782496579,-0.0629507942008121,0.000620842836645518,-0.325686266014861,4.08817646658788e-05
0.376953815936883,0.283468255906686,-0.00606190996091486,-0.115594605225661,0.000625792324194105,-0.0629516754036045,0.000625369043167303,-0.325693766733163,4.25547105588481e-05
0.379568046596523,0.283469351150094,-0.00610472800152551,-0.115595654378677,0.000630362743204272,-0.0629525676535918,0.000629931008870838,-0.325701365233379,4.42672052590257e-05
0.382200407333782,0.283470456234214,-0.00614785795018965,-0.115596716857646,0.000634969416086706,-0.0629534710725374,0.000634529064898003,-0.325709062699392,4.60200691519488e-05
0.384851023883439,0.283471571157529,-0.0061913022395775,-0.115597792814623,0.000639612680746071,-0.0629543857830873,0.0006391635461557,-0.32571686032694,4.78141384398292e-05
0.387520022852263,0.283472695915132,-0.00623506332348155,-0.115598882402934,0.000644292878950221,-0.0629553119087634,0.000643834791364084,-0.325724759323663,4.96502654204964e-05
0.390207531725059,0.283473830498597,-0.00627914367700972,-0.115599985777175,0.000649010356379688,-0.0629562495739558,0.000648543143105384,-0.32573276090915,5.1529318770574e-05
0.392913678870758,0.283474974895857,-0.00632354579677961,-0.115601103093211,0.000653765462677715,-0.0629571989039146,0.000653288947873219,-0.325740866314986,5.34521838326876e-05
0.395638593548549,0.283476129091072,-0.00636827220111382,-0.115602234508172,0.000658558551500842,-0.0629581600247408,0.000658072556122498,-0.325749076784794,5.54197629070927e-05
0.398382405914052,0.283477293064504,-0.00641332543023639,-0.11560338018045,0.000663389980570045,-0.0629591330633774,0.000662894322319833,-0.325757393574272,5.74329755472919e-05
0.401145247025537,0.283478466792375,-0.00645870804647022,-0.115604540269693,0.000668260111722406,-0.0629601181475996,0.000667754604994513,-0.325765817951237,5.94927588601496e-05
0.403927248850181,0.283479650246729,-0.0065044226344355,-0.115605714936801,0.000673169310963351,-0.0629611154060038,0.000672653766789998,-0.325774351195654,6.16000678099748e-05
0.406728544270374,0.283480843395296,-0.00655047180124915,-0.11560690434392,0.000678117948519436,-0.0629621249679967,0.000677592174515993,-0.325782994599674,6.37558755273993e-05
0.409549267090063,0.28348204620134,-0.00659685817672519,-0.11560810865444,0.000683106398891667,-0.0629631469637839,0.000682570199201022,-0.325791749467662,6.59611736220644e-05
0.412389552041149,0.283483258623513,-0.00664358441357596,-0.115609328032985,0.000688135040909385,-0.062964181524357,0.000687588216145588,-0.325800617116224,6.82169725002985e-05
0.415249534789915,0.283484480615705,-0.00669065318761431,-0.115610562645404,0.000693204257784684,-0.0629652287814811,0.000692646604975819,-0.325809598874232,7.05243016865253e-05
0.418129351943512,0.283485712126882,-0.00673806719795646,-0.115611812658771,0.000698314437167377,-0.0629662888676806,0.000697745749697712,-0.325818696082848,7.28842101497124e-05
0.421029141056481,0.283486953100932,-0.00678582916722585,-0.11561307824137,0.000703465971200523,-0.0629673619162251,0.000702886038751866,-0.325827910095538,7.52977666338972e-05
0.423949040637325,0.283488203476499,-0.00683394184175753,-0.115614359562688,0.000708659256576476,-0.0629684480611144,0.000708067865068784,-0.325837242278091,7.77660599933783e-05
0.426889190155123,0.283489463186814,-0.00688240799180339,-0.115615656793409,0.000713894694593469,-0.0629695474370621,0.000713291626124682,-0.325846694008629,8.0290199532318e-05
0.429849730046193,0.283490732159528,-0.00693123041173801,-0.115616970105399,0.000719172691212758,-0.0629706601794799,0.000718557723997855,-0.32585626667762,8.2871315348898e-05
0.432830801720801,0.283492010316533,-0.00698041192026507,-0.115618299671698,0.000724493657116299,-0.0629717864244592,0.00072386656542555,-0.325865961687875,8.55105586841237e-05
0.435832547569911,0.283493297573785,-0.00702995536062435,-0.11561964566651,0.000729858007764912,-0.062972926308754,0.000729218561861362,-0.325875780454557,8.82091022748888e-05
0.438855110971994,0.283494593841119,-0.00707986360079928,-0.115621008265189,0.00073526616345705,-0.0629740799697613,0.000734614129533179,-0.325885724405177,9.09681407120777e-05
0.441898636299867,0.283495899022064,-0.00713013953372485,-0.115622387644224,0.000740718549388009,-0.0629752475455015,0.000740053689501596,-0.325895794979584,9.37888908026929e-05
0.444963268927599,0.28349721301365,-0.007180786077496,-0.115623783981232,0.000746215595709719,-0.0629764291745979,0.000745537667718892,-0.32590599362996,9.66725919371719e-05
0.448049155237445,0.283498535706211,-0.00723180617557626,-0.115625197454938,0.00075175773759102,-0.0629776249962553,0.000751066495088472,-0.325916321820803,9.96205064608124e-05
0.451156442626847,0.283499866983188,-0.00728320279700674,-0.115626628245161,0.000757345415278441,-0.0629788351502377,0.000756640607524841,-0.325926781028909,0.000102633920050166
0.454285279515466,0.283501206720922,-0.00733497893661537,-0.115628076532802,0.00076297907415753,-0.0629800597768446,0.000762260446014059,-0.325937372743351,0.000105714142093871
0.457435815352278,0.283502554788445,-0.0073871376152261,-0.115629542499823,0.000768659164814596,-0.0629812990168878,0.00076792645667467,-0.325948098465447,0.000108862506078139
0.46060820062271,0.283503911047269,-0.00743968187986849,-0.11563102632923,0.000774386143099033,-0.0629825530116655,0.000773639090819165,-0.325958959708732,0.000112080369976911
0.463802586855826,0.283505275351166,-0.00749261480398697,-0.115632528205058,0.000780160470186064,-0.0629838219029365,0.000779398805015852,-0.325969957998922,0.000115369116646613
0.467019126631568,0.283506647545944,-0.0075459394876504,-0.115634048312349,0.000785982612640013,-0.0629851058328935,0.000785206061151266,-0.325981094873868,0.000118730154225616
0.470257973588042,0.283508027469225,-0.00759965905776121,-0.115635586837135,0.000791853042477975,-0.0629864049441348,0.000791061326492972,-0.325992371883512,0.000122164916538131
0.473519282428857,0.283509414950206,-0.00765377666826447,-0.115637143966411,0.000797772237234037,-0.0629877193796353,0.000796965073752876,-0.326003790589836,0.000125674863502998
0.476803208930514,0.283510809809428,-0.00770829550035669,-0.115638719888122,0.000803740680023863,-0.0629890492827167,0.000802917781150928,-0.3260153525668,0.000129261481546641
0.480109909949849,0.283512211858531,-0.00776321876269426,-0.115640314791132,0.000809758859609802,-0.0629903947970161,0.00080891993247931,-0.326027059400286,0.000132926284021159
0.483439543431522,0.283513620900009,-0.0078185496916014,-0.115641928865207,0.000815827270466349,-0.062991756066454,0.000814972017167012,-0.326038912688023,0.00013667081162648
0.486792268415562,0.283515036726959,-0.00787429155127761,-0.115643562300985,0.000821946412846112,-0.0629931332352008,0.000821074530344821,-0.326050914039517,0.000140496632837467
0.490168245044966,0.283516459122823,-0.00793044763400448,-0.115645215289955,0.000828116792846095,-0.0629945264476426,0.000827227972910721,-0.326063065075966,0.000144405344335116
0.493567634573345,0.283517887861125,-0.00798702126035189,-0.115646888024427,0.000834338922474476,-0.0629959358483457,0.000833432851595684,-0.326075367430181,0.000148398571442665
0.496990599372628,0.283519322705208,-0.00804401577938334,-0.115648580697507,0.00084061331971773,-0.0629973615820194,0.000839689679029839,-0.326087822746485,0.000152477968566073
0.500437302940819,0.283520763407961,-0.00810143456886038,-0.115650293503066,0.000846940508608089,-0.0629988037934786,0.000845998973808972,-0.326100432680619,0.00015664521963854
0.503907909909802,0.283522209711541,-0.00815928103544607,-0.115652026635712,0.000853321019291435,-0.0630002626276046,0.000852361260561435,-0.326113198899634,0.000160902038570096
0.50740258605321,0.28352366134709,-0.0082175586149074,-0.115653780290758,0.000859755388095504,-0.0630017382293042,0.000858777070015327,-0.326126123081781,0.000165250169700912
0.510921498294339,0.283525118034448,-0.00827627077231649,-0.115655554664191,0.000866244157598421,-0.063003230743469,0.000865246939066047,-0.326139206916386,0.000169691388259424
0.514464814714125,0.283526579481861,-0.00833542100225046,-0.11565734995264,0.00087278787669756,-0.0630047403149315,0.000871771410844118,-0.326152452103731,0.000174227500824242
0.518032704559168,0.283528045385682,-0.00839501282898999,-0.115659166353338,0.000879387100678723,-0.0630062670884217,0.000878351034783306,-0.326165860354912,0.000178860345790718
0.52162533824982,0.283529515430066,-0.00845504980671635,-0.115661004064092,0.000886042391285586,-0.0630078112085212,0.000884986366689029,-0.326179433391702,0.000183591793841337
0.525242887388322,0.283530989286662,-0.00851553551970671,-0.115662863283242,0.000892754316789408,-0.0630093728196164,0.000891677968806993,-0.326193172946404,0.000188423748420374
0.528885524767003,0.283532466614298,-0.00857647358252785,-0.115664744209627,0.000899523452059027,-0.0630109520658503,0.000898426409892079,-0.326207080761689,0.000193358146212547
0.532553424376533,0.283533947058659,-0.00863786764022799,-0.115666647042542,0.000906350378631047,-0.0630125490910728,0.000905232265277443,-0.326221158590433,0.000198396957625524
0.536246761414231,0.283535430251961,-0.00869972136852662,-0.115668571981703,0.000913235684780286,-0.0630141640387899,0.000912096116943806,-0.326235408195545,0.000203542187276334
0.539965712292437,0.283536915812624,-0.00876203847400221,-0.1156705192272,0.000920179965590363,-0.0630157970521107,0.000919018553588924,-0.326249831349785,0.000208795874481818
0.543710454646936,0.283538403344928,-0.00882482269427787,-0.11567248897946,0.000927183823024542,-0.0630174482736944,0.000926000170697234,-0.326264429835571,0.000214160093752455
0.547481167345445,0.283539892438674,-0.00888807779820454,-0.115674481439199,0.000934247865996638,-0.063019117845694,0.000933041570609585,-0.326279205444787,0.000219636955289995
0.551278030496154,0.283541382668833,-0.00895180758604155,-0.115676496807378,0.000941372710442104,-0.0630208059096998,0.000940143362593097,-0.326294159978566,0.000225228605488459
0.55510122545633,0.283542873595195,-0.00901601588963504,-0.115678535285157,0.000948558979389254,-0.0630225126066812,0.000947306162911147,-0.326309295247083,0.000230937227438902
0.558950934840979,0.283544364762004,-0.00908070657259315,-0.115680597073847,0.000955807303030513,-0.0630242380769262,0.000954530594893345,-0.32632461306932,0.000236765041437145
0.56282734253157,0.283545855697597,-0.00914588353045878,-0.115682682374861,0.000963118318793766,-0.0630259824599805,0.000961817289005603,-0.326340115272836,0.000242714305494815
0.566730633684818,0.283547345914027,-0.009211550690879,-0.115684791389663,0.000970492671413749,-0.063027745894584,0.000969166882920178,-0.326355803693518,0.000248787315853552
0.570660994741526,0.283548834906692,-0.00927771201377142,-0.115686924319715,0.000977931013003424,-0.0630295285186061,0.000976580021585721,-0.32637168017533,0.000254986407502267
0.574618613435493,0.283550322153944,-0.00934437149148749,-0.115689081366426,0.000985434003125389,-0.0630313304689797,0.000984057357297268,-0.326387746570042,0.00026131395469689
0.578603678802477,0.283551807116706,-0.00941153314897207,-0.115691262731095,0.000993002308863178,-0.0630331518816328,0.000991599549766143,-0.32640400473696,0.000267772371483121
0.582616381189231,0.283553289238075,-0.0094792010439195,-0.115693468614857,0.00100063660489257,-0.0630349928914193,0.000999207266189807,-0.326420456542633,0.000274364112221856
0.586656912262587,0.28355476794292,-0.00954737926692618,-0.115695699218623,0.00100833757355276,-0.0630368536320473,0.0010068811813215,-0.326437103860565,0.000281091672116512
0.590725465018618,0.283556242637479,-0.00961607194163901,-0.115697954743022,0.00101610590491739,-0.0630387342360062,0.0010146219775398,-0.3264539485709,0.000287957587743137
0.594822233791852,0.28355771270894,-0.00968528322489981,-0.11570023538834,0.00102394229686545,-0.0630406348344922,0.00102243034491791,-0.326470992560104,0.000294964437582312
0.598947414264556,0.283559177525033,-0.00975501730688588,-0.11570254135446,0.00103184745515204,-0.0630425555573313,0.00103030698129277,-0.32648823772064,0.000302114842553242
0.603101203476082,0.283560636433596,-0.00982527841124572,-0.115704872840794,0.00103982209347876,-0.0630444965329017,0.00103825259233385,-0.326505685950619,0.000309411466549114
0.607283799832281,0.283562088762153,-0.00989607079523084,-0.115707230046222,0.00104786693356407,-0.063046457888053,0.00104626789161174,-0.326523339153456,0.00031685701697462
0.611495403114975,0.283563533817474,-0.00996739874982238,-0.115709613169023,0.00105598270521315,-0.0630484397480253,0.00105435360066627,-0.326541199237494,0.00032445424528442
0.615736214491506,0.283564970885137,-0.0100392665998535,-0.115712022406808,0.00106417014638764,-0.0630504422363645,0.00106251044907442,-0.326559268115636,0.000332205947523076
0.620006436524339,0.283566399229082,-0.0101116787041262,-0.11571445795645,0.00107243000327482,-0.0630524654748379,0.00107073917451763,-0.326577547704952,0.000340114964865593
0.624306273180741,0.283567818091155,-0.0101846394555234,-0.115716920014012,0.00108076303035664,-0.0630545095833461,0.00107904052284887,-0.326596039926277,0.0003481841841593
0.628635929842521,0.283569226690656,-0.010258153281116,-0.115719408774675,0.00108916999047812,-0.0630565746798343,0.00108741524815908,-0.326614746703796,0.000356416538465493
0.632995613315842,0.283570624223871,-0.0103322246422635,-0.115721924432663,0.00109765165491542,-0.0630586608802012,0.00109586411284314,-0.32663366996462,0.000364815007602243
0.637385531841099,0.283572009863607,-0.0104068580347102,-0.115724467181166,0.00110620880344334,-0.0630607682982059,0.00110438788766524,-0.326652811638342,0.00037338261868658
0.641805895102865,0.283573382758717,-0.0104820579886752,-0.115727037212265,0.00111484222440235,-0.0630628970453731,0.00111298735182374,-0.326672173656585,0.000382122446677041
0.646256914239905,0.28357474203362,-0.0105578290689356,-0.11572963471685,0.00112355271476497,-0.0630650472308967,0.00112166329301521,-0.326691757952537,0.000391037614915338
0.650738801855265,0.283576086787818,-0.0106341758749053,-0.115732259884541,0.00113234108020166,-0.0630672189615409,0.00113041650749798,-0.326711566460468,0.000400131295667641
0.655251772026422,0.283577416095407,-0.010711103040706,-0.115734912903604,0.00114120813514586,-0.0630694123415396,0.00113924780015477,-0.326731601115237,0.000409406710665153
0.659796040315516,0.28357872900458,-0.0107886152352327,-0.115737593960868,0.00115015470285857,-0.0630716274724942,0.00114815798455465,-0.326751863851784,0.000418867131642603
0.664371823779638,0.283580024537131,-0.010866717162212,-0.115740303241639,0.00115918161549201,-0.0630738644532686,0.00115714788301415,-0.326772356604608,0.000428515880876279
0.668979340981204,0.283581301687947,-0.0109454135602544,-0.115743040929614,0.00116828971415259,-0.0630761233798834,0.00116621832665745,-0.326793081307232,0.000438356331719611
0.673618811998395,0.283582559424503,-0.0110247092028986,-0.115745807206787,0.00117747984896301,-0.0630784043454072,0.00117537015547572,-0.326814039891649,0.000448391909136744
0.678290458435663,0.283583796686342,-0.0111046088986499,-0.115748602253366,0.00118675287912361,-0.0630807074398462,0.00118460421838543,-0.326835234287759,0.000458626090233949
0.682994503434323,0.283585012384565,-0.0111851174910108,-0.115751426247674,0.00119610967297262,-0.0630830327500321,0.00119392137328565,-0.326856666422791,0.000469062404787987
0.687731171683206,0.283586205401302,-0.0112662398585038,-0.115754279366061,0.00120555110804564,-0.0630853803595079,0.00120332248711434,-0.326878338220705,0.000479704435771583
0.692500689429393,0.283587374589184,-0.0113479809146875,-0.115757161782803,0.00121507807113401,-0.063087750348411,0.00121280843590339,-0.326900251601582,0.000490555819875574
0.697303284489026,0.283588518770818,-0.0114303456081644,-0.11576007367001,0.00122469145834217,-0.0630901427933559,0.00122238010483266,-0.326922408481,0.000501620248027038
0.70213918625818,0.283589636738245,-0.0115133389225811,-0.115763015197522,0.00123439217514399,-0.0630925577673133,0.00123203838828266,-0.326944810769397,0.000512901465903742
0.70700862572383,0.283590727252407,-0.0115969658766204,-0.115765986532816,0.00124418113643783,-0.0630949953394881,0.00124178418988599,-0.326967460371408,0.000524403274443669
0.71191183547488,0.283591789042595,-0.0116812315239851,-0.115768987840897,0.00125405926660054,-0.0630974555751952,0.00125161842257749,-0.326990359185201,0.000536129530350024
0.716849049713269,0.283592820805913,-0.0117661409533741,-0.115772019284197,0.00126402749954018,-0.0630999385357336,0.00126154200864297,-0.327013509101786,0.00054808414659091
0.721820504265165,0.28359382120672,-0.011851699288449,-0.115775081022475,0.00127408677874743,-0.0631024442782579,0.00127155587976652,-0.327036912004314,0.000560271092893541
0.726826436592224,0.283594788876079,-0.0119379116877934,-0.115778173212702,0.00128423805734577,-0.0631049728556487,0.00128166097707627,-0.327060569767356,0.000572694396232046
0.731867085802933,0.2835957224112,-0.012024783344862,-0.11578129600896,0.00129448229814015,-0.0631075243163801,0.00129185825118873,-0.327084484256173,0.000585358141309472
0.736942692664033,0.283596620374884,-0.0121123194879225,-0.115784449562328,0.00130482047366438,-0.063110098704386,0.00130214866225139,-0.327108657325961,0.000598266471032449
0.742053499612018,0.283597481294954,-0.0122005253799872,-0.115787634020774,0.00131525356622691,-0.0631126960589245,0.00131253317998371,-0.327133090821089,0.000611423586978771
0.747199750764715,0.283598303663695,-0.0122894063187361,-0.115790849529042,0.00132578256795524,-0.0631153164144395,0.00132301278371646,-0.32715778657431,0.000624833749857501
0.752381691932944,0.283599085937287,-0.0123789676364306,-0.115794096228534,0.00133640848083855,-0.0631179598004215,0.0013335884624291,-0.327182746405969,0.000638501279960332
0.757599570632259,0.283599826535233,-0.0124692146998179,-0.115797374257203,0.00134713231676897,-0.0631206262412659,0.0013442612147856,-0.327207972123183,0.000652430557605249
0.762853636094773,0.283600523839789,-0.0125601529100261,-0.115800683749427,0.00135795509758095,-0.0631233157561293,0.00135503204916809,-0.327233465519011,0.000666626023570455
0.768144139281058,0.283601176195389,-0.0126517877024495,-0.115804024835897,0.00136887785508903,-0.0631260283587847,0.00136590198370877,-0.327259228371607,0.000681092179519019
0.773471332892138,0.283601781908074,-0.0127441245466246,-0.115807397643495,0.00137990163112385,-0.0631287640574737,0.00137687204631967,-0.327285262443352,0.000695833588413755
0.778835471381553,0.283602339244913,-0.0128371689460956,-0.115810802295173,0.00139102747756627,-0.0631315228547585,0.00138794327472046,-0.327311569479981,0.000710854874921146
0.784236810967519,0.283602846433428,-0.0129309264382713,-0.115814238909832,0.00140225645637967,-0.0631343047473703,0.00139911671646403,-0.327338151209677,0.000726160725804822
0.78967560964516,0.283603301661013,-0.0130254025942711,-0.1158177076022,0.00141358963964037,-0.0631371097260572,0.00141039342895995,-0.327365009342164,0.000741755890307297
0.795152127198837,0.283603703074359,-0.0131206030187611,-0.1158212084827,0.00142502810956596,-0.0631399377754301,0.00142177447949568,-0.327392145567776,0.000757645180519947
0.800666625214554,0.283604048778871,-0.0132165333497807,-0.115824741657336,0.00143657295854182,-0.0631427888738069,0.00143326094525545,-0.32741956155651,0.000773833471740287
0.806219367092452,0.283604336838094,-0.013313199258559,-0.115828307227553,0.00144822528914536,-0.0631456629930544,0.00144485391333683,-0.327447258957065,0.000790325702816522
0.811810618059391,0.283604565273131,-0.0134106064493202,-0.11583190529012,0.00145998621416831,-0.06314856009843,0.00145655448076481,-0.327475239395865,0.000807126876478464
0.817440645181619,0.283604732062063,-0.0135087606590802,-0.115835535936995,0.00147185685663681,-0.06315148014842,0.00146836375450344,-0.327503504476063,0.000824242059654284
0.823109717377527,0.283604835139374,-0.0136076676574316,-0.115839199255193,0.00148383834982925,-0.0631544230945781,0.00148028285146498,-0.327532055776532,0.000841676383773013
0.828818105430497,0.283604872395374,-0.0137073332463197,-0.115842895326661,0.00149593183729196,-0.063157388881361,0.00149231289851639,-0.327560894850841,0.000859435045051801
0.834566082001833,0.283604841675622,-0.0138077632598072,-0.115846624228141,0.00150813847285251,-0.0631603774459633,0.00150445503248314,-0.32759002322621,0.000877523304767411
0.840353921643785,0.283604740780351,-0.0139089635638294,-0.115850386031037,0.00152045942063074,-0.0631633887181508,0.00151671040015045,-0.327619442402458,0.000895946489511398
0.846181900812664,0.283604567463896,-0.0140109400559386,-0.115854180801284,0.00153289585504745,-0.0631664226200922,0.00152908015826162,-0.327649153850925,0.00091470999142905
0.852050297882047,0.283604319434127,-0.0141136986650385,-0.11585800859921,0.00154544896083045,-0.0631694790661898,0.00154156547351359,-0.327679159013393,0.000933819268440481
0.857959393156072,0.283603994351873,-0.0142172453511086,-0.115861869479404,0.00155811993301854,-0.0631725579629086,0.00155416752254969,-0.327709459300973,0.000953279844444196
0.863909468882829,0.283603589830364,-0.0143215861049177,-0.115865763490576,0.00157090997696254,-0.0631756592086046,0.00156688749194937,-0.327740056092998,0.000973097309501819
0.86990080926784,0.283603103434665,-0.0144267269477282,-0.115869690675423,0.00158382030832413,-0.0631787826933513,0.00157972657821496,-0.327770950735888,0.000993277320004177
0.875933700487633,0.283602532681115,-0.0145326739309895,-0.115873651070491,0.00159685215307194,-0.0631819282987653,0.00159268598775546,-0.327802144542004,0.00101382559881784
0.882008430703416,0.283601875036773,-0.0146394331360218,-0.115877644706036,0.00161000674747501,-0.0631850958978315,0.00160576693686717,-0.327833638788487,0.00103474793541099
0.888125290074835,0.283601127918863,-0.0147470106736898,-0.115881671605887,0.00162328533809372,-0.0631882853547262,0.00161897065171122,-0.327865434716089,0.00105605018595915
0.894284570773836,0.283600288694229,-0.0148554126840666,-0.115885731787308,0.00163668918176789,-0.06319149652464,0.00163229836828794,-0.327897533527986,0.00107773827342961
0.900486566998624,0.283599354678787,-0.0149646453360877,-0.115889825260857,0.00165021954560228,-0.0631947292535994,0.0016457513324079,-0.327929936388575,0.00109981818764318
0.906731574987708,0.283598323136989,-0.0150747148271956,-0.115893952030248,0.00166387770694924,-0.0631979833782882,0.00165933079965977,-0.327962644422266,0.00112229598531476
0.913019893034057,0.283597191281285,-0.0151856273829748,-0.115898112092212,0.00167766495338865,-0.0632012587258672,0.0016730380353748,-0.327995658712257,0.0011451777900697
0.919351821499347,0.283595956271594,-0.0152973892567768,-0.115902305436357,0.00169158258270503,-0.0632045551137943,0.00168687431458795,-0.328028980299295,0.00116846979243757
0.925727662828307,0.283594615214781,-0.0154100067293372,-0.115906532045026,0.00170563190286179,-0.0632078723496429,0.0017008409219956,-0.328062610180437,0.00119217824982118
0.932147721563161,0.283593165164138,-0.0155234861083821,-0.115910791893165,0.00171981423197269,-0.0632112102309208,0.00171493915190979,-0.32809654930778,0.00121630948644097
0.938612304358183,0.283591603118871,-0.0156378337282268,-0.115915084948174,0.00173413089827032,-0.0632145685448878,0.00172917030820896,-0.328130798587203,0.00124086989325473
0.945121719994339,0.283589926023594,-0.0157530559493651,-0.115919411169775,0.00174858324007177,-0.0632179470683736,0.00174353570428523,-0.328165358877082,0.00126586592785052
0.951676279394036,0.283588130767831,-0.0158691591580507,-0.115923770509872,0.00176317260574132,-0.0632213455675948,0.00175803666298802,-0.328200230987004,0.00129130411431416
0.958276295635973,0.283586214185517,-0.015986149765869,-0.115928162912409,0.00177790035365029,-0.0632247637979722,0.00177267451656416,-0.328235415676469,0.00131719104306974
0.964922083970099,0.28358417305452,-0.0161040342093026,-0.115932588313235,0.00179276785213377,-0.0632282015039476,0.00178745060659424,-0.328270913653585,0.00134353337069162
0.971613961832666,0.283582004096157,-0.0162228189492873,-0.115937046639969,0.00180777647944459,-0.0632316584188008,0.00180236628392546,-0.328306725573756,0.00137033781969056
0.978352248861393,0.283579703974725,-0.0163425104707614,-0.115941537811856,0.00182292762370417,-0.0632351342644664,0.00181742290860066,-0.328342852038357,0.00139761117826925
0.985137266910738,0.283577269297037,-0.0164631152822071,-0.115946061739638,0.00183822268285049,-0.063238628751351,0.00183262184978373,-0.328379293593414,0.00142536030005053
0.991969340067262,0.283574696611968,-0.0165846399151852,-0.115950618325415,0.00185366306458304,-0.0632421415781502,0.00184796448568121,-0.328416050728261,0.00145359210377508
0.998848794665118,0.283571982410004,-0.0167070909238629,-0.115955207462511,0.00186925018630476,-0.0632456724316668,0.00186345220346017,-0.328453123874213,0.00148231357296999
1.00577595930163,0.283569123122808,-0.0168304748845347,-0.115959829035342,0.00188498547506113,-0.0632492209866279,0.00187908639916238,-0.328490513403212,0.00151153175558655
1.01275116485301,0.283566115122789,-0.0169547983951375,-0.115964482919282,0.00190087036747609,-0.0632527869055041,0.00189486847761453,-0.32852821962649,0.0015412537636072
1.01977474449012,0.283562954722677,-0.0170800680747595,-0.115969168980533,0.0019169063096852,-0.0632563698383283,0.00191079985233482,-0.328566242793209,0.00157148677262156
1.02684703369442,0.283559638175117,-0.0172062905631436,-0.115973887075993,0.00193309475726568,-0.0632599694225155,0.00192688194543567,-0.328604583089118,0.00160223802137038
1.033968370274,0.28355616167226,-0.0173334725201859,-0.115978637053132,0.00194943717516362,-0.0632635852826831,0.0019431161875226,-0.328643240635192,0.00163351481125776
1.04113909437969,0.283552521345376,-0.0174616206254287,-0.115983418749858,0.00196593503761818,-0.0632672170304727,0.00195950401758932,-0.328682215486282,0.00166532450583046
1.0483595485213,0.283548713264463,-0.0175907415775491,-0.115988231994398,0.00198258982808294,-0.0632708642643723,0.00197604688290896,-0.328721507629755,0.00169767453022482
1.05563007758401,0.283544733437876,-0.017720842093844,-0.11599307660517,0.00199940303914437,-0.0632745265695398,0.00199274623892159,-0.328761116984148,0.00173057237058069
1.06295102884484,0.283540577811966,-0.0178519289097106,-0.115997952390662,0.00201637617243735,-0.0632782035176279,0.00200960354911776,-0.328801043397805,0.00176402557342079
1.07032275198921,0.283536242270717,-0.0179840087781239,-0.116002859149311,0.00203351073855797,-0.0632818946666096,0.00202662028491839,-0.328841286647538,0.0017980417449974
1.07774559912768,0.28353172263541,-0.0181170884691111,-0.116007796669386,0.0020508082569735,-0.063285599560606,0.00204379792555083,-0.328881846437275,0.00183262855060462
1.08521992481272,0.283527014664281,-0.0182511747692232,-0.116012764728871,0.00206827025592949,-0.0632893177297148,0.00206113795792107,-0.328922722396719,0.00186779371385601
1.0927460860557,0.283522114052202,-0.0183862744810051,-0.116017763095347,0.00208589827235437,-0.0632930486898413,0.00207864187648232,-0.328963914080014,0.00190354501592768
1.1003244423439,0.283517016430363,-0.0185223944224629,-0.116022791525886,0.00210369385176105,-0.0632967919425299,0.00209631118309971,-0.329005420964414,0.0019398902947671
1.10795535565772,0.28351171736597,-0.0186595414265311,-0.116027849766936,0.00212165854814622,-0.0633005469747984,0.00211414738691146,-0.329047242448959,0.00197683744426611
1.11563919048792,0.28350621236195,-0.0187977223405376,-0.116032937554218,0.00213979392388679,-0.0633043132589739,0.00213215200418621,-0.329089377853166,0.00201439441339984
1.12337631385307,0.283500496856667,-0.0189369440256694,-0.116038054612615,0.00215810154963396,-0.0633080902525306,0.00215032655817677,-0.32913182641572,0.00205256920532923
1.13116709531708,0.283494566223651,-0.0190772133564375,-0.116043200656077,0.00217658300420466,-0.0633118773979298,0.00216867257897032,-0.329174587293179,0.00209136987646918
1.13901190700682,0.28348841577133,-0.019218537220143,-0.116048375387514,0.00219523987447077,-0.0633156741224621,0.00218719160333491,-0.329217659558698,0.00213080453552075
1.14691112362992,0.283482040742782,-0.019360922516343,-0.116053578498704,0.00221407375524573,-0.0633194798380922,0.00220588517456257,-0.32926104220075,0.00217088134246812
1.15486512249268,0.283475436315487,-0.0195043761563194,-0.116058809670197,0.00223308624916907,-0.0633232939413054,0.00222475484230884,-0.329304734121879,0.00221160850753999
1.16287428351806,0.283468597601097,-0.0196489050625479,-0.116064068571226,0.00225227896658858,-0.0633271158129578,0.00224380216242894,-0.32934873413745,0.00225299429013578
1.17093898926384,0.283461519645212,-0.0197945161681705,-0.116069354859614,0.00227165352544041,-0.0633309448181276,0.00226302869681054,-0.329393040974428,0.00229504699771638
1.1790596249409,0.283454197427163,-0.0199412164164704,-0.116074668181694,0.00229121155112701,-0.0633347803059709,0.00228243601320319,-0.329437653270169,0.00233777498465954
1.18723657843162,0.283446625859813,-0.0200890127603496,-0.116080008172225,0.00231095467639315,-0.0633386216095785,0.00230202568504458,-0.329482569571226,0.00238118665108056
1.19547024030838,0.283438799789357,-0.0202379121618111,-0.116085374454313,0.00233088454120001,-0.0633424680458373,0.00232179929128351,-0.329527788332182,0.00242529044161754
1.20376100385228,0.28343071399514,-0.0203879215914444,-0.11609076663934,0.00235100279259742,-0.0633463189152935,0.00234175841619985,-0.329573307914496,0.00247009484418273
1.21210926507183,0.283422363189476,-0.0205390480279163,-0.116096184326885,0.00237131108459435,-0.0633501735020196,0.00236190464922136,-0.329619126585372,0.00251560838867831
1.22051542272196,0.283413742017484,-0.0206912984574664,-0.116101627104662,0.00239181107802787,-0.0633540310734841,0.00238223958473764,-0.329665242516655,0.0025618396456793
1.22897987832301,0.283404845056924,-0.0208446798734075,-0.116107094548454,0.00241250444043039,-0.0633578908804252,0.00240276482191108,-0.329711653783747,0.00260879722508162
1.23750303617991,0.283395666818048,-0.0209991992756338,-0.116112586222051,0.00243339284589564,-0.0633617521567271,0.00242348196448517,-0.329758358364549,0.00265648977471747
1.24608530340153,0.283386201743454,-0.0211548636701332,-0.116118101677195,0.00245447797494315,-0.0633656141193005,0.00244439262058991,-0.329805354138426,0.00270492597893721
1.25472708992008,0.283376444207953,-0.0213116800685082,-0.116123640453524,0.00247576151438167,-0.0633694759679661,0.00246549840254477,-0.329852638885205,0.00275411455715896
1.26342880851072,0.283366388518432,-0.0214696554875031,-0.116129202078526,0.00249724515717129,-0.0633733368853419,0.00248680092665901,-0.329900210284199,0.00280406426238608
1.27219087481126,0.28335602891374,-0.0216287969485394,-0.11613478606749,0.00251893060228467,-0.0633771960367344,0.00250830181302963,-0.329948065913259,0.00285478387969296
1.28101370734203,0.283345359564567,-0.0217891114772587,-0.116140391923468,0.00254081955456737,-0.0633810525700336,0.00253000268533698,-0.329996203247856,0.0029062822246802
1.28989772752585,0.283334374573331,-0.021950606103075,-0.116146019137237,0.00256291372459737,-0.0633849056156116,0.00255190517063813,-0.330044619660201,0.00295856814189926
1.29884335970818,0.283323067974079,-0.0221132878587349,-0.116151667187263,0.00258521482854398,-0.0633887542862252,0.0025740108991582,-0.330093312418391,0.00301165050324789
1.30785103117738,0.283311433732382,-0.0222771637798874,-0.116157335539676,0.00260772458802618,-0.0633925976769227,0.00259632150407957,-0.330142278685591,0.00306553820633557
1.31692117218509,0.283299465745242,-0.0224422409046638,-0.116163023648243,0.00263044472997063,-0.0633964348649551,0.00261883862132935,-0.330191515519256,0.0031202401728225
1.32605421596686,0.283287157840999,-0.0226085262732666,-0.116168730954349,0.00265337698646934,-0.06340026490969,0.00264156388936493,-0.33024101987038,0.00317576534672973
1.33525059876274,0.283274503779244,-0.0227760269275696,-0.116174456886978,0.00267652309463734,-0.0634040868525318,0.00266449894895802,-0.330290788582792,0.00323212269272347
1.34451075983821,0.283261497250734,-0.0229447499107276,-0.116180200862704,0.00269988479647017,-0.0634078997168445,0.00268764544297713,-0.330340818392486,0.00328932119437395
1.3538351415051,0.283248131877308,-0.0231147022667983,-0.116185962285684,0.00272346383870167,-0.0634117025078791,0.00271100501616855,-0.330391105926988,0.0033473698523892
1.36322418914273,0.283234401211807,-0.0232858910403737,-0.116191740547651,0.00274726197266196,-0.0634154942127061,0.00273457931493621,-0.330441647704768,0.00340627768282539
1.37267835121923,0.283220298737994,-0.0234583232762246,-0.116197535027921,0.00277128095413593,-0.0634192738001517,0.00275836998712034,-0.330492440134692,0.00346605371527442
1.38219807931287,0.283205817870477,-0.0236320060189551,-0.116203345093393,0.00279552254322225,-0.0634230402207382,0.00278237868177509,-0.330543479515516,0.00352670699102997
1.39178382813373,0.283190951954625,-0.0238069463126707,-0.116209170098563,0.00281998850419304,-0.0634267924066296,0.00280660704894533,-0.330594762035422,0.00358824656123297
1.40143605554534,0.283175694266493,-0.0239831512006567,-0.11621500938554,0.00284468060535455,-0.063430529271581,0.00283105673944275,-0.330646283771602,0.00365068148499798
1.4111552225866,0.283160038012739,-0.0241606277250701,-0.11622086228406,0.00286960061890874,-0.0634342497108932,0.00285572940462126,-0.330698040689885,0.00371402082752112
1.42094179349378,0.28314397633054,-0.0243393829266435,-0.116226728111513,0.00289475032081601,-0.0634379526013707,0.00288062669615207,-0.330750028644408,0.00377827365817099
1.43079623572268,0.283127502287509,-0.024519423844401,-0.116232606172973,0.0029201314906594,-0.0634416368012853,0.00290575026579834,-0.330802243377338,0.00384344904856457
1.440719019971,0.2831106088816,-0.0247007575153874,-0.116238495761228,0.00294574591151005,-0.063445301150344,0.00293110176518976,-0.330854680518639,0.00390955607062798
1.45071062020079,0.283093289041019,-0.0248833909744098,-0.116244396156815,0.00297159536979446,-0.0634489444696608,0.0029566828455971,-0.33090733558589,0.00397660379464487
1.46077151366109,0.283075535624127,-0.0250673312537916,-0.116250306628067,0.00299768165516344,-0.0634525655617336,0.00298249515770684,-0.330960203984147,0.00404460128729273
1.47090218091073,0.28305734141933,-0.0252525853831397,-0.116256226431154,0.00302400656036302,-0.0634561632104259,0.00300854035139608,-0.331013281005859,0.00411355760966939
1.48110310584131,0.283038699144971,-0.0254391603891238,-0.116262154810137,0.00305057188110748,-0.0634597361809519,0.00303482007550798,-0.331066561830837,0.00418348181531075
1.49137477570027,0.283019601449217,-0.0256270632952692,-0.116268090997019,0.00307737941595452,-0.0634632832198676,0.00306133597762758,-0.331120041526264,0.0042543829482008
1.50171768111418,0.283000040909925,-0.0258163011217613,-0.116274034211806,0.00310443096618302,-0.0634668030550647,0.00308808970385855,-0.331173715046769,0.00432627004077638
1.5121323161122,0.282980010034514,-0.0260068808852632,-0.116279983662572,0.00313172833567318,-0.0634702943957705,0.00311508289860063,-0.331227577234542,0.00439915211192787
1.52261917814963,0.282959501259819,-0.0261988095987454,-0.11628593854552,0.00315927333078953,-0.0634737559325512,0.0031423172043282,-0.331281622819512,0.00447303816499653
1.53317876813171,0.282938506951936,-0.0263920942713275,-0.116291898045062,0.00318706776026666,-0.0634771863373196,0.00316979426136999,-0.331335846419566,0.00454793718577193
1.54381159043753,0.282917019406058,-0.0265867419081329,-0.116297861333888,0.00321511343509813,-0.0634805842633477,0.00319751570769007,-0.331390242540831,0.00462385814048893
1.55451815294413,0.282895030846298,-0.0267827595101534,-0.116303827573047,0.00324341216842848,-0.0634839483452832,0.0032254831786703,-0.331444805578004,0.0047008099738276
1.56529896705074,0.282872533425499,-0.0269801540741276,-0.116309795912034,0.0032719657754486,-0.0634872771991699,0.00325369830689446,-0.331499529814741,0.00477880160691682
1.57615454770323,0.28284951922503,-0.0271789325924286,-0.116315765488872,0.00330077607329457,-0.0634905694224728,0.00328216272193403,-0.33155440942409,0.00485784193534408
1.58708541341869,0.282825980254569,-0.0273791020529636,-0.11632173543021,0.00332984488095022,-0.0634938235941066,0.0033108780501359,-0.33160943846899,0.00493793982717156
1.5980920863102,0.28280190845187,-0.0275806694390842,-0.11632770485141,0.00335917401915338,-0.0634970382744693,0.00333984591441214,-0.331664610902815,0.00501910412096232
1.60917509211179,0.282777295682519,-0.0277836417295063,-0.116333672856651,0.00338876531030611,-0.0635002120054782,0.00336906793403191,-0.331719920569975,0.00510134362381692
1.62033496020352,0.282752133739662,-0.0279880258982397,-0.116339638539031,0.00341862057838912,-0.0635033433106109,0.00339854572441566,-0.331775361206571,0.00518466710942267
1.63157222363676,0.282726414343727,-0.0281938289145282,-0.11634560098067,0.00344874164888023,-0.0635064306949495,0.00342828089693185,-0.331830926441105,0.00526908331611686
1.64288741915971,0.282700129142123,-0.0284010577427968,-0.11635155925282,0.00347913034867737,-0.0635094726452287,0.00345827505869616,-0.331886609795242,0.00535460094496745
1.65428108724297,0.282673269708922,-0.0286097193426086,-0.116357512415977,0.00350978850602599,-0.063512467629887,0.0034885298123734,-0.331942404684625,0.00544122865786925
1.6657537721054,0.282645827544518,-0.0288198206686289,-0.116363459519995,0.00354071795045124,-0.063515414099122,0.00351904675598242,-0.331998304419742,0.00552897507566261
1.67730602174008,0.282617794075267,-0.0290313686705963,-0.116369399604206,0.00357192051269479,-0.0635183104849479,0.00354982748270367,-0.332054302206848,0.00561784877627122
1.68893838794052,0.28258916065311,-0.0292443702933012,-0.116375331697541,0.00360339802465666,-0.0635211552012576,0.00358087358069017,-0.332110391148942,0.00570785829286463
1.70065142632699,0.282559918555168,-0.029458832476569,-0.116381254818649,0.00363515231934211,-0.0635239466438867,0.00361218663288138,-0.332166564246786,0.00579901211204462
1.71244569637308,0.282530058983319,-0.0296747621552498,-0.116387167976029,0.00366718523081366,-0.0635266831906807,0.00364376821682058,-0.332222814399984,0.00589131867205972
1.72432176143241,0.282499573063748,-0.029892166259212,-0.116393070168155,0.00369949859414838,-0.0635293632015655,0.00367561990447551,-0.33227913440811,0.00598478636104652
1.73628018876552,0.282468451846478,-0.0301110517133399,-0.116398960383607,0.00373209424540066,-0.0635319850186201,0.00370774326206264,-0.332335516971878,0.00607942351530286
1.74832154956701,0.282436686304872,-0.0303314254375342,-0.116404837601204,0.00376497402157051,-0.0635345469661514,0.00374013984987497,-0.332391954694375,0.00617523841759188
1.7604464189928,0.282404267335114,-0.030553294346715,-0.11641070079014,0.00379813976057733,-0.0635370473507724,0.00377281122211352,-0.332448440082329,0.00627223929548004
1.77265537618758,0.282371185755658,-0.0307766653508264,-0.116416548910119,0.00383159330123969,-0.0635394844614817,0.00380575892672272,-0.332504965547428,0.00637043431971079
1.78494900431252,0.282337432306658,-0.0310015453548415,-0.116422380911495,0.00386533648326075,-0.0635418565697454,0.00383898450522955,-0.332561523407693,0.00646983160261486
1.79732789057308,0.28230299764937,-0.0312279412587667,-0.116428195735408,0.0038993711472197,-0.0635441619295809,0.0038724894925867,-0.332618105888881,0.00657043919655928
1.80979262624709,0.282267872365517,-0.031455859957646,-0.116433992313929,0.00393369913456914,-0.0635463987776423,0.00390627541701973,-0.332674705125948,0.00667226509243665
1.82234380671297,0.282232046956644,-0.0316853083415621,-0.116439769570201,0.00396832228763884,-0.0635485653333073,0.00394034379987836,-0.332731313164544,0.0067753172181966
1.83498203147818,0.282195511843427,-0.031916293295635,-0.11644552641858,0.00400324244964532,-0.0635506597987657,0.00397469615549187,-0.332787921962554,0.00687960343741983
1.84770790420785,0.282158257364961,-0.0321488217000165,-0.116451261764782,0.00403846146470805,-0.0635526803591089,0.00400933399102868,-0.33284452339168,0.0069851315479377
1.86052203275364,0.282120273778024,-0.0323829004298797,-0.116456974506022,0.00407398117787187,-0.0635546251824202,0.00404425880636033,-0.332901109239059,0.00709190928049813
1.87342502918271,0.282081551256301,-0.0326185363554024,-0.116462663531166,0.00410980343513574,-0.0635564924198665,0.00407947209392953,-0.332957671208921,0.00719994429747828
1.88641750980704,0.282042079889583,-0.0328557363417437,-0.116468327720869,0.00414593008348815,-0.0635582802057904,0.00411497533862275,-0.333014200924286,0.00730924419164791
1.89950009521279,0.282001849682939,-0.0330945072490121,-0.116473965947725,0.00418236297094906,-0.0635599866578022,0.00415077001764706,-0.333070689928689,0.00741981648498208
1.91267341029,0.281960850555851,-0.0333348559322247,-0.116479577076406,0.00421910394661822,-0.0635616098768728,0.00418685760041139,-0.333127129687942,0.00753166862752583
1.92593808426241,0.28191907234132,-0.0335767892412557,-0.116485159963814,0.00425615486073042,-0.0635631479474271,0.00422323954841213,-0.33318351159193,0.00764480799631193
1.93929475071751,0.281876504784948,-0.0338203140207743,-0.116490713459216,0.00429351756471723,-0.0635645989374355,0.00425991731512327,-0.333239826956434,0.00775924189433311
1.95274404763682,0.281833137543976,-0.0340654371101692,-0.116496236404393,0.00433119391127551,-0.0635659608985076,0.00429689234589074,-0.33329606702498,0.00787497754956901
1.96628661742637,0.281788960186299,-0.0343121653434596,-0.11650172763378,0.00436918575444269,-0.0635672318659828,0.00433416607783136,-0.333352222970721,0.00799202211406966
1.97992310694735,0.281743962189451,-0.034560505549192,-0.116507185974605,0.00440749494967878,-0.0635684098590223,0.00437173993973601,-0.333408285898338,0.00811038266309697
1.99365416754703,0.281698132939551,-0.0348104645503201,-0.116512610247029,0.00444612335395521,-0.063569492880699,0.00440961535197729,-0.333464246845966,0.00823006619432362
2.00748045508988,0.28165146173022,-0.0350620491640681,-0.116517999264284,0.00448507282585036,-0.0635704789180864,0.00444779372642135,-0.333520096787139,0.0083510796270917
2.0214026299889,0.281603937761474,-0.0353152662017753,-0.116523351832809,0.00452434522565212,-0.0635713659423469,0.00448627646634425,-0.333575826632761,0.00847342980173149
2.03542135723711,0.281555550138567,-0.0355701224687217,-0.116528666752381,0.00456394241546691,-0.0635721519088173,0.00452506496635232,-0.333631427233084,0.00859712347894084
2.0495373064394,0.281506287870826,-0.0358266247639316,-0.11653394281625,0.00460386625933579,-0.0635728347570944,0.00456416061230691,-0.333686889379709,0.00872216733922615
2.06375115184445,0.281456139870432,-0.0360847798799568,-0.116539178811264,0.0046441186233572,-0.0635734124111165,0.00460356478125315,-0.333742203807596,0.00884856798240524
2.07806357237695,0.281405094951184,-0.0363445946026351,-0.116544373517997,0.00468470137581655,-0.0635738827792449,0.00464327884135292,-0.33379736119709,0.00897633192717365
2.09247525167004,0.281353141827223,-0.0366060757108255,-0.116549525710872,0.00472561638732238,-0.0635742437543418,0.00468330415182167,-0.333852352175947,0.00910546561073342
2.10698687809795,0.281300269111734,-0.036869229976117,-0.11655463415828,0.00476686553094942,-0.0635744932138458,0.00472364206286926,-0.333907167321379,0.00923597538848545
2.12159914480891,0.281246465315603,-0.0371340641625108,-0.116559697622699,0.00480845068238819,-0.0635746290198455,0.00476429391564455,-0.333961797162093,0.00936786753378666
2.1363127497582,0.28119171884606,-0.0374005850260742,-0.116564714860802,0.0048503737201012,-0.0635746490191492,0.00480526104218382,-0.33401623218034,0.00950114823777026
2.15112839574156,0.281136018005276,-0.0376687993145656,-0.116569684623572,0.0048926365254859,-0.0635745510433523,0.00484654476536275,-0.334070462813964,0.00963582360923151
2.1660467904287,0.28107935098894,-0.0379387137670282,-0.116574605656405,0.00493524098304389,-0.0635743329089012,0.00488814639885186,-0.334124479458442,0.00977189967457717
2.18106864639712,0.281021705884799,-0.0382103351133525,-0.116579476699211,0.00497818898055676,-0.0635739924171537,0.00493006724707542,-0.334178272468932,0.00990938237783986
2.19619468116618,0.280963070671178,-0.0384836700738056,-0.116584296486508,0.00502148240926824,-0.0635735273544358,0.00497230860517367,-0.33423183216231,0.0100482775807575
2.21142561723131,0.280903433215461,-0.038758725358526,-0.11658906374752,0.00506512316407273,-0.0635729354920947,0.00501487175896798,-0.334285148819192,0.0101885910629162
2.22676218209858,0.280842781272545,-0.0390355076669836,-0.116593777206259,0.00510911314371,-0.063572214586548,0.00505775798492925,-0.334338212685963,0.0103303285219586
2.24220510831939,0.280781102483275,-0.0393140236874017,-0.116598435581611,0.005153454250966,-0.0635713623793287,0.00510096855014891,-0.334391013976773,0.0104734955738552
2.25775513352553,0.280718384372839,-0.039594280096143,-0.11660303758741,0.00519814839287989,-0.0635703765971257,0.0051445047123128,-0.33444354287554,0.0106180977532404
2.27341300046436,0.280654614349146,-0.0398762835570551,-0.116607581932512,0.00524319748095685,-0.0635692549518204,0.00518836771967746,-0.334495789537917,0.010764140513811
2.28917945703428,0.280589779701169,-0.0401600407207764,-0.11661206732086,0.00528860343138686,-0.0635679951405176,0.00523255881104882,-0.334547744093257,0.0109116292287881
2.30505525632052,0.28052386759727,-0.0404455582240002,-0.116616492451544,0.00533436816526922,-0.0635665948455733,0.00527707921576303,-0.334599396646547,0.0110605691914414
2.32104115663104,0.280456865083498,-0.040732842688697,-0.116620856018857,0.0053804936088427,-0.063565051734616,0.00532193015366935,-0.334650737280321,0.0112109656156749
2.33713792153279,0.280388759081856,-0.041021900721292,-0.116625156712341,0.00542698169372117,-0.0635633634605638,0.00536711283511484,-0.334701756056554,0.0113628236366733
2.35334631988814,0.280319536388552,-0.041312738911799,-0.116629393216829,0.0054738343571348,-0.0635615276616365,0.00541262846093056,-0.334752443018523,0.0115161483116097
2.36966712589169,0.280249183672227,-0.0416053638329074,-0.116633564212483,0.00552105354217637,-0.0635595419613614,0.00545847822241943,-0.334802788192641,0.0116709446204117
2.38610111910714,0.280177687472156,-0.0418997820390222,-0.116637668374819,0.0055686411980528,-0.0635574039685752,0.00550466330134502,-0.334852781590264,0.0118272174665869
2.40264908450462,0.28010503419643,-0.0421960000652568,-0.116641704374732,0.00561659928034174,-0.0635551112774188,0.00555118486992157,-0.334902413209459,0.0119849716781047
2.41931181249812,0.280031210120119,-0.0424940244263755,-0.116645670878505,0.00566492975125295,-0.0635526614673276,0.00559804409080471,-0.334951673036745,0.0121442120083365
2.43609009898327,0.279956201383413,-0.0427938616156857,-0.116649566547824,0.00571363457989454,-0.0635500521030156,0.00564524211708273,-0.335000551048788,0.0123049431370496
2.45298474537537,0.279879993989746,-0.04309551810388,-0.116653390039771,0.00576271574254365,-0.0635472807344538,0.00569278009226827,-0.335049037214072,0.0124671696714565
2.46999655864764,0.279802573803905,-0.0433990003378247,-0.116657140006824,0.00581217522292172,-0.0635443448968422,0.00574065915029006,-0.335097121494514,0.0126308961473165
2.48712635136979,0.279723926550113,-0.0437043147392953,-0.116660815096831,0.00586201501247391,-0.0635412421105767,0.00578888041548463,-0.335144793847049,0.0127961270300903
2.50437494174681,0.279644037810106,-0.0440114677036577,-0.116664413952999,0.00591223711065281,-0.0635379698812094,0.00583744500258757,-0.335192044225166,0.0129628667161437
2.52174315365806,0.279562893021193,-0.0443204655984943,-0.116667935213853,0.00596284352520592,-0.0635345256994022,0.0058863540167243,-0.335238862580403,0.0131311195340016
2.53923181669665,0.279480477474298,-0.0446313147621734,-0.116671377513203,0.00601383627246713,-0.0635309070408756,0.00593560855339991,-0.335285238863793,0.0133008897456484
2.55684176620901,0.279396776311992,-0.0449440215023616,-0.116674739480093,0.00606521737765163,-0.06352711136635,0.00598520969848801,-0.335331163027258,0.0134721815478762
2.57457384333485,0.279311774526517,-0.0452585920944782,-0.116678019738747,0.00611698887515453,-0.0635231361214811,0.0060351585282182,-0.335376625024964,0.0136449990736763
2.59242889504728,0.279225456957793,-0.0455750327800902,-0.116681216908502,0.00616915280885251,-0.0635189787367895,0.00608545610916195,-0.335421614814612,0.0138193463936744
2.61040777419332,0.27913780829142,-0.0458933497652478,-0.116684329603739,0.00622171123240884,-0.0635146366275829,0.00613610349821669,-0.33546612235869,0.0139952275176068
2.6285113395346,0.279048813056672,-0.0462135492187588,-0.116687356433796,0.00627466620958113,-0.063510107193873,0.0061871017425877,-0.335510137625657,0.0141726463958375
2.64674045578839,0.278958455624479,-0.0465356372704015,-0.116690296002881,0.00632801981453194,-0.0635053878202854,0.0062384518797678,-0.335553650591086,0.0143516069209116
2.6650959936689,0.278866720205411,-0.0468596200090755,-0.116693146909972,0.00638177413214202,-0.0635004758759632,0.00629015493751426,-0.335596651238741,0.0145321129291466
2.68357882992886,0.278773590847652,-0.0471855034808891,-0.116695907748702,0.00643593125832584,-0.0634953687144645,0.006342211933823,-0.335639129561598,0.014714168202258
2.70218984740145,0.278679051434971,-0.0475132936871821,-0.116698577107249,0.00649049330034937,-0.0634900636736532,0.00639462387689943,-0.335681075562816,0.0148977764690165
2.72092993504239,0.278583085684692,-0.0478429965824851,-0.116701153568205,0.0065454623771499,-0.0634845580755836,0.00644739176512611,-0.335722479256636,0.0150829414069374
2.73979998797246,0.278485677145665,-0.0481746180724121,-0.116703635708434,0.00660084061965772,-0.063478849226379,0.0065005165870266,-0.335763330669226,0.0152696666439988
2.75880090752022,0.278386809196234,-0.0485081640114878,-0.116706022098935,0.00665663017111935,-0.0634729344161035,0.00655399932122538,-0.335803619839471,0.0154579557603865
2.77793360126509,0.278286465042207,-0.0488436402009077,-0.116708311304677,0.00671283318742237,-0.063466810918628,0.00660784093640361,-0.335843336819686,0.0156478122902646
2.79719898308069,0.278184627714835,-0.0491810523862305,-0.116710501884437,0.0067694518374214,-0.0634604759914898,0.00666204239125044,-0.335882471676281,0.0158392397235692
2.81659797317847,0.278081280068785,-0.0495204062550024,-0.116712592390626,0.0068264883032652,-0.0634539268757463,0.00671660463440947,-0.335921014490354,0.0160322415078237
2.83613149815172,0.277976404780131,-0.049861707434313,-0.116714581369097,0.00688394478072465,-0.0634471607958228,0.00677152860442034,-0.335958955358221,0.0162268210499733
2.85580049101974,0.277869984344341,-0.0502049614882809,-0.116716467358957,0.00694182347952143,-0.0634401749593538,0.00682681522965498,-0.335996284391884,0.0164229817182369
2.87560589127251,0.27776200107428,-0.0505501739154702,-0.116718248892357,0.0070001266236572,-0.0634329665570191,0.00688246542824839,-0.336032991719432,0.0166207268439751
2.89554864491548,0.277652437098221,-0.0508973501462356,-0.116719924494277,0.00705885645174306,-0.0634255327623739,0.00693848010802355,-0.336069067485375,0.0168200597235708
2.91562970451479,0.277541274357865,-0.0512464955399972,-0.116721492682301,0.00711801521732915,-0.0634178707316734,0.00699486016641041,-0.336104501850916,0.0170209836203219
2.93585002924278,0.277428494606378,-0.0515976153824426,-0.11672295196638,0.00717760518923412,-0.0634099776036912,0.00705160649035842,-0.336139284994153,0.0172235017663435
2.95621058492378,0.277314079406441,-0.0519507148826577,-0.116724300848587,0.00723762865187445,-0.0634018504995335,0.00710871995624266,-0.336173407110216,0.0174276173644773
2.97671234408028,0.277198010128312,-0.0523057991701846,-0.11672553782286,0.00729808790559315,-0.0633934865224472,0.00716620142976307,-0.336206858411335,0.0176333335902071
2.99735628597932,0.277080267947912,-0.0526628732920057,-0.116726661374735,0.00735898526698788,-0.063384882757623,0.00722405176583655,-0.336239629126848,0.0178406535935769
3.01814339667932,0.276960833844925,-0.0530219422094555,-0.11672766998107,0.00742032306923822,-0.0633760362719935,0.007282271808482,-0.336271709503133,0.0180495805011117
3.03907466907719,0.276839688600919,-0.0533830107950572,-0.116728562109755,0.00748210366243192,-0.0633669441140268,0.00734086239069745,-0.336303089803479,0.0182601174177371
3.06015110295567,0.27671681279749,-0.0537460838292853,-0.116729336219417,0.00754432941388983,-0.0633576033135152,0.00739982433432973,-0.33633376030789,0.018472267428697
3.08137370503119,0.276592186814432,-0.0541111659972535,-0.116729990759109,0.00760700270848954,-0.0633480108813593,0.00745915844993587,-0.336363711312818,0.018686033601467
3.10274348900188,0.276465790827924,-0.0544782618853274,-0.116730524167991,0.00767012594898729,-0.063338163809348,0.00751886553663638,-0.336392933130836,0.0189014189876613
3.12426147559604,0.276337604808753,-0.0548473759776612,-0.116730934875002,0.00773370155633814,-0.0633280590699342,0.00757894638195989,-0.33642141609024,0.0191184266249315
3.14592869262085,0.27620760852056,-0.0552185126526591,-0.116731221298521,0.00779773197001415,-0.0633176936160069,0.00763940176167923,-0.336449150534587,0.0193370595388561
3.16774617501149,0.276075781518113,-0.0555916761793601,-0.11673138184601,0.00786221964832039,-0.0633070643806593,0.00770023243963841,-0.336476126822163,0.0195573207448173
3.18971496488059,0.275942103145623,-0.055966870713747,-0.116731414913661,0.00792716706870861,-0.0632961682769529,0.00776143916757053,-0.336502335325397,0.0197792132498645
3.21183611156796,0.275806552535079,-0.056344100294977,-0.116731318886016,0.00799257672808826,-0.0632850021976795,0.00782302268490621,-0.336527766430197,0.020002740054562
3.23411067169074,0.275669108604626,-0.0567233688415377,-0.11673109213559,0.00805845114313496,-0.063273563015119,0.00788498371857256,-0.336552410535228,0.0202279041548201
3.25653970919388,0.275529750056978,-0.0571046801473234,-0.116730733022475,0.0081247928505959,-0.0632618475807949,0.00794732298278223,-0.336576258051132,0.0204547085437062
3.27912429540095,0.275388455377871,-0.0574880378776358,-0.116730239893937,0.00819160440759229,-0.0632498527252269,0.00801004117881254,-0.336599299399671,0.0206831562132355
3.30186550906528,0.275245202834548,-0.0578734455651057,-0.116729611083998,0.00825888839191838,-0.063237575257681,0.00807313899477433,-0.336621525012821,0.0209132501561395
3.32476443642155,0.275099970474298,-0.0582609066055383,-0.116728844913014,0.00832664740233713,-0.0632250119659183,0.0081366171053706,-0.336642925331798,0.0211449933676096
3.3478221712376,0.274952736123028,-0.0586504242536783,-0.116727939687239,0.00839488405887233,-0.0632121596159406,0.00820047617164434,-0.336663490806021,0.0213783888470156
3.37103981486675,0.274803477383884,-0.0590420016188997,-0.116726893698374,0.00846360100309668,-0.0631990149517354,0.00826471684071583,-0.336683211892022,0.021613439599596
3.39441847630035,0.274652171635921,-0.0594356416608146,-0.116725705223112,0.00853280089841603,-0.0631855746950189,0.00832933974550891,-0.336702079052291,0.02185014863812
3.41795927222076,0.274498796032818,-0.0598313471848055,-0.116724372522667,0.00860248643034959,-0.0631718355449786,0.00839434550446622,-0.33672008275406,0.0220885189845185
3.44166332705473,0.274343327501646,-0.0602291208374787,-0.1167228938423,0.00867266030680545,-0.0631577941780141,0.00845973472125311,-0.336737213468038,0.0223285536714828
3.46553177302703,0.274185742741688,-0.0606289651020386,-0.116721267410821,0.00874332525835189,-0.0631434472474784,0.00852550798445024,-0.336753461667084,0.0225702557440305
3.48956575021462,0.274026018223313,-0.0610308822935844,-0.116719491440093,0.00881448403848391,-0.0631287913834179,0.00859166586723458,-0.336768817824819,0.022813628261036
3.51376640660105,0.273864130186906,-0.0614348745543278,-0.11671756412452,0.00888613942388482,-0.0631138231923133,0.00865820892704872,-0.336783272414196,0.0230586742967242
3.53813489813128,0.273700054641856,-0.0618409438487322,-0.116715483640522,0.00895829421468289,-0.0630985392568206,0.00872513770525834,-0.336796815906003,0.0233053969421272
3.56267238876697,0.273533767365608,-0.062249091958574,-0.116713248146001,0.00903095123470272,-0.0630829361355122,0.00879245272679775,-0.336809438767323,0.0235537993065021
3.58738005054197,0.273365243902771,-0.0626593204779244,-0.116710855779802,0.00910411333171133,-0.0630670103626199,0.00886015449980328,-0.336821131459936,0.0238038845187068
3.61225906361841,0.273194459564292,-0.0630716308080545,-0.11670830466115,0.00917778337765844,-0.063050758447778,0.00892824351523451,-0.336831884438673,0.0240556557285371
3.63731061634298,0.2730213894267,-0.0634860241522606,-0.11670559288909,0.00925196426891139,-0.0630341768757693,0.00899672024648316,-0.336841688149723,0.024309116108018
3.66253590530377,0.272846008331413,-0.0639025015106128,-0.116702718541906,0.00932665892648385,-0.0630172621062713,0.00906558514896959,-0.336850533028882,0.0245642688526538
3.68793613538733,0.272668290884118,-0.0643210636746249,-0.116699679676538,0.00940187029625847,-0.0630000105736067,0.00913483865972672,-0.336858409499768,0.0248211171826308
3.71351251983634,0.272488211454223,-0.0647417112218471,-0.116696474327976,0.00947760134920351,-0.0629824186864944,0.00920448119697139,-0.336865307971983,0.0250796643439756
3.73926628030746,0.272305744174382,-0.0651644445103812,-0.116693100508658,0.00955385508158276,-0.0629644828278048,0.00927451315966302,-0.336871218839223,0.0253399136096656
3.76519864692972,0.272120862940097,-0.0655892636733186,-0.116689556207843,0.009630634515159,-0.0629461993543174,0.0093449349270494,-0.336876132477361,0.0256018682806911
3.7913108583633,0.271933541409402,-0.0660161686131016,-0.116685839390984,0.00970794269739067,-0.062927564596483,0.00941574685819987,-0.336880039242473,0.0258655316870686
3.81760416185865,0.271743753002623,-0.0664451589958078,-0.116681947999085,0.00978578270162152,-0.0629085748581882,0.0094869492915253,-0.336882929468826,0.0261309071888041
3.84407981331609,0.271551470902223,-0.0668762342453588,-0.116677879948043,0.00986415762726313,-0.062889226416526,0.0095585425442853,-0.336884793466833,0.026397998176805
3.87073907734582,0.271356668052733,-0.0673093935376531,-0.116673633127991,0.00994307059997014,-0.0628695155215695,0.00963052691208242,-0.336885621520958,0.0266668080737411
3.89758322732826,0.271159317160771,-0.0677446357946229,-0.116669205402615,0.010022524771808,-0.0628494383961513,0.00970290266834319,-0.336885403887592,0.0269373403348515
3.92461354547494,0.270959390695151,-0.0681819596782175,-0.116664594608474,0.0101025233214128,-0.0628289912356483,0.00977567006378615,-0.336884130792888,0.0272095984486999
3.95183132288971,0.270756860887079,-0.0686213635843109,-0.1166597985543,0.0101830694541437,-0.0628081702077715,0.00984882932587683,-0.336881792430565,0.0274835859378743
3.97923785963041,0.270551699730454,-0.0690628456365362,-0.116654815020287,0.0102641664022268,-0.0627869714523624,0.00992238065826943,-0.33687837895967,0.0277593063596328
4.00683446477099,0.270343878982257,-0.0695064036800472,-0.116649641757377,0.0103458174248909,-0.0627653910811959,0.00999632424023556,-0.336873880502318,0.028036763306493
4.03462245646401,0.270133370163044,-0.0699520352752067,-0.116644276486524,0.0104280258084951,-0.0627434251777895,0.0100706602260797,-0.336868287141391,0.0283159604067661
4.06260316200361,0.269920144557536,-0.0703997376912031,-0.116638716897955,0.0105107948666471,-0.0627210697972199,0.0101453887445416,-0.336861588918212,0.0285969013250341
4.09077791788892,0.269704173215323,-0.0708495078995964,-0.116632960650417,0.0105941279403136,-0.0626983209659474,0.0102205098981854,-0.336853775830192,0.0288795897625689
4.11914806988789,0.269485426951663,-0.0713013425677931,-0.116627005370414,0.0106780283979208,-0.0626751746816474,0.0102960237627762,-0.336844837828438,0.0291640294576943
4.14771497310157,0.269263876348403,-0.0717552380524517,-0.116620848651428,0.0107624996354458,-0.0626516269130515,0.0103719303866427,-0.336834764815354,0.0294502241860897
4.17647999202884,0.269039491754996,-0.0722111903928199,-0.116614488053136,0.0108475450764991,-0.0626276735997956,0.0104482297900274,-0.336823546642192,0.029738177761034
4.20544450063156,0.268812243289653,-0.0726691953040036,-0.116607921100612,0.0109331681723969,-0.062603310652279,0.0105249219644236,-0.336811173106605,0.0300278940335911
4.23460988240025,0.26858210084059,-0.0731292481701693,-0.116601145283516,0.0110193724022234,-0.0625785339515308,0.0106020068719,-0.336797633950153,0.0303193768927353
4.26397753042013,0.268349034067416,-0.0735913440376809,-0.116594158055276,0.0111061612728833,-0.0625533393490883,0.0106794844444113,-0.336782918855807,0.0306126302654165
4.29354884743766,0.268113012402627,-0.0740554776081719,-0.116586956832254,0.0111935383191441,-0.0625277226668838,0.0107573545830971,-0.336767017445419,0.030907658116565
4.32332524592758,0.267874005053234,-0.0745216432315535,-0.116579538992907,0.0112815071036674,-0.0625016796971434,0.0108356171575677,-0.336749919277181,0.0312044644490351
4.35330814816033,0.267631981002519,-0.0749898348989617,-0.116571901876926,0.0113700712170296,-0.062475206202296,0.0109142720051769,-0.336731613843061,0.031503053303488
4.38349898627002,0.267386909011916,-0.075460046235642,-0.116564042784379,0.0114592342777314,-0.062448297914894,0.0109933189302831,-0.336712090566224,0.031803428758213
4.41389920232282,0.267138757623031,-0.0759322704937763,-0.116555958974824,0.0115489999321965,-0.0624209505375458,0.0110727577034972,-0.336691338798437,0.0321055949288865
4.44451024838583,0.266887495159796,-0.0764065005452496,-0.116547647666429,0.0116393718547581,-0.0623931597428607,0.0111525880609182,-0.336669347817463,0.0324095559682696
4.47533358659646,0.266633089730767,-0.0768827288743621,-0.116539106035065,0.0117303537476337,-0.0623649211734062,0.0112328097033578,-0.336646106824431,0.0327153160658433
4.50637068923228,0.266375509231551,-0.0773609475704847,-0.116530331213398,0.0118219493408886,-0.0623362304416783,0.0113134222955511,-0.33662160494121,0.0330228794473804
4.53762303878129,0.266114721347397,-0.0778411483206621,-0.116521320289965,0.0119141623923859,-0.0623070831300857,0.011394425465357,-0.336595831207753,0.0333322503744564
4.56909212801278,0.265850693555917,-0.0783233224021635,-0.116512070308238,0.0120069966877247,-0.0622774747909472,0.0114758188029461,-0.33656877457945,0.0336434331438955
4.60077946004862,0.265583393129969,-0.0788074606749842,-0.116502578265676,0.012100456040165,-0.0622474009465037,0.011557601859977,-0.336540423924456,0.0339564320871549
4.63268654843505,0.265312787140691,-0.0792935535742985,-0.116492841112769,0.0121945442905399,-0.0622168570889452,0.0116397741487617,-0.336510768021019,0.0342712515696457
4.66481491721498,0.265038842460688,-0.0797815911028674,-0.116482855752069,0.0122892653071534,-0.062185838680452,0.0117223351414188,-0.336479795554803,0.0345878959899901
4.69716610100076,0.264761525767383,-0.0802715628234018,-0.116472619037204,0.0123846229856656,-0.0621543411532524,0.0118052842690171,-0.336447495116199,0.0349063697792152
4.72974164504755,0.264480803546531,-0.0807634578508841,-0.116462127771886,0.0124806212489625,-0.0621223599096953,0.011888620920707,-0.336413855197636,0.035226677399884
4.76254310532705,0.264196642095894,-0.0812572648448506,-0.116451378708909,0.0125772640470128,-0.0620898903223402,0.0119723444428422,-0.336378864190886,0.035548823345161
4.79557204860185,0.263909007529088,-0.0817529720016367,-0.116440368549125,0.0126745553567084,-0.0620569277340628,0.0120564541380904,-0.336342510384369,0.035872812137816
4.82883005250031,0.263617865779605,-0.0822505670465869,-0.116429093940422,0.0127724991816911,-0.0620234674581785,0.0121409492645346,-0.336304781960452,0.0361986483291631
4.86231870559183,0.263323182604998,-0.0827500372262337,-0.116417551476678,0.0128710995521633,-0.0619895047785834,0.0122258290347634,-0.336265666992753,0.0365263364979349
4.89603960746281,0.263024923591262,-0.0832513693004459,-0.116405737696712,0.0129703605246827,-0.0619550349499122,0.0123110926149531,-0.336225153443441,0.0368558812490952
4.92999436879299,0.262723054157377,-0.0837545495345508,-0.116393649083216,0.0130702861819414,-0.0619200531977165,0.0123967391239391,-0.336183229160536,0.0371872872125845
4.96418461143244,0.262417539560049,-0.0842595636914329,-0.11638128206168,0.0131708806325282,-0.0618845547186595,0.0124827676322787,-0.336139881875222,0.0375205590420042
4.99861196847899,0.262108344898626,-0.0847663970236104,-0.116368632999307,0.0132721480106735,-0.0618485346807316,0.0125691771613057,-0.336095099199146,0.0378557014132348
5.03327808435624,0.261795435120219,-0.0852750342652957,-0.116355698203906,0.0133740924759784,-0.0618119882234848,0.0126559666821755,-0.336048868621739,0.0381927190229905
5.06818461489212,0.261478775024998,-0.0857854596244394,-0.116342473922786,0.0134767182131241,-0.0617749104582875,0.0127431351149026,-0.336001177507528,0.0385316165873104
5.10333322739797,0.261158329271699,-0.0862976567747646,-0.116328956341628,0.0135800294315647,-0.0617372964685988,0.0128306813273902,-0.335952013093463,0.0388723988399834
5.13872560074817,0.260834062383323,-0.0868116088477922,-0.116315141583354,0.0136840303652011,-0.0616991413102647,0.0129186041344522,-0.335901362486251,0.0392150705309115
5.17436342546036,0.260505938753035,-0.0873272984248625,-0.116301025706973,0.0137887252720358,-0.0616604400118348,0.0130069022968283,-0.335849212659688,0.039559636424406
5.21024840377617,0.260173922650275,-0.0878447075291563,-0.116286604706429,0.0138941184338083,-0.0616211875749005,0.0130955745201916,-0.335795550452015,0.0399061012974216
5.24638224974252,0.259837978227067,-0.0883638176177181,-0.116271874509425,0.0140002141556107,-0.0615813789744556,0.0131846194541508,-0.335740362563271,0.0402544699377247
5.2827666892935,0.259498069524553,-0.0888846095734876,-0.11625683097624,0.0141070167654837,-0.061541009159279,0.0132740356912456,-0.335683635552665,0.0406047471419982
5.31940346033281,0.259154160479721,-0.089407063697342,-0.11624146989854,0.0142145306139904,-0.0615000730523398,0.0133638217659367,-0.335625355835954,0.040956937713881
5.35629431281677,0.258806214932371,-0.0899311597001528,-0.116225786998166,0.0143227600737705,-0.0614585655512261,0.0134539761535909,-0.335565509682837,0.0413110464619433
5.39344100883792,0.258454196632283,-0.0904568766948635,-0.11620977792592,0.0144317095390716,-0.0614164815285966,0.0135444972694607,-0.335504083214364,0.0416670781975984
5.43084532270915,0.258098069246616,-0.0909841931885904,-0.116193438260335,0.0145413834252588,-0.061373815832657,0.0136353834676606,-0.33544106240035,0.0420250377329479
5.4685090410485,0.257737796367529,-0.0915130870747527,-0.116176763506436,0.0146517861683017,-0.0613305632876597,0.0137266330401385,-0.33537643305682,0.0423849298785645
5.50643396286443,0.257373341520031,-0.0920435356252356,-0.116159749094487,0.0147629222242378,-0.0612867186944282,0.0138182442156444,-0.335310180843454,0.0427467594412084
5.54462189964184,0.25700466817006,-0.0925755154825918,-0.11614239037873,0.0148747960686124,-0.0612422768309071,0.0139102151586959,-0.335242291261059,0.0431105312214805
5.58307467542852,0.256631739732793,-0.0931090026522863,-0.11612468263611,0.0149874121958941,-0.0611972324527366,0.014002543968541,-0.335172749649054,0.0434762500114094
5.6217941269223,0.256254519581194,-0.0936439724949896,-0.116106621064992,0.0151007751188656,-0.0611515802938532,0.01409522867812,-0.335101541182979,0.0438439205919752
5.66078210355879,0.255872971054802,-0.0941803997189247,-0.116088200783863,0.0152148893679885,-0.0611053150671157,0.0141882672530246,-0.335028650872018,0.0442135477305671
5.70004046759971,0.255487057468745,-0.0947182583722731,-0.11606941683003,0.0153297594907433,-0.0610584314649585,0.014281657590457,-0.334954063556541,0.0445851361783771
5.73957109422183,0.255096742123019,-0.0952575218356454,-0.1160502641583,0.0154453900509414,-0.0610109241600702,0.0143753975181891,-0.334877763905679,0.0449586906677283
5.77937587160657,0.254701988311989,-0.0957981628146229,-0.116030737639657,0.0155617856280113,-0.0609627878061003,0.0144694847935206,-0.334799736414905,0.0453342159093379
5.81945670103016,0.25430275933415,-0.0963401533323748,-0.116010832059923,0.0156789508162556,-0.0609140170383928,0.0145639171022396,-0.334719965403654,0.0457117165895162
5.85981549695445,0.253899018502134,-0.0968834647223583,-0.11599054211841,0.0157968902240814,-0.0608646064747463,0.0146586920575831,-0.334638435012951,0.0460911973672993
5.90045418711838,0.25349072915296,-0.0974280676211072,-0.115969862426567,0.0159156084731997,-0.060814550716204,0.0147538071992011,-0.334555129203082,0.0464726628715171
5.94137471263004,0.253077854658547,-0.0979739319611143,-0.115948787506615,0.0160351101977972,-0.0607638443478694,0.0148492599921218,-0.334470031751271,0.0468561176977959
5.9825790280594,0.252660358436475,-0.0985210269638173,-0.115927311790169,0.016155400043676,-0.0607124819397523,0.0149450478257215,-0.334383126249404,0.0472415664054957
6.02406910153166,0.252238203960999,-0.0990693211326898,-0.115905429616855,0.0162764826673638,-0.0606604580476422,0.0150411680126978,-0.334294396101762,0.0476290135145819
6.06584691482126,0.251811354774322,-0.0996187822464494,-0.11588313523292,0.0163983627351918,-0.0606077672140111,0.0151376177880471,-0.334203824522797,0.0480184635024314
6.10791446344653,0.251379774498132,-0.100169377352386,-0.11586042278983,0.0165210449223401,-0.060554403968945,0.0152343943080486,-0.33411139453493,0.0484099208005731
6.15027375676503,0.250943426845385,-0.100721072759818,-0.115837286342863,0.0166445339118514,-0.0605003628311052,0.0153314946492531,-0.334017088966382,0.0488033897913623
6.19292681806951,0.25050227563236,-0.101273834033687,-0.115813719849691,0.0167688343936094,-0.0604456383087185,0.0154289158074792,-0.333920890449035,0.0491988748045896
6.23587568468454,0.250056284790969,-0.101827625988295,-0.115789717168958,0.0168939510632844,-0.0603902249005974,0.0155266546968169,-0.333822781416328,0.0495963801140238
6.27912240806387,0.249605418381331,-0.102382412681185,-0.11576527205885,0.0170198886212429,-0.0603341170971905,0.0156247081486391,-0.333722744101183,0.049995909933888
6.32266905388835,0.249149640604605,-0.102938157407195,-0.115740378175658,0.017146651771422,-0.0602773093816617,0.0157230729106227,-0.333620760533969,0.0503974684152704
6.36651770216467,0.24868891581609,-0.103494822692661,-0.115715029072335,0.0172742452201672,-0.0602197962310013,0.0158217456457785,-0.333516812540502,0.0508010596424678
6.41067044732463,0.248223208538585,-0.104052370289806,-0.11568921819705,0.0174026736750328,-0.0601615721171656,0.0159207229314924,-0.333410881740074,0.0512066876292633
6.45512939832527,0.247752483476009,-0.104610761171307,-0.115662938891733,0.0175319418435449,-0.0601026315082486,0.0160200012585776,-0.333302949543531,0.0516143563151371
6.49989667874954,0.24727670552729,-0.10516995552505,-0.115636184390619,0.0176620544319256,-0.0600429688696824,0.016119577030339,-0.333192997151381,0.0520240695614104
6.54497442690774,0.24679583980051,-0.105729912749083,-0.115608947818784,0.0177930161437773,-0.0599825786654699,0.01621944656165,-0.333081005551946,0.0524358311473228
6.5903647959397,0.246309851627314,-0.106290591446785,-0.11558122219068,0.0179248316787276,-0.0599214553594466,0.016319606078044,-0.332966955519552,0.0528496447660422
6.63606995391757,0.245818706577579,-0.106851949422236,-0.11555300040867,0.0180575057310333,-0.0598595934165743,0.0164200517148197,-0.332850827612766,0.0532655140206085
6.68209208394941,0.245322370474341,-0.107413943675819,-0.115524275261556,0.0181910429881417,-0.0597969873042645,0.0165207795161624,-0.33273260217267,0.0536834424198084
6.72843338428345,0.244820809408985,-0.107976530400059,-0.115495039423104,0.0183254481292114,-0.059733631493733,0.016621785434281,-0.332612259321183,0.0541034333739849
6.77509606841313,0.244313989756682,-0.108539664975691,-0.115465285450576,0.0184607258235878,-0.0596695204613848,0.0167230653285628,-0.332489778959429,0.0545254901907776
6.82208236518274,0.243801878192094,-0.109103301967991,-0.115435005783253,0.0185968807292366,-0.0596046486902299,0.0168246149647462,-0.332365140766151,0.0549496160707961
6.86939451889399,0.243284441705316,-0.109667395123358,-0.115404192740964,0.0187339174911312,-0.0595390106713294,0.0169264300141122,-0.332238324196171,0.0553758141032258
6.91703478941313,0.242761647618083,-0.110231897366169,-0.115372838522613,0.0188718407395955,-0.0594726009052718,0.0170285060526962,-0.332109308478905,0.0558040872613657
6.96500545227891,0.242233463600216,-0.110796760795911,-0.11534093520471,0.0190106550886001,-0.05940541390368,0.0171308385605199,-0.331978072616918,0.0562344383980983
7.0133087988113,0.241699857686315,-0.111361936684602,-0.115308474739905,0.0191503651340117,-0.0593374441907481,0.017233422920846,-0.331844595384547,0.056666870241291
7.06194713622089,0.241160798292693,-0.111927375474503,-0.115275448955523,0.0192909754517945,-0.0592686863048083,0.0173362544194544,-0.33170885532656,0.0571013853891303
7.11092278771915,0.240616254234552,-0.11249302677614,-0.115241849552104,0.0194324905961634,-0.0591991347999276,0.0174393282439433,-0.331570830756884,0.0575379863053872
7.16023809262934,0.240066194743388,-0.113058839366647,-0.115207668101956,0.019574915097688,-0.0591287842475339,0.0175426394830534,-0.331430499757379,0.0579766753146144
7.20989540649828,0.23951058948463,-0.113624761188423,-0.115172896047699,0.0197182534613461,-0.0590576292380712,0.0176461831260192,-0.331287840176676,0.0584174545972749
7.25989710120885,0.238949408575505,-0.11419073934813,-0.115137524700832,0.0198625101645266,-0.0589856643826843,0.0177499540619454,-0.331142829629067,0.0588603261848033
7.31024556509332,0.238382622603124,-0.114756720116038,-0.115101545240299,0.0200076896549815,-0.0589128843149318,0.0178539470792117,-0.330995445493469,0.059305291954597
7.36094320304735,0.237810202642784,-0.115322648925721,-0.115064948711069,0.020153796348725,-0.0588392836925274,0.0179581568649055,-0.330845664912432,0.0597523536249407
7.41199243664497,0.237232120276482,-0.115888470374111,-0.115027726022721,0.0203008346278795,-0.0587648571991095,0.0180625780042845,-0.330693464791224,0.060201512749861
7.46339570425412,0.236648347611631,-0.116454128221939,-0.114989867948051,0.0204488088384688,-0.0586895995460379,0.0181672049802692,-0.330538821796976,0.0606527707139137
7.51515546115323,0.236058857299986,-0.117019565394549,-0.114951365121677,0.0205977232881559,-0.058613505474218,0.0182720321729666,-0.330381712357896,0.0611061287269015
7.56727417964842,0.235463622556746,-0.117584723983103,-0.114912208038673,0.0207475822439265,-0.0585365697559517,0.0183770538592272,-0.330222112662547,0.0615615878185246
7.61975434919166,0.234862617179859,-0.118149545246199,-0.114872387053209,0.0208983899297163,-0.0584587871968139,0.0184822642122342,-0.330059998659203,0.0620191488329623
7.67259847649959,0.234255815569497,-0.118713969611892,-0.114831892377209,0.0210501505239821,-0.0583801526375554,0.0185876573011277,-0.329895346055267,0.0624788124233858
7.72580908567334,0.233643192747706,-0.119277936680141,-0.11479071407903,0.0212028681572156,-0.0583006609560306,0.0186932270906635,-0.329728130316771,0.0629405790464042
7.77938871831903,0.233024724378217,-0.119841385225682,-0.114748842082159,0.0213565469093998,-0.058220307069149,0.0187989674409093,-0.329558326667946,0.0634044489564416
7.83333993366922,0.232400386786417,-0.120404253201351,-0.114706266163926,0.0215111908074071,-0.0581390859348519,0.0189048721069765,-0.329385910090874,0.063870422200046
7.8876653087051,0.231770156979467,-0.120966477741846,-0.114662975954247,0.0216668038223379,-0.0580569925541111,0.0190109347387915,-0.329210855325216,0.064338498610132
7.94236743827963,0.231134012666552,-0.121527995167958,-0.114618960934386,0.0218233898668007,-0.0579740219729505,0.0191171488809054,-0.329033136868017,0.0648086778001541
7.99744893524145,0.230491932279272,-0.122088740991262,-0.114574210435741,0.0219809527921312,-0.0578901692844896,0.0192235079723438,-0.328852728973605,0.0652809591582144
8.0529124305597,0.229843894992136,-0.122648649919291,-0.114528713638661,0.0221394963855515,-0.0578054296310076,0.019330005346498,-0.328669605653563,0.0657553418411023
8.10876057344967,0.229189880743182,-0.123207655861192,-0.114482459571284,0.0222990243672684,-0.0577197982060283,0.0194366342310576,-0.328483740676796,0.0662318247682682
8.16499603149936,0.228529870254686,-0.123765691933881,-0.114435437108418,0.022459540387509,-0.0576332702564236,0.019543387747986,-0.328295107569683,0.0667104066157303
8.22162149079689,0.22786384505396,-0.1243226904687,-0.114387634970435,0.0226210480234962,-0.0575458410845358,0.0196502589135401,-0.32810367961632,0.0671910858099158
8.27863965605879,0.227191787494226,-0.124878583018581,-0.114339041722218,0.0227835507763602,-0.0574575060503177,0.0197572406383338,-0.32790942985886,0.0676738605214366
8.33605325075921,0.226513680775559,-0.125433300365738,-0.114289645772129,0.0229470520679879,-0.0573682605734886,0.0198643257274475,-0.32771233109794,0.0681587286587993
8.39386501726,0.22582950896588,-0.12598677252988,-0.114239435371017,0.0231115552378096,-0.0572781001357066,0.0199715068805842,-0.327512355893216,0.0686456878620515
8.45207771694168,0.225139257021987,-0.126538928776964,-0.114188398611272,0.0232770635395218,-0.0571870202827552,0.0200787766922717,-0.327309476563991,0.0691347354963631
8.51069413033537,0.224442910810619,-0.127089697628487,-0.11413652342591,0.0234435801377462,-0.0570950166267433,0.0201861276521137,-0.327103665189942,0.0696258686455446
8.56971705725559,0.223740457129526,-0.127639006871331,-0.114083797587707,0.0236111081046257,-0.0570020848483179,0.0202935521450894,-0.326894893611962,0.0701190841055024
8.62914931693396,0.223031883728551,-0.128186783568166,-0.114030208708373,0.0237796504163552,-0.0569082206988879,0.0204010424519024,-0.326683133433095,0.0706143783776318
8.68899374815392,0.222317179330689,-0.128732954068411,-0.113975744237778,0.0239492099496489,-0.0568134200028581,0.0205085907493801,-0.326468356019591,0.0711117476621484
8.74925320938629,0.221596333653118,-0.129277444019772,-0.113920391463223,0.0241197894781435,-0.0567176786598725,0.0206161891109238,-0.326250532502067,0.071611187851359
8.80993057892579,0.220869337428197,-0.129820178380351,-0.11386413750876,0.0242913916687363,-0.0566209926470643,0.0207238295070107,-0.326029633776781,0.0721126945228724
8.87102875502857,0.220136182424395,-0.130361081431339,-0.113806969334572,0.0244640190778595,-0.0565233580213139,0.0208315038057479,-0.325805630507023,0.072616262932751
8.93255065605059,0.219396861467157,-0.130900076790292,-0.113748873736398,0.0246376741476902,-0.0564247709215108,0.02093920377348,-0.325578493124628,0.0731218880086044
8.99449922058705,0.218651368459667,-0.131437087425004,-0.113689837345028,0.0248123592022957,-0.0563252275708195,0.0210469210754492,-0.325348191831605,0.0736295643426264
9.05687740761275,0.217899698403524,-0.131972035667973,-0.113629846625842,0.0249880764437159,-0.0562247242789487,0.0211546472765104,-0.32511469660189,0.0741392861845752
9.11968819662343,0.217141847419278,-0.132504843231465,-0.113568887878425,0.0251648279479802,-0.0561232574444204,0.0212623738419004,-0.32487797718323,0.0746510474346987
9.18293458777804,0.216377812766841,-0.133035431223186,-0.113506947236238,0.0253426156610628,-0.0560208235568399,0.0213700921380622,-0.324638003099192,0.0751648416366071
9.2466196020421,0.215607592865735,-0.133563720162555,-0.113444010666361,0.0255214413947731,-0.0559174191991626,0.0214777934335255,-0.324394743651302,0.0756806619700914
9.31074628133199,0.214831187315166,-0.134089629997594,-0.113380063969294,0.0257013068225844,-0.0558130410499587,0.0215854688998419,-0.324148167921324,0.0761985012438921
9.3753176886602,0.214048596913911,-0.134613080122424,-0.113315092778845,0.0258822134753999,-0.0557076858856725,0.0216931096125779,-0.323898244773668,0.0767183518884176
9.44033690828169,0.213259823679992,-0.135133989395372,-0.113249082562078,0.0260641627372571,-0.0556013505828758,0.0218007065523631,-0.323644942857944,0.0772402059484144
9.50580704584117,0.212464870870125,-0.135652276157701,-0.113182018619346,0.0262471558409709,-0.0554940321205126,0.0219082506059966,-0.323388230611657,0.0777640550755906
9.57173122852146,0.211663742998919,-0.136167858252944,-0.113113886084398,0.0264311938637159,-0.0553857275821352,0.0220157325676096,-0.323128076263044,0.0782898905211941
9.63811260519287,0.210856445857813,-0.136680653046865,-0.113044669924565,0.0266162777225497,-0.055276434158129,0.0221231431398857,-0.322864447834061,0.0788177031285479
9.70495434656358,0.210042986533724,-0.137190577448023,-0.11297435494104,0.0268024081698768,-0.055166149147924,0.0222304729353389,-0.322597313143521,0.0793474833255434
9.7722596453311,0.2092233734274,-0.137697547928954,-0.112902925769231,0.0269895857888544,-0.0550548699621931,0.0223377124776491,-0.322326639810387,0.0798792211170944
9.84003171633479,0.208397616271439,-0.138201480547969,-0.112830366879213,0.0271778109887414,-0.0549425941250328,0.0224448522030542,-0.322052395257213,0.0804129060775529
9.90827379670937,0.207565726147971,-0.138702290971554,-0.112756662576266,0.0273670840001919,-0.0548293192761281,0.0225518824618016,-0.32177454671376,0.0809485273430896
9.97698914603959,0.206727715505978,-0.139199894497379,-0.112681797001507,0.0275574048704927,-0.054715043172896,0.0226587935196556,-0.321493061220755,0.0814860736040412
10.0461810465159,0.205883598178226,-0.13969420607791,-0.112605754132624,0.0277487734587481,-0.0545997636926097,0.0227655755594632,-0.321207905633832,0.0820255330972256
10.1158528030912,0.205033389397801,-0.140185140344621,-0.112528517784702,0.027941189431013,-0.0544834788344987,0.0228722186827761,-0.320919046627627,0.082566893598229
10.1860077436388,0.204177105814212,-0.140672611632794,-0.112450071611157,0.0281346522553736,-0.0543661867218248,0.022978712911531,-0.320626450700055,0.0831101424136664
10.2566492191112,0.203314765509063,-0.141156534006913,-0.112370399104772,0.0283291611969799,-0.0542478856039321,0.0230850481897853,-0.320330084176755,0.0836552663734178
10.3277806037004,0.202446388011249,-0.141636821286635,-0.112289483598837,0.0285247153130306,-0.0541285738582686,0.0231912143855095,-0.32002991321571,0.0842022518228436
10.3994052949988,0.201571994311678,-0.142113387073337,-0.112207308268405,0.028721313447711,-0.0540082499923778,0.0232972012924362,-0.319725903812048,0.0847510846149816
10.4715267141616,0.200691606877477,-0.142586144777231,-0.11212385613166,0.0289189542270876,-0.0538869126458597,0.0234029986319633,-0.319418021803032,0.0853017501027278
10.5441483060703,0.199805249665686,-0.14305500764503,-0.112039110051392,0.0291176360539595,-0.0537645605922973,0.0235085960551127,-0.319106232873224,0.0858542331310052
10.6172735394972,0.198912948136398,-0.143519888788175,-0.111953052736602,0.0293173571026702,-0.0536411927411493,0.0236139831445437,-0.318790502559843,0.0864085180289229
10.6909059072708,0.198014729265332,-0.14398070121159,-0.111865666744217,0.0295181153138804,-0.0535168081396051,0.023719149416619,-0.318470796258318,0.0869645886019287
10.7650489264432,0.197110621555831,-0.14443735784297,-0.111776934480935,0.029719908389305,-0.0533914059744022,0.0238240843235243,-0.318147079228025,0.0875224281239587
10.8397061384575,0.196200655050242,-0.144889771562583,-0.111686838205193,0.0299227337864161,-0.0532649855736025,0.0239287772554398,-0.31781931659823,0.088082019329588
10.9148811093176,0.195284861340679,-0.145337855233583,-0.111595360029261,0.0301265887131143,-0.0531375464083279,0.024033217542763,-0.317487473374228,0.0886433444061838
10.9905774297578,0.194363273579135,-0.145781521732805,-0.111502481921473,0.0303314701223717,-0.0530090880944511,0.0241373944583815,-0.317151514443685,0.0892063849860686
11.0667987154147,0.193435926486935,-0.146220683982047,-0.111408185708584,0.0305373747068479,-0.0528796103942424,0.0242412972199955,-0.31681140458318,0.0897711221386926
11.1435486070002,0.192502856363503,-0.146655254979807,-0.111312453078271,0.030744298893482,-0.0527491132179686,0.0243449149924886,-0.316467108464968,0.0903375363628227
11.2208307704748,0.191564101094423,-0.147085147833474,-0.111215265581765,0.0309522388380648,-0.0526175966254445,0.0244482368903453,-0.31611859066394,0.0909056075787513
11.2986488972231,0.190619700158784,-0.147510275791952,-0.111116604636626,0.0311611904197917,-0.0524850608275331,0.0245512519801155,-0.315765815664801,0.0914753151205279
11.3770067042298,0.189669694635784,-0.147930552278688,-0.111016451529665,0.0313711492358018,-0.0523515061875957,0.0246539492829225,-0.315408747869472,0.0920466377282192
11.4559079342577,0.188714127210572,-0.148345890925118,-0.110914787420006,0.0315821105957044,-0.0522169332228874,0.0247563177770157,-0.315047351604693,0.0926195535402022
11.535356356026,0.187753042179325,-0.14875620560447,-0.1108115933423,0.0317940695160973,-0.052081342605899,0.0248583464003647,-0.31468159112987,0.093194040085493
11.6153557643908,0.18678648545352,-0.149161410465944,-0.110706850210086,0.0320070207150793,-0.0519447351656424,0.0249600240532944,-0.314311430645124,0.0937700742761195
11.6959099805258,0.185814504563411,-0.149561419969225,-0.110600538819308,0.032220958606762,-0.0518071118888788,0.0250613396011594,-0.31393683429958,0.0943476323995386
11.7770228521052,0.184837148660671,-0.14995614891932,-0.11049263985198,0.0324358772957822,-0.0516684739212873,0.0251622818770562,-0.313557766199878,0.0949266901111069
11.8586982534876,0.183854468520198,-0.150345512501692,-0.110383133880017,0.0326517705718204,-0.0515288225685746,0.0252628396845713,-0.313174190418921,0.0955072224266071
11.9409400859005,0.182866516541067,-0.150729426317669,-0.110272001369213,0.0328686319041285,-0.0513881592975219,0.025363001800564,-0.312786071004847,0.096089203714837
12.0237522776272,0.181873346746611,-0.151107806420116,-0.110159222683391,0.0330864544360705,-0.0512464857369699,0.025462756977982,-0.312393371990244,0.0966726076902667
12.1071387841942,0.180875014783616,-0.151480569349328,-0.110044778088704,0.0333052309796802,-0.05110380367874,0.0255620939487081,-0.311996057401599,0.0972574074057675
12.1911035885602,0.179871577920623,-0.151847632169139,-0.10992864775811,0.0335249540102403,-0.0509601150784898,0.0256610014264363,-0.311594091268984,0.0978435752454211
12.2756507013062,0.178863095045322,-0.152208912503212,-0.109810811776006,0.0337456156608872,-0.0508154220565035,0.0257594681095748,-0.311187437635988,0.0984310829174127
12.3607841608273,0.177849626661018,-0.152564328571483,-0.109691250143029,0.0339672077172449,-0.0506697268984145,0.0258574826841752,-0.310776060569889,0.0990199014470153
12.4465080335254,0.176831234882176,-0.152913799226744,-0.109569942781033,0.0341897216120934,-0.0505230320558608,0.0259550338268849,-0.31035992417207,0.0996100011696704
12.5328264140034,0.175807983429013,-0.153257243991328,-0.109446869538226,0.0344131484200761,-0.0503753401470705,0.0260521102079215,-0.309938992588681,0.100201351724173
12.6197434252612,0.174779937621145,-0.153594583093875,-0.109322010194485,0.0346374788524498,-0.0502266539573788,0.0261487004940663,-0.309513230021548,0.100793922045963
12.7072632188919,0.173747164370276,-0.153925737506147,-0.109195344466842,0.0348627032518835,-0.0500769764396742,0.0262447933516756,-0.309082600739338,0.10138768036054
12.7953899752808,0.172709732171909,-0.154250628979874,-0.109066852015143,0.0350888115873089,-0.0499263107147731,0.0263403774497077,-0.308647069088958,0.10198259417699
12.8841279038047,0.171667711096093,-0.154569180083589,-0.108936512447879,0.03531579344883,-0.049774660071724,0.0264354414627628,-0.308206599507224,0.102578630281653
12.9734812430331,0.170621172777183,-0.154881314239432,-0.1088043053282,0.0355436380426941,-0.0496220279680383,0.0265299740741345,-0.307761156532767,0.103175754731921
13.0634542609305,0.169570190402616,-0.155186955759898,-0.108670210180094,0.0357723341863315,-0.0494684180298496,0.02662396397887,-0.307310704818197,0.103773932850178
13.1540512550606,0.168514838700698,-0.155486029884482,-0.108534206494754,0.0360018703034677,-0.0493138340519997,0.0267173998868372,-0.306855209142525,0.104373129217901
13.2452765527909,0.167455193927394,-0.155778462816215,-0.10839627373711,0.0362322344193136,-0.049158279998051,0.0268102705257966,-0.306394634423827,0.104973307669907
13.3371345115004,0.166391333852128,-0.156064181758041,-0.108256391352549,0.03646341415584,-0.0490017600002263,0.0269025646444753,-0.305928945732174,0.105574431288775
13.4296295187868,0.165323337742582,-0.156343114949016,-0.108114538773805,0.0366953967271399,-0.0488442783592747,0.0269942710156412,-0.305458108302809,0.10617646239944
13.5227659926764,0.164251286348501,-0.156615191700289,-0.107970695428031,0.0369281689348865,-0.0486858395442639,0.0270853784391747,-0.304982087549579,0.106779362563964
13.6165483818355,0.163175261884499,-0.15688034243085,-0.107824840744044,0.0371617171638898,-0.0485264481922996,0.0271758757451372,-0.304500849078622,0.107383092576504
13.7109811657822,0.162095348011878,-0.157138498702991,-0.107676954159749,0.0373960273777598,-0.048366109108171,0.0272657517968312,-0.304014358702302,0.107987612458471
13.806068855101,0.161011629819447,-0.157389593257474,-0.107527015129739,0.0376310851146803,-0.0482048272639233,0.0273549954938524,-0.303522582453406,0.1085928814539
13.9018159916578,0.159924193803362,-0.157633560048352,-0.107375003133074,0.0378668754833001,-0.0480426077983582,0.0274435957751311,-0.303025486599583,0.109198858025028
13.998227148817,0.158833127845981,-0.157870334277431,-0.107220897681226,0.0381033831587467,-0.0478794560164607,0.0275315416219586,-0.302523037658034,0.109805499848103
14.0953069316601,0.157738521193745,-0.158099852428326,-0.107064678326206,0.0383405923787685,-0.0477153773887558,0.0276188220609994,-0.30201520241046,0.110412763809413
14.1930599772055,0.15664046443409,-0.158322052300089,-0.106906324668861,0.0385784869400113,-0.0475503775505921,0.0277054261672848,-0.301501947918246,0.111020606001566
14.2914909546299,0.155539049471402,-0.15853687304038,-0.106745816367341,0.0388170501944363,-0.0473844623013561,0.0277913430671859,-0.300983241537896,0.111628981720009
14.3906045654914,0.154434369502019,-0.158744255178139,-0.106583133145739,0.0390562650458822,-0.0472176376036161,0.0278765619413654,-0.300459050936711,0.112237845459811
14.4904055439544,0.153326518988299,-0.158944140655737,-0.106418254802894,0.0392961139467822,-0.0470499095821972,0.0279610720277037,-0.299929344108705,0.112847150912706
14.5908986570152,0.152215593631756,-0.159136472860581,-0.106251161221364,0.0395365788950372,-0.046881284523188,0.0280448626241992,-0.299394089390765,0.113456850964417
14.6920887047298,0.151101690345286,-0.15932119665612,-0.106081832376563,0.039777641431054,-0.0467117688728802,0.0281279230918395,-0.29885325547904,0.114066897692258
14.7939805204436,0.149984907224491,-0.159498258412254,-0.105910248346057,0.0400192826349544,-0.0465413692366427,0.0282102428574423,-0.298306811445568,0.114677242363033
14.8965789710218,0.148865343518116,-0.159667606035084,-0.10573638931902,0.04026148312396,-0.04637009237773,0.0282918114164626,-0.297754726755124,0.115287835431238
14.999888957082,0.147743099597625,-0.159829188996004,-0.10556023560585,0.0405042230499591,-0.0461979452160273,0.0283726183357663,-0.297196971282303,0.115898626537572
15.1039154132284,0.146618276925918,-0.159982958360079,-0.105381767647935,0.0407474820972629,-0.0460249348267338,0.0284526532563662,-0.296633515328816,0.116509564507769
15.2086633082875,0.145490978025216,-0.160128866813699,-0.105200966027565,0.0409912394805554,-0.0458510684389842,0.0285319058961199,-0.296064329641006,0.11712059735176
15.3141376455451,0.14436130644414,-0.160266868691479,-0.105017811478003,0.041235473943044,-0.045676353434411,0.0286103660523879,-0.295489385427576,0.11773167226318
15.4203434629857,0.143229366723987,-0.160396920002368,-0.104832284893691,0.0414801637548165,-0.0455007973456496,0.0286880236046482,-0.294908654377523,0.118342735619214
15.5272858335329,0.142095264364244,-0.160518978454947,-0.104644367340595,0.0417252867114101,-0.0453244078547861,0.0287648685170689,-0.294322108678273,0.11895373298081
15.6349698652918,0.140959105787346,-0.160633003481894,-0.104454040066689,0.041970820132599,-0.0451471927917509,0.0288408908410338,-0.293729721034015,0.119564609093255
15.7434007017931,0.139820998302712,-0.160738956263587,-0.104261284512573,0.0422167408614057,-0.0449691601326592,0.0289160807176227,-0.29313146468422,0.12017530788713
15.8525835222385,0.138681050070079,-0.160836799750813,-0.104066082322215,0.0424630252633422,-0.0447903179981008,0.0289904283800419,-0.292527313422352,0.120785772479651
15.9625235417481,0.137539370062165,-0.160926498686575,-0.103868415353812,0.0427096492258867,-0.0446106746513803,0.0290639241560058,-0.291917241614744,0.121395945176405
16.07322601161,0.136396068026673,-0.161008019626959,-0.103668265690779,0.0429565881582018,-0.0444302384967093,0.029136558470067,-0.291301224219656,0.12200576747349
16.1846962195303,0.135251254447683,-0.161081330961052,-0.103465615652841,0.0432038169910991,-0.0442490180773548,0.0292083218458945,-0.290679236806489,0.122615180060077
16.2969394898867,0.134105040506443,-0.161146402929877,-0.103260447807238,0.0434513101772559,-0.0440670220737425,0.0292792049084977,-0.290051255575155,0.123224122821381
16.4099611839816,0.132957538041597,-0.161203207644332,-0.103052744980033,0.0436990416916902,-0.0438842593015192,0.0293491983863969,-0.289417257375593,0.123832534842079
16.5237667002994,0.131808859508878,-0.161251719102123,-0.102842490267511,0.0439469850324982,-0.0437007387095768,0.0294182931137371,-0.288777219727428,0.124440354410163
16.6383614747635,0.130659117940294,-0.161291913203647,-0.102629667047672,0.0441951132218598,-0.0435164693780375,0.0294864800323463,-0.288131120839754,0.125047519021243
16.7537509809962,0.129508426902839,-0.161323767766837,-0.102414258991815,0.0444433988073176,-0.0433314605162054,0.0295537501937361,-0.287478939631035,0.125653965383309
16.8699407305804,0.128356900456761,-0.16134726254093,-0.102196250076183,0.0446918138633343,-0.043145721460484,0.0296200947610445,-0.28682065574913,0.126259629421966
16.9869362733223,0.12720465311342,-0.16136237921916,-0.1019756245937,0.0449403299931325,-0.042959261672264,0.0296855050109205,-0.286156249591403,0.126864446286141
17.1047431975172,0.126051799792765,-0.161369101450349,-0.101752367165761,0.0451889183308224,-0.0427720907357816,0.0297499723353488,-0.28548570232493,0.127468350354276
17.2233671302159,0.124898455780474,-0.161367414849393,-0.101526462754077,0.0454375495438218,-0.0425842183559516,0.0298134882434158,-0.284808995906788,0.128071275241014
17.3428137374936,0.123744736684769,-0.16135730700662,-0.101297896672585,0.0456861938355728,-0.0423956543561753,0.0298760443630157,-0.284126113104409,0.128673153804386
17.4630887247206,0.12259075839297,-0.161338767496026,-0.101066654599386,0.0459348209485588,-0.0422064086761272,0.029937632442496,-0.28343703751599,0.12927391815351
17.5841978368348,0.121436637027797,-0.161311787882359,-0.100832722588728,0.0461834001676263,-0.0420164913695222,0.0299982443522439,-0.282741753590955,0.129873499656802
17.7061468586161,0.120282488903463,-0.161276361727067,-0.100596087083016,0.0464319003236162,-0.0418259126018649,0.030057872086211,-0.282040246650436,0.130471828950713
17.8289416149627,0.119128430481608,-0.161232484593077,-0.100356734924841,0.0466802897973063,-0.0416346826481843,0.0301165077633795,-0.281332502907789,0.131068835948999
17.9525879711692,0.117974578327081,-0.161180154048421,-0.100114653369021,0.0469285365236704,-0.0414428118907548,0.0301741436291669,-0.280618509489109,0.131664449852526
18.0770918332073,0.116821049063631,-0.161119369668695,-0.0998698300946446,0.0471766079964556,-0.041250310816807,0.0302307720567725,-0.27989825445374,0.132258599159621
18.2024591480069,0.115667959329533,-0.161050133038343,-0.0996222532171167,0.0474244712730828,-0.0410571900162298,0.030286385548463,-0.279171726814763,0.132851211676974
18.3286959037413,0.114515425733179,-0.160972447750778,-0.0993719113001819,0.047672092979871,-0.0408634601792655,0.0303409767368003,-0.278438916559455,0.133442214531097
18.4558081301122,0.113363564808688,-0.160886319407328,-0.0991187933679318,0.0479194393175897,-0.0406691320942012,0.0303945383858103,-0.27769981466969,0.134031534180343
18.5838018986386,0.112212492971544,-0.160791755615008,-0.0988628889167797,0.0481664760673414,-0.0404742166450571,0.0304470633920944,-0.276954413142287,0.134619096427496
18.7126833229461,0.111062326474328,-0.160688765983128,-0.0986041879273948,0.0484131685967752,-0.0402787248092747,0.0304985447858834,-0.276202705009273,0.135204826432932
18.8424585590593,0.109913181362559,-0.16057736211873,-0.0983426808765873,0.0486594818666349,-0.0400826676554071,0.0305489757320352,-0.275444684358046,0.135788648728357
18.9731338056957,0.108765173430685,-0.160457557620872,-0.098078358749135,0.0489053804376427,-0.0398860563408119,0.0305983495309778,-0.274680346351442,0.136370487231129
19.1047153045619,0.107618418178264,-0.160329368073742,-0.0978112130495407,0.049150828477719,-0.0396889021093505,0.0306466596195971,-0.27390968724766,0.136950265259158
19.2372093406515,0.106473030766368,-0.160192811038639,-0.0975412358137123,0.0493957897695404,-0.0394912162890936,0.0306938995720717,-0.273132704420051,0.137527905546403
19.3706222425457,0.105329125974238,-0.160047906044802,-0.0972684196205547,0.049640227718437,-0.0392930102900364,0.0307400631006551,-0.272349396376748,0.138103330258954
19.5049603827152,0.104186818156242,-0.15989467457911,-0.0969927576034636,0.0498841053606272,-0.0390942956018242,0.0307851440564076,-0.271559762780115,0.138676461011711
19.6402301778248,0.10304622119915,-0.159733140074666,-0.0967142434617117,0.0501273853717936,-0.0388950837914899,0.0308291364298775,-0.270763804466002,0.139247218885655
19.7764380890397,0.101907448479775,-0.159563327898265,-0.0964328714717173,0.0503700300759968,-0.0386953865012061,0.0308720343517343,-0.269961523462786,0.139815524445719
19.9135906223344,0.100770612823001,-0.159385265336769,-0.0961486364981839,0.0506120014549289,-0.0384952154460511,0.0309138320933548,-0.269152923010185,0.140381297759254
20.0516943288031,0.0996358264602514,-0.159198981582401,-0.0958615340051021,0.0508532611575045,-0.038294582411793,0.0309545240673635,-0.26833800757782,0.140944458415096
20.1907558049731,0.0985032009884011,-0.159004507716971,-0.0955715600666016,0.0510937705097891,-0.0380934992526907,0.0309941048281289,-0.267516782883508,0.141504925543225
20.3307816931193,0.0973728473291903,-0.158801876695046,-0.0952787113776458,0.0513334905252633,-0.0378919778893145,0.0310325690722171,-0.266689255911273,0.142062617835029
20.4717786815819,0.0962448756891565,-0.158591123326095,-0.0949829852645543,0.0515723819154205,-0.0376900303063864,0.0310699116388045,-0.26585543492905,0.142617453564154
20.6137535050858,0.0951193955201197,-0.158372284255616,-0.094684379695347,0.0518104051006974,-0.0374876685506428,0.031106127510051,-0.265015329506063,0.143169350607954
20.756712945062,0.0939965154802506,-0.158145397945262,-0.0943828932898965,0.0520475202217333,-0.0372849047287182,0.0311412118114361,-0.26416895052986,0.143718226469533
20.900663829972,0.0928763433957497,-0.157910504651995,-0.0940785253298796,0.0522836871509572,-0.0370817510050529,0.031175159812058,-0.263316310222988,0.144263998300367
21.0456130356336,0.0917589862231661,-0.157667646406291,-0.0937712757685164,0.0525188655044981,-0.0368782195998242,0.0312079669248997,-0.262457422159283,0.144806582923517
21.1915674855492,0.090644550012384,-0.157416866989405,-0.0934611452400875,0.0527530146544161,-0.0366743227869025,0.0312396287070612,-0.261592301279757,0.145345896857419
21.338534151237,0.0895331398703014,-0.15715821190973,-0.0931481350692176,0.0529860937412506,-0.0364700728918319,0.0312701408599627,-0.260720963908065,0.145881856340246
21.4865200525637,0.088424859925229,-0.156891728378269,-0.092832247279916,0.0532180616868804,-0.0362654822898374,0.031299499229517,-0.259843427765532,0.146414377354841
21.6355322580795,0.0873198132920325,-0.156617465283253,-0.0925134846043632,0.0534488772076929,-0.036060563403857,0.0313276998062766,-0.258959711985713,0.14694337565421
21.7855778853565,0.0862181020380426,-0.156335473163918,-0.0921918504914325,0.053678498828056,-0.0358553287026011,0.031354738725554,-0.258069837128475,0.147468766787571
21.9366641013278,0.0851198271497544,-0.156045804183472,-0.0918673491149372,0.0539068848940889,-0.0356497906986378,0.0313806122675194,-0.257173825193583,0.147990466126949
22.0887981226306,0.0840250885003409,-0.155748512101287,-0.0915399853815932,0.0541339935877244,-0.0354439619465051,0.0314053168572762,-0.256271699633755,0.148508388894304
22.2419872159503,0.0829339848179967,-0.155443652244329,-0.0912097649386851,0.0543597829410597,-0.0352378550408491,0.0314288490649168,-0.255363485367182,0.1490224501892
22.396238698368,0.0818466136551371,-0.155131281477867,-0.0908766941814284,0.0545842108509863,-0.0350314826145898,0.0314512056055602,-0.254449208789488,0.149532565016976
22.5515599377096,0.0807630713584657,-0.154811458175482,-0.0905407802600154,0.0548072350940942,-0.0348248573371122,0.0314723833393727,-0.253528897785111,0.150038648317438
22.7079583528983,0.0796834530399337,-0.154484242188408,-0.0902020310863365,0.0550288133418435,-0.0346179919124837,0.0314923792715744,-0.252602581738081,0.15054061499404
22.8654414143084,0.0786078525486022,-0.154149694814234,-0.0898604553403665,0.0552489031759948,-0.0344108990776975,0.0315111905524324,-0.251670291542179,0.151038379943552
23.0240166441225,0.0775363624434266,-0.153807878764994,-0.0895160624762062,0.0554674621042922,-0.0342035916009409,0.0315288144772426,-0.250732059610469,0.151531858086196
23.1836916166905,0.0764690739669763,-0.153458858134686,-0.0891688627277715,0.0556844475763892,-0.0339960822798881,0.0315452484863015,-0.249787919884157,0.152020964396239
23.3444739588916,0.0754060770201023,-0.153102698366236,-0.0888188671141176,0.0558998170000109,-0.0337883839400173,0.0315604901648699,-0.24883790784079,0.152505613933032
23.5063713504986,0.0743474601375658,-0.152739466217948,-0.0884660874443935,0.0561135277573424,-0.0335805094329512,0.0315745372431301,-0.247882060501754,0.152985721872474
23.6693915245447,0.0732933104646375,-0.152369229729469,-0.0881105363224142,0.0563255372216342,-0.0333724716348196,0.0315873875961371,-0.246920416439065,0.153461203538882
23.8335422676926,0.0722437137346801,-0.151992058187298,-0.0877522271508446,0.0565358027740168,-0.033164283444644,0.0315990392437666,-0.245953015781425,0.153931974437267
23.9988314206069,0.0711987542477186,-0.151608022089878,-0.0873911741349855,0.0567442818205125,-0.0329559577827426,0.0316094903506601,-0.244979900219543,0.154397950285974
24.1652668783283,0.0701585148500104,-0.151217193112287,-0.0870273922861546,0.0569509318092357,-0.0327475075891554,0.0316187392261686,-0.244001113010685,0.154859047049688
24.3328565906507,0.0691230769146187,-0.150819644070585,-0.0866608974246534,0.0571557102477712,-0.0325389458220874,0.0316267843242964,-0.243016698982447,0.155315180972781
24.5016085625011,0.0680925203229954,-0.150415448885818,-0.0862917061823137,0.0573585747207188,-0.0323302854563699,0.0316336242436457,-0.242026704535735,0.155766268612971
24.6715308543219,0.0670669234475793,-0.150004682547739,-0.0859198360046164,0.0575594829073939,-0.0321215394819372,0.0316392577273639,-0.241031177646932,0.156212226875292
24.8426315824557,0.0660463631354095,-0.149587421078263,-0.085545305152375,0.0577583925996736,-0.0319127209023192,0.0316436836630929,-0.240030167869244,0.156652973046333
25.0149189195333,0.0650309146927601,-0.149163741494683,-0.0851681327029772,0.0579552617199736,-0.0317038427331476,0.0316469010829234,-0.239023726333208,0.15708842482874
25.1884010948637,0.0640206518707936,-0.1487337217727,-0.0847883385511798,0.0581500483393476,-0.0314949180006734,0.031648909163353,-0.238011905746334,0.157518500375948
25.3630863948277,0.0630156468522355,-0.148297440809268,-0.0844059434094487,0.0583427106956949,-0.0312859597402972,0.031649707225251,-0.236994760391903,0.157943118327132
25.538983163273,0.0620159702390682,-0.147854978385315,-0.084020968807841,0.0585332072120634,-0.0310769809951075,0.0316492947338279,-0.235972346126867,0.158362197842337
25.7160998019135,0.0610216910412412,-0.147406415128351,-0.0836334370934214,0.058721496515037,-0.0308679948144276,0.0316476712986127,-0.234944720378869,0.158775658637781
25.89444477073,0.0600328766663962,-0.146951832474999,-0.0832433714292105,0.0589075374531923,-0.03065901425237,0.0316448366734369,-0.233911942142359,0.15918342102129
26.0740265883745,0.0590495929106017,-0.146491312633485,-0.0828507957926591,0.059091289115613,-0.0304500523663942,0.0316407907564257,-0.232874071973801,0.159585405927851
26.2548538325773,0.0580719039500914,-0.146024938546108,-0.0824557349736443,0.0592727108504482,-0.0302411222158699,0.0316355335899978,-0.23183117198596,0.15998153495525
26.4369351405564,0.0570998723340039,-0.145552793851728,-0.0820582145719862,0.0594517622834998,-0.0300322368606408,0.0316290653608723,-0.230783305841249,0.160371730399777
26.6202792094301,0.0561335589781113,-0.145074962848291,-0.081658260994478,0.0596284033368268,-0.0298234093595903,0.0316213864000839,-0.229730538744156,0.160755915291958
26.8048947966327,0.0551730231595336,-0.144591530455433,-0.081255901451431,0.0598025942473512,-0.0296146527692047,0.0316124971830066,-0.228672937432714,0.1611340134323
26.9907907203326,0.054218322512427,-0.144102582177175,-0.0808511639527294,0.0599742955854524,-0.0294059801421355,0.0316023983293845,-0.227610570169024,0.161505949427013
27.1779758598533,0.0532695130246391,-0.143608204064759,-0.0804440773033938,0.0601434682735346,-0.0291974045257563,0.0315910906033712,-0.226543506728823,0.161871648723684
27.3664591560979,0.0523266490353173,-0.143108482679621,-0.0800346710986525,0.0603100736045534,-0.0289889389607149,0.0315785749135758,-0.225471818390092,0.162231037646875
27.556249611976,0.0513897832334632,-0.142603505056564,-0.07962297571852,0.0604740732604873,-0.0287805964794779,0.0315648523131164,-0.2243955779207,0.162584043433611
27.7473562928336,0.0504589666574166,-0.142093358667123,-0.0792090223218801,0.060635429330738,-0.0285723901048671,0.0315499239996806,-0.22331485956508,0.162930594268734
27.9397883268864,0.0495342486952601,-0.141578131383173,-0.078792842840077,0.0607941043304471,-0.0283643328485858,0.031533791315591,-0.222229739029945,0.163270619320099
28.1335549056553,0.0486156770861282,-0.14105791144079,-0.0783744699700122,0.0609500612187117,-0.0281564377097338,0.0315164557478767,-0.221140293469026,0.163604048773562
28.3286652844062,0.0477032979224085,-0.140532787404394,-0.077953937166749,0.0611032634166857,-0.0279487176733094,0.0314979189283498,-0.220046601466851,0.163930813867754
28.5251287825912,0.0467971556528185,-0.140002848131201,-0.0775312786356279,0.0612536748255518,-0.0277411857086972,0.0314781826336845,-0.218948743021552,0.164250846928596
28.7229547842946,0.045897293086344,-0.139468182735999,-0.0771065293238911,0.0614012598443481,-0.0275338547681414,0.0314572487855005,-0.217846799526719,0.164564081403533
28.9221527386804,0.0450037513970222,-0.138928880556275,-0.0766797249118233,0.0615459833876355,-0.0273267377852014,0.0314351194504474,-0.21674085375228,0.164870451895444
29.1227321604441,0.044116570129553,-0.138385031117718,-0.076250901803408,0.061687810902991,-0.0271198476731905,0.03141179684029,-0.215630989824438,0.165169894196217
29.324702630267,0.0432357872057213,-0.137836724100107,-0.0758200971165053,0.0618267083883106,-0.0269131973235949,0.0313872833119941,-0.214517293204657,0.165462345319941
29.5280737952738,0.042361438931613,-0.137284049303619,-0.0753873486725535,0.0619626424089089,-0.0267067996044734,0.0313615813678095,-0.213399850667703,0.165747743535695
29.7328553694936,0.0414935600056054,-0.136727096615563,-0.0749526949858011,0.0620955801143993,-0.026500667358836,0.0313346936553516,-0.21227875027875,0.166026028399894
29.9390571343235,0.0406321835271157,-0.136165955977566,-0.0745161752520726,0.0622254892553407,-0.0262948134030005,0.0313066229676781,-0.211154081369569,0.166297140788184
30.1466889389963,0.039777341006085,-0.135600717353229,-0.074077829337074,0.0623523381996363,-0.0260892505249264,0.0312773722433601,-0.210025934513795,0.166561022926818
30.3557607010504,0.0389290623731824,-0.135031470696264,-0.0736376977642452,0.0624760959486691,-0.0258839914825255,0.0312469445665474,-0.208894401501288,0.166817618423527
30.566282406804,0.0380873759907061,-0.134458305919135,-0.0731958217021645,0.0625967321531619,-0.0256790490019485,0.0312153431670237,-0.207759575311614,0.167066872297818
30.7782641118319,0.0372523086641639,-0.133881312862211,-0.0727522429515133,0.0627142171287457,-0.0254744357758461,0.0311825714202533,-0.206621550086637,0.167308731010702
30.9917159414457,0.0364238856545107,-0.133300581263455,-0.0723070039316083,0.0628285218712232,-0.0252701644616057,0.0311486328474153,-0.205480421102253,0.167543142493793
31.2066480911777,0.0356021306910239,-0.132716200728655,-0.0718601476665093,0.0629396180715154,-0.025066247679562,0.0311135311154251,-0.204336284739274,0.167770056177776
31.4230708272674,0.034787065984795,-0.132128260702212,-0.0714117177707109,0.0630474781302749,-0.0248626980111813,0.031077270036941,-0.203189238453482,0.167989423020203
31.6409944871527,0.0339787122428171,-0.1315368504385,-0.070961758434428,0.0631520751721555,-0.0246595279972201,0.0310398535703539,-0.202039380744868,0.168201195532579
31.8604294799627,0.0331770886826454,-0.130942058973807,-0.0705103144084837,0.063253383059724,-0.0244567501358564,0.031001285819759,-0.200886811126081,0.168405327806744
32.0813862870155,0.032382213047612,-0.130343975098864,-0.0700574309888101,0.0633513764070012,-0.0242543768807954,0.0309615710349081,-0.199731630090089,0.16860177554048
32.3038754623189,0.0315941016225707,-0.129742687331985,-0.0696031540005724,0.0634460305926212,-0.0240524206393474,0.0309207136111387,-0.1985739390771,0.16879049606236
32.5279076330741,0.0308127692501522,-0.129138283892812,-0.0691475297819272,0.0635373217725958,-0.023850893770481,0.0308787180892812,-0.197413840440741,0.168971448355779
32.7534935001834,0.030038229347507,-0.128530852676676,-0.068690605167426,0.0636252268926729,-0.0236498085828481,0.0308355891555397,-0.196251437413528,0.169144593082169
32.9806438387618,0.0292704939235149,-0.127920481229598,-0.068232427471076,0.0637097237002778,-0.0234491773327847,0.0307913316413467,-0.19508683407165,0.169309892603352
33.2093694986511,0.0285095735964389,-0.127307256723913,-0.0677730444690703,0.0637907907560265,-0.0232490122222853,0.030745950523188,-0.193920135299088,0.169467311003027
33.4396814049384,0.0277554776120026,-0.126691265934535,-0.0673125043822001,0.0638684074448005,-0.0230493253969522,0.0306994509223979,-0.192751446751102,0.169616814107356
33.6715905584778,0.027008213861868,-0.126072595215881,-0.0668508558579607,0.0639425539863726,-0.0228501289439209,0.0306518381049221,-0.191580874817098,0.169758369504627
33.9051080364161,0.0262677889024941,-0.125451330479426,-0.0663881479523667,0.0640132114455752,-0.0226514348897617,0.030603117481046,-0.19040852658292,0.169891946563989
34.1402449927217,0.0255342079743529,-0.124827557171929,-0.0659244301114881,0.0640803617420006,-0.0224532551983576,0.030553294605088,-0.189234509792575,0.170017516453215
34.3770126587175,0.0248074750214831,-0.124201360254313,-0.0654597521527216,0.0641439876592263,-0.0222556017687608,0.0305023751750554,-0.188058932809443,0.170135052155496
34.6154223436172,0.0240875927113584,-0.123572824181199,-0.0649941642458124,0.0642040728535547,-0.022058486433028,0.0304503650322608,-0.186881904576977,0.170244528485237
34.8554854350656,0.0233745624550511,-0.122942032881113,-0.0645277168936399,0.0642606018622619,-0.0218619209540355,0.0303972701608989,-0.185703534578933,0.170345922102835
35.0972133996824,0.0226683844276691,-0.122309069737348,-0.0640604609127821,0.0643135601113469,-0.0216659170232746,0.0303430966875804,-0.184523932799176,0.170439211528438
35.3406177836102,0.0219690575890455,-0.121674017569504,-0.0635924474138745,0.0643629339227744,-0.0214704862586305,0.0302878508808226,-0.183343209681061,0.170524377154654
35.5857102130658,0.0212765797046603,-0.121036958615674,-0.0631237277817786,0.0644087105212057,-0.0212756402021437,0.0302315391504955,-0.182161476086448,0.1706014012582
35.8325023948954,0.0205909473667746,-0.120397974515314,-0.062654353655575,0.0644508780402119,-0.0210813903177564,0.0301741680472204,-0.180978843254371,0.170670268010493
36.081006117134,0.0199121560157559,-0.119757146292765,-0.062184376908397,0.0644894255279631,-0.0208877479890459,0.0301157442617222,-0.1797954227594,0.170730963487145
36.3312332495683,0.0192401999615762,-0.119114554341438,-0.0617138496271211,0.0645243429523906,-0.0206947245169446,0.0300562746241311,-0.178611326469714,0.170783475676379
36.5831957443038,0.0185750724054619,-0.118470278408662,-0.0612428240919302,0.064555621205817,-0.0205023311174505,0.0299957661032353,-0.177426666504947,0.170827794486336
36.8369056363357,0.0179167654616767,-0.117824397581186,-0.0607713527557644,0.0645832521090507,-0.0203105789193279,0.0299342258056819,-0.176241555193807,0.170863911751276
37.0923750441235,0.0172652701794201,-0.117176990271338,-0.0602994882236787,0.0646072284149417,-0.0201194789618016,0.0298716609751253,-0.175056105031528,0.170891821236664
37.3496161701702,0.0166205765648194,-0.116528134203825,-0.0598272832321203,0.0646275438113977,-0.0199290421922451,0.0298080789913225,-0.173870428637179,0.170911518643132
37.6086413016048,0.015982673603001,-0.115877906403188,-0.0593547906281448,0.0646441929238561,-0.0197392794638648,0.0297434873691734,-0.172684638710864,0.170923001609318
37.8694628107695,0.015351549280219,-0.115226383181894,-0.0588820633485867,0.0646571713172133,-0.0195502015333834,0.0296778937577069,-0.17149884799085,0.170926269713577
38.1320931558105,0.014727190606027,-0.114573640129055,-0.0584091543992001,0.0646664754972082,-0.0193618190587224,0.0296113059390105,-0.170313169210656,0.170921324474554
38.3965448812729,0.014109583635473,-0.113919752099792,-0.0579361168337873,0.0646721029112622,-0.0191741425966869,0.0295437318271032,-0.169127715056145,0.170908169350634
38.6628306187004,0.0134987134913025,-0.113264793205206,-0.0574630037333314,0.0646740519487734,-0.0189871826006552,0.0294751794667517,-0.167942598122639,0.170886809738253
38.9309630872381,0.0128945643861519,-0.112608836802976,-0.056989868185149,0.0646723219408686,-0.0188009494182731,0.0294056570322288,-0.166757930872107,0.170857252969088
39.2009550942403,0.0122971196447168,-0.11195195548856,-0.0565167632620797,0.0646669131596131,-0.0186154532891576,0.0293351728260136,-0.165573825590455,0.170819508306109
39.4728195358824,0.0117063617258789,-0.111294221087002,-0.0560437420017282,0.0646578268166807,-0.0184307043426099,0.0292637352774336,-0.164390394344951,0.17077358693852
39.7465693977764,0.011122272244777,-0.110635704645331,-0.0555708573857768,0.0646450650614865,-0.0182467125953414,0.029191352941248,-0.163207748941818,0.170719501975574
40.0222177555915,0.0105448319948057,-0.109976476425547,-0.0550981623193822,0.0646286309787871,-0.0180634879492136,0.0291180344961726,-0.162026000884036,0.170657268439282
40.2997777756789,0.00997402096952849,-0.109316605898181,-0.0546257096106737,0.0646085285857491,-0.0178810401889948,0.0290437887433457,-0.160845261329385,0.17058690325602
40.5792627157,0.00940981838449098,-0.108656161736431,-0.0541535519503691,0.0645847628284935,-0.0176993789801355,0.0289686246047354,-0.159665641048752,0.170508425247033
40.8606859252603,0.00885220269891928,-0.107995211810852,-0.053681741891522,0.0645573395781188,-0.0175185138665642,0.0288925511214888,-0.158487250384753,0.170421855117871
41.1440608465467,0.0083011516372918,-0.107333823184597,-0.0532103318294184,0.0645262656262081,-0.0173384542685071,0.0288155774522222,-0.157310199210688,0.170327215446736
41.4294010149697,0.00775664221077076,-0.106672062109199,-0.0527393739816352,0.0644915486798281,-0.0171592094803317,0.0287377128712541,-0.15613459688987,0.170224530671779
41.7167200598098,0.00721865073848067,-0.106009994020886,-0.0522689203682774,0.0644531973560234,-0.0169807886684184,0.0286589667667802,-0.154960552235354,0.170113827077346
42.0060317048688,0.00668715286862249,-0.105347683537416,-0.051799022792407,0.0644112211758158,-0.0168032008690611,0.0285793486389919,-0.153788173470104,0.169995132779196
42.2973497691249,0.0061621235994113,-0.104685194455419,-0.0513297328206799,0.0643656305577145,-0.0166264549863996,0.0284988680981379,-0.152617568187621,0.169868477708694
42.5906881673929,0.00564353729982622,-0.104022589748246,-0.0508611017642021,0.0643164368107448,-0.0164505597903842,0.028417534862531,-0.151448843313069,0.169733893596013
42.8860609109892,0.00513136773016239,-0.103359931564299,-0.0503931806596221,0.0642636521270044,-0.0162755239147777,0.0283353587564989,-0.150282105064922,0.169591413952351
43.1834821084004,0.0046255880623738,-0.102697281225846,-0.04992602025047,0.0642072895737562,-0.0161013558551927,0.0282523497082822,-0.149117458917166,0.169441074051177
43.4829659659579,0.00412617090019785,-0.1020346992283,-0.0494596709687576,0.0641473630850653,-0.0159280639671705,0.0281685177478787,-0.147955009562083,0.169282910908547
43.7845267885158,0.00363308829905174,-0.101372245239957,-0.0489941829168525,0.0640838874529914,-0.0157556564642992,0.0280838730048356,-0.146794860873641,0.169116963262483
44.0881789801347,0.00314631178569155,-0.100709978102174,-0.0485296058496375,0.0640168783183458,-0.0155841414163768,0.0279984257059917,-0.145637115871522,0.168943271551456
44.3939370447695,0.00266581237762555,-0.10004795582999,-0.0480659891569678,0.0639463521610228,-0.0154135267476183,0.0279121861731689,-0.144481876685801,0.168761877891992
44.701815586962,0.00219156060227347,-0.0993862356131547,-0.0476033818464371,0.0638723262899177,-0.0152438202349101,0.0278251648208162,-0.143329244522324,0.168572826055411
45.0118293125388,0.00172352651586369,-0.0987248738175822,-0.0471418325264635,0.0637948188324405,-0.0150750295061125,0.0277373721536061,-0.142179319628781,0.168376161443742
45.3239930293136,0.00126167972206136,-0.0980639259871947,-0.0466813893897067,0.0637138487236383,-0.0149071620384133,0.0276488187639855,-0.141032201261517,0.168171931064826
45.6383216477945,0.000805989390319947,-0.0974034468461561,-0.0462221001968254,0.0636294356949372,-0.0147402251567322,0.0275595153296832,-0.139887987653099,0.167960183506633
45.954830181896,0.00035642427394991,-0.0967434903014804,-0.045764012260585,0.0635416002625153,-0.0145742260321794,0.0274694726111735,-0.138746775980646,0.167740968910826
46.2735337496566,-8.70472721016752e-05,-0.0960841094460037,-0.0453071724303255,0.0634503637153205,-0.0144091716805687,0.0273787014490998,-0.137608662334967,0.167514338945591
46.5944475739604,-0.00052445727376658,-0.095425356561708,-0.0448516270767976,0.0633557481027436,-0.014245068960987,0.0272872127616591,-0.136473741690502,0.167280346777759
46.9175869832646,-0.000955838120671114,-0.0947672831233843,-0.0443974220773758,0.0632577762219603,-0.0140819245744217,0.0271950175419477,-0.135342107876097,0.167039047044259
47.2429674123316,-0.00138122254925736,-0.0941099398026241,-0.043944602801655,0.0631564716049562,-0.0139197450624462,0.0271021268552727,-0.134213853546627,0.166790495822916
47.5706044029659,-0.00180064362621431,-0.0934533764721263,-0.0434932140974407,0.0630518585052446,-0.0137585368059672,0.0270085518364281,-0.133089070155486,0.166534750602631
47.9005136047569,-0.00221413473222354,-0.0927976422103094,-0.0430433002771363,0.0629439618842947,-0.0135983060240314,0.0269143036869396,-0.131967847927945,0.166271870252971
48.2327107758263,-0.00262172954602282,-0.0921427853062144,-0.0425949051045364,0.0628328073976791,-0.0134390587726955,0.0268193936722789,-0.130850275835416,0.166001914993192
48.5672117835806,-0.00302346202879179,-0.0914888532646905,-0.0421480717820309,0.0627184213809578,-0.0132808009439599,0.0267238331190498,-0.129736441570608,0.165724946360734
48.904032605469,-0.00341936640886247,-0.090835892811848,-0.0417028429382245,0.0626008308353102,-0.0131235382647657,0.0266276334121481,-0.128626431523608,0.165441027179211
49.243189329747,-0.00380947716675752,-0.0901839499007686,-0.0412592606159789,0.062480063412929,-0.0129672762960574,0.0265308059918963,-0.127520330758885,0.165150221525929
49.5846981562442,-0.00419382902055894,-0.0895330697174625,-0.0408173662608789,0.0623561474021912,-0.012812020431911,0.0264333623511578,-0.126418222993227,0.164852594698958
49.9285753971387,-0.00457245691160909,-0.0888832966870585,-0.0403772007101286,0.062229111712618,-0.0126577758987288,0.0263353140324287,-0.125320190574628,0.164548213183795
50.2748374777359,-0.00494539599054603,-0.0882346744802168,-0.0399388041818805,0.0620989858596387,-0.012504547754501,0.0262366726249132,-0.124226314462125,0.164237144619645
50.6235009372529,-0.00531268160367456,-0.087587246019754,-0.0395022162649997,0.0619657999491728,-0.0123523408881352,0.0261374497615817,-0.123136674206588,0.163919457765346
50.974582429609,-0.00567434927967424,-0.0869410534874666,-0.0390674759092661,0.0618295846620427,-0.0122011600188533,0.0260376571162158,-0.122051347932478,0.16359522246498
51.3280987242209,-0.00603043471664534,-0.0862961383311449,-0.0386346214160171,0.0616903712382321,-0.0120510096956569,0.0259373064004404,-0.120970412320566,0.163264509613184
51.6840667068035,-0.00638097376949275,-0.0856525412717639,-0.0382036904292308,0.0615481914610037,-0.0119018942968616,0.0258364093607468,-0.119893942591631,0.162927391120208
52.0425033801768,-0.00672600243764892,-0.0850103023108409,-0.0377747199270524,0.0614030776408894,-0.0117538180296993,0.0257349777755075,-0.118822012491116,0.16258393987674
52.4034258650778,-0.00706555685313516,-0.0843694607379496,-0.0373477462137624,0.0612550625995669,-0.0116067849299896,0.0256330234519858,-0.117754694274765,0.162234229718533
52.7668514009784,-0.00739967326896124,-0.0837300551383791,-0.0369228049121885,0.0611041796536366,-0.0114607988618802,0.0255305582233419,-0.116692058695233,0.161878335390854
53.1327973469088,-0.00772838804786276,-0.0830921234009282,-0.0364999309565592,0.0609504625983116,-0.0113158635176556,0.0254275939456364,-0.115634174989657,0.161516332512806
53.5012811822866,-0.00805173765137516,-0.0824557027258233,-0.0360791585857997,0.0607939456910348,-0.0111719824176152,0.0253241424948363,-0.11458111086821,0.161148297541524
53.8723205077517,-0.00836975862924351,-0.0818208296327515,-0.0356605213372673,0.0606346636350355,-0.0110291589100181,0.0252202157638218,-0.113532932503603,0.160774307736301
54.2459330460073,-0.00868248760916665,-0.0811875399689962,-0.0352440520409262,0.0604726515628392,-0.0108873961710984,0.0251158256593991,-0.112489704521565,0.160394441122654
54.6221366426659,-0.00898996128687379,-0.0805558689176683,-0.0348297828139577,0.0603079450197431,-0.0107466972051456,0.025010984099319,-0.11145148999227,0.160008776456368
55.0009492671021,-0.00929221641653225,-0.07992585100602,-0.0344177450558051,0.0601405799472696,-0.0106070648446545,0.0249057030093043,-0.110418350422712,0.15961739318754
55.3823890133107,-0.0095892898014835,-0.0792975201138344,-0.0340079694436496,0.0599705926666113,-0.0104685017505404,0.0247999943200885,-0.109390345750032,0.159220371424659
55.7664741007712,-0.0098812182853058,-0.0786709094818794,-0.0336004859283132,0.0597980198620783,-0.0103310104124213,0.0246938699644658,-0.108367534335774,0.158817791898738
56.1532228753178,-0.0101680387432006,-0.0780460517204174,-0.0331953237305861,0.0596228985645612,-0.0101945931489649,0.0245873418743566,-0.107349972961071,0.158409735927537
56.5426538100157,-0.0104497880736997,-0.077422978817762,-0.0327925113379742,0.0594452661350199,-0.0100592521083015,0.0244804219778885,-0.10633771682275,0.15799628537989
56.9347855060436,-0.0107265031906909,-0.0768017221488716,-0.032392076501862,0.0592651602480121,-0.00992498926849978,0.0243731221964956,-0.105330819530341,0.157577522640176
57.3296366935823,-0.0109982210157583,-0.076182312483972,-0.0319940462350859,0.0590826188752701,-0.0097918064381068,0.0242654544420376,-0.104329333103984,0.157153530572943
57.7272262327089,-0.0112649784708335,-0.0755647799971999,-0.0315984468099144,0.0588976802693387,-0.00965970525674987,0.0241574306139404,-0.10333330797323,0.156724392487725
58.1275731142982,-0.011526812471156,-0.0749491542752571,-0.0312053037564283,0.0587103829472846,-0.00952868719579994,0.0240490625963602,-0.102342792976699,0.156290192104065
58.5306964609293,-0.0117837599185363,-0.0743354643260685,-0.0308146418612953,0.0585207656744866,-0.0093987535590955,0.0239403622553715,-0.101357835362615,0.155851013516776
58.9366155277994,-0.0120358576949205,-0.0737237385874363,-0.030426485166935,0.0583288674485187,-0.00926990548372583,0.0238313414361829,-0.100378480790174,0.155406941161447
59.3453497036433,-0.0122831426562504,-0.0731140049356805,-0.0300408569710655,0.0581347274831339,-0.00914214394087256,0.0237220119603797,-0.0994047733317547,0.154958059780243
59.7569185116595,-0.0125256516266154,-0.0725062906942607,-0.0296577798266269,0.05793838519236,-0.0090154697367084,0.0236123856231964,-0.0984367554759402,0.154504454387987
60.1713416104428,-0.0127634213926924,-0.0719006226423686,-0.0292772755420752,0.0577398801747148,-0.00888988351335197,0.02350247419082,-0.0974744681313456,0.154046210238576
60.5886387949234,-0.0129964886984685,-0.0712970270234879,-0.0288993651820383,0.0575392521975518,-0.00876538574987727,0.023392289397726,-0.0965179506312307,0.153583412791726
61.0088299973121,-0.0132248902402419,-0.0706955295539097,-0.0285240690683285,0.0573365411815426,-0.00864197676337679,0.0232818429440466,-0.0955672407388834,0.153116147680086
61.4319352880526,-0.0134486626618962,-0.0700961554312013,-0.0281514067813038,0.0571317871853063,-0.0085196567100769,0.0231711464929756,-0.0946223746537568,0.152644500676718
61.8579748767801,-0.0136678425504434,-0.0694989293426181,-0.0277813971615697,0.0569250303901921,-0.00839842558650404,0.0230602116682077,-0.0936833870183418,0.152168557662982
62.2869691132868,-0.0138824664318299,-0.0689038754734536,-0.0274140583120153,0.0567163110852249,-0.00827828323070066,0.022949050051416,-0.0927503109257595,0.15168840459683
62.7189384884933,-0.0140925707670015,-0.068311017515322,-0.0270494076001752,0.0565056696522182,-0.00815922932348926,0.0228376731797672,-0.0918231779280531,0.151204127481526
63.1539036354283,-0.0142981919482205,-0.0677203786743649,-0.0266874616609094,0.056293146551064,-0.00804126338978334,0.0227260925434765,-0.0909020180451633,0.150715812334813
63.5918853302131,-0.0144993662956305,-0.0671319816793791,-0.0263282363993928,0.0560787823052049,-0.00792438479994367,0.0226143195834024,-0.0899868597745668,0.150223545158542
64.032904493055,-0.0146961300540636,-0.0665458487898577,-0.0259717469944072,0.0558626174872945,-0.00780859277117858,0.0225023656886831,-0.0890777301015604,0.149727411908765
64.4769821892457,-0.0148885193900832,-0.0659620018039394,-0.0256180079019269,0.0556446927050533,-0.00769388636898676,0.0223902421944145,-0.0881746545101705,0.149227498466327
64.9241396301678,-0.0150765703892581,-0.0653804620662618,-0.0252670328589889,0.0554250485873243,-0.00758026450864111,0.0222779603793718,-0.0872776569946694,0.148723890607946
65.3743981743082,-0.015260319053661,-0.0648012504757124,-0.0249188348878418,0.0552037257703343,-0.00746772595671214,0.0221655314637736,-0.0863867600716789,0.14821667397781
65.827779328278,-0.0154398012995863,-0.0642243874930729,-0.0245734263003615,0.0549807648841655,-0.0073562693326295,0.0220529666070913,-0.0855019847928405,0.147705934059696
66.2843047478397,-0.0156150529554807,-0.063649893148552,-0.0242308187027284,0.0547562065394429,-0.00724589311028009,0.0219402769059032,-0.0846233507580346,0.147191756149619
66.7439962389419,-0.0157861097600809,-0.063077787049203,-0.0238910230003561,0.0545300913142409,-0.00713659561964124,0.0218274733917934,-0.0837508761291261,0.146674225329026
67.2068757587607,-0.0159530073607525,-0.0625080883862199,-0.0235540494030627,0.0543024597412124,-0.00702837504844761,0.0217145670292976,-0.0828845776442184,0.146153426438541
67.6729654167483,-0.0161157813120232,-0.0619408159421111,-0.0232199074304776,0.0540733522949471,-0.00692122944389004,0.021601568713895,-0.0820244706323956,0.145629444052264
68.1422874756894,-0.016274467074305,-0.0613759880977432,-0.0228886059176741,0.0538428093795578,-0.00681515671434522,0.0214884892700467,-0.0811705690289315,0.145102362452647
68.6148643527643,-0.016429100012799,-0.0608136228392545,-0.0225601530210198,0.0536108713165024,-0.00671015463113432,0.021375339449282,-0.0803228853909468,0.144572265605933
69.0907186206199,-0.0165797153965758,-0.0602537377648328,-0.0222345562242365,0.0533775783326409,-0.00660622083030939,0.0212621299283319,-0.0794814309134948,0.144039237138183
69.5698730084476,-0.0167263483978263,-0.0596963500913542,-0.0219118223446606,0.0531429705485318,-0.00650335281446594,0.02114887130731,-0.0786462154460531,0.143503360311886
70.0523504030693,-0.0168690340912752,-0.0591414766608818,-0.0215919575396964,0.052907087966969,-0.00640154795458018,0.021035574107942,-0.0778172475094051,0.142964718003152
70.5381738500302,-0.0170078074537527,-0.0585891339470185,-0.021274967313453,0.0526699704617621,-0.00630080349186967,0.0209222487718427,-0.0769945343128884,0.142423392679514
71.0273665547,-0.0171427033639159,-0.0580393380611142,-0.020960856523558,0.0524316577667606,-0.00620111653967572,0.0208089056588419,-0.076178081771992,0.141879466378311
71.5199518833807,-0.0172737566021151,-0.0574921047583223,-0.0206496293881379,0.0521921894651245,-0.00610248408536629,0.0206955550453577,-0.0753678945262827,0.141333020685682
72.0159533644237,-0.0174010018503979,-0.0569474494435054,-0.0203412894929592,0.0519516049788412,-0.00600490299225788,0.0205822071228185,-0.0745639759576404,0.140784136716163
72.5153946893524,-0.0175244736926443,-0.0564053871769871,-0.0200358397987201,0.0517099435584908,-0.00590837000155518,0.0204688719961336,-0.0737663282087845,0.140232895092877
73.0182997139948,-0.0176442066148273,-0.0558659326801481,-0.0197332826484867,0.0514672442732589,-0.005812881734307,0.0203555596822108,-0.0729749522020715,0.139679375928344
73.5246924596224,-0.0177602350053923,-0.0553291003408644,-0.019433619775265,0.0512235460011988,-0.00571843469337709,0.0202422801085236,-0.0721898476585441,0.139123658805886
74.0345971140979,-0.0178725931557477,-0.054794904218788,-0.0191368523097005,0.0509788874197425,-0.0056250252654288,0.0201290431117244,-0.0714110131172164,0.138565822761639
74.5480380330304,-0.017981315260862,-0.0542633580504666,-0.0188429807878996,0.0507333069964594,-0.00553264972292197,0.020015858436307,-0.0706384459545722,0.138005946267176
75.0650397409388,-0.0180864354199601,-0.0537344752543025,-0.0185520051593631,0.0504868429800647,-0.00544130422612106,0.0199027357333152,-0.069872142404263,0.137444107212722
75.585626932423,-0.0181879876373122,-0.0532082689353491,-0.0182639247950261,0.0502395333916741,-0.00535098482511307,0.0197896845590997,-0.0691120975769846,0.136880382890986
76.1098244733437,-0.0182860058231097,-0.0526847518899462,-0.0179787384953967,0.0499914160163071,-0.00526168746183429,0.0196767143741207,-0.0683583054805165,0.136314849981572
76.6376574020103,-0.0183805237944208,-0.0521639366101895,-0.017696444498786,0.0497425283946354,-0.00517340797210438,0.0195638345417976,-0.0676107590399057,0.135747584536011
77.1691509303763,-0.0184715752762207,-0.0516458352882389,-0.0174170404896233,0.0494929078149763,-0.00508614208766701,0.0194510543274048,-0.0668694501177796,0.135178661963363
77.7043304452438,-0.0185591939024886,-0.0511304598204621,-0.0171405236068485,0.0492425913055301,-0.00499988543823556,0.0193383828970129,-0.0661343695347691,0.134608157016426
78.2432215094763,-0.0186434132173673,-0.0506178218114144,-0.0168668904523768,0.0489916156268599,-0.00491463355354314,0.0192258293164756,-0.0654055070900283,0.134036143778519
78.7858498632195,-0.0187242666763765,-0.0501079325776553,-0.0165961370996278,0.0487400172646116,-0.00483038186539562,0.019113402550461,-0.0646828515818326,0.133462695650858
79.3322414251308,-0.0188017876476771,-0.0496008031514025,-0.0163282591021129,0.048487832422473,-0.00474712570972672,0.0190011114615276,-0.0639663908282406,0.132887885340494
79.8824222936175,-0.0188760094133769,-0.0490964442840223,-0.016063251502076,0.0482350970153696,-0.00466486032865428,0.0188889648092437,-0.0632561116878048,0.132311784848836
80.436418748083,-0.0189469651708744,-0.04859486644936,-0.01580110883918,0.0479818466628955,-0.0045835808725366,0.0187769712493509,-0.0625520000803156,0.131734465460728
80.9942572501823,-0.0190146880342334,-0.0480960798469077,-0.0155418251592342,0.0477281166829767,-0.00450328240202793,0.0186651393329697,-0.0618540410075644,0.131155997734095
81.555964445086,-0.0190792110355828,-0.0476000944048139,-0.0152853940229564,0.0474739420857651,-0.00442395989013231,0.0185534775058475,-0.0611622185741116,0.130576451490131
82.121567162753,-0.0191405671265359,-0.047106919782734,-0.0150318085147651,0.0472193575677604,-0.00434560822425486,0.0184419941076489,-0.0604765160080461,0.129995895804047
82.6910924192116,-0.0191987891796237,-0.0466165653745242,-0.0147810612515956,0.0469643975061571,-0.00426822220824962,0.0183306973712859,-0.0597969156817216,0.129414398996347
83.2645674178507,-0.0192539099897356,-0.0461290403107798,-0.0145331443917345,0.0467090959534148,-0.00419179656446321,0.01821959542229,-0.0591233991324588,0.128832028624642
83.8420195507184,-0.0193059622755634,-0.0456443534612202,-0.0142880496436693,0.0464534866320482,-0.00411632593577351,0.0181086962782232,-0.0584559470831987,0.128248851475985
84.423476399831,-0.0193549786810421,-0.0451625134369222,-0.0140457682749463,0.0461976029296352,-0.00404180488762265,0.0179980078481285,-0.0577945394630965,0.127664933559731
85.0089657384898,-0.0194009917767822,-0.0446835285924037,-0.0138062911210332,0.0459414778940383,-0.00396822791004359,0.0178875379320197,-0.057139155428043,0.127080340100893
85.5985155326084,-0.0194440340614886,-0.0442074070275607,-0.0135696085941819,0.045685144228839,-0.00389558941967954,0.0177772942204082,-0.0564897733811026,0.126495135534015
86.1921539420481,-0.0194841379633609,-0.0437341565894582,-0.0133357106922868,0.0454286342889793,-0.0038238837617958,0.0176672842938681,-0.0558463709928572,0.125909383497522
86.7899093219629,-0.0195213358414697,-0.0432637848739801,-0.0131045870077344,0.0451719800766106,-0.00375310521228307,0.0175575156226375,-0.0552089252216441,0.125323146828568
87.3918102241541,-0.0195556599871042,-0.0427962992273388,-0.0128762267362404,0.0449152132371427,-0.00368324797965198,0.0174479955662562,-0.054577412333679,0.124736487558346
87.9978853984339,-0.0195871426250864,-0.0423317067474478,-0.0126506186856701,0.0446583650554947,-0.00361430620701803,0.017338731373239,-0.0539518079230536,0.124149466907876
88.6081637939989,-0.0196158159150471,-0.0418700142851613,-0.0124277512848393,0.0444014664525402,-0.00354627397407664,0.0172297301807833,-0.0533320869315977,0.123562145284247
89.2226745608124,-0.0196417119526585,-0.0414112284453822,-0.0122076125922906,0.0441445479817464,-0.00347914529906752,0.0171209990145116,-0.0527182236685976,0.1229745822773
89.8414470509972,-0.0196648627708201,-0.040955355588043,-0.0119901903050426,0.0438876398260027,-0.00341291414072823,0.0170125447882469,-0.0521101918303618,0.122386836656763
90.4645108202374,-0.0196853003407925,-0.0405024018289624,-0.0117754717673094,0.0436307717946361,-0.00334757440023621,0.0169043743038213,-0.0515079645196248,0.121798966369804
91.0918956291901,-0.0197030565732759,-0.040052373040582,-0.0115634439791856,0.0433739733206098,-0.00328311992313901,0.0167964942509171,-0.0509115142647823,0.121211028539012
91.7236314449071,-0.0197181633194282,-0.0396052748525847,-0.0113540936052951,0.0431172734579022,-0.00321954450127225,0.0166889112069392,-0.0503208130389496,0.120623079460788
92.3597484422661,-0.0197306523718194,-0.0391611126524009,-0.0111474069834005,0.0428607008790618,-0.00315684187466503,0.0165816316369185,-0.0497358322788351,0.12003517460413
93.0002770054119,-0.0197405554653186,-0.0387198915856045,-0.0109433701329702,0.0426042838729372,-0.00309500573343231,0.0164746618934459,-0.0491565429034234,0.119447368609819
93.645247729208,-0.0197479042779097,-0.038281616556204,-0.0107419687637008,0.0423480503425761,-0.00303402971965409,0.0163680082166359,-0.0485829153324608,0.118859715289984
94.2946914206979,-0.0197527304314326,-0.0378462922268316,-0.0105431882839922,0.0420920278032924,-0.00297390742924094,0.0162616767341197,-0.0480149195047365,0.118272267628036
94.9486391005764,-0.0197550654922459,-0.0374139230188349,-0.0103470138093735,0.0418362433808966,-0.00291463241378576,0.0161556734610664,-0.0474525248961548,0.117685077778966
95.6071220046713,-0.0197549409718095,-0.0369845131122761,-0.0101534301708767,0.0415807238100873,-0.00285619818240131,0.0160500043002326,-0.046895700537592,0.11709819707
96.2701715854358,-0.0197523883271819,-0.0365580664458414,-0.00996242192335657,0.0413254954330002,-0.00279859820354348,0.015944675042039,-0.0463444150325324,0.116511676001592
96.9378195134503,-0.0197474389614313,-0.0361345867166669,-0.00977397335375504,0.0410705841979114,-0.00274182590681991,0.0158396913646743,-0.04579863657448,0.115925564248755
97.6100976789355,-0.0197401242239571,-0.0357140773800839,-0.00958806848930765,0.0408160156580922,-0.00268587468478383,0.0157350588342252,-0.0452583329641402,0.11533991066271
98.2870381932754,-0.0197304754107189,-0.0352965416492889,-0.00940469110569036,0.0405618149708121,-0.00263073789471298,0.0156307829048319,-0.0447234716263677,0.114754763272853
98.9686733905512,-0.0197185237643715,-0.0348819824949429,-0.00922382473510543,0.0403080068964864,-0.00257640886037324,0.015526868918869,-0.0441940196268763,0.114170169289029
99.6550358290861,-0.0197043004743031,-0.0344704026447045,-0.00904545267430441,0.040054615797967,-0.00252288087376707,0.0154233221071512,-0.0436699436887083,0.113586175104098
100.346158292999,-0.0196878366765746,-0.0340618045827015,-0.008869557992547,0.0398016656399716,-0.00247014719686645,0.0153201475891631,-0.0431512102084587,0.113002826296784
101.042073793774,-0.0196691634537597,-0.0336561905489453,-0.00869612353949419,0.0395491799886492,-0.00241820106333015,0.0152173503733123,-0.0426377852722515,0.112420167634804
101.742815571832,-0.0196483118346815,-0.0332535625386949,-0.00852513195303462,0.0392971820112789,-0.00236703568020542,0.0151149353572061,-0.0421296346714669,0.111838243078266
102.448417098122,-0.0196253127940469,-0.0328539223017716,-0.00835656566704275,0.0390456944760998,-0.00231664422961369,0.0150129073279506,-0.0416267239182148,0.11125709578332
103.15891207572,-0.0196001972519758,-0.0324572713418336,-0.00819040691906763,0.0387947397522676,-0.00226701987042044,0.0149112709624725,-0.0411290182605538,0.110676768106056
103.874334441436,-0.0195729960734243,-0.032063610915612,-0.00802663775795148,0.0385443398099366,-0.00221815573988904,0.0148100308278619,-0.0406364826974538,0.110097301606649
104.594718367439,-0.019543740067502,-0.031672942032115,-0.00786524005137681,0.0382945162204639,-0.00217004495531843,0.0147091913817368,-0.0401490819934998,0.109518737053727
105.320098262886,-0.019512459986681,-0.0312852654518041,-0.00770619549334132,0.0380452901567328,-0.0021226806156646,0.0146087569726292,-0.0396667806933366,0.108941114428962
106.050508775566,-0.0194791865258976,-0.0309005816857484,-0.00754948561155956,0.0377966823935933,-0.00207605580314595,0.0145087318403899,-0.0391895431358516,0.108364472931878
106.785984793556,-0.0194439503215457,-0.030518890994761,-0.00739509177479062,0.037548713308417,-0.00203016358483212,0.0144091201166156,-0.0387173334680974,0.107788850984858
107.526561446888,-0.0194067819503612,-0.0301401933885219,-0.00724299520009121,0.037301402881763,-0.00198499701421665,0.0143099258250937,-0.0382501156589503,0.107214286238348
108.272274109224,-0.0193677119281984,-0.0297644886246948,-0.00709317695999312,0.0370547706981539,-0.00194054913277303,0.0142111528822677,-0.0377878535125072,0.106640815576245
109.023158399549,-0.0193267707086982,-0.0293917762080386,-0.00694561798960473,0.0368088359469585,-0.0018968129714944,0.0141128050977208,-0.0373305106812189,0.106068475121474
109.779250183872,-0.0192839886818484,-0.0290220553895233,-0.00680029909363579,0.0365636174233779,-0.00185378155241665,0.0140148861746782,-0.03687805067876,0.105497300241722
110.540585576935,-0.0192393961724359,-0.0286553251654506,-0.00665720095334491,0.0363191335295353,-0.00181144789012496,0.0139173997105281,-0.0364304368926363,0.104927325555343
111.307200943943,-0.0191930234383934,-0.0282915842765869,-0.00651630413340925,0.0360754022756642,-0.00176980499324371,0.0138203491973597,-0.0359876325965292,0.104358584937414
112.079132902301,-0.0191449006690396,-0.0279308312073123,-0.00637758908871605,0.0358324412813948,-0.00172884586590977,0.0137237380225195,-0.0355496009623781,0.103791111525941
112.856418323356,-0.0190950579832152,-0.0275730641847905,-0.00624103617107527,0.0355902677771352,-0.00168856350922906,0.0136275694691841,-0.0351163050722015,0.1032249377282
113.639094334169,-0.0190435254273146,-0.0272182811781641,-0.00610662563585322,0.0353488986055465,-0.00164895092271637,0.0135318467169504,-0.0346877079296575,0.102660095227214
114.427198319278,-0.0189903329732172,-0.0268664798977802,-0.00597433764852658,0.0351083502231083,-0.00161000110571839,0.0134365728424425,-0.0342637724713448,0.102096614988347
115.220767922492,-0.0189355105161166,-0.0265176577944497,-0.00584415229115651,0.034868638701773,-0.00157170705881996,0.0133417508199342,-0.0338444615778457,0.101534527266027
116.019841048683,-0.0188790878722518,-0.0261718120587467,-0.00571604956878257,0.0346297797307078,-0.00153406178523342,0.0132473835219879,-0.0334297380845119,0.100973861610565
116.824455865599,-0.0188210947765422,-0.0258289396203499,-0.00559000941573599,0.0343917886181203,-0.00149705829217106,0.0131534737201095,-0.0330195647919952,0.100414646875088
117.634650805689,-0.0187615608801268,-0.0254890371474322,-0.00546601170187219,0.0341546802931686,-0.00146068959220061,0.0130600240854181,-0.0326139044765243,0.0998569112225652
118.450464567934,-0.0187005157478113,-0.0251521010461019,-0.00534403623872204,0.0339184693079509,-0.00142494870458375,0.0129670371893313,-0.0322127198999298,0.0993006821329174
119.271936119701,-0.0186379888554255,-0.0248181274598984,-0.00522406278556176,0.0336831698395751,-0.00138982865659756,0.0128745155042652,-0.0318159738194186,0.0987459864102206
120.099104698599,-0.0185740095870923,-0.0244871122693491,-0.00510607105540122,0.0334487956923054,-0.00135532248483886,0.0127824614043491,-0.0314236289971012,0.0981928501899782
120.932009814357,-0.0185086072324122,-0.0241590510915881,-0.00499004072089025,0.0332153602997844,-0.00132142323651142,0.0126908771661543,-0.0310356482092721,0.0976412989464677
121.77069125071,-0.0184418109835652,-0.0238339392800427,-0.00487595142014293,0.0329828767273282,-0.0012881239706959,0.0125997649694377,-0.030651994255447,0.0970913575001507
122.615189067297,-0.0183736499323338,-0.0235117719241903,-0.00476378276247945,0.0327513576742944,-0.00125541775960257,0.0125091268978985,-0.0302726299671587,0.0965430500251421
123.46554360158,-0.0183041530670491,-0.0231925438493891,-0.00465351433408557,0.0325208154765194,-0.00122329768980668,0.0124189649399486,-0.0298975182165136,0.0959964000567328
124.321795470765,-0.0182333492694644,-0.0228762496167865,-0.00454512570358926,0.0322912621088244,-0.00119175686346637,0.0123292809894971,-0.0295266219245125,0.0954514304989596
125.183985573745,-0.0181612673115586,-0.0225628835233078,-0.00443859642755445,0.0320627091875879,-0.00116078839952323,0.0122400768467469,-0.0291599040691367,0.0949081636322171
126.052155093052,-0.0180879358522733,-0.0222524396017284,-0.00433390605589174,0.0318351679733835,-0.00113038543488512,0.0121513542190052,-0.0287973276932038,0.0943666211209074
126.926345496825,-0.0180133834341863,-0.0219449116208325,-0.0042310341371858,0.0316086493736809,-0.00110054112559156,0.0120631147215057,-0.0284388559119944,0.0938268240211202
127.806598540793,-0.0179376384801271,-0.0216402930856611,-0.00412996022393936,0.0313831639456085,-0.00107124864796129,0.0119753598782436,-0.0280844519206538,0.0932887927883412
128.692956270265,-0.0178607292897351,-0.0213385772378515,-0.00403066387773364,0.0311587218987769,-0.00104250119972204,0.0118880911228234,-0.0277340790013709,0.0927525472851818
129.585461022141,-0.0177826840359668,-0.0210397570560713,-0.00393312467430492,0.0309353330981595,-0.00101429200112254,0.0118013097993172,-0.0273877005303368,0.0922181067891259
130.484155426934,-0.0177035307615546,-0.0207438252565493,-0.00383732220853745,0.030713007067032,-0.000986614296026414,0.011715017163136,-0.0270452799844875,0.0916854900002903
131.389082410804,-0.017623297375422,-0.0204507742937039,-0.00374323609937202,0.0304917529899653,-0.00095946135298815,0.0116292143819119,-0.0267067809480325,0.0911547150491929
132.300285197614,-0.0175420116490571,-0.0201605963608734,-0.00365084599463057,0.0302715797158742,-0.000932826466310847,0.0115439025363912,-0.0263721671187726,0.0906257995045256
133.217807310988,-0.0174597012128522,-0.0198732833911478,-0.00356013157575639,0.0300524957611164,-0.000906702957085756,0.0114590826213391,-0.0260414023142106,0.0900987603809269
134.141692576393,-0.0173763935524094,-0.0195888270583057,-0.00347107256246983,0.0298345093126442,-0.000881084174213473,0.0113747555464544,-0.0257144504774577,0.0895736141467511
135.071985123233,-0.0172921160048193,-0.0193072187778555,-0.00338364871733952,0.0296176282312042,-0.000855963495406712,0.0112909221372951,-0.0253912756829382,0.0890503767318294
136.008729386957,-0.0172068957549161,-0.0190284497081845,-0.00329783985026878,0.0294018600545853,-0.000831334328174522,0.0112075831362142,-0.025071842141897,0.0885290635352199
136.951970111177,-0.0171207598315126,-0.0187525107518156,-0.0032136258228973,0.0291872120009126,-0.00080719011078789,0.0111247392033049,-0.0247561142077127,0.0880096894329431
137.901752349813,-0.017033735103621,-0.0184793925567727,-0.0031309865529178,0.0289736909719861,-0.000783524313226594,0.0110423909173562,-0.0244440563810179,0.087492268785698
138.858121469236,-0.0169458482766616,-0.0182090855180567,-0.00304990201830773,0.028761303556663,-0.00076033043810723,0.0109605387768169,-0.0241356333146333,0.0869768154465575
139.821123150444,-0.0168571258886661,-0.0179415797792309,-0.00297035226147582,0.0285500560342814,-0.000737602021592298,0.0108791832007701,-0.023830809818316,0.086463342768639
140.790803391236,-0.0167675943064779,-0.0176768652341183,-0.00289231739332339,0.0283399543781238,-0.000715332634280247,0.0107983245299149,-0.0235295508633261,0.0859518636127466
141.767208508414,-0.016677279721954,-0.0174149315286086,-0.00281577759722037,0.0281310042589205,-0.000693515882076375,0.0107179630275582,-0.0232318215868161,0.0854423903549829
142.750385139995,-0.0165862081481746,-0.0171557680625786,-0.00274071313289597,0.0279232110483886,-0.000672145407044518,0.0106380988806134,-0.0229375872960449,0.0849349348943273
143.740380247435,-0.0164944054156617,-0.0168993639919216,-0.002667104340244,0.0277165798228086,-0.000651214888239375,0.0105587322006083,-0.0226468134724203,0.0844295086601781
144.737241117876,-0.0164018971686135,-0.0166457082306895,-0.00259493164304254,0.0275111153666335,-0.000630718042519407,0.0104798630246994,-0.0223594657753736,0.0839261226198556
145.741015366405,-0.0163087088611573,-0.0163947894533444,-0.00252417555258831,0.0273068221761318,-0.000610648625340238,0.0104014913166952,-0.0220755100460697,0.0834247872860643
146.751750938323,-0.0162148657536265,-0.0161465960971215,-0.00245481667124539,0.027103704463061,-0.000591000431528411,0.0103236169680847,-0.0217949123109544,0.0829255127243109
147.769496111443,-0.0161203929088637,-0.0159011163644998,-0.00238683569590846,0.0269017661583717,-0.000571767296035459,0.0102462397990742,-0.0215176387851452,0.0824283085602776
148.794299498388,-0.0160253151885568,-0.015658338225783,-0.00232021342138053,0.0267010109159388,-0.0005529430946722,0.0101693595596295,-0.0212436558756662,0.0819331839871461
149.826210048919,-0.0159296572496095,-0.0154182494217868,-0.00225493074366511,0.0265014421163202,-0.000534521744823142,0.0100929759305252,-0.0209729301845312,0.0814401477728732
150.865277052271,-0.0158334435405525,-0.015180837466633,-0.00219096866317299,0.0263030628705411,-0.000516497206140986,0.0100170885243986,-0.0207054285116791,0.0809492082674134
151.911550139505,-0.015736698297997,-0.0149460896506488,-0.00212830828784357,0.0261058760239003,-0.000498863481221079,0.00994169688681007,-0.0204411178577639,0.0804603734098878
152.965079285884,-0.015639445543137,-0.0147139930433692,-0.00206693083618091,0.0259098841598009,-0.000481614616255831,0.00986680049730822,-0.0201799654268025,0.0799736507356994
154.025914813254,-0.0155417090783018,-0.0144845344966417,-0.00200681764020447,0.0257150896036,-0.000464744701668958,0.00979239877049947,-0.0199219386286843,0.0794890473835888
155.094107392451,-0.0154435124835643,-0.0142577006478314,-0.00194795014831482,0.0255214944264786,-0.000448247872729571,0.00971849105712262,-0.0196670050815449,0.0790065701026338
156.169708045722,-0.0153448791134069,-0.0140334779231241,-0.00189030992807434,0.025329100449328,-0.000432118310146003,0.00964507664512712,-0.0194151326140075,0.0785262252591873
157.25276814916,-0.0152458320934509,-0.0138118525409258,-0.00183387866890302,0.0251379092466538,-0.000416350240639367,0.00957215476075525,-0.0191662892672955,0.0780480188437553
158.34333943516,-0.0151463943172499,-0.0135928105153565,-0.00177863818468978,0.0249479221504932,-0.0004009379374968,0.00949972456962758,-0.0189204432972178,0.0775719564778115
159.441473994887,-0.0150465884431538,-0.0133763376598361,-0.00172457041631917,0.0247591402543464,-0.000385875721104357,0.00942778517783143,-0.0186775631760327,0.0770980434205487
160.547224280766,-0.0149464368912441,-0.0131624195907595,-0.00167165743411401,0.0245715644171184,-0.000371157959459563,0.00935633563301203,-0.0184376175941901,0.0766262845755649
161.66064310899,-0.0148459618403445,-0.012951041731259,-0.00161988144019396,0.0243851952670721,-0.000356779068663566,0.00928537492546584,-0.0182005754619577,0.0761566844974848
162.781783662036,-0.0147451852251104,-0.0127421893150511,-0.00156922477075049,0.0242000332057891,-0.000342733513392929,0.00921490198923589,-0.0179664059109327,0.0756892473985128
163.910699491214,-0.0146441287331993,-0.0125358473903655,-0.00151966989823845,0.0240160784121378,-0.000329015807351047,0.00914491570320848,-0.0177350782954425,0.0752239771549202
165.047444519217,-0.0145428138025259,-0.0123320008239523,-0.00147119943348458,0.0238333308462467,-0.000315620513699198,0.00907541489221118,-0.0175065621938368,0.0747608773134627
166.192073042701,-0.0144412616186034,-0.0121306343051656,-0.00142379612771338,0.0236517902534823,-0.00030254224546725,0.00900639832811142,-0.017280827409675,0.0742999510977299
167.344639734876,-0.0143394931119744,-0.0119317323501211,-0.00137744287449062,0.023471456168429,-0.000289775665944074,0.0089378647309156,-0.0170578439728102,0.0738412014144243
168.505199648122,-0.014237528955734,-0.0117352793059222,-0.00133212271158504,0.0232923279188699,-0.00027731548904767,0.00886981276986809,-0.016837582140374,0.0733846308595704
169.673808216612,-0.0141353895631464,-0.0115412593549544,-0.00128781882274861,0.0231144046297676,-0.000265156479675079,0.0088022410645499,-0.0166200123976639,0.072930241724653
170.850521258965,-0.0140330950853583,-0.0113496565192428,-0.00124451453941572,0.0229376852272423,-0.000253293454032138,0.00873514818597649,-0.0164051054589367,0.0724780360026841
172.03539498091,-0.0139306654092102,-0.0111604546648701,-0.00120219334232207,0.0227621684425473,-0.000241721279943124,0.00866853265769449,-0.0161928322681097,0.0720280153941981
173.228485977972,-0.0138281201551486,-0.0109736375064523,-0.0011608388630435,0.0225878528160388,-0.000230434877140398,0.00860239295687685,-0.0159831639993733,0.0715801813131755
174.429851238172,-0.0137254786752398,-0.0107891886116673,-0.00112043488545553,0.0224147367011396,-0.000219429217534111,0.00853672751541604,-0.015776072057717,0.0711345348928937
175.639548144754,-0.0136227600512869,-0.0106070914058347,-0.00108096534711404,0.0222428182682952,-0.000208699325462066,0.0084715347210149,-0.0155715280793712,0.0706910769917056
176.857634478922,-0.0135199830930533,-0.0104273291765423,-0.00104241434055791,0.0220720955089204,-0.000198240277919877,0.00840681291827485,-0.015369503932168,0.0702498081987456
178.084168422602,-0.0134171663365914,-0.0102498850783158,-0.001004766114534,0.0219025662393348,-0.000188047204771499,0.00834256040978097,-0.0151699717158224,0.0698107288395629
179.319208561219,-0.01331432804268,-0.0100747421373286,-0.000968005075145426,0.0217342281046872,-0.000178115288940281,0.00827877545718364,-0.0149729037621376,0.0693738389816815
180.562813886497,-0.0132114861953698,-0.00990188325614802,-0.000932115786923666,0.0215670785828658,-0.000168439766580679,0.00821545628227631,-0.0147782726351356,0.0689391384400879
181.815043799277,-0.0131086585006397,-0.00973129121851441,-0.000897082973825263,0.0214011149883936,-0.000159015927230763,0.00815260106806908,-0.014586051131116,0.0685066267826453
183.075958112354,-0.0130058623851626,-0.0095629486941491,-0.000862891520153924,0.0212363344763077,-0.000149839113945682,0.00809020795985772,-0.0143962122786454,0.0680763033354358
184.345617053333,-0.0129031149951834,-0.00939683824358843,-0.000829526471408808,0.0210727340460214,-0.000140904723412251,0.00802827506628762,-0.0142087293384791,0.0676481671880287
185.624081267505,-0.0128004331955086,-0.0092329423230397,-0.00079697303505981,0.0209103105451668,-0.000132208206044845,0.00796680046041261,-0.0140235758034177,0.0672222171986776
186.911411820748,-0.0126978335686082,-0.00907124328925556,-0.000765216581250673,0.0207490606734178,-0.000123745066062762,0.00790578218074793,-0.013840725398101,0.0667984519994437
188.207670202438,-0.0125953324138298,-0.00891172340442342,-0.000734242643430859,0.0205889809862913,-0.000115510861549281,0.00784521823231729,-0.0136601520787409,0.0663768700012483
189.512918328392,-0.012492945746726,-0.00875436484106615,-0.00070403691891704,0.0204300678989263,-0.000107501204492585,0.00778510658769349,-0.0134818300327947,0.0659574693988519
190.827218543819,-0.0123906892984943,-0.00859914968695069,-0.000674585269385152,0.0202723176898382,-9.97117608087924e-05,0.00772544518803234,-0.0133057336785827,0.0655402481757628
192.150633626303,-0.0122885785155296,-0.00844605995000094,-0.000645873721293985,0.0201157265046489,-9.21382503472955e-05,0.00766623194409955,-0.0131318376648505,0.0651252041090735
193.483226788801,-0.012186628559089,-0.00829507756321149,-0.000617888466241255,0.0199602903597904,-8.47764468786506e-05,0.00760746473729016,-0.0129601168702779,0.0647123347742267
194.82506168266,-0.0120848543050686,-0.00814618438955872,-0.000590615861253218,0.0198060051461803,-7.76221780652536e-05,0.00754914142064034,-0.0127905464029376,0.06430163754971
196.176202400658,-0.0119832703438925,-0.00799936222690595,-0.000564042429008788,0.01965286663287,-7.06713254150411e-05,0.00749125981983111,-0.0126231015997042,0.0638931096216809
197.536713480066,-0.0118818909805118,-0.00785459281289915,-0.000538154857999273,0.0195008704706621,-6.39198242184875e-05,0.00743381773418373,-0.0124577580256164,0.0634867479885213
198.906659905733,-0.0117807302345147,-0.0077118578298499,-0.000512940002624745,0.0193500121956979,-5.73636634691407e-05,0.0073768129376464,-0.0122944914731927,0.063082549465323
200.286107113184,-0.0116798018403455,-0.00757113890960243,-0.000488384883228218,0.0192002872330127,-5.09988857679922e-05,0.00732024317977213,-0.0121332779617047,0.0626805106883042
201.675120991751,-0.0115791192476324,-0.00743241763838144,-0.000464476686068639,0.0190516909000589,-4.48215872119271e-05,0.00726410618668727,-0.0119740937364065,0.0622806281191572
203.073767887718,-0.0114786956216228,-0.00729567556161749,-0.000441202763233925,0.0189042184101944,-3.88279172665686e-05,0.00720839966205057,-0.0118169152677256,0.0618828980493283
204.482114607491,-0.0113785438437247,-0.00716089418874698,-0.000418550632495142,0.0187578648761379,-3.30140786237863e-05,0.00715312128800249,-0.0116617192504129,0.0614873166042304
205.900228420788,-0.0112786765121536,-0.00702805499798363,-0.000396507977103003,0.0186126253133871,-2.73763270441743e-05,0.00709826872610437,-0.0115084826026571,0.061093879747388
207.32817706385,-0.0111791059426826,-0.00689713944105842,-0.00037506264552789,0.0184684946436013,-2.19109711848023e-05,0.00704383961826745,-0.0113571824651623,0.0607025832845169
208.766028742684,-0.0110798441694958,-0.0067681289479252,-0.000354202651144551,0.0183254676979468,-1.66143724125434e-05,0.00698983158767123,-0.011207796200192,0.0603134228675366
210.213852136311,-0.0109809029461413,-0.00664100493142915,-0.00033391617186276,0.0181835392204037,-1.14829446032994e-05,0.00693624223967106,-0.0110603013905797,0.059926393998519
211.671716400053,-0.0108822937465846,-0.00651574879193517,-0.000314191549705079,0.0180427038710344,-6.51315392743274e-06,0.00688306916269482,-0.0109146758387082,0.0595414920335715
213.139691168835,-0.0107840277663589,-0.00639234192191376,-0.000295017290333026,0.017902956229212,-1.70151862173844e-06,0.00683030992912825,-0.0107708975654599,0.0591587121866561
214.617846560511,-0.0106861159238115,-0.00627076571048161,-0.000276382062522868,0.017764290796809,2.95539125172179e-06,0.00677796209618894,-0.0106289448091369,0.0587780495333455
216.10625317921,-0.010588568861444,-0.00615100154789456,-0.000258274697592285,0.0176267020013441,7.46095405959385e-06,0.00672602320678867,-0.0104887960243548,0.0583994990145159
217.604982118714,-0.0104913969473447,-0.00603303082999028,-0.000240684188779201,0.0174901841990887,1.18184968636733e-05,0.00667449079038392,-0.0103504298809102,0.0580230554399784
219.114104965849,-0.0103946102767112,-0.00591683496257861,-0.000223599690574029,0.0173547316781299,1.60312956994796e-05,0.00662336236381443,-0.0102138252626237,0.0576487134920478
220.633693803907,-0.0102982186734611,-0.00580239536577705,-0.000207010518006625,0.0172203386613914,2.0102575866623e-05,0.00657263543212954,-0.0100789612661584,0.0572764677290518
222.163821216089,-0.0102022316919285,-0.0056896934782894,-0.000190906145889206,0.017086999309611,2.40355122306188e-05,0.00652230748940224,-0.00994581719981714,0.0569063125887789
223.704560288971,-0.0101066586186448,-0.00557871076162543,-0.00017527620801657,0.0169547077242744,2.78332295357993e-05,0.00647237601953082,-0.00981437258231751,0.0565382423918674
225.255984615994,-0.0100115084742006,-0.00546942870425955,-0.000160110496324849,0.0168234579505045,3.14988027289883e-05,0.00642283849702775,-0.00968460714154743,0.0561722513451354
226.818168300982,-0.00991679001518785,-0.00536182882572662,-0.000145398960010135,0.0166932439799057,3.50352572935694e-05,0.00637369238779604,-0.00955650081330124,0.0558083335448525
228.391185961678,-0.00982251173621872,-0.00525589268065321,-0.000131131704608236,0.0165640597533643,3.84455695936201e-05,0.00632493514989259,-0.00943003373999787,0.0554464829799545
229.975112733314,-0.00972868187201934,-0.00515160186272234,-0.000117298991036882,0.016435899163802,4.17326672277433e-05,0.00627656423427865,-0.00930518626938203,0.0550866935352002
231.570024272191,-0.00963530839959633,-0.00504893800857034,-0.000103891234601639,0.0163087560588847,4.48994293922516e-05,0.0062285770855572,-0.00918193895320944,0.0547289589942735
233.175996759301,-0.00954239904047345,-0.00494788280161417,-9.08990039668578e-05,0.0161826242436846,4.79486872533575e-05,0.00618097114269726,-0.0090602725459169,0.0543732730428291
234.793106903962,-0.00944996126299595,-0.00484841797580783,-7.83130200928948e-05,0.0160574974832966,5.08832243280102e-05,0.00613374383974486,-0.00894016800327836,0.0540196292714835
236.421431947482,-0.0093580022847004,-0.00475052531932647,-6.61241551409321e-05,0.0159333695054075,5.37057768730308e-05,0.00608689260652083,-0.00882160648104773,0.0536680211787522
238.061049666849,-0.00926652907474735,-0.00465418667817696,-5.4323431346624e-05,0.0158102340028191,5.6419034282201e-05,0.00604041486930519,-0.00870456933358939,0.0533184421739339
239.712038378445,-0.00917554835641453,-0.0045593839597338,-4.29020198638641e-05,0.015688084635924,5.90256394909524e-05,0.00599430805150817,-0.0085890381124972,0.0529708855799411
241.374476941791,-0.00908506660964799,-0.00446609913619932,-3.18512395799334e-05,0.0155669150351347,6.15281893883082e-05,0.00594856957432777,-0.00847499456520285,0.0526253446360793
243.048444763306,-0.0089950900736688,-0.00437431424798707,-2.11625559032517e-05,0.0154467188032657,6.39292352357351e-05,0.00590319685739389,-0.00836242063357441,0.0522818125007752
244.734021800108,-0.00890562474963278,-0.00428401140702772,-1.08275795250045e-05,0.0153274895178678,6.62312830925655e-05,0.00585818731939895,-0.00825129845250578,0.0519402822542536
246.431288563827,-0.00881667640334076,-0.00419517279999643,-8.38065155858974e-07,0.0152092207335163,6.84367942476354e-05,0.00581353837871503,-0.0081416103484978,0.0516007469011648
248.140326124455,-0.00872825056799693,-0.0041077806914612,8.81408976101524e-06,0.0150919059840513,7.05481856568226e-05,0.0057692474539975,-0.0080333388382318,0.0512631993731629
249.861216114214,-0.00864035254701278,-0.00402181742695148,1.81368463594051e-05,0.014975538784771,7.25678303861268e-05,0.00572531196477518,-0.00792646662713617,0.0509276325314348
251.594040731461,-0.00855298741685411,-0.00393726543594642,2.71380256808029e-05,0.0148601126345781,7.44980580599746e-05,0.00568172933202699,-0.00782097660794686,0.0505940391691825
253.338882744608,-0.00846616002992878,-0.00385410723478249,3.58253100252661e-05,0.0147456210180791,7.6341155314416e-05,0.00563849697874518,-0.00771685185926217,0.0502624120140572
255.09582549608,-0.00837987501751253,-0.0037723254294799,4.42062443212136e-05,0.014632057407637,7.80993662548861e-05,0.00559561233048512,-0.00761407564409273,0.0499327437305474
256.864952906292,-0.00829413679271074,-0.00369190271848772,5.22882375130324e-05,0.0145194152653768,7.97748929182166e-05,0.00555307281590171,-0.00751263140840713,0.0496050269223209
258.646349477661,-0.00820894955345332,-0.00361282189534727,6.00785639653127e-05,0.0144076880451454,8.13698957385678e-05,0.00551087586727244,-0.00741250277967382,0.0492792541345217
260.440100298641,-0.00812431728552078,-0.00353506585127383,6.758436488266e-05,0.0142968691944236,8.28864940169875e-05,0.00546901892100721,-0.0073136735653999,0.0489554178560224
262.246291047787,-0.00804024376559868,-0.00345861757765653,7.48126497439011e-05,0.014186952156194,8.43267663942682e-05,0.00542749941814488,-0.00721612775166736,0.0486335105216329
264.065007997846,-0.00795673256435848,-0.00338346016847639,8.17702977496805e-05,0.0140779303707613,8.56927513268134e-05,0.00538631480483673,-0.00711984950166719,0.0483135245142652
265.896338019882,-0.00787378704956213,-0.00330957682264266,8.84640592823094e-05,0.0139697972775277,8.69864475652087e-05,0.00534546253281678,-0.00702482315423204,0.0479954521670565
267.740368587419,-0.00779141038918844,-0.0032369508462476,9.49005573768788e-05,0.0138625463167236,8.82098146352034e-05,0.00530494005985916,-0.0069310332223678,0.0476792857654497
269.597187780627,-0.00770960555457867,-0.00316556565473987,0.000101086289202558,0.013756170931092,8.93647733208171e-05,0.00526474485022262,-0.00683846439178466,0.0473650175492333
271.466884290521,-0.00762837532359936,-0.00309540477501686,0.000107027627553108,0.0136506645675296,9.04532061492839e-05,0.00522487437508212,-0.00674710151942804,0.0470526397145392
273.349547423206,-0.00754772228381998,-0.0030264518474363,0.000112730822345588,0.0135460206786823,9.14769578775627e-05,0.00518532611294786,-0.00665692963200995,0.0467421444158026
275.245267104134,-0.00746764883570351,-0.00295869062774756,0.00011820200212631,0.0134422327244982,9.2437835980132e-05,0.00514609755007162,-0.00656793392454108,0.0464335237676804
277.154133882404,-0.00738815719580749,-0.00289210498894306,0.000123447175583072,0.0133392941737357,9.33376111378139e-05,0.00510718618084063,-0.0064800997588641,0.046126769846932
279.07623893509,-0.00730924939999382,-0.00282667892303043,0.000128472233062757,0.0132371985054296,9.41780177273542e-05,0.00506858950815914,-0.00639341266218864,0.0458218746942614
281.011674071587,-0.00723092730664509,-0.00276239654272587,0.000133282948093376,0.0131359392103135,9.49607543115168e-05,0.00503030504381768,-0.00630785832562814,0.0455188303161222
282.960531738006,-0.00715319259988531,-0.00269924208306938,0.000137884978909679,0.0130355097922013,9.56874841294321e-05,0.00499233030885027,-0.00622342260273919,0.0452176286864847
284.922905021585,-0.0070760467928034,-0.00263719990296267,0.000142283869981462,0.0129359037693254,9.63598355869619e-05,0.00495466283387958,-0.00614009150806348,0.0449182617485671
286.898887655133,-0.00699949123067733,-0.00257625448663021,0.000146485053543728,0.0128371146756345,9.69794027468453e-05,0.00491730015945039,-0.00605785121567283,0.0446207214165314
288.888574021513,-0.00692352709419701,-0.00251639044500453,0.000150493851127883,0.0127391360620507,9.75477458183895e-05,0.00488023983635117,-0.00597668805771771,0.0443249995771426
290.892059158146,-0.00684815540268432,-0.00245759251703631,0.000154315475093165,0.0126419614976856,9.80663916464872e-05,0.00484347942592429,-0.00589658852297931,0.0440310880913945
292.909438761552,-0.00677337701730823,-0.00239984557093027,0.000157955030157518,0.0125455845710173,9.85368341997372e-05,0.00480701650036472,-0.00581753925542569,0.043738978796101
294.940809191919,-0.00669919264429354,-0.00234313460530775,0.000161417514927178,0.0124499988910277,9.89605350574583e-05,0.00477084864300752,-0.00573952705277229,0.0434486635054531
296.986267477709,-0.00662560283812144,-0.00228744475029687,0.000164707823424211,0.0123551980883011,9.93389238953933e-05,0.00473497344860422,-0.00566253886504686,0.0431601340125439
299.045911320291,-0.00655260800472025,-0.00223276126855132,0.00016783074661131,0.0122611758160849,9.9673398969899e-05,0.00469938852358835,-0.0055865617931594,0.0428733820908604
301.119839098607,-0.00648020840464483,-0.00217906955619869,0.00017079097391315,0.0121679257513123,9.99653276004299e-05,0.00466409148633008,-0.00551158308747712,0.0425883994957437
303.208149873869,-0.00640840415624302,-0.00212635514371949,0.000173593094733635,0.012075441595588,0.000100216046650133,0.00462907996738036,-0.00543759014640468,0.0423051779658172
305.310943394298,-0.00633719523880782,-0.00207460369675783,0.0001762415999684,0.0119837170761379,0.000100426863004369,0.00459435160970456,-0.00536457051497019,0.0420237092243849
307.428320099879,-0.00626658149571367,-0.00202380101686501,0.000178740883511927,0.0118927459467219,0.000100599054046987,0.00455990406890592,-0.00529251188341682,0.0417439849807979
309.560381127168,-0.00619656263753559,-0.00197393304217685,0.000181095243758687,0.0118025219885126,0.000100733868134181,0.00452573501343879,-0.00522140208580058,0.0414659969317926
311.707228314113,-0.00612713824514972,-0.0019249858480263,0.000183308885097723,0.0117130390109379,0.000100832525065778,0.0044918421248121,-0.00515122909859423,0.041189736762798
313.868964204927,-0.0060583077728142,-0.00187694564749214,0.000185385919400105,0.0116242908524906,0.000100896216553783,0.00445822309778292,-0.00508198103929766,0.040915196149215
316.045692054981,-0.00599007055122883,-0.0018297987918852,0.000187330367498731,0.0115362713815039,0.000100926106688054,0.0044248756405406,-0.00501364616505489,0.0406423667576672
318.237515835737,-0.00592242579057271,-0.00178353177117316,0.000189146160659961,0.0114489744968939,0.000100923332398939,0.0043917974748814,-0.00494621287127778,0.0403712402472234
320.444540239715,-0.00585537258351832,-0.0017381312143452,0.000190837142046562,0.0113623941288703,0.000100889003916761,0.00435898633637401,-0.00487966969027683,0.0401018082705931
322.666870685493,-0.00578890990822133,-0.00169358388971779,0.000192407068171522,0.0112765242396143,0.000100824205228004,0.00432643997451593,-0.00481400528989896,0.0398340624752944
324.904613322743,-0.00572303663128481,-0.00164987670518272,0.000193859610342248,0.0111913588239269,0.000100729994528081,0.00429415615288104,-0.00474920847217263,0.0395679945047965
327.1578750373,-0.00565775151069704,-0.00160699670839882,0.00019519835609473,0.0111068919098451,0.000100607404670558,0.00426213264925857,-0.00468526817196043,0.0393035959996345
329.426763456268,-0.00559305319874185,-0.00156493108692843,0.000196426810617261,0.0110231175592296,0.000100457443612733,0.00423036725578341,-0.00462217345561909,0.0390408585985002
331.711386953162,-0.0055289402448807,-0.00152366716832008,0.000197548398163292,0.0109400298683221,0.000100281094857443,0.00419885777905826,-0.00455991351966734,0.0387797739393067
334.011854653082,-0.00546541109860556,-0.00148319242013854,0.000198566463453074,0.0108576229682748,0.000100079317891019,0.00416760204026754,-0.00449847768946143,0.0385203336602284
336.328276437929,-0.00540246411226182,-0.00144349444994351,0.000199484273063709,0.0107758910256513,9.98530486172653e-05,0.00413659787528342,-0.0044378554178787,0.0382625294007175
338.660762951648,-0.00534009754384052,-0.0014045610052184,0.000200305016807286,0.0106948282429002,9.9603199787398e-05,0.00410584313476401,-0.00437803628400914,0.0380063528024953
341.009425605519,-0.00527830955973907,-0.00136637997325023,0.000201031809096775,0.010614428858802,9.93306614258371e-05,0.00407533568424401,-0.00431900999185508,0.037751795510521
343.374376583475,-0.00521709823748993,-0.00132893938096221,0.000201667690299369,0.01053468714889,9.90363012517783e-05,0.0040450734042179,-0.00426076636903917,0.0374988491739374
345.75572884746,-0.00515646156845649,-0.00129222739470005,0.000202215628077009,0.0104555974258444,9.87209650964701e-05,0.0040150541902159,-0.00420329536552065,0.0372475054469935
348.153596142828,-0.00509639746049564,-0.00125623231997344,0.000202678518713805,0.0103771540398633,9.83854773161213e-05,0.00398527595287289,-0.00414658705232008,0.036997755989945
350.568093003772,-0.00503690374058648,-0.00122094260115394,0.000203059188430118,0.0102993513790076,9.80306412003741e-05,0.00395573661799042,-0.00409063162025258,0.0367495924699335
352.999334758797,-0.00497797815742464,-0.00118634682113051,0.000203360394683053,0.0102221838695228,9.7657239376284e-05,0.00392643412659202,-0.0040354193786696,0.0365030065618433
355.44743753623,-0.00491961838398177,-0.00115243370092399,0.000203584827453173,0.0101456459761378,9.7266034207747e-05,0.00389736643497196,-0.00398094075420939,0.0362579899491379
357.912518269762,-0.00486182202002974,-0.00111919209926185,0.000203735110517191,0.0100697322023404,9.68577681903207e-05,0.00386853151473765,-0.00392718628955622,0.0360145343246754
360.39469470404,-0.0048045865946292,-0.00108661101211429,0.0002038138027065,0.00999443709063128,9.64331643413997e-05,0.00383992735284584,-0.00387414664220825,0.0357726313915039
362.894085400285,-0.00474790956858215,-0.00105467957219317,0.000203823399151338,0.00991975522275612,9.59929265856918e-05,0.00381155195163283,-0.00382181258325437,0.0355322728636365
365.410809741959,-0.00469178833684816,-0.00102338704841481,0.000203766332510446,0.00984568121991724,9.55377401359656e-05,0.00378340332883877,-0.0037701749961599,0.0352934504668072
367.944987940466,-0.00463622023092401,-0.000992722845327963,0.000203644974186069,0.0097722097429644,9.50682718690273e-05,0.00375547951762629,-0.00371922487556114,0.0350561559392069
370.496741040893,-0.00458120252118649,-0.000962676502508242,0.00020346163552419,0.00969933549256615,9.45851706969036e-05,0.00372777856659361,-0.00366895332606899,0.0348203810322014
373.066190927794,-0.00452673241919814,-0.000933237693920061,0.000203218568999852,0.0096270532093618,9.40890679331976e-05,0.00370029853978229,-0.00361935156108156,0.0345861175110301
375.653460331008,-0.00447280707997575,-0.000904396227247395,0.000202917969387511,0.00955535767409466,9.35805776546002e-05,0.00367303751667976,-0.00357041090160578,0.0343533571554865
378.258672831527,-0.00441942360422152,-0.000876142043194492,0.00020256197491628,0.0094842437077273,9.30602970575348e-05,0.00364599359221678,-0.00352212277508821,0.0341220917605817
380.881952867393,-0.00436657904051666,-0.00084846521475769,0.00020215266841004,0.00941370617153898,9.2528806809921e-05,0.0036191648767601,-0.00347447871425479,0.0338923131371891
383.523425739646,-0.00431427038747749,-0.000821355946469507,0.000201692078412318,0.0093437399672061,9.19866713980465e-05,0.00359254949610028,-0.00342747035595989,0.0336640131126727
386.183217618305,-0.00426249459587387,-0.000794804573616128,0.000201182180295897,0.00927434003686609,9.14344394685386e-05,0.00356614559143499,-0.00338108944004442,0.0334371835314985
388.861455548399,-0.00421124857070989,-0.000768801561429377,0.000200624897357114,0.00920550136316514,9.08726441654267e-05,0.00353995131934788,-0.00333532780820308,0.0332118162558288
391.558267456034,-0.00416052917326705,-0.000743337504254336,0.000200022101894818,0.00913721896929045,9.03018034623011e-05,0.0035139648517831,-0.00329017740286093,0.0329879031661005
394.273782154498,-0.0041103332231097,-0.000718403124693631,0.000199375616273971,0.00906948791898741,8.97224204895617e-05,0.00348818437601579,-0.00324563026605899,0.0327654361615879
397.008129350424,-0.00406065750005283,-0.000693989272729467,0.000198687213973877,0.00900230331656213,8.91349838567657e-05,0.00346260809461847,-0.00320167853834916,0.0325444071609487
399.761439649975,-0.00401149874609247,-0.00067008692482448,0.00019795862062105,0.00893566030686995,8.85399679700785e-05,0.00343723422542366,-0.0031583144576983,0.0323248081027556
402.533844565089,-0.00396285366729861,-0.000646687183002415,0.000197191515006722,0.00886955407529029,8.79378333448407e-05,0.00341206100148269,-0.00311553035840151,0.0321066309460124
405.325476519761,-0.00391471893567074,-0.000623781273909638,0.000196387530089022,0.00880397984768833,8.73290269132591e-05,0.00338708667102103,-0.00307331867000467,0.0318898676706555
408.136468856361,-0.00386709119095639,-0.000601360547858492,0.00019554825397985,0.00873893289036405,8.671398232724e-05,0.00336230949739011,-0.00303167191623609,0.0316745102780404
410.966955842014,-0.00381996704243249,-0.000579416477853448,0.00019467523091647,0.00867440850998889,8.60931202563814e-05,0.00333772775901587,-0.00299058271394747,0.0314605507914144
413.817072675003,-0.00377334307065003,-0.000557940658601028,0.000193769962217905,0.00861040205353069,8.54668486811439e-05,0.00331333974934405,-0.00295004377206398,0.0312479812563755
416.686955491232,-0.00372721582914207,-0.000536924805504415,0.000192833907226138,0.00854690890816725,8.48355631812208e-05,0.0032891437767825,-0.00291004789054354,0.0310367937413165
419.576741370729,-0.00368158184609532,-0.000516360753643677,0.000191868484232221,0.00848392450118887,8.41996472191324e-05,0.00326513816464053,-0.00287058795934525,0.0308269803378573
422.486568344193,-0.00363643762598555,-0.000496240456742496,0.00019087507138734,0.00842144429989036,8.35594724190719e-05,0.00324132125106541,-0.00283165695740701,0.0306185331612623
425.416575399583,-0.00359177965117717,-0.000476555986122286,0.000189855007598911,0.00835946381145296,8.29153988410281e-05,0.00321769138897623,-0.00279324795163224,0.0304114443508464
428.366902488763,-0.003547604383487,-0.000457299529644547,0.000188809593411797,0.00829797858281641,8.22677752502182e-05,0.00319424694599514,-0.00275535409588575,0.0302057060703668
431.337690534184,-0.00350390826571286,-0.000438463390642296,0.000187740091874727,0.00823698420054178,8.16169393818581e-05,0.00317098630437613,-0.00271796862999865,0.0300013105084038
434.329081435613,-0.00346068772312694,-0.000420039986841402,0.00018664772939201,0.00817647629066529,8.09632182013087e-05,0.0031479078609315,-0.0026810848787824,0.0297982498787286
437.341218076915,-0.00341793916493447,-0.000402021849272602,0.000185533696560646,0.00811645051854348,8.03069281596268e-05,0.003125010026956,-0.00264469625105186,0.0295965164206586
440.374244332875,-0.003375658985698,-0.000384401621175,0.000184399148992943,0.00805690258869022,7.96483754445647e-05,0.00310229122814892,-0.00260879623865738,0.0293961023994029
443.428305076071,-0.00333384356672744,-0.00036717205689179,0.000183245208124728,0.00799782824460579,7.89878562270481e-05,0.0030797499045341,-0.00257337841552589,0.0291970001063937
446.503546183793,-0.0032924892774365,-0.000350326020758951,0.0001820729620093,0.0079392232685985,7.8325656903178e-05,0.00305738451037799,-0.00253843643671093,0.0289992018596087
449.600114545014,-0.00325159247666562,-0.000333856485987634,0.000180883466097215,0.00788108348159902,7.76620543317949e-05,0.00303519351410594,-0.00250396403745161,0.0288027000038812
452.718158067401,-0.00321114951397188,-0.00031775653354093,0.000179677744002033,0.00782340474296794,7.69973160676429e-05,0.00301317539821667,-0.00246995503224054,0.0286074869111997
455.857825684385,-0.00317115673088628,-0.000302019351005717,0.000178456788252163,0.00776618295029679,7.63317005901851e-05,0.00299132865919518,-0.00243640331390053,0.0284135549809968
459.01926736227,-0.0031316104621387,-0.000286638231460237,0.00017722156102893,0.0077094140392028,7.56654575281047e-05,0.00296965180742404,-0.00240330285267016,0.0282208966404282
462.202634107401,-0.00309250703685099,-0.000271606572338047,0.000175972994890989,0.00765309398311778,7.49988278795431e-05,0.00294814336709329,-0.00237064769529819,0.0280295043446405
465.408077973374,-0.00305384277969855,-0.00025691787428897,0.000174711993485241,0.0075972187930714,7.4332044228117e-05,0.00292680187610885,-0.00233843196414664,0.02783937057703
468.635752068297,-0.00301561401204086,-0.000242565740037647,0.000173439432244377,0.00754178451746918,7.36653309547627e-05,0.0029056258859998,-0.00230664985630263,0.0276504878494915
471.885810562108,-0.00297781705302126,-0.000228543873240296,0.000172156159071203,0.00748678724186538,7.29989044454548e-05,0.00288461396182431,-0.00227529564269895,0.0274628487026567
475.158408693936,-0.00294044822063655,-0.00021484607734021,0.000170862995009877,0.00743222308873121,7.23329732948443e-05,0.00286376468207453,-0.00224436366724315,0.0272764457061247
478.453702779515,-0.00290350383277667,-0.00020146625442258,0.000169560734904221,0.00737808821721853,7.16677385058693e-05,0.00284307663858038,-0.00221384834595534,0.0270912714586817
481.771850218653,-0.00286698020823503,-0.000188398404069165,0.000168250148043254,0.00732437882291935,7.1003393685383e-05,0.00282254843641245,-0.00218374416611442,0.0269073185885133
485.113009502749,-0.0028308736676898,-0.000175636622213312,0.000166931978794096,0.00727109113762132,7.03401252358521e-05,0.00280217869378385,-0.00215404568541296,0.0267245797534062
488.477340222363,-0.0027951805346567,-0.000163175099995837,0.000165606947222384,0.0072182214290596,6.96781125431721e-05,0.00278196604195142,-0.0021247475311204,0.0265430476409431
491.865003074839,-0.00275989713641358,-0.000151008122622252,0.000164275749700388,0.00716576600066513,6.9017528160653e-05,0.00276190912511602,-0.00209584439925476,0.0263627149686874
495.276159871982,-0.00272501980489744,-0.000139130068221785,0.000162939059502948,0.00711372119130979,6.83585379892244e-05,0.00274200660032225,-0.00206733105376266,0.0261835744843614
498.710973547785,-0.00269054487757411,-0.000127535406708655,0.000161597527391417,0.00706208337504847,6.77013014539119e-05,0.00272225713735747,-0.00203920232570772,0.0260056189660147
502.169608166212,-0.00265646869828115,-0.000116218698646032,0.000160251782185742,0.00701084896085835,6.70459716766355e-05,0.00270265941865027,-0.00201145311246715,0.0258288412221859
505.652228929035,-0.00262278761804444,-0.000105174594113083,0.000158902431324882,0.00696001439237566,6.63926956453823e-05,0.00268321213916847,-0.00198407837693662,0.0256532340920557
509.159002183727,-0.00258949799586881,-9.43978315755241e-05,0.000157550061415676,0.00690957614763,6.57416143798038e-05,0.00266391400631669,-0.00195707314674331,0.025478790445593
512.690095431402,-0.00255659619950321,-8.388323676005e-05,0.000156195238770363,0.00685953073877655,6.50928630932919e-05,0.00264476373983344,-0.00193043251346705,0.0253055031836934
516.245677334823,-0.00252407860618085,-7.36257215330069e-05,0.000154838509932894,0.00680987471182626,6.4446571351583e-05,0.00262576007168801,-0.00190415163186951,0.0251333652383101
519.825917726449,-0.00249194160333478,-6.36202827836738e-05,0.000153480402194204,0.00676060464637428,6.38028632279443e-05,0.00260690174597702,-0.00187822571913148,0.0249623695725781
523.430987616559,-0.00246018158928934,-5.38620013124794e-05,0.000152121424096604,0.00671171715532679,6.31618574549909e-05,0.0025881875188207,-0.00185265005409808,0.0247925091809309
527.061059201407,-0.00242879497392786,-4.43460407244903e-05,0.000150762065927463,0.00666320888462637,6.25236675731919e-05,0.00256961615825913,-0.00182741997653185,0.0246237770892113
530.716305871459,-0.00239777817933714,-3.50676463284693e-05,0.000149402800202332,0.00661507651297614,6.18884020761085e-05,0.00255118644414824,-0.00180253088637374,0.0244561663547744
534.396902219665,-0.00236712764042917,-2.60221440418126e-05,0.000148044082137676,0.00656731675156282,6.12561645524245e-05,0.00253289716805573,-0.00177797824301194,0.024289670066585
538.103024049808,-0.00233683980554035,-1.72049393016412e-05,0.000146686350113385,0.00651992634377879,6.06270538248137e-05,0.0025147471331571,-0.00175375756455836,0.0241242813453079
541.834848384891,-0.00230691113700889,-8.61151598231791e-06,0.000145330026125208,0.00647290206494347,6.00011640857015e-05,0.00249673515413148,-0.00172986442713293,0.0239599933433926
545.592553475602,-0.00227733811173065,-2.37435319648863e-07,0.000143975516227288,0.00642624072202394,5.93785850299662e-05,0.00247886005705769,-0.00170629446415547,0.0237967992451515
549.376318808822,-0.00224811722169388,7.92166515797908e-06,0.000142623210964945,0.00637993915335521,5.87594019846359e-05,0.00246112067931029,-0.00168304336564515,0.0236346922668323
553.1863251162,-0.00221924497449339,1.58700726913093e-05,0.000141273485797886,0.00633399422836,5.81436960356286e-05,0.00244351586945584,-0.00166010687752755,0.023473665656684
557.022754382788,-0.00219071789382441,2.36120003445394e-05,0.00013992670151397,0.00628840284726843,5.7531544151587e-05,0.00242604448714923,-0.00163748080094908,0.0233137126950187
560.885789855729,-0.00216253251995672,3.11515880520509e-05,0.000138583204633723,0.00624316194083746,5.69230193048584e-05,0.00240870540303029,-0.00161516099159897,0.0231548266942658
564.775616053012,-0.00213468541018936,3.84929036573577e-05,0.000137243327805731,0.00619826847007053,5.63181905896684e-05,0.00239149749862062,-0.0015931433590385,0.0229970009990225
568.692418772287,-0.00210717313928638,4.56399439440732e-05,0.000135907390193085,0.00615371942593721,5.5717123337539e-05,0.00237441966622068,-0.00157142386603762,0.0228402289860977
572.636385099737,-0.00207999229989409,5.25966356587292e-05,0.000134575697851025,0.00610951182909319,5.51198792299997e-05,0.0023574708088072,-0.00154999852791878,0.0226845040645519
576.607703419018,-0.00205313950294006,5.93668365252804e-05,0.00013324854409594,0.00606564272960058,5.452651640864e-05,0.00234064983993088,-0.00152886341190797,0.0225298196757308
580.606563420252,-0.00202661137801449,6.59543362511375e-05,0.000131926209865882,0.00602210920664875,5.39370895825524e-05,0.00232395568361453,-0.00150801463649291,0.0223761692932949
584.633156109091,-0.00200040457373415,7.23628575245857e-05,0.00013060896407273,0.00597890836827565,5.33516501332123e-05,0.00230738727425149,-0.00148744837078832,0.0222235464232437
588.687673815838,-0.00197451575808945,7.85960570034525e-05,0.000129297063946184,0.0059360373510899,5.27702462168448e-05,0.00229094355650457,-0.00146716083390822,0.0220719446039354
592.77031020464,-0.0019489416187749,8.46575262949009e-05,0.000127990755369701,0.00589349331999355,5.21929228643213e-05,0.00227462348520537,-0.00144714829434516,0.021921357406102
596.881260282727,-0.00192367886350342,9.05507929262289e-05,0.000126690273208554,0.00585127346790578,5.16197220786379e-05,0.00225842602525407,-0.00142740706935643,0.0217717784328597
601.020720409738,-0.00189872422030484,9.62793213065717e-05,0.000125395841630141,0.00580937501548739,5.10506829300156e-05,0.00224235015151971,-0.00140793352435705,0.0216232013197154
605.188888307094,-0.00187407443780907,0.000101846513679401,0.000124107674416699,0.00576779521086647,5.04858416486735e-05,0.00222639484874099,-0.00138872407231963,0.0214756197345677
609.385963067442,-0.00184972628551414,0.00010725571106574,0.000122825975270558,0.00572653132936503,4.99252317153153e-05,0.00221055911142759,-0.00136977517318094,0.0213290273777057
613.612145164168,-0.00182567655403961,0.000112510194197999,0.000121550938112086,0.00568558067322686,4.93688839493773e-05,0.00219484194376203,-0.00135108333325512,0.0211834179818016
617.867636460969,-0.00180192205536569,0.000117613184444371,0.000120282747370462,0.00564494057134656,4.881682659508e-05,0.0021792423595021,-0.00133264510465358,0.0210387853119007
622.152640221499,-0.00177845962305839,0.000122567844723713,0.000119021578267411,0.00560460837899995,4.82690854053267e-05,0.00216375938188389,-0.00131445708471144,0.020895123165407
626.467361119072,-0.00175528611248107,0.000127377280410846,0.000117767597094049,0.00556458147757572,4.77256837234931e-05,0.00214839204352538,-0.00129651591542046,0.020752425372065
630.812005246445,-0.00173239840099276,0.000132044540232233,0.000116520961480962,0.00552485727430864,4.71866425631502e-05,0.00213313938633069,-0.00127881828286851,0.0206106857939381
635.186780125658,-0.00170979338813359,0.000136572617151992,0.000115281820661661,0.00548543320201411,4.66519806857613e-05,0.00211800046139495,-0.00126136091668529,0.0204698983253831
639.591894717946,-0.00168746799579759,0.000140964449248183,0.000114050315729544,0.00544630671882434,4.61217146763956e-05,0.0021029743289098,-0.00124414058949451,0.020330056893021
644.027559433723,-0.00166541916839331,0.000145222920579359,0.000112826579888495,0.00540747530792603,4.55958590174993e-05,0.00208806005806951,-0.00122715411637236,0.0201911554557051
648.493986142629,-0.00164364387299255,0.000149350862041348,0.000111610738697242,0.00536893647729974,4.50744261607625e-05,0.00207325672697789,-0.00121039835431206,0.0200531880044848
652.991388183652,-0.0016221390994674,0.000153351052214236,0.000110402910307619,0.00533068775946089,4.45574265971249e-05,0.00205856342255575,-0.00119387020169478,0.0199161485625671
657.519980375318,-0.00160090186061614,0.000157226218199551,0.000109203205696832,0.0052927267112025,4.40448689249561e-05,0.0020439792404491,-0.0011775665977665,0.0197800311852742
662.07997902595,-0.00157992919227809,0.000160979036447622,0.000108011728893881,0.00525505091333965,4.35367599164512e-05,0.00202950328493807,-0.00116148452212106,0.0196448299599986
666.671601944003,-0.00155921815343785,0.000164612133575126,0.000106828577200234,0.00521765797045577,4.30331045822786e-05,0.00201513466884654,-0.0011456209941891,0.0195105390061545
671.295068448464,-0.00153876582631917,0.000168128087172812,0.000105653841404894,0.00518054551065072,4.25339062345182e-05,0.00200087251345244,-0.00112997307273301,0.0193771524751268
675.950599379332,-0.00151856931646874,0.000171529426603412,0.000104487605993959,0.00514371118529077,4.20391665479257e-05,0.00198671594839882,-0.00111453785534775,0.0192446645502176
680.638417108163,-0.0014986257528303,0.00017481863378975,0.000103329949354807,0.00510715266876042,4.1548885619561e-05,0.00197266411160564,-0.00109931247796752,0.0191130694465886
685.358745548692,-0.00147893228780915,0.000177998143993062,0.000102180943975015,0.00507086765821618,4.10630620268147e-05,0.00195871614918229,-0.00108429411437814,0.0189823614112026
690.11181016753,-0.00145948609732755,0.000181070346581549,0.000101040656636117,0.00503485387334227,4.05816928838683e-05,0.0019448712153409,-0.00106947997573528,0.0188525347227608
694.897837994932,-0.00144028438087116,0.000184037585789189,9.9909148602333e-05,0.00499910905610826,4.01047738966242e-05,0.00193112847231031,-0.0010548673100882,0.0187235836916383
699.717057635642,-0.00142132436152679,0.000186902161464827,9.87864758043484e-05,0.00496363097052881,3.96322994161367e-05,0.00191748709025088,-0.00104045340190921,0.0185955026598175
704.569699279812,-0.00140260328601185,0.000189666329811583,9.76726890182831e-05,0.00492841740242524,3.91642624905798e-05,0.00190394624717005,-0.00102623557162867,0.018468286000818
709.455994713995,-0.00138411842469554,0.000192332304116611,9.65678340399345e-05,0.00489346615918933,3.87006549157838e-05,0.00189050512883857,-0.00101221117517547,0.0183419281196255
714.376177332221,-0.00136586707161226,0.000194902255471248,9.54719518544056e-05,0.00485877506954897,3.82414672843733e-05,0.00187716292870766,-0.000998377603522943,0.0182164234526168
719.33048214714,-0.00134784654446735,0.000197378313481588,9.43850788012235e-05,0.00482434198333605,3.77866890335371e-05,0.00186391884782675,-0.00098473228224022,0.0180917664674846
724.31914580125,-0.00133005418463544,0.00019976256696954,9.33072467350434e-05,0.00479016477125627,3.73363084914642e-05,0.00185077209476215,-0.000971272671048897,0.0179679516631582
729.342406578201,-0.00131248735715167,0.000202057064664404,9.22384831820424e-05,0.00475624132466113,3.68903129224724e-05,0.00183772188551641,-0.000957996263384987,0.0178449735697235
734.400504414174,-0.00129514345069598,0.000204263815885027,9.11788114920956e-05,0.004722569555322,3.64486885708638e-05,0.00182476744344845,-0.000944900585966119,0.0177228267483405
739.493680909344,-0.0012780198775707,0.000206384791212585,9.01282509868344e-05,0.00468914739520625,3.60114207035341e-05,0.00181190799919448,-0.000931983198363907,0.0176015057911584
744.622179339418,-0.00126111407367174,0.000208421923154051,8.90868171036771e-05,0.00465597279625555,3.55784936513649e-05,0.00179914279058974,-0.000919241692581457,0.0174810053212298
749.786244667259,-0.00124442349845349,0.000210377106796412,8.80545215359276e-05,0.00462304373016622,3.51498908494298e-05,0.00178647106259092,-0.000906673692635945,0.0173613199924223
754.98612355458,-0.00122794563488768,0.000212252200451685,8.70313723690285e-05,0.00459035818817181,3.47255948760388e-05,0.00177389206719943,-0.000894276854146221,0.0172424444893284
760.222064373731,-0.00121167798941648,0.000214049026292804,8.60173742130621e-05,0.00455791418082766,3.43055874906517e-05,0.00176140506338542,-0.000882048863925385,0.0171243735271741
765.494317219563,-0.00119561809189996,0.000215769370980447,8.50125283315831e-05,0.00452570973779773,3.38898496706856e-05,0.00174900931701254,-0.000869987439578285,0.0170071018517253
770.803133921369,-0.00117976349555812,0.000217414986280853,8.40168327668697e-05,0.00449374290764342,3.34783616472431e-05,0.00173670410076354,-0.000858090329103891,0.0168906242391928
776.148768054917,-0.00116411177690777,0.000218987589674725,8.30302824616781e-05,0.00446201175761469,3.30711029397884e-05,0.00172448869406657,-0.000846355310502479,0.0167749354961362
781.531474954562,-0.00114866053569434,0.000220488864957262,8.20528693775805e-05,0.00443051437344313,3.26680523897946e-05,0.0017123623830223,-0.000834780191387592,0.0166600304593653
786.951511725437,-0.00113340739481885,0.000221920462829415,8.10845826099701e-05,0.00439924885913727,3.22691881933894e-05,0.00170032446033173,-0.000823362808602717,0.0165459039958411
792.40913725574,-0.00111835000026029,0.000223284001480425,8.01254084998105e-05,0.00436821333677999,3.1874487933022e-05,0.0016883742252249,-0.000812101027842632,0.0164325510025746
797.904612229097,-0.00110348602099347,0.000224581067161726,7.9175330742208e-05,0.00433740594632802,3.14839286081758e-05,0.00167651098339018,-0.000800992743279377,0.0163199664065244
803.438199137013,-0.00108881314890261,0.000225813214752297,7.82343304918831e-05,0.00430682484541359,3.10974866651512e-05,0.00166473404690445,-0.000790035877192785,0.0162081451644937
809.01016229141,-0.0010743290986908,0.000226981968315522,7.73023864656151e-05,0.00427646820914817,3.07151380259394e-05,0.001653042734164,-0.000779228379605551,0.0160970822630249
814.620767837254,-0.00106003160778551,0.000228088821647653,7.63794750417343e-05,0.00424633422992833,3.03368581162115e-05,0.00164143636981617,-0.000768568227922763,0.0159867727182937
820.270283765263,-0.00104591843624025,0.000229135238817954,7.54655703567328e-05,0.00421642111724366,2.99626218924457e-05,0.0016299142846917,-0.000758053426575864,0.0158772115760019
825.958979924714,-0.00103198736663273,0.000230122654700601,7.45606443990635e-05,0.00418672709748684,2.95924038682107e-05,0.00161847581573792,-0.000747682006670987,0.015768393911269
831.687128036326,-0.00101823620395934,0.000231052475498421,7.36646671001992e-05,0.0041572504137657,2.92261781396317e-05,0.00160712030595254,-0.000737452025641628,0.0156603148285228
837.455001705243,-0.0010046627755265,0.000231926079258562,7.27776064230141e-05,0.00412798932571745,2.88639184100542e-05,0.00159584710431833,-0.0007273615669056,0.0155529694613887
843.262876434102,-0.000991264930838686,0.000232744816380163,7.18994284475595e-05,0.0040989421093249,2.85055980139309e-05,0.0015846555657384,-0.000717408739526216,0.0154463529725784
849.111029636188,-0.000978040541483492,0.000233510010114122,7.10300974542941e-05,0.00407010705673478,2.81511899399476e-05,0.00157354505097226,-0.000707591677877677,0.0153404605537773
854.999740648693,-0.000964987501013742,0.000234222957055035,7.01695760048352e-05,0.00404148247607802,2.78006668534104e-05,0.00156251492657261,-0.00069790854131459,0.0152352874255309
860.92929074605,-0.000952103724826876,0.000234884927625399,6.93178250202903e-05,0.00401306669129216,2.74540011179121e-05,0.00155156456482282,-0.000688357513845598,0.0151308288371309
866.899963153375,-0.000939387150041684,0.000235497166552163,6.8474803857232e-05,0.00398485804194572,2.71111648162954e-05,0.00154069334367514,-0.000678936803811052,0.0150270800664996
872.91204305999,-0.000926835735372544,0.000236060893335707,6.76404703813754e-05,0.00395685488306455,2.67721297709338e-05,0.00152990064668958,-0.000669644643564699,0.0149240364200741
878.965817633049,-0.000914447461001275,0.000236577302711344,6.68147810390139e-05,0.00392905558496024,2.6436867563345e-05,0.00151918586297355,-0.000660479289159332,0.0148216932326897
885.061576031251,-0.000902220328446741,0.000237047565103425,6.59976909262734e-05,0.00390145853306045,2.61053495531569e-05,0.00150854838712213,-0.000651439020036361,0.014720045867462
891.199609418655,-0.000890152360432318,0.000237472827072139,6.51891538562389e-05,0.00387406212774123,2.57775468964415e-05,0.00149798761915907,-0.000642522138719256,0.0146190897156691
897.380210978585,-0.000878241600751335,0.000237854211753086,6.43891224240083e-05,0.00384686478416126,2.54534305634339e-05,0.00148750296447846,-0.000633726970510828,0.0145188201966324
903.603675927636,-0.000866486114130611,0.000238192819289718,6.35975480697269e-05,0.00381986493209809,2.5132971355653e-05,0.00147709383378709,-0.000625051863194297,0.0144192327575972
909.870301529772,-0.000854883986092192,0.000238489727258733,6.28143811396542e-05,0.00379306101578622,2.48161399224399e-05,0.00146675964304745,-0.000616495186738105,0.0143203228736125
916.18038711053,-0.00084343332281339,0.000238745991088508,6.20395709453149e-05,0.00376645149375714,2.45029067769288e-05,0.00145649981342144,-0.000608055333004435,0.0142220860474101
922.534234071309,-0.000832132250985244,0.000238962644470652,6.12730658207833e-05,0.00374003483868127,2.41932423114667e-05,0.00144631377121471,-0.000599730715461395,0.0141245178092836
928.932145903777,-0.00082097891766947,0.000239140699764777,6.05148131781497e-05,0.0037138095372117,2.3887116812496e-05,0.00143620094782166,-0.000591519768898815,0.0140276137169665
935.374428204358,-0.000809971490154047,0.000239281148396567,5.97647595612169e-05,0.00368777408982988,2.35845004749147e-05,0.0014261607796711,-0.000583420949147633,0.0139313693555097
941.861388688833,-0.00079910815580748,0.000239384961249223,5.90228506974737e-05,0.0036619270106931,2.32853634159294e-05,0.00141619270817254,-0.000575432732802808,0.013835780337159
948.39333720704,-0.000788387121931875,0.000239453089048388,5.82890315483898e-05,0.0036362668274838,2.29896756884131e-05,0.00140629617966312,-0.000567553616949743,0.0137408423012317
954.970585757668,-0.000777806615614885,0.000239486462740625,5.75632463580771e-05,0.00361079208126073,2.26974072937831e-05,0.00139647064535517,-0.000559782118894155,0.013646550913993
961.593448503166,-0.000767364883580634,0.000239485993865535,5.6845438700362e-05,0.00358550132631185,2.24085281944113e-05,0.00138671556128443,-0.000552116775895369,0.0135529018685321
968.262241784745,-0.000757060192039691,0.000239452574921597,5.61355515243091e-05,0.00356039313000903,2.21230083255806e-05,0.00137703038825879,-0.000544556144902984,0.0134598908846381
974.977284137491,-0.000746890826538182,0.00023938707972583,5.54335271982397e-05,0.00353546607266454,2.1840817606999e-05,0.00136741459180779,-0.000537098802296889,0.0133675137086745
981.738896305574,-0.000736855091806112,0.000239290363767337,5.4739307552284e-05,0.00351071874738923,2.15619259538846e-05,0.00135786764213256,-0.000529743343630565,0.0132757661134554
988.547401257578,-0.00072695131160498,0.000239163264554837,5.40528339195086e-05,0.00348614975995249,2.12863032876337e-05,0.0013483890140565,-0.000522488383377656,0.013184643898119
995.403124201917,-0.000717177828574759,0.000239006601958256,5.33740471756551e-05,0.00346175772864386,2.10139195460823e-05,0.0013389781869765,-0.000515332554681769,0.0130941428880031
1002.30639260238,-0.00070753300408031,0.000238821178544458,5.27028877775309e-05,0.00343754128413643,2.07447446933749e-05,0.00132963464481469,-0.000508274509109447,0.0130042589345188
1009.25753619375,-0.000698015218057302,0.000238607779907215,5.20392958000864e-05,0.00341349906935176,2.04787487294492e-05,0.00132035787597089,-0.000501312916406303,0.0129149879150246
1016.2568869976,-0.000688622868857705,0.000238367174991469,5.13832109722158e-05,0.00338962973932665,2.02159016991497e-05,0.00131114737327553,-0.000494446464256251,0.0128263257327005
1023.30477933808,-0.000679354373094928,0.000238100116411999,5.07345727113172e-05,0.00336593196108138,1.99561737009799e-05,0.0013020026339432,-0.000487673858043836,0.0127382683164214
1030.40154985798,-0.000670208165488635,0.00023780734076655,5.00933201566433e-05,0.00334240441348966,1.96995348955028e-05,0.00129292315952673,-0.000480993820619572,0.0126508116206308
1037.5475375347,-0.00066118269870936,0.000237489568943516,4.94593922014819e-05,0.00331904578715023,1.94459555134027e-05,0.00128390845587184,-0.000474405092068308,0.012563951625214
1044.74308369654,-0.000652276443222898,0.00023714750642425,4.8832727524192e-05,0.00329585478425989,1.91954058632137e-05,0.00127495803307234,-0.000467906429480545,0.0124776843353718
1051.98853203895,-0.000643487887134615,0.000236781843580084,4.82132646181333e-05,0.00327283011848828,1.89478563387294e-05,0.0012660714054259,-0.000461496606726696,0.0123920057814934
1059.28422864097,-0.000634815536033657,0.000236393255964139,4.76009418205156e-05,0.00324997051485409,1.8703277426099e-05,0.00125724809139027,-0.00045517441423423,0.0123069120190295
1066.63052198171,-0.000626257912837171,0.00023598240459799,4.69956973402029e-05,0.00322727470960291,1.84616397106227e-05,0.00124848761354015,-0.000448938658767699,0.0122223991283658
1074.02776295709,-0.00061781355763453,0.000235549936253284,4.6397469284497e-05,0.00320474145008644,1.82229138832518e-05,0.00123978949852449,-0.000442788163211561,0.0121384632146957
1081.4763048965,-0.000609481027531686,0.000235096483728366,4.58061956849342e-05,0.00318236949464343,1.79870707468055e-05,0.00123115327702437,-0.000436721766355836,0.0120551004078933
1088.97650357974,-0.000601258896495613,0.000234622666119997,4.52218145221186e-05,0.00316015761248186,1.77540812219104e-05,0.00122257848371137,-0.000430738322684486,0.011972306862387
1096.52871725401,-0.000593145755198963,0.000234129089090247,4.46442637496255e-05,0.00313810458356279,1.75239163526727e-05,0.00121406465720643,-0.000424836702166553,0.011890078757032
1104.13330665098,-0.000585140210864918,0.00023361634512862,4.40734813169934e-05,0.00311620919848553,1.72965473120897e-05,0.00120561134003923,-0.000419015790049966,0.0118084122949837
1111.79063500406,-0.000577240887112336,0.000233085013809498,4.35094051918399e-05,0.00309447025837432,1.70719454072106e-05,0.00119721807860808,-0.000413274486658032,0.011727303703571
1119.50106806575,-0.000569446423801173,0.000232535662044971,4.29519733811195e-05,0.00307288657476635,1.68500820840513e-05,0.00118888442314029,-0.000407611707188537,0.0116467492341693
1127.26497412507,-0.000561755476878284,0.000231968844333121,4.24011239515532e-05,0.0030514569695013,1.66309289322738e-05,0.00118060992765298,-0.000402026381515467,0.0115667451620739
1135.0827240252,-0.000554166718223572,0.000231385103001843,4.18567950492501e-05,0.00303018027461208,1.64144576896353e-05,0.00117239414991444,-0.000396517453993269,0.0114872877863735
1142.95469118117,-0.0005466788354966,0.000230784968448258,4.13189249185489e-05,0.00300905533221718,1.62006402462154e-05,0.00116423665140593,-0.000391083883263674,0.0114083734298238
1150.8812515977,-0.000539290531983613,0.0002301689593738,4.07874519200974e-05,0.00298808099441409,1.59894486484265e-05,0.00115613699728389,-0.000385724642065005,0.0113299984387209
1158.86278388715,-0.000532000526445093,0.000229537583015035,4.02623145481979e-05,0.00296725612317433,1.57808551028178e-05,0.00114809475634274,-0.000380438717043971,0.0112521591827757
1166.89966928762,-0.000524807552963798,0.000228891335370291,3.97434514474344e-05,0.00294657959023955,1.55748319796742e-05,0.00114010950097798,-0.000375225108569892,0.011174852054987
1174.99229168114,-0.000517710360793389,0.000228230701422159,3.92308014286093e-05,0.00292605027701911,1.53713518164221e-05,0.00113218080714987,-0.000370082830551357,0.0110980734715165
1183.14103761204,-0.000510707714207604,0.000227556155355929,3.87243034840038e-05,0.00290566707448886,1.51703873208434e-05,0.00112430825434749,-0.000365010910255244,0.0110218198715625
1191.34629630538,-0.000503798392350077,0.000226868160774038,3.82238968019877e-05,0.0028854288830912,1.49719113741074e-05,0.00111649142555322,-0.000360008388128111,0.0109460877172348
1199.60845968555,-0.000496981189084763,0.000226167170906576,3.77295207809949e-05,0.00286533461263637,1.47758970336244e-05,0.00110872990720769,-0.000355074317619907,0.0108708734934292
1207.92792239501,-0.000490254912847061,0.000225453628817938,3.72411150428858e-05,0.00284538318220508,1.4582317535728e-05,0.00110102328917519,-0.00035020776500998,0.0107961737077026
1216.3050818131,-0.000483618386495589,0.000224727967609666,3.67586194457129e-05,0.00282557352005217,1.43911462981899e-05,0.00109337116470937,-0.000345407809235355,0.0107219848901479
1224.74033807505,-0.000477070447164711,0.000223990610619545,3.62819740959111e-05,0.0028059045635117,1.42023569225754e-05,0.00108577313041952,-0.000340673541721255,0.0106483035932697
1233.23409409112,-0.000470609946117761,0.00022324197161703,3.58111193599269e-05,0.00278637525890299,1.40159231964421e-05,0.00107822878623714,-0.000336004066213827,0.0105751263918595
1241.78675556577,-0.000464235748601058,0.000222482454995047,3.53459958753071e-05,0.0027669845614381,1.38318190953888e-05,0.00107073773538298,-0.000331398498615071,0.0105024498828722
1250.39873101711,-0.000457946733698674,0.00022171245595824,3.48865445612599e-05,0.0027477314351302,1.36500187849587e-05,0.00106329958433443,-0.000326855966819901,0.0104302706853018
1259.07043179635,-0.000451741794188015,0.000220932360707713,3.44327066287103e-05,0.00272861485270329,1.34704966224025e-05,0.00105591394279338,-0.000322375610555371,0.010358585440058
1267.80227210752,-0.00044561983639621,0.000220142546622337,3.39844235898583e-05,0.00270963379550292,1.32932271583049e-05,0.00104858042365435,-0.000317956581221973,0.0102873908098429
1276.5946690272,-0.000439579780057331,0.000219343382436674,3.3541637267263e-05,0.00269078725340811,1.31181851380807e-05,0.00104129864297314,-0.000313598041737038,0.0102166834790281
1285.44804252445,-0.000433620558170481,0.00021853522841557,3.31042898024627e-05,0.00267207422474432,1.29453455033441e-05,0.00103406821993578,-0.000309299166380185,0.010146460153532
1294.36281548089,-0.000427741116858719,0.000217718436525485,3.26723236641465e-05,0.00265349371619747,1.27746833931549e-05,0.00102688877682785,-0.000305059140640785,0.0100767175606973
1303.33941371088,-0.000421940415228901,0.000216893350602603,3.22456816558943e-05,0.00263504474272915,1.26061741451477e-05,0.00101975993900421,-0.000300877161067447,0.0100074524491692
1312.37826598188,-0.00041621742523238,0.000216060306517787,3.18243069234943e-05,0.00261672632749276,1.24397932965462e-05,0.00101268133485905,-0.000296752435119459,0.00993866158877362
1321.47980403488,-0.000410571131526648,0.000215219632338426,3.1408142961858e-05,0.00259853750175076,1.22755165850685e-05,0.00100565259579637,-0.000292684181020209,0.00987034177039569
1330.6444626051,-0.000405000531337873,0.000214371648487231,3.09971336215382e-05,0.00258047730479291,1.21133199497247e-05,0.000998673356200718,-0.0002886716276125,0.00980248980585888
1339.87267944269,-0.000399504634324395,0.000213516667898032,3.05912231148705e-05,0.00256254478385557,1.19531795315143e-05,0.000991743253408351,-0.000284714014215801,0.00973510252780436
1349.16489533366,-0.000394082462441134,0.000212654996168622,3.01903560217441e-05,0.00254473899404197,1.17950716740234e-05,0.000984861927678721,-0.000280810590485353,0.00966817678957053
1358.52155412096,-0.000388733049804988,0.000211786931710713,2.9794477295019e-05,0.00252705899824345,1.16389729239275e-05,0.000978029022166309,-0.00027696061627315,0.00960170946507326
1367.94310272563,-0.000383455442561163,0.000210912765897034,2.94035322655982e-05,0.0025095038670617,1.14848600314027e-05,0.000971244182892764,-0.000273163361490731,0.00953569744868616
1377.42999116818,-0.000378248698750505,0.000210032783205643,2.90174666471682e-05,0.002492072678732,1.13327099504484e-05,0.000964507058719425,-0.000269418105973808,0.00947013765512154
1386.98267259009,-0.000373111888177786,0.000209147261361478,2.86362265406171e-05,0.00247476451904728,1.11824998391256e-05,0.000957817301320115,-0.000265724139348651,0.00940502701931144
1396.60160327544,-0.000368044092281004,0.000208256471475223,2.8259758438144e-05,0.00245757848128328,1.10342070597132e-05,0.000951174565154312,-0.000262080760900265,0.00934036249628938
1406.2872426727,-0.000363044404001661,0.000207360678179503,2.78880092270667e-05,0.00244051366612446,1.08878091787854e-05,0.000944578507440592,-0.000258487279442287,0.00927614106107223
1416.04005341668,-0.000358111927656055,0.000206460139762489,2.75209261933412e-05,0.00242356918159101,1.0743283967214e-05,0.000938028788130421,-0.000254943013188614,0.00921235970854265
1425.86050135065,-0.000353245778807568,0.00020555510829893,2.71584570247996e-05,0.00240674414296655,1.06006094000976e-05,0.000931525069882233,-0.00025144728962672,0.00914901545333184
1435.74905554856,-0.000348445084139992,0.000204645829778678,2.68005498141203e-05,0.00239003767272689,1.04597636566208e-05,0.000925067018035835,-0.000247999445392664,0.00908610532970285
1445.70618833745,-0.000343708981331838,0.000203732544232739,2.64471530615352e-05,0.00237344890046954,1.03207251198468e-05,0.000918654300587091,-0.000244598826147729,0.00902362639143402
1455.73237532004,-0.000339036618931706,0.000202815485856895,2.60982156772868e-05,0.0023569769628442,1.01834723764451e-05,0.00091228658816293,-0.000241244786456721,0.00896157571170326
1465.8280953974,-0.000334427156234648,0.000201894883132947,2.57536869838419e-05,0.00234062100348392,1.00479842163571e-05,0.000905963553996617,-0.000237936689667856,0.00889995038297231
1475.99383079187,-0.000329879763159594,0.000200970958947614,2.54135167178717e-05,0.00232438017293731,9.91423963240289e-06,0.000899684873903348,-0.000234673907794259,0.00883874751687181
1486.23006707006,-0.000325393620127773,0.000200043930709135,2.50776550320054e-05,0.0023082536286014,9.78221781983075e-06,0.000893450226256097,-0.000231455821397022,0.00877796424408652
1496.53729316606,-0.00032096791794221,0.000199114010461609,2.4746052496367e-05,0.00229224053465541,9.65189817581213e-06,0.000887259291961776,-0.000228281819469819,0.00871759771424124
1506.9160014048,-0.000316601857668224,0.000198181404997123,2.4418660099902e-05,0.00227634006199529,9.52326029888419e-06,0.000881111754437643,-0.00022515129932505,0.00865764509578688
1517.36668752555,-0.000312294650514994,0.000197246315965702,2.4095429251502e-05,0.00226055138816907,9.3962839883426e-06,0.000875007299588017,-0.000222063666481499,0.00859810357588727
1527.88985070559,-0.000308045517718139,0.000196308939983115,2.37763117809348e-05,0.00224487369731293,9.27094924358603e-06,0.000868945615781229,-0.000219018334553486,0.00853897036030621
1538.4859935841,-0.000303853690423363,0.000195369468736587,2.34612599395873e-05,0.00222930618008814,9.14723626341527e-06,0.000862926393826868,-0.000216014725141487,0.00848024267329511
1549.15562228612,-0.000299718409571116,0.000194428089088455,2.31502264010276e-05,0.00221384803361867,9.02512544528805e-06,0.000856949326953273,-0.000213052267724214,0.00842191775748094
1559.89924644673,-0.000295638925782322,0.000193484983177784,2.28431642613945e-05,0.00219849846142961,8.9045973845325e-06,0.0008510141107853,-0.000210130399552131,0.00836399287375486
1570.71737923542,-0.000291614499245125,0.000192540328520016,2.25400270396182e-05,0.00218325667338625,8.78563287352023e-06,0.000845120443322322,-0.000207248565542378,0.00830646530116106
1581.61053738059,-0.000287644399602688,0.000191594298104652,2.22407686774833e-05,0.00216812188563399,8.66821290080183e-06,0.000839268024916511,-0.00020440621817511,0.00824933233678631
1592.57924119422,-0.000283727905842021,0.00019064706049103,2.19453435395343e-05,0.00215309332053889,8.55231865020555e-06,0.000833456558251338,-0.0002016028173912,0.00819259129564973
1603.62401459674,-0.000279864306183861,0.000189698779902217,2.16537064128361e-05,0.00213817020662894,8.4379314999019e-06,0.00082768574832035,-0.000198837830491319,0.00813623951059332
1614.74538514202,-0.000276052897973567,0.00018874961631706,2.13658125065891e-05,0.00212335177853606,8.32503302143489e-06,0.000821955302406161,-0.000196110732036351,0.00808027433217266
1625.94388404263,-0.000272292987573069,0.000187799725560421,2.10816174516102e-05,0.00210863727693877,8.21360497872253e-06,0.000816264930059705,-0.000193421003749146,0.00802469312854838
1637.22004619516,-0.000268583890253833,0.000186849259391637,2.08010772996807e-05,0.00209402594850547,8.10362932702707e-06,0.000810614343079707,-0.000190768134417572,0.00796949328537783
1648.57441020578,-0.000264924930090867,0.000185898365591238,2.05241485227695e-05,0.00207951704583857,7.99508821189765e-06,0.000805003255492401,-0.000188151619798874,0.0079146722057075
1660.00751841599,-0.00026131543985774,0.000184947188045943,2.02507880121356e-05,0.00206510982741905,7.88796396808574e-06,0.000799431383531464,-0.000185570962525298,0.00786022730986568
1671.51991692849,-0.000257754760922637,0.000183995866831988,1.99809530773143e-05,0.00205080355755183,7.78223911843578e-06,0.000793898445618194,-0.000183025672010986,0.00780615603535581
1683.11215563331,-0.000254242243145425,0.00018304453829679,1.97146014449935e-05,0.00203659750631174,7.6778963727515e-06,0.000788404162341885,-0.000180515264360107,0.00775245583675013
1694.78478823403,-0.000250777244775743,0.000182093335139001,1.94516912577838e-05,0.0020224909494901,7.57491862664016e-06,0.000782948256440454,-0.00017803926227622,0.00769912418558403
1706.53837227424,-0.000247359132352091,0.000181142386486975,1.91921810728863e-05,0.00200848316854193,7.473288960335e-06,0.000777530452781258,-0.00017559719497285,0.00764615857025066
1718.37346916419,-0.00024398728060195,0.000180191817975665,1.89360298606658e-05,0.0019945734505338,7.37299063749829e-06,0.000772150478342143,-0.000173188598085257,0.00759355649589622
1730.2906442076,-0.000240661072342881,0.000179241751822002,1.86831970031281e-05,0.00198076108809226,7.274007104005e-06,0.000766808062192688,-0.000170813013583386,0.00754131548431562
1742.29046662864,-0.000237379898384647,0.000178292306898762,1.84336422923118e-05,0.00196704537935287,7.17632198670942e-06,0.000761502935475679,-0.000168469989685988,0.00748943307384875
1754.37350959913,-0.000234143157432316,0.00017734359880697,1.81873259285941e-05,0.00195342562790982,7.0799190921947e-06,0.00075623483138877,-0.000166159080775882,0.00743790681927708
1766.54035026596,-0.000230950255990359,0.000176395739946848,1.79442085189159e-05,0.00193990114276615,6.98478240550749e-06,0.000751003485166349,-0.000163879847316357,0.00738673429172092
1778.79156977856,-0.000227800608267744,0.000175448839587355,1.77042510749317e-05,0.00192647123828453,6.89089608887802e-06,0.000745808634061623,-0.000161631855768699,0.00733591307853713
1791.12775331676,-0.000224693636083993,0.000174503003934323,1.74674150110846e-05,0.00191313523413857,6.79824448042674e-06,0.000740650017328868,-0.000159414678510811,0.00728544078321722
1803.54949011869,-0.000221628768776238,0.000173558336197241,1.72336621426134e-05,0.00189989245526477,6.70681209285898e-06,0.000735527376205907,-0.000157227893756938,0.00723531502528613
1816.05737350894,-0.000218605443107222,0.000172614936654692,1.70029546834925e-05,0.00188674223181492,6.61658361214773e-06,0.000730440453896753,-0.000155071085478457,0.00718553344020134
1828.65200092687,-0.000215623103174294,0.000171672902718472,1.67752552443097e-05,0.00187368389910911,6.52754389620648e-06,0.000725388995554463,-0.000152943843325738,0.00713609367925263
1841.33397395519,-0.000212681200319341,0.00017073232899643,1.65505268300845e-05,0.00186071679758925,6.43967797355197e-06,0.000720372748264159,-0.000150845762551051,0.00708699340946219
1854.10389834867,-0.000209779193039689,0.000169793307354037,1.63287328380299e-05,0.00184784027277316,6.35297104195873e-06,0.000715391461026255,-0.000148776443932507,0.00703823031348536
1866.9623840631,-0.000206916546899944,0.00016885592697471,1.61098370552609e-05,0.00183505367520904,6.26740846710517e-06,0.000710444884739843,-0.000146735493699021,0.00698980208951178
1879.91004528435,-0.000204092734444786,0.000167920274418931,1.58938036564524e-05,0.00182235636043067,6.18297578121309e-06,0.000705532772186279,-0.000144722523456285,0.00694170645116713
1892.94750045783,-0.000201307235112685,0.00016698643368216,1.56805972014502e-05,0.00180974768891291,6.09965868168041e-06,0.000700654878012929,-0.00014273715011373,0.00689394112741523
1906.0753723179,-0.000198559535150568,0.000166054486251584,1.54701826328361e-05,0.00179722702602784,6.01744302970869e-06,0.000695810958717107,-0.000140778995812478,0.00684650386246085
1919.29428791772,-0.00019584912752939,0.000165124511161714,1.52625252734517e-05,0.00178479374200128,5.93631484892539e-06,0.000691000772630167,-0.000138847687854258,0.00679939241565276
1932.60487865912,-0.000193175511860642,0.000164196585048859,1.50575908238821e-05,0.00177244721186992,5.85626032400229e-06,0.000686224079901779,-0.000136942858631275,0.00675260456138758
1946.00778032282,-0.000190538194313756,0.000163270782204488,1.48553453599026e-05,0.00176018681543878,5.77726579927002e-06,0.000681480642484366,-0.000135064145557031,0.00670613808901382
1959.50363309877,-0.00018793668753443,0.000162347174627519,1.46557553298904e-05,0.00174801193723928,5.69931777733009e-06,0.00067677022411771,-0.000133211190998068,0.00665999080273671
1973.09308161673,-0.000185370510563836,0.000161425832075531,1.44587875522039e-05,0.00173592196648768,5.62240291766425e-06,0.000672092590313717,-0.000131383642206635,0.00661416052152327
1986.77677497706,-0.000182839188758743,0.000160506822114947,1.42644092125319e-05,0.00172391629704404,5.54650803524246e-06,0.000667447508341349,-0.000129581151254261,0.00656864507900813
2000.55536678172,-0.000180342253712501,0.000159590210170187,1.40725878612144e-05,0.00171199432737155,5.47162009912945e-06,0.000662834747211709,-0.000127803374966221,0.00652344232339962
2014.42951516552,-0.000177879243176925,0.00015867605957182,1.38832914105378e-05,0.00170015546049644,5.39772623109104e-06,0.000658254077663288,-0.000126049974856885,0.00647855011738656
2028.39988282751,-0.000175449700985044,0.000157764431603728,1.36964881320053e-05,0.00168839910396815,5.3248137042001e-06,0.00065370527214736,-0.00012432061706594,0.00643396633804533
2042.46713706267,-0.000173053176974715,0.000156855385549319,1.3512146653586e-05,0.00167672466982013,5.25286994144312e-06,0.000649188104813542,-0.000122614972295472,0.00638968887674774
2056.63194979376,-0.000170689226913098,0.000155948978736778,1.33302359569434e-05,0.00166513157453089,5.18188251432764e-06,0.00064470235149549,-0.000120932715747889,0.00634571563906901
2070.89499760343,-0.000168357412421985,0.000155045266583402,1.31507253746457e-05,0.00165361923898561,5.11183914149124e-06,0.000640247789696755,-0.000119273527064693,0.00630204454469668
2085.25696176653,-0.000166057300903975,0.00015414430263902,1.29735845873587e-05,0.00164218708843805,5.04272768731208e-06,0.000635824198576778,-0.000117637090266069,0.00625867352733958
2099.71852828265,-0.000163788465469486,0.000153246138628525,1.27987836210249e-05,0.00163083455247299,4.97453616052206e-06,0.000631431358937039,-0.000116023093691289,0.0062156005346377
2114.2803879089,-0.000161550484864597,0.000152350824493531,1.26262928440278e-05,0.00161956106496898,4.90725271282234e-06,0.000627069053207336,-0.000114431229939929,0.00617282352807224
2128.94323619287,-0.000159342943399722,0.000151458408433167,1.24560829643457e-05,0.00160836606406151,4.84086563750227e-06,0.000622737065432222,-0.000112861195813865,0.00613034048287632
2143.7077735059,-0.000157165430879097,0.000150568936944043,1.22881250266942e-05,0.00159724899210661,4.77536336806144e-06,0.000618435181257562,-0.000111312692260069,0.00608814938794616
2158.57470507649,-0.000155017542531078,0.000149682454859377,1.212239040966e-05,0.0015862092956448,4.71073447683587e-06,0.000614163187917248,-0.000109785424314163,0.00604624824575272
2173.54474102402,-0.000152898878939244,0.000148799005387325,1.19588508228278e-05,0.00157524642536545,4.64696767362808e-06,0.000609920874220026,-0.00010827910104474,0.00600463507225383
2188.61859639264,-0.000150809045974302,0.000147918630148517,1.17974783038999e-05,0.0015643598360715,4.5840518043419e-06,0.000605708030536486,-0.000106793435498446,0.00596330789680688
2203.79699118545,-0.000148747654726771,0.000147041369212811,1.16382452158121e-05,0.00155354898664456,4.52197584962186e-06,0.000601524448786152,-0.000105328144645786,0.00592226476208189
2219.08065039887,-0.00014671432144046,0.000146167261135289,1.14811242438452e-05,0.00154281334001038,4.46072892349795e-06,0.000597369922424733,-0.000103882949327684,0.00588150372397515
2234.47030405729,-0.000144708667446719,0.000145296342991511,1.13260883927341e-05,0.00153215236310467,4.4003002720355e-06,0.000593244246431476,-0.000102457574202745,0.00584102285152332
2249.9666872479,-0.000142730319099455,0.000144428650412029,1.11731109837762e-05,0.00152156552683932,4.34067927199104e-06,0.000589147217296671,-0.000101051747695244,0.00580082022681805
2265.57054015586,-0.000140778907710912,0.000143564217616188,1.10221656519386e-05,0.00151105230606888,4.28185542947377e-06,0.000585078633009259,-9.96652019438141e-05,0.00576089394492097
2281.28260809959,-0.000138854069488215,0.000142703077445226,1.08732263429673e-05,0.00150061217955754,4.22381837861353e-06,0.000581038293044578,-9.82976727508264e-05,0.00572124211377934
2297.10364156645,-0.000136955445470641,0.000141845261394678,1.07262673104973e-05,0.00149024462994629,4.16655788023494e-06,0.000577025998352228,-9.69488995324579e-05,0.00568186285414203
2313.0343962485,-0.000135082681467659,0.000140990799646112,1.05812631131659e-05,0.00147994914372054,4.11006382053844e-06,0.000573041551344058,-9.56186252694349e-05,0.00564275429947608
2329.07563307866,-0.000133235427997677,0.000140139721098195,1.04381886117302e-05,0.00146972521117801,4.0543262097879e-06,0.000569084755882263,-9.43065964584399e-05,0.00560391459588363
2345.22811826701,-0.000131413340227535,0.000139292053397116,1.02970189661885e-05,0.00145957232639699,3.99933518100562e-06,0.000565155417267617,-9.30125630641814e-05,0.0055653419020195
2361.49262333744,-0.00012961607791271,0.000138447822966371,1.01577296329078e-05,0.00144948998720488,3.94508098867431e-06,0.0005612533422278,-9.17362784721069e-05,0.00552703438900905
2377.86992516445,-0.000127843305338234,0.000137607055035918,1.00202963617576e-05,0.00143947769514711,3.89155400744674e-06,0.000557378338905862,-9.04774994417625e-05,0.00548899024036665
2394.36080601029,-0.00012609469126032,0.000136769773670731,9.88469519325053e-06,0.00142953495545634,3.83874473086283e-06,0.00055353021684878,-8.92359860607779e-05,0.00545120765191459
2410.96605356231,-0.000124369908848691,0.000135936001798746,9.75090245569149e-06,0.00141966127702198,3.78664377007467e-06,0.000549708786996143,-8.80115016994806e-05,0.00541368483170246
2427.6864609706,-0.000122668635629592,0.000135105761238225,9.6188947623346e-06,0.00140985617236,3.73524185257935e-06,0.000545913861668936,-8.68038129661204e-05,0.00537641999992694
2444.52282688584,-0.000120990553429495,0.000134279072724538,9.48864900855032e-06,0.00140011915758313,3.68452982096002e-06,0.000542145254558444,-8.56126896627046e-05,0.0053394113888522
2461.4759554975,-0.000119335348319482,0.000133455955936391,9.36014236900197e-06,0.00139044975237122,3.63449863163496e-06,0.00053840278071525,-8.44379047414282e-05,0.00530265724273063
2478.54665657221,-0.000117702710560297,0.000132636429521489,9.23335229483309e-06,0.00138084747994204,3.58513935361522e-06,0.00053468625653835,-8.32792342616972e-05,0.00526615581772406
2495.73574549243,-0.000116092334548066,0.000131820511121664,9.10825651086614e-06,0.00137131186702228,3.53644316727059e-06,0.000530995499764378,-8.21364573477356e-05,0.00522990538182559
2513.04404329547,-0.000114503918760673,0.000131008217397472,8.98483301281265e-06,0.00136184244381888,3.48840136310416e-06,0.000527330329456912,-8.10093561467626e-05,0.00519390421478162
2530.47237671259,-0.000112937165704791,0.000130199564052269,8.86306006449616e-06,0.00135243874399064,3.44100534053564e-06,0.000523690565995912,-7.98977157877438e-05,0.00515815060801464
2548.02157820863,-0.000111391781863551,0.00012939456585577,8.74291619508748e-06,0.00134310030462011,3.39424660669331e-06,0.000520076031067233,-7.88013243406951e-05,0.00512264286454616
2565.69248602162,-0.00010986747764486,0.00012859323666712,8.62438019635402e-06,0.00133382666618576,3.34811677521511e-06,0.00051648654765226,-7.77199727765451e-05,0.00508737929892045
2583.48594420295,-0.00010836396733034,0.000127795589457464,8.50743111992207e-06,0.0013246173725344,3.3026075650583e-06,0.000512921940017622,-7.66534549275364e-05,0.00505235823712836
2601.4028026576,-0.0001068809690249,0.000127001636332047,8.39204827455429e-06,0.00131547197085396,3.25771079931855e-06,0.00050938203370502,-7.56015674481699e-05,0.00501757801653199
2619.4439171848,-0.000105418204606918,0.000126211388551832,8.27821122344105e-06,0.00130639001164641,3.21341840405782e-06,0.000505866655521139,-7.45641097766741e-05,0.00498303698578941
2637.61014951883,-0.000103975399679049,0.000125424856554667,8.16589978150763e-06,0.00129737104870103,3.16972240714166e-06,0.000502375633527669,-7.35408840970022e-05,0.00494873350478021
2655.90236737027,-0.000102552283519621,0.000124642049975996,8.05509401273626e-06,0.00128841463906797,3.12661493708548e-06,0.0004989087970314,-7.25316953013408e-05,0.00491466594453118
2674.32144446737,-0.000101148589034642,0.000123862977669126,7.94577422750454e-06,0.00127952034303194,3.08408822191035e-06,0.000495465976574432,-7.15363509531324e-05,0.00488083268714269
2692.86826059784,-9.9764052710399e-05,0.000123087647725065,7.83792097993953e-06,0.0012706877240863,3.04213458800792e-06,0.000492047003924458,-7.05546612505954e-05,0.00484723212571528
2711.54370165082,-9.83984145666372e-05,0.000122316067491927,7.73151506528899e-06,0.00126191634890733,3.00074645901489e-06,0.000488651712065156,-6.9586438990744e-05,0.00481386266427696
2730.34865965925,-9.7051418110323e-05,0.000121548243593931,7.62653751730867e-06,0.00125320578732872,2.95991635469667e-06,0.000485279935186648,-6.86314995338934e-05,0.00478072271771069
2749.28403284242,-9.57228102899829e-05,0.000120784181949984,7.52296960566746e-06,0.0012445556123164,2.91963688984079e-06,0.000481931508676074,-6.76896607686507e-05,0.00474781071168251
2768.35072564895,-9.44123414506035e-05,0.000120023887791864,7.42079283336922e-06,0.0012359653999435,2.87990077315937e-06,0.000478606269108227,-6.67607430773776e-05,0.00471512508256993
2787.54964879989,-9.31197652891002e-05,0.00011926736568202,7.31998893419281e-06,0.00122743472936566,2.8407008062015e-06,0.000475304054236297,-6.58445693021275e-05,0.00468266427739093
2806.88171933232,-9.18448388103342e-05,0.000118514619530976,7.22053987014946e-06,0.00121896318279647,2.80202988227479e-06,0.000472024702982683,-6.494096471104e-05,0.00465042675373325
2826.34786064308,-9.05873222836841e-05,0.000117765652614369,7.12242782895867e-06,0.00121055034548326,2.7638809853767e-06,0.000468768055429906,-6.4049756965198e-05,0.00461841097968423
2845.94900253294,-8.93469792001551e-05,0.000117020467589614,7.02563522154186e-06,0.00120219580568298,2.72624718913515e-06,0.000465533952811584,-6.31707760859305e-05,0.00458661543376093
2865.68608125093,-8.81235762300307e-05,0.000116279066512208,6.93014467953508e-06,0.00119389915463847,2.68912165575895e-06,0.000462322237503516,-6.23038544225642e-05,0.0045550386048409
2885.56003953913,-8.69168831810493e-05,0.000115541450851682,6.83593905281967e-06,0.00118565998655479,2.65249763499752e-06,0.000459132753014819,-6.14488266206101e-05,0.00452367899209313
2905.57182667768,-8.57266729571122e-05,0.000114807621507207,6.74300140707242e-06,0.00117747789857595,2.61636846311035e-06,0.000455965343979173,-6.06055295903864e-05,0.00449253510490961
2925.72239853012,-8.45527215175035e-05,0.000114077578822858,6.65131502133391e-06,0.00116935249076165,2.5807275618458e-06,0.000452819856146124,-5.97738024760646e-05,0.00446160546283726
2946.01271758903,-8.33948078366309e-05,0.000113351322602548,6.56086338559672e-06,0.00116128336606445,2.54556843742968e-06,0.000449696136372476,-5.89534866251405e-05,0.00443088859551022
2966.44375302203,-8.22527138642662e-05,0.000112628852124635,6.47163019841201e-06,0.00115327013030701,2.51088467956309e-06,0.000446594032613759,-5.81444255583171e-05,0.00440038304258263
2987.01648071805,-8.11262244862949e-05,0.000111910166156212,6.38359936451614e-06,0.0011453123921596,2.47666996042997e-06,0.000443513393915778,-5.73464649398009e-05,0.00437008735366184
3007.73188333398,-8.00151274859548e-05,0.00011119526296708,6.29675499247607e-06,0.00113740976311778,2.44291803371398e-06,0.000440454070406224,-5.65594525479988e-05,0.00434000008824195
3028.59095034155,-7.89192135055714e-05,0.000110484140343422,6.21108139235479e-06,0.00112956185748037,2.40962273362503e-06,0.000437415913286381,-5.57832382466176e-05,0.00431011981563785
3049.59467807464,-7.78382760087718e-05,0.000109776795601171,6.12656307339572e-06,0.00112176829232752,2.37677797393505e-06,0.000434398774822885,-5.50176739561538e-05,0.00428044511491962
3070.74406977686,-7.67721112431836e-05,0.000109073225599084,6.04318474172738e-06,0.00111402868749907,2.34437774702338e-06,0.00043140250833958,-5.42626136257741e-05,0.00425097457484738
3092.04013564946,-7.57205182036023e-05,0.000108373426751535,5.96093129808717e-06,0.00110634266557302,2.31241612293138e-06,0.000428426968209419,-5.35179132055767e-05,0.00422170679380648
3113.48389289956,-7.46832985956311e-05,0.000107677395041019,5.8797878355653e-06,0.00109870985184431,2.28088724842658e-06,0.000425472009846467,-5.27834306192323e-05,0.00419264037974321
3135.07636578881,-7.36602567997795e-05,0.000106985126030385,5.79973963736814e-06,0.00109112987430369,2.24978534607601e-06,0.000422537489697946,-5.2059025736996e-05,0.00416377395010077
3156.8185856822,-7.26511998360234e-05,0.000106296614874792,5.72077217460179e-06,0.00108360236361684,2.21910471332897e-06,0.000419623265236377,-5.13445603490886e-05,0.00413510613175577
3178.71159109747,-7.16559373288129e-05,0.00010561185633341,5.64287110407493e-06,0.00107612695310367,2.18883972160888e-06,0.000416729194951764,-5.06398981394386e-05,0.00410663556095505
3200.75642775457,-7.06742814725312e-05,0.000104930844780854,5.56602226612206e-06,0.0010687032787178,2.15898481541464e-06,0.000413855138343874,-4.9944904659784e-05,0.00407836088325295
3222.9541486257,-6.97060469973904e-05,0.000104253574218362,5.49021168244612e-06,0.00106133097902624,2.12953451143085e-06,0.000411000955914561,-4.92594473041247e-05,0.00405028075344889
3245.30581398558,-6.87510511357689e-05,0.000103580038284736,5.41542555398128e-06,0.00105400969518924,2.10048339764745e-06,0.000408166509160176,-4.85833952835262e-05,0.0040223938355255
3267.81249146208,-6.78091135889743e-05,0.000102910230267028,5.34165025877523e-06,0.0010467390709403,2.07182613248829e-06,0.000405351660564027,-4.79166196012627e-05,0.00399469880258692
3290.47525608724,-6.68800564944379e-05,0.000102244143110987,5.26887234989171e-06,0.00103951875256644,2.04355744394886e-06,0.000402556273588921,-4.72589930283028e-05,0.00396719433679777
3313.29519034861,-6.59637043933254e-05,0.000101581769431284,5.19707855333231e-06,0.00103234838888856,2.01567212874297e-06,0.000399780212669751,-4.66103900791267e-05,0.00393987912932219
3336.27338424092,-6.50598841985683e-05,0.000100923101521496,5.1262557659785e-06,0.001025227631242,1.98816505145843e-06,0.000397023343206173,-4.5970686987875e-05,0.00391275188026357
3359.41093531822,-6.41684251633014e-05,0.000100268131363868,5.05639105355301e-06,0.0010181561334573,1.9610311437216e-06,0.000394285531555317,-4.53397616848205e-05,0.00388581129860442
3382.70894874623,-6.32891588497121e-05,9.96168506388641e-05,4.98747164860122e-06,0.00101113355184113,1.93426540337092e-06,0.000391566645024587,-4.47174937731639e-05,0.00385905610214678
3406.16853735517,-6.24219190982857e-05,9.89692507344901e-05,4.91948494849178e-06,0.00100415954515734,1.90786289363906e-06,0.000388866551864505,-4.41037645061422e-05,0.00383248501745294
3429.7908216929,-6.15665419974521e-05,9.83253227554184e-05,4.8524185134373e-06,0.000997233774608241,1.88181874234405e-06,0.000386185121261628,-4.34984567644532e-05,0.00380609677978658
3453.57693007845,-6.07228658536201e-05,9.76850575318975e-05,4.78626006453414e-06,0.000990355903815992,1.85612814108894e-06,0.000383522223331514,-4.2901455033984e-05,0.00377989013305419
3477.5279986559,-5.98907311616016e-05,9.70484456284645e-05,4.72099748182185e-06,0.000983525598804207,1.83078634447018e-06,0.000380877729111762,-4.23126453838468e-05,0.003753863829747
3501.64517144866,-5.90699805754184e-05,9.64154773524586e-05,4.65661880236204e-06,0.0009767425279797,1.80578866929465e-06,0.000378251510555102,-4.17319154447125e-05,0.0037280166308832
3525.92960041413,-5.82604588794841e-05,9.578614276234e-05,4.59311221833646e-06,0.000970006362114364,1.78113049380513e-06,0.000375643440522542,-4.11591543874391e-05,0.00370234730595051
3550.38244549867,-5.74620129601626e-05,9.51604316758214e-05,4.53046607516442e-06,0.000963316774327262,1.75680725691432e-06,0.000373053392776585,-4.05942529019944e-05,0.00367685463284921
3575.00487469309,-5.66744917776926e-05,9.45383336778115e-05,4.4686688696393e-06,0.000956673440066823,1.73281445744723e-06,0.000370481241974487,-4.00371031766634e-05,0.00365153739783542
3599.79806408833,-5.58977463384793e-05,9.39198381281791e-05,4.40770924808426e-06,0.000950076037093232,1.70914765339202e-06,0.000367926863661589,-3.94875988775416e-05,0.00362639439546486
3624.76319793175,-5.51316296677418e-05,9.33049341693368e-05,4.34757600452677e-06,0.000943524245460947,1.685802461159e-06,0.000365390134264691,-3.89456351283064e-05,0.00360142442853686
3649.9014686836,-5.43759967825213e-05,9.26936107336533e-05,4.28825807889227e-06,0.000937017747501385,1.66277455484807e-06,0.000362870931085492,-3.84111084902664e-05,0.00357662630803884
3675.21407707406,-5.36307046650348e-05,9.20858565506919e-05,4.22974455521643e-06,0.000930556227805744,1.64005966552412e-06,0.000360369132294076,-3.78839169426814e-05,0.00355199885309103
3700.7022321605,-5.28956122363806e-05,9.14816601542854e-05,4.17202465987629e-06,0.000924139373207987,1.61765358050076e-06,0.000357884616922465,-3.73639598633523e-05,0.00352754089089169
3726.36715138533,-5.21705803305825e-05,9.08810098894441e-05,4.11508775983991e-06,0.000917766872767958,1.59555214263191e-06,0.00035541726485821,-3.68511380094746e-05,0.00350325125666252
3752.21006063407,-5.14554716689752e-05,9.02838939191067e-05,4.05892336093462e-06,0.000911438417754661,1.57375124961161e-06,0.00035296695683805,-3.63453534987553e-05,0.00347912879359458
3778.23219429398,-5.07501508349218e-05,8.9690300230732e-05,4.00352110613357e-06,0.000905153701629656,1.5522468532815e-06,0.000350533574441617,-3.58465097907852e-05,0.00345517235279442
3804.43479531291,-5.00544842488631e-05,8.91002166427393e-05,3.94887077386072e-06,0.000898912420030634,1.53103495894643e-06,0.000348117000085191,-3.5354511668668e-05,0.00343138079323069
3830.81911525882,-4.93683401436913e-05,8.85136308107963e-05,3.89496227631386e-06,0.00089271427075509,1.51011162469763e-06,0.000345717117015512,-3.48692652208977e-05,0.00340775298168096
3857.3864143794,-4.86915885404474e-05,8.79305302339623e-05,3.84178565780592e-06,0.000886558953744176,1.48947296074387e-06,0.000343333809303646,-3.43906778234864e-05,0.00338428779267904
3884.13796166242,-4.80241012243347e-05,8.73509022606855e-05,3.78933109312396e-06,0.000880446171066654,1.46911512875004e-06,0.000340966961838887,-3.39186581223334e-05,0.00336098410846249
3911.07503489621,-4.73657517210485e-05,8.67747340946607e-05,3.73758888590631e-06,0.000874375626903019,1.44903434118358e-06,0.000338616460322727,-3.34531160158372e-05,0.00333784081892056
3938.19892073078,-4.67164152734137e-05,8.62020128005474e-05,3.68654946703716e-06,0.000868347027529725,1.42922686066824e-06,0.000336282191262867,-3.29939626377435e-05,0.00331485682154246
3965.51091473924,-4.60759688183308e-05,8.56327253095556e-05,3.63620339305901e-06,0.000862360081303572,1.40968899934552e-06,0.000333964041967274,-3.25411103402289e-05,0.00329203102136594
3993.0123214797,-4.54442909640224e-05,8.50668584248956e-05,3.58654134460238e-06,0.000856414498646203,1.39041711824335e-06,0.000331661900538297,-3.20944726772143e-05,0.00326936233092623
4020.70445455755,-4.48212619675807e-05,8.45043988271025e-05,3.53755412483307e-06,0.000850509992028746,1.37140762665228e-06,0.000329375655866819,-3.16539643879077e-05,0.00324684967020529
4048.58863668828,-4.42067637128069e-05,8.39453330792302e-05,3.48923265791645e-06,0.000844646275956574,1.35265698150881e-06,0.000327105197626467,-3.12195013805703e-05,0.00322449196658142
4076.66619976054,-4.36006796883458e-05,8.33896476319247e-05,3.44156798749916e-06,0.000838823066954205,1.33416168678606e-06,0.000324850416267864,-3.07910007165062e-05,0.00320228815477916
4104.93848489989,-4.30028949661038e-05,8.2837328828373e-05,3.39455127520742e-06,0.000833040083550309,1.3159182928915e-06,0.000322611203012928,-3.03683805942687e-05,0.00318023717681957
4133.40684253274,-4.24132961799549e-05,8.22883629091362e-05,3.34817379916252e-06,0.000827297046262866,1.29792339607183e-06,0.000320387449849219,-2.99515603340853e-05,0.00315833798197077
4162.07263245095,-4.18317715047235e-05,8.17427360168634e-05,3.30242695251282e-06,0.000821593677584421,1.28017363782488e-06,0.00031817904952433,-2.9540460362492e-05,0.00313658952669887
4190.93722387671,-4.12582106354477e-05,8.12004342008949e-05,3.2573022419825e-06,0.000815929701967484,1.26266570431844e-06,0.000315985895540327,-2.91350021971815e-05,0.00311499077461917
4220.00199552799,-4.06925047669126e-05,8.06614434217505e-05,3.21279128643659e-06,0.00081030484581003,1.24539632581598e-06,0.000313807882148227,-2.87351084320547e-05,0.00309354069644771
4249.26833568435,-4.01345465734566e-05,8.01257495555124e-05,3.16888581546254e-06,0.000804718837441141,1.22836227610923e-06,0.000311644904342531,-2.83407027224799e-05,0.00307223826995313
4278.73764225332,-3.95842301890418e-05,7.95933383980981e-05,3.12557766796778e-06,0.000799171407106743,1.21156037195752e-06,0.000309496857855788,-2.79517097707508e-05,0.00305108247990881
4308.41132283705,-3.90414511875897e-05,7.90641956694319e-05,3.08285879079352e-06,0.000793662286955489,1.19498747253376e-06,0.000307363639153214,-2.75680553117453e-05,0.00303007231804542
4338.2907947997,-3.85061065635749e-05,7.85383070175117e-05,3.04072123734434e-06,0.000788191211024721,1.17864047887714e-06,0.000305245145427349,-2.71896660987789e-05,0.00300920678300366
4368.37748533501,-3.79780947128771e-05,7.80156580223775e-05,2.99915716623367e-06,0.000782757915226588,1.16251633335233e-06,0.000303141274592759,-2.68164698896528e-05,0.00298848488028741
4398.67283153455,-3.74573154138849e-05,7.74962341999812e-05,2.95815883994484e-06,0.000777362137334241,1.14661201911519e-06,0.000301051925280775,-2.64483954328912e-05,0.00296790562221713
4429.17828045629,-3.69436698088512e-05,7.6980021005961e-05,2.91771862350779e-06,0.000772003616968172,1.13092455958499e-06,0.000298976996834281,-2.60853724541689e-05,0.00294746802788358
4459.89528919383,-3.64370603854936e-05,7.64670038393217e-05,2.87782898319095e-06,0.000766682095582637,1.11545101792287e-06,0.00029691638930254,-2.57273316429222e-05,0.00292717112310188
4490.82532494586,-3.59373909588411e-05,7.59571680460242e-05,2.83848248520864e-06,0.000761397316452214,1.10018849651675e-06,0.000294870003436061,-2.53742046391445e-05,0.00290701394036581
4521.96986508636,-3.54445666533187e-05,7.54504989224838e-05,2.7996717944433e-06,0.000756149024658447,1.0851341364724e-06,0.00029283774068151,-2.5025924020362e-05,0.00288699551880246
4553.33039723509,-3.49584938850721e-05,7.49469817189827e-05,2.76138967318297e-06,0.000750936967076621,1.07028511711072e-06,0.000290819503176655,-2.46824232887876e-05,0.00286711490412716
4584.90841932869,-3.44790803445249e-05,7.44466016429941e-05,2.72362897987337e-06,0.000745760892362627,1.05563865547117e-06,0.000288815193745354,-2.43436368586496e-05,0.00284737114859872
4616.7054396922,-3.40062349791693e-05,7.39493438624251e-05,2.6863826678849e-06,0.000740620550939941,1.04119200582116e-06,0.000286824715892593,-2.40095000436958e-05,0.00282776331097496
4648.72297711114,-3.35398679765832e-05,7.34551935087745e-05,2.64964378429402e-06,0.000735515694986705,1.02694245917158e-06,0.000284847973799538,-2.36799490448661e-05,0.00280829045646851
4680.96256090399,-3.30798907476753e-05,7.2964135680213e-05,2.61340546867923e-06,0.000730446078422917,1.01288734279812e-06,0.000282884872318658,-2.33549209381358e-05,0.00278895165670295
4713.42573099534,-3.26262159101509e-05,7.24761554445815e-05,2.57766095193118e-06,0.000725411456897717,9.99024019768574e-07,0.000280935316968857,-2.30343536625234e-05,0.0027697459896692
4746.11403798933,-3.21787572721992e-05,7.19912378423161e-05,2.54240355507711e-06,0.000720411587776782,9.85349888475861e-07,0.000278999213930664,-2.27181860082643e-05,0.00275067253968222
4779.02904324382,-3.17374298163963e-05,7.15093678892938e-05,2.50762668811918e-06,0.000715446230129812,9.71862382176864e-07,0.000277076470041452,-2.24063576051441e-05,0.00273173039733798
4812.17231894485,-3.1302149683824e-05,7.10305305796082e-05,2.47332384888679e-06,0.000710515144718135,9.58558968536929e-07,0.000275166992790698,-2.20988089109942e-05,0.00271291865947076
4845.54544818188,-3.08728341583985e-05,7.055471088827e-05,2.43948862190255e-06,0.000705618093982383,9.45437149179969e-07,0.000273270690315276,-2.17954812003422e-05,0.00269423642911064
4879.1500250233,-3.04494016514093e-05,7.00818937738389e-05,2.406114677262e-06,0.000700754842030293,9.32494459244168e-07,0.000271387471394789,-2.14963165532194e-05,0.00267568281544139
4912.98765459257,-3.00317716862633e-05,6.96120641809864e-05,2.3731957695267e-06,0.000695925154624594,9.19728466943182e-07,0.000269517245446941,-2.12012578441208e-05,0.00265725693375855
4947.05995314498,-2.96198648834325e-05,6.91452070429897e-05,2.34072573663073e-06,0.000691128799170982,9.07136773132758e-07,0.000267659922522939,-2.09102487311157e-05,0.00263895790542783
4981.36854814472,-2.92136029456034e-05,6.86813072841612e-05,2.30869849880042e-06,0.000686365544706208,8.94717010882796e-07,0.000265815413302933,-2.06232336451085e-05,0.00262078485784376
5015.91507834275,-2.88129086430224e-05,6.82203498222124e-05,2.27710805748711e-06,0.000681635161886242,8.82466845054671e-07,0.000263983629091494,-2.03401577792452e-05,0.00260273692438867
5050.70119385496,-2.84177057990402e-05,6.77623195705552e-05,2.24594849431295e-06,0.000676937422974551,8.70383971883896e-07,0.000262164481813123,-2.00609670784661e-05,0.00258481324439186
5085.72855624109,-2.80279192758453e-05,6.73072014405409e-05,2.21521397002938e-06,0.000672272101830444,8.58466118567926e-07,0.000260357884007795,-1.97856082292001e-05,0.00256701296308911
5120.998838584,-2.76434749603923e-05,6.68549803436394e-05,2.18489872348855e-06,0.000667638973897538,8.46711042859194e-07,0.000258563748826545,-1.95140286492016e-05,0.00254933523158245
5156.51372556965,-2.72642997505144e-05,6.64056411935586e-05,2.15499707062696e-06,0.000663037816192284,8.35116532663163e-07,0.000256781990027075,-1.9246176477525e-05,0.00253177920680014
5192.27491356752,-2.68903215412247e-05,6.5959168908307e-05,2.12550340346185e-06,0.000658468407292615,8.23680405641493e-07,0.000255012521969407,-1.89820005646379e-05,0.00251434405145702
5228.28411071172,-2.65214692111985e-05,6.55155484121983e-05,2.09641218909967e-06,0.000653930527326652,8.12400508820133e-07,0.000253255259611561,-1.87214504626682e-05,0.00249702893401499
5264.54303698245,-2.61576726094383e-05,6.50747646378025e-05,2.06771796875688e-06,0.000649423957961526,8.0127471820239e-07,0.000251510118505273,-1.8464476415786e-05,0.00247983302864392
5301.0534242883,-2.57988625421158e-05,6.46368025278411e-05,2.03941535679263e-06,0.000644948482392264,7.90300938386826e-07,0.000249777014791739,-1.8211029350716e-05,0.00246275551518266
5337.81701654885,-2.54449707595912e-05,6.42016470370316e-05,2.01149903975354e-06,0.000640503885330782,7.79477102190027e-07,0.0002480558651974,-1.79610608673811e-05,0.00244579557910041
5374.83556977805,-2.50959299436055e-05,6.37692831338775e-05,1.98396377543008e-06,0.000636089952994946,7.68801170274069e-07,0.000246346587029748,-1.77145232296726e-05,0.00242895241145832
5412.11085216805,-2.47516736946453e-05,6.3339695802411e-05,1.9568043919248e-06,0.000631706473097736,7.58271130778763e-07,0.000244649098173178,-1.74713693563481e-05,0.00241222520887134
5449.64464417369,-2.44121365194765e-05,6.29128700438833e-05,1.93001578673192e-06,0.000627353234836475,7.47884998958498e-07,0.000242963317084857,-1.72315528120532e-05,0.00239561317347032
5487.43873859751,-2.40772538188451e-05,6.2488790878409e-05,1.90359292582851e-06,0.00062303002888216,7.37640816823732e-07,0.000241289162790636,-1.69950277984666e-05,0.0023791155128644
5525.49494067543,-2.37469618753428e-05,6.20674433465612e-05,1.87753084277678e-06,0.00061873664736886,7.27536652786991e-07,0.000239626554880989,-1.67617491455657e-05,0.00236273144010361
5563.81506816292,-2.34211978414367e-05,6.16488125109225e-05,1.85182463783772e-06,0.00061447288388321,7.17570601313409e-07,0.000237975413506982,-1.65316723030132e-05,0.00234646017364174
5602.40095142188,-2.30998997276576e-05,6.12328834575885e-05,1.82646947709561e-06,0.000610238533453972,7.0774078257567e-07,0.000236335659376272,-1.63047533316601e-05,0.00233030093729945
5641.254433508,-2.27830063909489e-05,6.08196412976297e-05,1.80146059159362e-06,0.000606033392541695,6.98045342113385e-07,0.00023470721374914,-1.60809488951661e-05,0.00231425296022765
5680.37737025889,-2.24704575231702e-05,6.04090711685076e-05,1.77679327648007e-06,0.000601857259028431,6.88482450496776e-07,0.000233089998434551,-1.58602162517344e-05,0.00229831547687109
5719.77163038263,-2.21621936397575e-05,6.00011582354517e-05,1.75246289016547e-06,0.000597709932207554,6.7905030299468e-07,0.000231483935786247,-1.56425132459594e-05,0.00228248772693222
5759.43909554709,-2.1858156068533e-05,5.95958876927917e-05,1.7284648534901e-06,0.000593591212773638,6.6974711924678e-07,0.00022988894869886,-1.54277983007867e-05,0.00226676895533528
5799.38166046975,-2.15582869386684e-05,5.91932447652527e-05,1.70479464890201e-06,0.000589500902812429,6.60571142940032e-07,0.000228304960604074,-1.5216030409583e-05,0.00225115841219067
5839.60123300829,-2.12625291697939e-05,5.87932147092085e-05,1.6814478196454e-06,0.000585438805790877,6.51520641489235e-07,0.00022673189546679,-1.50071691283139e-05,0.00223565535275945
5880.09973425162,-2.09708264612559e-05,5.83957828138985e-05,1.65841996895918e-06,0.000581404726547263,6.4259390572171e-07,0.000225169677781345,-1.480117456783e-05,0.00222025903741824
5920.87909861173,-2.06831232815172e-05,5.80009344026048e-05,1.63570675928564e-06,0.000577398471281384,6.33789249565987e-07,0.000223618232567742,-1.45980073862577e-05,0.00220496873162421
5961.94127391598,-2.0399364857702e-05,5.76086548337947e-05,1.61330391148912e-06,0.000573419847544825,6.25105009744545e-07,0.000222077485367914,-1.4397628781495e-05,0.0021897837058804
6003.28822150028,-2.01194971652795e-05,5.72189295022254e-05,1.5912072040845e-06,0.0005694686642313,6.16539545470447e-07,0.000220547362242022,-1.42000004838093e-05,0.00217470323570121
6044.92191630263,-1.98434669178884e-05,5.68317438400149e-05,1.56941247247557e-06,0.000565544731567068,6.08091238147929e-07,0.000219027789764768,-1.40050847485374e-05,0.00215972660157819
6086.84434695757,-1.95712215572968e-05,5.64470833176776e-05,1.54791560820288e-06,0.000561647861101419,5.99758491076804e-07,0.000217518695021748,-1.38128443488848e-05,0.00214485308894594
6129.05751589107,-1.93027092434985e-05,5.60649334451275e-05,1.52671255820129e-06,0.000557777865697242,5.91539729160711e-07,0.000216020005605828,-1.3623242568824e-05,0.00213008198814845
6171.56343941625,-1.90378788449423e-05,5.56852797726472e-05,1.50579932406684e-06,0.000553934559521648,5.83433398619106e-07,0.000214531649613541,-1.34362431960902e-05,0.0021154125944054
6214.36414782964,-1.87766799288932e-05,5.53081078918263e-05,1.485171961333e-06,0.000550117758036682,5.75437966702991e-07,0.000213053555641522,-1.32518105152729e-05,0.00210084420777891
6257.46168550822,-1.85190627519231e-05,5.49334034364674e-05,1.46482657875608e-06,0.000546327277990092,5.67551921414301e-07,0.00021158565278296,-1.30699093010016e-05,0.00208637613314041
6300.85811100697,-1.82649782505305e-05,5.45611520834622e-05,1.44475933760982e-06,0.000542562937406175,5.59773771228945e-07,0.000210127870624083,-1.28905048112257e-05,0.00207200768013773
6344.55549715731,-1.80143780318863e-05,5.41913395536376e-05,1.42496645098891e-06,0.00053882455557669,5.52102044823408e-07,0.000208680139240667,-1.27135627805859e-05,0.00205773816316246
6388.55593116599,-1.77672143647044e-05,5.38239516125725e-05,1.40544418312144e-06,0.00053511195305184,5.44535290804926e-07,0.000207242389194567,-1.25390494138771e-05,0.00204356690131748
6432.86151471492,-1.75234401702355e-05,5.3458974071386e-05,1.38618884869011e-06,0.000531424951631319,5.37072077445131e-07,0.000205814551530281,-1.23669313795993e-05,0.00202949321838474
6477.47436406142,-1.72830090133833e-05,5.30963927874988e-05,1.3671968121622e-06,0.000527763374355434,5.29710992417193e-07,0.000204396557771535,-1.21971758035992e-05,0.00201551644279327
6522.39661013943,-1.70458750939391e-05,5.27361936653652e-05,1.34846448712801e-06,0.000524127045496283,5.22450642536331e-07,0.000202988339917893,-1.20297502627968e-05,0.00200163590758734
6567.63039866118,-1.68119932379364e-05,5.23783626571813e-05,1.32998833564794e-06,0.000520515790549012,5.15289653503749e-07,0.000201589830441397,-1.18646227789993e-05,0.00198785095039493
6613.17789021977,-1.65813188891213e-05,5.20228857635651e-05,1.31176486760775e-06,0.000516929436223124,5.08226669653864e-07,0.000200200962283222,-1.1701761812799e-05,0.00197416091339632
6659.0412603923,-1.63538081005386e-05,5.16697490342127e-05,1.29379064008233e-06,0.000513367810433867,5.01260353704857e-07,0.000198821668850372,-1.15411362575554e-05,0.00196056514329297
6705.22269984387,-1.61294175262309e-05,5.13189385685281e-05,1.27606225670747e-06,0.000509830742293671,4.94389386512447e-07,0.000197451884012377,-1.13827154334592e-05,0.00194706299127655
6751.7244144321,-1.59081044130515e-05,5.09704405162317e-05,1.25857636705982e-06,0.000506318062103667,4.8761246682692e-07,0.000196091542098044,-1.12264690816783e-05,0.00193365381299823
6798.54862531261,-1.56898265925861e-05,5.06242410779417e-05,1.24132966604484e-06,0.000502829601345254,4.80928311053277e-07,0.000194740577892201,-1.10723673585834e-05,0.00192033696853813
6845.69756904508,-1.54745424731849e-05,5.02803265057352e-05,1.22431889329257e-06,0.000499365192671735,4.74335653014562e-07,0.000193398926632489,-1.0920380830053e-05,0.00190711182237499
6893.17349769999,-1.52622110321025e-05,4.99386831036861e-05,1.20754083256134e-06,0.000495924669900021,4.67833243718263e-07,0.000192066524006168,-1.07704804658569e-05,0.0018939777433561
6940.97867896634,-1.50527918077433e-05,4.95992972283798e-05,1.19099231114899e-06,0.000492507868002382,4.61419851125769e-07,0.000190743306146944,-1.06226376341154e-05,0.00188093410466735
6989.11539625983,-1.4846244892013e-05,4.92621552894089e-05,1.17467019931193e-06,0.00048911462309828,4.55094259924859e-07,0.000189429209631823,-1.04768240958362e-05,0.00186798028380352
7037.58594883204,-1.46425309227726e-05,4.89272437498455e-05,1.15857140969155e-06,0.000485744772446241,4.48855271305153e-07,0.000188124171477991,-1.03330119995246e-05,0.00185511566253878
7086.39265188015,-1.44416110763951e-05,4.85945491266951e-05,1.14269289674814e-06,0.000482398154435805,4.4270170273653e-07,0.00018682812913971,-1.01911738758685e-05,0.0018423396268974
7135.53783665763,-1.42434470604229e-05,4.82640579913288e-05,1.12703165620216e-06,0.000479074608579524,4.3663238775043e-07,0.00018554102050524,-1.00512826324959e-05,0.0018296515671246
7185.02385058548,-1.40480011063248e-05,4.79357569698981e-05,1.11158472448272e-06,0.000475773975505028,4.30646175724055e-07,0.000184262783893789,-9.91331154880443e-06,0.00181705087765767
7234.85305736446,-1.38552359623505e-05,4.76096327437288e-05,1.09634917818324e-06,0.000472496096947141,4.24741931667369e-07,0.000182993358052475,-9.77723427086162e-06,0.00180453695709723
7285.02783708791,-1.36651148864826e-05,4.72856720496977e-05,1.08132213352423e-06,0.000469240815740068,4.18918536012941e-07,0.000181732682153316,-9.64302480637512e-06,0.00179210920817874
7335.55058635552,-1.34776016394838e-05,4.69638616805904e-05,1.06650074582298e-06,0.00046600797580962,4.13174884408513e-07,0.000180480695790245,-9.51065751973172e-06,0.00177976703774412
7386.42371838768,-1.32926604780384e-05,4.66441884854425e-05,1.05188220897026e-06,0.000462797422165522,4.07509887512329e-07,0.000179237338976142,-9.3801071271048e-06,0.00176750985671366
7437.64966314091,-1.31102561479867e-05,4.63266393698622e-05,1.03746375491375e-06,0.000459609000893751,4.01922470791136e-07,0.000178002552139884,-9.25134869162827e-06,0.00175533708005806
7489.23086742376,-1.29303538776512e-05,4.60112012963375e-05,1.02324265314823e-06,0.000456442559148958,3.96411574320872e-07,0.000176776276123431,-9.12435761863723e-06,0.00174324812677065
7541.16979501382,-1.27529193712529e-05,4.56978612845264e-05,1.00921621021247e-06,0.000453297945146915,3.90976152589953e-07,0.000175558452178916,-8.99910965097338e-06,0.00173124241983984
7593.46892677528,-1.2577918802418e-05,4.53866064115312e-05,9.95381769192648e-07,0.00045017500815705,3.85615174305186e-07,0.000174349021965768,-8.87558086435523e-06,0.00171931938622176
7646.13076077758,-1.24053188077713e-05,4.5077423812157e-05,9.81736709232243e-07,0.00044707359849501,3.80327622200218e-07,0.000173147927547849,-8.75374766281134e-06,0.00170747845681301
7699.15781241454,-1.22350864806175e-05,4.47703006791558e-05,9.68278445048416e-07,0.000443993567515298,3.75112492846537e-07,0.00017195511139062,-8.63358677417666e-06,0.00169571906642371
7752.55261452471,-1.20671893647075e-05,4.44652242634549e-05,9.55004426454632e-07,0.000440934767603945,3.69968796466951e-07,0.000170770516358315,-8.51507524565007e-06,0.00168404065375063
7806.31771751215,-1.19015954480901e-05,4.41621818743717e-05,9.41912137889605e-07,0.000437897052171263,3.64895556751554e-07,0.000169594085711152,-8.39819043941339e-06,0.00167244266135055
7860.45568946846,-1.17382731570467e-05,4.38611608798138e-05,9.28999097952369e-07,0.000434880275644616,3.59891810676109e-07,0.000168425763102547,-8.28291002830991e-06,0.00166092453561382
7914.96911629522,-1.15771913501082e-05,4.35621487064656e-05,9.1626285894349e-07,0.00043188429346128,3.54956608322849e-07,0.00016726549257636,-8.16921199158265e-06,0.00164948572673804
7969.86060182773,-1.14183193121533e-05,4.32651328399618e-05,9.03701006412258e-07,0.000428908962061324,3.50089012703639e-07,0.000166113218564161,-8.05707461067068e-06,0.00163812568870199
8025.13276795918,-1.12616267485874e-05,4.29701008250477e-05,8.91311158709874e-07,0.000425954138880569,3.45288099585497e-07,0.000164968885882504,-7.94647646506335e-06,0.00162684387923968
8080.78825476607,-1.11070837795994e-05,4.26770402657261e-05,8.79090966548458e-07,0.000423019682343576,3.4055295731841e-07,0.000163832439730236,-7.8373964282111e-06,0.00161563975981457
8136.82972063413,-1.0954660934498e-05,4.23859388253939e-05,8.67038112565904e-07,0.000420105451856707,3.35882686665455e-07,0.000162703825685818,-7.72981366349267e-06,0.00160451279559408
8193.25984238548,-1.08043291461238e-05,4.20967842269636e-05,8.55150310896433e-07,0.000417211307801214,3.3127640063515e-07,0.000161582989704662,-7.62370762023721e-06,0.00159346245542408
8250.08131540631,-1.06560597453378e-05,4.18095642529762e-05,8.4342530674681e-07,0.0004143371115264,3.26733224316058e-07,0.000160469878116493,-7.51905802980136e-06,0.00158248821180373
8307.29685377578,-1.05098244555844e-05,4.15242667457001e-05,8.31860875978138e-07,0.000411482725342812,3.22252294713566e-07,0.000159364437622731,-7.41584490169969e-06,0.0015715895408604
8364.90919039556,-1.03655953875296e-05,4.12408796072209e-05,8.2045482469319e-07,0.000408648012515498,3.17832760588847e-07,0.000158266615293884,-7.31404851978861e-06,0.00156076592232479
8422.92107712043,-1.02233450337697e-05,4.09593907995183e-05,8.09204988829137e-07,0.000405832837257299,3.13473782299951e-07,0.000157176358566969,-7.21364943850222e-06,0.00155001683950618
8481.33528488963,-1.00830462636146e-05,4.06797883445347e-05,7.98109233755722e-07,0.000403037064722208,3.09174531645033e-07,0.000156093615242947,-7.11462847914019e-06,0.00153934177926791
8540.15460385936,-9.94467231794001e-06,4.04020603242316e-05,7.87165453878655e-07,0.000400260560998754,3.04934191707634e-07,0.000155018333484173,-7.01696672620608e-06,0.00152874023200301
8599.38184353586,-9.80819680411088e-06,4.0126194880637e-05,7.76371572248334e-07,0.000397503193103457,3.00751956704056e-07,0.000153950461811876,-6.92064552379634e-06,0.00151821169160993
8659.01983290984,-9.67359369097303e-06,3.98521802158827e-05,7.6572554017367e-07,0.000394764828974312,2.9662703183274e-07,0.000152889949103642,-6.82564647203843e-06,0.00150775565546853
8719.07142059136,-9.54083730391367e-06,3.95800045922325e-05,7.55225336841073e-07,0.000392045337464336,2.9255863312568e-07,0.000151836744590926,-6.73195142357811e-06,0.00149737162441618
8779.53947494611,-9.40990231998846e-06,3.93096563321003e-05,7.44868968938437e-07,0.000389344588335148,2.88545987301793e-07,0.000150790797856579,-6.63954248011458e-06,0.00148705910272403
8840.42688423224,-9.28076376311544e-06,3.90411238180605e-05,7.3465447028415e-07,0.000386662452250604,2.84588331622262e-07,0.000149752058832393,-6.54840198898351e-06,0.00147681759807343
8901.73655673848,-9.15339699933379e-06,3.87743954928481e-05,7.24579901460969e-07,0.000383998800770477,2.80684913747798e-07,0.000148720477796657,-6.45851253978652e-06,0.00146664662153257
8963.47142092288,-9.02777773212769e-06,3.85094598593519e-05,7.14643349454799e-07,0.00038135350634418,2.76834991597816e-07,0.000147696005371746,-6.36985696106732e-06,0.00145654568753319
9025.63442555289,-8.90388199781328e-06,3.82463054805983e-05,7.04842927298217e-07,0.000378726442304534,2.73037833211484e-07,0.000146678592521711,-6.28241831703294e-06,0.00144651431384752
9088.228539846,-8.78168616098896e-06,3.79849209797274e-05,6.9517677371877e-07,0.000376117482861587,2.69292716610639e-07,0.000145668190549893,-6.19617990432051e-06,0.00143655202156533
9151.25675361174,-8.66116691004703e-06,3.77252950399611e-05,6.85643052791899e-07,0.00037352650309647,2.65598929664515e-07,0.000144664751096558,-6.11112524880772e-06,0.00142665833507118
9214.72207739435,-8.54230125274711e-06,3.74674164045646e-05,6.76239953598514e-07,0.000370953378955302,2.61955769956311e-07,0.000143668226136544,-6.02723810246773e-06,0.0014168327820218
9278.6275426167,-8.42506651184916e-06,3.72112738767983e-05,6.66965689887079e-07,0.000368397987243139,2.58362544651504e-07,0.000142678567976922,-5.94450244026652e-06,0.00140707489332359
9342.97620172496,-8.30944032080656e-06,3.69568563198653e-05,6.57818499740231e-07,0.000365860205617965,2.54818570367966e-07,0.000141695729254685,-5.86290245710342e-06,0.00139738420311038
9407.77112833456,-8.19540061951741e-06,3.67041526568493e-05,6.48796645245796e-07,0.000363339912584721,2.51323173047781e-07,0.000140719662934437,-5.78242256479309e-06,0.00138776024872119
9473.0154173768,-8.08292565013404e-06,3.6453151870648e-05,6.39898412172214e-07,0.000360836987489395,2.47875687830809e-07,0.000139750322306118,-5.70304738908927e-06,0.0013782025706783
9538.71218524687,-7.97199395292934e-06,3.62038430038981e-05,6.31122109648256e-07,0.000358351310513129,2.44475458929922e-07,0.000138787660982726,-5.62476176674912e-06,0.00136871071266534
9604.86456995261,-7.86258436221952e-06,3.59562151588946e-05,6.2246606984703e-07,0.000355882762666388,2.41121839507921e-07,0.000137831632898069,-5.54755074263788e-06,0.0013592842215056
9671.47573126437,-7.7546760023426e-06,3.57102574975044e-05,6.13928647674193e-07,0.000353431225783167,2.37814191556109e-07,0.000136882192304529,-5.47139956687339e-06,0.00134992264714048
9738.54885086602,-7.6482482836913e-06,3.5465959241073e-05,6.05508220460299e-07,0.000350996582515231,2.34551885774474e-07,0.000135939293770838,-5.39629369200948e-06,0.00134062554260807
9806.08713250685,-7.54328089880044e-06,3.52233096703259e-05,5.97203187657288e-07,0.000348578716326408,2.31334301453498e-07,0.000135002892179876,-5.32221877025836e-06,0.00133139246402187
9874.09380215466,-7.43975381848727e-06,3.49822981252638e-05,5.8901197053898e-07,0.000346177511486909,2.2816082635754e-07,0.000134072942726479,-5.24916065075071e-06,0.00132222297054971
9942.57210814976,-7.33764728804481e-06,3.47429140050531e-05,5.80933011905608e-07,0.000343792853067711,2.25030856609789e-07,0.000133149400915269,-5.17710537683374e-06,0.00131311662439273
10011.5253213603,-7.23694182348665e-06,3.450514676791e-05,5.72964775792258e-07,0.00034142462693495,2.21943796578757e-07,0.000132232222558492,-5.10603918340599e-06,0.00130407299076456
10080.9567353381,-7.13761820784344e-06,3.42689859309806e-05,5.65105747181242e-07,0.000339072719744385,2.18899058766307e-07,0.000131321363773881,-5.03594849428894e-06,0.00129509163787065
10150.8696664767,-7.03965748750932e-06,3.40344210702147e-05,5.57354431718275e-07,0.000336737018935876,2.15896063697167e-07,0.000130416780982522,-4.96681991963446e-06,0.00128617213688768
10221.267454169,-6.94304096863879e-06,3.38014418202359e-05,5.49709355432486e-07,0.000334417412727922,2.12934239809952e-07,0.000129518430906744,-4.89864025336802e-06,0.0012773140619432
10292.1534609671,-6.84775021359208e-06,3.35700378742059e-05,5.4216906446013e-07,0.00033211379011222,2.10013023349625e-07,0.000128626270568025,-4.8313964706668e-06,0.00126851699009532
10363.5310727429,-6.75376703742962e-06,3.33401989836853e-05,5.34732124772043e-07,0.00032982604084828,2.0713185826143e-07,0.000127740257284905,-4.76507572547254e-06,0.00125978050131259
10435.4036988501,-6.66107350445376e-06,3.31119149584891e-05,5.27397121904701e-07,0.000327554055458062,2.04290196086229e-07,0.00012686034867092,-4.69966534803835e-06,0.00125110417845403
10507.7747722864,-6.56965192479817e-06,3.28851756665382e-05,5.20162660694912e-07,0.000325297725220667,2.01487495857263e-07,0.000125986502632552,-4.63515284250937e-06,0.00124248760724923
10580.647749858,-6.47948485106333e-06,3.2659971033707e-05,5.13027365018038e-07,0.000323056942167051,1.98723223998295e-07,0.000125118677367186,-4.57152588453641e-06,0.00123393037627867
10654.0261123446,-6.39055507499831e-06,3.24362910436667e-05,5.05989877529747e-07,0.000320831599074793,1.95996854223123e-07,0.000124256831361087,-4.50877231892251e-06,0.00122543207695409
10727.9133646656,-6.30284562422745e-06,3.22141257377244e-05,4.99048859411194e-07,0.000318621589462882,1.9330786743645e-07,0.000123400923387395,-4.44688015730161e-06,0.0012169923034991
10802.3130360475,-6.21633975902215e-06,3.19934652146596e-05,4.9220299011766e-07,0.000316426807586556,1.90655751636092e-07,0.000122550912504123,-4.38583757584927e-06,0.00120861065292979
10877.2286801926,-6.13102096911619e-06,3.17742996305552e-05,4.85450967130519e-07,0.000314247148432171,1.8804000181649e-07,0.000121706758052181,-4.32563291302455e-06,0.00120028672503558
10952.6638754485,-6.04687297056509e-06,3.15566191986273e-05,4.78791505712567e-07,0.000312082507712109,1.8546011987354e-07,0.000120868419653409,-4.26625466734312e-06,0.00119202012236019
11028.6222249794,-5.96387970264776e-06,3.1340414189049e-05,4.72223338666608e-07,0.000309932781859719,1.82915614510692e-07,0.000120035857208617,-4.20769149518072e-06,0.00118381045018264
11105.1073569377,-5.88202532481098e-06,3.11256749287737e-05,4.65745216097305e-07,0.000307797868024298,1.80406001146325e-07,0.000119209030895655,-4.14993220860688e-06,0.00117565731649853
11182.1229246378,-5.80129421365514e-06,3.09123918013526e-05,4.59355905176203e-07,0.000305677664066102,1.77930801822359e-07,0.00011838790116748,-4.09296577324824e-06,0.00116756033200132
11259.6726067303,-5.72167095996151e-06,3.07005552467513e-05,4.53054189909938e-07,0.000303572068551404,1.75489545114117e-07,0.000117572428750251,-4.03678130618137e-06,0.00115951911006382
11337.7601073777,-5.64314036575975e-06,3.04901557611619e-05,4.46838870911524e-07,0.00030148098074757,1.73081766041383e-07,0.000116762574641422,-3.98136807385425e-06,0.00115153326671976
11416.3891564316,-5.56568744143581e-06,3.02811838968132e-05,4.40708765174756e-07,0.000299404300618188,1.70707005980681e-07,0.000115958300107865,-3.92671549003654e-06,0.00114360242064551
11495.5635096105,-5.48929740287897e-06,3.0073630261778e-05,4.34662705851602e-07,0.000297341928818216,1.68364812578719e-07,0.000115159566683991,-3.8728131137977e-06,0.0011357261931419
11575.2869486794,-5.41395566866823e-06,2.98674855197774e-05,4.28699542032634e-07,0.000295293766689175,1.66054739667018e-07,0.000114366336169899,-3.81965064751307e-06,0.00112790420811624
11655.5632816306,-5.33964785729669e-06,2.96627403899828e-05,4.22818138530368e-07,0.000293259716254373,1.63776347177681e-07,0.000113578570629526,-3.76721793489714e-06,0.00112013609206431
11736.3963428651,-5.26635978443428e-06,2.94593856468158e-05,4.17017375665561e-07,0.00029123968021416,1.61529201060311e-07,0.000112796232388813,-3.715504959064e-06,0.00111242147405267
11817.7899933763,-5.19407746022749e-06,2.92574121197449e-05,4.11296149056341e-07,0.000289233561941221,1.59312873200039e-07,0.00011201928403389,-3.66450184061409e-06,0.00110475998570091
11899.7481209338,-5.12278708663635e-06,2.90568106930813e-05,4.05653369410228e-07,0.0002872412654759,1.57126941336676e-07,0.000111247688409268,-3.61419883574761e-06,0.00109715126116414
11982.2746402699,-5.0524750548074e-06,2.88575723057707e-05,4.000879623189e-07,0.000285262695521555,1.54970988984942e-07,0.000110481408616044,-3.56458633440338e-06,0.00108959493711557
12065.3734932659,-4.98312794248298e-06,2.86596879511852e-05,3.94598868055774e-07,0.000283297757439954,1.52844605355781e-07,0.00010972040801012,-3.51565485842361e-06,0.00108209065272916
12149.0486491407,-4.91473251144548e-06,2.84631486769111e-05,3.89185041376272e-07,0.000281346357246692,1.50747385278743e-07,0.000108964650200434,-3.46739505974358e-06,0.00107463804966246
12233.3041046402,-4.84727570499694e-06,2.82679455845367e-05,3.83845451320818e-07,0.000279408401606651,1.48678929125411e-07,0.000108214099047208,-3.41979771860635e-06,0.00106723677203955
12318.1438842285,-4.78074464547268e-06,2.80740698294362e-05,3.78579081020454e-07,0.000277483797829483,1.46638842733864e-07,0.000107468718660196,-3.37285374180177e-06,0.00105988646643404
12403.5720402798,-4.71512663178929e-06,2.78815126205546e-05,3.73384927505108e-07,0.000275572453865135,1.44626737334164e-07,0.000106728473396961,-3.3265541609299e-06,0.00105258678185227
12489.5926532723,-4.65040913702578e-06,2.76902652201877e-05,3.68262001514425e-07,0.000273674278299394,1.42642229474852e-07,0.00010599332786115,-3.28089013068798e-06,0.00104533736971654
12576.2098319827,-4.58657980603812e-06,2.75003189437637e-05,3.63209327311173e-07,0.000271789180349478,1.40684940950439e-07,0.000105263246900789,-3.23585292718115e-06,0.00103813788384857
12663.427713683,-4.52362645310608e-06,2.73116651596206e-05,3.58225942497136e-07,0.000269917069859638,1.38754498729873e-07,0.000104538195606588,-3.19143394625616e-06,0.00103098798045292
12751.2504643373,-4.4615370596125e-06,2.71242952887841e-05,3.53310897831534e-07,0.000268057857296815,1.36850534885989e-07,0.000103818139310256,-3.1476247018581e-06,0.00102388731810069
12839.6822788018,-4.40029977175406e-06,2.69382008047431e-05,3.48463257051846e-07,0.000266211453746306,1.34972686525892e-07,0.000103103043582832,-3.10441682440951e-06,0.00101683555771316
12928.7273810244,-4.33990289828356e-06,2.67533732332242e-05,3.43682096697098e-07,0.000264377770907477,1.3312059572231e-07,0.000102392874233023,-3.06180205921193e-06,0.00100983236254572
13018.3900242466,-4.28033490828283e-06,2.65698041519648e-05,3.38966505933506e-07,0.000262556721089494,1.31293909445853e-07,0.000101687597305556,-3.01977226486913e-06,0.00100287739817176
13108.6744912069,-4.22158442896633e-06,2.63874851904858e-05,3.34315586382492e-07,0.000260748217207093,1.29492279498208e-07,0.000100987179079545,-2.97831941173229e-06,0.00099597033246674
13199.5850943454,-4.16364024351458e-06,2.62064080298615e-05,3.29728451951017e-07,0.000258952172776373,1.27715362446227e-07,0.00010029158606686,-2.93743558036617e-06,0.000989110835592383
13291.1261760091,-4.1064912889374e-06,2.60265644024909e-05,3.25204228664208e-07,0.000257168501910628,1.25962819556917e-07,9.96007850105194e-05,-2.89711296003666e-06,0.000982298579980939
13383.3021086605,-4.05012665396614e-06,2.58479460918654e-05,3.2074205450025e-07,0.000255397119316192,1.24234316733306e-07,9.89147428830843e-05,-2.85734384721876e-06,0.000975533240319568
13476.1172950852,-3.99453557697498e-06,2.56705449323376e-05,3.16341079227507e-07,0.000253637940288334,1.22529524451182e-07,9.8233426885068e-05,-2.81812064412534e-06,0.000968814493534837
13569.576168603,-3.93970744393052e-06,2.54943528088884e-05,3.12000464243856e-07,0.000251890880707167,1.20848117696692e-07,9.75568044433573e-05,-2.77943585725586e-06,0.000962142018777331
13663.6831932795,-3.88563178636935e-06,2.53193616568932e-05,3.07719382418174e-07,0.000250155857033586,1.19189775904777e-07,9.68848432096419e-05,-2.74128209596507e-06,0.000955515497406335
13758.4428641392,-3.83229827940352e-06,2.51455634618877e-05,3.03497017933997e-07,0.000248432786305249,1.17554182898459e-07,9.62175110588588e-05,-2.70365207105146e-06,0.000948934612974669
13853.8597073802,-3.779696739753e-06,2.49729502593326e-05,2.9933256613527e-07,0.000246721586132564,1.15941026828939e-07,9.55547760876434e-05,-2.66653859336488e-06,0.000942399051213584
13949.9382805904,-3.72781712380528e-06,2.48015141343783e-05,2.952252333742e-07,0.000245022174694728,1.1435000011651e-07,9.48966066127955e-05,-2.62993457243343e-06,0.000935908500017794
14046.6831729655,-3.67664952570136e-06,2.4631247221628e-05,2.91174236861164e-07,0.000243334470735773,1.12780799392279e-07,9.4242971169752e-05,-2.59383301510912e-06,0.000929462649430582
14144.0990055278,-3.6261841754481e-06,2.44621417049016e-05,2.87178804516654e-07,0.000241658393560653,1.11233125440671e-07,9.35938385110745e-05,-2.55822702423213e-06,0.000923061191629039
14242.190431347,-3.57641143705611e-06,2.42941898169977e-05,2.83238174825212e-07,0.000239993863031355,1.09706683142721e-07,9.29491776049432e-05,-2.52310979731337e-06,0.000916703820909369
14340.9621357626,-3.52732180670349e-06,2.41273838394563e-05,2.79351596691371e-07,0.000238340799563035,1.08201181420133e-07,9.23089576336657e-05,-2.48847462523521e-06,0.000910390233672336
14440.4188366077,-3.47890591092433e-06,2.39617161023202e-05,2.75518329297517e-07,0.000236699124120183,1.06716333180099e-07,9.16731479921921e-05,-2.45431489096989e-06,0.000904120128408768
14540.5652844341,-3.43115450482229e-06,2.37971789838969e-05,2.71737641963704e-07,0.000235068758212819,1.05251855260867e-07,9.1041718286644e-05,-2.42062406831567e-06,0.000897893205685196
14641.4062627396,-3.38405847030836e-06,2.3633764910519e-05,2.68008814009346e-07,0.000233449623892703,1.03807468378052e-07,9.04146383328509e-05,-2.38739572065018e-06,0.000891709168129564
14742.946588196,-3.33760881436301e-06,2.34714663563062e-05,2.64331134616809e-07,0.000231841643749589,1.02382897071672e-07,8.97918781548996e-05,-2.35462349970107e-06,0.000885567720417064
14845.1911108798,-3.29179666732187e-06,2.33102758429247e-05,2.60703902696823e-07,0.000230244740907491,1.00977869653908e-07,8.91734079836907e-05,-2.32230114433324e-06,0.000879468569256038
14948.1447145032,-3.24661328118507e-06,2.31501859393486e-05,2.5712642675575e-07,0.000228658839020983,9.95921181575693e-08,8.85591982555088e-05,-2.29042247935307e-06,0.000873411423374008
15051.8123166476,-3.20205002794951e-06,2.29911892616195e-05,2.53598024764627e-07,0.000227083862271522,9.82253782852656e-08,8.79492196105985e-05,-2.2589814143287e-06,0.000867395993503772
15156.1988689989,-3.15809839796424e-06,2.28332784726073e-05,2.50118024030001e-07,0.000225519735363797,9.68773893592659e-08,8.73434428917547e-05,-2.22797194242679e-06,0.000861421992369621
15261.3093575835,-3.11474999830801e-06,2.26764462817697e-05,2.46685761066506e-07,0.000223966383522103,9.55478942720374e-08,8.6741839142919e-05,-2.19738813926507e-06,0.000855489134673631
15367.1488030065,-3.07199655118933e-06,2.25206854449126e-05,2.43300581471184e-07,0.000222423732486745,9.42366394374655e-08,8.61443796077886e-05,-2.16722416178072e-06,0.000849597137082067
15473.7222606918,-3.02982989236822e-06,2.23659887639501e-05,2.39961839799492e-07,0.000220891708510459,9.29433747427255e-08,8.55510357284333e-05,-2.13747424711419e-06,0.000843745718211859
15581.0348211234,-2.98824196959971e-06,2.22123490866645e-05,2.36668899443011e-07,0.000219370238354867,9.16678535008214e-08,8.49617791439231e-05,-2.10813271150848e-06,0.000837934598617194
15689.0916100885,-2.9472248410985e-06,2.20597593064665e-05,2.33421132508799e-07,0.000217859249286947,9.04098324037591e-08,8.43765816889645e-05,-2.07919394922337e-06,0.000832163500776176
15797.8977889225,-2.9067706740248e-06,2.19082123621555e-05,2.30217919700398e-07,0.00021635866907554,8.91690714763664e-08,8.37954153925476e-05,-2.05065243146466e-06,0.000826432149077607
15907.4585547554,-2.86687174299075e-06,2.17577012376797e-05,2.27058650200442e-07,0.000214868425987869,8.79453340307332e-08,8.32182524766009e-05,-2.02250270532805e-06,0.000820740269807822
16017.7791407599,-2.82752042858743e-06,2.16082189618968e-05,2.23942721554872e-07,0.00021338844878609,8.67383866212797e-08,8.26450653546578e-05,-1.99473939275755e-06,0.000815087591137654
16128.8648164017,-2.78870921593185e-06,2.14597586083346e-05,2.20869539558714e-07,0.000211918666723865,8.55479990004286e-08,8.20758266305292e-05,-1.96735718951811e-06,0.00080947384310945
16240.720887691,-2.75043069323408e-06,2.13123132949522e-05,2.17838518143421e-07,0.000210459009542961,8.43739440748878e-08,8.15105090969896e-05,-1.9403508641825e-06,0.000803898757624213
16353.352697436,-2.71267755038376e-06,2.11658761839007e-05,2.14849079265725e-07,0.000209009407469867,8.32159978625209e-08,8.09490857344677e-05,-1.91371525713187e-06,0.000798362068428797
16466.765625498,-2.67544257755611e-06,2.10204404812847e-05,2.11900652798031e-07,0.000207569791212442,8.20739394498143e-08,8.03915297097502e-05,-1.88744527957026e-06,0.000792863511103223
16580.9650890484,-2.63871866383699e-06,2.08759994369245e-05,2.08992676420264e-07,0.00020614009195658,8.09475509499132e-08,7.98378143746916e-05,-1.86153591255247e-06,0.000787402823048052
16695.9565428276,-2.60249879586678e-06,2.07325463441173e-05,2.06124595513222e-07,0.000204720241362906,7.9836617461238e-08,7.92879132649355e-05,-1.83598220602533e-06,0.00078197974347187
16811.7454794054,-2.56677605650282e-06,2.05900745394002e-05,2.03295863053346e-07,0.000203310171563483,7.87409270266579e-08,7.87418000986423e-05,-1.81077927788215e-06,0.000776594013378839
16928.3374294433,-2.5315436235002e-06,2.0448577402313e-05,2.00505939508955e-07,0.000201909815158559,7.76602705932266e-08,7.81994487752284e-05,-1.78592231303008e-06,0.000771245375556352
17045.737961959,-2.49679476821058e-06,2.03080483551607e-05,1.97754292737855e-07,0.000200519105213316,7.65944419724593e-08,7.76608333741115e-05,-1.76140656247036e-06,0.000765933574562751
17163.9526845917,-2.4625228542989e-06,2.01684808627777e-05,1.95040397886377e-07,0.000199137975254663,7.55432378011595e-08,7.71259281534673e-05,-1.7372273423911e-06,0.000760658356715153
17282.9872438709,-2.42872133647752e-06,2.00298684322913e-05,1.92363737289759e-07,0.000197766359268034,7.45064575027713e-08,7.65947075489922e-05,-1.71338003327256e-06,0.00075541947007734
17402.8473254854,-2.39538375925789e-06,1.98922046128866e-05,1.89723800373904e-07,0.00019640419169422,7.34839032492659e-08,7.60671461726776e-05,-1.68986007900473e-06,0.000750216664447747
17523.5386545551,-2.36250375571912e-06,1.97554829955711e-05,1.87120083558458e-07,0.000195051407426217,7.24753799235405e-08,7.55432188115893e-05,-1.66666298601694e-06,0.000745049691347515
17645.0669959044,-2.33007504629364e-06,1.96196972129401e-05,1.84552090161228e-07,0.000193707941806097,7.14806950823364e-08,7.5022900426659e-05,-1.64378432241954e-06,0.000739918304008652
17767.4381543379,-2.29809143756924e-06,1.9484840938943e-05,1.82019330303874e-07,0.000192373730621902,7.04996589196571e-08,7.45061661514809e-05,-1.6212197171572e-06,0.000734822257362244
17890.6579749169,-2.26654682110775e-06,1.93509078886492e-05,1.79521320818911e-07,0.000191048710104561,6.95320842306896e-08,7.39929912911193e-05,-1.598964859174e-06,0.000729761308026777
18014.7323432395,-2.2354351722797e-06,1.92178918180158e-05,1.77057585157953e-07,0.000189732816924822,6.85777863762132e-08,7.34833513209226e-05,-1.57701549658982e-06,0.000724735214296513
18139.667185721,-2.20475054911518e-06,1.90857865236548e-05,1.74627653301234e-07,0.000188425988190216,6.76365832474992e-08,7.29772218853473e-05,-1.55536743588817e-06,0.000719743736129971
18265.4684698776,-2.17448709117016e-06,1.89545858426011e-05,1.72231061668329e-07,0.000187128161442033,6.67082952316825e-08,7.24745787967881e-05,-1.53401654111507e-06,0.000714786635138461
18392.1422046107,-2.1446390184086e-06,1.88242836520821e-05,1.69867353030118e-07,0.000185839274652322,6.57927451776125e-08,7.19753980344186e-05,-1.51295873308898e-06,0.000709863674574721
18519.6944404947,-2.11520063009968e-06,1.86948738692861e-05,1.67536076421935e-07,0.000184559266220913,6.48897583621638e-08,7.14796557430371e-05,-1.49218998862152e-06,0.000704974619321614
18648.1312700654,-2.0861663037303e-06,1.85663504511334e-05,1.652367870579e-07,0.000183288074972459,6.39991624570112e-08,7.09873282319241e-05,-1.47170633974896e-06,0.000700119235880914
18777.4588281112,-2.05753049393231e-06,1.84387073940461e-05,1.62969046246428e-07,0.000182025640153498,6.31207874958542e-08,7.04983919737039e-05,-1.45150387297418e-06,0.000695297292362162
18907.6832919665,-2.0292877314246e-06,1.831193873372e-05,1.60732421306874e-07,0.000180771901429539,6.22544658420912e-08,7.00128236032168e-05,-1.43157872851908e-06,0.000690508558471602
19038.810881806,-2.00143262196958e-06,1.8186038544897e-05,1.5852648548733e-07,0.000179526798882161,6.14000321569343e-08,6.95305999163988e-05,-1.41192709958726e-06,0.000685752805501195
19170.8478609426,-1.973959845344e-06,1.8061000941137e-05,1.56350817883527e-07,0.000178290273006139,6.05573233679576e-08,6.90516978691672e-05,-1.39254523163676e-06,0.000681029806317702
19303.8005361258,-1.94686415432385e-06,1.79368200745921e-05,1.54205003358855e-07,0.000177062264706587,5.9726178638078e-08,6.85760945763166e-05,-1.37342942166286e-06,0.00067633933535185
19437.6752578439,-1.92014037368318e-06,1.78134901357804e-05,1.52088632465463e-07,0.000175842715296123,5.89064393349546e-08,6.81037673104207e-05,-1.35457601749064e-06,0.000671681168587562
19572.4784206263,-1.89378339920667e-06,1.76910053533615e-05,1.50001301366445e-07,0.000174631566492051,5.80979490008115e-08,6.76346935007424e-05,-1.33598141707733e-06,0.000667055083551276
19708.2164633496,-1.86778819671565e-06,1.75693599939113e-05,1.47942611759072e-07,0.000173428760413561,5.73005533226673e-08,6.71688507321514e-05,-1.31764206782416e-06,0.000662460859301321
19844.8958695448,-1.84214980110757e-06,1.74485483616993e-05,1.45912170799087e-07,0.000172234239578957,5.65141001029745e-08,6.67062167440495e-05,-1.29955446589775e-06,0.000657898276417381
19982.5231677076,-1.81686331540853e-06,1.73285647984653e-05,1.43909591026022e-07,0.000171047946902897,5.57384392306577e-08,6.6246769429303e-05,-1.28171515556068e-06,0.000653367116990015
20121.1049316092,-1.79192390983889e-06,1.72094036831978e-05,1.41934490289535e-07,0.000169869825693649,5.49734226525495e-08,6.57904868331829e-05,-1.26412072851138e-06,0.000648867164610268
20260.6477806113,-1.7673268208916e-06,1.70910594319122e-05,1.39986491676752e-07,0.000168699819650376,5.42189043452126e-08,6.53373471523117e-05,-1.24676782323299e-06,0.000644398204359336
20401.1583799816,-1.74306735042325e-06,1.6973526497431e-05,1.38065223440605e-07,0.000167537872860435,5.34747402871518e-08,6.48873287336193e-05,-1.22965312435123e-06,0.000639960022798317
20542.6434412127,-1.71914086475745e-06,1.68567993691638e-05,1.36170318929136e-07,0.000166383929796692,5.27407884314006e-08,6.44404100733035e-05,-1.21277336200098e-06,0.000635552407958015
20685.1097223421,-1.69554279380067e-06,1.67408725728886e-05,1.3430141651578e-07,0.000165237935314859,5.20169086784859e-08,6.39965698158001e-05,-1.1961253112017e-06,0.000631175149328836
20828.5640282755,-1.67226863017002e-06,1.66257406705341e-05,1.32458159530583e-07,0.000164099834650849,5.13029628497592e-08,6.35557867527588e-05,-1.17970579124123e-06,0.000626828037850732
20973.0132111114,-1.64931392833313e-06,1.6511398259962e-05,1.30640196192375e-07,0.000162969573418149,5.05988146610945e-08,6.31180398220271e-05,-1.16351166506827e-06,0.000622510865903231
21118.464170469,-1.62667430375971e-06,1.63978399747513e-05,1.28847179541854e-07,0.000161847097605213,4.99043296969431e-08,6.26833081066398e-05,-1.14753983869301e-06,0.00061822342729552
21264.923853817,-1.60434543208483e-06,1.62850604839824e-05,1.27078767375595e-07,0.00016073235357287,4.92193753847454e-08,6.22515708338179e-05,-1.13178726059608e-06,0.000613965517256616
21412.3992568061,-1.58232304828358e-06,1.6173054492023e-05,1.25334622180949e-07,0.00015962528805175,4.85438209696897e-08,6.18228073739712e-05,-1.1162509211456e-06,0.00060973693242558
21560.8974236026,-1.56060294585715e-06,1.60618167383138e-05,1.23614411071837e-07,0.000158525848139734,4.78775374898181e-08,6.13969972397116e-05,-1.10092785202222e-06,0.000605537470841824
21710.4254472254,-1.53918097602992e-06,1.59513419971562e-05,1.21917805725422e-07,0.000157433981299411,4.72203977514708e-08,6.09741200848698e-05,-1.08581512565205e-06,0.000601366931935459
21860.9904698845,-1.51805304695773e-06,1.58416250775e-05,1.20244482319636e-07,0.000156349635355567,4.65722763050678e-08,6.05541557035211e-05,-1.07090985464739e-06,0.000597225116517737
22012.599683322,-1.49721512294684e-06,1.57326608227323e-05,1.18594121471574e-07,0.000155272758492675,4.5933049421219e-08,6.01370840290168e-05,-1.05620919125509e-06,0.00059311182677153
22165.260329156,-1.47666322368373e-06,1.56244441104675e-05,1.16966408176713e-07,0.000154203299252415,4.5302595067164e-08,5.97228851330231e-05,-1.04171032681259e-06,0.000589026866241898
22318.9796992262,-1.45639342347534e-06,1.5516969852338e-05,1.15361031748977e-07,0.000153141206531208,4.46807928835309e-08,5.93115392245655e-05,-1.02741049121126e-06,0.000584970039826708
22473.7651359423,-1.43640185049984e-06,1.54102329937855e-05,1.13777685761605e-07,0.000152086429577762,4.40675241614148e-08,5.89030266490817e-05,-1.01330695236725e-06,0.000580941153767325
22629.6240326348,-1.41668468606756e-06,1.53042285138537e-05,1.12216067988839e-07,0.000151038917990642,4.34626718197682e-08,5.84973278874789e-05,-9.99397015699562e-07,0.000576940015639358
22786.5638339077,-1.39723816389218e-06,1.5198951424982e-05,1.10675880348403e-07,0.000149998621715856,4.28661203831025e-08,5.80944235551993e-05,-9.85678023615234e-07,0.000572966434343484
22944.592035995,-1.37805856937173e-06,1.5094396772799e-05,1.09156828844763e-07,0.000148965491044449,4.22777559594911e-08,5.76942944012912e-05,-9.72147355001647e-07,0.000569020220096318
23103.7161871177,-1.35914223887969e-06,1.49905596359189e-05,1.07658623513173e-07,0.000147939476610129,4.16974662188771e-08,5.7296921307487e-05,-9.58802424725802e-07,0.000565101184421362
23263.9438878451,-1.34048555906555e-06,1.48874351257363e-05,1.06180978364473e-07,0.000146920529386894,4.1125140371674e-08,5.69022852872871e-05,-9.45640683140414e-07,0.000561209140140003
23425.2827914574,-1.32208496616516e-06,1.47850183862247e-05,1.04723611330656e-07,0.000145908600686684,4.05606691476619e-08,5.6510367485051e-05,-9.32659615596858e-07,0.000557343901362583
23587.7406043117,-1.30393694532044e-06,1.46833045937333e-05,1.03286244211156e-07,0.000144903642157052,4.00039447751695e-08,5.61211491750933e-05,-9.19856741964731e-07,0.000553505283479519
23751.3250862094,-1.28603802990842e-06,1.45822889567867e-05,1.018686026199e-07,0.00014390560577884,3.94548609605446e-08,5.57346117607878e-05,-9.07229616158073e-07,0.0005496931031525
23916.0440507678,-1.26838480087953e-06,1.44819667158846e-05,1.00470415933052e-07,0.000142914443863883,3.89133128678998e-08,5.5350736773676e-05,-8.94775825668029e-07,0.00054590717830573
24081.9053657923,-1.25097388610489e-06,1.43823331433024e-05,9.9091417237496e-08,0.000141930109052724,3.83791970991417e-08,5.4969505872583e-05,-8.82492991101981e-07,0.000542147328117237
24248.9169536531,-1.2338019597326e-06,1.42833835428932e-05,9.77313432800077e-08,0.000140952554312339,3.78524116742674e-08,5.45909008427391e-05,-8.70378765728956e-07,0.000538413373010242
24417.0867916629,-1.21686574155288e-06,1.41851132498905e-05,9.63899344171294e-08,0.000139981732933891,3.73328560119344e-08,5.42149035949075e-05,-8.58430835031323e-07,0.000534705134644592
24586.4229124585,-1.20016199637183e-06,1.40875176307116e-05,9.50669345657232e-08,0.000139017598530487,3.68204309102944e-08,5.38414961645177e-05,-8.46646916262589e-07,0.000531022435908235
24756.933404384,-1.18368753339384e-06,1.39905920827625e-05,9.37620911542068e-08,0.000138060105034959,3.63150385280901e-08,5.3470660710806e-05,-8.35024758011326e-07,0.00052736510090878
24928.6264118777,-1.16743920561248e-06,1.38943320342433e-05,9.24751550744492e-08,0.000137109206697652,3.58165823660095e-08,5.31023795159603e-05,-8.23562139771015e-07,0.000523732954965087
25101.5101358603,-1.15141390920968e-06,1.37987329439547e-05,9.120588063433e-08,0.00013616485808424,3.53249672482972e-08,5.27366349842726e-05,-8.12256871515865e-07,0.000520125824598939
25275.5928341276,-1.13560858296322e-06,1.37037903011053e-05,8.99540255109418e-08,0.000135227014073541,3.48400993046148e-08,5.23734096412957e-05,-8.01106793282387e-07,0.000516543537526754
25450.882821744,-1.12002020766228e-06,1.36094996251204e-05,8.87193507044369e-08,0.000134295629855363,3.4361885952152e-08,5.20126861330074e-05,-7.90109774756771e-07,0.000512985922651366
25627.3884714405,-1.10464580553107e-06,1.35158564654507e-05,8.75016204925011e-08,0.000133370660928352,3.38902358779801e-08,5.16544472249786e-05,-7.79263714867873e-07,0.000509452810053848
25805.1182140139,-1.08948243966028e-06,1.34228564013834e-05,8.63006023854536e-08,0.000132452063097866,3.34250590216488e-08,5.12986758015491e-05,-7.68566541385839e-07,0.000505944030985414
25984.08053873,-1.07452721344644e-06,1.33304950418528e-05,8.51160670819573e-08,0.000131539792473852,3.29662665580203e-08,5.09453548650078e-05,-7.58016210526194e-07,0.00050245941785935
26164.2839937291,-1.05977727003883e-06,1.32387680252528e-05,8.39477884253371e-08,0.000130633805468748,3.25137708803379e-08,5.05944675347786e-05,-7.4761070655939e-07,0.000498998804243021
26345.7371864336,-1.04522979179414e-06,1.31476710192502e-05,8.27955433604958e-08,0.000129734058795395,3.20674855835278e-08,5.02459970466134e-05,-7.3734804142572e-07,0.000495562024849927
26528.4487839603,-1.03088199973841e-06,1.30571997205983e-05,8.16591118914155e-08,0.000128840509464964,3.16273254477271e-08,4.98999267517881e-05,-7.27226254355484e-07,0.000492148915531803
26712.4275135331,-1.01673115303657e-06,1.29673498549528e-05,8.05382770392464e-08,0.000127953114784896,3.11932064220399e-08,4.95562401163069e-05,-7.17243411494412e-07,0.000488759313270796
26897.6821629011,-1.00277454846904e-06,1.28781171766871e-05,7.94328248009617e-08,0.000127071832356858,3.07650456085131e-08,4.92149207201103e-05,-7.07397605534185e-07,0.00048539305617167
27084.2215807571,-9.89009519915677e-07,1.27894974687098e-05,7.83425441085845e-08,0.000126196620074715,3.03427612463338e-08,4.88759522562892e-05,-6.97686955348072e-07,0.000482049983454084
27272.0546771616,-9.75433437846712e-07,1.27014865422823e-05,7.72672267889666e-08,0.000125327436122509,2.99262726962412e-08,4.8539318530304e-05,-6.88109605631521e-07,0.000478729935444915
27461.1904239671,-9.62043708820688e-07,1.26140802368379e-05,7.62066675241236e-08,0.000124464238972461,2.95155004251534e-08,4.82050034592107e-05,-6.78663726547732e-07,0.000475432753570636
27651.6378552475,-9.48837774989277e-07,1.25272744198017e-05,7.51606638121058e-08,0.000123606987382982,2.91103659910029e-08,4.78729910708895e-05,-6.69347513378044e-07,0.000472158280349739
27843.4060677294,-9.35813113608918e-07,1.24410649864114e-05,7.41290159284112e-08,0.000122755640396698,2.87107920277817e-08,4.75432655032817e-05,-6.60159186177173e-07,0.000468906359385228
28036.5042212264,-9.22967236559104e-07,1.23554478595389e-05,7.31115268879195e-08,0.000121910157338486,2.83167022307894e-08,4.72158110036296e-05,-6.51096989433133e-07,0.000465676835357141
28230.9415390768,-9.10297689867334e-07,1.22704189895136e-05,7.21080024073544e-08,0.000121070497813532,2.79280213420841e-08,4.68906119277234e-05,-6.42159191731869e-07,0.000462469554015142
28426.7273085842,-8.97802053240518e-07,1.21859743539451e-05,7.11182508682511e-08,0.000120236621705393,2.75446751361321e-08,4.65676527391519e-05,-6.33344085426453e-07,0.000459284362171152
28623.8708814609,-8.85477939602874e-07,1.21021099575488e-05,7.01420832804396e-08,0.000119408489174079,2.71665904056553e-08,4.62469180085595e-05,-6.24649986310857e-07,0.00045612110769204
28822.3816742749,-8.73322994640095e-07,1.2018821831971e-05,6.91793132460182e-08,0.000118586060654143,2.67936949476696e-08,4.59283924129072e-05,-6.16075233298172e-07,0.000452979639492354
29022.2691688993,-8.61334896349842e-07,1.19361060356157e-05,6.82297569238294e-08,0.000117769296852792,2.64259175497181e-08,4.56120607347402e-05,-6.07618188103271e-07,0.000449859807527115
29223.5429129655,-8.49511354598326e-07,1.18539586534717e-05,6.72932329944131e-08,0.000116958158747999,2.60631879762895e-08,4.52979078614588e-05,-5.99277234929805e-07,0.000446761462784643
29426.2125203191,-8.37850110683047e-07,1.17723757969413e-05,6.63695626254467e-08,0.000116152607586641,2.57054369554247e-08,4.49859187845961e-05,-5.91050780161517e-07,0.000443684457279455
29630.2876714792,-8.26348936901458e-07,1.16913536036699e-05,6.54585694376528e-08,0.000115352604882642,2.53525961655055e-08,4.46760785990991e-05,-5.82937252057768e-07,0.000440628644045187
29835.7781141006,-8.15005636125616e-07,1.16108882373757e-05,6.45600794711778e-08,0.000114558112415132,2.50045982222254e-08,4.43683725026162e-05,-5.7493510045327e-07,0.000437593877127588
30042.6936634399,-8.03818041382604e-07,1.15309758876818e-05,6.36739211524263e-08,0.000113769092226613,2.46613766657372e-08,4.40627857947884e-05,-5.67042796461913e-07,0.000434580011577542
30251.0442028234,-7.92784015440759e-07,1.14516127699475e-05,6.27999252613538e-08,0.000112985506621149,2.43228659479785e-08,4.37593038765464e-05,-5.59258832184686e-07,0.000431586903444156
30460.8396841202,-7.81901450401536e-07,1.13727951251021e-05,6.19379248992034e-08,0.000112207318162558,2.39890014201689e-08,4.34579122494115e-05,-5.51581720421577e-07,0.000428614409767879
30672.0901282168,-7.71168267297009e-07,1.12945192194787e-05,6.10877554566872e-08,0.000111434489672621,2.36597193204803e-08,4.31585965148028e-05,-5.44009994387454e-07,0.000425662388573684
30884.8056254963,-7.6058241569285e-07,1.12167813446494e-05,6.02492545826001e-08,0.000110666984229301,2.33349567618743e-08,4.28613423733474e-05,-5.36542207431824e-07,0.00042273069886428
31098.9963363199,-7.50141873296801e-07,1.1139577817261e-05,5.94222621528671e-08,0.000109904765164981,2.30146517201079e-08,4.25661356241972e-05,-5.29176932762463e-07,0.00041981920061339
31314.6724915125,-7.39844645572468e-07,1.1062904978872e-05,5.86066202400094e-08,0.000109147796064703,2.26987430219015e-08,4.22729621643486e-05,-5.21912763172808e-07,0.000416927754759058
31531.8443928511,-7.29688765358464e-07,1.09867591957904e-05,5.78021730830345e-08,0.000108396040764431,2.23871703332712e-08,4.19818079879687e-05,-5.14748310773128e-07,0.000414056223197013
31750.5224135575,-7.19672292492724e-07,1.09111368589125e-05,5.70087670577323e-08,0.000107649463349316,2.20798741480189e-08,4.16926591857246e-05,-5.07682206725344e-07,0.00041120446877407
31970.7169987928,-7.09793313442027e-07,1.08360343835622e-05,5.62262506473836e-08,0.00010690802815198,2.17767957763818e-08,4.14055019441185e-05,-5.00713100981533e-07,0.00040837235528159
32192.4386661572,-7.00049940936546e-07,1.07614482093321e-05,5.54544744138645e-08,0.000106171699750808,2.14778773338356e-08,4.11203225448264e-05,-4.93839662025977e-07,0.000405559747448966
32415.6980061919,-6.90440313609465e-07,1.06873747999247e-05,5.4693290969151e-08,0.000105440442968255,2.1183061730053e-08,4.08371073640425e-05,-4.87060576620796e-07,0.000402766510937172
32640.5056828852,-6.80962595641491e-07,1.06138106429946e-05,5.39425549472103e-08,0.000104714222869161,2.08922926580114e-08,4.05558428718269e-05,-4.80374549555029e-07,0.000399992512332345
32866.8724341813,-6.71614976410285e-07,1.05407522499922e-05,5.32021229762795e-08,0.000103993004759079,2.06055145832523e-08,4.0276515631459e-05,-4.73780303397202e-07,0.000397237619139416
33094.8090724944,-6.62395670144666e-07,1.04681961560077e-05,5.24718536515213e-08,0.000103276754182618,2.03226727332851e-08,3.99991122987942e-05,-4.67276578251255e-07,0.000394501699775781
33324.3264852235,-6.53302915583591e-07,1.03961389196163e-05,5.17516075080579e-08,0.000102565436921791,2.00437130871385e-08,3.97236196216261e-05,-4.60862131515849e-07,0.000391784623565023
33555.4356352742,-6.44334975639782e-07,1.03245771227241e-05,5.10412469943694e-08,0.000101859018994378,1.97685823650531e-08,3.94500244390522e-05,-4.54535737646951e-07,0.000389086260730666
33788.1475615808,-6.35490137068003e-07,1.02535073704152e-05,5.03406364460612e-08,0.000101157466652306,1.9497228018317e-08,3.9178313680845e-05,-4.48296187923703e-07,0.000386406482389986
34022.4733796346,-6.26766710137847e-07,1.01829262907994e-05,4.96496420599874e-08,0.000100460746380025,1.9229598219239e-08,3.89084743668262e-05,-4.42142290217481e-07,0.000383745160547848
34258.4242820144,-6.18163028311059e-07,1.01128305348612e-05,4.89681318687301e-08,9.97688248929138e-05,1.89656418512606e-08,3.86404936062465e-05,-4.36072868764147e-07,0.000381102168090601
34496.0115389212,-6.09677447923233e-07,1.00432167763088e-05,4.82959757154277e-08,9.90816691356802e-05,1.87053084992023e-08,3.83743585971684e-05,-4.30086763939402e-07,0.000378477378780006
34735.2464987164,-6.01308347869934e-07,9.97408171142543e-06,4.76330452289487e-08,9.83992462807852e-05,1.84485484396449e-08,3.81100566258548e-05,-4.24182832037251e-07,0.000375870667247208
34976.1405884643,-5.93054129297066e-07,9.90542205891997e-06,4.69792137994042e-08,9.77215237268692e-05,1.81953126314407e-08,3.784757506616e-05,-4.18359945051479e-07,0.00037328190898675
35218.7053144771,-5.84913215295546e-07,9.83723455977979e-06,4.63343565539974e-08,9.70484690971946e-05,1.7945552706357e-08,3.75869013789266e-05,-4.12616990460156e-07,0.000370710980350627
35462.9522628655,-5.76884050600116e-07,9.76951597712356e-06,4.56983503332024e-08,9.63800502380953e-05,1.76992209598458e-08,3.73280231113853e-05,-4.06952871013071e-07,0.000368157758542383
35708.8931000911,-5.68965101292331e-07,9.70226309605547e-06,4.50710736672713e-08,9.57162352174401e-05,1.74562703419415e-08,3.70709278965599e-05,-4.01366504522112e-07,0.000365622121611247
35956.5395735246,-5.6115485450758e-07,9.63547272351999e-06,4.44524067530599e-08,9.50569923231042e-05,1.72166544482821e-08,3.68156034526754e-05,-3.95856823654499e-07,0.000363103948446308
36205.9035120061,-5.53451818146172e-07,9.56914168815779e-06,4.38422314311754e-08,9.44022900614532e-05,1.69803275112547e-08,3.65620375825711e-05,-3.90422775728875e-07,0.000360603118770735
36456.9968264106,-5.45854520588343e-07,9.50326684016223e-06,4.32404311634324e-08,9.37520971558359e-05,1.67472443912612e-08,3.63102181731167e-05,-3.85063322514178e-07,0.000358119513136029
36709.831510217,-5.38361510413198e-07,9.43784505113692e-06,4.26468910106209e-08,9.31063825450887e-05,1.65173605681042e-08,3.60601331946337e-05,-3.79777440031286e-07,0.000355653012916325
36964.4196400802,-5.30971356121514e-07,9.37287321395418e-06,4.20614976105786e-08,9.24651153820504e-05,1.62906321324915e-08,3.58117707003199e-05,-3.74564118357388e-07,0.000353203500302723
37220.7733764093,-5.23682645862317e-07,9.30834824261404e-06,4.14841391565617e-08,9.18282650320858e-05,1.60670157776558e-08,3.55651188256779e-05,-3.69422361433021e-07,0.000350770858297663
37478.9049639467,-5.1649398716325e-07,9.24426707210454e-06,4.09147053759147e-08,9.11958010716215e-05,1.58464687910907e-08,3.53201657879484e-05,-3.64351186871783e-07,0.000348354970709339
37738.8267323548,-5.09404006664601e-07,9.18062665826245e-06,4.03530875090296e-08,9.05676932866901e-05,1.56289490463985e-08,3.50768998855459e-05,-3.59349625772626e-07,0.000345955722146152
38000.5510968034,-5.02411349857016e-07,9.11742397763521e-06,3.97991782885966e-08,8.99439116714858e-05,1.54144149952513e-08,3.48353094974998e-05,-3.54416722534762e-07,0.000343572998011195
38264.0905585636,-4.95514680822779e-07,9.05465602734337e-06,3.9252871919136e-08,8.93244264269285e-05,1.52028256594603e-08,3.45953830828985e-05,-3.49551534675074e-07,0.000341206684496787
38529.4577056047,-4.88712681980675e-07,8.99231982494416e-06,3.87140640568129e-08,8.87092079592398e-05,1.49941406231565e-08,3.4357109180338e-05,-3.44753132648064e-07,0.000338856668579033
38796.6652131954,-4.82004053834313e-07,8.93041240829569e-06,3.81826517895268e-08,8.80982268785266e-05,1.47883200250757e-08,3.41204764073729e-05,-3.40020599668245e-07,0.000336522838012429
39065.7258445091,-4.7538751472395e-07,8.86893083542215e-06,3.76585336172757e-08,8.74914539973765e-05,1.45853245509514e-08,3.38854734599734e-05,-3.35353031534997e-07,0.000334205081324503
39336.6524512341,-4.68861800581674e-07,8.8078721843796e-06,3.71416094327875e-08,8.68888603294612e-05,1.43851154260109e-08,3.36520891119837e-05,-3.30749536459805e-07,0.000331903287810489
39609.4579741865,-4.62425664689984e-07,8.74723355312292e-06,3.66317805024188e-08,8.62904170881513e-05,1.41876544075747e-08,3.34203122145861e-05,-3.26209234895887e-07,0.000329617347528044
39884.1554439296,-4.56077877443652e-07,8.68701205937321e-06,3.61289494473129e-08,8.56960956851382e-05,1.39929037777571e-08,3.31901316957674e-05,-3.21731259370139e-07,0.000327347151291993
40160.7579813948,-4.49817226114882e-07,8.62720484048637e-06,3.56330202248193e-08,8.51058677290689e-05,1.38008263362671e-08,3.29615365597899e-05,-3.17314754317416e-07,0.000325092590669121
40439.2787985098,-4.4364251462166e-07,8.56780905332213e-06,3.51438981101642e-08,8.45197050241867e-05,1.36113853933076e-08,3.27345158866655e-05,-3.12958875917056e-07,0.000322853557972989
40719.7311988284,-4.37552563299315e-07,8.50882187411424e-06,3.46614896783759e-08,8.39375795689841e-05,1.34245447625728e-08,3.25090588316336e-05,-3.08662791931674e-07,0.000320629946258797
41002.1285781671,-4.31546208675185e-07,8.45024049834117e-06,3.41857027864543e-08,8.33594635548628e-05,1.32402687543402e-08,3.22851546246428e-05,-3.04425681548152e-07,0.000318421649318271
41286.4844252437,-4.25622303246398e-07,8.39206214059783e-06,3.37164465557882e-08,8.27853293648051e-05,1.3058522168659e-08,3.20627925698357e-05,-3.00246735220821e-07,0.000316228561674597
41572.812322323,-4.19779715260685e-07,8.33428403446794e-06,3.32536313548107e-08,8.22151495720521e-05,1.28792702886304e-08,3.18419620450379e-05,-2.9612515451679e-07,0.000314050578577379
41861.1259458642,-4.14017328500217e-07,8.27690343239731e-06,3.27971687818944e-08,8.16488969387937e-05,1.27024788737809e-08,3.16226525012499e-05,-2.92060151963404e-07,0.000311887595997642
42151.4390671752,-4.08334042068388e-07,8.21991760556777e-06,3.23469716484796e-08,8.10865444148647e-05,1.25281141535262e-08,3.1404853462143e-05,-2.88050950897787e-07,0.000309739510622856
42443.7655530697,-4.02728770179551e-07,8.16332384377211e-06,3.19029539624352e-08,8.0528065136453e-05,1.23561428207247e-08,3.11885545235583e-05,-2.84096785318463e-07,0.000307606219852012
42738.1193665299,-3.97200441951606e-07,8.10711945528949e-06,3.14650309116459e-08,7.99734324248135e-05,1.21865320253194e-08,3.09737453530094e-05,-2.80196899739e-07,0.000305487621790716
43034.5145673733,-3.91748001201468e-07,8.05130176676197e-06,3.10331188478261e-08,7.94226197849942e-05,1.2019249368067e-08,3.07604156891885e-05,-2.76350549043673e-07,0.000303383615246323
43332.9653129246,-3.86370406243311e-07,7.99586812307153e-06,3.06071352705546e-08,7.88756009045677e-05,1.1854262894353e-08,3.05485553414758e-05,-2.72556998345103e-07,0.000301294099723109
43633.4858586911,-3.81066629689608e-07,7.94081588721808e-06,3.01869988115287e-08,7.83323496523749e-05,1.16915410880915e-08,3.03381541894523e-05,-2.68815522843853e-07,0.000299218975417467
43936.0905590448,-3.75835658254877e-07,7.88614244019804e-06,2.97726292190334e-08,7.77928400772739e-05,1.15310528657087e-08,3.01292021824161e-05,-2.6512540768995e-07,0.000297158143213142
44240.7938679069,-3.70676492562143e-07,7.83184518088389e-06,2.9363947342625e-08,7.7257046406901e-05,1.13727675702093e-08,2.9921689338902e-05,-2.6148594784631e-07,0.0002951115046765
44547.6103394389,-3.6558814695203e-07,7.77792152590428e-06,2.89608751180226e-08,7.67249430464369e-05,1.12166549653233e-08,2.97156057462039e-05,-2.57896447954029e-07,0.000293078962051824
44856.5546287376,-3.60569649294503e-07,7.72436890952509e-06,2.85633355522086e-08,7.61965045773845e-05,1.1062685229734e-08,2.95109415599021e-05,-2.5435622219954e-07,0.000291060418256648
45167.641492535,-3.5562004080316e-07,7.67118478353105e-06,2.81712527087323e-08,7.56717057563525e-05,1.09108289513847e-08,2.93076870033911e-05,-2.50864594183575e-07,0.000289055776877118
45480.8857899031,-3.50738375852106e-07,7.61836661710829e-06,2.77845516932158e-08,7.51505215138494e-05,1.07610571218637e-08,2.91058323674137e-05,-2.47420896791939e-07,0.000287064942163393
45796.3024829641,-3.45923721795312e-07,7.56591189672746e-06,2.74031586390573e-08,7.46329269530843e-05,1.0613341130866e-08,2.8905368009596e-05,-2.44024472068049e-07,0.000285087819025065
46113.9066376045,-3.41175158788474e-07,7.51381812602782e-06,2.70270006933326e-08,7.41188973487776e-05,1.04676527607314e-08,2.87062843539871e-05,-2.40674671087234e-07,0.000283124313026623
46433.713424195,-3.36491779613295e-07,7.46208282570176e-06,2.66560060028871e-08,7.36084081459776e-05,1.03239641810567e-08,2.85085718906008e-05,-2.37370853832743e-07,0.000281174330382941
46755.7381183149,-3.31872689504207e-07,7.41070353338038e-06,2.62901037006216e-08,7.31014349588884e-05,1.01822479433827e-08,2.83122211749615e-05,-2.34112389073474e-07,0.0002792377779548
47079.9961014825,-3.27317005977437e-07,7.3596778035195e-06,2.59292238919628e-08,7.25979535697022e-05,1.00424769759538e-08,2.81172228276526e-05,-2.30898654243366e-07,0.00027731456324444
47406.5028618884,-3.22823858662454e-07,7.30900320728669e-06,2.55732976415224e-08,7.20979399274435e-05,9.90462457854903e-09,2.79235675338682e-05,-2.27729035322461e-07,0.000275404594391143
47735.2739951367,-3.18392389135694e-07,7.25867733244874e-06,2.52222569599368e-08,7.16013701468177e-05,9.76866441738417e-09,2.77312460429675e-05,-2.24602926719581e-07,0.000273507780166842
48066.3252049891,-3.140217507566e-07,7.20869778326011e-06,2.48760347908889e-08,7.11082205070705e-05,9.6345705200844e-09,2.75402491680335e-05,-2.21519731156633e-07,0.000271624029971771
48399.6723041153,-3.09711108505882e-07,7.1590621803518e-06,2.45345649983063e-08,7.06184674508531e-05,9.50231727072489e-09,2.73505677854331e-05,-2.18478859554489e-07,0.000269753253830132
48735.331214848,-3.05459638826027e-07,7.10976816062128e-06,2.41977823537369e-08,7.01320875830972e-05,9.37187940494027e-09,2.71621928343814e-05,-2.15479730920445e-07,0.000267895362385803
49073.317969944,-3.01266529463963e-07,7.06081337712282e-06,2.38656225238953e-08,6.96490576698952e-05,9.24323200510045e-09,2.69751153165085e-05,-2.12521772237208e-07,0.000266050266898066
49413.6487133493,-2.97130979315918e-07,7.01219549895871e-06,2.35380220583826e-08,6.91693546373911e-05,9.11635049555334e-09,2.67893262954296e-05,-2.09604418353427e-07,0.000264217879237372
49756.3397009709,-2.93052198274381e-07,6.96391221117105e-06,2.3214918377572e-08,6.86929555706761e-05,8.99121063793214e-09,2.66048168963174e-05,-2.06727111875706e-07,0.00026239811188113
50101.4073014524,-2.89029407077176e-07,6.91596121463441e-06,2.28962497606626e-08,6.82198377126949e-05,8.86778852652751e-09,2.64215783054788e-05,-2.0388930306212e-07,0.000260590877909532
50448.8679969571,-2.85061837158602e-07,6.86834022594897e-06,2.25819553338959e-08,6.77499784631561e-05,8.74606058372281e-09,2.62396017699326e-05,-2.01090449717172e-07,0.000258796091001393
50798.7383839539,-2.81148730502626e-07,6.82104697733453e-06,2.22719750589339e-08,6.72833553774535e-05,8.62600355549235e-09,2.60588785969923e-05,-1.98330017088211e-07,0.000257013665430037
51151.0351740109,-2.77289339498074e-07,6.77407921652509e-06,2.19662497213973e-08,6.68199461655924e-05,8.50759450696098e-09,2.58794001538496e-05,-1.95607477763258e-07,0.000255243516059201
51505.7751945938,-2.73482926795821e-07,6.72743470666413e-06,2.16647209195596e-08,6.63597286911242e-05,8.39081081802482e-09,2.57011578671624e-05,-1.9292231157024e-07,0.000253485558338962
51862.9753898685,-2.69728765167944e-07,6.68111122620067e-06,2.13673310531985e-08,6.59026809700888e-05,8.27563017903219e-09,2.55241432226448e-05,-1.9027400547761e-07,0.000251739708301711
52222.6528215118,-2.66026137368793e-07,6.63510656878581e-06,2.1074023312597e-08,6.54487811699632e-05,8.16203058652336e-09,2.53483477646606e-05,-1.87662053496324e-07,0.000250005882558131
52584.8246695256,-2.62374335997988e-07,6.58941854317014e-06,2.07847416676985e-08,6.49980076086188e-05,8.04999033902915e-09,2.51737630958187e-05,-1.85085956583169e-07,0.000248283998293224
52949.5082330576,-2.58772663365275e-07,6.54404497310165e-06,2.04994308574083e-08,6.45503387532841e-05,7.93948803292693e-09,2.50003808765719e-05,-1.82545222545419e-07,0.000246573973262349
53316.7209312277,-2.55220431357261e-07,6.49898369722448e-06,2.02180363790433e-08,6.41057532195162e-05,7.83050255835356e-09,2.48281928248187e-05,-1.80039365946794e-07,0.0002448757257873
53686.4803039601,-2.5171696130595e-07,6.45423256897808e-06,1.99405044779256e-08,6.36642297701783e-05,7.7230130951743e-09,2.46571907155068e-05,-1.77567908014714e-07,0.000243189174752398
54058.8040128205,-2.48261583859112e-07,6.40978945649731e-06,1.96667821371188e-08,6.32257473144252e-05,7.6169991090072e-09,2.44873663802408e-05,-1.75130376548828e-07,0.000241514239600623
54433.709841861,-2.44853638852408e-07,6.36565224251295e-06,1.9396817067306e-08,6.27902849066946e-05,7.51244034730168e-09,2.43187117068913e-05,-1.7272630583079e-07,0.000239850840329766
54811.215698468,-2.41492475183282e-07,6.32181882425304e-06,1.91305576968053e-08,6.23578217457067e-05,7.40931683547143e-09,2.41512186392073e-05,-1.7035523653529e-07,0.000238198897488604
55191.3396142186,-2.38177450686582e-07,6.27828711334467e-06,1.88679531617229e-08,6.19283371734691e-05,7.3076088730797e-09,2.39848791764315e-05,-1.68016715642282e-07,0.000236558332173111
55574.0997457415,-2.34907932011885e-07,6.23505503571667e-06,1.8608953296242e-08,6.15018106742907e-05,7.20729703007759e-09,2.38196853729175e-05,-1.65710296350442e-07,0.000234929066022686
55959.5143755845,-2.31683294502508e-07,6.19212053150264e-06,1.83535086230429e-08,6.10782218737999e-05,7.10836214309335e-09,2.36556293377506e-05,-1.63435537991798e-07,0.00023331102121641
56347.6019130871,-2.2850292207618e-07,6.14948155494487e-06,1.81015703438571e-08,6.06575505379722e-05,7.0107853117731e-09,2.34927032343702e-05,-1.61192005947537e-07,0.000231704120469333
56738.380895261,-2.25366207107348e-07,6.10713607429869e-06,1.78530903301482e-08,6.02397765721617e-05,6.91454789517125e-09,2.33308992801954e-05,-1.58979271564965e-07,0.000230108287028779
57131.8699876742,-2.22272550311107e-07,6.06508207173763e-06,1.76080211139233e-08,5.98248800201421e-05,6.81963150819095e-09,2.31702097462538e-05,-1.56796912075614e-07,0.000228523444670685
57528.0879853436,-2.19221360628707e-07,6.02331754325898e-06,1.7366315878668e-08,5.94128410631517e-05,6.72601801807282e-09,2.30106269568109e-05,-1.54644510514463e-07,0.000226949517695953
57927.053813632,-2.16212055114653e-07,5.98184049859023e-06,1.71279284504079e-08,5.90036400189477e-05,6.63368954093248e-09,2.28521432890044e-05,-1.52521655640278e-07,0.000225386430926844
58328.7865291527,-2.13244058825332e-07,5.94064896109587e-06,1.68928132888907e-08,5.85972573408638e-05,6.54262843834488e-09,2.26947511724793e-05,-1.50427941857035e-07,0.000223834109703378
58733.3053206791,-2.10316804709189e-07,5.89974096768501e-06,1.66609254788913e-08,5.81936736168778e-05,6.45281731397617e-09,2.25384430890265e-05,-1.48362969136433e-07,0.000222292479879778
59140.6295100621,-2.07429733498391e-07,5.85911456871943e-06,1.64322207216338e-08,5.77928695686824e-05,6.36423901026116e-09,2.23832115722232e-05,-1.46326342941459e-07,0.000220761467820921
59550.7785531519,-2.04582293601997e-07,5.81876782792241e-06,1.62066553263341e-08,5.73948260507652e-05,6.27687660512698e-09,2.22290492070765e-05,-1.44317674151014e-07,0.000219241000398824
59963.7720407286,-2.01773941000578e-07,5.77869882228795e-06,1.59841862018551e-08,5.69995240494925e-05,6.19071340876103e-09,2.20759486296686e-05,-1.42336578985563e-07,0.000217731004989151
60379.6296994364,-1.99004139142295e-07,5.73890564199085e-06,1.57647708484796e-08,5.66069446822018e-05,6.10573296042387e-09,2.19239025268053e-05,-1.40382678933815e-07,0.000216231409467748
60798.3713927276,-1.96272358840392e-07,5.69938639029709e-06,1.55483673497938e-08,5.62170691962985e-05,6.02191902530538e-09,2.17729036356664e-05,-1.38455600680397e-07,0.000214742142207192
61220.0171218097,-1.93578078172109e-07,5.66013918347509e-06,1.53349343646832e-08,5.58298789683603e-05,5.93925559142444e-09,2.16229447434588e-05,-1.36554976034539e-07,0.000213263132073374
61644.5870266023,-1.90920782378972e-07,5.62116215070725e-06,1.51244311194379e-08,5.5445355503247e-05,5.85772686657073e-09,2.14740186870712e-05,-1.34680441859718e-07,0.000211794308422101
62072.1013866976,-1.88299963768456e-07,5.58245343400243e-06,1.49168173999667e-08,5.50634804332166e-05,5.77731727528892e-09,2.1326118352733e-05,-1.32831640004286e-07,0.000210335601095724
62502.5806223305,-1.85715121616997e-07,5.5440111881086e-06,1.4712053544117e-08,5.46842355170477e-05,5.69801145590376e-09,2.11792366756731e-05,-1.31008217233032e-07,0.000208886940419782
62936.0452953524,-1.83165762074336e-07,5.5058335804265e-06,1.45101004341014e-08,5.43076026391679e-05,5.61979425758657e-09,2.10333666397833e-05,-1.29209825159704e-07,0.000207448257199679
63372.5161102152,-1.8065139806917e-07,5.46791879092345e-06,1.43109194890269e-08,5.39335638087876e-05,5.54265073746135e-09,2.08885012772823e-05,-1.27436120180437e-07,0.000206019482717376
63812.0139149584,-1.78171549216112e-07,5.43026501204808e-06,1.41144726575276e-08,5.35621011590409e-05,5.46656615775113e-09,2.07446336683834e-05,-1.25686763408108e-07,0.000204600548728115
64254.5597022062,-1.75725741723908e-07,5.39287044864536e-06,1.39207224104979e-08,5.31931969461314e-05,5.39152598296304e-09,2.06017569409634e-05,-1.2396142060759e-07,0.000203191387457151
64700.1746101695,-1.73313508304935e-07,5.35573331787243e-06,1.37296317339253e-08,5.28268335484846e-05,5.31751587711241e-09,2.04598642702345e-05,-1.22259762131891e-07,0.00020179193159652
65148.8799236562,-1.70934388085922e-07,5.31885184911474e-06,1.35411641218222e-08,5.24629934659052e-05,5.24452170098456e-09,2.03189488784179e-05,-1.20581462859171e-07,0.000200402114301826
65600.697075087,-1.6858792651991e-07,5.28222428390298e-06,1.33552835692539e-08,5.2101659318742e-05,5.17252950943447e-09,2.01790040344204e-05,-1.18926202130626e-07,0.000199021869189043
66055.6476455202,-1.66273675299412e-07,5.24584887583033e-06,1.31719545654626e-08,5.17428138470561e-05,5.10152554872329e-09,2.00400230535121e-05,-1.17293663689223e-07,0.000197651130331349
66513.7533656814,-1.63991192270776e-07,5.20972389047052e-06,1.29911420870859e-08,5.13864399097971e-05,5.03149625389161e-09,1.99019992970078e-05,-1.15683535619275e-07,0.000196289832255976
66975.0361170023,-1.61740041349704e-07,5.17384760529618e-06,1.28128115914679e-08,5.10325204839833e-05,4.96242824616847e-09,1.97649261719492e-05,-1.14095510286844e-07,0.000194937909941082
67439.5179326655,-1.59519792437951e-07,5.13821830959791e-06,1.26369290100627e-08,5.06810386638891e-05,4.89430833041626e-09,1.96287971307901e-05,-1.12529284280973e-07,0.000193595298812648
67907.2209986571,-1.57330021341156e-07,5.10283430440379e-06,1.24634607419272e-08,5.03319776602363e-05,4.82712349261038e-09,1.94936056710834e-05,-1.10984558355704e-07,0.000192261934741388
68378.167654826,-1.55170309687803e-07,5.06769390239949e-06,1.22923736473052e-08,4.99853207993925e-05,4.76086089735371e-09,1.93593453351707e-05,-1.09461037372916e-07,0.000190937754039695
68852.3803959518,-1.53040244849295e-07,5.03279542784883e-06,1.21236350412971e-08,4.96410515225739e-05,4.69550788542502e-09,1.92260097098735e-05,-1.07958430245927e-07,0.000189622693458591
69329.8818728181,-1.50939419861123e-07,4.99813721651501e-06,1.19572126876185e-08,4.92991533850545e-05,4.63105197136113e-09,1.90935924261868e-05,-1.06476449883883e-07,0.000188316690184712
69810.6948932956,-1.48867433345122e-07,4.96371761558214e-06,1.17930747924429e-08,4.89596100553799e-05,4.56748084107216e-09,1.89620871589749e-05,-1.05014813136907e-07,0.000187019681837303
70294.8424234306,-1.4682388943279e-07,4.92953498357758e-06,1.16311899983305e-08,4.86224053145873e-05,4.50478234948961e-09,1.88314876266691e-05,-1.03573240741999e-07,0.000185731606465243
70782.3475885425,-1.44808397689654e-07,4.8955876902945e-06,1.14715273782384e-08,4.828752305543e-05,4.44294451824653e-09,1.87017875909675e-05,-1.02151457269678e-07,0.000184452402544083
71273.2336743282,-1.42820573040691e-07,4.86187411671522e-06,1.13140564296144e-08,4.79549472816087e-05,4.38195553338982e-09,1.85729808565372e-05,-1.00749191071362e-07,0.000183182008973109
71767.5241279742,-1.40860035696754e-07,4.82839265493486e-06,1.11587470685715e-08,4.7624662107006e-05,4.32180374312351e-09,1.8445061270718e-05,-9.93661742274664e-08,0.000181920365072425
72265.2425592773,-1.38926411082016e-07,4.79514170808558e-06,1.10055696241418e-08,4.7296651754928e-05,4.26247765558341e-09,1.83180227232285e-05,-9.80021424962113e-08,0.000180667410580051
72766.4127417709,-1.37019329762415e-07,4.76211969026143e-06,1.08544948326101e-08,4.69709005573507e-05,4.20396593664207e-09,1.81918591458744e-05,-9.66568352631405e-08,0.000179423085649049
73271.058613862,-1.35138427375071e-07,4.72932502644345e-06,1.07054938319244e-08,4.66473929541706e-05,4.14625740774384e-09,1.80665645122581e-05,-9.53299954913242e-08,0.00017818733084466
73779.2042799737,-1.33283344558678e-07,4.69675615242554e-06,1.05585381561838e-08,4.6326113492462e-05,4.08934104376986e-09,1.79421328374913e-05,-9.40213696722531e-08,0.000176960087141471
74290.8740116972,-1.3145372688485e-07,4.66441151474063e-06,1.04135997302013e-08,4.60070468257377e-05,4.03320597093197e-09,1.78185581779086e-05,-9.27307077773991e-08,0.000175741295920592
74806.0922489501,-1.2964922479041e-07,4.63228957058748e-06,1.02706508641423e-08,4.56901777132171e-05,3.977841464696e-09,1.76958346307838e-05,-9.14577632104487e-08,0.000174530898966855
75324.8836011454,-1.27869493510606e-07,4.60038878775783e-06,1.01296642482352e-08,4.53754910190964e-05,3.92323694773307e-09,1.75739563340477e-05,-9.02022927601845e-08,0.000173328838466038
75847.2728483651,-1.26114193013247e-07,4.5687076445642e-06,9.99061294755577e-09,4.50629717118268e-05,3.86938198789937e-09,1.74529174660082e-05,-8.89640565540206e-08,0.000172135057002101
76373.2849425456,-1.2438298793374e-07,4.53724462976802e-06,9.85347039688268e-09,4.47526048633953e-05,3.81626629624347e-09,1.73327122450721e-05,-8.77428180121692e-08,0.000170949497554443
76902.9450086679,-1.22675547511023e-07,4.50599824250838e-06,9.71821039562355e-09,4.4444375648612e-05,3.76387972504106e-09,1.72133349294688e-05,-8.65383438024423e-08,0.000169772103495181
77436.2783459591,-1.20991545524369e-07,4.4749669922311e-06,9.58480710281057e-09,4.41382693444016e-05,3.71221226585659e-09,1.70947798169759e-05,-8.53504037956689e-08,0.000168602818586441
77973.3104290997,-1.19330660231068e-07,4.44414939861846e-06,9.45323503216504e-09,4.38342713290998e-05,3.66125404763157e-09,1.6977041244647e-05,-8.41787710217284e-08,0.000167441586977678
78514.0669094413,-1.17692574304956e-07,4.41354399151922e-06,9.32346904722935e-09,4.35323670817548e-05,3.61099533479905e-09,1.6860113588541e-05,-8.30232216261834e-08,0.000166288353203004
79058.5736162311,-1.16076974775795e-07,4.38314931087926e-06,9.19548435656607e-09,4.32325421814336e-05,3.56142652542406e-09,1.67439912634533e-05,-8.18835348275123e-08,0.000165143062178541
79606.8565578463,-1.14483552969473e-07,4.35296390667257e-06,9.06925650902253e-09,4.29347823065329e-05,3.51253814936943e-09,1.66286687226493e-05,-8.07594928749242e-08,0.000164005659199787
80158.9419230357,-1.12912004449043e-07,4.32298633883281e-06,8.94476138906074e-09,4.26390732340948e-05,3.46432086648693e-09,1.65141404575989e-05,-7.96508810067578e-08,0.000162876089939009
80714.8560821713,-1.11362028956552e-07,4.29321517718519e-06,8.82197521215115e-09,4.2345400839127e-05,3.41676546483314e-09,1.64004009977138e-05,-7.85574874094462e-08,0.000161754300442641
81274.6255885071,-1.09833330355684e-07,4.26364900137899e-06,8.70087452022977e-09,4.20537510939287e-05,3.36986285890981e-09,1.62874449100858e-05,-7.74791031770502e-08,0.000160640237128713
81838.2771794484,-1.0832561657518e-07,4.23428640082035e-06,8.58143617721745e-09,4.17641100674193e-05,3.32360408792838e-09,1.61752667992275e-05,-7.64155222713426e-08,0.000159533846784288
82405.8377778279,-1.06838599553041e-07,4.20512597460565e-06,8.4636373646009e-09,4.1476463924474e-05,3.2779803140984e-09,1.60638613068144e-05,-7.5366541482444e-08,0.000158435076562923
82977.3344931927,-1.05371995181491e-07,4.17616633145525e-06,8.34745557707403e-09,4.11907989252615e-05,3.23298282093921e-09,1.59532231114286e-05,-7.43319603899955e-08,0.000157343873982143
83552.7946230977,-1.03925523252703e-07,4.14740608964774e-06,8.23286861823945e-09,4.09071014245887e-05,3.1886030116151e-09,1.58433469283052e-05,-7.33115813248684e-08,0.000156260186920936
84132.2456544116,-1.02498907405261e-07,4.11884387695458e-06,8.11985459636858e-09,4.0625357871248e-05,3.14483240729299e-09,1.57342275090793e-05,-7.23052093313953e-08,0.000155183963617262
84715.7152646274,-1.01091875071367e-07,4.0904783305752e-06,8.00839192022036e-09,4.03455548073703e-05,3.10166264552299e-09,1.56258596415355e-05,-7.13126521301235e-08,0.000154115152665582
85303.2313231867,-9.97041574247604e-08,4.06230809707257e-06,7.89845929491681e-09,4.00676788677817e-05,3.05908547864082e-09,1.55182381493588e-05,-7.03337200810761e-08,0.000153053703014401
85894.8218928089,-9.83354893293668e-08,4.03433183230914e-06,7.79003571787588e-09,3.97917167793653e-05,3.01709277219251e-09,1.54113578918874e-05,-6.93682261475213e-08,0.000151999563963832
86490.5152308334,-9.69856092886366e-08,4.00654820138326e-06,7.68310047479929e-09,3.95176553604265e-05,2.9756765033804e-09,1.53052137638669e-05,-6.84159858602348e-08,0.000150952685163172
87090.3397905676,-9.5654259395592e-08,3.97895587856602e-06,7.57763313571626e-09,3.92454815200641e-05,2.93482875953073e-09,1.51998006952065e-05,-6.74768172822571e-08,0.0001499130166085
87694.3242226474,-9.43411852835497e-08,3.95155354723848e-06,7.47361355108076e-09,3.89751822575437e-05,2.89454173658207e-09,1.5095113650737e-05,-6.65505409741302e-08,0.000148880508640286
88302.4973764047,-9.30461360775279e-08,3.92433989982941e-06,7.37102184792302e-09,3.87067446616777e-05,2.85480773759462e-09,1.49911476299699e-05,-6.56369799596161e-08,0.000147855111941019
88914.8883012464,-9.17688643463128e-08,3.89731363775333e-06,7.26983842605319e-09,3.84401559102077e-05,2.81561917127985e-09,1.48878976668586e-05,-6.4735959691881e-08,0.000146836777532855
89531.5262480405,-9.05091260551912e-08,3.87047347134908e-06,7.17004395431776e-09,3.81754032691925e-05,2.77696855055047e-09,1.47853588295614e-05,-6.38473080201491e-08,0.000145825456775275
90152.440670515,-8.9266680519323e-08,3.84381811981872e-06,7.07161936690664e-09,3.79124740923989e-05,2.73884849109012e-09,1.46835262202055e-05,-6.29708551568083e-08,0.000144821101362759
90777.661226663,-8.80412903577625e-08,3.81734631116691e-06,6.97454585971166e-09,3.76513558206984e-05,2.70125170994288e-09,1.45823949746533e-05,-6.21064336449728e-08,0.000143823663322486
91407.217780161,-8.68327214481029e-08,3.79105678214062e-06,6.87880488673437e-09,3.73920359814665e-05,2.66417102412196e-09,1.44819602622699e-05,-6.1253878326487e-08,0.000142833095012035
92041.1404017939,-8.56407428817506e-08,3.76494827816939e-06,6.78437815654366e-09,3.71345021879874e-05,2.62759934923761e-09,1.43822172856924e-05,-6.04130263103716e-08,0.000141849349117116
92679.4593708925,-8.44651269198064e-08,3.73901955330577e-06,6.69124762878155e-09,3.68787421388616e-05,2.59152969814379e-09,1.42831612806005e-05,-5.95837169416996e-08,0.000140872378649305
93322.2051767786,-8.33056489495588e-08,3.71326937016642e-06,6.59939551071743e-09,3.66247436174189e-05,2.55595517960347e-09,1.41847875154891e-05,-5.8765791770904e-08,0.000139902136943803
93969.4085202226,-8.21620874415692e-08,3.68769649987336e-06,6.50880425384903e-09,3.63724944911338e-05,2.52086899697218e-09,1.40870912914424e-05,-5.79590945235012e-08,0.000138938577657205
94621.1003149089,-8.103422390735e-08,3.66229972199585e-06,6.41945655055052e-09,3.6121982711047e-05,2.4862644468997e-09,1.3990067941909e-05,-5.71634710702358e-08,0.00013798165476529
95277.3116889132,-7.99218428576205e-08,3.63707782449246e-06,6.33133533076623e-09,3.58731963111888e-05,2.45213491804946e-09,1.38937128324792e-05,-5.63787693976305e-08,0.000137031322560816
95938.0739861886,-7.88247317611392e-08,3.61202960365368e-06,6.24442375875011e-09,3.56261234080083e-05,2.4184738898357e-09,1.37980213606637e-05,-5.56048395789434e-08,0.000136087535651344
96603.4187680637,-7.77426810040971e-08,3.58715386404483e-06,6.15870522984955e-09,3.53807521998045e-05,2.38527493117771e-09,1.37029889556736e-05,-5.4841533745522e-08,0.000135150248957067
97273.3778147489,-7.66754838500731e-08,3.56244941844941e-06,6.07416336733371e-09,3.51370709661638e-05,2.35253169927146e-09,1.36086110782019e-05,-5.40887060585523e-08,0.000134219417708656
97947.983126856,-7.56229364005338e-08,3.53791508781279e-06,5.99078201926498e-09,3.48950680673992e-05,2.32023793837777e-09,1.3514883220207e-05,-5.3346212681193e-08,0.000133294997445123
98627.2669269249,-7.45848375558808e-08,3.51354970118632e-06,5.90854525541385e-09,3.46547319439945e-05,2.28838747862739e-09,1.34218009046971e-05,-5.2613911751096e-08,0.000132376944011697
99311.2616609643,-7.3560988977028e-08,3.48935209567179e-06,5.82743736421561e-09,3.44160511160518e-05,2.25697423484232e-09,1.33293596855161e-05,-5.18916633532996e-08,0.000131465213557715
100000,-7.25511950475104e-08,3.46532111636627e-06,5.74744284976927e-09,3.41790141827437e-05,2.22599220537336e-09,1.3237555147132e-05,-5.11793294934986e-08,0.000130559762534526
