Frequency_Hz,Y11_Real,Y11_Imag,Y12_Real,Y12_Imag,Y21_Real,Y21_Imag,Y22_Real,Y22_Imag
0.1,0.342156389836236,-0.00158716049886498,0.392214688103506,0.000190608650441941,-0.0814767622050629,0.000190684718864513,-0.383944689631682,-2.08352990992179e-05
0.100693514841637,0.34215650434764,-0.00159818393502276,0.392214705987878,0.000191934853732125,-0.0814768450272482,0.000192012510033135,-0.383945267519112,-2.0951846696763e-05
0.10139183931163,0.342156620421527,-0.00160928415857206,0.392214724127754,0.000193270344312112,-0.0814769289939458,0.000193349621556223,-0.38394585341326,-2.10686187729694e-05
0.102095006765465,0.34215673807877,-0.00162046170905874,0.392214742526875,0.00019461518846309,-0.0814770141208557,0.000194696120400633,-0.383946447424546,-2.11856047144694e-05
0.102803050789954,0.342156857340512,-0.00163171712991492,0.392214761189039,0.000195969452964783,-0.0814771004238898,0.000196052074045886,-0.383947049664898,-2.13027935814063e-05
0.103516005204838,0.342156978228161,-0.00164305096848889,0.392214780118101,0.000197333205099705,-0.0814771879191752,0.000197417550488696,-0.383947660247773,-2.14201741000133e-05
0.104233904064403,0.342157100763401,-0.0016544637760752,0.392214799317975,0.000198706512657467,-0.0814772766230563,0.000198792618247571,-0.383948279288176,-2.15377346549361e-05
0.104956781659108,0.342157224968191,-0.00166595610794516,0.392214818792636,0.000200089443939129,-0.0814773665520985,0.000200177346367475,-0.383948906902683,-2.16554632813913e-05
0.105684672517218,0.342157350864765,-0.00167752852337753,0.39221483854612,0.000201482067761599,-0.0814774577230903,0.00020157180442452,-0.38394954320946,-2.17733476572425e-05
0.106417611406461,0.342157478475644,-0.00168918158568943,0.392214858582525,0.000202884453462077,-0.0814775501530467,0.000202976062530724,-0.383950188328285,-2.18913750948437e-05
0.10715563333568,0.342157607823631,-0.00170091586226765,0.392214878906011,0.000204296670902548,-0.0814776438592118,0.000204390191338825,-0.383950842380571,-2.20095325327262e-05
0.107898773556513,0.342157738931817,-0.00171273192460013,0.392214899520804,0.000205718790474335,-0.0814777388590621,0.00020581426204715,-0.383951505489384,-2.21278065270954e-05
0.108647067565072,0.342157871823584,-0.00172463034830785,0.392214920431194,0.000207150883102679,-0.0814778351703095,0.000207248346404536,-0.38395217777947,-2.22461832431742e-05
0.109400551103639,0.342158006522611,-0.00173661171317687,0.392214941641537,0.000208593020251395,-0.0814779328109039,0.000208692516715315,-0.383952859377272,-2.23646484463283e-05
0.110159260162376,0.342158143052871,-0.0017486766031907,0.392214963156258,0.000210045273927569,-0.081478031799037,0.000210146845844343,-0.383953550410957,-2.24831874930907e-05
0.11092323098104,0.342158281438642,-0.00176082560656308,0.392214984979849,0.000211507716686292,-0.0814781321531449,0.000211611407222114,-0.383954251010439,-2.26017853218359e-05
0.111692500050717,0.342158421704503,-0.00177305931577087,0.392215007116871,0.000212980421635474,-0.0814782338919112,0.0002130862748499,-0.383954961307396,-2.27204264434504e-05
0.112467104115564,0.342158563875342,-0.00178537832758739,0.392215029571958,0.000214463462440696,-0.0814783370342709,0.000214571523304982,-0.383955681435304,-2.28390949316357e-05
0.113247080174565,0.342158707976358,-0.001797783243116,0.392215052349816,0.000215956913330116,-0.0814784415994128,0.00021606722774592,-0.383956411529449,-2.29577744131591e-05
0.114032465483296,0.342158854033065,-0.00181027466782397,0.392215075455221,0.000217460849099431,-0.0814785476067831,0.000217573463917908,-0.383957151726963,-2.30764480577406e-05
0.114823297555707,0.342159002071292,-0.00182285321157674,0.392215098893027,0.000218975345116907,-0.0814786550760891,0.000219090308158166,-0.383957902166837,-2.31950985678693e-05
0.115619614165913,0.342159152117192,-0.00183551948867237,0.392215122668162,0.00022050047732844,-0.0814787640273018,0.000220617837401418,-0.383958662989955,-2.331370816833e-05
0.116421453349997,0.342159304197242,-0.00184827411787646,0.392215146785632,0.000222036322262705,-0.0814788744806601,0.000222156129185426,-0.383959434339113,-2.34322585955342e-05
0.117228853407829,0.342159458338245,-0.00186111772245724,0.39221517125052,0.000223582957036342,-0.0814789864566736,0.000223705261656587,-0.383960216359048,-2.35507310866155e-05
0.118041852904894,0.342159614567337,-0.00187405093022113,0.39221519606799,0.000225140459359206,-0.0814790999761264,0.000225265313575613,-0.383961009196461,-2.36691063682896e-05
0.118860490674132,0.342159772911989,-0.0018870743735485,0.392215221243286,0.000226708907539684,-0.0814792150600804,0.000226836364323256,-0.383961813000046,-2.37873646455194e-05
0.1196848058178,0.342159933400008,-0.00190018868942986,0.392215246781735,0.000228288380490066,-0.0814793317298792,0.000228418493906124,-0.383962627920513,-2.39054855899097e-05
0.120514837709331,0.342160096059547,-0.00191339451950233,0.392215272688747,0.000229878957731982,-0.0814794500071513,0.00023001178296255,-0.383963454110616,-2.40234483278486e-05
0.12135062599522,0.342160260919099,-0.00192669251008647,0.392215298969819,0.000231480719401893,-0.081479569913814,0.000231616312768548,-0.383964291725181,-2.41412314284546e-05
0.122192210596917,0.34216042800751,-0.00194008331222348,0.392215325630533,0.000233093746256666,-0.0814796914720769,0.000233232165243831,-0.383965140921133,-2.42588128912084e-05
0.123039631712731,0.342160597353977,-0.0019535675817127,0.392215352676559,0.000234718119679187,-0.081479814704446,0.000234859422957907,-0.383966001857521,-2.43761701333722e-05
0.123892929819754,0.342160768988053,-0.0019671459791495,0.392215380113658,0.000236353921684063,-0.0814799396337268,0.00023649816913625,-0.38396687469555,-2.44932799771114e-05
0.124752145675793,0.342160942939649,-0.00198081916996352,0.392215407947681,0.000238001234923376,-0.0814800662830288,0.00023814848766654,-0.383967759598606,-2.4610118636411e-05
0.125617320321316,0.342161119239042,-0.00199458782445728,0.392215436184574,0.000239660142692511,-0.0814801946757687,0.000239810463104995,-0.383968656732289,-2.47266617036217e-05
0.126488495081411,0.342161297916874,-0.0020084526178451,0.392215464830374,0.000241330728936053,-0.081480324835675,0.000241484180682767,-0.383969566264434,-2.48428841358173e-05
0.127365711567764,0.342161479004156,-0.00202241423029248,0.392215493891217,0.00024301307825375,-0.0814804567867913,0.000243169726312423,-0.38397048836515,-2.49587602408306e-05
0.128249011680643,0.342161662532276,-0.00203647334695581,0.392215523373336,0.000244707275906546,-0.0814805905534806,0.000244867186594508,-0.383971423206844,-2.50742636629803e-05
0.129138437610901,0.342161848532997,-0.00205063065802244,0.392215553283062,0.000246413407822701,-0.0814807261604292,0.000246576648824189,-0.383972370964251,-2.51893673685472e-05
0.130034031841991,0.342162037038464,-0.00206488685875115,0.392215583626829,0.000248131560603954,-0.081480863632651,0.000248298200997982,-0.383973331814467,-2.53040436309186e-05
0.130935837151994,0.342162228081207,-0.00207924264951303,0.392215614411173,0.000249861821531792,-0.0814810029954913,0.000250031931820565,-0.383974305936979,-2.5418264015406e-05
0.131843896615665,0.342162421694144,-0.00209369873583274,0.392215645642736,0.000251604278573774,-0.081481144274631,0.000251777930711668,-0.383975293513695,-2.553199936383e-05
0.132758253606487,0.342162617910585,-0.00210825582843014,0.392215677328264,0.000253359020389937,-0.0814812874960912,0.000253536287813073,-0.383976294728976,-2.56452197786652e-05
0.133678951798747,0.342162816764235,-0.00212291464326236,0.392215709474614,0.00025512613633928,-0.0814814326862368,0.000255307093995669,-0.38397730976967,-2.57578946069696e-05
0.134606035169616,0.342163018289201,-0.00213767590156624,0.392215742088753,0.000256905716486325,-0.0814815798717814,0.00025709044086663,-0.383978338825142,-2.58699924239048e-05
0.135539548001256,0.342163222519991,-0.00215254032990128,0.392215775177759,0.000258697851607761,-0.0814817290797913,0.000258886420776665,-0.383979382087307,-2.59814810159818e-05
0.136479534882933,0.342163429491519,-0.00216750866019281,0.392215808748825,0.000260502633199167,-0.0814818803376898,0.000260695126827358,-0.383980439750665,-2.60923273638809e-05
0.137426040713143,0.342163639239111,-0.00218258162977584,0.392215842809261,0.000262320153481817,-0.0814820336732621,0.000262516652878626,-0.383981512012333,-2.62024976249962e-05
0.138379110701763,0.342163851798506,-0.00219775998143907,0.392215877366495,0.000264150505409564,-0.0814821891146592,0.000264351093556238,-0.383982599072077,-2.63119571155788e-05
0.139338790372205,0.342164067205861,-0.00221304446346958,0.392215912428075,0.000265993782675818,-0.0814823466904028,0.000266198544259464,-0.383983701132352,-2.64206702925186e-05
0.140305125563594,0.342164285497754,-0.00222843582969776,0.392215948001672,0.00026785007972061,-0.0814825064293899,0.0002680591011688,-0.383984818398332,-2.65286007347446e-05
0.141278162432955,0.342164506711188,-0.00224393483954282,0.392215984095083,0.000269719491737724,-0.0814826683608972,0.000269932861253805,-0.383985951077944,-2.66357111242503e-05
0.14225794745742,0.342164730883594,-0.00225954225805866,0.39221602071623,0.000271602114681953,-0.0814828325145858,0.000271819922281034,-0.38398709938191,-2.67419632267764e-05
0.143244527436446,0.342164958052836,-0.00227525885598023,0.392216057873166,0.000273498045276404,-0.0814829989205062,0.000273720382822082,-0.383988263523776,-2.68473178719683e-05
0.14423794949405,0.342165188257213,-0.00229108540977036,0.392216095574076,0.00027540738101993,-0.0814831676091027,0.000275634342261718,-0.383989443719954,-2.69517349332886e-05
0.145238261081064,0.342165421535464,-0.00230702270166705,0.392216133827277,0.000277330220194636,-0.0814833386112183,0.000277561900806147,-0.383990640189754,-2.70551733074047e-05
0.146245509977397,0.34216565792677,-0.00232307151973119,0.392216172641225,0.000279266661873477,-0.0814835119580999,0.000279503159491361,-0.383991853155425,-2.71575908931711e-05
0.147259744294318,0.342165897470758,-0.0023392326578948,0.392216212024513,0.00028121680592797,-0.0814836876814029,0.000281458220191609,-0.383993082842191,-2.72589445702541e-05
0.148281012476756,0.342166140207506,-0.00235550691600976,0.392216251985878,0.000283180753035982,-0.081483865813196,0.00028342718562798,-0.383994329478289,-2.73591901772084e-05
0.149309363305612,0.342166386177545,-0.00237189509989702,0.392216292534198,0.000285158604689629,-0.0814840463859668,0.000285410159377098,-0.38399559329501,-2.74582824892032e-05
0.150344845900091,0.342166635421863,-0.00238839802139622,0.3922163336785,0.000287150463203273,-0.0814842294326261,0.000287407245879924,-0.383996874526734,-2.75561751952695e-05
0.151387509720044,0.342166887981907,-0.00240501649841595,0.392216375427961,0.000289156431721623,-0.0814844149865137,0.000289418550450695,-0.383998173410971,-2.76528208749544e-05
0.152437404568337,0.34216714389959,-0.00242175135498442,0.392216417791907,0.000291176614227928,-0.0814846030814032,0.000291444179285958,-0.383999490188405,-2.77481709747666e-05
0.153494580593225,0.34216740321729,-0.00243860342130069,0.392216460779822,0.000293211115552297,-0.0814847937515073,0.000293484239473743,-0.384000825102928,-2.78421757839049e-05
0.154559088290748,0.342167665977857,-0.00245557353378637,0.392216504401346,0.0002952600413801,-0.0814849870314832,0.000295538839002849,-0.384002178401684,-2.79347844096105e-05
0.155630978507143,0.342167932224614,-0.0024726625351379,0.392216548666282,0.000297323498260498,-0.0814851829564374,0.000297608086772263,-0.384003550335112,-2.80259447519131e-05
0.156710302441275,0.34216820200136,-0.00248987127437931,0.392216593584593,0.000299401593615068,-0.0814853815619317,0.000299692092600693,-0.384004941156985,-2.81156034780614e-05
0.15779711164708,0.342168475352376,-0.00250720060691557,0.392216639166413,0.000301494435746558,-0.0814855828839885,0.000301790967236245,-0.384006351124453,-2.82037059961791e-05
0.158891458036027,0.342168752322427,-0.00252465139458642,0.392216685422042,0.000303602133847733,-0.0814857869590958,0.000303904822366216,-0.384007780498085,-2.82901964286306e-05
0.159993393879601,0.342169032956761,-0.0025422245057208,0.392216732361955,0.000305724798010347,-0.0814859938242133,0.000306033770627032,-0.384009229541916,-2.83750175846427e-05
0.161102971811794,0.34216931730112,-0.00255992081519186,0.392216779996804,0.000307862539234243,-0.0814862035167774,0.000308177925614316,-0.384010698523485,-2.84581109325291e-05
0.162220244831628,0.342169605401736,-0.00257774120447247,0.392216828337418,0.00031001546943655,-0.0814864160747074,0.000310337401893084,-0.384012187713884,-2.85394165712577e-05
0.163345266305675,0.342169897305337,-0.00259568656169127,0.392216877394811,0.000312183701461021,-0.0814866315364107,0.000312512315008099,-0.384013697387799,-2.86188732014775e-05
0.164478089970617,0.342170193059151,-0.00261375778168948,0.392216927180181,0.000314367349087476,-0.081486849940789,0.000314702781494349,-0.384015227823559,-2.86964180959831e-05
0.165618769935804,0.342170492710904,-0.00263195576607806,0.39221697770492,0.000316566527041386,-0.0814870713272434,0.000316908918887679,-0.384016779303179,-2.87719870694994e-05
0.166767360685846,0.342170796308831,-0.00265028142329568,0.392217028980608,0.000318781351003568,-0.0814872957356809,0.000319130845735567,-0.384018352112406,-2.88455144479734e-05
0.167923917083208,0.342171103901671,-0.00266873566866707,0.392217081019026,0.000321011937620028,-0.0814875232065197,0.000321368681608035,-0.384019946540766,-2.89169330371895e-05
0.169088494370839,0.342171415538671,-0.00268731942446219,0.392217133832153,0.000323258404511902,-0.0814877537806957,0.00032362254710874,-0.384021562881613,-2.89861740907157e-05
0.170261148174801,0.342171731269593,-0.00270603361995584,0.392217187432176,0.000325520870285572,-0.0814879874996679,0.000325892563886181,-0.384023201432175,-2.90531672772661e-05
0.171441934506935,0.342172051144713,-0.00272487919148802,0.392217241831487,0.000327799454542883,-0.0814882244054248,0.00032817885464509,-0.384024862493603,-2.9117840647408e-05
0.172630909767531,0.342172375214823,-0.00274385708252487,0.392217297042691,0.000330094277891511,-0.0814884645404904,0.000330481543157974,-0.384026546371017,-2.91801205995271e-05
0.173828130748022,0.342172703531234,-0.0027629682437202,0.392217353078612,0.000332405461955466,-0.0814887079479303,0.000332800754276798,-0.38402825337356,-2.9239931845261e-05
0.1750336546337,0.342173036145779,-0.00278221363297772,0.392217409952292,0.000334733129385737,-0.0814889546713576,0.000335136613944862,-0.384029983814444,-2.92971973740175e-05
0.176247539006444,0.342173373110814,-0.00280159421551396,0.392217467676998,0.000337077403871084,-0.0814892047549397,0.000337489249208817,-0.384031738011,-2.9351838417048e-05
0.177469841847474,0.34217371447922,-0.00282111096392172,0.392217526266227,0.000339438410148964,-0.0814894582434041,0.000339858788230867,-0.384033516284735,-2.94037744105191e-05
0.178700621540116,0.342174060304407,-0.00284076485823434,0.39221758573371,0.000341816274016624,-0.0814897151820449,0.000342245360301122,-0.384035318961373,-2.94529229581467e-05
0.179939936872594,0.342174410640312,-0.00286055688599052,0.392217646093414,0.000344211122342323,-0.081489975616729,0.000344649095850144,-0.384037146370915,-2.94991997928061e-05
0.181187847040838,0.342174765541404,-0.00288048804229995,0.392217707359551,0.000346623083076718,-0.0814902395939028,0.000347070126461659,-0.38403899884769,-2.95425187375985e-05
0.182444411651309,0.342175125062683,-0.00290055932990946,0.39221776954658,0.000349052285264405,-0.0814905071605985,0.000349508584885444,-0.384040876730406,-2.9582791665983e-05
0.183709690723849,0.342175489259683,-0.00292077175927009,0.39221783266921,0.000351498859055614,-0.0814907783644405,0.000351964605050406,-0.384042780362202,-2.96199284612157e-05
0.184983744694544,0.342175858188472,-0.00294112634860462,0.39221789674241,0.000353962935718067,-0.0814910532536522,0.000354438322077828,-0.384044710090708,-2.96538369749764e-05
0.186266634418617,0.342176231905656,-0.0029616241239761,0.392217961781409,0.000356444647648989,-0.0814913318770625,0.000356929872294828,-0.384046666268094,-2.96844229850761e-05
0.187558421173328,0.342176610468375,-0.00298226611935684,0.392218027801704,0.000358944128387299,-0.0814916142841123,0.000359439393247981,-0.384048649251125,-2.97115901524564e-05
0.188859166660905,0.342176993934308,-0.00300305337669828,0.392218094819065,0.000361461512625953,-0.0814919005248615,0.000361967023717147,-0.384050659401224,-2.97352399772875e-05
0.190168933011491,0.342177382361671,-0.00302398694600162,0.392218162849538,0.000363996936224466,-0.0814921906499954,0.000364512903729495,-0.384052697084517,-2.97552717541602e-05
0.191487782786108,0.34217777580922,-0.0030450678853891,0.392218231909454,0.000366550536221601,-0.0814924847108317,0.000367077174573725,-0.3840547626719,-2.97715825264486e-05
0.192815778979652,0.342178174336249,-0.00306629726117614,0.392218302015433,0.000369122450848253,-0.0814927827593275,0.000369659978814492,-0.384056856539089,-2.97840670397329e-05
0.194152985023894,0.34217857800259,-0.00308767614794415,0.392218373184389,0.000371712819540459,-0.0814930848480856,0.000372261460307021,-0.384058979066683,-2.97926176943547e-05
0.195499464790516,0.342178986868615,-0.00310920562861427,0.392218445433534,0.00037432178295266,-0.081493391030362,0.000374881764211967,-0.384061130640218,-2.97971244969525e-05
0.196855282594159,0.342179400995234,-0.00313088679452171,0.392218518780392,0.000376949482971091,-0.0814937013600726,0.000377521037010436,-0.384063311650231,-2.97974750111951e-05
0.198220503195496,0.342179820443895,-0.0031527207454911,0.392218593242793,0.000379596062727387,-0.0814940158918001,0.00038017942651927,-0.384065522492314,-2.97935543073294e-05
0.199595191804325,0.342180245276582,-0.00317470858991236,0.39221866883889,0.000382261666612348,-0.0814943346808014,0.000382857081906508,-0.384067763567178,-2.97852449109431e-05
0.200979414082682,0.342180675555819,-0.00319685144481776,0.392218745587161,0.000384946440289944,-0.081494657783014,0.0003855541537071,-0.384070035280714,-2.97724267506322e-05
0.202373236147981,0.34218111134466,-0.00321915043595943,0.392218823506411,0.000387650530711466,-0.0814949852550641,0.000388270793838825,-0.384072338044051,-2.97549771046748e-05
0.203776724576168,0.342181552706695,-0.00324160669788798,0.392218902615789,0.000390374086129901,-0.0814953171542728,0.000391007155618453,-0.384074672273619,-2.97327705465755e-05
0.205189946404906,0.342181999706048,-0.00326422137403183,0.392218982934786,0.000393117256114511,-0.0814956535386637,0.000393763393778123,-0.384077038391214,-2.97056788896716e-05
0.206612969136771,0.342182452407369,-0.00328699561677744,0.392219064483245,0.0003958801915656,-0.0814959944669701,0.000396539664481966,-0.384079436824057,-2.96735711306437e-05
0.208045860742482,0.342182910875839,-0.00330993058755035,0.392219147281367,0.000398663044729495,-0.0814963399986425,0.000399336125342958,-0.38408186800486,-2.96363133917912e-05
0.209488689664142,0.342183375177164,-0.0033330274568972,0.392219231349723,0.000401465969213753,-0.0814966901938552,0.000402152935440036,-0.38408433237189,-2.9593768862364e-05
0.210941524818514,0.342183845377571,-0.00335628740456848,0.392219316709253,0.00040428912000255,-0.0814970451135145,0.000404990255335429,-0.384086830369032,-2.95457977386449e-05
0.212404435600306,0.342184321543809,-0.00337971161960239,0.392219403381281,0.000407132653472327,-0.0814974048192651,0.000407848247092264,-0.384089362445855,-2.94922571629358e-05
0.21387749188549,0.34218480374314,-0.00340330130040932,0.39221949138752,0.000409996727407611,-0.0814977693734984,0.000410727074292411,-0.384091929057679,-2.94330011612678e-05
0.215360764034637,0.342185292043342,-0.00342705765485754,0.39221958075008,0.000412881501017102,-0.0814981388393592,0.000413626902054597,-0.384094530665638,-2.93678805800349e-05
0.21685432289628,0.342185786512701,-0.00345098190035957,0.392219671491474,0.000415787134949958,-0.0814985132807533,0.000416547897052762,-0.384097167736752,-2.92967430213023e-05
0.218358239810298,0.342186287220006,-0.00347507526395964,0.39221976363463,0.000418713791312335,-0.0814988927623555,0.000419490227534697,-0.384099840743988,-2.92194327769779e-05
0.21987258661132,0.342186794234546,-0.00349933898242198,0.392219857202898,0.000421661633684121,-0.081499277349616,0.000422454063340951,-0.384102550166332,-2.91357907615114e-05
0.22139743563216,0.342187307626106,-0.00352377430232025,0.392219952220058,0.000424630827135964,-0.0814996671087689,0.000425439575924,-0.384105296488859,-2.9045654443581e-05
0.222932859707273,0.342187827464959,-0.0035483824801276,0.392220048710329,0.000427621538246492,-0.0815000621068391,0.000428446938367692,-0.384108080202798,-2.89488577762329e-05
0.224478932176229,0.342188353821862,-0.00357316478230812,0.392220146698379,0.000430633935119807,-0.0815004624116502,0.000431476325406988,-0.384110901805602,-2.88452311257778e-05
0.22603572688722,0.342188886768049,-0.00359812248540893,0.392220246209334,0.000433668187403203,-0.0815008680918316,0.00043452791344797,-0.384113761801022,-2.87346011994399e-05
0.227603318200585,0.342189426375226,-0.00362325687615344,0.392220347268785,0.00043672446630517,-0.0815012792168266,0.000437601880588154,-0.384116660699173,-2.86167909713184e-05
0.229181780992365,0.342189972715561,-0.00364856925153562,0.392220449902803,0.000439802944613623,-0.0815016958568996,0.00044069840663708,-0.38411959901661,-2.84916196073084e-05
0.230771190657875,0.342190525861678,-0.00367406091891513,0.392220554137942,0.000442903796714403,-0.0815021180831436,0.000443817673137214,-0.384122577276394,-2.83589023883299e-05
0.23237162311531,0.342191085886653,-0.00369973319611367,0.392220660001256,0.000446027198610038,-0.0815025459674881,0.000446959863385141,-0.384125596008169,-2.82184506321462e-05
0.233983154809368,0.342191652863998,-0.0037255874115123,0.392220767520305,0.000449173327938784,-0.0815029795827064,0.000450125162453072,-0.384128655748232,-2.80700716138033e-05
0.235605862714901,0.342192226867659,-0.00375162490414973,0.392220876723167,0.000452342363993918,-0.0815034190024234,0.000453313757210657,-0.384131757039608,-2.79135684845278e-05
0.237239824340596,0.342192807972001,-0.00377784702382173,0.392220987638447,0.000455534487743323,-0.081503864301123,0.00045652583634711,-0.384134900432124,-2.77487401889112e-05
0.238885117732672,0.342193396251805,-0.00380425513118166,0.392221100295293,0.000458749881849342,-0.0815043155541558,0.000459761590393667,-0.384138086482481,-2.75753813808455e-05
0.240541821478611,0.342193991782251,-0.00383085059784195,0.392221214723401,0.000461988730688912,-0.0815047728377465,0.000463021211746343,-0.38414131575433,-2.73932823375983e-05
0.242210014710909,0.34219459463891,-0.0038576348064768,0.392221330953032,0.000465251220374012,-0.0815052362290018,0.000466304894689044,-0.38414458881835,-2.7202228872425e-05
0.24388977711086,0.342195204897733,-0.00388460915092591,0.392221449015019,0.000468537538772364,-0.0815057058059174,0.000469612835417002,-0.384147906252319,-2.70020022455075e-05
0.24558118891236,0.342195822635039,-0.00391177503629924,0.392221568940783,0.000471847875528456,-0.0815061816473862,0.000472945232060529,-0.384151268641192,-2.67923790731803e-05
0.247284330905736,0.342196447927501,-0.00393913387908318,0.392221690762346,0.000475182422084863,-0.0815066638332054,0.000476302284709158,-0.384154676577182,-2.65731312355105e-05
0.24899928444161,0.342197080852133,-0.00396668710724742,0.392221814512338,0.000478541371703858,-0.0815071524440838,0.000479684195436069,-0.384158130659829,-2.63440257821726e-05
0.250726131434783,0.342197721486278,-0.00399443616035332,0.392221940224016,0.000481924919489356,-0.0815076475616499,0.000483091168322934,-0.384161631496085,-2.6104824836462e-05
0.252464954368146,0.342198369907592,-0.00402238248966331,0.392222067931275,0.000485333262409144,-0.0815081492684588,0.000486523409485064,-0.384165179700388,-2.58552854976724e-05
0.254215836296621,0.342199026194028,-0.00405052755825134,0.392222197668661,0.000488766599317442,-0.0815086576479998,0.000489981127096944,-0.384168775894744,-2.55951597414941e-05
0.25597886085113,0.342199690423822,-0.00407887284111471,0.392222329471386,0.000492225130977801,-0.0815091727847037,0.000493464531418135,-0.3841724207088,-2.53241943187488e-05
0.257754112242586,0.342200362675475,-0.00410741982528692,0.392222463375342,0.000495709060086291,-0.0815096947639503,0.000496973834819531,-0.38417611477993,-2.5042130652124e-05
0.259541675265918,0.342201043027738,-0.00413617000995175,0.392222599417114,0.000499218591295052,-0.0815102236720755,0.000500509251810012,-0.384179858753311,-2.47487047310077e-05
0.261341635304121,0.34220173155959,-0.0041651249065586,0.392222737633999,0.000502753931236175,-0.0815107595963786,0.000504070999063464,-0.384183653282004,-2.44436470044698e-05
0.263154078332332,0.342202428350225,-0.00419428603893895,0.392222878064015,0.00050631528854591,-0.0815113026251298,0.000507659295446188,-0.384187499027035,-2.4126682272238e-05
0.26497909092194,0.342203133479025,-0.00422365494342408,0.392223020745922,0.000509902873889225,-0.0815118528475766,0.000511274362044701,-0.384191396657474,-2.37975295736131e-05
0.266816760244719,0.342203847025546,-0.0042532331689641,0.392223165719237,0.000513516899984724,-0.0815124103539515,0.000514916422193943,-0.384195346850519,-2.34559020744277e-05
0.268667174076992,0.342204569069495,-0.00428302227724805,0.392223313024246,0.000517157581629902,-0.081512975235479,0.000518585701505861,-0.384199350291575,-2.31015069519641e-05
0.270530420803823,0.342205299690706,-0.00431302384282539,0.392223462702028,0.000520825135726781,-0.081513547584382,0.000522282427898429,-0.38420340767434,-2.27340452776809e-05
0.27240658942324,0.342206038969119,-0.00434323945322869,0.392223614794466,0.000524519781307891,-0.0815141274938895,0.00052600683162505,-0.38420751970088,-2.23532118979256e-05
0.274295769550488,0.342206786984756,-0.00437367070909759,0.392223769344266,0.000528241739562616,-0.0815147150582425,0.000529759145304404,-0.384211687081719,-2.1958695312331e-05
0.276198051422303,0.342207543817695,-0.00440431922430407,0.392223926394977,0.000531991233863946,-0.0815153103727013,0.000533539603950693,-0.384215910535918,-2.15501775502544e-05
0.278113525901229,0.342208309548046,-0.00443518662607895,0.392224085991007,0.000535768489795562,-0.081515913533552,0.000537348445004333,-0.384220190791159,-2.11273340446419e-05
0.280042284479955,0.342209084255924,-0.00446627455513965,0.392224248177643,0.000539573735179343,-0.0815165246381128,0.000541185908363052,-0.384224528583826,-2.06898335040617e-05
0.281984419285683,0.342209868021418,-0.00449758466581951,0.392224413001069,0.000543407200103231,-0.0815171437847407,0.000545052236413469,-0.384228924659092,-2.02373377820239e-05
0.283940023084533,0.342210660924569,-0.00452911862619796,0.392224580508387,0.000547269116949514,-0.0815177710728375,0.000548947674063066,-0.384233379771001,-1.97695017442254e-05
0.285909189285972,0.342211463045333,-0.00456087811823242,0.392224750747636,0.000551159720423491,-0.0815184066028565,0.000552872468772633,-0.384237894682551,-1.92859731333733e-05
0.287892011947275,0.342212274463554,-0.00459286483789134,0.392224923767813,0.000555079247582542,-0.0815190504763078,0.000556826870589185,-0.38424247016578,-1.87863924314483e-05
0.289888585778017,0.342213095258932,-0.00462508049528864,0.392225099618894,0.00055902793786562,-0.081519702795765,0.000560811132179296,-0.384247107001848,-1.82703927198435e-05
0.291899006144599,0.34221392551099,-0.00465752681481933,0.392225278351856,0.000563006033123115,-0.0815203636648707,0.000564825508862929,-0.384251805981123,-1.77375995366463e-05
0.293923369074803,0.342214765299037,-0.00469020553529672,0.392225460018698,0.000567013777647208,-0.0815210331883421,0.000568870258647722,-0.384256567903265,-1.71876307317187e-05
0.295961771262377,0.342215614702135,-0.00472311841009083,0.392225644672464,0.000571051418202571,-0.0815217114719768,0.000572945642263753,-0.384261393577309,-1.66200963190657e-05
0.298014310071653,0.342216473799062,-0.00475626720726814,0.392225832367265,0.000575119204057541,-0.0815223986226579,0.000577051923198786,-0.38426628382175,-1.603459832656e-05
0.300081083542203,0.342217342668273,-0.00478965370973278,0.392226023158306,0.000579217387015716,-0.0815230947483595,0.000581189367733988,-0.38427123946463,-1.54307306433135e-05
0.302162190393513,0.342218221387862,-0.00482327971536908,0.392226217101906,0.000583346221447988,-0.0815237999581514,0.000585358244980172,-0.384276261343618,-1.48080788639621e-05
0.304257730029708,0.342219110035519,-0.00485714703718542,0.392226414255525,0.000587505964325011,-0.0815245143622046,0.00058955882691448,-0.384281350306099,-1.41662201306805e-05
0.306367802544292,0.342220008688493,-0.00489125750345958,0.392226614677789,0.000591696875250131,-0.0815252380717952,0.000593791388417626,-0.384286507209253,-1.35047229721172e-05
0.308492508724934,0.34222091742354,-0.00492561295788537,0.392226818428516,0.000595919216492774,-0.0815259711993096,0.000598056207311612,-0.384291732920146,-1.28231471397608e-05
0.31063195005828,0.342221836316887,-0.00496021525972068,0.39222702556874,0.000600173253022256,-0.0815267138582486,0.000602353564397946,-0.384297028315806,-1.21210434413793e-05
0.312786228734801,0.342222765444182,-0.00499506628393693,0.392227236160743,0.000604459252542105,-0.0815274661632314,0.000606683743496416,-0.384302394283316,-1.13979535715791e-05
0.314955447653674,0.342223704880443,-0.00503016792136994,0.392227450268079,0.00060877748552481,-0.0815282282299996,0.000611047031484345,-0.384307831719888,-1.06534099396441e-05
0.317139710427697,0.342224654700016,-0.00506552207887213,0.392227667955603,0.000613128225247072,-0.0815290001754209,0.000615443718336399,-0.384313341532954,-9.88693549419661e-06
0.319339121388238,0.342225614976515,-0.00510113067946617,0.3922278892895,0.000617511747825515,-0.0815297821174923,0.000619874097164917,-0.384318924640246,-9.09804354497917e-06
0.321553785590219,0.342226585782779,-0.00513699566250003,0.392228114337317,0.000621928332252886,-0.081530574175344,0.000624338464260773,-0.384324581969879,-8.28623758177688e-06
0.323783808817133,0.342227567190809,-0.00517311898380338,0.39222834316799,0.000626378260434741,-0.0815313764692413,0.000628837119134796,-0.384330314460435,-7.45101108991231e-06
0.326029297586097,0.342228559271718,-0.00520950261584547,0.392228575851878,0.000630861817226631,-0.0815321891205883,0.000633370364559718,-0.384336123061041,-6.59184736311047e-06
0.328290359152942,0.342229562095672,-0.00524614854789435,0.392228812460792,0.000635379290471772,-0.0815330122519297,0.000637938506612699,-0.384342008731456,-5.70821931274862e-06
0.330567101517332,0.342230575731828,-0.00528305878617755,0.392229053068029,0.000639930971039227,-0.0815338459869532,0.000642541854718375,-0.384347972442149,-4.79958927432356e-06
0.332859633427924,0.342231600248275,-0.00532023535404398,0.392229297748409,0.000644517152862589,-0.0815346904504912,0.000647180721692489,-0.384354015174381,-3.86540881049113e-06
0.335168064387565,0.342232635711973,-0.00535768029212759,0.392229546578302,0.000649138132979189,-0.0815355457685226,0.000651855423786097,-0.384360137920285,-2.90511851083752e-06
0.337492504658521,0.342233682188682,-0.005395395658512,0.392229799635668,0.000653794211569788,-0.0815364120681736,0.000656566280730325,-0.384366341682942,-1.9181477884378e-06
0.339833065267741,0.342234739742903,-0.00543338352889688,0.392230057000093,0.00065848569199882,-0.0815372894777192,0.000661313615781704,-0.384372627476467,-9.03914673063e-07
0.342189858012163,0.3422358084378,-0.00547164599676541,0.392230318752822,0.000663212880855151,-0.0815381781265832,0.0006660977557681,-0.384378996326082,1.38174399089142e-07
0.344562995464054,0.342236888335136,-0.00551018517355338,0.3922305849768,0.000667976087993365,-0.081539078145339,0.000670919031135201,-0.384385449268192,1.20872479893869e-06
0.346952590976386,0.342237979495198,-0.00554900318881954,0.392230855756707,0.000672775626575575,-0.0815399896657089,0.000675777775993634,-0.384391987350467,2.30835392163453e-06
0.349358758688252,0.342239081976723,-0.00558810219041728,0.392231131179003,0.000677611813113782,-0.081540912820564,0.000680674328166622,-0.384398611631915,3.43769140723205e-06
0.351781613530314,0.342240195836814,-0.00562748434466785,0.39223141133196,0.000682484967512789,-0.0815418477439234,0.000685609029238294,-0.384405323182955,4.59737936470833e-06
0.354221271230298,0.342241321130872,-0.00566715183653461,0.392231696305711,0.000687395413113598,-0.0815427945709523,0.000690582224602541,-0.384412123085494,5.7880725997661e-06
0.356677848318515,0.342242457912503,-0.00570710686979905,0.392231986192287,0.000692343476737454,-0.0815437534379611,0.000695594263512508,-0.384419012432998,7.01043884607233e-06
0.359151462133436,0.342243606233442,-0.00574735166723779,0.392232281085662,0.00069732948873034,-0.0815447244824029,0.000700645499130705,-0.384425992330563,8.26515900043123e-06
0.361642230827288,0.34224476614346,-0.00578788847080107,0.392232581081795,0.000702353783008123,-0.0815457078428709,0.000705736288579686,-0.38443306389499,9.55292736134344e-06
0.364150273371703,0.342245937690282,-0.00582871954179249,0.39223288627868,0.000707416697102164,-0.0815467036590958,0.000710866992993378,-0.384440228254848,1.08744518715481e-05
0.366675709563398,0.34224712091949,-0.00586984716105014,0.392233196776387,0.000712518572205563,-0.0815477120719417,0.000716037977569028,-0.384447486550548,1.22304543642149e-05
0.369218660029898,0.342248315874431,-0.00591127362912885,0.392233512677111,0.000717659753219945,-0.0815487332234028,0.000721249611619751,-0.384454839934405,1.3621670813084e-05
0.371779246235299,0.342249522596121,-0.00595300126648396,0.39223383408522,0.00072284058880281,-0.0815497672565987,0.000726502268627702,-0.384462289570707,1.50488515862079e-05
0.374357590486067,0.342250741123146,-0.00599503241365602,0.392234161107306,0.000728061431415454,-0.0815508143157696,0.000731796326297908,-0.384469836635777,1.65127617040295e-05
0.376953815936883,0.34225197149156,-0.00603736943145701,0.392234493852235,0.000733322637371458,-0.0815518745462705,0.000737132166612682,-0.384477482318037,1.80141811009296e-05
0.379568046596523,0.342253213734781,-0.0060800147011576,0.392234832431197,0.000738624566885776,-0.0815529480945658,0.000742510175886703,-0.384485227818066,1.95539048910703e-05
0.382200407333782,0.342254467883483,-0.00612297062467577,0.392235176957759,0.000743967584124382,-0.0815540351082223,0.000747930744822707,-0.384493074348662,2.11327436379916e-05
0.384851023883439,0.342255733965486,-0.00616623962476638,0.392235527547923,0.000749352057254494,-0.0815551357359022,0.000753394268567842,-0.384501023134897,2.27515236286557e-05
0.387520022852263,0.342257012005644,-0.00620982414521209,0.392235884320178,0.000754778358495371,-0.0815562501273556,0.000758901146770609,-0.384509075414175,2.44110871509759e-05
0.390207531725059,0.34225830202573,-0.00625372665101532,0.392236247395556,0.000760246864169745,-0.081557378433412,0.000764451783638498,-0.384517232436282,2.61122927761315e-05
0.392913678870758,0.342259604044313,-0.0062979496285914,0.392236616897694,0.000765757954755752,-0.0815585208059714,0.000770046587996229,-0.384525495463442,2.78560156444368e-05
0.395638593548549,0.342260918076641,-0.00634249558596259,0.392236992952889,0.000771312014939513,-0.0815596773979949,0.000775685973344631,-0.384533865770363,2.96431477558173e-05
0.398382405914052,0.342262244134516,-0.00638736705295347,0.392237375690163,0.000776909433668289,-0.0815608483634945,0.000781370357920198,-0.384542344644283,3.14745982643444e-05
0.401145247025537,0.342263582226159,-0.006432566581387,0.392237765241319,0.000782550604204175,-0.0815620338575219,0.000787100164755223,-0.384550933385021,3.33512937768787e-05
0.403927248850181,0.342264932356089,-0.00647809674528189,0.392238161741014,0.000788235924178453,-0.0815632340361575,0.000792875821738636,-0.384559633305014,3.52741786563138e-05
0.406728544270374,0.34226629452498,-0.00652396014105073,0.392238565326814,0.00079396579564645,-0.0815644490564974,0.000798697761677451,-0.384568445729359,3.72442153288993e-05
0.409549267090063,0.342267668729527,-0.00657015938769902,0.392238976139267,0.000799740625143043,-0.0815656790766414,0.000804566422358845,-0.38457737199585,3.92623845958395e-05
0.412389552041149,0.342269054962304,-0.0066166971270253,0.39223939432197,0.000805560823738723,-0.0815669242556782,0.000810482246612907,-0.384586413455015,4.13296859495954e-05
0.415249534789915,0.342270453211619,-0.00666357602382194,0.392239820021636,0.000811426807096222,-0.0815681847536717,0.000816445682375988,-0.384595571470146,4.34471378940871e-05
0.418129351943512,0.342271863461365,-0.00671079876607676,0.39224025338817,0.000817338995527741,-0.0815694607316451,0.000822457182754725,-0.384604847417331,4.56157782699473e-05
0.421029141056481,0.34227328569087,-0.0067583680651755,0.392240694574737,0.000823297814052733,-0.0815707523515656,0.000828517206090661,-0.384614242685476,4.78366645834949e-05
0.423949040637325,0.342274719874742,-0.00680628665610506,0.392241143737839,0.000829303692456303,-0.0815720597763265,0.000834626216025544,-0.384623758676334,5.01108743408696e-05
0.426889190155123,0.342276165982705,-0.00685455729765719,0.392241601037392,0.000835357065348108,-0.0815733831697302,0.000840784681567185,-0.38463339680452,5.2439505386026e-05
0.429849730046193,0.342277623979443,-0.00690318277263308,0.392242066636801,0.000841458372221897,-0.0815747226964694,0.000846993077156029,-0.384643158497534,5.48236762439036e-05
0.432830801720801,0.342279093824427,-0.00695216588804847,0.392242540703044,0.000847608057515552,-0.0815760785221073,0.000853251882732279,-0.384653045195768,5.72645264674543e-05
0.435832547569911,0.342280575471749,-0.00700150947533919,0.39224302340675,0.000853806570671721,-0.0815774508130576,0.000859561583803663,-0.384663058352521,5.97632169896806e-05
0.438855110971994,0.342282068869946,-0.00705121639056739,0.392243514922284,0.000860054366199008,-0.0815788397365629,0.000865922671513846,-0.384673199434003,6.23209304801142e-05
0.441898636299867,0.342283573961821,-0.00710128951462796,0.392244015427832,0.000866351903733663,-0.0815802454606724,0.000872335642711376,-0.384683469919341,6.4938871705722e-05
0.444963268927599,0.342285090684262,-0.00715173175345557,0.392244525105489,0.000872699648101864,-0.0815816681542187,0.000878801000019316,-0.384693871300572,6.76182678966825e-05
0.448049155237445,0.342286618968053,-0.00720254603823198,0.392245044141348,0.000879098069382523,-0.0815831079867936,0.00088531925190544,-0.384704405082645,7.0360369116465e-05
0.451156442626847,0.342288158737687,-0.00725373532559336,0.39224557272559,0.000885547642970568,-0.0815845651287228,0.000891890912752984,-0.384715072783409,7.31664486367245e-05
0.454285279515466,0.342289709911167,-0.00730530259783831,0.392246111052579,0.000892048849640815,-0.0815860397510393,0.000898516502932068,-0.384725875933597,7.60378033167614e-05
0.457435815352278,0.34229127239981,-0.00735725086313555,0.392246659320956,0.00089860217561229,-0.0815875320254567,0.000905196548871619,-0.384736816076812,7.89757539875202e-05
0.46060820062271,0.342292846108043,-0.00740958315573191,0.392247217733737,0.000905208112613076,-0.0815890421243397,0.000911931583131886,-0.384747894769506,8.19816458402511e-05
0.463802586855826,0.342294430933191,-0.00746230253616032,0.392247786498416,0.000911867157945633,-0.0815905702206756,0.000918722144477552,-0.384759113580948,8.50568488198755e-05
0.467019126631568,0.342296026765273,-0.00751541209144772,0.39224836582706,0.000918579814552644,-0.0815921164880429,0.000925568777951344,-0.384770474093197,8.82027580228761e-05
0.470257973588042,0.342297633486778,-0.00756891493532281,0.392248955936419,0.000925346591083218,-0.0815936811005795,0.00093247203494823,-0.384781977901066,9.14207940996975e-05
0.473519282428857,0.342299250972446,-0.00762281420842356,0.392249557048032,0.000932168001959686,-0.0815952642329501,0.000939432473290128,-0.384793626612076,9.47124036620312e-05
0.476803208930514,0.342300879089041,-0.00767711307850458,0.392250169388334,0.000939044567444716,-0.0815968660603112,0.000946450657301147,-0.384805421846414,9.80790596944586e-05
0.480109909949849,0.342302517695126,-0.00773181474064392,0.392250793188766,0.000945976813708923,-0.0815984867582764,0.000953527157883332,-0.384817365236881,0.000101522261970757
0.483439543431522,0.342304166640818,-0.00778692241744964,0.392251428685895,0.000952965272898877,-0.0816001265028789,0.000960662552592915,-0.384829458428832,0.000105043537474675
0.486792268415562,0.342305825767557,-0.00784243935926562,0.392252076121523,0.000960010483205461,-0.0816017854705342,0.000967857425717053,-0.384841703080114,0.000108644440825423
0.490168245044966,0.342307494907856,-0.00789836884437698,0.392252735742811,0.000967112988932688,-0.0816034638380002,0.00097511236835103,-0.384854100860999,0.00011232655470754
0.493567634573345,0.342309173885052,-0.00795471417921459,0.392253407802399,0.000974273340566794,-0.081605161782337,0.000982427978475931,-0.384866653454108,0.000116091490305281
0.496990599372628,0.342310862513054,-0.00801147869855899,0.392254092558528,0.000981492094845736,-0.0816068794808642,0.000989804861036772,-0.38487936255433,0.000119940887741615
0.500437302940819,0.342312560596079,-0.00806866576574322,0.392254790275171,0.000988769814828963,-0.0816086171111184,0.000997243628021014,-0.384892229868737,0.000123876416521299
0.503907909909802,0.342314267928394,-0.00812627877285486,0.39225550122216,0.00099610706996753,-0.0816103748508078,0.00100474489853755,-0.384905257116487,0.000127899775978768
0.50740258605321,0.342315984294037,-0.00818432114093674,0.392256225675318,0.00100350443617444,-0.081612152877766,0.00101230929889603,-0.384918446028729,0.000132012695730169
0.510921498294339,0.342317709466553,-0.00824279632018677,0.392256963916596,0.00101096249589531,-0.0816139513699045,0.00101993746268664,-0.384931798348492,0.000136216936129641
0.514464814714125,0.342319443208706,-0.00830170779015624,0.392257716234211,0.00101848183817918,-0.0816157705051635,0.00102763003086014,-0.384945315830576,0.000140514288729979
0.518032704559168,0.342321185272198,-0.00836105905994687,0.392258482922786,0.00102606305874961,-0.081617610461461,0.00103538765180836,-0.384959000241427,0.000144906576747553
0.52162533824982,0.342322935397376,-0.00842085366840635,0.392259264283496,0.00103370676007592,-0.0816194714166409,0.00104321098144492,-0.384972853359012,0.000149395655531237
0.525242887388322,0.342324693312941,-0.008481095184322,0.392260060624214,0.00104141355144456,-0.081621353548419,0.0010511006832863,-0.384986876972683,0.000153983413035588
0.528885524767003,0.342326458735644,-0.00854178720661328,0.392260872259663,0.00104918404903065,-0.0816232570343276,0.00105905742853317,-0.385001072883035,0.000158671770297908
0.532553424376533,0.34232823136998,-0.00860293336452193,0.392261699511567,0.00105701887596956,-0.0816251820516587,0.00106708189615202,-0.385015442901754,0.000163462681919344
0.536246761414231,0.342330010907877,-0.00866453731780036,0.392262542708813,0.00106491866242862,-0.0816271287774053,0.00107517477295694,-0.385029988851461,0.000168358136550015
0.539965712292437,0.342331797028383,-0.00872660275689809,0.392263402187606,0.00107288404567876,-0.0816290973882011,0.00108333675369172,-0.385044712565543,0.000173360157377608
0.543710454646936,0.342333589397337,-0.0087891334031457,0.392264278291634,0.00108091567016625,-0.0816310880602586,0.00109156854111201,-0.38505961588798,0.000178470802620234
0.547481167345445,0.342335387667048,-0.00885213300893683,0.392265171372238,0.00108901418758429,-0.0816331009693052,0.00109987084606776,-0.385074700673161,0.000183692166022195
0.551278030496154,0.342337191475959,-0.00891560535790737,0.392266081788581,0.00109718025694464,-0.0816351362905184,0.0011082443875857,-0.385089968785692,0.000189026377354212
0.55510122545633,0.342339000448308,-0.00897955426511236,0.39226700990782,0.00110541454464896,-0.0816371941984576,0.00111668989295195,-0.385105422100196,0.000194475602916161
0.558950934840979,0.342340814193788,-0.00904398357720004,0.392267956105289,0.00111371772456023,-0.0816392748669961,0.00112520809779476,-0.385121062501104,0.000200042046043986
0.56282734253157,0.342342632307194,-0.00910889717258316,0.392268920764673,0.00112209047807372,-0.0816413784692498,0.00113379974616722,-0.385136891882433,0.000205727947619097
0.566730633684818,0.342344454368068,-0.00917429896160721,0.392269904278202,0.00113053349418785,-0.0816435051775048,0.00114246559063,-0.385152912147559,0.000211535586581699
0.570660994741526,0.342346279940345,-0.0092401928867156,0.392270907046834,0.00113904746957476,-0.0816456551631426,0.00115120639233411,-0.385169125208983,0.000217467280446387
0.574618613435493,0.34234810857198,-0.0093065829226117,0.39227192948045,0.0011476331086505,-0.0816478285965644,0.0011600229211036,-0.385185532988078,0.000223525385820988
0.578603678802477,0.342349939794579,-0.00937347307641719,0.392272971998049,0.00115629112364483,-0.0816500256471119,0.00116891595551813,-0.385202137414833,0.000229712298928195
0.582616381189231,0.342351773123027,-0.00944086738782736,0.392274035027953,0.00116502223467059,-0.081652246482988,0.0011778862829955,-0.385218940427585,0.00023603045612966
0.586656912262587,0.3423536080551,-0.00950876992926219,0.392275119008008,0.00117382716979263,-0.0816544912711741,0.00118693469987395,-0.385235943972745,0.000242482334452454
0.590725465018618,0.34235544407108,-0.00957718480601413,0.392276224385796,0.0011827066650961,-0.081656760177346,0.00119606201149437,-0.385253150004501,0.000249070452118194
0.594822233791852,0.342357280633365,-0.00964611615639148,0.392277351618846,0.00119166146475424,-0.0816590533657882,0.00120526903228212,-0.385270560484528,0.000255797369073898
0.598947414264556,0.342359117186063,-0.00971556815185795,0.392278501174853,0.00120069232109536,-0.0816613709993051,0.0012145565858288,-0.38528817738167,0.00026266568752524
0.603101203476082,0.3423609531546,-0.00978554499716782,0.392279673531898,0.00120979999466932,-0.0816637132391313,0.00122392550497353,-0.385306002671623,0.000269678052471106
0.607283799832281,0.342362787945299,-0.00985605093049672,0.392280869178677,0.001218985254313,-0.0816660802448395,0.00123337663188398,-0.385324038336602,0.000276837152240444
0.611495403114975,0.342364620944974,-0.00992709022356793,0.39228208861473,0.00122824887721508,-0.0816684721742454,0.001242910818137,-0.385342286364994,0.000284145719029877
0.615736214491506,0.342366451520508,-0.00999866718177365,0.392283332350677,0.00123759164897984,-0.0816708891833123,0.0012525289247988,-0.385360748751006,0.000291606529443156
0.620006436524339,0.342368279018426,-0.0100707861442919,0.392284600908456,0.00124701436368996,-0.0816733314260517,0.00126223182250469,-0.385379427494296,0.000299222405031288
0.624306273180741,0.342370102764469,-0.0101434514841979,0.39228589482157,0.00125651782396835,-0.0816757990544232,0.00127202039153828,-0.385398324599591,0.000306996212833657
0.628635929842521,0.342371922063157,-0.0102166676085704,0.392287214635334,0.0012661028410387,-0.0816782922182314,0.00128189552191008,-0.385417442076297,0.000314930865919799
0.632995613315842,0.342373736197349,-0.0102904389585929,0.392288560907131,0.00127577023478502,-0.0816808110650212,0.00129185811343559,-0.385436781938097,0.000323029323931565
0.637385531841099,0.342375544427796,-0.0103647700096492,0.392289934206669,0.00128552083380978,-0.0816833557399702,0.00130190907581266,-0.385456346202531,0.000331294593625436
0.641805895102865,0.342377345992697,-0.0104396652714131,0.392291335116246,0.00129535547549066,-0.0816859263857799,0.00131204932869814,-0.385476136890565,0.000339729729414859
0.646256914239905,0.342379140107236,-0.0105151292879325,0.392292764231015,0.00130527500603596,-0.0816885231425637,0.00132227980178381,-0.385496156026153,0.000348337833912207
0.650738801855265,0.342380925963128,-0.0105911666377078,0.392294222159266,0.00131528028053843,-0.0816911461477333,0.0013326014348715,-0.385516405635777,0.000357122058470119
0.655251772026422,0.342382702728153,-0.0106677819337632,0.392295709522696,0.00132537216302748,-0.0816937955358828,0.0013430151779473,-0.385536887747983,0.000366085603722338
0.659796040315516,0.342384469545688,-0.0107449798237132,0.392297226956695,0.00133555152651969,-0.0816964714386704,0.00135352199125499,-0.385557604392892,0.000375231720123034
0.664371823779638,0.342386225534232,-0.0108227649898209,0.39229877511064,0.00134581925306753,-0.0816991739846976,0.00136412284536831,-0.385578557601709,0.000384563708485108
0.668979340981204,0.342387969786927,-0.0109011421490515,0.392300354648185,0.00135617623380618,-0.081701903299387,0.0013748187212624,-0.385599749406211,0.000394084920516652
0.673618811998395,0.34238970137108,-0.0109801160531173,0.392301966247561,0.00136662336899841,-0.0817046595048568,0.00138561061038406,-0.385621181838226,0.000403798759355423
0.678290458435663,0.342391419327674,-0.0110596914885175,0.392303610601881,0.00137716156807728,-0.0817074427197939,0.00139649951472095,-0.38564285692909,0.000413708680101446
0.682994503434323,0.342393122670875,-0.0111398732765694,0.392305288419454,0.00138779174968675,-0.081710253059324,0.00140748644686947,-0.385664776709101,0.000423818190346426
0.687731171683206,0.342394810387544,-0.0112206662734332,0.392307000424098,0.00139851484171987,-0.0817130906348801,0.0014185724301016,-0.385686943206947,0.00043413085070089
0.692500689429393,0.342396481436732,-0.0113020753701298,0.392308747355462,0.00140933178135475,-0.081715955554068,0.00142975849843026,-0.38570935844913,0.00044465027531769
0.697303284489026,0.342398134749184,-0.0113841054925498,0.392310529969354,0.00142024351508782,-0.0817188479205303,0.00144104569667339,-0.385732024459366,0.000455380132412281
0.70213918625818,0.342399769226829,-0.0114667616014563,0.392312349038075,0.00143125099876461,-0.0817217678338074,0.00145243508051659,-0.38575494325798,0.000466324144778818
0.70700862572383,0.342401383742273,-0.011550048692479,0.392314205350756,0.0014423551976077,-0.0817247153891969,0.0014639277165743,-0.385778116861274,0.000477486090302126
0.71191183547488,0.342402977138288,-0.0116339717961005,0.392316099713703,0.00145355708624185,-0.0817276906776098,0.00147552468244936,-0.385801547280894,0.000488869802465264
0.716849049713269,0.342404548227295,-0.0117185359776349,0.392318032950749,0.00146485764871619,-0.0817306937854259,0.00148722706679106,-0.385825236523168,0.000500479170851637
0.721820504265165,0.342406095790847,-0.0118037463371978,0.392320005903609,0.00147625787852317,-0.0817337247943452,0.00149903596935144,-0.385849186588441,0.00051231814164221
0.726826436592224,0.342407618579108,-0.0118896080096681,0.392322019432243,0.00148775877861444,-0.0817367837812384,0.0015109525010399,-0.385873399470385,0.000524390718106699
0.731867085802933,0.34240911531033,-0.0119761261646414,0.392324074415224,0.00149936136141325,-0.0817398708179943,0.00152297778397598,-0.385897877155302,0.000536700961088793
0.736942692664033,0.342410584670325,-0.0120633060063747,0.392326171750112,0.00151106664882344,-0.081742985971366,0.00153511295154029,-0.385922621621403,0.000549252989484564
0.742053499612018,0.342412025311943,-0.0121511527737227,0.392328312353834,0.00152287567223472,-0.0817461293028134,0.00154735914842349,-0.385947634838078,0.000562050980714185
0.747199750764715,0.342413435854534,-0.0122396717400649,0.392330497163073,0.00153478947252433,-0.0817493008683449,0.00155971753067335,-0.385972918765148,0.0005750991711862
0.752381691932944,0.342414814883422,-0.0123288682132241,0.392332727134659,0.00154680910005453,-0.081752500718356,0.00157218926573959,-0.385998475352104,0.00058840185675374
0.757599570632259,0.342416160949371,-0.0124187475353755,0.392335003245967,0.00155893561466638,-0.0817557288974666,0.00158477553251674,-0.386024306537321,0.000601963393162791
0.762853636094773,0.34241747256805,-0.0125093150829473,0.392337326495323,0.00157117008566905,-0.0817589854443551,0.00159747752138475,-0.386050414247273,0.000615788196491537
0.768144139281058,0.342418748219495,-0.0126005762665114,0.392339697902418,0.00158351359182494,-0.0817622703915911,0.00161029643424732,-0.386076800395713,0.000629880743580835
0.773471332892138,0.342419986347574,-0.0126925365306655,0.392342118508721,0.00159596722133025,-0.081765583765466,0.00162323348456786,-0.386103466882853,0.000644245572454585
0.778835471381553,0.342421185359453,-0.0127852013539051,0.392344589377906,0.00160853207179092,-0.0817689255858215,0.00163628989740317,-0.38613041559452,0.000658887282730558
0.784236810967519,0.342422343625051,-0.0128785762484869,0.392347111596284,0.00162120925019376,-0.0817722958658755,0.00164946690943456,-0.3861576484013,0.000673810536020253
0.78967560964516,0.342423459476508,-0.0129726667602817,0.392349686273235,0.00163399987287264,-0.0817756946120467,0.00166276576899638,-0.386185167157659,0.000689020056317866
0.795152127198837,0.342424531207645,-0.0130674784686191,0.392352314541655,0.00164690506546955,-0.0817791218237774,0.00167618773610211,-0.386212973701062,0.000704520630377847
0.800666625214554,0.342425557073425,-0.0131630169861207,0.392354997558405,0.00165992596289034,-0.0817825774933533,0.00168973408246762,-0.386241069851064,0.000720317108080085
0.806219367092452,0.342426535289418,-0.0132592879585257,0.392357736504766,0.00167306370925507,-0.0817860616057224,0.00170340609153181,-0.386269457408388,0.000736414402783075
0.811810618059391,0.342427464031263,-0.0133562970645053,0.392360532586902,0.00168631945784271,-0.0817895741383118,0.0017172050584743,-0.386298138153996,0.000752817491663435
0.817440645181619,0.342428341434133,-0.0134540500154683,0.39236338703633,0.00169969437103004,-0.0817931150608425,0.0017311322902304,-0.386327113848133,0.000769531416042288
0.823109717377527,0.342429165592201,-0.0135525525553562,0.392366301110392,0.00171318962022463,-0.0817966843351427,0.00174518910550304,-0.386356386229359,0.00078656128169749
0.828818105430497,0.342429934558109,-0.0136518104604293,0.392369276092743,0.00172680638579161,-0.0818002819149589,0.00175937683477174,-0.386385957013575,0.000803912259161321
0.834566082001833,0.342430646342434,-0.0137518295390426,0.392372313293831,0.00174054585697419,-0.0818039077457661,0.00177369682029847,-0.386415827893022,0.000821589584002691
0.840353921643785,0.342431298913163,-0.0138526156314122,0.392375414051399,0.0017544092318077,-0.0818075617645759,0.00178815041613035,-0.38644600053527,0.000839598557094076
0.846181900812664,0.342431890195164,-0.0139541746093718,0.392378579730981,0.00176839771702685,-0.0818112438997428,0.00180273898809927,-0.386476476582194,0.000857944544862196
0.852050297882047,0.342432418069668,-0.0140565123761198,0.392381811726414,0.00178251252796628,-0.0818149540707697,0.00181746391381805,-0.386507257648933,0.000876632979521758
0.857959393156072,0.342432880373739,-0.0141596348659566,0.392385111460347,0.00179675488845393,-0.0818186921881112,0.00183232658267349,-0.386538345322839,0.000895669359292139
0.863909468882829,0.342433274899768,-0.014263548044012,0.392388480384766,0.00181112603069728,-0.0818224581529765,0.00184732839581579,-0.386569741162402,0.000915059248596015
0.86990080926784,0.342433599394953,-0.0143682579059639,0.392391919981517,0.00182562719516217,-0.0818262518571295,0.00186247076614473,-0.386601446696175,0.000934808278239802
0.875933700487633,0.342433851560787,-0.0144737704777469,0.39239543176284,0.00184025963044385,-0.0818300731826893,0.00187775511829218,-0.386633463421676,0.000954922145575132
0.882008430703416,0.342434029052562,-0.0145800918152516,0.392399017271909,0.00185502459313055,-0.0818339220019285,0.00189318288860117,-0.386665792804276,0.000975406614640698
0.888125290074835,0.342434129478857,-0.0146872280040149,0.392402678083377,0.0018699233476587,-0.0818377981770704,0.00190875552510116,-0.386698436276084,0.000996267516284233
0.894284570773836,0.34243415040105,-0.014795185158901,0.392406415803928,0.00188495716616027,-0.0818417015600859,0.00192447448747984,-0.386731395234807,0.00101751074826392
0.900486566998624,0.342434089332819,-0.0149039694237732,0.392410232072832,0.00190012732830154,-0.0818456319924884,0.00194034124705098,-0.386764671042607,0.00103914227532859
0.906731574987708,0.342433943739665,-0.0150135869711571,0.392414128562513,0.00191543512111339,-0.0818495893051288,0.00195635728671863,-0.386798265024942,0.00106116812927615
0.913019893034057,0.342433711038423,-0.0151240440018951,0.392418106979117,0.00193088183881278,-0.0818535733179891,0.00197252410093743,-0.386832178469394,0.00108359440898995
0.919351821499347,0.34243338859679,-0.0152353467447915,0.392422169063085,0.00194646878261531,-0.0818575838399753,0.00198884319566897,-0.386866412624492,0.00110642728045221
0.925727662828307,0.342432973732861,-0.0153475014562506,0.392426316589739,0.00196219726053859,-0.0818616206687102,0.00200531608833431,-0.386900968698517,0.00112967297673447
0.932147721563161,0.342432463714659,-0.0154605144199048,0.392430551369869,0.00197806858719627,-0.0818656835903249,0.00202194430776243,-0.386935847858301,0.00115333779796359
0.938612304358183,0.342431855759685,-0.0155743919462361,0.392434875250322,0.00199408408358242,-0.0818697723792505,0.00203872939413471,-0.386971051228018,0.00117742811126401
0.945121719994339,0.342431147034469,-0.0156891403721892,0.392439290114605,0.0020102450768464,-0.0818738867980088,0.00205567289892526,-0.387006579887957,0.00120195035067444
0.951676279394036,0.342430334654125,-0.0158047660607765,0.392443797883489,0.00202655290005753,-0.0818780265970037,0.00207277638483721,-0.387042434873299,0.00122691101703987
0.958276295635973,0.342429415681922,-0.0159212754006764,0.392448400515617,0.00204300889195967,-0.0818821915143111,0.00209004142573482,-0.387078617172874,0.00125231667787698
0.964922083970099,0.342428387128854,-0.0160386748058242,0.392453100008121,0.00205961439671564,-0.08188638127547,0.00210746960657139,-0.38711512772792,0.00127817396721316
0.971613961832666,0.342427245953225,-0.0161569707149959,0.392457898397241,0.00207637076364087,-0.0818905955932726,0.002125062523313,-0.387151967430824,0.00130448958539905
0.978352248861393,0.342425989060236,-0.0162761695913854,0.392462797758951,0.0020932793469264,-0.0818948341675555,0.00214282178285794,-0.387189137123868,0.00133127029889316
0.985137266910738,0.342424613301586,-0.0163962779221753,0.392467800209593,0.00211034150535111,-0.0818990966849902,0.00216074900295194,-0.387226637597962,0.00135852294001873
0.991969340067262,0.342423115475078,-0.0165173022181023,0.392472907906506,0.00212755860198258,-0.0819033828188747,0.00217884581209902,-0.387264469591371,0.00138625440669213
0.998848794665118,0.342421492324235,-0.0166392490130155,0.392478123048672,0.00214493200386683,-0.0819076922289248,0.00219711384946811,-0.387302633788444,0.00141447166212252
1.00577595930163,0.342419740537927,-0.0167621248634305,0.392483447877359,0.00216246308170655,-0.0819120245610668,0.0022155547647953,-0.387341130818331,0.00144318173448224
1.01275116485301,0.342417856750003,-0.0168859363480776,0.39248888467677,0.00218015320952751,-0.08191637944723,0.00223417021828165,-0.387379961253704,0.00147239171654717
1.01977474449012,0.342415837538936,-0.0170106900674454,0.392494435774697,0.00219800376433336,-0.0819207565051409,0.00225296188048683,-0.387419125609469,0.00150210876530738
1.02684703369442,0.342413679427478,-0.0171363926433205,0.392500103543181,0.00221601612574813,-0.0819251553381173,0.00227193143221827,-0.387458624341479,0.00153234010154721
1.033968370274,0.342411378882322,-0.017263050718322,0.392505890399173,0.00223419167564667,-0.0819295755348642,0.00229108056441583,-0.387498457845253,0.00156309300939372
1.04113909437969,0.342408932313773,-0.0173906709554335,0.392511798805196,0.00225253179777264,-0.0819340166692701,0.00231041097803239,-0.387538626454679,0.00159437483583513
1.0483595485213,0.34240633607544,-0.0175192600375308,0.392517831270024,0.00227103787734393,-0.0819384783002058,0.00232992438390974,-0.387579130440733,0.00162619299020647
1.05563007758401,0.342403586463918,-0.0176488246669074,0.392523990349347,0.00228971130064533,-0.0819429599713227,0.00234962250265036,-0.38761997001019,0.00165855494364395
1.06295102884484,0.342400679718504,-0.0177793715647968,0.392530278646449,0.0023085534546083,-0.0819474612108542,0.00236950706448464,-0.387661145304344,0.00169146822850685
1.07032275198921,0.342397612020903,-0.0179109074708934,0.392536698812895,0.00232756572637768,-0.081951981531418,0.00238957980913393,-0.387702656397724,0.00172494043776683
1.07774559912768,0.342394379494956,-0.0180434391428713,0.392543253549204,0.00234674950286513,-0.0819565204298199,0.00240984248566913,-0.387744503296822,0.0017589792243648
1.08521992481272,0.342390978206379,-0.0181769733559016,0.392549945605543,0.00236610617028924,-0.08196107738686,0.00243029685236505,-0.387786685938817,0.00179359230053439
1.0927460860557,0.342387404162504,-0.0183115169021694,0.392556777782409,0.002385637113702,-0.0819656518671405,0.00245094467655043,-0.387829204190316,0.001828787437092
1.1003244423439,0.34238365331204,-0.0184470765903903,0.392563752931327,0.00240534371650176,-0.0819702433188756,0.00247178773445378,-0.387872057846091,0.00186457246269428
1.10795535565772,0.342379721544839,-0.0185836592453263,0.392570873955537,0.0024252273599321,-0.0819748511737037,0.00249282781104491,-0.387915246627829,0.00190095526306119
1.11563919048792,0.342375604691677,-0.0187212717073033,0.392578143810693,0.00244528942256707,-0.0819794748465019,0.00251406669987236,-0.387958770182894,0.00193794378016546
1.12337631385307,0.342371298524041,-0.018859920831729,0.392585565505559,0.00246553127978199,-0.0819841137352028,0.00253550620289665,-0.388002628083093,0.00197554601138875
1.13116709531708,0.342366798753927,-0.0189996134886121,0.392593142102708,0.00248595430321028,-0.081988767220614,0.00255714813031941,-0.388046819823455,0.00201377000864356
1.13901190700682,0.342362101033657,-0.0191403565620834,0.392600876719222,0.00250655986018577,-0.0819934346662404,0.00257899430040852,-0.388091344821024,0.00205262387746111
1.14691112362992,0.342357200955694,-0.0192821569499203,0.392608772527394,0.00252734931317078,-0.0819981154181092,0.00260104653931923,-0.388136202413663,0.00209211577604537
1.15486512249268,0.342352094052477,-0.0194250215630728,0.392616832755429,0.00254832401916924,-0.0820028088045972,0.00262330668091129,-0.388181391858869,0.00213225391429336
1.16287428351806,0.34234677579626,-0.0195689573251936,0.392625060688149,0.00256948532912562,-0.0820075141362626,0.00264577656656237,-0.388226912332612,0.00217304655278147
1.17093898926384,0.342341241598966,-0.019713971172172,0.392633459667696,0.00259083458730862,-0.0820122307056786,0.00266845804497743,-0.388272762928182,0.0022145020017178
1.1790596249409,0.342335486812048,-0.0198600700516721,0.392642033094234,0.00261237313068033,-0.0820169577872708,0.00269135297199465,-0.388318942655054,0.00225662861986117
1.18723657843162,0.342329506726364,-0.0200072609226757,0.392650784426657,0.00263410228825028,-0.0820216946371576,0.00271446321038742,-0.388365450437777,0.00229943481340661
1.19547024030838,0.342323296572051,-0.0201555507550307,0.392659717183289,0.00265602338041446,-0.0820264404929955,0.00273779062966298,-0.388412285114876,0.00234292903483713
1.20376100385228,0.342316851518426,-0.0203049465290049,0.39266883494259,0.00267813771827933,-0.0820311945738257,0.00276133710585743,-0.388459445437782,0.00238711978174305
1.21210926507183,0.342310166673877,-0.0204554552348464,0.392678141343858,0.00270044660297046,-0.0820359560799266,0.00278510452132738,-0.388506930069772,0.00243201559560816
1.22051542272196,0.342303237085775,-0.0206070838723507,0.39268764008793,0.00272295132492622,-0.0820407241926689,0.00280909476453831,-0.388554737584946,0.00247762506056348
1.22897987832301,0.342296057740397,-0.0207598394504348,0.392697334937883,0.00274565316317592,-0.0820454980743746,0.00283330972984969,-0.38860286646722,0.00252395680210879
1.23750303617991,0.342288623562841,-0.0209137289867193,0.392707229719735,0.00276855338460283,-0.0820502768681812,0.00285775131729702,-0.388651315109342,0.00257101948580285
1.24608530340153,0.342280929416972,-0.0210687595071178,0.392717328323142,0.0027916532431916,-0.0820550596979084,0.00288242143237081,-0.388700081811943,0.00261882181592166
1.25472708992008,0.342272970105352,-0.0212249380454359,0.392727634702093,0.00281495397926059,-0.0820598456679305,0.00290732198579274,-0.388749164782604,0.00266737253408655
1.26342880851072,0.342264740369198,-0.0213822716429786,0.392738152875604,0.00283845681867848,-0.0820646338630519,0.002932454893289,-0.388798562134965,0.00271668041786147
1.27219087481126,0.342256234888332,-0.0215407673481672,0.392748886928412,0.00286216297206557,-0.0820694233483883,0.00295782207536091,-0.38884827188785,0.00276675427932066
1.28101370734203,0.342247448281145,-0.0217004322161662,0.392759841011662,0.00288607363397965,-0.0820742131692511,0.00298342545705317,-0.388898291964435,0.00281760296358752
1.28989772752585,0.342238375104567,-0.02186127330852,0.392771019343591,0.00291018998208634,-0.0820790023510372,0.0030092669677195,-0.388948620191437,0.00286923534734423
1.29884335970818,0.342229009854034,-0.0220232976928013,0.392782426210217,0.0029345131763141,-0.0820837898991237,0.00303534854078611,-0.388999254298347,0.00292166033731414
1.30785103117738,0.342219346963476,-0.022186512442269,0.392794065966014,0.00295904435799358,-0.0820885747987661,0.003061672113513,-0.389050191916685,0.00297488686871702
1.31692117218509,0.34220938080529,-0.022350924635539,0.392805943034591,0.00298378464898178,-0.0820933560150029,0.00308823962675327,-0.389101430579304,0.00302892390369769
1.32605421596686,0.342199105690337,-0.0225165413562661,0.392818061909365,0.00300873515077068,-0.0820981324925641,0.00311505302471046,-0.389152967719718,0.00308378042972901
1.33525059876274,0.342188515867924,-0.0226833696928373,0.392830427154227,0.00303389694358044,-0.0821029031557846,0.00314211425469432,-0.389204800671472,0.00313946545799104
1.34451075983821,0.342177605525803,-0.0228514167380793,0.392843043404211,0.00305927108543744,-0.0821076669085235,0.00316942526687483,-0.389256926667555,0.00319598802172547
1.3538351415051,0.342166368790165,-0.0230206895889768,0.392855915366152,0.00308485861123688,-0.0821124226340874,0.00319698801403492,-0.389309342839845,0.00325335717456759
1.36322418914273,0.342154799725637,-0.0231911953464052,0.392869047819344,0.00311066053179014,-0.0821171691951594,0.00322480445132183,-0.389362046218598,0.00331158198885678
1.37267835121923,0.342142892335282,-0.0233629411148758,0.392882445616186,0.00313667783285709,-0.0821219054337332,0.00325287653599743,-0.38941503373198,0.00337067155392556
1.38219807931287,0.342130640560596,-0.0235359340022949,0.392896113682837,0.00316291147416301,-0.0821266301710524,0.00328120622718747,-0.389468302205635,0.0034306349743696
1.39178382813373,0.342118038281508,-0.0237101811197364,0.392910057019849,0.00318936238840075,-0.0821313422075551,0.00330979548563014,-0.389521848362306,0.00349148136829858
1.40143605554534,0.342105079316381,-0.0238856895812285,0.392924280702807,0.00321603148021765,-0.0821360403228233,0.00333864627342389,-0.38957566882149,0.0035532198655697
1.4111552225866,0.342091757422,-0.0240624665035546,0.392938789882959,0.00324291962518765,-0.0821407232755384,0.00336776055377489,-0.389629760099147,0.00361585960600549
1.42094179349378,0.342078066293578,-0.0242405190060679,0.392953589787841,0.00327002766876852,-0.0821453898034413,0.00339714029074403,-0.389684118607445,0.00367940973759529
1.43079623572268,0.342063999564735,-0.0244198542105214,0.392968685721895,0.00329735642524439,-0.0821500386232982,0.003426787448994,-0.389738740654564,0.00374387941468493
1.440719019971,0.342049550807495,-0.0246004792409113,0.392984083067082,0.00332490667665353,-0.0821546684308715,0.00345670399353615,-0.389793622444535,0.00380927779615184
1.45071062020079,0.342034713532263,-0.024782401223336,0.392999787283491,0.00335267917170158,-0.0821592779008963,0.00348689188947783,-0.389848760077134,0.00387561404357092
1.46077151366109,0.342019481187807,-0.0249656272858684,0.393015803909937,0.00338067462466039,-0.082163865687062,0.00351735310176988,-0.389904149547826,0.00394289731936945
1.47090218091073,0.342003847161225,-0.0251501645584447,0.393032138564555,0.00340889371425226,-0.0821684304219992,0.00354808959495479,-0.389959786747754,0.00401113678497431
1.48110310584131,0.341987804777915,-0.0253360201727657,0.393048796945393,0.0034373370825201,-0.0821729707172723,0.00357910333291561,-0.39001566746378,0.00408034159895257
1.49137477570027,0.34197134730153,-0.0255232012622145,0.393065784830986,0.00346600533368326,-0.0821774851633764,0.00361039627862569,-0.390071787378577,0.00415052091514595
1.50171768111418,0.341954467933927,-0.0257117149617876,0.393083108080935,0.00349489903297939,-0.0821819723297409,0.00364197039389961,-0.390128142070771,0.00422168388080252
1.5121323161122,0.341937159815109,-0.0259015684080409,0.393100772636475,0.00352401870549216,-0.0821864307647368,0.0036738276391452,-0.390184727015137,0.00429383963470542
1.52261917814963,0.341919416023153,-0.0260927687390498,0.393118784521033,0.00355336483496524,-0.0821908589956901,0.00370596997311722,-0.390241537582846,0.00436699730530085
1.53317876813171,0.34190122957413,-0.0262853230943838,0.393137149840784,0.00358293786260245,-0.0821952555289001,0.00373839935267246,-0.39029856904176,0.0044411660088281
1.54381159043753,0.341882593422017,-0.0264792386150945,0.393155874785197,0.00361273818585416,-0.0821996188496625,0.00377111773252676,-0.390355816556789,0.0045163548474505
1.55451815294413,0.341863500458585,-0.0266745224437178,0.393174965627576,0.00364276615719019,-0.082203947422298,0.00380412706501385,-0.390413275190291,0.00459257290739176
1.56529896705074,0.34184394351329,-0.0268711817242892,0.393194428725589,0.00367302208285926,-0.0822082396901849,0.00383742929984648,-0.390470939902532,0.00466982925707832
1.57615454770323,0.341823915353135,-0.0270692236023728,0.393214270521799,0.00370350622163488,-0.0822124940757977,0.00387102638387977,-0.390528805552195,0.0047481329452882
1.58708541341869,0.341803408682528,-0.0272686552251027,0.39323449754418,0.00373421878354813,-0.0822167089807494,0.003904920260877,-0.39058686689695,0.00482749299931051
1.5980920863102,0.34178241614312,-0.0274694837412372,0.393255116406624,0.00376515992860708,-0.0822208827858395,0.00393911287127815,-0.390645118594065,0.00490791842311517
1.60917509211179,0.341760930313625,-0.027671716301225,0.393276133809452,0.00379632976550326,-0.0822250138511051,0.00397360615197111,-0.39070355520108,0.00498941819553553
1.62033496020352,0.341738943709628,-0.0278753600572832,0.393297556539907,0.00382772835030486,-0.0822291005158781,0.004008402036066,-0.390762171176537,0.00507200126846602
1.63157222363676,0.34171644878337,-0.028080422163487,0.393319391472642,0.00385935568513709,-0.0822331410988459,0.00404350245267251,-0.390820960880748,0.00515567656507554
1.64288741915971,0.341693437923517,-0.0282869097758691,0.393341645570207,0.00389121171684967,-0.0822371338981158,0.00407890932668059,-0.390879918576637,0.00524045297803966
1.65428108724297,0.341669903454911,-0.0284948300525312,0.393364325883521,0.00392329633567123,-0.0822410771912848,0.00411462457854454,-0.390939038430614,0.0053263393677917
1.6657537721054,0.341645837638295,-0.0287041901537631,0.393387439552343,0.00395560937385129,-0.0822449692355125,0.00415065012407074,-0.390998314513519,0.00541334456079678
1.67730602174008,0.341621232670026,-0.0289149972421734,0.393410993805728,0.00398815060428906,-0.0822488082675978,0.00418698787420903,-0.391057740801608,0.00550147734784817
1.68893838794052,0.341596080681757,-0.0291272584828264,0.39343499596249,0.00402091973914979,-0.0822525925040596,0.00422363973484816,-0.39111731117759,0.00559074648238972
1.70065142632699,0.341570373740104,-0.0293409810433892,0.393459453431642,0.00405391642846838,-0.0822563201412213,0.00426060760661494,-0.391177019431722,0.00568116067886479
1.71244569637308,0.341544103846285,-0.0295561720942844,0.39348437371284,0.00408714025874013,-0.0822599893552979,0.00429789338467787,-0.391236859262951,0.00577272861109412
1.72432176143241,0.341517262935739,-0.0297728388088502,0.393509764396819,0.004120590751499,-0.0822635983024871,0.00433549895855485,-0.391296824280101,0.00586545891068457
1.73628018876552,0.341489842877717,-0.0299909883635067,0.393535633165818,0.00415426736188308,-0.0822671451190629,0.00437342621192536,-0.391356908003118,0.0059593601654695
1.74832154956701,0.341461835474854,-0.0302106279379267,0.393561987794,0.00418816947718726,-0.0822706279214727,0.00441167702244716,-0.391417103864357,0.00605444091798429
1.7604464189928,0.341433232462704,-0.0304317647152113,0.393588836147872,0.00422229641540328,-0.0822740448064365,0.00445025326157761,-0.391477405209919,0.00615070966397621
1.77265537618758,0.341404025509263,-0.0306544058820687,0.393616186186689,0.00425664742374697,-0.0822773938510489,0.00448915679439974,-0.391537805301034,0.006248174850953
1.78494900431252,0.341374206214456,-0.0308785586289965,0.39364404596286,0.00429122167717227,-0.0822806731128836,0.00452838947945315,-0.39159829731549,0.00634684487676973
1.79732789057308,0.341343766109595,-0.0311042301504649,0.393672423622341,0.00432601827687289,-0.0822838806300998,0.00456795316856984,-0.391658874349107,0.00644672808825736
1.80979262624709,0.34131269665682,-0.0313314276451019,0.39370132740503,0.00436103624877044,-0.0822870144215505,0.00460784970671516,-0.39171952941725,0.00654783277989243
1.82234380671297,0.341280989248497,-0.0315601583158779,0.393730765645151,0.00439627454198946,-0.0822900724868931,0.0046480809318337,-0.391780255456397,0.00665016719251227
1.83498203147818,0.3412486352066,-0.0317904293702897,0.393760746771632,0.00443173202731943,-0.0822930528067008,0.00468864867470049,-0.391841045325728,0.00675373951207445
1.84770790420785,0.341215625782057,-0.0320222480205432,0.39379127930848,0.00446740749566306,-0.0822959533425761,0.0047295547587774,-0.391901891808776,0.00685855786846437
1.86052203275364,0.341181952154064,-0.0322556214837323,0.393822371875154,0.004503299656471,-0.0822987720372643,0.00477080100007485,-0.391962787615098,0.00696463033435066
1.87342502918271,0.341147605429377,-0.0324905569820155,0.393854033186925,0.00453940713616307,-0.0823015068147696,0.00481238920701889,-0.392023725381997,0.00707196492409137
1.88641750980704,0.341112576641566,-0.0327270617427865,0.393886272055239,0.00457572847653504,-0.0823041555804701,0.00485432118032371,-0.39208469767627,0.00718056959269059
1.89950009521279,0.341076856750243,-0.0329651429988397,0.393919097388067,0.00461226213315153,-0.0823067162212346,0.00489659871286951,-0.392145696995992,0.00729045223480951
1.91267341029,0.341040436640252,-0.0332048079885289,0.393952518190262,0.00464900647372443,-0.082309186605539,0.00493922358958597,-0.392206715772343,0.00740162068382996
1.92593808426241,0.341003307120839,-0.033446063955918,0.393986543563898,0.00468595977647647,-0.0823115645835828,0.0049821975873411,-0.392267746371449,0.00751408271097409
1.93929475071751,0.340965458924778,-0.0336889181509226,0.394021182708619,0.00472312022849001,-0.0823138479874054,0.0050255224748357,-0.392328781096263,0.00762784602448127
1.95274404763682,0.340926882707474,-0.0339333778294421,0.394056444921971,0.00476048592404026,-0.0823160346310024,0.0050692000125032,-0.392389812188478,0.00774291826884185
1.96628661742637,0.340887569046028,-0.0341794502534799,0.394092339599738,0.0047980548629132,-0.08231812231044,0.00511323195241516,-0.39245083183045,0.00785930702408988
1.97992310694735,0.340847508438275,-0.0344271426912522,0.394128876236273,0.00483582494870733,-0.0823201088039703,0.00515762003819222,-0.392511832147162,0.00797701980515705
1.99365416754703,0.340806691301786,-0.0346764624172827,0.394166064424823,0.00487379398711916,-0.0823219918721437,0.00520236600492043,-0.392572805208201,0.00809606406128616
2.00748045508988,0.340765107972836,-0.0349274167124835,0.394203913857855,0.00491195968421202,-0.0823237692579208,0.00524747157907319,-0.392633743029755,0.00821644717550699
2.0214026299889,0.340722748705349,-0.0351800128642196,0.394242434327373,0.00495031964466762,-0.082325438686783,0.0052929384784385,-0.392694637576637,0.00833817646417567
2.03542135723711,0.340679603669796,-0.0354342581663575,0.394281635725233,0.00498887137002032,-0.0823269978668402,0.00533876841205161,-0.392755480764312,0.00846125917657653
2.0495373064394,0.340635662952073,-0.0356901599192948,0.394321528043464,0.005027612256873,-0.0823284444889372,0.00538496308013294,-0.392816264460955,0.00858570249458931
2.06375115184445,0.34059091655234,-0.035947725429972,0.39436212137457,0.00506653959509487,-0.0823297762267578,0.00543152417403135,-0.392876980489504,0.00871151353242036
2.07806357237695,0.340545354383833,-0.0362069620118625,0.394403425911844,0.00510565056599983,-0.0823309907369256,0.00547845337617247,-0.39293762062974,0.008838699336401
2.09247525167004,0.340498966271637,-0.0364678769849429,0.394445451949669,0.00514494224050582,-0.0823320856591031,0.00552575236001221,-0.392998176620361,0.00896726688485072
2.10698687809795,0.34045174195143,-0.0367304776756392,0.394488209883824,0.00518441157727366,-0.0823330586160866,0.00557342278999518,-0.393058640161075,0.00909722308800753
2.12159914480891,0.3404036710682,-0.0369947714167501,0.394531710211779,0.00522405542082544,-0.0823339072138987,0.00562146632151818,-0.39311900291469,0.00922857478802588
2.1363127497582,0.340354743174924,-0.0372607655473453,0.394575963532996,0.00526387049964183,-0.082334629041877,0.00566988460089826,-0.393179256509204,0.0093613287590413
2.15112839574156,0.340304947731217,-0.0375284674126373,0.39462098054922,0.0053038534242373,-0.0823352216727592,0.00571867926534571,-0.393239392539905,0.00949549170730321
2.1660467904287,0.340254274101954,-0.0377978843638267,0.394666772064774,0.00534400068521304,-0.0823356826627638,0.0057678519429414,-0.393299402571456,0.00963107027137564
2.18106864639712,0.340202711555855,-0.0380690237579184,0.394713348986845,0.00538430865128665,-0.0823360095516676,0.00581740425261865,-0.393359278139988,0.00976807102240579
2.19619468116618,0.340150249264046,-0.0383418929575088,0.394760722325771,0.00542477356729825,-0.0823361998628778,0.00586733780414939,-0.393419010755177,0.00990650046446068
2.21142561723131,0.340096876298586,-0.0386164993305419,0.394808903195325,0.00546539155219165,-0.0823362511035,0.00591765419813442,-0.393478591902318,0.010046365034932
2.22676218209858,0.340042581630969,-0.038892850250034,0.394857902812997,0.00550615859697091,-0.0823361607644017,0.00596835502599764,-0.393538013044387,0.0101876711050089
2.24220510831939,0.339987354130588,-0.039170953093765,0.394907732500269,0.00554707056263028,-0.0823359263202705,0.00601944186998412,-0.393597265624086,0.0103304249802185
2.25775513352553,0.339931182563181,-0.0394508152439366,0.394958403682891,0.00558812317805796,-0.0823355452296667,0.00607091630316178,-0.393656341065881,0.010474632901034
2.27341300046436,0.339874055589245,-0.0397324440867941,0.395009927891153,0.00562931203791212,-0.0823350149350715,0.00612277988942657,-0.393715230778016,0.0106203010435499
2.28917945703428,0.339815961762419,-0.0400158470122128,0.395062316760151,0.00567063260046846,-0.0823343328629286,0.00617503418351085,-0.393773926154508,0.0107674355202245
2.30505525632052,0.339756889527849,-0.0403010314132469,0.395115582030056,0.00571208018543914,-0.0823334964236808,0.00622768073099489,-0.393832418577125,0.010916042380688
2.32104115663104,0.339696827220513,-0.0405880046856399,0.395169735546368,0.00575364997176118,-0.0823325030118007,0.00628072106832122,-0.393890699417336,0.0110661276126177
2.33713792153279,0.339635763063537,-0.0408767742272957,0.395224789260176,0.00579533699535464,-0.0823313500058143,0.00633415672281165,-0.393948760038236,0.0112176971426769
2.35334631988814,0.339573685166474,-0.0411673474377092,0.395280755228413,0.00583713614684855,-0.0823300347683197,0.0063879892126867,-0.394006591796445,0.0113707568375197
2.36966712589169,0.339510581523563,-0.0414597317173552,0.395337645614097,0.00587904216927477,-0.0823285546459986,0.00644222004708726,-0.394064186043977,0.0115253125048594
2.38610111910714,0.339446440011965,-0.041753934467035,0.395395472686577,0.00592104965572819,-0.0823269069696212,0.00649685072609824,-0.394121534130073,0.0116813698945994
2.40264908450462,0.339381248389976,-0.0420499630871794,0.39545424882177,0.00596315304699254,-0.0823250890540448,0.00655188274077403,-0.394178627403005,0.0118389347000272
2.41931181249812,0.339314994295217,-0.0423478249771072,0.395513986502389,0.00600534662913105,-0.0823230981982053,0.00660731757316525,-0.394235457211843,0.0119980125590682
2.43609009898327,0.339247665242805,-0.0426475275342382,0.395574698318169,0.00604762453104077,-0.0823209316851015,0.00666315669634705,-0.394292014908181,0.0121586090556021
2.45298474537537,0.339179248623503,-0.0429490781532599,0.395636396966086,0.00608998072196976,-0.0823185867817733,0.00671940157444821,-0.394348291847829,0.0123207297208363
2.46999655864764,0.339109731701849,-0.0432524842252467,0.395699095250562,0.00613240900899617,-0.0823160607392709,0.00677605366268102,-0.394404279392458,0.0124843800347384
2.48712635136979,0.339039101614267,-0.0435577531367312,0.395762806083672,0.00617490303446828,-0.0823133507926188,0.00683311440737177,-0.394459968911203,0.0126495654275261
2.50437494174681,0.338967345367164,-0.0438648922687257,0.395827542485337,0.00621745627340411,-0.0823104541607708,0.00689058524599124,-0.394515351782224,0.0128162912812117
2.52174315365806,0.338894449835006,-0.0441739089956949,0.395893317583502,0.0062600620308506,-0.0823073680465581,0.0069484676071853,-0.394570419394217,0.0129845629312021
2.53923181669665,0.338820401758379,-0.044484810684476,0.395960144614318,0.00630271343920007,-0.08230408963663,0.00700676291080512,-0.394625163147875,0.013154385667951
2.55684176620901,0.338745187742037,-0.044797604693149,0.396028036922302,0.00634540345546413,-0.0823006161013865,0.00706547256793678,-0.394679574457304,0.0133257647386636
2.57457384333485,0.338668794252936,-0.0451122983698533,0.396097007960486,0.00638812485850298,-0.0822969445949036,0.00712459798092992,-0.394733644751382,0.0134987053490514
2.59242889504728,0.338591207618251,-0.045428899051551,0.396167071290561,0.00643087024621026,-0.0822930722548506,0.00718414054342532,-0.39478736547507,0.0136732126651351
2.61040777419332,0.338512414023388,-0.0457474140627372,0.396238240583002,0.00647363203265147,-0.0822889962023999,0.00724410164038088,-0.394840728090658,0.0138492918150961
2.6285113395346,0.338432399509984,-0.0460678507140939,0.396310529617178,0.0065164024451551,-0.0822847135421283,0.00730448264809593,-0.394893724078969,0.0140269478911725
2.64674045578839,0.338351149973887,-0.04639021630109,0.396383952281454,0.00655917352135611,-0.082280221361911,0.00736528493423341,-0.394946344940494,0.0142061859516
2.6650959936689,0.338268651163143,-0.0467145181025239,0.396458522573267,0.00660193710618993,-0.0822755167328079,0.00742650985783976,-0.394998582196473,0.014387011022595
2.68357882992886,0.338184888675967,-0.0470407633790095,0.396534254599195,0.00664468484883642,-0.0822705967089414,0.00748815876936207,-0.395050427389913,0.0145694281003784
2.70218984740145,0.338099847958705,-0.0473689593714048,0.396611162575,0.00668740819961288,-0.0822654583273665,0.00755023301066238,-0.39510187208655,0.0147534421532391
2.72092993504239,0.338013514303797,-0.0476991132991817,0.396689260825656,0.00673009840681444,-0.0822600986079332,0.00761273391502856,-0.39515290787574,0.0149390581236339
2.73979998797246,0.337925872847732,-0.0480312323587376,0.396768563785357,0.0067727465135018,-0.0822545145531412,0.00767566280718185,-0.395203526371293,0.0151262809303241
2.75880090752022,0.337836908569002,-0.0483653237216468,0.396849085997499,0.00681534335423459,-0.0822487031479861,0.00773902100328035,-0.395253719212239,0.0153151154705453
2.77793360126509,0.337746606286052,-0.0487013945328524,0.396930842114643,0.00685787955174962,-0.0822426613597983,0.00780280981091841,-0.395303478063531,0.0155055666222092
2.79719898308069,0.337654950655229,-0.0490394519087969,0.397013846898455,0.00690034551358301,-0.0822363861380744,0.00786703052912164,-0.395352794616676,0.0156976392461356
2.81659797317847,0.337561926168736,-0.049379502935492,0.397098115219614,0.00694273142863538,-0.0822298744143001,0.00793168444833692,-0.395401660590305,0.0158913381883133
2.83613149815172,0.337467517152581,-0.0497215546665266,0.397183662057702,0.0069850272636789,-0.0822231231017663,0.00799677285041768,-0.395450067730671,0.0160866682821869
2.85580049101974,0.337371707764534,-0.0500656141210122,0.397270502501054,0.00702722275980544,-0.0822161290953771,0.00806229700860346,-0.395498007812077,0.0162836343509681
2.87560589127251,0.337274481992084,-0.0504116882814658,0.397358651746593,0.00706930742881477,-0.0822088892714509,0.00812825818749409,-0.395545472637236,0.0164822412099707
2.89554864491548,0.337175823650405,-0.0507597840916295,0.397448125099617,0.00711127054954207,-0.0822014004875131,0.00819465764301763,-0.395592454037559,0.0166824936689646
2.91562970451479,0.337075716380326,-0.0511099084542263,0.397538937973565,0.00715310116412373,-0.0821936595820829,0.00826149662239233,-0.395638943873378,0.0168843965345509
2.93585002924278,0.33697414364631,-0.0514620682286515,0.397631105889746,0.0071947880742005,-0.0821856633744518,0.0083287763640818,-0.395684934034086,0.0170879546125524
2.95621058492378,0.336871088734439,-0.0518162702286001,0.397724644477023,0.00723631983705737,-0.0821774086644557,0.00839649809774342,-0.395730416438215,0.0172931727104197
2.97671234408028,0.336766534750415,-0.0521725212196285,0.397819569471473,0.00727768476169889,-0.0821688922322399,0.00846466304416968,-0.395775383033439,0.0175000556396511
2.99735628597932,0.336660464617566,-0.0525308279166513,0.397915896715991,0.00731887090486004,-0.0821601108380173,0.00853327241522188,-0.395819825796503,0.0177086082182226
3.01814339667932,0.33655286107487,-0.0528911969813722,0.398013642159868,0.00735986606695042,-0.08215106122182,0.00860232741375642,-0.395863736733078,0.0179188352730283
3.03907466907719,0.336443706674987,-0.0532536350196483,0.398112821858312,0.00740065778793257,-0.0821417401032446,0.00867182923354276,-0.395907107877548,0.0181307416423281
3.06015110295567,0.336332983782316,-0.0536181485787888,0.398213451971926,0.00744123334313253,-0.0821321441811909,0.00874177905917345,-0.395949931292715,0.0183443321782005
3.08137370503119,0.336220674571057,-0.0539847441447864,0.398315548766149,0.00748157973898225,-0.0821222701335947,0.00881217806596527,-0.395992199069443,0.0185596117489998
3.10274348900188,0.3361067610233,-0.0543534281394812,0.39841912861063,0.00752168370869363,-0.0821121146171545,0.00888302741985188,-0.396033903326212,0.018776585241815
3.12426147559604,0.335991224927129,-0.054724206917658,0.39852420797856,0.00756153170786288,-0.0821016742670528,0.00895432827726711,-0.396075036208616,0.0189952575649283
3.14592869262085,0.335874047874747,-0.0550970867640755,0.398630803445953,0.00760110991000486,-0.0820909456966711,0.00902608178501912,-0.396115589888775,0.0192156336502725
3.16774617501149,0.335755211260626,-0.0554720738904273,0.398738931690858,0.00764040420201699,-0.0820799254973004,0.00909828908015483,-0.396155556564676,0.0194377184558844
3.18971496488059,0.335634696279675,-0.0558491744322355,0.398848609492524,0.00767940017957176,-0.082068610237846,0.00917095128981454,-0.396194928459449,0.0196615169683529
3.21183611156796,0.335512483925435,-0.0562283944456747,0.398959853730499,0.00771808314243794,-0.0820569964645273,0.00924406953107642,-0.396233697820553,0.0198870342052596
3.23411067169074,0.335388554988307,-0.0566097399043286,0.399072681383666,0.00775643808972915,-0.0820450807005736,0.00931764491079072,-0.39627185691891,0.020114275217611
3.25653970919388,0.335262890053794,-0.056993216695877,0.399187109529209,0.0077944497150802,-0.0820328594459146,0.00939167852540328,-0.396309398047948,0.0203432450922597
3.27912429540095,0.335135469500781,-0.057378830618714,0.399303155341522,0.00783210240175054,-0.082020329176867,0.0094661714607684,-0.396346313522581,0.0205739489543136
3.30186550906528,0.335006273499847,-0.0577665873784966,0.399420836091033,0.0078693802176541,-0.0820074863458171,0.00954112479195041,-0.39638259567812,0.0208063919695303
3.32476443642155,0.334875282011599,-0.0581564925846249,0.399540169142965,0.0079062669103154,-0.0819943273809,0.00961653958301424,-0.396418236869099,0.0210405793466963
3.3478221712376,0.334742474785053,-0.0585485517466518,0.399661171956014,0.00794274590175234,-0.0819808486856748,0.00969241688680431,-0.396453229468046,0.0212765163399891
3.37103981486675,0.334607831356034,-0.0589427702706235,0.399783862080952,0.00797880028328429,-0.0819670466387966,0.00976875774471183,-0.396487565864172,0.0215142082513198
3.39441847630035,0.334471331045625,-0.0593391534553501,0.399908257159147,0.00801441281026609,-0.0819529175936864,0.00984556318643018,-0.396521238461995,0.0217536604326555
3.41795927222076,0.334332952958647,-0.0597377064886068,0.400034374921001,0.00804956589674778,-0.0819384578781971,0.00992283422969811,-0.396554239679889,0.0219948782883197
3.44166332705473,0.33419267598218,-0.0601384344432647,0.400162233184294,0.00808424161005977,-0.0819236637942782,0.0100005718800308,-0.396586561948572,0.0222378672772687
3.46553177302703,0.334050478784122,-0.0605413422733515,0.400291849852445,0.00811842166532339,-0.0819085316176377,0.0100787771304383,-0.396618197709517,0.0224826329153434
3.48956575021462,0.333906339811796,-0.0609464348100428,0.400423242912676,0.00815208741988738,-0.0818930575974029,0.0101574509611314,-0.396649139413302,0.0227291807774945
3.51376640660105,0.333760237290594,-0.0613537167575829,0.400556430434083,0.00818521986768964,-0.0818772379557789,0.0102365943392146,-0.396679379517884,0.0229775164999793
3.53813489813128,0.33361214922267,-0.0617631926891349,0.400691430565603,0.0082177996335453,-0.0818610688877068,0.0103162082183662,-0.396708910486817,0.0232276457825299
3.56267238876697,0.333462053385679,-0.0621748670425624,0.400828261533881,0.00824980696736036,-0.0818445465605202,0.0103962935385051,-0.396737724787393,0.0234795743904904
3.58738005054197,0.333309927331561,-0.0625887441161392,0.400966941641035,0.00828122173827206,-0.081827667113602,0.0104768512254444,-0.396765814888727,0.0237333081569216
3.61225906361841,0.333155748385386,-0.0630048280641902,0.401107489262305,0.00831202342871588,-0.0818104266580402,0.0105578821905313,-0.396793173259767,0.0239888529846727
3.63731061634298,0.332999493644231,-0.0634231228926618,0.401249922843598,0.00834219112841962,-0.0817928212762843,0.0106393873302738,-0.396819792367253,0.0242462148484192
3.66253590530377,0.332841139976131,-0.0638436324546224,0.401394260898912,0.00837170352832498,-0.0817748470218021,0.0107213675259533,-0.3968456646736,0.0245053997966633
3.68793613538733,0.332680664019074,-0.0642663604456935,0.401540522007641,0.0084005389144379,-0.0817564999187371,0.0108038236432236,-0.396870782634725,0.0247664139536994
3.71351251983634,0.332518042180051,-0.0646913103994102,0.401688724811767,0.00842867516160684,-0.081737775961567,0.0108867565316958,-0.39689513869781,0.0250292635215387
3.73926628030746,0.332353250634168,-0.0651184856825129,0.401838888012911,0.00845608972723151,-0.0817186711147639,0.0109701670245092,-0.396918725299009,0.0252939547817973
3.76519864692972,0.332186265323819,-0.0655478894901692,0.401991030369272,0.00848275964490115,-0.0816991813124563,0.0110540559378875,-0.396941534861084,0.0255604940975417
3.7913108583633,0.332017061957921,-0.0659795248411267,0.40214517069242,0.00850866151796464,-0.0816793024580927,0.0111384240706819,-0.396963559790992,0.0258288879150937
3.81760416185865,0.331845616011205,-0.0664133945727962,0.402301327843961,0.00853377151303218,-0.0816590304241085,0.0112232722038982,-0.396984792477408,0.0260991427657925
3.84407981331609,0.331671902723582,-0.0668495013362669,0.402459520732059,0.00855806535341082,-0.0816383610515955,0.0113086011002112,-0.397005225288192,0.0263712652677131
3.87073907734582,0.33149589709957,-0.0672878475912521,0.402619768307816,0.0085815183124735,-0.0816172901499742,0.0113944115034629,-0.397024850567795,0.0266452621273401
3.89758322732826,0.331317573907793,-0.0677284356009672,0.402782089561502,0.00860410520696427,-0.0815958134966704,0.0114807041381473,-0.397043660634613,0.0269211401411957
3.92461354547494,0.331136907680548,-0.068171267426939,0.402946503518639,0.00862580039024005,-0.0815739268367954,0.0115674797088798,-0.397061647778286,0.0271989061974213
3.95183132288971,0.330953872713449,-0.0686163449237483,0.403113029235926,0.00864657774545051,-0.0815516258828306,0.0116547388998524,-0.397078804256935,0.0274785672773117
3.97923785963041,0.330768443065135,-0.0690636697337038,0.403281685797008,0.00866641067865771,-0.0815289063143165,0.011742482374274,-0.397095122294352,0.0277601304568004
4.00683446477099,0.330580592557074,-0.0695132432814503,0.403452492308082,0.00868527211189714,-0.0815057637775479,0.0118307107737953,-0.397110594077135,0.028043602907896
4.03462245646401,0.330390294773421,-0.0699650667685088,0.403625467893335,0.00870313447618172,-0.0814821938852733,0.01191942471792,-0.397125211751769,0.0283289919000682
4.06260316200361,0.330197523060978,-0.0704191411677524,0.403800631690213,0.00871996970445028,-0.0814581922164006,0.0120086248034001,-0.397138967421655,0.0286163048015833
4.09077791788892,0.330002250529223,-0.0708754672178144,0.40397800284452,0.0087357492244631,-0.0814337543157097,0.0120983116036167,-0.397151853144092,0.0289055490807869
4.11914806988789,0.329804450050425,-0.0713340454174334,0.404157600505328,0.00875044395164597,-0.0814088756935709,0.0121884856679466,-0.3971638609272,0.0291967323073347
4.14771497310157,0.329604094259855,-0.0717948760197318,0.404339443819717,0.00876402428188494,-0.0813835518256708,0.0122791475211126,-0.397174982726806,0.0294898621533699
4.17647999202884,0.329401155556071,-0.0722579590264318,0.404523551927318,0.00877646008427417,-0.0813577781527454,0.0123702976625203,-0.397185210443267,0.0297849463946459
4.20544450063156,0.329195606101305,-0.072723294182007,0.404709943954674,0.00878772069381958,-0.0813315500803217,0.0124619365655792,-0.397194535918258,0.0300819929115946
4.23460988240025,0.328987417821941,-0.0731908809677723,0.404898639009399,0.00879777490409944,-0.0813048629784661,0.0125540646770098,-0.397202950931504,0.0303810096903384
4.26397753042013,0.328776562409077,-0.0736607185959107,0.405089656174143,0.00880659095988653,-0.0812777121815433,0.0126466824161345,-0.397210447197468,0.0306820048236463
4.29354884743766,0.328563011319202,-0.0741328060034395,0.40528301450035,0.0088141365497328,-0.0812500929879828,0.0127397901741558,-0.397217016361995,0.0309849865118326
4.32332524592758,0.328346735774958,-0.0746071418461161,0.405478733001813,0.00882037879852016,-0.0812220006600558,0.0128333883134177,-0.397222649998905,0.0312899630635977
4.35330814816033,0.328127706766008,-0.0750837244922838,0.405676830648013,0.00882528425998032,-0.081193430423661,0.0129274771666541,-0.397227339606549,0.0315969428968102
4.38349898627002,0.327905895050009,-0.0755625520166594,0.405877326357242,0.00882881890918742,-0.0811643774681215,0.0130220570362219,-0.397231076604317,0.0319059345392304
4.41389920232282,0.327681271153692,-0.0760436221940623,0.406080238989514,0.00883094813502483,-0.0811348369459925,0.0131171281933193,-0.397233852329099,0.0322169466291725
4.44451024838583,0.327453805374044,-0.0765269324930878,0.406285587339236,0.00883163673263197,-0.081104803972879,0.0132126908771908,-0.39723565803171,0.0325299879161078
4.47533358659646,0.327223467779607,-0.0770124800697238,0.406493390127663,0.0088308488958329,-0.0810742736272662,0.0133087452943167,-0.397236484873271,0.032845067261205
4.50637068923228,0.326990228211888,-0.0775002617609138,0.406703665995119,0.00882854820955087,-0.0810432409503614,0.0134052916175891,-0.397236323921547,0.0331621936378096
4.53762303878129,0.326754056286884,-0.0779902740780651,0.406916433492969,0.00882469764221343,-0.0810117009459479,0.0135023299854739,-0.39723516614724,0.0334813761318595
4.56909212801278,0.326514921396722,-0.0784825132005066,0.407131711075362,0.00881925953815074,-0.0809796485802521,0.0135998605011582,-0.397233002420256,0.0338026239422386
4.60077946004862,0.326272792711426,-0.0789769749688941,0.407349517090722,0.00881219560999238,-0.0809470787818238,0.0136978832316843,-0.397229823505912,0.0341259463810647
4.63268654843505,0.326027639180796,-0.0794736548785667,0.407569869772986,0.00880346693106641,-0.0809139864414299,0.0137963982070705,-0.397225620061124,0.0344513528739139
4.66481491721498,0.325779429536425,-0.0799725480728555,0.407792787232593,0.00879303392780521,-0.0808803664119618,0.0138954054194169,-0.39722038263054,0.0347788529599781
4.69716610100076,0.32552813229383,-0.0804736493363444,0.408018287447206,0.00878085637216321,-0.0808462135083586,0.0139949048219996,-0.397214101642645,0.0351084562921579
4.72974164504755,0.325273715754722,-0.0809769530880873,0.408246388252177,0.00876689337405052,-0.0808115225075429,0.0140948963283504,-0.397206767405827,0.0354401726370871
4.76254310532705,0.325016148009407,-0.0814824533747801,0.408477107330743,0.00875110337378819,-0.0807762881483745,0.0141953798113239,-0.397198370104399,0.0357740118750905
4.79557204860185,0.324755396939316,-0.0819901438638928,0.408710462203942,0.00873344413458993,-0.0807405051316175,0.0142963551021519,-0.397188899794597,0.0361099840000722
4.82883005250031,0.32449143021968,-0.08250001783676,0.408946470220264,0.0087138727350756,-0.0807041681199251,0.014397821989485,-0.397178346400528,0.0364480991193361
4.86231870559183,0.324224215322338,-0.0830120681816337,0.409185148545012,0.00869234556182211,-0.0806672717378404,0.0144997802184213,-0.397166699710094,0.0367883674533349
4.89603960746281,0.323953719518695,-0.0835262873867005,0.409426514149382,0.00866881830195769,-0.0806298105718138,0.0146022294895241,-0.397153949370874,0.0371307993353498
4.92999436879299,0.323679909882817,-0.0840426675330633,0.409670583799253,0.00864324593580493,-0.0805917791702389,0.0147051694578264,-0.397140084885976,0.037475405211097
4.96418461143244,0.323402753294677,-0.0845612002876924,0.409917374043684,0.00861558272957884,-0.0805531720435048,0.0148085997318239,-0.39712509560985,0.0378221956382637
4.99861196847899,0.323122216443554,-0.085081876896345,0.410166901203112,0.0085857822281467,-0.0805139836640678,0.0149125198724572,-0.397108970744074,0.0381711812859693
5.03327808435624,0.322838265831577,-0.0856046881764583,0.41041918135725,0.00855379724785564,-0.0804742084665414,0.0150169293920819,-0.397091699333097,0.0385223729341531
5.06818461489212,0.322550867777433,-0.0861296245100163,0.410674230332679,0.00851957986943488,-0.0804338408478051,0.0151218277534283,-0.397073270259963,0.0388757814728873
5.10333322739797,0.322259988420226,-0.0866566758363946,0.410932063690132,0.00848308143097942,-0.0803928751671331,0.01522721436855,-0.39705367224199,0.0392314179016134
5.13872560074817,0.321965593723496,-0.0871858316451836,0.411192696711459,0.00844425252102241,-0.0803513057463428,0.0153330885977626,-0.397032893826424,0.0395892933283029
5.17436342546036,0.321667649479408,-0.0877170809689953,0.411456144386283,0.00840304297170379,-0.0803091268699636,0.0154394497485717,-0.397010923386061,0.0399494189685387
5.21024840377617,0.321366121313097,-0.0882504123762541,0.411722421398334,0.00835940185204165,-0.0802663327854265,0.0155462970745917,-0.396987749114838,0.0403118061445194
5.24638224974252,0.321060974687187,-0.0887858139639758,0.411991542111449,0.0083132774613157,-0.0802229177032746,0.0156536297744553,-0.396963359023392,0.0406764662839825
5.2827666892935,0.320752174906479,-0.0893232733505372,0.412263520555257,0.00826461732256954,-0.0801788757973957,0.0157614469907127,-0.396937740934591,0.0410434109190478
5.31940346033281,0.320439687122806,-0.0898627776684392,0.412538370410527,0.00821336817624008,-0.0801342012052768,0.0158697478087238,-0.396910882479039,0.0414126516849782
5.35629431281677,0.320123476340075,-0.0904043135570678,0.41281610499418,0.00815947597392344,-0.0800888880282801,0.0159785312555405,-0.396882771090541,0.0417842003188584
5.39344100883792,0.319803507419475,-0.0909478671554535,0.413096737243966,0.00810288587228407,-0.0800429303319429,0.0160877962987823,-0.396853394001555,0.0421580686581884
5.43084532270915,0.31947974508487,-0.0914934240950357,0.413380279702801,0.00804354222711912,-0.0799963221463003,0.016197541845503,-0.396822738238605,0.0425342686393933
5.4685090410485,0.319152153928378,-0.0920409694924334,0.413666744502755,0.00798138858758266,-0.0799490574662311,0.0163077667410513,-0.396790790617669,0.0429128122962452
5.50643396286443,0.318820698416124,-0.0925904879422259,0.413956143348702,0.00791636769058376,-0.0799011302518282,0.0164184697679242,-0.396757537739547,0.0432937117581987
5.54462189964184,0.318485342894192,-0.0931419635097484,0.414248487501615,0.00784842145536482,-0.079852534428793,0.0165296496446137,-0.396722965985191,0.0436769792486371
5.58307467542852,0.318146051594761,-0.093695379723905,0.414543787761509,0.00777749097827041,-0.0798032638888546,0.0166413050244482,-0.396687061511022,0.0440626270830281
5.6217941269223,0.31780278864243,-0.0942507195700037,0.414842054450033,0.00770351652771833,-0.0797533124902142,0.016753434494428,-0.396649810244215,0.0444506676669893
5.66078210355879,0.317455518060741,-0.0948079654826168,0.415143297392709,0.00762643753938078,-0.0797026740580148,0.0168660365740562,-0.396611197877957,0.0448411134942592
5.70004046759971,0.317104203778898,-0.0953670993384722,0.415447525900804,0.00754619261158807,-0.0796513423848369,0.0169791097141644,-0.396571209866694,0.0452339771445763
5.73957109422183,0.316748809638678,-0.0959281024493773,0.41575474875285,0.00746271950096397,-0.0795993112312202,0.0170926522957353,-0.396529831421337,0.0456292712814601
5.77937587160657,0.316389299401549,-0.0964909555551827,0.416064974175801,0.00737595511830502,-0.079546574326212,0.017206662628721,-0.396487047504466,0.0460270086498978
5.81945670103016,0.316025636755989,-0.0970556388167886,0.416378209825827,0.00728583552471423,-0.0794931253679424,0.0173211389508589,-0.396442842825492,0.04642720207393
5.85981549695445,0.315657785325001,-0.0976221318091982,0.416694462768743,0.00719229592800041,-0.0794389580242266,0.0174360794264845,-0.396397201835818,0.0468298644541392
5.90045418711838,0.315285708673843,-0.0981904135146239,0.417013739460075,0.0070952706793555,-0.0793840659331951,0.0175514821453432,-0.396350108723965,0.0472350087650338
5.94137471263004,0.314909370317964,-0.0987604623156504,0.417336045724763,0.00699469327032118,-0.079328442703951,0.0176673451213996,-0.396301547410688,0.047642648052332
5.9825790280594,0.314528733731139,-0.0993322559884603,0.417661386736491,0.00689049633005692,-0.0792720819172569,0.0177836662916471,-0.396251501544068,0.0480527954301387
6.02406910153166,0.314143762353831,-0.0999057716961254,0.417989766996663,0.00678261162292221,-0.0792149771262484,0.0179004435149168,-0.396199954494594,0.0484654640780175
6.06584691482126,0.313754419601749,-0.100480985981972,0.418321190312999,0.00667097004638476,-0.0791571218571778,0.0180176745706866,-0.396146889350223,0.0488806672379542
6.10791446344653,0.313360668874628,-0.101057874763023,0.418655659777779,0.00655550162926852,-0.0790985096101864,0.018135357157892,-0.396092288911426,0.0492984182112108
6.15027375676503,0.312962473565224,-0.101636413323523,0.418993177745716,0.00643613553035349,-0.0790391338601057,0.0182534888937379,-0.396036135686221,0.049718730355068
6.19292681806951,0.312559797068519,-0.102216576308552,0.419333745811465,0.00631280003734147,-0.078978988057289,0.0183720673125131,-0.395978411885195,0.0501416170794545
6.23587568468454,0.31215260279115,-0.102798337717732,0.419677364786774,0.0061854225662,-0.0789180656284723,0.0184910898644075,-0.395919099416509,0.0505670918434612
6.27912240806387,0.311740854161049,-0.103381670899037,0.420024034677271,0.00605392966089957,-0.0788563599776647,0.0186105539143334,-0.395858179880901,0.0509951681517397
6.32266905388835,0.311324514637304,-0.103966548542704,0.420373754658891,0.0059182469935567,-0.0787938644870707,0.0187304567407506,-0.395795634566668,0.05142585955078
6.36651770216467,0.310903547720242,-0.104552942675263,0.420726523053959,0.00577829936499805,-0.0787305725180413,0.0188507955344964,-0.395731444444654,0.0518591796250699
6.41067044732463,0.310477916961729,-0.105140824653673,0.421082337306902,0.00563401070575864,-0.0786664774120565,0.0189715673976221,-0.395665590163218,0.0522951419931306
6.45512939832527,0.310047585975688,-0.105730165159598,0.421441193959625,0.00548530407752965,-0.078601572491739,0.0190927693422354,-0.39559805204321,0.0527337603034284
6.49989667874954,0.309612518448841,-0.106320934193799,0.421803088626533,0.00533210167506998,-0.0785358510618982,0.0192143982893497,-0.395528810072932,0.0531750482301602
6.54497442690774,0.309172678151671,-0.106913101070671,0.422168015969218,0.00517432482859612,-0.0784693064106059,0.0193364510677421,-0.395457843903107,0.0536190194689106
6.5903647959397,0.308728028949603,-0.107506634412921,0.422535969670796,0.00501189400666599,-0.0784019318103033,0.0194589244128192,-0.395385132841841,0.0540656877321782
6.63606995391757,0.308278534814404,-0.108101502146398,0.422906942409926,0.00484472881957113,-0.078333720518939,0.0195818149654932,-0.395310655849591,0.0545150667447705
6.68209208394941,0.307824159835807,-0.108697671495075,0.423280925834485,0.0046727480232534,-0.0782646657811389,0.0197051192710677,-0.395234391534136,0.0549671702390641
6.72843338428345,0.307364868233351,-0.109295108976202,0.423657910534935,0.00449586952376066,-0.0781947608294079,0.0198288337781346,-0.395156318145549,0.055422011950128
6.77509606841313,0.306900624368438,-0.109893780395623,0.424037886017362,0.0043140103822574,-0.0781239988853623,0.0199529548374829,-0.395076413571185,0.0558796056107091
6.82208236518274,0.306431392756614,-0.110493650843272,0.424420840676216,0.00412708682060664,-0.0780523731609957,0.0200774787010206,-0.394994655330671,0.0563399649460767
6.86939451889399,0.305957138080056,-0.111094684688857,0.424806761766739,0.00393501422753809,-0.0779798768599743,0.020202401520709,-0.394911020570912,0.0568031036687248
6.91703478941313,0.305477825200287,-0.111696845577732,0.425195635377105,0.00373770716541849,-0.0779065031789663,0.0203277193475124,-0.394825486061109,0.0572690354729296
6.96500545227891,0.304993419171093,-0.112300096426972,0.425587446400272,0.0035350793776408,-0.0778322453090012,0.0204534281303627,-0.394738028187795,0.0577377740291594
7.0133087988113,0.304503885251658,-0.112904399421648,0.425982178505552,0.00332704379664794,-0.0777570964368618,0.0205795237151393,-0.394648622949889,0.0582093329783367
7.06194713622089,0.304009188919907,-0.113509716011321,0.426379814109921,0.00311351255260689,-0.0776810497465076,0.0207060018436671,-0.394557245953774,0.0586837259259489
7.11092278771915,0.303509295886059,-0.114116006906758,0.426780334349062,0.00289439698275007,-0.0776040984205294,0.0208328581527313,-0.394463872408391,0.059160966436005
7.16023809262934,0.303004172106382,-0.114723232076872,0.427183719048162,0.0026696076413999,-0.0775262356416359,0.0209600881731112,-0.394368477120374,0.0596410680248385
7.20989540649828,0.302493783797152,-0.1153313507459,0.427589946692477,0.00243905431069225,-0.0774474545941713,0.0210876873286338,-0.394271034489198,0.0601240441547518
7.25989710120885,0.301978097448812,-0.115940321390829,0.427998994397663,0.00220264601201656,-0.0773677484656637,0.0212156509352472,-0.394171518502375,0.0606099082275018
7.31024556509332,0.301457079840329,-0.116550101739066,0.4284108378799,0.00196029101818687,-0.0772871104484052,0.0213439742001156,-0.394069902730675,0.0610986735776242
7.36094320304735,0.300930698053742,-0.117160648766373,0.428825451425809,0.001711896866362,-0.0772055337410624,0.0214726522207372,-0.39396616032339,0.0615903534655932
7.41199243664497,0.300398919488901,-0.117771918695067,0.42924280786219,0.00145737037172952,-0.0771230115503171,0.0216016799840842,-0.393860264003643,0.0620849610708173
7.46339570425412,0.299861711878391,-0.118383866992491,0.42966287852558,0.00119661764197057,-0.0770395370925377,0.0217310523657671,-0.393752186063736,0.0625825094844657
7.51515546115323,0.29931904330264,-0.118996448369774,0.43008563323165,0.000929544092521217,-0.0769551035954807,0.021860764129225,-0.39364189836055,0.0630830117021274
7.56727417964842,0.298770882205203,-0.119609616780874,0.430511040244472,0.000656054462646022,-0.0768697043000212,0.0219908099249399,-0.393529372311004,0.0635864806162962
7.61975434919166,0.298217197408214,-0.120223325421922,0.430939066245641,0.000376052832340767,-0.0767833324619134,0.0221211842896799,-0.393414578887558,0.064092929008685
7.67259847649959,0.297657958128016,-0.120837526730869,0.4313696763033,8.94426400783466e-05,-0.0766959813535799,0.0222518816457685,-0.393297488613786,0.0646023695423628
7.72580908567334,0.297093133990947,-0.121452172387452,0.431802833841067,-0.00020387329858515,-0.0766076442659291,0.0223828963003835,-0.393178071560012,0.0651148147537156
7.77938871831903,0.296522695049277,-0.122067213313469,0.432238500606886,-0.000503992771529904,-0.0765183145102012,0.0225142224448849,-0.393056297339007,0.0656302770442285
7.83333993366922,0.295946611797313,-0.122682599673392,0.432676636641822,-0.000811014149701528,-0.0764279854198417,0.0226458541541737,-0.39293213510177,0.0661487686720869
7.8876653087051,0.29536485518763,-0.12329828087531,0.433117200248821,-0.0011250363658355,-0.0763366503524023,0.0227777853860821,-0.392805553533379,0.0666703017435957
7.94236743827963,0.294777396647456,-0.123914205572219,0.433560147961453,-0.00144615889226218,-0.076244302691468,0.0229100099807955,-0.392676520848921,0.0671948882044146
7.99744893524145,0.294184208095179,-0.124530321663656,0.434005434512657,-0.00177448171777775,-0.0761509358486105,0.0230425216603084,-0.392545004789513,0.067722539830608
8.0529124305597,0.293585261956987,-0.125146576297697,0.434453012803511,-0.00211010532356781,-0.0760565432653674,0.0231753140279138,-0.392410972618414,0.0682532682195079
8.10876057344967,0.292980531183615,-0.125762915873313,0.434902833872059,-0.00245313065816868,-0.0759611184152458,0.0233083805677282,-0.392274391117229,0.0687870847803893
8.16499603149936,0.292369989267218,-0.126379286043106,0.435354846862196,-0.00280365911145511,-0.0758646548057508,0.0234417146442519,-0.392135226582215,0.0693240007249549
8.22162149079689,0.291753610258331,-0.126995631716414,0.435808998992657,-0.0031617924876387,-0.0757671459804367,0.0235753095019665,-0.391993444820691,0.0698640270576302
8.27863965605879,0.291131368782931,-0.127611897062811,0.436265235526123,-0.00352763297726785,-0.0756685855209822,0.0237091582649698,-0.391849011147565,0.070407174565666
8.33605325075921,0.290503240059586,-0.128228025515987,0.436723499738474,-0.00390128312821381,-0.0755689670492867,0.0238432539366492,-0.391701890381967,0.070953453809048
8.39386501726,0.289869199916676,-0.128843959778041,0.437183732888205,-0.00428284581563418,-0.0754682842295886,0.0239775893993942,-0.391552046844012,0.0715028751102126
8.45207771694168,0.289229224809686,-0.12945964182417,0.437645874186048,-0.00467242421090094,-0.075366530770604,0.0241121574143499,-0.39139944435169,0.0720554485435686
8.51069413033537,0.288583291838556,-0.130075012907765,0.438109860764818,-0.00507012174948318,-0.0752637004276852,0.0242469506212097,-0.39124404621788,0.0726111839248223
8.56971705725559,0.287931378765078,-0.130690013565937,0.438575627649504,-0.00547604209777514,-0.0751597870049979,0.0243819615380517,-0.391085815247513,0.0731700908001079
8.62914931693396,0.287273464030335,-0.131304583625454,0.43904310772765,-0.00589028911885833,-0.0750547843577166,0.0245171825612163,-0.390924713734878,0.0737321784349203
8.68899374815392,0.28660952677217,-0.131918662209114,0.439512231720045,-0.00631296683719193,-0.0749486863942367,0.0246526059652271,-0.390760703461073,0.0742974558028515
8.74925320938629,0.285939546842667,-0.132532187742544,0.43998292815175,-0.00674417940222083,-0.0748414870784036,0.0247882239027565,-0.390593745691616,0.0748659315741308
8.80993057892579,0.285263504825642,-0.133145097961445,0.440455123323507,-0.0071840310508956,-0.0747331804317555,0.0249240284046352,-0.390423801174227,0.0754376141039663
8.87102875502857,0.284581382054136,-0.133757329919279,0.440928741283538,-0.0076326260690969,-0.0746237605357817,0.0250600113799074,-0.390250830136764,0.076012511420691
8.93255065605059,0.283893160627882,-0.134368819995399,0.441403703799796,-0.00809006875195903,-0.0745132215341929,0.0251961646159321,-0.390074792285353,0.076590631213711
8.99449922058705,0.283198823430751,-0.134979503903636,0.44187993033267,-0.00855646336308777,-0.0744015576352043,0.0253324797785307,-0.389895646802689,0.0771719808212582
9.05687740761275,0.282498354148163,-0.135589316701345,0.442357338008207,-0.0090319140926671,-0.0742887631138287,0.0254689484121821,-0.389713352346529,0.0777565672179464
9.11968819662343,0.281791737284437,-0.1361981927989,0.442835841591857,-0.00951652501445349,-0.0741748323141804,0.0256055619402655,-0.38952786704839,0.0783443970021336
9.18293458777804,0.281078958180085,-0.136806065969668,0.4433153534628,-0.0100104000416537,-0.0740597596517868,0.0257423116653518,-0.389339148512436,0.078935476383089
9.2466196020421,0.280360003029026,-0.137412869360431,0.443795783588876,-0.010513642881685,-0.0739435396159079,0.0258791887695435,-0.389147153814594,0.0795298111679674
9.31074628133199,0.279634858895713,-0.138018535502295,0.444277039502155,-0.0110263569898178,-0.0738261667718616,0.026016184314864,-0.388951839501872,0.0801274067485928
9.3753176886602,0.278903513732154,-0.138622996322057,0.444759026275196,-0.0115486455217005,-0.0737076357633545,0.0261532892436974,-0.388753161591911,0.0807282680880504
9.44033690828169,0.278165956394821,-0.139226183154049,0.445241646498005,-0.0120806112847689,-0.0735879413148161,0.0262904943792772,-0.388551075572773,0.0813323997070913
9.50580704584117,0.277422176661425,-0.13982802675246,0.445724800255769,-0.0126223566885416,-0.0734670782337354,0.026427790426227,-0.388345536402957,0.0819398056703503
9.57173122852146,0.276672165247554,-0.140428457304129,0.446208385107363,-0.013173983693806,-0.0733450414129987,0.0265651679711511,-0.388136498511678,0.0825504895723793
9.63811260519287,0.275915913823144,-0.141027404441816,0.446692296064697,-0.0137355937606997,-0.0732218258332275,0.0267026174832768,-0.387923915799392,0.0831644545234986
9.70495434656358,0.275153415028788,-0.141624797257948,0.447176425572929,-0.0143072877956926,-0.0730974265651142,0.0268401293151479,-0.387707741638585,0.0837817031354691
9.7722596453311,0.274384662491852,-0.142220564318848,0.447660663491588,-0.0148891660974774,-0.0729718387717559,0.0269776937033704,-0.387487928874838,0.084402237506988
9.84003171633479,0.273609650842394,-0.142814633679427,0.448144897076641,-0.0154813283017761,-0.0728450577109831,0.0271153007694094,-0.387264429828169,0.0850260592090104
9.90827379670937,0.272828375728868,-0.143406932898366,0.448629010963555,-0.0160838733250748,-0.0727170787376833,0.0272529405204385,-0.387037196294657,0.0856531692699014
9.97698914603959,0.272040833833593,-0.143997389053759,0.449112887151379,-0.0166968993072923,-0.0725878973061174,0.027390602850241,-0.386806179548371,0.0862835681604214
10.0461810465159,0.271247022887985,-0.144585928759233,0.449596404987897,-0.0173205035534013,-0.0724575089722275,0.0275282775401636,-0.38657133034359,0.0869172557785485
10.1158528030912,0.27044694168752,-0.145172478180534,0.450079441155894,-0.0179547824740109,-0.0723259093959356,0.0276659542601214,-0.386332598917347,0.0875542314341426
10.1860077436388,0.269640590106434,-0.145756963052582,0.450561869660565,-0.0185998315249268,-0.0721930943434297,0.0278036225696561,-0.386089934992278,0.0881944938334551
10.2566492191112,0.268827969112117,-0.146339308696983,0.451043561818121,-0.0192557451457064,-0.0720590596894389,0.0279412719190455,-0.385843287779809,0.0888380410634888
10.3277806037004,0.268009080779218,-0.146919440040005,0.451524386245621,-0.0199226166972253,-0.0719238014194927,0.0280788916504644,-0.385592605983678,0.0894848705762135
10.3994052949988,0.267183928303418,-0.147497281630998,0.452004208852081,-0.0206005383982748,-0.071787315632166,0.0282164709991983,-0.385337837803789,0.0901349791726421
10.4715267141616,0.266352516014875,-0.148072757661276,0.452482892830895,-0.0212896012612113,-0.0716495985413066,0.0283539990949075,-0.38507893094043,0.0907883629867729
10.5441483060703,0.265514849391309,-0.148645791983428,0.452960298653609,-0.0219898950266786,-0.0715106464782436,0.0284914649629424,-0.384815832598847,0.0914450174694031
10.6172735394972,0.264670935070735,-0.149216308131075,0.453436284065097,-0.0227015080974285,-0.0713704558939774,0.0286288575257101,-0.384548489494181,0.092104937371822
10.6909059072708,0.263820780863799,-0.149784229339048,0.453910704080161,-0.0234245274712624,-0.0712290233613472,0.0287661656040907,-0.384276847856785,0.0927681167293864
10.7650489264432,0.262964395765732,-0.150349478564,0.454383410981623,-0.0241590386731232,-0.0710863455771757,0.0289033779189036,-0.384000853437926,0.0934345488449892
10.8397061384575,0.262101789967885,-0.15091197850542,0.454854254319924,-0.0249051256863623,-0.0709424193643908,0.0290404830924237,-0.383720451515873,0.0941042262724254
10.9148811093176,0.26123297486884,-0.151471651627062,0.455323080914277,-0.0256628708832156,-0.0707972416741204,0.0291774696499456,-0.383435586902389,0.0947771407996636
10.9905774297578,0.260357963085081,-0.152028420178767,0.455789734855432,-0.0264323549545152,-0.070650809587761,0.0293143260213969,-0.383146203949631,0.095453283432031
11.0667987154147,0.259476768461214,-0.152582206218674,0.456254057510058,-0.0272136568386733,-0.0705031203190178,0.029451040542998,-0.382852246557459,0.09613264437532
11.1435486070002,0.25858940607971,-0.153132931635808,0.45671588752681,-0.028006853649971,-0.0703541712159154,0.02958760145897,-0.382553658181175,0.0968152130188243
11.2208307704748,0.25769589227017,-0.153680518173036,0.457175060844109,-0.028812020606187,-0.070203959762777,0.0297239969232877,-0.382250381839687,0.0975009779183127
11.2986488972231,0.256796244618096,-0.154224887450375,0.457631410699666,-0.0296292309556068,-0.0700524835821716,0.0298602150014786,-0.381942360124114,0.0981899267789512
11.3770067042298,0.255890481973145,-0.15476596098865,0.458084767641797,-0.0304585559034477,-0.0698997404368275,0.0299962436724657,-0.381629535206833,0.0988820464381814
11.4559079342577,0.25497862445686,-0.155303660233481,0.458534959542557,-0.031300064537744,-0.0697457282315109,0.0301320708304543,-0.381311848850981,0.099577322848565
11.535356356026,0.254060693469869,-0.155837906579581,0.45898181161274,-0.0321538237547314,-0.069590445014869,0.0302676842868616,-0.380989242420415,0.100275741060605
11.6153557643908,0.253136711698531,-0.156368621395376,0.459425146418759,-0.0330198981837772,-0.0694338889812346,0.030403071772287,-0.380661656890135,0.100977285205552
11.6959099805258,0.252206703121019,-0.156895726047899,0.459864783901468,-0.0338983501118991,-0.0692760584723934,0.030538220938524,-0.380329032857187,0.101681938478213
11.7770228521052,0.251270693012828,-0.157419141927972,0.460300541396924,-0.0347892394079227,-0.0691169519793111,0.0306731193606108,-0.379991310552036,0.102389683119759
11.8586982534876,0.250328707951707,-0.157938790475648,0.460732233659159,-0.0356926234463221,-0.0689565681438202,0.0308077545389196,-0.379648429850431,0.103100500400563
11.9409400859005,0.24938077582198,-0.158454593205894,0.461159672884955,-0.0366085570307979,-0.0687949057602648,0.030942113901283,-0.37930033028576,0.103814370603062
12.0237522776272,0.248426925818268,-0.158966471734513,0.461582668740684,-0.0375370923176405,-0.0686319637771025,0.0310761848051562,-0.378946951061901,0.104531273004664
12.1071387841942,0.247467188448595,-0.159474347804273,0.462001028391211,-0.0384782787389344,-0.0684677412984637,0.0312099545398139,-0.378588231066578,0.105251185860713
12.1911035885602,0.246501595536862,-0.159978143311239,0.462414556530918,-0.0394321629256551,-0.0683022375856645,0.0313434103285809,-0.378224108885223,0.105974086387521
12.2756507013062,0.245530180224684,-0.160477780331276,0.462823055416844,-0.0403987886307179,-0.068135452058676,0.0314765393310941,-0.377854522815351,0.106699950745478
12.3607841608273,0.244552976972587,-0.160973181146729,0.463226324903986,-0.0413781966520314,-0.067967384297546,0.0316093286455959,-0.377479410881458,0.107428754022261
12.4465080335254,0.243570021560544,-0.161464268273227,0.463624162482778,-0.0423704247556194,-0.0677980340437743,0.0317417653112567,-0.377098710850438,0.108160470216154
12.5328264140034,0.242581351087856,-0.161950964486633,0.464016363318761,-0.0433755075988661,-0.06762740120164,0.0318738363105246,-0.376712360247524,0.108895072219478
12.6197434252612,0.241587003972365,-0.162433192850082,0.464402720294477,-0.044393476653949,-0.0674554858394808,0.0320055285715026,-0.376320296372768,0.109632531802171
12.7072632188919,0.240587019948984,-0.16291087674112,0.46478302405359,-0.0454243601315206,-0.0672822881909226,0.03213682897035,-0.375922456318045,0.110372819595512
12.7953899752808,0.239581440067557,-0.163383939878897,0.465157063047265,-0.0464681829047031,-0.0671078086560599,0.0322677243337076,-0.375518776984606,0.111115905076013
12.8841279038047,0.238570306690029,-0.163852306351424,0.465524623582808,-0.04752496643346,-0.066932047802587,0.0323982014411444,-0.37510919510116,0.111861756549488
12.9734812430331,0.237553663486923,-0.164315900642836,0.465885489874577,-0.0485947286894109,-0.066755006366877,0.0325282470276253,-0.374693647242508,0.112610341135325
13.0634542609305,0.236531555433133,-0.16477464766068,0.466239444097192,-0.0496774840811568,-0.0665766852550118,0.0326578477859971,-0.374272069848715,0.113361624750961
13.1540512550606,0.235504028803006,-0.165228472763178,0.46658626644103,-0.0507732433801825,-0.0663970855437599,0.0327869903694919,-0.373844399244833,0.114115572096597
13.2452765527909,0.234471131164739,-0.165677301786454,0.466925735170029,-0.0518820136474062,-0.0662162084815033,0.0329156613942465,-0.373410571661172,0.114872146640146
13.3371345115004,0.233432911374067,-0.166121061071711,0.467257626681791,-0.0530037981604459,-0.0660340554891131,0.0330438474418357,-0.372970523254112,0.115631310602444
13.4296295187868,0.232389419567251,-0.166559677492322,0.467581715570002,-0.0541385963416714,-0.0658506281607731,0.0331715350618178,-0.372524190127477,0.116393024942746
13.5227659926764,0.231340707153366,-0.16699307848083,0.467897774689153,-0.0552864036871144,-0.0656659282647522,0.0332987107742917,-0.372071508354444,0.117157249344504
13.6165483818355,0.230286826805887,-0.167421192055812,0.468205575221572,-0.0564472116963103,-0.0654799577441252,0.033425361072463,-0.371612414000009,0.117923942201466
13.7109811657822,0.229227832453576,-0.167843946848619,0.468504886746756,-0.0576210078031399,-0.0652927187174418,0.0335514724252177,-0.371146843144,0.118693060604099
13.806068855101,0.228163779270668,-0.168261272129932,0.468795477312999,-0.0588077753077481,-0.065104213479345,0.0336770312797028,-0.370674731904628,0.119464560326358
13.9018159916578,0.22709472366637,-0.168673097836145,0.469077113511309,-0.0600074933096108,-0.0649144445011376,0.0338020240639108,-0.370196016462591,0.120238395812821
13.998227148817,0.226020723273659,-0.169079354595534,0.46934956055159,-0.0612201366418254,-0.0647234144312989,0.0339264371892681,-0.369710633085713,0.121014520166205
14.0953069316601,0.224941836937405,-0.169479973754193,0.469612582341103,-0.0624456758066969,-0.0645311260959503,0.0340502570532244,-0.369218518154121,0.12179288513528
14.1930599772055,0.223858124701804,-0.169874887401724,0.469865941565149,-0.0636840769126964,-0.064337582499271,0.0341734700418426,-0.36871960818596,0.1225734411032
14.2914909546299,0.222769647797139,-0.170264028396648,0.470109399770002,-0.0649353016128656,-0.0641427868238651,0.0342960625323872,-0.368213839863634,0.123356137076277
14.3906045654914,0.22167646862588,-0.170647330391525,0.47034271744803,-0.0661993070447411,-0.063946742431079,0.0344180208959103,-0.367701150060572,0.124140920673198
14.4904055439544,0.220578650748111,-0.171024727857756,0.470565654125002,-0.0674760457718744,-0.0637494528612704,0.0345393314998329,-0.367181475868516,0.124927738114725
14.5908986570152,0.219476258866316,-0.171396156110046,0.470777968449555,-0.0687654657270211,-0.0635509218340307,0.0346599807105211,-0.366654754625325,0.125716534213882
14.6920887047298,0.218369358809522,-0.171761551330515,0.470979418284786,-0.0700675101570751,-0.0633511532483595,0.0347799548958552,-0.366120923943276,0.126507252366652
14.7939805204436,0.2172580175168,-0.172120850592422,0.471169760801931,-0.071382117569819,-0.063150151182794,0.0348992404277904,-0.365579921737877,0.127299834543201
14.8965789710218,0.21614230302016,-0.172473991883499,0.471348752576117,-0.0727092216825673,-0.0629479198954927,0.0350178236849092,-0.365031686257168,0.128094221279653
14.999888957082,0.215022284426822,-0.17282091412886,0.471516149684134,-0.0740487513727739,-0.0627444638242748,0.0351356910549612,-0.364476156111499,0.128890351670428
15.1039154132284,0.213898031900898,-0.173161557213477,0.471671707804191,-0.075400630630677,-0.0625397875866165,0.0352528289373934,-0.363913270303796,0.129688163361167
15.2086633082875,0.212769616644492,-0.173495862004194,0.47181518231762,-0.0767647785140527,-0.0623338959796055,0.035369223745866,-0.363342968260282,0.130487592542256
15.3141376455451,0.211637110878217,-0.173823770371272,0.471946328412479,-0.0781411091051497,-0.062126793979853,0.0354848619107551,-0.362765189861654,0.131288573942973
15.4203434629857,0.210500587821173,-0.174145225209431,0.472064901189007,-0.0795295314698742,-0.0619184867433671,0.0355997298816401,-0.362179875474709,0.132091040826277
15.5272858335329,0.209360121670368,-0.174460170458392,0.472170655766889,-0.0809299496192954,-0.061708979605386,0.035713814129776,-0.361586965984398,0.132894924984256
15.6349698652918,0.208215787579631,-0.174768551122881,0.472263347394265,-0.0823422624735391,-0.0614982780801742,0.0358271011505479,-0.3609864028263,0.133700156734242
15.7434007017931,0.207067661637998,-0.175070313292092,0.472342731558443,-0.0837663638281373,-0.0612863878607816,0.0359395774659097,-0.360378128019506,0.134506664915636
15.8525835222385,0.205915820847625,-0.175365404158591,0.472408564098256,-0.0852021423228992,-0.0610733148187679,0.0360512296268028,-0.359762084199898,0.13531437688743
15.9625235417481,0.204760343101217,-0.17565377203664,0.472460601317992,-0.08664948141337,-0.0608590650038919,0.0361620442155578,-0.359138214653795,0.13612321852647
16.07322601161,0.203601307159002,-0.175935366379931,0.472498600102855,-0.088108259344938,-0.0606436446437695,0.0362720078482751,-0.358506463351985,0.136933114226462
16.1846962195303,0.202438792625277,-0.176210137798714,0.472522318035873,-0.089578349129654,-0.0604270601434989,0.0363811071771874,-0.357866774984082,0.137743986897739
16.2969394898867,0.201272879924526,-0.176478038076314,0.472531513516206,-0.0910596185258232,-0.0602093180852566,0.0364893288930003,-0.357219094993238,0.138555757967818
16.4099611839816,0.200103650277153,-0.176739020185005,0.472525945878762,-0.0925519300204269,-0.0599904252278641,0.0365966597272131,-0.35656336961115,0.139368347382752
16.5237667002994,0.198931185674831,-0.176993038301248,0.472505375515078,-0.0940551408144317,-0.0597703885063278,0.0367030864544186,-0.355899545893381,0.140181673609289
16.6383614747635,0.197755568855496,-0.17724004782028,0.472469563995362,-0.09556910281104,-0.0595492150313525,0.0368085958945816,-0.355227571754956,0.140995653637875
16.7537509809962,0.196576883278015,-0.177480005370025,0.472418274191652,-0.0970936626069383,-0.0593269120888302,0.0369131749152958,-0.354547396006211,0.141810202986497
16.8699407305804,0.195395213096527,-0.177712868824344,0.472351270401982,-0.0986286614865879,-0.059103487139306,0.0370168104340205,-0.353858968388896,0.142625235705381
16.9869362733223,0.194210643134509,-0.1779385973156,0.472268318475506,-0.100173935419614,-0.058878947817422,0.0371194894202943,-0.353162239612493,0.143440664382581
17.1047431975172,0.193023258858565,-0.178157151246522,0.472169185938473,-0.101729315061333,-0.0586533019313403,0.0372211988979295,-0.35245716139073,0.144256400150448
17.2233671302159,0.191833146351969,-0.178368492301387,0.472053642120986,-0.10329462575647,-0.0584265574621471,0.0373219259471842,-0.351743686478283,0.145072352693008
17.3428137374936,0.19064039228799,-0.17857258345649,0.471921458284452,-0.104869687546101,-0.0581987225632391,0.0374216577069141,-0.351021768707629,0.145888430254256
17.4630887247206,0.189445083903012,-0.178769388989903,0.471772407749637,-0.10645431517786,-0.0579698055596926,0.0375203813767042,-0.350291363026032,0.146704539647388
17.5841978368348,0.188247308969485,-0.178958874490524,0.471606266025235,-0.108048318119461,-0.0577398149476181,0.0376180842189804,-0.349552425532643,0.147520586264967
17.7061468586161,0.187047155768712,-0.17914100686641,0.471422810936863,-0.109651500575545,-0.0575087593935002,0.0377147535611018,-0.348804913515684,0.148336474090056
17.8289416149627,0.185844713063516,-0.179315754352389,0.47122182275639,-0.111263661507908,-0.0572766477335244,0.0378103767974334,-0.348048785489697,0.149152105708311
17.9525879711692,0.184640070070795,-0.179483086516946,0.471003084331501,-0.112884594659129,-0.0570434889728929,0.0379049413914023,-0.347284001232823,0.149967382321051
18.0770918332073,0.183433316433995,-0.179642974268396,0.47076638121541,-0.114514088579613,-0.0568092922851291,0.0379984348775345,-0.346510521824104,0.150782203759322
18.2024591480069,0.182224542195525,-0.179795389860324,0.47051150179661,-0.116151926658102,-0.0565740670113724,0.0380908448634764,-0.345728309680756,0.151596468498955
18.3286959037413,0.181013837769135,-0.179940306896311,0.470238237428582,-0.117797887155636,-0.056337822659665,0.0381821590319996,-0.34493732859541,0.15241007367663
18.4558081301122,0.179801293912281,-0.180077700333936,0.469946382559345,-0.119451743243023,-0.0561005689042303,0.0382723651429917,-0.344137543773283,0.153222915106951
18.5838018986386,0.178587001698499,-0.180207546488065,0.469635734860759,-0.121113263041791,-0.055862315584745,0.0383614510354321,-0.343328921869243,0.154034887300553
18.7126833229461,0.177371052489815,-0.180329823033419,0.469306095357476,-0.122782209668671,-0.0556230727056048,0.0384494046293557,-0.34251143102476,0.154845883483223
18.8424585590593,0.17615353790921,-0.18044450900644,0.468957268555436,-0.124458341283593,-0.0553828504351856,0.0385362139278047,-0.341685040904698,0.155655795616067
18.9731338056957,0.174934549813163,-0.180551584806448,0.468589062569808,-0.126141411141215,-0.0551416591050992,0.038621867018769,-0.340849722733921,0.156464514416706
19.1047153045619,0.173714180264295,-0.180651032196104,0.468201289252266,-0.127831167645978,-0.0548995092094456,0.0387063520771183,-0.34000544933369,0.15727192938152
19.2372093406515,0.172492521504135,-0.180742834301177,0.467793764317506,-0.129527354410694,-0.054656411404062,0.0387896573665252,-0.339152195157818,0.15807792880894
19.3706222425457,0.171269665926033,-0.18082697560963,0.467366307468896,-0.131229710318656,-0.0544123765057683,0.0388717712413812,-0.338289936328543,0.158882399823782
19.5049603827152,0.170045706048235,-0.180903441970033,0.466918742523144,-0.132937969589269,-0.0541674154916103,0.0389526821487077,-0.337418650672108,0.159685228402634
19.6402301778248,0.168820734487148,-0.180972220589308,0.466450897533895,-0.134651861847183,-0.0539215394981006,0.0390323786300618,-0.336538317754,0.160486299400296
19.7764380890397,0.167594843930808,-0.181033300029813,0.465962604914144,-0.136371112194922,-0.0536747598204572,0.0391108493234403,-0.335648918913819,0.161285496577267
19.9135906223344,0.166368127112574,-0.181086670205794,0.465453701557356,-0.138095441288986,-0.0534270879118397,0.0391880829651809,-0.334750437299759,0.162082702628279
20.0516943288031,0.165140676785075,-0.181132322379191,0.464924028957197,-0.139824565419405,-0.0531785353825841,0.039264068391864,-0.333842857902644,0.162877799211886
20.1907558049731,0.163912585694411,-0.181170249154828,0.464373433325763,-0.141558196592726,-0.0529291139994349,0.0393387945422156,-0.332926167589517,0.163670666981083
20.3307816931193,0.16268394655464,-0.181200444474995,0.463801765710207,-0.143296042618403,-0.0526788356847749,0.0394122504590126,-0.332000355136723,0.164461185614978
20.4717786815819,0.161454852022575,-0.181222903613431,0.463208882107658,-0.145037807198552,-0.0524277125158524,0.0394844252909926,-0.331065411262469,0.165249233851489
20.6137535050858,0.16022539467288,-0.181237623168731,0.462594643578332,-0.146783190021048,-0.0521757567240053,0.0395553082947688,-0.330121328658823,0.166034689521069
20.756712945062,0.158995666973515,-0.181244601057183,0.461958916356723,-0.148531886855923,-0.051922980693882,0.0396248888367523,-0.329168102023125,0.166817429581455
20.900663829972,0.157765761261525,-0.181243836505053,0.461301571960783,-0.150283589655011,-0.0516693969626575,0.0396931563950821,-0.328205728088763,0.167597330153426
21.0456130356336,0.156535769719187,-0.181235330040337,0.460622487298984,-0.15203798665482,-0.0514150182192455,0.0397601005615653,-0.327234205655304,0.168374266557563
21.1915674855492,0.155305784350548,-0.181219083483991,0.459921544775161,-0.153794762482565,-0.0511598573035041,0.0398257110436283,-0.326253535617921,0.169148113352005
21.338534151237,0.154075896958341,-0.181195099940658,0.459198632391035,-0.155553598265311,-0.0509039272054362,0.03988997766628,-0.325263720996105,0.169918744371174
21.4865200525637,0.152846199121316,-0.181163383788911,0.458453643846327,-0.157314171742181,-0.050647241064381,0.0399528903740889,-0.32426476696162,0.170686032765483
21.6355322580795,0.151616782171985,-0.181123940671026,0.457686478636357,-0.159076157379571,-0.0503898121681986,0.0400144392331754,-0.323256680865665,0.171449851041983
21.7855778853565,0.150387737174791,-0.1810767774823,0.456897042147038,-0.160839226489299,-0.0501316539524439,0.0400746144332194,-0.322239472265224,0.172210071105954
21.9366641013278,0.149159154904718,-0.181021902359946,0.456085245747165,-0.162603047349639,-0.0498727799995298,0.0401334062894861,-0.321213152948547,0.172966564303422
22.0887981226306,0.147931125826352,-0.180959324671557,0.455251006877914,-0.164367285329165,-0.0496132040378789,0.040190805244869,-0.320177736959766,0.173719201464575
22.2419872159503,0.146703740073395,-0.180889055003194,0.454394249139464,-0.166131603013333,-0.0493529399410604,0.0402468018719536,-0.31913324062258,0.174467852948065
22.396238698368,0.145477087428646,-0.180811105147075,0.453514902374634,-0.167895660333735,-0.049092001726913,0.0403013868750999,-0.318079682562997,0.175212388686184
22.5515599377096,0.144251257304453,-0.180725488088923,0.452612902749479,-0.169659114699946,-0.0488304035566503,0.0403545510925472,-0.317017083731098,0.175952678230878
22.7079583528983,0.143026338723646,-0.180632217994962,0.451688192830727,-0.171421621133881,-0.0485681597339484,0.0404062854985405,-0.315945467421793,0.176688590800594
22.8654414143084,0.141802420300953,-0.180531310198599,0.450740721660008,-0.173182832406583,-0.0483052847040128,0.0404565812054794,-0.31486485929453,0.177419995327918
23.0240166441225,0.140579590224906,-0.1804227811868,0.449770444824765,-0.174942399177356,-0.0480417930526235,0.0405054294660904,-0.313775287391949,0.178146760508002
23.1836916166905,0.139357936240241,-0.180306648586185,0.448777324525794,-0.176699970135167,-0.0477776995051569,0.0405528216756234,-0.312676782157422,0.178868754847738
23.3444739588916,0.138137545630794,-0.180182931148859,0.447761329641322,-0.178455192142198,-0.047513018925581,0.0405987493740721,-0.311569376451481,0.179585846715655
23.5063713504986,0.136918505202896,-0.180051648737999,0.446722435787557,-0.180207710379492,-0.0472477663154237,0.040643204248419,-0.310453105567084,0.180297904392525
23.6693915245447,0.135700901269273,-0.179912822313215,0.445660625375641,-0.181957168494568,-0.0469819568127103,0.0406861781349057,-0.3093280072437,0.181004796122628
23.8335422676926,0.134484819633444,-0.179766473915701,0.444575887664935,-0.183703208750923,-0.0467156056908706,0.0407276630213278,-0.308194121680188,0.18170639016567
23.9988314206069,0.13327034557462,-0.179612626653203,0.443468218812576,-0.185445472179316,-0.0464487283576101,0.0407676510493552,-0.307051491546445,0.1824025548493
24.1652668783283,0.132057563833113,-0.179451304684814,0.442337621919246,-0.187183598730727,-0.0461813403537468,0.0408061345168767,-0.305900161993788,0.183093158622215
24.3328565906507,0.130846558596233,-0.179282533205616,0.441184107071085,-0.188917227430904,-0.0459134573520082,0.0408431058803702,-0.304740180664062,0.183778070107812
24.5016085625011,0.129637413484697,-0.179106338431191,0.440007691377706,-0.190645996536361,-0.0456450951557885,0.0408785577572965,-0.303571597697436,0.184457158158344
24.6715308543219,0.128430211539524,-0.178922747582014,0.438808399006251,-0.192369543691753,-0.0453762696978623,0.0409124829285176,-0.302394465738877,0.185130291909567
24.8426315824557,0.127225035209427,-0.178731788867748,0.437586261211448,-0.194087506088488,-0.0451069970390539,0.0409448743407379,-0.301208839943262,0.185797340835819
25.0149189195333,0.126021966338694,-0.17853349147146,0.436341316361609,-0.195799520624483,-0.0448372933668581,0.0409757251089684,-0.300014777979141,0.186458174805516
25.1884010948637,0.124821086155548,-0.178327885533764,0.435073609960544,-0.197505224064938,-0.0445671749940125,0.0410050285190127,-0.298812340031088,0.187112664137011
25.3630863948277,0.123622475260994,-0.178115002136923,0.433783194665347,-0.199204253204021,-0.0442966583570169,0.0410327780299736,-0.297601588800662,0.187760679654787
25.538983163273,0.122426213618133,-0.177894873288918,0.432470130300003,-0.20089624502734,-0.0440257600145986,0.0410589672767799,-0.296382589505932,0.18840209274594
25.7160998019135,0.121232380541944,-0.177667531907492,0.431134483864822,-0.202580836875087,-0.043754496646122,0.0410835900727311,-0.295155409879571,0.189036775416923
25.89444477073,0.120041054689523,-0.177433011804198,0.429776329541626,-0.204257666605738,-0.0434828850499386,0.0411066404120605,-0.293920120165485,0.18966460035049
26.0740265883745,0.118852314050781,-0.177191347668459,0.428395748694707,-0.205926372760173,-0.0432109421416765,0.0411281124725128,-0.292676793113981,0.190285440962825
26.2548538325773,0.11766623593958,-0.176942575051646,0.426992829867503,-0.207586594726117,-0.042938684952467,0.0411480006179366,-0.291425503975448,0.190899171460788
26.4369351405564,0.116482896985309,-0.176686730351209,0.425567668775001,-0.209237972902759,-0.0426661306271064,0.0411662994008892,-0.290166330492554,0.191505666899258
26.6202792094301,0.115302373124881,-0.176423850794844,0.424120368291839,-0.210880148865434,-0.04239329642215,0.0411830035652519,-0.288899352890926,0.19210480323851
26.8048947966327,0.114124739595158,-0.176153974424736,0.4226510384361,-0.212512765530247,-0.0421201997039373,0.0411981080488545,-0.287624653868338,0.192696457401603
26.9907907203326,0.112950070925773,-0.175877140081877,0.421159796348798,-0.214135467318506,-0.041846857946547,0.0412116079861049,-0.28634231858237,0.193280507331714
27.1779758598533,0.111778440932359,-0.175593387390463,0.419646766269059,-0.215747900320845,-0.0415732887296776,0.0412234987106251,-0.285052434636543,0.193856832049389
27.3664591560979,0.110609922710164,-0.175302756742403,0.418112079504984,-0.217349712460912,-0.0412995097364547,0.0412337757578872,-0.283755092064939,0.194425311709657
27.556249611976,0.10944458862804,-0.175005289281922,0.416555874400217,-0.218940553658487,-0.0410255387511617,0.0412424348678506,-0.282450383315276,0.194985827658968
27.7473562928336,0.108282510322804,-0.174701026890291,0.414978296296225,-0.220520075991922,-0.0407513936568922,0.0412494719875948,-0.281138403230468,0.195538262491902
27.9397883268864,0.107123758693954,-0.174390012170684,0.413379497490297,-0.222087933859757,-0.0404770924331236,0.0412548832739479,-0.279819249028639,0.19608250010761
28.1335549056553,0.105968403898724,-0.174072288433162,0.411759637189295,-0.223643784141409,-0.0402026531532094,0.0412586650961059,-0.278493020281622,0.196618425765934
28.3286652844062,0.104816515347484,-0.173747899679808,0.410118881459167,-0.225187286356783,-0.0399280939817902,0.0412608140382406,-0.277159818891926,0.197145926143168
28.5251287825912,0.103668161699449,-0.173416890590008,0.408457403170256,-0.226718102824712,-0.0396534331721208,0.0412613269020943,-0.275819749068183,0.197664889387404
28.7229547842946,0.102523410858712,-0.17307930650589,0.406775381938434,-0.228235898820072,-0.0393786890633137,0.0412602007095562,-0.274472917299087,0.198175205173424
28.9221527386804,0.101382329970561,-0.172735193417919,0.4050730040621,-0.229740342729474,-0.0391038800774967,0.0412574327052194,-0.273119432325819,0.198676764757088
29.1227321604441,0.100244985418097,-0.172384597950673,0.403350462455073,-0.231231106205395,-0.0388290247168852,0.0412530203589136,-0.271759405112982,0.199169461029172
29.324702630267,0.0991114428191204,-0.172027567348773,0.401607956575426,-0.232707864318637,-0.0385541415607677,0.0412469613682116,-0.270392948818056,0.199653188568607
29.5280737952738,0.0979817670232808,-0.171664149463006,0.399845692350316,-0.234170295708989,-0.0382792492624041,0.0412392536609055,-0.26902017875937,0.200127843695082
29.7328553694936,0.0968560221094829,-0.17129439273662,0.398063882096849,-0.235618082733979,-0.0380043665458365,0.0412298953974497,-0.267641212382627,0.200593324520952
29.9390571343235,0.0957342713835305,-0.1709183461918,0.396262744439037,-0.237050911615597,-0.037729512202612,0.0412188849733667,-0.266256169225984,0.201049531002418
30.1466889389963,0.094616577376,-0.170536059416333,0.394442504220911,-0.238468472584873,-0.0374547050884184,0.0412062210216124,-0.26486517088371,0.201496364989923
30.3557607010504,0.0935030018403327,-0.170147582550465,0.392603392415846,-0.239870460024197,-0.0371799641196309,0.0411919024148983,-0.263468340968438,0.201933730277727
30.566282406804,0.0923936057511329,-0.169752966273933,0.390745646032171,-0.241256572607279,-0.0369053082697726,0.0411759282679651,-0.262065805072041,0.202361532652616
30.7782641118319,0.0912884493026619,-0.169352261793201,0.388869508015118,-0.242626513436624,-0.0366307565658867,0.0411582979398067,-0.260657690725135,0.202779679941691
30.9917159414457,0.0901875919075171,-0.168945520828879,0.386975227145201,-0.243979990178433,-0.0363563280848225,0.0411390110358382,-0.259244127355259,0.203188082059216
31.2066480911777,0.0890910921954845,-0.168532795603332,0.385063057933091,-0.245316715194805,-0.0360820419494351,0.0411180674100071,-0.257825246243734,0.203586651052454
31.4230708272674,0.0879990080125556,-0.168114138828482,0.383133260511066,-0.246636405673164,-0.0358079173247003,0.0410954671668413,-0.256401180481242,0.203975301146472
31.6409944871527,0.0869113964200968,-0.167689603693792,0.381186100521126,-0.247938783752782,-0.0355339734137452,0.0410712106634332,-0.254972064922148,0.204353948787871
31.8604294799627,0.0858283136941636,-0.167259243854444,0.37922184899985,-0.249223576648331,-0.0352602294537954,0.0410452985113537,-0.253538036137599,0.204722512687381
32.0813862870155,0.0847498153249475,-0.166823113419698,0.377240782260092,-0.250490516770344,-0.0349867047120411,0.0410177315784944,-0.252099232367424,0.205080913861314
32.3038754623189,0.0836759560163475,-0.166381266941437,0.375243181769602,-0.25173934184251,-0.0347134184814224,0.0409885109908334,-0.250655793470877,0.205429075671811
32.5279076330741,0.0826067896856585,-0.165933759402886,0.37322933402668,-0.25296979501571,-0.0344403900763366,0.0409576381341217,-0.249207860876248,0.205766923865853
32.7534935001834,0.0815423694633642,-0.165480646207517,0.371199530432933,-0.254181624978711,-0.0341676388282683,0.040925114655487,-0.247755577529386,0.20609438661301
32.9806438387618,0.0804827476930304,-0.165021983168122,0.369154067163276,-0.255374586065429,-0.033895184081345,0.0408909424649502,-0.246299087841165,0.206411394541876
33.2093694986511,0.0794279759312868,-0.16455782649606,0.367093245033246,-0.256548438358694,-0.0336230451878194,0.0408551237368533,-0.244838537633936,0.206717880775174
33.4396814049384,0.0783781049478931,-0.164088232790664,0.365017369363749,-0.25770294779043,-0.0333512415034823,0.0408176609111937,-0.243374074086993,0.207013780963485
33.6715905584778,0.0773331847258787,-0.163613259028825,0.362926749843351,-0.258837886238193,-0.0330797923830062,0.0407785566948621,-0.241905845681109,0.207299033317571
33.9051080364161,0.0762932644617522,-0.163132962554715,0.360821700388221,-0.259953031617981,-0.0328087171752245,0.0407378140627819,-0.240434002142178,0.207573578639279
34.1402449927217,0.0752583925657714,-0.162647401069682,0.358702538999827,-0.261048167973268,-0.0325380352183471,0.0406954362589455,-0.238958694383993,0.207837360350967
34.3770126587175,0.0742286166622694,-0.162156632622278,0.35656958762053,-0.262123085560192,-0.032267765835117,0.0406514267973457,-0.23748007445023,0.208090324523461
34.6154223436172,0.0732039835900301,-0.161660715598446,0.354423171987151,-0.263177580928846,-0.0319979283279089,0.0406057894627988,-0.235998295455648,0.208332419902483
34.8554854350656,0.0721845394027084,-0.161159708711831,0.352263621482666,-0.26421145700061,-0.0317285419737744,0.0405585283116573,-0.23451351152659,0.208563597933553
35.0972133996824,0.0711703293692885,-0.160653670994236,0.35009126898613,-0.265224523141491,-0.0314596260194371,0.0405096476724082,-0.233025877740796,0.208783812785326
35.3406177836102,0.070161397974578,-0.160142661786201,0.347906450720956,-0.26621659523141,-0.0311911996762396,0.0404591521461565,-0.231535550066594,0.208993021371351
35.5857102130658,0.0691577889197311,-0.159626740727707,0.345709506101667,-0.267187495729403,-0.0309232821150472,0.0404070466069896,-0.230042685301519,0.209191183370233
35.8325023948954,0.0681595451227986,-0.159105967748992,0.343500777579255,-0.268137053734702,-0.0306558924611113,0.0403533362022211,-0.228547441010395,0.20937826124417
36.081006117134,0.0671667087193007,-0.158580403061487,0.341280610485263,-0.269065105043655,-0.0303890497888962,0.0402980263525123,-0.227049975462944,0.209554220255867
36.3312332495683,0.0661793210628191,-0.158050107148853,0.339049352874715,-0.269971492202467,-0.0301227731168734,0.0402411227518686,-0.225550447570957,0.209719028483794
36.5831957443038,0.0651974227256063,-0.157515140758118,0.33680735536803,-0.270856064555726,-0.0298570814022871,0.0401826313675102,-0.224049016825092,0.209872656835792
36.8369056363357,0.0642210534992089,-0.156975564890911,0.334554970992035,-0.271718678290706,-0.029591993535894,0.0401225584396133,-0.222545843231339,0.210015079061001
37.0923750441235,0.0632502523951037,-0.156431440794788,0.33229255502021,-0.272559196477425,-0.0293275283366839,0.0400609104809229,-0.221041087247211,0.210146271760114
37.3496161701702,0.0622850576453443,-0.155882829954635,0.330020464812295,-0.273377489104443,-0.0290637045465817,0.039997694276234,-0.219534909717704,0.210266214393942
37.6086413016048,0.0613255067032168,-0.155329794084155,0.327739059653382,-0.274173433110404,-0.0288005408251386,0.0399329168817402,-0.21802747181108,0.210374889290285
37.8694628107695,0.0603716362439041,-0.154772395117428,0.325448700592616,-0.274946912411307,-0.0285380557442139,0.03986658562425,-0.216518934954535,0.210472281649112
38.1320931558105,0.059423482165157,-0.154210695200537,0.323149750281646,-0.275697817923512,-0.0282762677826529,0.0397987081002674,-0.215009460769786,0.210558379546037
38.3965448812729,0.0584810795879738,-0.153644756683258,0.320842572812937,-0.276426047582492,-0.0280151953209663,0.0397292921749395,-0.213499211008646,0.2106331739341
38.6628306187004,0.0575444628572856,-0.153074642110806,0.318527533558073,-0.277131506357328,-0.0277548566360125,0.0396583459808667,-0.211988347488622,0.210696658643853
38.9309630872381,0.056613665542649,-0.152500414215638,0.316204999006193,-0.27781410626098,-0.0274952698956908,0.0395858779167788,-0.210477032028604,0.21074883038175
39.2009550942403,0.0556887204389474,-0.1519221359093,0.313875336602652,-0.278473766356322,-0.027236453153647,0.0395118966460739,-0.208965426384686,0.210789688726848
39.4728195358824,0.0547696595670997,-0.151339870274319,0.311538914588067,-0.279110412758002,-0.0269784243439975,0.0394364110952222,-0.207453692186172,0.210819236125837
39.7465693977764,0.0538565141747785,-0.150753680556138,0.309196101837843,-0.279723978630114,-0.0267212012760762,0.0393594304520327,-0.205941990871819,0.210837477886381
40.0222177555915,0.0529493147371392,-0.150163630155079,0.30684726770231,-0.280314404179744,-0.0264648016292071,0.0392809641637862,-0.20443048362637,0.210844422168815
40.2997777756789,0.0520480909575605,-0.149569782618342,0.3044927818476,-0.2808816366464,-0.0262092429475099,0.0392010219352312,-0.202919331317417,0.210840079976182
40.5792627157,0.051152871768399,-0.148972201632033,0.302133014097363,-0.281425630287376,-0.0259545426347397,0.039119613726447,-0.20140869443266,0.210824465142636
40.8606859252603,0.0502636853317589,-0.14837095101321,0.299768334275452,-0.281946346359097,-0.0257007179491684,0.0390367497505723,-0.199898733017593,0.210797594320229
41.1440608465467,0.0493805590402785,-0.147766094701953,0.297399112049693,-0.282443753094471,-0.0254477859985091,0.0389524404714019,-0.198389606613675,0.210759486964092
41.4294010149697,0.0485035195179374,-0.147157696753452,0.295025716776841,-0.282917825676314,-0.025195763734891,0.0388666966008517,-0.196881474197036,0.210710165316032
41.7167200598098,0.0476325926208842,-0.146545821330108,0.292648517348846,-0.283368546206895,-0.0249446679498854,0.0387795290962937,-0.195374494117757,0.210649654386569
42.0060317048688,0.0467678034382892,-0.145930532693644,0.290267882040522,-0.283795903673653,-0.0246945152695912,0.0386909491577624,-0.193868824039771,0.210577981935424
42.2973497691249,0.0459091762932236,-0.145311895197228,0.287884178358743,-0.284199893911155,-0.0244453221497801,0.0386009682250351,-0.192364620881434,0.210495178450503
42.5906881673929,0.0450567347435674,-0.144689973277601,0.285497772893252,-0.284580519559339,-0.0241971048711083,0.0385095979745856,-0.190862040756811,0.210401277125368
42.8860609109892,0.0442105015829507,-0.14406483144721,0.283109031169202,-0.284937790018133,-0.023949879534398,0.0384168503164171,-0.18936123891771,0.210296313835261
43.1834821084004,0.0433704988417286,-0.143436534286347,0.280718317501504,-0.285271721398494,-0.0237036620559916,0.0383227373907719,-0.18786236969652,0.210180327111678
43.4829659659579,0.0425367477879944,-0.142805146435284,0.2783259948511,-0.285582336469955,-0.0234584681631839,0.0382272715647241,-0.186365586449879,0.21005335811553
43.7845267885158,0.0417092689286329,-0.142170732586413,0.275932424683244,-0.285869664604747,-0.0232143133897356,0.0381304654286557,-0.184871041503222,0.209915450608939
44.0881789801347,0.0408880820104181,-0.141533357476385,0.273537966827875,-0.286133741718569,-0.0229712130714708,0.0380323317926181,-0.183378886096248,0.209766650925667
44.3939370447695,0.0400732060211565,-0.140893085878244,0.271142979342181,-0.286374610208101,-0.0227291823419644,0.0379328836825845,-0.181889270329332,0.209607007940247
44.701815586962,0.0392646591908797,-0.140249982593563,0.268747818375423,-0.286592318885321,-0.0224882361283194,0.037832134336592,-0.18040234311093,0.20943657303582
45.0118293125388,0.0384624589930899,-0.139604112444573,0.266352838036118,-0.28678692290873,-0.0222483891470409,0.0377300972007805,-0.178918252106007,0.209255400070733
45.3239930293136,0.0376666221460601,-0.138955540266293,0.263958390261633,-0.286958483711547,-0.022009655900008,0.0376267859253279,-0.177437143685516,0.209063545343924
45.6383216477945,0.0368771646141925,-0.138304330898657,0.261564824690292,-0.287107068926998,-0.0217720506705468,0.0375222143602873,-0.175959162876971,0.208861067559134
45.954830181896,0.0360941016094374,-0.137650549178636,0.259172488536041,-0.287232752310749,-0.0215355875196086,0.0374163965513278,-0.174484453316134,0.208648027787982
46.2735337496566,0.0353174475927764,-0.136994259932359,0.256781726465756,-0.287335613660603,-0.0213002802820545,0.0373093467353838,-0.173013157199845,0.208424489431947
46.5944475739604,0.0345472162757713,-0.136335527967236,0.254392880479244,-0.287415738733546,-0.0210661425630508,0.0372010793362145,-0.17154541524004,0.208190518183287
46.9175869832646,0.0337834206221819,-0.135674418064072,0.25200628979201,-0.287473219160235,-0.0208331877345767,0.0370916089598787,-0.17008136661895,0.207946181984947
47.2429674123316,0.0330260728496557,-0.135010994969195,0.249622290720832,-0.287508152357023,-0.0206014289320465,0.036980950390128,-0.16862114894554,0.207691550989486
47.5706044029659,0.0322751844314904,-0.134345323386569,0.247241216572212,-0.287520641435627,-0.0203708790510495,0.0368691185837214,-0.16716489821319,0.207426697517073
47.9005136047569,0.0315307660984742,-0.133677467969924,0.244863397533735,-0.28751079511053,-0.0201415507442095,0.0367561286656667,-0.165712748758643,0.207151696012586
48.2327107758263,0.0307928278408027,-0.133007493314886,0.242489160568403,-0.287478727604211,-0.019913456418165,0.0366419959243907,-0.164264833222241,0.206866623001864
48.5672117835806,0.0300613789100775,-0.132335463951107,0.240118829311965,-0.287424558550329,-0.0196866082306733,0.0365267358068433,-0.162821282509477,0.206571557047151
48.904032605469,0.0293364278213866,-0.131661444334412,0.23775272397329,-0.28734841289492,-0.0194610180878387,0.0364103639135393,-0.161382225753857,0.206266578701775
49.243189329747,0.0286179823554693,-0.13098549883895,0.235391161237825,-0.287250420795752,-0.0192366976414679,0.0362928959935416,-0.159947790281112,0.20595177046411
49.5846981562442,0.027906049560967,-0.130307691749358,0.233034454174158,-0.287130717519911,-0.0190136582865526,0.0361743479393897,-0.158518101574752,0.205627216730854
49.9285753971387,0.0272006357567612,-0.129628087252943,0.230682912143717,-0.286989443339725,-0.0187919111588817,0.0360547357819782,-0.157093283242998,0.205293003749679
50.2748374777359,0.0265017465344011,-0.12894674943187,0.228336840713633,-0.286826743427141,-0.0185714671327828,0.0359340756853888,-0.155673456987072,0.204949219571298
50.6235009372529,0.0258093867606206,-0.12826374225538,0.225996541572785,-0.28664276774664,-0.0183523368189953,0.0358123839416799,-0.154258742570883,0.204595954000972
50.974582429609,0.0251235605799472,-0.127579129572018,0.22366231245104,-0.286437670946803,-0.0181345305626754,0.0356896769656385,-0.152849257792099,0.204233298549532
51.3280987242209,0.0244442714174024,-0.126892975101895,0.221334447041709,-0.286211612250627,-0.0179180584415326,0.0355659712894975,-0.151445118454614,0.203861346383934
51.6840667068035,0.0237715219812964,-0.126205342428965,0.219013234927223,-0.285964755344688,-0.0177029302641002,0.0354412835576239,-0.150046438342421,0.203480192277409
52.0425033801768,0.023105314266115,-0.125516294993338,0.21669896150804,-0.285697268267257,-0.0174891555681383,0.0353156305211803,-0.14865332919488,0.203089932559237
52.4034258650778,0.0224456495555021,-0.124825896083616,0.214391907934786,-0.285409323295464,-0.0172767436191699,0.0351890290327653,-0.147265900683403,0.202690665064199
52.7668514009784,0.0217925284253356,-0.124134208829273,0.212092351043624,-0.285101096831616,-0.017065703409151,0.0350614960410362,-0.14588426038953,0.202282489081748
53.1327973469088,0.0211459507468986,-0.123441296193057,0.209800563294858,-0.284772769288759,-0.0168560436552735,0.0349330485853175,-0.144508513784419,0.201865505304935
53.5012811822866,0.0205059156901458,-0.122747220963445,0.207516812714759,-0.284424524975586,-0.0166477727989012,0.0348037037902006,-0.143138764209731,0.201439815779145
53.8723205077517,0.0198724217270635,-0.122052045747124,0.205241362840605,-0.284056551980786,-0.0164408990046382,0.0346734788601374,-0.14177511285991,0.201005523850674
54.2459330460073,0.019245466635125,-0.12135583296153,0.202974472668921,-0.283669042056929,-0.0162354301595295,0.0345423910740317,-0.140417658765857,0.200562734115188
54.6221366426659,0.0186250475008393,-0.120658644827421,0.200716396606916,-0.283262190503983,-0.0160313738723927,0.0344104577798339,-0.139066498779983,0.200111552366121
55.0009492671021,0.018011160723394,-0.119960543361506,0.198467384427076,-0.282836196052547,-0.0158287374732803,0.0342776963891406,-0.137721727562638,0.199652085543026
55.3823890133107,0.01740380201839,-0.119261590369122,0.196227681224911,-0.282391260746902,-0.015627528013072,0.034144124371804,-0.136383437569905,0.199184441679947
55.7664741007712,0.0168029664216693,-0.118561847436966,0.193997527379832,-0.281927589827957,-0.0154277522631945,0.0340097592505557,-0.135051719042749,0.198708729853825
56.1532228753178,0.0162086482932324,-0.117861375925881,0.19177715851912,-0.281445391616195,-0.01522941671547,0.0338746185956462,-0.133726659997504,0.198225060133001
56.5426538100157,0.0156208413212476,-0.117160236963702,0.189566805484965,-0.280944877394676,-0.0150325275820892,0.0337387200195059,-0.132408346217698,0.197733543525831
56.9347855060436,0.015039538526147,-0.116458491438162,0.187366694304549,-0.280426261292218,-0.0148370907957107,0.0336020811714301,-0.131096861247178,0.197234291929467
57.3296366935823,0.0144647322648111,-0.115756199989859,0.18517704616313,-0.279889760166802,-0.0146431120096818,0.0334647197322907,-0.129792286384553,0.19672741807883
57.7272262327089,0.0138964142348394,-0.11505342300529,0.182998077380099,-0.279335593489304,-0.014450596598382,0.0333266534092802,-0.128494700678902,0.196213035495815
58.1275731142982,0.0133345754789054,-0.114350220609952,0.180829999387969,-0.278763983227632,-0.0142595496576858,0.033187899930688,-0.12720418092676,0.19569125843876
58.5306964609293,0.0127792063891943,-0.113646652661508,0.178673018714255,-0.27817515373132,-0.0140699760055437,0.0330484770407158,-0.125920801670345,0.195162201852215
58.9366155277994,0.0122302967119224,-0.11294277874303,0.176527336966204,-0.277569331616691,-0.0138818801826789,0.0329084024943313,-0.124644635197017,0.194625981317041
59.3453497036433,0.0116878355519356,-0.112238658156306,0.174393150818338,-0.276946745652621,-0.0136952664533984,0.0327676940521668,-0.123375751539941,0.194082713000868
59.7569185116595,0.0111518113773857,-0.111534349915227,0.17227065200275,-0.276307626647009,-0.0135101388065162,0.0326263694754633,-0.122114218479941,0.193532513608953
60.1713416104428,0.0106222120244822,-0.110829912739251,0.170160027302123,-0.27565220733399,-0.0133265009563859,0.0324844465210628,-0.12086010154852,0.192975500335458
60.5886387949234,0.0100990247023184,-0.110125405046934,0.168061458545408,-0.27498072226198,-0.0131443563440416,0.0323419429364533,-0.119613464032018,0.192411790815172
61.0088299973121,0.00958223599776856,-0.109420884949552,0.165975122606123,-0.274293407682597,-0.0129637081384433,0.0321988764548675,-0.118374366976894,0.191841503075728
61.4319352880526,0.00907183188045514,-0.108716410244793,0.163901191403216,-0.273590501440539,-0.0127845592378264,0.0320552647904374,-0.117142869196108,0.19126475549031
61.8579748767801,0.00856779770778316,-0.108012038410534,0.16183983190444,-0.272872242864451,-0.0126069122711505,0.0319111256334093,-0.115919027276568,0.190681666730898
62.2869691132868,0.00807011823004041,-0.107307826598695,0.159791206132184,-0.272138872658862,-0.0124307695996477,0.0317664766454185,-0.11470289558763,0.190092355722072
62.7189384884933,0.00757877759556062,-0.106603831629184,0.157755471171708,-0.271390632797231,-0.0122561333184654,0.0316213354548282,-0.113494526290615,0.189496941595388
63.1539036354283,0.00709375935594757,-0.105900109983914,0.155732779181732,-0.270627766416154,-0.0120830052584027,0.0314757196521339,-0.112293969349331,0.188895543644362
63.5918853302131,0.00661504647135839,-0.10519671780091,0.153723277407304,-0.269850517710788,-0.0119113869877377,0.0313296467854347,-0.111101272541556,0.188288281280073
64.032904493055,0.00614262131584311,-0.104493710868504,0.151727108194917,-0.269059131831529,-0.0117412798141413,0.0311831343559737,-0.109916481471467,0.187675273987411
64.4769821892457,0.00567646568273904,-0.103791144619602,0.149744409009783,-0.268253854781999,-0.011572684786678,0.0310361998137503,-0.108739639582993,0.18705664128199
64.9241396301678,0.00521656079011719,-0.103089074126051,0.147775312455243,-0.26743493331837,-0.0114056026978877,0.0308888605532035,-0.107570788174045,0.186432502667735
65.3743981743082,0.0047628872862788,-0.102387554093077,0.145819946294218,-0.266602614850076,-0.0112400340859484,0.0307411339089706,-0.106409966411619,0.185802977595175
65.827779328278,0.00431542525530017,-0.101686638853822,0.143878433472673,-0.265757147341947,-0.011075979236915,0.0305930371517202,-0.105257211347727,0.185168185420445
66.2843047478397,0.00387415422262305,-0.100986382363951,0.141950892145001,-0.264898779217795,-0.0109134381870337,0.0304445874840629,-0.104112557936138,0.184528245365018
66.7439962389419,0.00343905316068897,-0.100286838196358,0.140037435701307,-0.264027759265488,-0.010752410725127,0.0302958020365393,-0.102976039049896,0.183883276476182
67.2068757587607,0.00301010049461539,-0.0995880595359468,0.138138172796488,-0.263144336543546,-0.010592896395048,0.0301466978636873,-0.101847685499586,0.183233397588268
67.6729654167483,0.00258727410791179,-0.0988900991745003,0.136253207381087,-0.26224876028928,-0.0104348944982009,0.0299972919401891,-0.100727526052331,0.182578727284653
68.1422874756894,0.00217055134823346,-0.0981930095056342,0.134382638733835,-0.261341279828501,-0.0102784040961252,0.0298476011570996,-0.0996155874514699,0.181919383860538
68.6148643527643,0.00175990903317142,-0.097496842519832,0.13252656149583,-0.260422144486828,-0.0101234240131397,0.0296976423181557,-0.0985118944369172,0.18125548528651
69.0907186206199,0.00135532345607673,-0.0968016497995641,0.130685065706299,-0.259491603502612,-0.0099699528390455,0.0295474321361692,-0.0974164697661473,0.180587149172915
69.5698730084476,0.000956770391917258,-0.0961074825144884,0.128858236839869,-0.258549905941495,-0.00981798893188365,0.0293969872295011,-0.0963293342357966,0.17991449273502
70.0523504030693,0.000564225103165169,-0.0954143914167327,0.1270461558453,-0.257597300612622,-0.0096675304207457,0.0292463241186209,-0.0952505067038455,0.179237632759003
70.5381738500302,0.000177662345714029,-0.0947224268362575,0.125248899185616,-0.256634035986525,-0.00951857520863397,0.0290954592227487,-0.0941800041123551,0.178556685568753
71.0273665547,-0.000202943625176477,-0.0940316386762981,0.123466538879571,-0.255660360114685,-0.00937112097536922,0.0289444088565822,-0.0931178415107314,0.177871766993495
71.5199518833807,-0.000577619048909322,-0.0933420764088863,0.121699142544402,-0.254676520550793,-0.00922516518054302,0.0287931892271079,-0.0920640320794885,0.177182992336246
72.0159533644237,-0.000946390653554112,-0.0926537890704485,0.1199467734398,-0.253682764273708,-0.00908070506651205,0.0286418164304968,-0.0910185871544841,0.176490476343106
72.5153946893524,-0.00130928564982658,-0.0919668252574817,0.118209490513052,-0.25267933761213,-0.00893773766143224,0.028490306449085,-0.0899815162516022,0.175794333173372
73.0182997139948,-0.001666331725046,-0.0912812331223045,0.116487348445288,-0.251666486170993,-0.00879625978232963,0.0283386751484392,-0.0889528270918527,0.175094676370501
73.5246924596224,-0.00201755703707066,-0.0905970603688827,0.114780397698785,-0.250644454759571,-0.00865626803820597,0.028186938274506,-0.0879325256268658,0.174391618833904
74.0345971140979,-0.00236299020821247,-0.0899143542487279,0.113088684565269,-0.249613487321316,-0.00851775883317642,0.0280351114508469,-0.0869206160647516,0.173685272791579
74.5480380330304,-0.00270266031913208,-0.089233161556869,0.111412251215162,-0.248573826865416,-0.00838072836963694,0.0278832101759564,-0.0859171008963021,0.172975749773578
75.0650397409388,-0.00303659690271449,-0.088553528627894,0.109751135747719,-0.24752571540008,-0.00824517265145904,0.0277312498206645,-0.0849219809215086,0.172263160586314
75.585626932423,-0.00336482993792645,-0.0878755013320618,0.108105372242007,-0.246469393867546,-0.00811108748720969,0.0275792456256228,-0.0839352552763704,0.171547615287698
76.1098244733437,-0.00368738984365582,-0.0871991250714828,0.106474990808668,-0.245405102080804,-0.00797846849339393,0.0274272126988741,-0.0829569214599704,0.170829223163109
76.6376574020103,-0.00400430747253358,-0.0865244447763668,0.104860017642417,-0.244333078662037,-0.00784731109771822,0.0272751660135034,-0.081986975361793,0.170108092702188
77.1691509303763,-0.00431561410473871,-0.0858515049013366,0.103260475075234,-0.243253560982771,-0.00771761054237213,0.027123120405373,-0.0810254112892615,0.169384331576461
77.7043304452438,-0.00462134144178626,-0.0851803494218076,0.10167638163019,-0.242166785105717,-0.00758936188732644,0.0269710905709372,-0.0800722219954715,0.168658046617771
78.2432215094763,-0.00492152160029868,-0.0845110218304304,0.100107752075857,-0.241072985728319,-0.00746256001364549,0.026819091065139,-0.0791273987070969,0.167929343797535
78.7858498632195,-0.00521618710576077,-0.0838435651335968,0.0985545974812774,-0.239972396127968,-0.00733719962681189,0.0266671362993869,-0.0781909311524484,0.167198328206799
79.3322414251308,-0.00550537088625785,-0.0831780218480069,0.097016925271414,-0.238865248108898,-0.00721327526006148,0.0265152405396109,-0.0772628075896598,0.166465104037099
79.8824222936175,-0.00578910626619729,-0.0825144339972976,0.0954947392830688,-0.237751771950737,-0.00709078127772685,0.0263634179043969,-0.0763430148349844,0.165729774562111
80.436418748083,-0.00606742696001311,-0.0818528431087295,0.0939880398212035,-0.236632196358701,-0.00696971187858741,0.0262116823631999,-0.0754315382911769,0.164992442120098
80.9942572501823,-0.00634036706585341,-0.0811932902099339,0.0924968237156319,-0.23550674841543,-0.00685006109922434,0.0260600477346332,-0.0745283619759443,0.164253208097121
81.555964445086,-0.00660796105925034,-0.0805358158257163,0.0910210843780379,-0.234375653534424,-0.00673182281737863,0.0259085276848339,-0.0736334685504441,0.163512172911033
82.121567162753,-0.00687024378677182,-0.0798804599749176,0.0895608118592817,-0.233239135415099,-0.00661499075531061,0.0257571357259045,-0.0727468393478101,0.162769435996231
82.6910924192116,-0.00712725045965508,-0.0792272621673309,0.0881159929069543,-0.232097415999414,-0.00649955848315931,0.0256058852144268,-0.0718684544016902,0.162025095789154
83.2645674178507,-0.00737901664742082,-0.0785762614006738,0.0866866110231416,-0.230950715430071,-0.00638551942230008,0.0254547893500514,-0.0709982924747735,0.161279249714536
83.8420195507184,-0.0076255782714678,-0.077927496157616,0.0852726465223633,-0.229799252010268,-0.00627286684869905,0.0253038611741572,-0.0701363310872943,0.160531994172381
84.423476399831,-0.00786697159864686,-0.07728100440286,0.0838740765896497,-0.228643242164976,-0.00616159389626291,0.0251531135685836,-0.0692825465454918,0.159783424525668
85.0089657384898,-0.0081032332348138,-0.0766368235802765,0.0824908753387234,-0.227482900403735,-0.00605169356018266,0.0250025592544323,-0.0684369139700114,0.159033635088766
85.5985155326084,-0.00833440011836,-0.0759949906100927,0.0811230138702511,-0.226318439284938,-0.00594315870027,0.024852210790938,-0.0675994073242313,0.158282719116547
86.1921539420481,-0.00856050951372041,-0.0753555418861333,0.0797704603301342,-0.225150069381594,-0.00583598204428505,0.0247020805744075,-0.0667699994424977,0.157530768794198
86.7899093219629,-0.00878159900485734,-0.074718513273115,0.078433179967808,-0.223977999248532,-0.00573015619125427,0.0245521808372255,-0.0659486620582564,0.156777875227703
87.3918102241541,-0.00899770648871975,-0.0740839401039929,0.0771111351945184,-0.222802435391052,-0.00562567361477722,0.0244025236469263,-0.0651353658320634,0.156024128435
87.9978853984339,-0.00920887016867643,-0.0734518571773598,0.0758042856415474,-0.221623582234972,-0.00552252666632131,0.0242531209053299,-0.0643300803794635,0.155269617337789
88.6081637939989,-0.00941512854792271,-0.0728222987548988,0.0745125882183611,-0.22044164209807,-0.00542070757850321,0.0241039843477425,-0.0635327742987221,0.154514429753985
89.2226745608124,-0.00961652042285911,-0.0721952985588874,0.0732359971706514,-0.219256815162894,-0.00532020846835607,0.0239551255422184,-0.062743415198397,0.153758652390805
89.8414470509972,-0.00981308487644119,-0.071570889769756,0.0719744641382476,-0.218069299450918,-0.00522102134058153,0.0238065558888843,-0.0619619697247406,0.153002370838476
90.4645108202374,-0.0100048612714995,-0.0709491050236996,0.070727938212873,-0.21687929079801,-0.00512313809078562,0.0236582866193232,-0.0611884035889177,0.152245669564541
91.0918956291901,-0.0101918892440286,-0.0703299764103426,0.0694963659957216,-0.215686982831217,-0.00502655050869761,0.0235103287960174,-0.0604226815940297,0.151488631908773
91.7236314449071,-0.0103742086964437,-0.0697135354704603,0.0682796916548345,-0.214492566946816,-0.00493125028137106,0.0233626933118503,-0.0596647676619341,0.150731340078663
92.3597484422661,-0.0105518597908051,-0.0690998131937528,0.0670778569822528,-0.213296232289625,-0.00483722899636631,0.0232153908896643,-0.0589146248598494,0.149973875145482
93.0002770054119,-0.0107248829420074,-0.0684888400166776,0.0658908014509273,-0.212098165733547,-0.00474447814491352,0.0230684320818748,-0.0581722154267345,0.149216317040892
93.645247729208,-0.0108933188109348,-0.0678806458203378,0.0647184622713643,-0.210898551863323,-0.00465298912505575,0.022921827270139,-0.0574375007994357,0.148458744554118
94.2946914206979,-0.0110572082975792,-0.0672752599284285,0.06356077444799,-0.209697572957475,-0.00456275324477132,0.0227755866650787,-0.0567104416385898,0.147701235329633
94.9486391005764,-0.0112165925341227,-0.0666727111052427,0.0624176708352152,-0.208495408972416,-0.0044737617250748,0.0226297203060548,-0.055990997854278,0.146943865865373
95.6071220046713,-0.0113715128779809,-0.0660730275537368,0.0612890821931824,-0.207292237527698,-0.00438600570309618,0.0224842380609942,-0.0552791286314207,0.14618671151146
96.2701715854358,-0.0115220109048082,-0.0654762369136587,0.0601749372431802,-0.206088233892384,-0.00429947623513751,0.0223391496262671,-0.0545747924549061,0.14542984646941
96.9378195134503,-0.011668128401464,-0.0648823662597384,0.0590751627227096,-0.204883570972521,-0.00421416429970665,0.0221944645266128,-0.0538779471344473,0.144673343791827
97.6100976789355,-0.0118099073589377,-0.0642914420999427,0.0579896834401868,-0.203678419299687,-0.00413006080052753,0.0220501921151157,-0.0531885498291596,0.143917275382569
98.2870381932754,-0.0119473899652337,-0.0637034903737973,0.0569184223292699,-0.202472947020595,-0.00404715656952661,0.0219063415732267,-0.0525065570718528,0.143161711997361
98.9686733905512,-0.0120806185982146,-0.0631185364507756,0.0558613005027949,-0.201267319887724,-0.00396544236979495,0.0217629219108329,-0.0518319247930332,0.142406723244862
99.6550358290861,-0.0122096358184022,-0.0625366051287578,0.0548182373063104,-0.200061701250971,-0.00388490889852565,0.0216199419663714,-0.0511646083446092,0.141652377588151
100.346158292999,-0.0123344843617368,-0.0619577206325611,0.0537891503711987,-0.198856252050288,-0.00380554678992631,0.0214774104069889,-0.0505045625232965,0.140898742346643
101.042073793774,-0.0124552071322934,-0.0613819066125436,0.0527739556673703,-0.197651130809288,-0.00372734661810596,0.0213353357287432,-0.0498517415937178,0.140145883698402
101.742815571832,-0.0125718471949542,-0.0608091861432836,0.0517725675555264,-0.196446493629806,-0.00365029889993647,0.0211937262568496,-0.0492060993111942,0.139393866682855
102.448417098122,-0.0126844477680394,-0.0602395817223364,0.0507848988389737,-0.195242494187376,-0.00357439409788793,0.0210525901459671,-0.0485675889442224,0.138642755203885
103.15891207572,-0.0127930522158935,-0.0596731152690708,0.049810860814987,-0.19403928372763,-0.00349962262283774,0.0209119353805265,-0.0479361632966361,0.137892612033293
103.874334441436,-0.0128977040414294,-0.0591098081235873,0.0488503633257086,-0.192837011063574,-0.0034259748368533,0.0207717697750988,-0.0473117747294487,0.137143498814624
104.594718367439,-0.0129984468786289,-0.0585496810457211,0.0479033148085775,-0.191635822573742,-0.00335344105594796,0.020632100974802,-0.0466943751823729,0.136395476067333
105.320098262886,-0.0130953244850007,-0.0579927542141307,0.0469696223462805,-0.190435862201186,-0.00328201155281003,0.0204929364557467,-0.0460839161950168,0.135648603191288
106.050508775566,-0.0131883807339962,-0.0574390472254759,0.0460491917162177,-0.189237271453311,-0.00321167655950474,0.0203542835255197,-0.0454803489277531,0.134902938471606
106.785984793556,-0.0132776596073834,-0.0568885790936873,0.0451419274394777,-0.188040189402509,-0.00314242627014885,0.0202161493237037,-0.0448836241822597,0.134158539083785
107.526561446888,-0.0133632051875795,-0.0563413682493284,0.0442477328293133,-0.186844752687589,-0.0030742508435578,0.0200785408224336,-0.0442936924217319,0.133415461099154
108.272274109224,-0.0134450616499437,-0.0557974325390556,0.0433665100391155,-0.185651095515988,-0.00300714040586531,0.0199414648269878,-0.0437105037907619,0.132673759490606
109.023158399549,-0.0135232732550293,-0.055256789225175,0.0424981601098779,-0.184459349666726,-0.00294108505311515,0.0198049279764139,-0.0431340081348878,0.131933488138611
109.779250183872,-0.0135978843407988,-0.0547194549853012,0.0416425830171472,-0.183269644494108,-0.00287607485382509,0.019668936744189,-0.0425641550198096,0.1311946998375
110.540585576935,-0.0136689393148003,-0.0541854459121202,0.0407996777174568,-0.182082106932153,-0.00281209985152277,0.0195334974389125,-0.0420008937502718,0.130457446302013
111.307200943943,-0.013736482646309,-0.0536547775132575,0.0399693421942365,-0.180896861499709,-0.00274915006725346,0.0193986162050313,-0.0414441733886136,0.129721778174085
112.079132902301,-0.0138005588584327,-0.0531274647112554,0.0391514735031969,-0.17971403030628,-0.00268721550205962,0.0192642990235974,-0.040893942772985,0.128987745029884
112.856418323356,-0.0138612125201859,-0.0526035218436609,0.0383459678171838,-0.178533733058503,-0.00262628613943204,0.0191305517130564,-0.0403501505352308,0.128255395387071
113.639094334169,-0.0139184882385308,-0.0520829626632283,0.0375527204704991,-0.177356087067298,-0.00256635194773258,0.0189973799300665,-0.0398127451184414,0.127524776712278
114.427198319278,-0.0139724306503898,-0.0515658003382363,0.0367716260026854,-0.176181207255644,-0.00250740288258833,0.0188647891703472,-0.0392816747941723,0.126795935428803
115.220767922492,-0.01402308441463,-0.051052047452925,0.0360025782017718,-0.175009206166991,-0.00244942888925716,0.0187327847695579,-0.0387568876793322,0.126068916924502
116.019841048683,-0.0140704942040224,-0.0505417160080524,0.0352454701469777,-0.173840193974273,-0.00239241990496452,0.0186013719042052,-0.0382383317527413,0.12534376555987
116.824455865599,-0.0141147046971768,-0.0500348174215752,0.034500194250873,-0.17267427848952,-0.00233636586121142,0.0184705555925773,-0.0377259548713606,0.124620524676314
117.634650805689,-0.0141557605704575,-0.0495313625294543,0.0337666423009908,-0.171511565174046,-0.00228125668605349,0.0183403406957078,-0.0372197047861936,0.123899236604587
118.450464567934,-0.0141937064898784,-0.0490313615865881,0.0330447055008936,-0.170352157149211,-0.00222708230635105,0.0182107319183651,-0.0367195291578627,0.123179942673404
119.271936119701,-0.0142285871029839,-0.0485348242678754,0.0323342745106877,-0.16919615520772,-0.0021738326499901,0.0180817338100686,-0.0362253755718601,0.122462683218198
120.099104698599,-0.0142604470307158,-0.0480417596694105,0.0316352394869871,-0.168043657825476,-0.00212149764807414,0.0179533507661318,-0.0357371915534776,0.12174749759004
120.932009814357,-0.0142893308592699,-0.0475521763098118,0.0309474901223228,-0.166894761173941,-0.00207006723708666,0.0178255870287293,-0.0352549245824143,0.121034424164691
121.77069125071,-0.0143152831319455,-0.0470660821316862,0.0302709156839989,-0.165749559133023,-0.00201953136102438,0.0176984466879904,-0.0347785221070668,0.120323500351794
122.615189067297,-0.0143383483409903,-0.046583484503231,0.029605405052391,-0.164608143304447,-0.00196987997350094,0.0175719336831157,-0.0343079315585022,0.119614762604183
123.46554360158,-0.0143585709194447,-0.0461043902199753,0.028950846758689,-0.163470603025618,-0.00192110303982108,0.0174460518035188,-0.033843100364118,0.118908246427319
124.321795470765,-0.0143759952329881,-0.0456288055066619,0.0283071290220808,-0.162337025383956,-0.00187319053902521,0.0173208046899905,-0.0333839759609888,0.118203986388835
125.183985573745,-0.0143906655717905,-0.0451567360192717,0.0276741397863768,-0.161207495231682,-0.00182613246590422,0.0171961958358865,-0.0329305058089049,0.117502016128181
126.052155093052,-0.0144026261423738,-0.044688186847192,0.0270517667560752,-0.160082095201067,-0.00177991883298437,0.0170722285883377,-0.0324826374031033,0.116802368366371
126.926345496825,-0.0144119210594855,-0.0442231625155299,0.0264398974318658,-0.158960905720095,-0.00173453967248238,0.0169489061494818,-0.0320403182866952,0.116105074915817
127.806598540793,-0.0144185943379889,-0.0437616669875711,0.0258384191455724,-0.157844005028567,-0.00168998503823038,0.0168262315777174,-0.031603496062792,0.115410166690251
128.692956270265,-0.0144226898847739,-0.0433037036673872,0.0252472190945337,-0.156731469194603,-0.00164624500757065,0.0167042077889779,-0.0311721184063321,0.114717673714717
129.585461022141,-0.0144242514906908,-0.0428492754025898,0.0246661843754213,-0.155623372131554,-0.00160330968322023,0.0165828375580273,-0.0307461330756127,0.114027625135644
130.484155426934,-0.0144233228225133,-0.0423983844872343,0.0240952020174943,-0.154519785615288,-0.00156116919510503,0.0164621235197751,-0.0303254879235288,0.113340049230975
131.389082410804,-0.0144199474149328,-0.0419510326648728,0.0235341590152913,-0.15342077930187,-0.00151981370216345,0.016342068170611,-0.0299101309085216,0.112654973420362
132.300285197614,-0.0144141686625888,-0.0415072211317564,0.022982942360758,-0.152326420745587,-0.00147923339411951,0.0162226738697594,-0.0295000101052409,0.111972424275409
133.217807310988,-0.0144060298121392,-0.0410669505401888,0.0224414390748107,-0.151236775417343,-0.00143941849322503,0.0161039428406518,-0.0290950737149236,0.111292427529968
134.141692576393,-0.0143955739543755,-0.0406302210020291,0.021909536238336,-0.150151906723391,-0.00140035925597121,0.0159858771723173,-0.0286952700754916,0.110615008090475
135.071985123233,-0.0143828440163856,-0.0401970320923458,0.0213871210226263,-0.14907187602439,-0.001362045974769,0.0158684788207919,-0.0283005476713719,0.10994019004632
136.008729386957,-0.0143678827537699,-0.0397673828532205,0.0208740807192497,-0.147996742654796,-0.00132446897959859,0.0157517496105439,-0.0279108551430432,0.109267996680256
136.951970111177,-0.0143507327429139,-0.0393412717977015,0.0203703027693571,-0.146926563942552,-0.00128761863962754,0.0156356912359166,-0.0275261412963114,0.108598450478829
137.901752349813,-0.0143314363733221,-0.0389186969139076,0.0198756747924232,-0.145861395229082,-0.00125148536479762,0.0155203052625872,-0.0271463551113167,0.107931573142833
138.858121469236,-0.0143100358400175,-0.0384996556692792,0.0193900846144242,-0.144801289889574,-0.00121605960738027,0.0154055931290413,-0.0267714457512774,0.10726738559778
139.821123150444,-0.0142865731360105,-0.0380841450149793,0.0189134202954514,-0.143746299353539,-0.00118133186350037,0.015291556148063,-0.0264013625709716,0.106605908004387
140.790803391236,-0.014261090044842,-0.0376721613904398,0.0184455701567599,-0.14269647312564,-0.00114729267462841,0.0151781955082398,-0.026036055124962,0.105947159769068
141.767208508414,-0.0142336281332045,-0.0372637007280549,0.0179864228072551,-0.141651858806779,-0.00111393262904085,0.0150655122754812,-0.0256754731755656,0.105291159554429
142.750385139995,-0.0142042287436465,-0.0368587584580188,0.0175358671694146,-0.140612502115425,-0.00108124236324853,0.0149535073945521,-0.025319566700573,0.104637925289767
143.740380247435,-0.0141729329873623,-0.0364573295133066,0.0170937925046485,-0.139578446909185,-0.00104921256339308,0.0148421816906183,-0.0249682859007197,0.103987474181563
144.737241117876,-0.0141397817370743,-0.036059408334797,0.016660088438097,-0.138549735206601,-0.00101783396661122,0.014731535870806,-0.0246215812069128,0.103339822723963
145.741015366405,-0.014104815620009,-0.0356649888765345,0.0162346449828658,-0.137526407209157,-0.00098709736236679,0.0146215705257723,-0.024279403287218,0.102694986709254
146.751750938323,-0.0140680750109734,-0.0352740646111302,0.0158173525637023,-0.136508501323498,-0.00095699359375049,0.0145122861312884,-0.0239417030536074,0.10205298123832
147.769496111443,-0.0140296000255339,-0.034886628535298,0.0154081020401098,-0.135496054183844,-0.000927513558747186,0.0144036830498336,-0.023608431668475,0.101413820731076
148.794299498388,-0.0139894305133028,-0.0345026731755244,0.0150067847289043,-0.134489100674584,-0.000898648211470718,0.0142957615321996,-0.0232795405509201,0.100777518936887
149.826210048919,-0.0139476060513361,-0.03412219059387,0.0146132924262116,-0.13348767395305,-0.000870388563366114,0.0141885217191053,-0.0229549813828046,0.100144088944956
150.865277052271,-0.0139041659376463,-0.0337451723938995,0.0142275174289089,-0.132491805472461,-0.00084272568437917,0.0140819636428215,-0.0226347061145852,0.0995135431946798
151.911550139505,-0.0138591491848344,-0.0333716097267379,0.0138493525555092,-0.131501525005008,-0.000815650704093282,0.0139760872288035,-0.0223186669709264,0.0988858934859769
152.965079285884,-0.013812594513844,-0.0330014932972497,0.0134786911664922,-0.130516860665101,-0.000789154812833527,0.0138708922973329,-0.0220068164560955,0.0982611509895799
154.025914813254,-0.013764540347842,-0.0326348133703384,0.0131154271840817,-0.129537838932738,-0.00076322926273789,0.0137663785651674,-0.0216991073591441,0.0976393262572856
155.094107392451,-0.0137150248062294,-0.0322715597773641,0.0127594551114716,-0.128564484677006,-0.000737865368795646,0.0136625456471973,-0.0213954927588797,0.0970204292321665
156.169708045722,-0.0136640856987846,-0.0319117219226736,0.0124106700515022,-0.127596821179699,-0.000713054509852822,0.0135593930581089,-0.0210959260286299,0.0964044692587368
157.25276814916,-0.0136117605199435,-0.0315552887902421,0.0120689677247881,-0.126634870159032,-0.000688788129584765,0.0134569202140545,-0.0208003608408028,0.0957914550930716
158.34333943516,-0.0135580864432197,-0.0312022489504221,0.0117342444873011,-0.125678651793464,-0.000665057737435743,0.0133551264343269,-0.020508751171248,0.0951813949128771
159.441473994887,-0.0135031003157667,-0.0308525905667955,0.0114063973474077,-0.124728184745594,-0.000641854909525653,0.0132540109430402,-0.0202210513034199,0.094574296327508
160.547224280766,-0.0134468386530867,-0.0305063014031254,0.0110853239823662,-0.123783486186144,-0.000619171289523783,0.0131535728708136,-0.0199372158323475,0.0939701663879308
161.66064310899,-0.0133893376338877,-0.0301633688304045,0.0107709227542838,-0.122844571817997,-0.000596998589489687,0.0130538112564599,-0.0196571996684146,0.0933690115966303
162.781783662036,-0.0133306330950914,-0.0298237798339953,0.0104630927255368,-0.121911455900302,-0.000575328590681195,0.0129547250486768,-0.0193809580409517,0.092770837917457
163.910699491214,-0.0132707605269959,-0.0294875210208585,0.010161733673657,-0.120984151272623,-0.000554153144329612,0.0128563131077408,-0.0191084465016458,0.0921756507854131
165.047444519217,-0.0132097550685941,-0.0291545786268653,0.00986674610568634,-0.120062669379117,-0.00053346417238215,0.0127585742072029,-0.0188396209277686,0.0915834551163757
166.192073042701,-0.0131476515030507,-0.0288249385241895,0.00957803127200348,-0.119147020292752,-0.000513253668211685,0.0126615070355858,-0.0185744375252277,0.0909942553167537
167.344639734876,-0.0130844842533402,-0.0284985862287756,0.00929549117962497,-0.118237212739539,-0.000493513697293918,0.0125651101980822,-0.0183128528314444,0.0904080552930788
168.505199648122,-0.0130202873780479,-0.0281755069078778,0.00901902860498436,-0.117333254122764,-0.000474236397852023,0.0124693822182522,-0.0180548237180601,0.089824858461526
169.673808216612,-0.0129550945673346,-0.0278556853876656,0.00874854710619284,-0.116435150547238,-0.000455413981468924,0.0123743215397213,-0.0178003073934757,0.0892446677573642
170.850521258965,-0.0128889391390688,-0.0275391061608923,0.00848395103478494,-0.115542906843516,-0.000437038733667301,0.0122799265278767,-0.0175492614052262,0.0886674856443336
172.03539498091,-0.0128218540351255,-0.0272257533946211,0.00822514554695302,-0.114656526592113,-0.000419103014457485,0.0121861954715622,-0.0173016436421944,0.0880933141239491
173.228485977972,-0.0127538718178554,-0.0269156109380046,0.00797203661427456,-0.113776012147687,-0.000401599258853377,0.0120931265847704,-0.0170574123366666,0.0875221547447278
174.429851238172,-0.0126850246667235,-0.0266086623301126,0.00772453103393619,-0.112901364663179,-0.000384519977356584,0.0120007180083326,-0.0168165260662332,0.086954008611339
175.639548144754,-0.0126153443751204,-0.0263048908078045,0.00748253643845889,-0.112032584113918,-0.000367857756408931,0.0119089678116047,-0.0165789437555377,0.0863888763936754
176.857634478922,-0.0125448623473447,-0.026004279313641,0.00724596130492873,-0.111169669321661,-0.00035160525881357,0.011817873994149,-0.0163446246778766,0.0858267583358443
178.084168422602,-0.0124736095957595,-0.0257068105038303,0.00701471496373762,-0.110312617978572,-0.000335755224124874,0.0117274344874118,-0.0161135284566542,0.0852676542650774
179.319208561219,-0.0124016167381228,-0.0254124667562041,0.00678870760683894,-0.109461426671137,-0.000320300469007368,0.0116376471563951,-0.0158856150666948,0.084711563600557
180.562813886497,-0.0123289139950911,-0.0251212301782197,0.00656785029552297,-0.108616090903983,-0.000305233887563917,0.0115485098013228,-0.0156608448354143,0.0841584853621595
181.815043799277,-0.0122555311878987,-0.024833082614982,0.00635205496771706,-0.10777660512362,-0.000290548451633432,0.0114600201593002,-0.015439178443857,0.0836084181791129
183.075958112354,-0.0121814977362107,-0.0245480056572817,0.0061412344448158,-0.106942962742083,-0.000276237211058379,0.0113721759059669,-0.0152205769275973,0.0830613602985683
184.345617053333,-0.0121068426561513,-0.0242659806496442,0.00593530243804668,-0.106115156160463,-0.000262293293922343,0.0112849746571416,-0.0150050016775112,0.0825173095940845
185.624081267505,-0.0120315945585053,-0.0239869886983863,0.00573417355437671,-0.105293176792329,-0.000248709906757984,0.0111984139704589,-0.0147924144404209,0.0819762635740242
186.911411820748,-0.0119557816470953,-0.0237110106796731,0.00553776330196554,-0.104477015087031,-0.000235480334725657,0.0111124913469978,-0.0145827773196139,0.0814382193898613
188.207670202438,-0.0118794317173306,-0.0234380272475733,0.00534598809517115,-0.103666660552866,-0.000222597941763047,0.0110272042329001,-0.01437605277524,0.0809031738443982
189.512918328392,-0.0118025721549304,-0.0231680188421068,0.00515876525911393,-0.102862101780115,-0.000210056170706154,0.01094255002098,-0.0141722036245903,0.0803711233998926
190.827218543819,-0.0117252299348178,-0.0229009656972806,0.00497601303380528,-0.10206332646393,-0.000197848543381964,0.0108585260523226,-0.0139711930422592,0.0798420641860927
192.150633626303,-0.0116474316201863,-0.0226368478491079,0.00479765057784701,-0.101270321427073,-0.00018596866067318,0.0107751296178718,-0.0137729845601939,0.0793159920081804
193.483226788801,-0.0115692033617344,-0.0223756451436067,0.00462359797170803,-0.100483072642495,-0.000174410202555413,0.0106923579600073,-0.0135775420676325,0.0787929023546218
194.82506168266,-0.011490570897071,-0.0221173372447728,0.00445377622058453,-0.0997015652557508,-0.000163166928107159,0.0106102082741089,-0.0133848298109352,0.0782727904049241
196.176202400658,-0.0114115595502864,-0.0218619036425242,0.0042881072568507,-0.0989257836072409,-0.000152232675493033,0.010528677710109,-0.0131948123933103,0.0777556510372992
197.536713480066,-0.0113321942316903,-0.0216093236606102,0.00412651394210644,-0.0981557112542728,-0.000141601361920627,0.0104477633740326,-0.0130074547744379,0.0772414788362323
198.906659905733,-0.0112524994377135,-0.0213595764644833,0.00396892006882902,-0.0973913309929402,-0.000131266983571431,0.0103674623295232,-0.0128227222699939,0.0767302680999564
200.286107113184,-0.011172499250972,-0.0211126410691292,0.0038152503616358,-0.0966326248798095,-0.000121223615506241,0.0102877715993559,-0.0126405805510781,0.076222012847831
201.675120991751,-0.0110922173404922,-0.0208684963468501,0.00366543047816489,-0.0958795742534091,-0.000111465411545518,0.0102086881669352,-0.0124609956435468,0.0757167068276259
203.073767887718,-0.0110116769620935,-0.0206271210349978,0.00351938700958109,-0.0951321597555151,-0.000101986604125121,0.0101302089777796,-0.0122839339272548,0.0752143435227086
204.482114607491,-0.010930900958929,-0.020388493743653,0.0033770474807143,-0.094390361352229,-9.27815041279014e-05,0.0100523309409902,-0.0121093621352085,0.0747149161591364
205.900228420788,-0.0108499117621787,-0.0201525929632468,0.00323834034983785,-0.093654158354841,-8.38445006916242e-05,0.00997505093070377,-0.011937247352632,0.0742184177126512
207.32817706385,-0.0107687313918952,-0.0199193970721209,0.0031031950080941,-0.0929235294404737,-7.51700609936887e-05,0.00989836578753123,-0.0117675570159498,0.0737248409155793
208.766028742684,-0.0106873814579994,-0.0196888843440218,0.00297154177857493,-0.0921984526725018,-6.6752730013142e-05,0.00982227231997855,-0.0116002589116884,0.0732341782636332
210.213852136311,-0.0106058831614221,-0.0194610329555279,0.00284331191506466,-0.0914789055207419,-5.85871302704862e-05,0.00974676730585205,-0.0114353211752989,0.0727464220226178
211.671716400053,-0.01052425729539,-0.0192358209934033,0.00271843760045304,-0.0907648648814098,-5.066796154577e-05,0.00967184749364647,-0.0112727122899029,0.0722615642350397
213.139691168835,-0.0104425242468535,-0.0190132264618772,0.00259685194482611,-0.0900563070968381,-4.2990000575481e-05,0.00959750960391592,-0.0111124010849653,0.0717795967266195
214.617846560511,-0.0103607039980532,-0.0187932272898446,0.00247848898324256,-0.0893532079749528,-3.55481007287533e-05,0.00952375033062742,-0.0109543567348952,0.0713005111127085
216.10625317921,-0.0102788161282214,-0.0185758013379858,0.00236328367320351,-0.0886555428085027,-2.8337191663408e-05,0.00945056634249644,-0.0107985487575773,0.0708242988046072
217.604982118714,-0.0101968798154174,-0.0183609264058014,0.00225117189182353,-0.0879632863940388,-2.13522789623518e-05,0.00937795428430455,-0.0106449470128375,0.0703509510157894
219.114104965849,-0.0101149138384917,-0.0181485802385595,0.00214209043271074,-0.0872764130506406,-1.45884437508601e-05,0.00930591077819861,-0.0104935217008432,0.0698804587680287
220.633693803907,-0.0100329365791775,-0.0179387405341546,0.00203597700256395,-0.0865948966383852,-8.04084229529011e-06,0.00923443242497134,-0.010344243360442,0.0694128128974294
222.163821216089,-0.00995096602430562,-0.017731384949872,0.00193277021749469,-0.0859187105765558,-1.70470558373938e-06,0.0091635158053231,-0.01019708286744,0.0689480040603615
223.704560288971,-0.00986901976813893,-0.0175264911090589,0.00183240959908212,-0.0852478278615881,4.42466111078748e-06,0.00909315748110456,-0.0100520114328233,0.0684860227393009
225.255984615994,-0.00978711501482493,-0.0173240366076968,0.00173483557016872,-0.0845822210847503,1.03518786841882e-05,0.00902335399654011,-0.00990900060092307,0.0680268592485727
226.818168300982,-0.00970526858096125,-0.0171239990208759,0.00163998945040482,-0.0839218624495552,1.60814946714753e-05,0.00895410187943178,-0.00976802224752785,0.0675705037400018
228.391185961678,-0.00962349689827181,-0.0169263559091659,0.0015478134515496,-0.0832667237889018,2.16179837328855e-05,0.00888539764234352,-0.00962904857794478,0.0671169462084671
229.975112733314,-0.00954181601638982,-0.016731084824885,0.00145825067253692,-0.0826167765819446,2.69657481552911e-05,0.00881723778376569,-0.00949205212501155,0.0666661764973628
231.570024272191,-0.00946024160574438,-0.016538163318262,0.00137124509431344,-0.0819719919706879,3.21291183684232e-05,0.00874961878925958,-0.00935700574706139,0.0662181843039652
233.175996759301,-0.00937878896054714,-0.0163475689434919,0.00128674157445726,-0.0813323407763046,3.71123534753191e-05,0.00868253713258179,-0.0092238826258432,0.0657729591847069
234.793106903962,-0.00929747300187561,-0.016159279264682,0.00120468584158462,-0.0806977935151775,4.19196417964726e-05,0.00861598927678856,-0.00909265626439869,0.0653304905603577
236.421431947482,-0.00921630828084956,-0.0159732718616881,0.00112502448955281,-0.0800683204146609,4.6555101427131e-05,0.0085499716753196,-0.00896330048489857,0.0648907677211139
238.061049666849,-0.00913530898189703,-0.0157895243358384,0.00104770497146664,-0.0794438914285637,5.10227808072135e-05,0.00848448077306166,-0.00883578942643971,0.0644537798315953
239.712038378445,-0.00905448892610654,-0.0156080143155445,0.000972675593496654,-0.078824476252351,5.5326659303295e-05,0.00841951300739161,-0.00871009754280519,0.0640195159357517
241.374476941791,-0.00897386157466179,-0.0154287194617982,0.00089988550851631,-0.0782100443380638,5.94706478021275e-05,0.00835506480919901,-0.00858619960018903,0.0635879649616781
243.048444763306,-0.00889344003235557,-0.0152516174735528,0.000829284709566057,-0.077600564908958,6.34585893151717e-05,0.00829113260388804,-0.00846407067488764,0.0631591157263409
244.734021800108,-0.00881323705117904,-0.0150766860929884,0.000760824023151724,-0.0769960069738606,6.72942595935937e-05,0.00822771281235895,-0.00834368615095952,0.0627329569402142
246.431288563827,-0.0087332650339833,-0.0149039031106595,0.00069445510238467,-0.0763963393412428,7.09813677532154e-05,0.00816480185196883,-0.00822502171785526,0.0623094772118279
248.140326124455,-0.00865353603820936,-0.014733246370526,0.000630130419971165,-0.0758015306330127,7.45235569088892e-05,0.00810239613747176,-0.00810805336801936,0.0618886650522276
249.861216114214,-0.00857406177968327,-0.0145646937748646,0.000567803261058285,-0.0752115492980242,7.79244048177855e-05,0.00804049208193845,-0.00799275739446568,0.0614705088793479
251.594040731461,-0.00849485363647278,-0.0143982232890622,0.000507427715943622,-0.0746263636253047,8.11874245310728e-05,0.00797908609765516,-0.00787911038832818,0.0610549970222982
253.338882744608,-0.00841592265280234,-0.0142338129462897,0.000448958672655852,-0.0740459417570029,8.43160650534961e-05,0.00791817459700222,-0.00776708923638861,0.0606421177255644
255.09582549608,-0.00833727954302264,-0.0140714408520565,0.000392351809413397,-0.0734702517010545,8.73137120103414e-05,0.00785775399331198,-0.00765667111858263,0.060231859153124
256.864952906292,-0.00825893469563174,-0.0139110851886452,0.000337563586967968,-0.0728992613435698,9.01836883213003e-05,0.00779782070170635,-0.00754783350548612,0.0598242093924784
258.646349477661,-0.00818089817734406,-0.0137527242194265,0.000284551240840038,-0.0723329384609424,9.29292548807422e-05,0.00773837113991401,-0.00744055415578308,0.059419156458601
260.440100298641,-0.00810317973720411,-0.0135963362930547,0.000233272773452871,-0.0717712507316805,9.55536112439157e-05,0.00767940172906728,-0.00733481111371656,0.0590166882978033
262.246291047787,-0.00802578881074167,-0.0134418998475433,0.000183686946171902,-0.0712141657479634,9.80598963186015e-05,0.0076209088944789,-0.00723058270652437,0.0586167927915197
264.065007997846,-0.00794873452416501,-0.0132893934142212,0.000135753271255956,-0.070661651026922,0.000100451189061752,0.00756288906639871,-0.00712784754186066,0.05821945776001
265.896338019882,-0.00787202569858925,-0.0131387956215702,8.94320037267589e-05,-0.070113674021648,0.000102730509180664,0.00750533868075033,-0.00702658450520492,0.057824670965984
267.740368587419,-0.00779567085429631,-0.0129900851989435,4.46841331631434e-05,-0.0695702021319317,0.000104900817838217,0.0074482541798481,-0.00692677275725993,0.0574324201181457
269.597187780627,-0.00771967821502371,-0.0128432409801661,1.471375426082e-06,-0.0690312027147306,0.00010696501836175,0.00739163201309428,-0.00682839173133962,0.0570426928746595
271.466884290521,-0.00764405571227889,-0.0126982419070173,-4.02438356792781e-05,-0.0684966430943706,0.000108925956955136,0.00733546863765669,-0.0067314211307485,0.0566554768465396
273.349547423206,-0.00756881098967621,-0.0125550670325967,-8.0498356798608e-05,-0.0679664905724832,0.000110786423413623,0.00727976051912706,-0.00663584092615372,0.056270759600963
275.245267104134,-0.00749395140729356,-0.0124136955245737,-0.000119328343474568,-0.0674407124376794,0.000112549151841029,0.00722450413216004,-0.00654163135295103,0.0558885286645066
277.154133882404,-0.0074194840460457,-0.012274106668321,-0.000156769258638455,-0.0669192759749626,0.000114216821368872,0.00716969596109324,-0.00644877290862588,0.0555087715263099
279.07623893509,-0.00734541571207162,-0.0121362798699342,-0.000192855881141579,-0.0664021484748853,0.000115792056877052,0.00711533250054842,-0.00635724635011084,0.0551314756411652
281.011674071587,-0.00727175294113285,-0.0120001946591377,-0.000227622314321064,-0.0658892972424488,0.000117277429715672,0.00706141025601393,-0.00626703269114038,0.0547566284325341
282.960531738006,-0.00719850200302033,-0.0118658306920768,-0.00026110199459459,-0.065380689605751,0.000118675458427633,0.00700792574440871,-0.00617811319960418,0.0543842172954921
284.922905021585,-0.00712566890596681,-0.0117331677539996,-0.000293327700078878,-0.0648762929243843,0.000119988609471614,0.00695487549462804,-0.00609046939490006,0.054014229599604
286.898887655133,-0.00705325940106259,-0.0116021857618273,-0.000324331559226843,-0.064376074597586,0.000121219297945094,0.00690225604807118,-0.00600408304528757,0.0536466526917284
288.888574021513,-0.00698127898667162,-0.0114728647666157,-0.000354145059478407,-0.0638800020721445,0.000122369888307031,0.00685006395915115,-0.00591893616524311,0.0532814738987537
290.892059158146,-0.00690973291284583,-0.0113451849559084,-0.000382799055920202,-0.0633880428500648,0.000123442695099893,0.00679829579578694,-0.00583501101281779,0.0529186805302666
292.909438761552,-0.00683862618573509,-0.0112191266559829,-0.000410323779949363,-0.0629001644959952,0.00012443998367066,0.00674694813987825,-0.00575229008699883,0.0525582598811536
294.940809191919,-0.0067679635719905,-0.0110946703339918,-0.000436748847936963,-0.0624163346444187,0.000125363970890514,0.00669601758776312,-0.00567075612507532,0.0522001992341371
296.986267477709,-0.00669774960315875,-0.010971796599999,-0.000462103269886494,-0.0619365210066137,0.000126216825872866,0.00664550075065855,-0.00559039210000955,0.051844485862246
299.045911320291,-0.00662798858006528,-0.0108504862089141,-0.000486415458083263,-0.0614606913773846,0.000127000670689439,0.00659539425508454,-0.00551118121781437,0.0514911070312232
301.119839098607,-0.00655868457718417,-0.0107307200623251,-0.000509713235730385,-0.0609888136415681,0.000127717581084095,0.00654569474327156,-0.00543310691493777,0.0511400500018701
303.208149873869,-0.00648984144699256,-0.0106124792102308,-0.000532023845567392,-0.0605208557803168,0.000128369587184121,0.00649639887355194,-0.00535615285565514,0.0507913020323285
305.310943394298,-0.00642146282430772,-0.0104957448526762,-0.00055337395846757,-0.0600567858771645,0.000128958674208699,0.00644750332073522,-0.00528030292947028,0.0504448503803032
307.428320099879,-0.00635355213060475,-0.0103804983412899,-0.000573789682010162,-0.0595965721238762,0.000129486783174295,0.00639900477646794,-0.00520554124852574,0.0501006823052228
309.560381127168,-0.00628611257831297,-0.0102667211807278,-0.000593296569023861,-0.0591401828260864,0.000129955811596695,0.00635089994957783,-0.0051318521450232,0.0497587850703436
311.707228314113,-0.00621914717508935,-0.010154395030022,-0.000611919626098047,-0.0586875864087291,0.000130367614189461,0.00630318556640302,-0.0050592201686546,0.0494191459447937
313.868964204927,-0.00615265872806706,-0.0100435017038389,-0.000629683322058352,-0.0582387514212628,0.000130724003558533,0.00625585837110627,-0.0049876300840448,0.0490817522055618
316.045692054981,-0.00608664984807755,-0.00993402317364696,-0.000646611596403295,-0.0577936465426951,0.000131026750892792,0.00620891512597451,-0.00491706686820617,0.048746591139429
318.237515835737,-0.00602112295384459,-0.00982594156879552,-0.000662727867698882,-0.0573522405864087,0.000131277586650315,0.00616235261170417,-0.0048475157080059,0.0484136500448458
320.444540239715,-0.00595608027614857,-0.00971923917750772,-0.00067805504192807,-0.0569145025047941,0.000131478201240147,0.00611616762767225,-0.00477896199764659,0.0480829162337556
322.666870685493,-0.00589152386195974,-0.00961389844778789,-0.000692615520792293,-0.0564804013936918,0.000131630245699369,0.00607035699219373,-0.00471139133616054,0.0477543770333645
324.904613322743,-0.00582745557853893,-0.00950990198824585,-0.000706431209962229,-0.0560499064966472,0.000131735332365269,0.00602491754276527,-0.00464478952491851,0.0474280197878596
327.1578750373,-0.00576387711750422,-0.00940723256883978,-0.00071952352727511,-0.0556229872089829,0.000131795035542433,0.00597984613629582,-0.00457914256515324,0.0471038318600755
329.426763456268,-0.00570078999886266,-0.00930587312153927,-0.000731913410876171,-0.0551996130816915,0.000131810892164584,0.005935139649324,-0.00451443665549829,0.046781800633111
331.711386953162,-0.00563819557500533,-0.00920580674091052,-0.000743621327301647,-0.0547797538251515,0.000131784402450994,0.00589079497822298,-0.00445065818954271,0.0464619135118971
334.011854653082,-0.00557609503466502,-0.00910701668462531,-0.000754667279501178,-0.0543633793126726,0.000131717030557317,0.00584680903939275,-0.00438779375340197,0.0461441579247152
336.328276437929,-0.00551448940683509,-0.00900948637389554,-0.00076507081479732,-0.0539504595838704,0.000131610205220677,0.00580317876944024,-0.00432583012330543,0.0458285213246695
338.660762951648,-0.00545337956464868,-0.00891319939383525,-0.000774851032780102,-0.0535409648478778,0.000131465320398895,0.00575990112534759,-0.00426475426320098,0.0455149911911121
341.009425605519,-0.00539276622921716,-0.00881813949375171,-0.000784026593134753,-0.0531348654863936,0.00013128373590369,0.00571697308462869,-0.00420455332237699,0.0452035550310225
343.374376583475,-0.00533264997342699,-0.00872429058736753,-0.000792615723400562,-0.0527321320565741,0.000131066778027756,0.00567439164547441,-0.00414521463310211,0.0448942003803427
345.75572884746,-0.00527303122569406,-0.00863163675297545,-0.000800636226659277,-0.0523327352937698,0.000130815740165568,0.00563215382688668,-0.00408672570828308,0.0445869148052689
348.153596142828,-0.00521391027367466,-0.00854016223352766,-0.000808105489151321,-0.0519366461141118,0.000130531883427833,0.00559025666880181,-0.00402907423914106,0.0442816859034993
350.568093003772,-0.00515528726793248,-0.00844985143666132,-0.000815040487818225,-0.0515438356169511,0.000130216437249463,0.0055486972322032,-0.00397224809290658,0.0439785013054409
352.999334758797,-0.00509716222556072,-0.00836068893466221,-0.000821457797769942,-0.0511542750871534,0.000129870599990981,0.00550747259922371,-0.00391623531053351,0.043677348675375
355.44743753623,-0.0050395350337589,-0.00827265946436802,-0.00082737359967556,-0.0507679359972548,0.000129495539533276,0.00546657987323805,-0.00386102410443226,0.0433782157125819
357.912518269762,-0.00498240545336351,-0.00818574792701323,-0.000832803687076224,-0.0503847900094797,0.000129092393865607,0.00542601617894541,-0.00380660285622245,0.0430810901524268
360.39469470404,-0.0049257731223322,-0.0080999393880172,-0.000837763473619091,-0.0500048089776265,0.000128662271666811,0.00538577866244247,-0.00375296011450524,0.0427859597674068
362.894085400285,-0.00486963755918085,-0.00801521907671722,-0.000842268000211204,-0.0496279649488224,0.000128206252879611,0.00534586449128726,-0.00370008459265567,0.0424928123681605
365.410809741959,-0.00481399816637314,-0.00793157238604814,-0.000846331942092324,-0.0492542301651523,0.000127725389277995,0.00530627085455396,-0.00364796516663492,0.0422016358044405
367.944987940466,-0.00475885423366219,-0.00784898487217042,-0.000849969615825793,-0.0488835770651641,0.000127220705027582,0.00526699496287894,-0.00359659087282295,0.0419124179660493
370.496741040893,-0.00470420494138396,-0.00776744225404813,-0.000853194986206625,-0.0485159782852546,0.00012669319723895,0.0052280340484983,-0.00354595090587152,0.0416251467837413
373.066190927794,-0.004650049363702,-0.00768693041297859,-0.000856021673086029,-0.0481514066609384,0.000126143836513862,0.00518938536527714,-0.00349603461657769,0.0413398102300886
375.653460331008,-0.00459638647180342,-0.00760743539207528,-0.000858462958111819,-0.0477898352280033,0.00012557356748437,0.00515104618873084,-0.00344683150977811,0.0410563963203144
378.258672831527,-0.00454321513704572,-0.00752894339570569,-0.000860531791383951,-0.0474312372235562,0.000124983309344753,0.00511301381603855,-0.003398331242264,0.0407748931130929
380.881952867393,-0.00449053413405441,-0.00745144078888561,-0.000862240798024808,-0.0470755860869608,0.000124373956376264,0.00507528556604907,-0.00335052362071704,0.040495288711317
383.523425739646,-0.00443834214377116,-0.00737491409663148,-0.000863602284663776,-0.0467228554606728,0.000123746378464669,0.00503785877927957,-0.00330339859966623,0.0402175712628347
386.183217618305,-0.00438663775645251,-0.00729935000327241,-0.00086462824583566,-0.0463730191909728,0.000123101421610569,0.0050007308179071,-0.00325694627946577,0.0399417289611548
388.861455548399,-0.00433541947461891,-0.00722473535172319,-0.000865330370292714,-0.0460260513286021,0.000122439908432471,0.00496389906575326,-0.00321115690429406,0.0396677500461226
391.558267456034,-0.0042846857159542,-0.00715105714272017,-0.000865720047230025,-0.0456819261293038,0.000121762638662627,0.00492736092826235,-0.00316602086017378,0.0393956228045664
394.273782154498,-0.00423443481615546,-0.00707830253402106,-0.000865808372424055,-0.0453406180542716,0.000121070389635628,0.00489111383247304,-0.00312152867301323,0.0391253355709154
397.008129350424,-0.00418466503173326,-0.00700645883957045,-0.000865606154284253,-0.0450021017705091,0.000120363916769754,0.00485515522698381,-0.00307767100666873,0.0388568767277897
399.761439649975,-0.0041353745427624,-0.00693551352863229,-0.000865123919817651,-0.0446663521511041,0.00011964395404109,0.00481948258191249,-0.00303443866102837,0.0385902347065634
402.533844565089,-0.00408656145558324,-0.00686545422489084,-0.000864371920506497,-0.0443333442754183,0.000118911214450431,0.00478409338885005,-0.00299182257011688,0.0383253979879009
405.325476519761,-0.00403822380545375,-0.00679626870552146,-0.000863360138098905,-0.0440030534291971,0.000118166390482966,0.00474898516080872,-0.00294981380022166,0.0380623551022673
408.136468856361,-0.00399035955915237,-0.00672794490023254,-0.000862098290312698,-0.0436754551046006,0.000117410154560788,0.0047141554321649,-0.00290840354804011,0.0378010946304144
410.966955842014,-0.00394296661753197,-0.00666047089028002,-0.000860595836452564,-0.0433505250001604,0.000116643159488233,0.00467960175859677,-0.00286758313884799,0.037541605203841
413.817072675003,-0.00389604281802507,-0.00659383490745567,-0.000858861982940756,-0.0430282390206627,0.000115866038890087,0.00464532171701709,-0.00282734402468894,0.0372838755052301
416.686955491232,-0.00384958593710056,-0.00652802533305058,-0.000856905688761558,-0.0427085732769616,0.00011507940764269,0.00461131290550108,-0.00278767778258505,0.0370278942688627
419.576741370729,-0.00380359369267211,-0.00646303069679493,-0.000854735670819835,-0.0423915040857252,0.000114283862297957,0.00457757294320982,-0.00274857611276845,0.0367736502810085
422.486568344193,-0.0037580637464587,-0.00639883967577551,-0.000852360409214038,-0.0420770079691153,0.000113479981500373,0.00454409947030925,-0.00271003083693386,0.0365211323802953
425.416575399583,-0.00371299370629744,-0.00633544109333188,-0.000849788152423953,-0.0417650616544057,0.00011266832639699,0.00451089014788486,-0.00267203389651196,0.036270329458056
428.366902488763,-0.00366838112840913,-0.00627282391793273,-0.000847026922413743,-0.041455642073539,0.000111849441040465,0.00447794265785246,-0.00263457735096361,0.036021230458655
431.337690534184,-0.00362422351961674,-0.00621097726203322,-0.000844084519650621,-0.0411487263626258,0.000111023852785195,0.00444525470286499,-0.00259765337609476,0.0357738243797948
434.329081435613,-0.00358051833951734,-0.00614989038091474,-0.00084096852803972,-0.0408442918613884,0.000110192072676587,0.0044128240062157,-0.002561254262392,0.0355281002728019
437.341218076915,-0.00353726300260775,-0.00608955267150796,-0.000837686319775657,-0.0405423161125496,0.00010935459583352,0.00438064831173773,-0.00252537241337858,0.035284047242894
440.374244332875,-0.00349445488036443,-0.00602995367120041,-0.000834245060111356,-0.0402427768611713,0.000108511901824042,0.00434872538370037,-0.00249000034399095,0.0350416544494283
443.428305076071,-0.00345209130327783,-0.00597108305662948,-0.00083065171204474,-0.0399456520539431,0.000107664455034375,0.00431705300670208,-0.00245513067897551,0.0348009111061314
446.503546183793,-0.00341016956284185,-0.00591293064246207,-0.000826913040923839,-0.0396509198384241,0.000106812705031256,0.00428562898556047,-0.00242075615130558,0.0345618064813118
449.600114545014,-0.00336868691349874,-0.00585548638016168,-0.000823035618971071,-0.0393585585622384,0.000105957086917707,0.00425445114519934,-0.00238686960061849,0.0343243298980552
452.718158067401,-0.00332764057453984,-0.00579874035674401,-0.000819025829727248,-0.0390685467722285,0.000105098021682257,0.00422351733053299,-0.00235346397167258,0.0340884707344028
455.857825684385,-0.0032870277319628,-0.00574268279352203,-0.000814889872416085,-0.0387808632135667,0.000104235916541719,0.00419282540634787,-0.00232053231282401,0.0338542184235132
459.01926736227,-0.00324684554028559,-0.00568730404484141,-0.000810633766229886,-0.038495486828827,0.000103371165277542,0.00416237325718183,-0.00228806777452327,0.0336215624538094
462.202634107401,-0.00320709112431793,-0.00563259459680718,-0.000806263354537166,-0.0382123967570195,0.000102504148565844,0.00413215878720092,-0.00225606360783124,0.0333904923691096
465.408077973374,-0.00316776158089052,-0.00557854506600256,-0.00080178430901295,-0.0379315723325889,0.000101635234301162,0.00410217992007404,-0.00222451316295467,0.0331609977687436
468.635752068297,-0.00312885398054265,-0.00552514619820071,-0.00079720213369253,-0.0376529930843789,0.000100764777914003,0.00407243459884555,-0.00219340988780084,0.0329330683076545
471.885810562108,-0.0030903653691688,-0.00547238886707032,-0.000792522168949479,-0.0373766387345638,9.98931226822575e-05,0.00404292078580581,-0.00216274732655141,0.0327066936964867
475.158408693936,-0.00305229276962448,-0.00542026407287576,-0.000787749595398735,-0.0371024891975502,9.90206000365559e-05,0.00401363646235998,-0.00213251911825522,0.0324818637016602
478.453702779515,-0.0030146331832922,-0.00536876294117256,-0.00078288943772554,-0.0368305245788482,9.81475298596208e-05,0.00398457962889508,-0.00210271899543981,0.0322585681454317
481.771850218653,-0.00297738359160781,-0.00531787672149909,-0.000777946568441136,-0.0365607251739166,9.72742207797069e-05,0.00395574830464546,-0.00207334078274164,0.0320367969059432
485.113009502749,-0.00294054095754795,-0.00526759678606492,-0.000772925711566005,-0.0362930714669805,9.6400970458186e-05,0.00392714052755674,-0.00204437839555481,0.0318165399172579
488.477340222363,-0.00290410222707909,-0.00521791462843688,-0.000767831446241544,-0.0360275441298252,9.55280658713607e-05,0.0038987543541484,-0.00201582583869801,0.0315977871693841
491.865003074839,-0.00286806433056864,-0.00516882186222317,-0.000762668210271036,-0.0357641240205668,9.4655783586573e-05,0.00387058785937513,-0.0019876772050997,0.0313805287082883
495.276159871982,-0.00283242418415889,-0.00512031021975643,-0.000757440303590823,-0.0355027921824008,9.37843900326913e-05,0.00384263913648697,-0.00195992667450122,0.0311647546358961
498.710973547785,-0.00279717869110412,-0.0050723715507763,-0.000752151891672501,-0.0352435298423306,9.29141417650397e-05,0.00381490629688839,-0.00193256851217771,0.0309504551100824
502.169608166212,-0.00276232474307159,-0.00502499782111204,-0.000746807008857102,-0.0349863184098764,9.20452857248566e-05,0.00378738746999638,-0.00190559706767671,0.0307376203446519
505.652228929035,-0.00272785922140692,-0.00497818111136588,-0.000741409561622147,-0.034731139475767,9.11780594933507e-05,0.00376008080309769,-0.00187900677357415,0.0305262406093084
509.159002183727,-0.00269377899836443,-0.00493191361559763,-0.000735963331782415,-0.0344779748106145,9.03126915404327e-05,0.00373298446120529,-0.0018527921442477,0.0303163062296151
512.690095431402,-0.00266008093830308,-0.00488618764001114,-0.000730471979625437,-0.0342268063635739,8.9449401468201e-05,0.00370609662691408,-0.00182694777466718,0.0301078075869445
516.245677334823,-0.00262676189884839,-0.00484099560164303,-0.000724939046982541,-0.0339776162609882,8.85884002492558e-05,0.00367941550025601,-0.00180146833920196,0.0299007351184201
519.825917726449,-0.00259381873202122,-0.00479633002705435,-0.000719367960236416,-0.0337303868050207,8.77298904599173e-05,0.00365293929855468,-0.00177634859044505,0.0296950793168487
523.430987616559,-0.00256124828533361,-0.00475218355102551,-0.000713762033266087,-0.0334851004722753,8.68740665084282e-05,0.00362666625627948,-0.00175158335805381,0.0294908307306439
527.061059201407,-0.00252904740285262,-0.00470854891525511,-0.000708124470330228,-0.0332417399124058,8.60211148582143e-05,0.00360059462489932,-0.00172716754760709,0.0292879799637419
530.716305871459,-0.00249721292623239,-0.00466541896706289,-0.000702458368889731,-0.0330002879467151,8.51712142462784e-05,0.00357472267273608,-0.0017030961394785,0.0290865176755088
534.396902219665,-0.0024657416957153,-0.00462278665809757,-0.00069676672237046,-0.0327607275667459,8.43245358968095e-05,0.00354904868481783,-0.00167936418772581,0.0288864345806407
538.103024049808,-0.00243463055110254,-0.00458064504304958,-0.000691052422867069,-0.0325230419328633,8.34812437300759e-05,0.00352357096273192,-0.00165596681899616,0.0286877214490558
541.834848384891,-0.00240387633269485,-0.00453898727836947,-0.000685318263788876,-0.0322872143728301,8.26414945666853e-05,0.00349828782447784,-0.00163289923144697,0.0284903691057798
545.592553475602,-0.00237347588220379,-0.00449780662099209,-0.000679566942448608,-0.032053228380376,8.18054383272821e-05,0.00347319760432024,-0.00161015669368233,0.028294368430824
549.376318808822,-0.00234342604363434,-0.00445709642706711,-0.000673801062595022,-0.0318210676137624,8.09732182277607e-05,0.00344829865264181,-0.0015877345437047,0.0280997103590573
553.1863251162,-0.00231372366413914,-0.00441685015069601,-0.000668023136890244,-0.0315907158943411,8.01449709700682e-05,0.00342358933579633,-0.0015656281878818,0.0279063858800713
557.022754382788,-0.00228436559484511,-0.00437706134267614,-0.000662235589332772,-0.0313621572051109,7.93208269286722e-05,0.00339906803596187,-0.00154383309992838,0.0277143860380394
560.885789855729,-0.00225534869165284,-0.00433772364925187,-0.000656440757627012,-0.0311353756892704,7.85009103327658e-05,0.00337473315099413,-0.00152234481990285,0.0275237019315697
564.775616053012,-0.00222666981600947,-0.00429883081087338,-0.000650640895500277,-0.0309103556487691,7.7685339444287e-05,0.00335058309428009,-0.00150115895321839,0.0273343247135532
568.692418772287,-0.00219832583565539,-0.00426037666096321,-0.000644838174968095,-0.0306870815428569,7.68742267318219e-05,0.00332661629459193,-0.00148027116966861,0.027146245591005
572.636385099737,-0.00217031362534549,-0.00422235512469095,-0.000639034688548762,-0.0304655379866326,7.60676790404671e-05,0.00330283119594131,-0.00145967720246738,0.0269594558249016
576.607703419018,-0.00214263006754534,-0.0041847602177562,-0.00063323245142798,-0.0302457097495933,7.52657977577231e-05,0.00327922625743404,-0.00143937284730269,0.0267739467300123
580.606563420252,-0.00211527205310293,-0.0041475860451802,-0.000627433403574472,-0.0300275817541828,7.44686789754888e-05,0.0032557999531252,-0.00141935396140446,0.0265897096747263
584.633156109091,-0.00208823648189643,-0.00411082680010621,-0.00062163941180743,-0.0298111390743427,7.36764136482295e-05,0.00323255077187474,-0.00139961646262604,0.0264067360808745
588.687673815838,-0.00206152026345847,-0.00407447676260892,-0.000615852271816665,-0.0295963669340643,7.28890877473878e-05,0.0032094772172036,-0.00138015632853921,0.0262250174235478
592.77031020464,-0.00203512031757752,-0.00403853029851316,-0.000610073710136307,-0.0293832507059432,7.21067824121088e-05,0.00318657780715041,-0.00136096959554255,0.02604454523091
596.881260282727,-0.0020090335748768,-0.00400298185822193,-0.000604305386072897,-0.0291717759097366,7.13295740963464e-05,0.00316385107412873,-0.00134205235798304,0.0258653110840079
601.020720409738,-0.00198325697737126,-0.00396782597555411,-0.00059854889358871,-0.0289619282109241,7.0557534712419e-05,0.00314129556478502,-0.00132340076729062,0.025687306616576
605.188888307094,-0.00195778747900312,-0.00393305726659189,-0.000592805763141144,-0.0287536934192721,6.97907317710867e-05,0.00311890983985721,-0.00130501103112558,0.025510523514839
609.385963067442,-0.0019326220461564,-0.00389867042853814,-0.000587077463478975,-0.0285470574874029,6.90292285182085e-05,0.00309669247403399,-0.00128687941253868,0.0253349535173096
613.612145164168,-0.00190775765815102,-0.00386466023858381,-0.000581365403396324,-0.0283420065093686,6.82730840680549e-05,0.00307464205581481,-0.00126900222914371,0.0251605884145834
617.867636460969,-0.00188319130771683,-0.0038310215527856,-0.000575670933445103,-0.0281385267192294,6.75223535333351e-05,0.0030527571873707,-0.00125137585230244,0.0249874200491307
622.152640221499,-0.00185892000144816,-0.00379774930495384,-0.000569995347606759,-0.0279366044896387,6.67770881520041e-05,0.00303103648440581,-0.00123399670632166,0.0248154403150845
626.467361119072,-0.00183494076023922,-0.00376483850555094,-0.000564339884924089,-0.0277362263304333,6.6037335410917e-05,0.00300947857601979,-0.00121686126766231,0.0246446411580268
630.812005246445,-0.00181125061970091,-0.00373228424060023,-0.000558705731093915,-0.0275373788872305,6.53031391663904e-05,0.00298808210457102,-0.00119996606416036,0.0244750145747706
635.186780125658,-0.00178784663055945,-0.00370008167060554,-0.000553094020021362,-0.0273400489400317,6.45745397617323e-05,0.00296684572554069,-0.00118330767425942,0.0243065526131406
639.591894717946,-0.00176472585903721,-0.00366822602948144,-0.000547505835336529,-0.0271442234018331,6.38515741418067e-05,0.00294576810739774,-0.00116688272625489,0.0241392473717506
644.027559433723,-0.00174188538721633,-0.00363671262349431,-0.000541942211874272,-0.0269498893172439,6.31342759646881e-05,0.00292484793146476,-0.00115068789754934,0.0239730909997787
648.493986142629,-0.00171932231338539,-0.00360553683021423,-0.00053640413711785,-0.0267570338611119,6.24226757104692e-05,0.00290408389178474,-0.00113471991391922,0.0238080756967403
652.991388183652,-0.00169703375236963,-0.00357469409747779,-0.000530892552607166,-0.0265656443371575,6.17168007872789e-05,0.00288347469498883,-0.00111897554879254,0.0236441937122591
657.519980375318,-0.00167501683584519,-0.00354417994236191,-0.00052540835531231,-0.0263757081766157,6.1016675634571e-05,0.00286301906016499,-0.00110345162253745,0.0234814373458357
662.07997902595,-0.00165326871263764,-0.00351398995016865,-0.000519952398973127,-0.0261872129368865,6.03223218237373e-05,0.00284271571872769,-0.00108814500176152,0.0233197989466149
666.671601944003,-0.00163178654900535,-0.00348411977342104,-0.000514525495405496,-0.0260001463001945,5.96337581561063e-05,0.0028225634142885,-0.00107305259862161,0.0231592709131506
671.295068448464,-0.00161056752890796,-0.00345456513087005,-0.000509128415775007,-0.0258144960722567,5.89510007583778e-05,0.00280256090252781,-0.00105817137014422,0.0229998456931697
675.950599379332,-0.00158960885426048,-0.00342532180651263,-0.000503761891838745,-0.0256302501809602,5.8274063175554e-05,0.0027827069510674,-0.00104349831755601,0.0228415157833336
680.638417108163,-0.00156890774517328,-0.00339638564862085,-0.0004984266171558,-0.0254473966750489,5.76029564614158e-05,0.00276300033934421,-0.00102903048562454,0.0226842737289993
685.358745548692,-0.00154846144017837,-0.00336775256878223,-0.0004931232482672,-0.02526592372282,5.69376892666007e-05,0.002743439858485,-0.00101476496200892,0.0225281121239779
690.11181016753,-0.00152826719644247,-0.00333941854095113,-0.00048785240584591,-0.0250858196108301,5.62782679243337e-05,0.00272402431118215,-0.00100069887662036,0.0223730236102934
694.897837994932,-0.00150832228996698,-0.00331137960051133,-0.000482614675817516,-0.0249070727426111,5.56246965338625e-05,0.00270475251157047,-0.000986829400992377,0.0222190008779388
699.717057635642,-0.00148862401577547,-0.00328363184334969,-0.000477410610452257,-0.0247296716373962,5.49769770416478e-05,0.00268562328510507,-0.000973153747660532,0.022066036664632
704.569699279812,-0.00146916968808888,-0.00325617142494098,-0.000472240729428971,-0.0245536049288564,5.43351093203579e-05,0.00266663546844034,-0.000959669169551648,0.0219141237555706
709.455994713995,-0.00144995664048878,-0.00322899455944373,-0.000467105520871636,-0.0243788613638469,5.36990912457183e-05,0.00264778790930994,-0.000946372959382232,0.0217632549831858
714.376177332221,-0.00143098222606912,-0.00320209751880719,-0.000462005442359029,-0.0242054298011639,5.3068918771262e-05,0.00262907946640795,-0.000933262449066079,0.0216134232268953
719.33048214714,-0.00141224381757671,-0.00317547663188935,-0.000456940921908146,-0.0240332992103127,5.24445860010296e-05,0.00261050900927102,-0.000920335009130853,0.0214646214128555
724.31914580125,-0.00139373880754078,-0.00314912828358593,-0.000451912358931947,-0.0238624586702853,5.18260852602658e-05,0.0025920754181617,-0.000907588048143552,0.0213168425137137
729.342406578201,-0.00137546460839195,-0.00312304891397038,-0.000446920125171973,-0.0236928973683497,5.12134071641565e-05,0.00257377758395276,-0.000895019012144706,0.0211700795483583
734.400504414174,-0.00135741865257092,-0.00309723501744477,-0.000441964565606433,-0.0235246045988493,5.06065406846523e-05,0.00255561440801273,-0.000882625384091179,0.0210243255816703
739.493680909344,-0.00133959839262715,-0.0030716831419016,-0.000437045999334278,-0.0233575697620135,5.00054732154239e-05,0.00253758480209241,-0.000870404683307452,0.0208795737242726
744.622179339418,-0.00132200130130794,-0.00304638988789649,-0.000432164720435821,-0.0231917823627797,4.94101906349887e-05,0.00251968768821257,-0.000858354464945262,0.0207358171322804
749.786244667259,-0.00130462487163797,-0.00302135190783154,-0.000427320998810423,-0.023027232009625,4.88206773680565e-05,0.0025019219985527,-0.000846472319451462,0.0205930490070503
754.98612355458,-0.00128746661698991,-0.00299656590514956,-0.000422515080991775,-0.0228639084134105,4.82369164451316e-05,0.00248428667534092,-0.000834755872043987,0.0204512625949297
760.222064373731,-0.00127052407114607,-0.00297202863353888,-0.000417747190941279,-0.0227018013862354,4.76588895604138e-05,0.00246678067074489,-0.0008232027821958,0.0203104511870058
765.494317219563,-0.00125379478835155,-0.00294773689614883,-0.000413017530820037,-0.0225409008403028,4.70865771280397e-05,0.00244940294676393,-0.000811810743126693,0.0201706081188546
770.803133921369,-0.00123727634335916,-0.00292368754481571,-0.000408326281739937,-0.0223811967867968,4.65199583367019e-05,0.00243215247512217,-0.000800577481302848,0.0200317267702894
776.148768054917,-0.00122096633146625,-0.00289987747929931,-0.000403673604494322,-0.0222226793347703,4.59590112026849e-05,0.00241502823716278,-0.000789500755943999,0.0198938005651102
781.531474954562,-0.00120486236854381,-0.0028763036465298,-0.000399059640268715,-0.0220653386900441,4.54037126213581e-05,0.0023980292237434,-0.000778578358538119,0.0197568229708524
786.951511725437,-0.00118896209105808,-0.00285296303986499,-0.000394484511332066,-0.0219091651541173,4.48540384171592e-05,0.00238115443513253,-0.000767808112363491,0.0196207874985355
792.40913725574,-0.00117326315608485,-0.00282985269835779,-0.000389948321708989,-0.0217541491230887,4.43099633921079e-05,0.00236440288090707,-0.000757187872018072,0.0194856877024128
797.904612229097,-0.00115776324131683,-0.00280696970603396,-0.000385451157833406,-0.0216002810865896,4.37714613728839e-05,0.00234777357985099,-0.000746715522956014,0.0193515171797201
803.438199137013,-0.00114246004506414,-0.00278431119117988,-0.000380993089184082,-0.0214475516267273,4.32385052565047e-05,0.00233126555985497,-0.000736388981031259,0.0192182695704259
809.01016229141,-0.00112735128624828,-0.00276187432564041,-0.000376574168902445,-0.0212959514170403,4.27110670546373e-05,0.00231487785781725,-0.00072620619204808,0.0190859385569808
814.620767837254,-0.0011124347043898,-0.00273965632412667,-0.000372194434393127,-0.021145471221464,4.21891179365779e-05,0.0022986095195454,-0.000716165131318467,0.018954517864068
820.270283765263,-0.00109770805958986,-0.00271765444353367,-0.000367853907907651,-0.0209961018933083,4.16726282709327e-05,0.00228245959965933,-0.000706263803226261,0.0188240012583535
825.958979924714,-0.00108316913250579,-0.00269586598226778,-0.000363552597111644,-0.0208478343742451,4.11615676660311e-05,0.00226642716149521,-0.000696500240797925,0.0186943825482373
831.687128036326,-0.00106881572432113,-0.00267428827958381,-0.000359290495636003,-0.0207006596933079,4.06559050091042e-05,0.00225051127701054,-0.000686872505279837,0.018565655583605
837.455001705243,-0.00105464565671005,-0.00265291871493175,-0.00035506758361238,-0.0205545689659018,4.01556085042588e-05,0.00223471102669025,-0.000677378685722042,0.018437814255579
843.262876434102,-0.00104065677179658,-0.00263175470731302,-0.00035088382819338,-0.0204095533928247,3.96606457092771e-05,0.0022190254994538,-0.000668016898568322,0.0183108524962716
849.111029636188,-0.00102684693210866,-0.0026107937146461,-0.000346739184057846,-0.0202656042592993,3.91709835712729e-05,0.00220345379256341,-0.000658785287252507,0.0181847642785375
854.999740648693,-0.0010132140205274,-0.00259003323314153,-0.00034263359390159,-0.0201227129340155,3.86865884612322e-05,0.00218799501153323,-0.000649682021800934,0.0180595436157275
860.92929074605,-0.000999755940231527,-0.00256947079668618,-0.000338566988913936,-0.0199808708681845,3.82074262074672e-05,0.00217264827003959,-0.000640705298440947,0.0179351845614425
866.899963153375,-0.000986470614637383,-0.00254910397623656,-0.000334539289240418,-0.0198400695946029,3.77334621280112e-05,0.00215741268983227,-0.000631853339215353,0.0178116812092883
872.91204305999,-0.000973355987334503,-0.00252893037922129,-0.000330550404431992,-0.0197003007267279,3.72646610619825e-05,0.00214228740064676,-0.000623124391602739,0.0176890276926311
878.965817633049,-0.000960410022017048,-0.00250894764895249,-0.000326600233881078,-0.0195615559577627,3.68009873999429e-05,0.00212727154011752,-0.000614516728143559,0.0175672181843535
885.061576031251,-0.000947630702411203,-0.002489153464046,-0.000322688667244771,-0.0194238270597526,3.63424051132776e-05,0.00211236425369228,-0.000606028646071899,0.0174462468966114
891.199609418655,-0.000935016032198735,-0.00246954553785038,-0.000318815584855554,-0.0192871058826922,3.58888777826218e-05,0.00209756469454728,-0.000597658466952839,0.0173261080805916
897.380210978585,-0.000922564034936844,-0.00245012161788465,-0.000314980858119812,-0.0191513843536417,3.54403686253586e-05,0.00208287202350353,-0.000589404536325319,0.0172067960262702
903.603675927636,-0.000910272753974485,-0.00243087948528448,-0.000311184349904451,-0.019016654475855,3.49968405222136e-05,0.002068285408944,-0.000581265223350423,0.0170883050621714
909.870301529772,-0.000898140252365292,-0.00241181695425693,-0.000307425914911959,-0.018882908327917,3.4558256042969e-05,0.00205380402673187,-0.000573238920465004,0.0169706295551281
916.18038711053,-0.000886164612777271,-0.00239293187154356,-0.000303705400044153,-0.0187501380628917,3.41245774713208e-05,0.0020394270601296,-0.000565324043040555,0.0168537639100422
922.534234071309,-0.00087434393739938,-0.00237422211589186,-0.000300022644754946,-0.0186183359074799,3.36957668289024e-05,0.00202515369971908,-0.000557519029047258,0.0167377025696461
928.932145903777,-0.000862676347845165,-0.00235568559753472,-0.000296377481392386,-0.0184874941611877,3.32717858984963e-05,0.00201098314332263,-0.00054982233872312,0.016622440014266
935.374428204358,-0.00085115998505356,-0.00233732025767817,-0.000292769735530263,-0.018357605195504,3.28525962464561e-05,0.00199691459592502,-0.000542232454248119,0.0165079707615845
941.861388688833,-0.000839793009187001,-0.002319124067997,-0.000289199226289539,-0.0182286614530887,3.24381592443596e-05,0.0019829472695963,-0.000534747879423287,0.0163942893664052
948.39333720704,-0.000828573599526968,-0.00230109503013827,-0.000285665766649875,-0.0181006554469705,3.20284360899145e-05,0.00196908038341569,-0.00052736713935465,0.0162813904204183
954.970585757668,-0.000817499954367097,-0.00228323117523265,-0.00028216916375151,-0.0179735797597538,3.16233878271363e-05,0.00195531316339622,-0.000520088780141943,0.0161692685519662
961.593448503166,-0.000806570290903967,-0.00226553056341344,-0.000278709219187737,-0.0178474270428364,3.12229753658186e-05,0.00194164484241044,-0.000512911368572035,0.0160579184258111
968.262241784745,-0.000795782845125685,-0.00224799128334322,-0.000275285729288241,-0.0177221900156353,3.08271595003154e-05,0.00192807466011684,-0.00050583349181699,0.0159473347429029
974.977284137491,-0.000785135871698388,-0.00223061145174791,-0.000271898485393512,-0.0175978614648235,3.04359009276535e-05,0.00191460186288733,-0.000498853757136684,0.0158375122401483
981.738896305574,-0.000774627643850768,-0.00221338921295836,-0.000268547274120599,-0.0174744342435746,3.00491602649952e-05,0.00190122570373545,-0.000491970791585909,0.015728445690181
988.547401257578,-0.00076425645325673,-0.00219632273845917,-0.000265231877620407,-0.0173519012708183,2.96668980664666e-05,0.00188794544224552,-0.000485183241725907,0.015620129901133
995.403124201917,-0.000754020609916285,-0.00217941022644471,-0.000261952073826783,-0.0172302555305036,2.9289074839372e-05,0.00187476034450264,-0.000478489773340243,0.015512559716406
1002.30639260238,-0.000743918442034788,-0.00216264990138235,-0.000258707636697593,-0.0171094900708721,2.89156510598103e-05,0.0018616696830235,-0.000471889071154969,0.0154057300144456
1009.25753619375,-0.000733948295900608,-0.00214604001358261,-0.000255498336448025,-0.0169895980037398,2.85465871877094e-05,0.00184867273668808,-0.000465379838562997,0.0152996357085144
1016.2568869976,-0.000724108535761329,-0.00212957883877631,-0.000252323939776298,-0.0168705725037879,2.81818436812966e-05,0.00183576879067212,-0.000458960797352627,0.0151942717464683
1023.30477933808,-0.000714397543698602,-0.00211326467769853,-0.000249184210082015,-0.0167524068078631,2.78213810110202e-05,0.00182295713638049,-0.000452630687440162,0.0150896331105319
1030.40154985798,-0.000704813719501672,-0.00209709585567929,-0.000246078907677327,-0.0166350942142852,2.74651596729372e-05,0.00181023707138125,-0.000446388266606534,0.0149857148170766
1037.5475375347,-0.000695355480539758,-0.00208107072224094,-0.000243007789991129,-0.0165186280821649,2.71131402015842e-05,0.00179760789934066,-0.00044023231023791,0.0148825119163985
1044.74308369654,-0.000686021261633277,-0.00206518765070204,-0.00023997061176646,-0.0164030018307291,2.67652831823443e-05,0.00178506892995887,-0.000434161611070165,0.0147800194924981
1051.98853203895,-0.000676809514924085,-0.00204944503778777,-0.000236967125251309,-0.016288208938655,2.64215492633259e-05,0.00177261947890644,-0.000428174978937226,0.0146782326628613
1059.28422864097,-0.000667718709744729,-0.00203384130324664,-0.000233997080382982,-0.0161742429434128,2.60818991667668e-05,0.00176025886776161,-0.000422271240523158,0.0145771465782403
1066.63052198171,-0.000658747332486866,-0.00201837488947356,-0.000231060224966244,-0.0160610974406164,2.57462936999781e-05,0.00174798642394842,-0.000416449239118003,0.0144767564224374
1074.02776295709,-0.000649893886468847,-0.00200304426113908,-0.000228156304845367,-0.0159487660833821,2.541469376584e-05,0.00173580148067544,-0.000410707834377243,0.014377057412088
1081.4763048965,-0.000641156891802617,-0.00198784790482469,-0.000225285064070293,-0.0158372425816961,2.50870603728649e-05,0.0017237033768754,-0.000405045902084904,0.0142780447964463
1088.97650357974,-0.000632534885259931,-0.00197278432866421,-0.000222446245057036,-0.0157265207017889,2.47633546448378e-05,0.00171169145714544,-0.000399462333920167,0.0141797138571712
1096.52871725401,-0.000624026420138008,-0.00195785206199108,-0.000219639588742527,-0.015616594265519,2.44435378300488e-05,0.00169976507168821,-0.000393956037227508,0.0140820599081133
1104.13330665098,-0.000615630066124639,-0.00194304965499147,-0.000216864834734004,-0.0155074571497632,2.41275713101281e-05,0.00168792357625358,-0.000388525934790244,0.0139850782951038
1111.79063500406,-0.000607344409162876,-0.0019283756783632,-0.000214121721453166,-0.015399103285815,2.38154166084976e-05,0.00167616633208114,-0.000383170964607492,0.0138887643957437
1119.50106806575,-0.000599168051315281,-0.00191382872298026,-0.000211409986275167,-0.0152915266587912,2.35070353984471e-05,0.00166449270584337,-0.000377890079674429,0.0137931136191945
1127.26497412507,-0.000591099610627889,-0.00189940739956305,-0.000208729365662664,-0.0151847213070453,2.32023895108502e-05,0.00165290206958953,-0.000372682247765862,0.0136981214059701
1135.0827240252,-0.000583137720993843,-0.00188511033835392,-0.000206079595295005,-0.0150786813215885,2.29014409415285e-05,0.0016413938006902,-0.000367546451222998,0.0136037832277293
1142.95469118117,-0.000575281032016856,-0.00187093618879837,-0.000203460410192727,-0.0149734008455186,2.26041518582754e-05,0.00162996728178259,-0.000362481686743419,0.0135100945870704
1150.8812515977,-0.000567528208874455,-0.0018568836192314,-0.000200871544837489,-0.0148688740734554,2.23104846075493e-05,0.0016186219007164,-0.000357486965174162,0.0134170510173261
1158.86278388715,-0.000559877932181161,-0.00184295131656924,-0.000198312733287572,-0.0147650952509839,2.20204017208484e-05,0.00160735705050043,-0.000352561311307903,0.01332464808236
1166.89966928762,-0.000552328897851542,-0.00182913798600614,-0.000195783709289068,-0.0146620586741043,2.17338659207737e-05,0.00159617212924984,-0.000347703763682149,0.0132328813763634
1174.99229168114,-0.000544879816963306,-0.00181544235071646,-0.000193284206382891,-0.0145597586886892,2.14508401267936e-05,0.00158506654013401,-0.000342913374381441,0.0131417465236551
1183.14103761204,-0.000537529415620373,-0.00180186315156154,-0.000190813958007728,-0.0144581896899473,2.11712874607149e-05,0.00157403969132508,-0.000338189208842475,0.0130512391784799
1191.34629630538,-0.000530276434816053,-0.00178839914680169,-0.000188372697599047,-0.0143573461218947,2.08951712518752e-05,0.00156309099594716,-0.000333530345662135,0.0129613550248105
1199.60845968555,-0.000523119630296312,-0.00177504911181298,-0.000185960158684275,-0.0142572224768321,2.06224550420587e-05,0.00155221987202601,-0.000328935876408358,0.0128720897761488
1207.92792239501,-0.000516057772423219,-0.00176181183880883,-0.000183576074974269,-0.0141578132948295,2.03531025901511e-05,0.00154142574243955,-0.000324404905433822,0.0127834391753294
1216.3050818131,-0.000509089646038563,-0.00174868613656632,-0.000181220180451171,-0.0140591131632165,2.00870778765355e-05,0.00153070803486881,-0.000319936549692381,0.0126953989943239
1224.74033807505,-0.000502214050327737,-0.00173567083015715,-0.000178892209452778,-0.01396111671608,1.98243451072427e-05,0.00152006618174957,-0.000315529938558229,0.0126079650340464
1233.23409409112,-0.000495429798683855,-0.00172276476068315,-0.000176591896753503,-0.0138638186337681,1.95648687178608e-05,0.00150949962022452,-0.000311184213647733,0.0125211331241597
1241.78675556577,-0.000488735718572213,-0.00170996678501631,-0.000174318977642052,-0.0137672136424,1.93086133772126e-05,0.00149900779209609,-0.000306898528643916,0.0124348991228835
1250.39873101711,-0.000482130651395061,-0.0016972757755432,-0.000172073187995902,-0.0136712965133821,1.9055543990809e-05,0.00148859014377981,-0.000302672049123514,0.0123492589168032
1259.07043179635,-0.000475613452356775,-0.00168469061991381,-0.000169854264352685,-0.013576062062931,1.88056257040854e-05,0.00147824612625821,-0.000298503952386611,0.0122642084206795
1267.80227210752,-0.00046918299032941,-0.00167221022079462,-0.000167661943978553,-0.0134815051516018,1.85588239054272e-05,0.00146797519503537,-0.000294393427288773,0.0121797435772598
1276.5946690272,-0.000462838147718704,-0.00165983349562586,-0.000165495964933647,-0.0133876206838229,1.83151042289934e-05,0.0014577768100919,-0.000290339674075665,0.0120958603570906
1285.44804252445,-0.00045657782033055,-0.00164755937638305,-0.000163356066134724,-0.0132944036074362,1.80744325573433e-05,0.00144765043584064,-0.000286341904220116,0.0120125547583306
1294.36281548089,-0.000450400917237939,-0.00163538680934242,-0.000161241987415052,-0.0132018489132439,1.78367750238734e-05,0.00143759554108268,-0.000282399340261566,0.0119298228065652
1303.33941371088,-0.000444306360648449,-0.00162331475485056,-0.000159153469581647,-0.0131099516345604,1.76020980150717e-05,0.00142761159896413,-0.000278511215647899,0.0118476605546224
1312.37826598188,-0.000438293085772251,-0.00161134218709785,-0.000157090254469938,-0.0130187068467701,1.73703681725944e-05,0.00141769808693329,-0.000274676774579588,0.0117660640823893
1321.47980403488,-0.00043236004069071,-0.00159946809389587,-0.000155052084995934,-0.0129281096668911,1.71415523951716e-05,0.00140785448669835,-0.000270895271856146,0.01168502949663
1330.6444626051,-0.000426506186225553,-0.00158769147645858,-0.000153038705205974,-0.0128381552531441,1.6915617840348e-05,0.00139808028418564,-0.00026716597272482,0.0116045529308047
1339.87267944269,-0.000420730495808672,-0.00157601134918732,-0.000151049860324141,-0.0127488388045267,1.66925319260646e-05,0.00138837496949835,-0.000263488152731524,0.0115246305448897
1349.16489533366,-0.00041503195535254,-0.00156442673945943,-0.0001490852967974,-0.0126601555603934,1.64722623320858e-05,0.00137873803687579,-0.000259861097573947,0.0114452585251986
1358.52155412096,-0.000409409563121308,-0.00155293668742055,-0.000147144762338545,-0.0125721008000411,1.62547770012788e-05,0.00136916898465312,-0.00025628410295683,0.0113664330842045
1367.94310272563,-0.000403862329602545,-0.00154154024578051,-0.000145228005967011,-0.0124846698422989,1.6040044140749e-05,0.00135966731522151,-0.000252756474449349,0.0112881504603637
1377.42999116818,-0.000398389277379706,-0.00153023647961269,-0.000143334778047639,-0.0123978580451243,1.58280322228387e-05,0.00135023253498892,-0.000249277527344607,0.0112104069179399
1386.98267259009,-0.00039298944100527,-0.00151902446615686,-0.000141464830327432,-0.0123116608052034,1.56187099859909e-05,0.00134086415434118,-0.000245846586521166,0.0111331987468298
1396.60160327544,-0.000387661866874645,-0.00150790329462547,-0.000139617915970391,-0.012226073557557,1.54120464354863e-05,0.00133156168760368,-0.000242462986306625,0.0110565222623901
1406.2872426727,-0.000382405613100777,-0.00149687206601314,-0.000137793789590476,-0.0121410917751514,1.52080108440557e-05,0.00132232465300343,-0.000239126070343171,0.0109803738052649
1416.04005341668,-0.000377219749389547,-0.00148592989290964,-0.00013599220728277,-0.0120567109685137,1.50065727523746e-05,0.00131315257263162,-0.000235835191455122,0.0109047497412148
1425.86050135065,-0.000372103356915912,-0.00147507589931587,-0.000134212926652877,-0.0119729266853522,1.48077019694413e-05,0.00130404497240661,-0.000232589711518377,0.0108296464609466
1435.74905554856,-0.000367055528200854,-0.00146430922046327,-0.000132455706844649,-0.0118897345101821,1.46113685728464e-05,0.00129500138203736,-0.000229389001331802,0.0107550603799448
1445.70618833745,-0.000362075366989101,-0.0014536290026361,-0.00013072030856626,-0.0118071300639548,1.4417542908935e-05,0.0012860213349873,-0.000226232440490466,0.0106809879383029
1455.73237532004,-0.000357161988127678,-0.00144303440299696,-0.000129006494114707,-0.0117251090036928,1.42261955928673e-05,0.00127710436843864,-0.000223119417260749,0.0106074256005571
1465.8280953974,-0.000352314517445256,-0.00143252458941529,-0.000127314027398782,-0.0116436670221287,1.4037297508581e-05,0.00126825002325706,-0.000220049328457248,0.0105343698555205
1475.99383079187,-0.000347532091632351,-0.0014220987402988,-0.000125642673960561,-0.0115627998473488,1.38508198086588e-05,0.0012594578439569,-0.000217021579321502,0.0104618172161182
1486.23006707006,-0.000342813858122341,-0.00141175604442784,-0.000123992200995466,-0.0114825032424411,1.36667339141056e-05,0.00125072737866667,-0.000214035583402453,0.0103897642192235
1496.53729316606,-0.000338158974973351,-0.00140149570079264,-0.000122362377370955,-0.0114027730051477,1.34850115140389e-05,0.00124205817909503,-0.000211090762438679,0.0103182074254955
1506.9160014048,-0.000333566610750969,-0.00139131691843335,-0.000120752973643866,-0.0113236049675217,1.33056245652947e-05,0.00123344980049715,-0.000208186546242305,0.0102471434192173
1517.36668752555,-0.000329035944411856,-0.00138121891628286,-0.000119163762076481,-0.011244994995588,1.31285452919537e-05,0.00122490180164146,-0.000205322372584638,0.0101765688081358
1527.88985070559,-0.000324566165188197,-0.00137120092301236,-0.000117594516651348,-0.0111669389890085,1.29537461847909e-05,0.00121641374477679,-0.000202497687083428,0.0101064802233017
1538.4859935841,-0.000320156472473057,-0.00136126217687952,-0.000116045013084898,-0.0110894328807515,1.27812000006504e-05,0.00120798519559992,-0.000199711943091792,0.0100368743189112
1549.15562228612,-0.000315806075706594,-0.00135140192557933,-0.000114515028839906,-0.0110124726367651,1.26108797617505e-05,0.00119961572322347,-0.000196964601588736,0.00996774777214872
1559.89924644673,-0.000311514194263183,-0.00134161942609756,-0.000113004343136837,-0.0109360542556546,1.24427587549206e-05,0.0011913049001442,-0.000194255131071271,0.00989909728303021
1570.71737923542,-0.000307280057339421,-0.00133191394456669,-0.000111512736964109,-0.0108601737683637,1.22768105307732e-05,0.00118305230221165,-0.000191583007448083,0.00983091957424777
1581.61053738059,-0.000303102903843039,-0.00132228475612434,-0.000110039993087319,-0.0107848272378602,1.21130089028142e-05,0.00117485750859717,-0.00018894771393476,0.0097632113910153
1592.57924119422,-0.000298981982282705,-0.00131273114477422,-0.000108585896057465,-0.0107100107588247,1.19513279464937e-05,0.00116672010176328,-0.000186348740950516,0.00969596950091498
1603.62401459674,-0.000294916550658752,-0.00130325240324942,-0.000107150232218207,-0.0106357204573439,1.17917419982008e-05,0.00115863966743343,-0.000183785586016428,0.00962919069374495
1614.74538514202,-0.000290905876354793,-0.00129384783287806,-0.000105732789712185,-0.0105619524906071,1.16342256542028e-05,0.00115061579456204,-0.000181257753655125,0.00956287178136778
1625.94388404263,-0.000286949236030268,-0.00128451674345134,-0.000104333358486454,-0.0104887030466066,1.14787537695352e-05,0.00114264807530496,-0.000178764755291947,0.00949700959756013
1637.22004619516,-0.000283045915513888,-0.00127525845309375,-0.000102951730297042,-0.0104159683438417,1.13253014568398e-05,0.00113473610499022,-0.000176306109157517,0.00943160099786321
1648.57441020578,-0.000279195209698015,-0.00126607228813567,-0.000101587698712688,-0.0103437446310264,1.11738440851586e-05,0.00112687948208912,-0.000173881340191726,0.00936664285943441
1660.00751841599,-0.000275396422433939,-0.00125695758298805,-0.000100241059117767,-0.0102720281868006,1.10243572786809e-05,0.00111907780818768,-0.000171489979949098,0.00930213208089967
1671.51991692849,-0.000271648866428091,-0.00124791368001934,-9.89116087144569e-05,-0.0102008153194444,1.08768169154498e-05,0.00111133068795838,-0.000169131566505532,0.00923806558220713
1683.11215563331,-0.000267951863139162,-0.00123893992943446,-9.75991465241514e-05,-0.0101301023665965,1.07311991260266e-05,0.00110363772913224,-0.00016680564436637,0.00917444030448137
1694.78478823403,-0.000264304742676155,-0.00123003568915596,-9.63034733881728e-05,-0.0100598856949756,1.05874802921192e-05,0.00109599854247123,-0.000164511764375808,0.009111253209879
1706.53837227424,-0.000260706843697344,-0.00122120032470718,-9.50243919677902e-05,-0.0099901617001051,1.04456370451718e-05,0.00108841274174095,-0.000162249483627597,0.00904850128144481
1718.37346916419,-0.00025715751331017,-0.00121243320909741,-9.37617067435848e-05,-0.00992092680604129,1.03056462649225e-05,0.00108087994368367,-0.000160018365377037,0.0089861815229693
1730.2906442076,-0.000253656106972033,-0.00120373372270904,-9.25152240141807e-05,-0.00985217746510453,1.01674850779268e-05,0.00107339976799163,-0.000157817978954234,0.00892429095884667
1742.29046662864,-0.000250201988392029,-0.00119510125318673,-9.12847518943705e-05,-0.00978391015761401,1.00311308560513e-05,0.00106597183728067,-0.000155647899678606,0.00886282663393424
1754.37350959913,-0.000246794529433583,-0.00118653519532836,-9.00701003126561e-05,-0.00971612139162527,9.89656121493824e-06,0.00105859577706416,-0.000153507708774615,0.00880178561341241
1766.54035026596,-0.000243433110018008,-0.00117803495097795,-8.88710810082328e-05,-0.00964880770267102,9.76375401244269e-06,0.00105127121572716,-0.000151396993288708,0.00874116498264573
1778.79156977856,-0.000240117118028983,-0.00116959992892045,-8.76875075274385e-05,-0.00958196565350515,9.63268734704443e-06,0.00104399778450099,-0.00014931534600746,0.00868096184704494
1791.12775331676,-0.000236845949217928,-0.00116122954477821,-8.65191952196854e-05,-0.00951559183384941,9.5033395562353e-06,0.00103677511743793,-0.000147262365376877,0.00862117333192975
1803.54949011869,-0.000233619007110309,-0.00115292322090936,-8.53659612329055e-05,-0.00944968286014346,9.37568921488454e-06,0.00102960285138634,-0.000145237655422867,0.00856179658239273
1816.05737350894,-0.000230435702912832,-0.00114468038630792,-8.422762450852e-05,-0.00938423537529754,9.24971513358261e-06,0.00102248062596595,-0.000143240825672847,0.00850282876316395
1828.65200092687,-0.000227295455421561,-0.00113650047650552,-8.31040057759633e-05,-0.00931924604844829,9.12539635696585e-06,0.00101540808354352,-0.000141271491078472,0.00844426705847662
1841.33397395519,-0.000224197690930918,-0.00112838293347494,-8.19949275467702e-05,-0.0092547115747172,9.00271216202231e-06,0.00100838486920867,-0.000139329271939474,0.00838610867193355
1854.10389834867,-0.000221141843143607,-0.00112032720553524,-8.09002141082595e-05,-0.00919062867497207,8.88164205638131e-06,0.00100141063075004,-0.00013741379382859,0.00832835082637464
1866.9623840631,-0.000218127353081407,-0.00111233274725851,-7.98196915168146e-05,-0.00912699409559108,8.76216577658658e-06,0.00099448501863169,-0.000135524687517559,0.008270990763745
1879.91004528435,-0.000215153668996883,-0.00110439901937825,-7.87531875907982e-05,-0.00906380460822974,8.64426328635574e-06,0.000987607685969782,-0.000133661588904187,0.00821402574496431
1892.94750045783,-0.000212220246285969,-0.00109652548869928,-7.77005319031018e-05,-0.00900105700959039,8.52791477482591e-06,0.000980778288509461,-0.000131824138940445,0.00815745304979668
1906.0753723179,-0.000209326547401446,-0.00108871162800924,-7.66615557733586e-05,-0.00893874812119454,8.41310065478771e-06,0.000973996484602056,-0.000130011983561599,0.00810126997672167
1919.29428791772,-0.000206472041767295,-0.00108095691599153,-7.56360922598284e-05,-0.00887687478915759,8.29980156090786e-06,0.000967261935182468,-0.000128224773616352,0.008045473842806
1932.60487865912,-0.000203656205693936,-0.00107326083713983,-7.46239761509762e-05,-0.00881543388396641,8.18799834794241e-06,0.000960574303746853,-0.000126462164797981,0.00799006198357627
1946.00778032282,-0.000200878522294328,-0.00106562288167399,-7.3625043956753e-05,-0.0087544223002592,8.07767208894041e-06,0.000953933256330498,-0.000124723817576459,0.0079350317528923
1959.50363309877,-0.000198138481400954,-0.00105804254545744,-7.26391338996024e-05,-0.00869383695660812,7.96880407344054e-06,0.000947338461485986,-0.000123009397131544,0.00788038052282166
1973.09308161673,-0.000195435579483652,-0.00105051932991588,-7.16660859051968e-05,-0.00863367479530412,7.86137580565996e-06,0.000940789590261541,-0.00012131857328682,0.00782610568351468
1986.77677497706,-0.000192769319568324,-0.00104305274195754,-7.07057415929272e-05,-0.00857393278214453,7.75536900267794e-06,0.000934286316179658,-0.000119651020444681,0.00777220464308061
2000.55536678172,-0.000190139211156484,-0.00103564229389456,-6.97579442661513e-05,-0.00851460790622268,7.65076559261375e-06,0.000927828315215912,-0.000118006417522238,0.00771867482746437
2014.42951516552,-0.000187544770145669,-0.00102828750336597,-6.88225389022201e-05,-0.00845569717972031,7.5475477128009e-06,0.000921415265778039,-0.000116384447888141,0.00766551368032435
2028.39988282751,-0.000184985518750686,-0.00102098789326173,-6.7899372142289e-05,-0.00839719763770194,7.4456977079574e-06,0.000915046848685191,-0.000114784799300299,0.00761271866291079
2042.46713706267,-0.000182460985425703,-0.0010137429916482,-6.69882922809318e-05,-0.00833910633791184,7.34519812835392e-06,0.000908722747147461,-0.000113207163844484,0.00756028725394526
2056.63194979376,-0.000179970704787175,-0.00100655233169487,-6.60891492555623e-05,-0.00828142036057303,7.24603172797962e-06,0.000902442646745575,-0.000111651237873812,0.00750821694950066
2070.89499760343,-0.000177514217537599,-0.000999415451602266,-6.52017946356829e-05,-0.00822413680818881,7.14818146270729e-06,0.000896206235410843,-0.00011011672194908,0.00745650526288234
2085.25696176653,-0.000175091070390091,-0.00099233189453109,-6.43260816119621e-05,-0.00816725280534616,7.05163048845769e-06,0.000890013203405278,-0.000108603320779953,0.00740514972450969
2099.71852828265,-0.000172700815993789,-0.000985301208532602,-6.34618649851611e-05,-0.00811076549852164,6.95636215936457e-06,0.000883863243301962,-0.000107110743166987,0.00735414788179883
2114.2803879089,-0.000170343012860056,-0.000978322946480125,-6.26090011549091e-05,-0.00805467205588922,6.86236002594008e-06,0.000877756049965586,-0.00010563870194447,0.00730349729904589
2128.94323619287,-0.000168017225289505,-0.00097139666600172,-6.17673481083488e-05,-0.00799896966713038,6.76960783324236e-06,0.000871691320533215,-0.000104186913924083,0.00725319555731121
2143.7077735059,-0.000165723023299817,-0.000964521929413993,-6.09367654086498e-05,-0.00794365554324616,6.67808951904466e-06,0.000865668754395232,-0.000102755099839349,0.00720324025430419
2158.57470507649,-0.000163459982554359,-0.000957698303657017,-6.01171141834099e-05,-0.00788872691637145,6.58778921200768e-06,0.000859688053176504,-0.000101342984290882,0.00715362900426911
2173.54474102402,-0.000161227684291586,-0.000950925360230331,-5.93082571129425e-05,-0.00783418103959108,6.49869122985477e-06,0.000853748920717712,-9.99502956923978e-05,0.00710435943787149
2188.61859639264,-0.000159025715255243,-0.000944202675130031,-5.85100584184708e-05,-0.00778001518675824,6.41078007755139e-06,0.000847851063056909,-9.85767662175048e-05,0.00705542920208543
2203.79699118545,-0.000156853667625322,-0.000937529828786887,-5.77223838502239e-05,-0.00772622665231447,6.32404044548836e-06,0.00084199418841123,-9.72221317472353e-05,0.00700683596008158
2219.08065039887,-0.000154711138949816,-0.000930906406005523,-5.69451006754545e-05,-0.00767281275111204,6.23845720767047e-06,0.000836178007158821,-9.58861318183288e-05,0.00695857739111596
2234.47030405729,-0.000152597732077223,-0.000924331995904581,-5.61780776663773e-05,-0.00761977081823785,6.15401541990985e-06,0.000830402231820929,-9.45685095722411e-05,0.00691065119041942
2249.9666872479,-0.000150513055089819,-0.000917806191857911,-5.54211850880405e-05,-0.0075670982088396,6.07070031802549e-06,0.000824666577044191,-9.32690117048796e-05,0.00686305506908799
2265.57054015586,-0.000148456721237682,-0.000911328591436709,-5.46742946861349e-05,-0.00751479229795348,5.98849731604848e-06,0.000818970759583091,-9.19873884170449e-05,0.00681578675397386
2281.28260809959,-0.000146428348873464,-0.000904898796352641,-5.39372796747499e-05,-0.00746285048033403,5.90739200443426e-06,0.000813314498282604,-9.07233933655771e-05,0.00676884398757721
2297.10364156645,-0.00014442756138791,-0.000898516412401891,-5.32100147240796e-05,-0.00741127017028553,5.82737014828133e-06,0.000807697514061001,-8.94767836151886e-05,0.0067222245279386
2313.0343962485,-0.000142453987146112,-0.000892181049410152,-5.24923759480896e-05,-0.00736004880149548,5.74841768555773e-06,0.000802119529892852,-8.82473195909816e-05,0.00667592614853234
2329.07563307866,-0.000140507259424485,-0.000885892321178505,-5.17842408921458e-05,-0.00730918382686955,5.67052072533473e-06,0.000796580270792167,-8.70347650316312e-05,0.00662994663816033
2345.22811826701,-0.000138587016348482,-0.000879649845430217,-5.10854885206166e-05,-0.0072586727183686,5.59366554602897e-06,0.000791079463795735,-8.58388869432346e-05,0.00658428380084684
2361.49262333744,-0.00013669290083101,-0.000873453243758388,-5.03959992044484e-05,-0.00720851296684707,5.51783859365249e-06,0.000785616837946608,-8.46594555538065e-05,0.0065389354557338
2377.86992516445,-0.000134824560511575,-0.000867302141574485,-4.97156547087255e-05,-0.00715870208189346,5.44302648007178e-06,0.000780192124277771,-8.34962442684214e-05,0.00649389943697706
2394.36080601029,-0.000132981647696114,-0.000861196168057696,-4.90443381802139e-05,-0.00710923759167209,5.36921598127536e-06,0.000774805055795942,-8.23490296249837e-05,0.00644917359364302
2410.96605356231,-0.000131163819297546,-0.00085513495610514,-4.83819341349004e-05,-0.00706011704276692,5.29639403565096e-06,0.000769455367465572,-8.12175912506259e-05,0.00640475578960635
2427.6864609706,-0.000129370736776995,-0.000849118142282866,-4.77283284455254e-05,-0.00701133800002661,5.22454774227172e-06,0.000764142796192967,-8.01017118187169e-05,0.00636064390344803
2444.52282688584,-0.000127602066085719,-0.000843145366777676,-4.70834083291202e-05,-0.00696289804641155,5.15366435919251e-06,0.000758867080810591,-7.90011770064804e-05,0.00631683582835442
2461.4759554975,-0.000125857477607704,-0.000837216273349714,-4.64470623345472e-05,-0.00691479478284222,5.08373130175584e-06,0.000753627962061508,-7.79157754532061e-05,0.00627332947201673
2478.54665657221,-0.000124136646102942,-0.000831330509285838,-4.58191803300527e-05,-0.0068670258280492,5.0147361409081e-06,0.000748425182583981,-7.68452987190515e-05,0.00623012275653139
2495.73574549243,-0.000122439250651376,-0.000825487725353755,-4.51996534908336e-05,-0.00681958881842487,4.94666660152621e-06,0.000743258486896234,-7.57895412444252e-05,0.00618721361830101
2513.04404329547,-0.000120764974597499,-0.000819687575756877,-4.45883742866218e-05,-0.00677248140787637,4.87951056075463e-06,0.000738127621381331,-7.47483003099366e-05,0.00614460000793598
2530.47237671259,-0.000119113505495619,-0.000813929718089943,-4.39852364692913e-05,-0.00672570126768035,4.81325604635334e-06,0.000733032334272239,-7.37213759969152e-05,0.00610227989015685
2548.02157820863,-0.000117484535055766,-0.000808213813295314,-4.3390135060491e-05,-0.00667924608633892,4.74789123505653e-06,0.000727972375637005,-7.27085711484794e-05,0.00606025124369725
2565.69248602162,-0.000115877759090248,-0.000802539525620024,-4.28029663393075e-05,-0.0066331135694374,4.68340445094263e-06,0.000722947497364098,-7.17096913311576e-05,0.00601851206120759
2583.48594420295,-0.000114292877460832,-0.000796906522573471,-4.22236278299587e-05,-0.00658730143950318,4.61978416381526e-06,0.000717957453147872,-7.0724544797044e-05,0.0059770603491593
2601.4028026576,-0.000112729594026578,-0.000791314474885832,-4.16520182895256e-05,-0.0065418074358663,4.55701898759588e-06,0.000713001998474192,-6.9752942446491e-05,0.00593589412774986
2619.4439171848,-0.000111187616592272,-0.00078576305646711,-4.10880376957213e-05,-0.00649662931452123,4.49509767872764e-06,0.00070808089060617,-6.87946977913204e-05,0.00589501143080835
2637.61014951883,-0.000109666656857495,-0.000780251944366868,-4.05315872347026e-05,-0.00645176484799021,4.43400913459118e-06,0.000703193888570068,-6.78496269185561e-05,0.00585441030570175
2655.90236737027,-0.000108166430366299,-0.000774780818734572,-3.99825692889251e-05,-0.0064072118251878,4.37374239193188e-06,0.000698340753141301,-6.69175484546619e-05,0.00581408881324175
2674.32144446737,-0.00010668665645749,-0.000769349362780601,-3.94408874250484e-05,-0.00636296805128694,4.31428662529926e-06,0.000693521246830607,-6.59982835302848e-05,0.00577404502759241
2692.86826059784,-0.000105227058215506,-0.000763957262737846,-3.89064463818865e-05,-0.00631903134758626,4.25563114549799e-06,0.000688735133870321,-6.50916557454886e-05,0.00573427703617819
2711.54370165082,-0.0001037873624219,-0.000758604207823947,-3.83791520584156e-05,-0.00627539955137876,4.19776539805132e-06,0.000683982180200796,-6.41974911354808e-05,0.00569478293959283
2730.34865965925,-0.000102367299507403,-0.000753289890204099,-3.78589115018316e-05,-0.00623207051582172,4.14067896167625e-06,0.000679262153456934,-6.33156181368135e-05,0.00565556085150872
2749.28403284242,-0.000100966603504569,-0.000748014004954476,-3.73456328956687e-05,-0.00618904210980806,4.08436154677129e-06,0.000674574822954871,-6.24458675540649e-05,0.00561660889858697
2768.35072564895,-9.95850120009995e-05,-0.000742776250026204,-3.68392255479726e-05,-0.00614631221783872,4.02880299391608e-06,0.000669919959678754,-6.15880725269816e-05,0.005577925220388
2787.54964879989,-9.82222660931413e-05,-0.000737576326209925,-3.63395998795381e-05,-0.00610387873989659,3.97399327238366e-06,0.000665297336267669,-6.07420684980864e-05,0.00553950796928288
2806.88171933232,-9.68781103406388e-05,-0.000732413937100896,-3.58466674122071e-05,-0.00606173959132143,3.91992247866493e-06,0.000660706727002669,-5.99076931807354e-05,0.00550135531036513
2826.34786064308,-9.55522927212554e-05,-0.000727288789064657,-3.53603407572322e-05,-0.00601989270268622,3.86658083500555e-06,0.000656147907793946,-5.90847865276268e-05,0.00546346542136326
2845.94900253294,-9.42445645863395e-05,-0.00072220059120321,-3.48805336037051e-05,-0.00597833601967447,3.81395868795536e-06,0.000651620656168092,-5.82731906997461e-05,0.00542583649255376
2865.68608125093,-9.29546806168442e-05,-0.000717149055321754,-3.44071607070549e-05,-0.00593706750295904,3.76204650693025e-06,0.00064712475125551,-5.74727500357507e-05,0.00538846672667486
2885.56003953913,-9.16823987798813e-05,-0.000712133895895913,-3.39401378776129e-05,-0.00589608512808187,3.71083488278649e-06,0.000642659973777913,-5.66833110217781e-05,0.00535135433884072
2905.57182667768,-9.04274802858176e-05,-0.000707154830039489,-3.34793819692508e-05,-0.00585538688533501,3.66031452640777e-06,0.00063822610603596,-5.5904722261681e-05,0.00531449755645631
2925.72239853012,-8.91896895458936e-05,-0.000702211577472704,-3.30248108680884e-05,-0.00581497077964275,3.61047626730452e-06,0.000633822931896984,-5.51368344476745e-05,0.00527789461913282
2946.01271758903,-8.79687941303731e-05,-0.000697303860490942,-3.25763434812771e-05,-0.00577483483044495,3.56131105222614e-06,0.000629450236782858,-5.43795003313982e-05,0.00524154377860371
2966.44375302203,-8.67645647272051e-05,-0.000692431403933965,-3.21338997258548e-05,-0.00573497707158135,3.51280994378543e-06,0.000625107807657942,-5.36325746953782e-05,0.00520544329864123
2987.01648071805,-8.55767751012034e-05,-0.000687593935155608,-3.16974005176795e-05,-0.00569539555117721,3.46496411909596e-06,0.000620795433017167,-5.28959143248923e-05,0.00516959145497366
3007.73188333398,-8.4405202053729e-05,-0.000682791183993934,-3.12667677604372e-05,-0.00565608833152979,3.41776486842165e-06,0.000616512902874206,-5.21693779802245e-05,0.00513398653520296
3028.59095034155,-8.32496253828781e-05,-0.000678022882741853,-3.08419243347285e-05,-0.00561705348899614,3.37120359383926e-06,0.000612260008749769,-5.14528263693108e-05,0.00509862683872313
3049.59467807464,-8.21098278441619e-05,-0.000673288766118179,-3.04227940872328e-05,-0.00557828911388176,3.32527180791312e-06,0.000608036543659988,-5.07461221207637e-05,0.00506351067663897
3070.74406977686,-8.09855951116817e-05,-0.000668588571239139,-3.00093018199534e-05,-0.00553979331033048,3.27996113238264e-06,0.00060384230210492,-5.00491297572761e-05,0.0050286363716856
3092.04013564946,-7.98767157397847e-05,-0.000663922037590306,-2.960137327954e-05,-0.00550156419621527,3.2352632968621e-06,0.000599677080057142,-4.93617156693943e-05,0.00499400225814832
3113.48389289956,-7.8782981125204e-05,-0.000659288906998965,-2.91989351466951e-05,-0.00546359990303013,3.19117013755323e-06,0.000595540674950461,-4.86837480896594e-05,0.0049596066817832
3135.07636578881,-7.77041854696686e-05,-0.000654688923606888,-2.88019150256593e-05,-0.00542589857578296,3.14767359596985e-06,0.000591432885668707,-4.80150970671068e-05,0.00492544799973804
3156.8185856822,-7.66401257429873e-05,-0.000650121833843527,-2.841024143378e-05,-0.0053884583728895,3.10476571767539e-06,0.000587353512534649,-4.73556344421248e-05,0.00489152458047409
3178.71159109747,-7.55906016465914e-05,-0.000645587386399604,-2.8023843791162e-05,-0.00535127746606815,3.06243865103236e-06,0.000583302357298984,-4.670523382166e-05,0.00485783480368807
3200.75642775457,-7.45554155775421e-05,-0.000641085332201105,-2.76426524104022e-05,-0.00531435404023592,3.0206846459646e-06,0.000579279223129446,-4.6063770554773e-05,0.00482437706023491
3222.9541486257,-7.3534372592985e-05,-0.000636615424383648,-2.7266598486406e-05,-0.00527768629340516,2.97949605273146e-06,0.000575283914599996,-4.54311217085301e-05,0.0047911497520509
3245.30581398558,-7.25272803750591e-05,-0.000632177418267259,-2.68956140862898e-05,-0.00524127243658145,2.93886532071458e-06,0.000571316237680117,-4.4807166044236e-05,0.00475815129207749
3267.81249146208,-7.15339491962441e-05,-0.000627771071331488,-2.65296321393658e-05,-0.00520511069366227,2.89878499721665e-06,0.000567375999724196,-4.41917839939929e-05,0.00472538010418544
3290.47525608724,-7.05541918851498e-05,-0.000623396143190933,-2.61685864272131e-05,-0.0051691993013367,2.85924772627253e-06,0.000563463009461008,-4.35848576375909e-05,0.00469283462309969
3313.29519034861,-6.95878237927356e-05,-0.000619052395571089,-2.58124115738317e-05,-0.00513353650898598,2.82024624747234e-06,0.00055957707698328,-4.29862706797166e-05,0.00466051329432457
3336.27338424092,-6.86346627589616e-05,-0.000614739592284586,-2.54610430358838e-05,-0.00509812057858504,2.7817733947968e-06,0.00055571801373736,-4.23959084274817e-05,0.00462841457406965
3359.41093531822,-6.76945290798592e-05,-0.000610457499207749,-2.51144170930183e-05,-0.00506294978460488,2.7438220954644e-06,0.000551885632512961,-4.18136577682627e-05,0.00459653692917603
3382.70894874623,-6.67672454750246e-05,-0.000606205884257526,-2.47724708382819e-05,-0.00502802241391589,2.70638536879069e-06,0.000548079747433013,-4.12394071478514e-05,0.00456487883704317
3406.16853735517,-6.5852637055521e-05,-0.000601984517368728,-2.4435142168615e-05,-0.00499333676569196,2.66945632505933e-06,0.000544300173943581,-4.06730465489069e-05,0.00453343878555616
3429.7908216929,-6.49505312921951e-05,-0.000597793170471634,-2.41023697754341e-05,-0.00495889115131563,2.63302816440514e-06,0.000540546728803893,-4.01144674697101e-05,0.00450221527301363
3453.57693007845,-6.40607579843922e-05,-0.000593631617469884,-2.37740931352981e-05,-0.00492468389428386,2.59709417570873e-06,0.000536819230076434,-3.95635629032119e-05,0.00447120680805598
3477.5279986559,-6.31831492290745e-05,-0.000589499634218721,-2.3450252500662e-05,-0.00489071333011487,2.561647735503e-06,0.000533117497117136,-3.90202273163738e-05,0.00444041190959419
3501.64517144866,-6.23175393903338e-05,-0.000585396998503542,-2.31307888907153e-05,-0.00485697780625572,2.52668230689124e-06,0.000529441350565659,-3.84843566297971e-05,0.0044098291067392
3525.92960041413,-6.14637650692912e-05,-0.000581323490018742,-2.28156440823052e-05,-0.00482347568199067,2.49219143847669e-06,0.000525790612335733,-3.79558481976319e-05,0.00437945693873159
3550.38244549867,-6.06216650743865e-05,-0.000577278890346891,-2.25047606009471e-05,-0.00479020532835049,2.45816876330381e-06,0.000522165105605612,-3.74346007877706e-05,0.00434929395487192
3575.00487469309,-5.97910803920447e-05,-0.000573262982938176,-2.21980817119178e-05,-0.00475716512802245,2.42460799781072e-06,0.000518564654808579,-3.69205145623114e-05,0.0043193387144514
3599.79806408833,-5.89718541577227e-05,-0.00056927555309017,-2.18955514114369e-05,-0.00472435347526123,2.39150294079328e-06,0.000514989085623562,-3.64134910582982e-05,0.00428958978668321
3624.76319793175,-5.81638316273235e-05,-0.000565316387927862,-2.15971144179296e-05,-0.0046917687758005,2.3588474723802e-06,0.000511438224965804,-3.59134331687247e-05,0.00426004575063406
3649.9014686836,-5.73668601489831e-05,-0.000561385276383992,-2.13027161633783e-05,-0.00465940944676541,2.32663555301949e-06,0.00050791190097763,-3.54202451238047e-05,0.00423070519515648
3675.21407707406,-5.65807891352151e-05,-0.000557482009179642,-2.10123027847547e-05,-0.00462727391658573,2.29486122247603e-06,0.00050440994301928,-3.49338324725011e-05,0.00420156671882136
3700.7022321605,-5.58054700354195e-05,-0.00055360637880513,-2.07258211155397e-05,-0.00459536062490987,2.26351859884016e-06,0.000500932181659832,-3.44541020643134e-05,0.00417262892985111
3726.36715138533,-5.50407563087414e-05,-0.000549758179501143,-2.04432186773247e-05,-0.00456366802251955,2.23260187754724e-06,0.000497478448668185,-3.39809620313157e-05,0.00414389044605311
3752.21006063407,-5.42865033972837e-05,-0.000545937207240158,-2.0164443671499e-05,-0.00453219457124536,2.20210533040816e-06,0.000494048577004138,-3.35143217704469e-05,0.00411534989475385
3778.23219429398,-5.35425686996627e-05,-0.000542143259708108,-1.9889444971018e-05,-0.00450093874388283,2.17202330465054e-06,0.000490642400809524,-3.30540919260443e-05,0.00408700591273326
3804.43479531291,-5.2808811544909e-05,-0.000538376136286317,-1.96181721122578e-05,-0.00446989902410955,2.14235022197084e-06,0.000487259755399435,-3.26001843726221e-05,0.00405885714615974
3830.81911525882,-5.20850931667022e-05,-0.000534635638033666,-1.93505752869491e-05,-0.00443907390640269,2.11308057759693e-06,0.000483900477253505,-3.21525121978868e-05,0.00403090225052542
3857.3864143794,-5.13712766779437e-05,-0.000530921567669036,-1.90866053341971e-05,-0.00440846189595748,2.0842089393614e-06,0.000480564404007283,-3.17109896859901e-05,0.00400313989058204
3884.13796166242,-5.0667227045655e-05,-0.000527233729553961,-1.882621373258e-05,-0.00437806150860625,2.0557299467852e-06,0.000477251374443657,-3.1275532301013e-05,0.00397556874027714
3911.07503489621,-4.99728110662055e-05,-0.000523571929675548,-1.85693525923327e-05,-0.00434787127073825,2.02763831017182e-06,0.000473961228484375,-3.08460566706802e-05,0.00394818748269077
3938.19892073078,-4.92878973408582e-05,-0.000519935975629609,-1.83159746476086e-05,-0.00431788971922011,1.99992880971165e-06,0.000470693807181607,-3.04224805702989e-05,0.00392099480997261
3965.51091473924,-4.86123562516371e-05,-0.000516325676604042,-1.80660332488248e-05,-0.00428811540131708,1.97259629459674e-06,0.000467448952709604,-3.00047229069226e-05,0.00389398942327954
3993.0123214797,-4.79460599375046e-05,-0.000512740843362426,-1.78194823550858e-05,-0.00425854687461475,1.94563568214549e-06,0.000464226508356404,-2.95927037037321e-05,0.00386717003271355
4020.70445455755,-4.72888822708527e-05,-0.000509181288227849,-1.75762765266894e-05,-0.00422918270694172,1.91904195693765e-06,0.000461026318515628,-2.91863440846356e-05,0.00384053535726024
4048.58863668828,-4.66406988342972e-05,-0.000505646825066943,-1.73363709177097e-05,-0.00420002147629265,1.89281016995906e-06,0.000457848228678317,-2.878556625908e-05,0.00381408412472759
4076.66619976054,-4.60013868977772e-05,-0.000502137269274148,-1.70997212686614e-05,-0.0041710617707522,1.86693543775648e-06,0.000454692085424864,-2.83902935070748e-05,0.00378781507168523
4104.93848489989,-4.53708253959507e-05,-0.000498652437756178,-1.68662838992412e-05,-0.00414230218841944,1.84141294160207e-06,0.00045155773641699,-2.80004501644218e-05,0.00376172694340412
4133.40684253274,-4.47488949058883e-05,-0.000495192148916706,-1.66360157011485e-05,-0.00411374133733303,1.81623792666772e-06,0.0004484450303898,-2.76159616081519e-05,0.00373581849379661
4162.07263245095,-4.4135477625055e-05,-0.000491756222641234,-1.64088741309826e-05,-0.00408537783539693,1.79140570120888e-06,0.000445353817143892,-2.72367542421605e-05,0.00371008848535696
4190.93722387671,-4.35304573495836e-05,-0.000488344480282195,-1.61848172032185e-05,-0.00405721031030687,1.76691163575811e-06,0.000442283947537547,-2.68627554830457e-05,0.00368453568910226
4220.00199552799,-4.29337194528283e-05,-0.000484956744644221,-1.59638034832577e-05,-0.00402923739947726,1.74275116232786e-06,0.000439235273478959,-2.6493893746139e-05,0.00365915888451368
4249.26833568435,-4.23451508642035e-05,-0.000481592839969632,-1.57457920805569e-05,-0.00400145774996893,1.71891977362287e-06,0.000436207647918553,-2.61300984317331e-05,0.00363395685947827
4278.73764225332,-4.17646400482953e-05,-0.000478252591924097,-1.55307426418307e-05,-0.00397387001841726,1.69541302226167e-06,0.000433200924841345,-2.57712999114973e-05,0.003608928410231
4308.41132283705,-4.11920769842514e-05,-0.000474935827582501,-1.53186153443305e-05,-0.0039464728709611,1.6722265200074e-06,0.00043021495925938,-2.54174295150835e-05,0.00358407234129735
4338.2907947997,-4.06273531454374e-05,-0.00047164237541498,-1.51093708891971e-05,-0.00391926498317213,1.64935593700765e-06,0.000427249607204215,-2.50684195169163e-05,0.00355938746543615
4368.37748533501,-4.00703614793632e-05,-0.000468372065273155,-1.49029704948886e-05,-0.00389224503998498,1.62679700104344e-06,0.000424304725719479,-2.47242031231666e-05,0.00353487260358294
4398.67283153455,-3.95209963878709e-05,-0.000465124728376532,-1.46993758906798e-05,-0.00386541173562772,1.60454549678701e-06,0.000421380172853476,-2.43847144589052e-05,0.00351052658479364
4429.17828045629,-3.89791537075852e-05,-0.000461900197299089,-1.44985493102365e-05,-0.00383876377355316,1.58259726506865e-06,0.000418475807651869,-2.4049888555435e-05,0.00348634824618863
4459.89528919383,-3.84447306906186e-05,-0.000458698305956024,-1.43004534852607e-05,-0.00381229986637049,1.56094820215204e-06,0.000415591490150395,-2.37196613377972e-05,0.00346233643289723
4490.82532494586,-3.79176259855333e-05,-0.00045551888959069,-1.41050516392084e-05,-0.00378601873577771,1.5395942590186e-06,0.000412727081367666,-2.33939696124524e-05,0.00343848999800253
4521.96986508636,-3.73977396185507e-05,-0.000452361784761683,-1.3912307481078e-05,-0.00375991911249442,1.51853144066013e-06,0.000409882443298006,-2.30727510551301e-05,0.00341480780248662
4553.33039723509,-3.68849729750117e-05,-0.000449226829330107,-1.372218519927e-05,-0.00373399973619534,1.49775580538021e-06,0.00040705743890436,-2.27559441988479e-05,0.00339128871517625
4584.90841932869,-3.63792287810787e-05,-0.000446113862446988,-1.35346494555159e-05,-0.0037082593554442,1.47726346410386e-06,0.000404251932111248,-2.24434884220958e-05,0.0033679316126887
4616.7054396922,-3.58804110856811e-05,-0.000443022724540865,-1.33496653788779e-05,-0.00368269672762835,1.45705057969568e-06,0.000401465787797788,-2.2135323937184e-05,0.00334473537937825
4648.72297711114,-3.53884252426974e-05,-0.000439953257305524,-1.31671985598158e-05,-0.00365731061889374,1.43711336628613e-06,0.000398698871790756,-2.18313917787519e-05,0.00332169890728281
4680.96256090399,-3.49031778933745e-05,-0.000436905303687893,-1.29872150443238e-05,-0.00363209980408061,1.41744808860611e-06,0.000395951050857724,-2.15316337924366e-05,0.00329882109607106
4713.42573099534,-3.44245769489771e-05,-0.000433878707876088,-1.28096813281339e-05,-0.00360706306665951,1.39805106132954e-06,0.000393222192700229,-2.12359926236972e-05,0.00327610085298987
4746.11403798933,-3.39525315736689e-05,-0.000430873315287614,-1.26345643509872e-05,-0.00358219919866805,1.37891864842402e-06,0.000390512165947016,-2.09444117067945e-05,0.00325353709281215
4779.02904324382,-3.3486952167618e-05,-0.000427888972557701,-1.24618314909715e-05,-0.00355750700064792,1.36004726250936e-06,0.00038782084014732,-2.06568352539223e-05,0.00323112873778498
4812.17231894485,-3.3027750350328e-05,-0.000424925527527799,-1.22914505589247e-05,-0.00353298528158272,1.34143336422405e-06,0.000385148085764209,-2.03732082444901e-05,0.00320887471757817
4845.54544818188,-3.25748389441882e-05,-0.000421982829234208,-1.21233897929039e-05,-0.00350863285883599,1.32307346159936e-06,0.000382493774167975,-2.00934764145526e-05,0.00318677396923312
4879.1500250233,-3.21281319582422e-05,-0.000419060727896848,-1.19576178527192e-05,-0.00348444855808997,1.30496410944127e-06,0.000379857777629578,-1.98175862463864e-05,0.00316482543711208
4912.98765459257,-3.16875445721733e-05,-0.000416159074908176,-1.17941038145317e-05,-0.00346043121328473,1.28710190871993e-06,0.000377239969314146,-1.95454849582108e-05,0.00314302807284771
4947.05995314498,-3.1252993120499e-05,-0.000413277722822223,-1.16328171655151e-05,-0.00343657966655787,1.26948350596661e-06,0.000374640223274515,-1.92771204940492e-05,0.00312138083529304
4981.36854814472,-3.08243950769787e-05,-0.000410416525343787,-1.14737277985804e-05,-0.00341289276818463,1.25210559267819e-06,0.000372058414444836,-1.90124415137332e-05,0.00309988269047171
5015.91507834275,-3.04016690392258e-05,-0.000407575337317733,-1.1316806007163e-05,-0.00338936937651852,1.23496490472894e-06,0.000369494418634209,-1.87513973830419e-05,0.00307853261152861
5050.70119385496,-2.99847347135261e-05,-0.000404754014718447,-1.11620224800718e-05,-0.00336600835793246,1.21805822178959e-06,0.000366948112520395,-1.84939381639802e-05,0.00305732957868086
5085.72855624109,-2.95735128998562e-05,-0.000401952414639396,-1.10093482963995e-05,-0.00334280858676029,1.20138236675363e-06,0.000364419373643548,-1.82400146051893e-05,0.00303627257916905
5120.998838584,-2.9167925477103e-05,-0.000399170395282834,-1.08587549204934e-05,-0.00331976894523892,1.18493420517079e-06,0.000361908080400018,-1.79895781324909e-05,0.00301536060720893
5156.51372556965,-2.87678953884778e-05,-0.000396407815949611,-1.07102141969867e-05,-0.00329688832345069,1.16871064468741e-06,0.000359414112036191,-1.77425808395617e-05,0.00299459266394331
5192.27491356752,-2.83733466271261e-05,-0.000393664537029126,-1.05636983458892e-05,-0.0032741656192665,1.15270863449397e-06,0.000356937348642378,-1.74989754787365e-05,0.00297396775739445
5228.28411071172,-2.79842042219281e-05,-0.00039094041998938,-1.04191799577365e-05,-0.00325159973828907,1.13692516477938e-06,0.000354477671146755,-1.72587154519386e-05,0.00295348490241656
5264.54303698245,-2.76003942234886e-05,-0.000388235327367162,-1.02766319887982e-05,-0.00322918959379694,1.12135726619219e-06,0.000352034961309345,-1.70217548017357e-05,0.00293314312064888
5301.0534242883,-2.72218436903135e-05,-0.00038554912275834,-1.01360277563438e-05,-0.00320693410668867,1.10600200930848e-06,0.000349609101716049,-1.67880482025183e-05,0.00291294144046884
5337.81701654885,-2.68484806751707e-05,-0.000382881670808277,-9.99734093396521e-06,-0.00318483220542771,1.09085650410641e-06,0.000347199975772726,-1.65575509518016e-05,0.00289287889694572
5374.83556977805,-2.64802342116326e-05,-0.000380232837202351,-9.86054554695664e-06,-0.00316288282598747,1.07591789944747e-06,0.00034480746769931,-1.63302189616454e-05,0.00287295453179455
5412.11085216805,-2.61170343007987e-05,-0.000377602488656592,-9.72561596775022e-06,-0.00314108491179704,1.0611833825641e-06,0.000342431462523984,-1.61060087501947e-05,0.00285316739333034
5449.64464417369,-2.57588118981946e-05,-0.000374990492908424,-9.59252691140691e-06,-0.00311943741368719,1.04665017855389e-06,0.000340071846077383,-1.58848774333351e-05,0.00283351653642263
5487.43873859751,-2.54054989008467e-05,-0.000372396718707519,-9.46125343116287e-06,-0.00309793928983686,1.03231554988011e-06,0.000337728504986863,-1.56667827164649e-05,0.00281400102245033
5525.49494067543,-2.5057028134529e-05,-0.000369821035806751,-9.3317709140296e-06,-0.00307658950572005,1.01817679587849e-06,0.000335401326670789,-1.54516828863795e-05,0.00279461991925692
5563.81506816292,-2.47133333411806e-05,-0.000367263314953267,-9.20405507644843e-06,-0.00305538703405316,1.00423125227036e-06,0.00033309019933289,-1.52395368032693e-05,0.00277537230110593
5602.40095142188,-2.43743491664912e-05,-0.000364723427879641,-9.07808195999768e-06,-0.00303433085474267,9.90476290681786e-07,0.000330795011956635,-1.50303038928265e-05,0.00275625724863668
5641.254433508,-2.4040011147653e-05,-0.000362201247295148,-8.95382792715315e-06,-0.00301341995483332,9.76909318168969e-07,0.000328515654299678,-1.4823944138462e-05,0.00273727384882043
5680.37737025889,-2.37102557012758e-05,-0.000359696646877129,-8.83126965710011e-06,-0.0029926533284566,9.63527776749524e-07,0.000326252016888314,-1.46204180736288e-05,0.00271842119491672
5719.77163038263,-2.33850201114646e-05,-0.000357209501262457,-8.71038414159731e-06,-0.00297202997677976,9.50329142939806e-07,0.000324003991012008,-1.44196867742522e-05,0.00269969838643013
5759.43909554709,-2.3064242518056e-05,-0.000354739686039093,-8.59114868089179e-06,-0.00295154890795506,9.37310927298061e-07,0.00032177146871794,-1.42217118512638e-05,0.00268110452906717
5799.38166046975,-2.27478619050127e-05,-0.00035228707773775,-8.47354087968437e-06,-0.00293120913706958,9.24470673973439e-07,0.000319554342805612,-1.40264554432388e-05,0.00266263873469367
5839.60123300829,-2.24358180889732e-05,-0.000349851553823641,-8.35753864314475e-06,-0.0029110096860953,9.11805960260704e-07,0.000317352506821479,-1.38338802091346e-05,0.00264430012129229
5880.09973425162,-2.21280517079556e-05,-0.000347432992688324,-8.24312017297658e-06,-0.00289094958383963,8.99314396160685e-07,0.000315165855053634,-1.36439493211302e-05,0.00262608781292046
5920.87909861173,-2.18245042102113e-05,-0.000345031273641632,-8.1302639635306e-06,-0.00287102786589626,8.86993623946282e-07,0.000312994282526521,-1.34566264575635e-05,0.00260800093966845
5961.94127391598,-2.15251178432302e-05,-0.000342646276903708,-8.01894879796709e-06,-0.00285124357459649,8.74841317734075e-07,0.000310837684995705,-1.32718757959668e-05,0.0025900386376179
6003.28822150028,-2.12298356428913e-05,-0.000340277883597107,-7.90915374446513e-06,-0.00283159575896085,8.62855183061362e-07,0.000308695958942655,-1.30896620061976e-05,0.00257220004880055
6044.92191630263,-2.09386014227609e-05,-0.000337925975739007,-7.80085815248008e-06,-0.0028120834746511,8.51032956468681e-07,0.000306569001569599,-1.2909950243665e-05,0.00255448432115721
6086.84434695757,-2.06513597635328e-05,-0.000335590436233487,-7.69404164904705e-06,-0.00279270578392265,8.39372405087625e-07,0.000304456710794388,-1.27327061426488e-05,0.00253689060849711
6129.05751589107,-2.03680560026114e-05,-0.000333271148863906,-7.58868413513121e-06,-0.00277346175557731,8.27871326233999e-07,0.000302358985245419,-1.25578958097111e-05,0.00251941807045748
6171.56343941625,-2.00886362238341e-05,-0.000330967998285353,-7.48476578202343e-06,-0.00275435046491638,8.16527547006168e-07,0.000300275724256583,-1.23854858171985e-05,0.00250206587246339
6214.36414782964,-1.98130472473319e-05,-0.000328680870017188,-7.38226702778144e-06,-0.00273537099369418,8.05338923888604e-07,0.000298206827862263,-1.22154431968342e-05,0.00248483318568793
6257.46168550822,-1.95412366195265e-05,-0.00032640965043566,-7.28116857371545e-06,-0.00271652243007183,7.94303342360515e-07,0.000296152196792355,-1.20477354333981e-05,0.00246771918701254
6300.85811100697,-1.92731526032617e-05,-0.000324154226766603,-7.18145138091834e-06,-0.00269780386857148,7.83418716509544e-07,0.000294111732467345,-1.18823304584945e-05,0.0024507230589878
6344.55549715731,-1.90087441680674e-05,-0.000321914487078217,-7.0830966668391e-06,-0.00267921441003081,7.72682988650417e-07,0.000292085336993399,-1.17191966444049e-05,0.00243384398979432
6388.55593116599,-1.87479609805549e-05,-0.000319690320273923,-6.98608590190005e-06,-0.00266075316155794,7.6209412894856e-07,0.000290072913157515,-1.15583027980265e-05,0.00241708117320398
6432.86151471492,-1.84907533949411e-05,-0.000317481616085291,-6.89040080615625e-06,-0.00264241923648665,7.51650135048536e-07,0.00028807436442269,-1.13996181548937e-05,0.00240043380854142
6477.47436406142,-1.82370724437004e-05,-0.000315288265065053,-6.7960233459977e-06,-0.00262421175433195,7.41349031707338e-07,0.000286089594923138,-1.12431123732821e-05,0.00238390110064582
6522.39661013943,-1.79868698283425e-05,-0.000313110158580183,-6.70293573089277e-06,-0.00260612984074597,7.31188870432378e-07,0.000284118509459534,-1.10887555283934e-05,0.00236748225983289
6567.63039866118,-1.77400979103141e-05,-0.00031094718880505,-6.61112041017349e-06,-0.00258817262747424,7.21167729124219e-07,0.0002821610134943,-1.09365181066217e-05,0.00235117650185716
6613.17789021977,-1.74967097020235e-05,-0.000308799248714647,-6.52056006986109e-06,-0.0025703392523122,7.11283711723898e-07,0.000280217013146919,-1.07863709998969e-05,0.00233498304787453
6659.0412603923,-1.72566588579862e-05,-0.000306666232077894,-6.43123762953241e-06,-0.00255262885906216,7.01534947864866e-07,0.000278286415189293,-1.06382855001077e-05,0.00231890112440507
6705.22269984387,-1.70198996660894e-05,-0.000304548033451001,-6.34313623922574e-06,-0.00253504059749051,6.91919592529409e-07,0.000276369127041126,-1.04922332936007e-05,0.00230292996329608
6751.7244144321,-1.67863870389744e-05,-0.000302444548170913,-6.25623927638651e-06,-0.00251757362328526,6.82435825709586e-07,0.000274465056765349,-1.03481864557554e-05,0.00228706880168537
6798.54862531261,-1.65560765055356e-05,-0.000300355672348814,-6.17053034285151e-06,-0.00250022709801391,6.73081852072533e-07,0.000272574113063573,-1.02061174456339e-05,0.00227131688196488
6845.69756904508,-1.63289242025336e-05,-0.000298281302863701,-6.08599326187196e-06,-0.00248300018908163,6.63855900630154e-07,0.000270696205271579,-1.00659991007044e-05,0.00225567345174442
6893.17349769999,-1.61048868663219e-05,-0.00029622133735603,-6.00261207517453e-06,-0.00246589206968983,6.54756224413118e-07,0.000268831243354841,-9.92780463163747e-06,0.00224013776381582
6940.97867896634,-1.5883921824685e-05,-0.000294175674221417,-5.92037104005985e-06,-0.00244890191879486,6.45781100149083e-07,0.000266979137904082,-9.79150761717377e-06,0.00222470907611715
6989.11539625983,-1.56659869887865e-05,-0.000292144212604418,-5.83925462653845e-06,-0.00243202892106725,6.36928827945164e-07,0.00026513980013086,-9.65708199906275e-06,0.00220938665169735
7037.58594883204,-1.54510408452264e-05,-0.000290126852392355,-5.75924751450303e-06,-0.00241527226685106,6.28197730974495e-07,0.000263313141863191,-9.52450207707075e-06,0.00219416975868098
7086.39265188015,-1.52390424482053e-05,-0.000288123494209224,-5.68033459093758e-06,-0.00239863115212365,6.19586155166945e-07,0.000261499075541204,-9.39374250405826e-06,0.00217905767023332
7135.53783665763,-1.50299514117943e-05,-0.000286134039409649,-5.60250094716178e-06,-0.00238210477845573,6.1109246890383e-07,0.000259697514212819,-9.26477828112448e-06,0.00216404966452558
7185.02385058548,-1.48237279023099e-05,-0.000284158390072909,-5.52573187611135e-06,-0.00236569235297167,6.02715062716668e-07,0.000257908371529475,-9.13758475281932e-06,0.00214914502470047
7234.85305736446,-1.46203326307913e-05,-0.000282196448997018,-5.45001286965301e-06,-0.00234939308831013,5.94452348989833e-07,0.000256131561741867,-9.01213760242078e-06,0.00213434303883798
7285.02783708791,-1.44197268455798e-05,-0.00028024811969287,-5.3753296159344e-06,-0.00233320620258503,5.86302761667157e-07,0.000254366999695734,-8.8884128472779e-06,0.00211964299992131
7335.55058635552,-1.42218723249982e-05,-0.000278313306378437,-5.30166799676785e-06,-0.00231713091934671,5.78264755962335e-07,0.000252614600827665,-8.76638683421731e-06,0.00210504420580315
7386.42371838768,-1.40267313701296e-05,-0.000276391913973031,-5.22901408504824e-06,-0.00230116646754348,5.70336808073167e-07,0.000250874281160943,-8.64603623501362e-06,0.00209054595917214
7437.64966314091,-1.38342667976935e-05,-0.00027448384809162,-5.15735414220398e-06,-0.00228531208148339,5.6251741489953e-07,0.000249145957301413,-8.5273380419215e-06,0.00207614756751954
7489.23086742376,-1.36444419330184e-05,-0.000272589015039202,-5.08667461568116e-06,-0.00226956700079635,5.54805093765078e-07,0.000247429546433391,-8.41026956327004e-06,0.00206184834310619
7541.16979501382,-1.34572206031093e-05,-0.000270707321805234,-5.0169621364601e-06,-0.0022539304703964,5.47198382142578e-07,0.000245724966315587,-8.29480841911698e-06,0.0020476476029296
7593.46892677528,-1.32725671298097e-05,-0.000268838676058116,-4.94820351660426e-06,-0.00223840174044447,5.39695837382886e-07,0.000244032135277076,-8.18093253696356e-06,0.0020335446686914
7646.13076077758,-1.30904463230551e-05,-0.000266982986139728,-4.88038574684075e-06,-0.00222298006631117,5.32296036447471e-07,0.000242350972213278,-8.06862014752762e-06,0.00201953886676489
7699.15781241454,-1.29108234742186e-05,-0.000265140161060026,-4.81349599417242e-06,-0.00220766470854011,5.24997575644482e-07,0.000240681396581991,-7.95784978057556e-06,0.00200562952816289
7752.55261452471,-1.27336643495464e-05,-0.000263310110491686,-4.74752159952084e-06,-0.00219245493281124,5.17799070368276e-07,0.000239023328399432,-7.84860026081109e-06,0.00199181598850577
7806.31771751215,-1.25589351836824e-05,-0.000261492744764799,-4.68245007540005e-06,-0.00217735000990468,5.10699154842403e-07,0.000237376688236319,-7.7408507038211e-06,0.00197809758798972
7860.45568946846,-1.23866026732798e-05,-0.000259687974861624,-4.61826910362038e-06,-0.00216234921566465,5.0369648186596e-07,0.000235741397213972,-7.63458051207687e-06,0.00196447367135525
7914.96911629522,-1.22166339707001e-05,-0.000257895712411386,-4.55496653302244e-06,-0.00214745183096381,4.96789722563322e-07,0.000234117377000459,-7.52976937099073e-06,0.00195094358785589
7969.86060182773,-1.20489966777973e-05,-0.000256115869685127,-4.49253037724041e-06,-0.00213265714166772,4.89977566137154e-07,0.000232504549806749,-7.42639724502667e-06,0.00193750669122708
8025.13276795918,-1.1883658839786e-05,-0.000254348359590606,-4.43094881249467e-06,-0.00211796443859968,4.83258719624711e-07,0.000230902838382908,-7.32444437386473e-06,0.00192416233965533
8080.78825476607,-1.17205889391925e-05,-0.000252593095667249,-4.37021017541308e-06,-0.00210337301750575,4.76631907657343e-07,0.000229312166014315,-7.22389126861793e-06,0.00191090989574755
8136.82972063413,-1.15597558898891e-05,-0.000250849992081145,-4.31030296088085e-06,-0.00208888217902009,4.70095872223199e-07,0.000227732456517915,-7.12471870810165e-06,0.00189774872650062
8193.25984238548,-1.14011290312072e-05,-0.000249118963620092,-4.25121581991848e-06,-0.00207449122863049,4.63649372433063e-07,0.000226163634238482,-7.0269077351538e-06,0.00188467820327113
8250.08131540631,-1.12446781221329e-05,-0.000247399925688693,-4.19293755758746e-06,-0.00206019947664423,4.57291184289303e-07,0.000224605624044928,-6.93043965300625e-06,0.0018716977017454
8307.29685377578,-1.10903733355785e-05,-0.000245692794303486,-4.13545713092328e-06,-0.0020460062381541,4.51020100457863e-07,0.000223058351326627,-6.83529602170565e-06,0.00185880660190959
8364.90919039556,-1.09381852527343e-05,-0.00024399748608814,-4.07876364689577e-06,-0.00203191083300476,4.44834930043314e-07,0.000221521741989767,-6.74145865458391e-06,0.00184600428802015
8422.92107712043,-1.0788084857495e-05,-0.000242313918268679,-4.02284636039583e-06,-0.00201791258575924,4.38734498366845e-07,0.000219995722453736,-6.64890961477693e-06,0.00183329014857437
8481.33528488963,-1.06400435309632e-05,-0.00024064200866876,-3.96769467224894e-06,-0.00200401082566583,4.32717646747249e-07,0.000218480219647521,-6.55763121179156e-06,0.00182066357628121
8540.15460385936,-1.04940330460267e-05,-0.000238981675704988,-3.91329812725441e-06,-0.00199020488662508,4.26783232284776e-07,0.000216975161006145,-6.46760599811941e-06,0.00180812396803223
8599.38184353586,-1.03500255620095e-05,-0.00023733283838229,-3.85964641225062e-06,-0.0019764941071571,4.20930127647891e-07,0.000215480474467125,-6.3788167658977e-06,0.00179567072487286
8659.01983290984,-1.02079936193959e-05,-0.000235695416289309,-3.80672935420553e-06,-0.00196287783036908,4.15157220862843e-07,0.000213996088466954,-6.29124654361554e-06,0.00178330325197373
8719.07142059136,-1.00679101346257e-05,-0.000234069329593864,-3.75453691833248e-06,-0.00194935540392308,4.09463415106052e-07,0.000212521931937611,-6.20487859286609e-06,0.00177102095860228
8779.53947494611,-9.9297483949602e-06,-0.000232454499038436,-3.70305920623055e-06,-0.00193592618000402,4.03847628499244e-07,0.000211057934303093,-6.11969640514284e-06,0.00175882325809456
8840.42688423224,-9.79348205341849e-06,-0.000230850845935702,-3.65228645404966e-06,-0.00192258951528793,3.98308793907328e-07,0.000209604025475978,-6.03568369868046e-06,0.0017467095678272
8901.73655673848,-9.65908512378157e-06,-0.000229258292164113,-3.60220903067959e-06,-0.00190934477091038,3.92845858738943e-07,0.000208160135854006,-5.95282441533874e-06,0.00173467930918953
8963.47142092288,-9.52653197566537e-06,-0.000227676760163503,-3.55281743596315e-06,-0.00189619131243522,3.87457784749696e-07,0.000206726196316688,-5.87110271752964e-06,0.00172273190755605
9025.63442555289,-9.3957973296598e-06,-0.000226106172930752,-3.50410229893261e-06,-0.00188312850982347,3.82143547847984e-07,0.000205302138221939,-5.79050298518642e-06,0.00171086679225887
9088.228539846,-9.26685625253475e-06,-0.000224546454015475,-3.45605437606975e-06,-0.00187015573740252,3.76902137903444e-07,0.000203887893402735,-5.71100981277472e-06,0.00169908339656053
9151.25675361174,-9.1396841525104e-06,-0.000222997527515759,-3.40866454958854e-06,-0.00185727237383541,3.71732558557921e-07,0.000202483394163794,-5.63260800634436e-06,0.0016873811576269
9214.72207739435,-9.01425677459265e-06,-0.000221459318073936,-3.36192382574083e-06,-0.00184447780209055,3.66633827038999e-07,0.000201088573278281,-5.55528258062219e-06,0.0016757595165003
9278.6275426167,-8.89055019597124e-06,-0.000219931750872394,-3.31582333314418e-06,-0.00183177140941142,3.61604973975979e-07,0.000199703363984537,-5.47901875614444e-06,0.00166421791807278
9342.97620172496,-8.76854082148108e-06,-0.000218414751629427,-3.27035432113202e-06,-0.00181915258728669,3.5664504321836e-07,0.000198327699982829,-5.4038019564289e-06,0.00165275581105967
9407.77112833456,-8.64820537912479e-06,-0.00021690824659512,-3.22550815812543e-06,-0.00180662073142043,3.51753091656699e-07,0.000196961515432128,-5.3296178051857e-06,0.00164137264797316
9473.0154173768,-8.5295209156566e-06,-0.000215412162547276,-3.18127633002673e-06,-0.00179417524170259,3.46928189045912e-07,0.000195604744946904,-5.25645212356671e-06,0.00163006788509623
9538.71218524687,-8.41246479222591e-06,-0.000213926426787373,-3.1376504386341e-06,-0.00178181552217967,3.42169417830898e-07,0.000194257323593951,-5.18429092745254e-06,0.00161884098245661
9604.86456995261,-8.29701468008042e-06,-0.000212450967136562,-3.09462220007745e-06,-0.00176954098102564,3.37475872974523e-07,0.000192919186889227,-5.11312042477697e-06,0.00160769140380105
9671.47573126437,-8.18314855632773e-06,-0.000210985711931697,-3.05218344327485e-06,-0.00175735103051302,3.32846661787898e-07,0.000191590270794725,-5.04292701288825e-06,0.00159661861656968
9738.54885086602,-8.07084469975431e-06,-0.000209530590021407,-3.01032610840951e-06,-0.00174524508698418,3.28280903762916e-07,0.000190270511715357,-4.97369727594647e-06,0.00158562209187055
9806.08713250685,-7.96008168670185e-06,-0.000208085530762193,-2.96904224542704e-06,-0.00173322257082292,3.2377773040706e-07,0.000188959846495871,-4.90541798235695e-06,0.00157470130445439
9874.09380215466,-7.85083838699923e-06,-0.000206650464014567,-2.92832401255256e-06,-0.0017212829064261,3.19336285080393e-07,0.000187658212417777,-4.83807608223874e-06,0.00156385573268954
9942.57210814976,-7.74309395995042e-06,-0.000205225320139223,-2.88816367482761e-06,-0.00170942552217567,3.14955722834758e-07,0.000186365547196308,-4.77165870492813e-06,0.00155308485853701
10011.5253213603,-7.63682785037642e-06,-0.000203810029993243,-2.84855360266639e-06,-0.00169764985041072,3.10635210255115e-07,0.000185081788977396,-4.70615315651621e-06,0.00154238816752572
10080.9567353381,-7.53201978471172e-06,-0.00020240452492633,-2.80948627043139e-06,-0.00168595532739986,3.06373925303021e-07,0.000183806876334668,-4.64154691742065e-06,0.00153176514872796
10150.8696664767,-7.42864976715331e-06,-0.000201008736777085,-2.77095425502777e-06,-0.00167434139331372,3.02171057162197e-07,0.000182540748266466,-4.57782763999046e-06,0.00152121529473498
10221.267454169,-7.32669807586269e-06,-0.000199622597869304,-2.73295023451662e-06,-0.00166280749219771,2.9802580608618e-07,0.000181283344192892,-4.51498314614412e-06,0.00151073810163274
10292.1534609671,-7.22614525921912e-06,-0.000198246041008319,-2.69546698674654e-06,-0.00165135307194489,2.93937383248002e-07,0.000180034603952865,-4.45300142503976e-06,0.00150033306897784
10363.5310727429,-7.12697213212444e-06,-0.000196878999477363,-2.65849738800361e-06,-0.00163997758426917,2.89905010591914e-07,0.000178794467801206,-4.39187063077772e-06,0.00148999969977364
10435.4036988501,-7.02915977235764e-06,-0.000195521407033968,-2.62203441167917e-06,-0.00162868048467853,2.85927920687073e-07,0.000177562876405744,-4.33157908013446e-06,0.00147973750044649
10507.7747722864,-6.93268951697973e-06,-0.000194173197906397,-2.58607112695561e-06,-0.00161746123244859,2.82005356583219e-07,0.000176339770844436,-4.27211525032781e-06,0.00146954598082217
10580.647749858,-6.83754295878701e-06,-0.000192834306790103,-2.55060069750941e-06,-0.00160631929059628,2.78136571668274e-07,0.000175125092602515,-4.21346777681273e-06,0.00145942465410247
10654.0261123446,-6.74370194281317e-06,-0.000191504668844221,-2.51561638023174e-06,-0.0015952541258537,2.74320829527868e-07,0.000173918783569656,-4.15562545110765e-06,0.00144937303684198
10727.9133646656,-6.65114856287869e-06,-0.000190184219688092,-2.48111152396594e-06,-0.00158426520864223,2.70557403806744e-07,0.000172720786037156,-4.09857721865036e-06,0.00143939064892491
10802.3130360475,-6.55986515818764e-06,-0.00018887289539781,-2.44707956826207e-06,-0.00157335201304675,2.66845578072041e-07,0.000171531042695146,-4.04231217668377e-06,0.00142947701354225
10877.2286801926,-6.46983430997043e-06,-0.000187570632502803,-2.41351404214786e-06,-0.0015625140167901,2.63184645678399e-07,0.000170349496629811,-3.9868195721703e-06,0.00141963165716894
10952.6638754485,-6.38103883817285e-06,-0.000186277367982448,-2.38040856291634e-06,-0.00155175070120767,2.59573909634897e-07,0.000169176091320636,-3.93208879973537e-06,0.00140985410954126
11028.6222249794,-6.29346179818972e-06,-0.000184993039262702,-2.34775683492947e-06,-0.00154106155122225,2.56012682473767e-07,0.000168010770637672,-3.87810939963876e-06,0.00140014390363439
11105.1073569377,-6.20708647764364e-06,-0.000183717584212778,-2.31555264843792e-06,-0.00153044605531897,2.52500286120892e-07,0.000166853478838817,-3.82487105577422e-06,0.00139050057564008
11182.1229246378,-6.12189639320709e-06,-0.00018245094114183,-2.28378987841656e-06,-0.00151990370552047,2.49036051768034e-07,0.000165704160567122,-3.77236359369629e-06,0.00138092366494451
11259.6726067303,-6.03787528746844e-06,-0.000181193048795688,-2.25246248341559e-06,-0.00150943399736226,2.45619319746795e-07,0.000164562760848111,-3.72057697867443e-06,0.00137141271410626
11337.7601073777,-5.95500712584022e-06,-0.000179943846353598,-2.22156450442701e-06,-0.00149903642986821,2.42249439404264e-07,0.00016342922508712,-3.66950131377378e-06,0.00136196726883452
11416.3891564316,-5.87327609350995e-06,-0.000178703273425007,-2.19109006376631e-06,-0.00148871050552625,2.38925768980361e-07,0.000162303499066663,-3.6191268379624e-06,0.00135258687796733
11495.5635096105,-5.79266659243226e-06,-0.000177471270046369,-2.16103336396915e-06,-0.00147845573026422,2.35647675486807e-07,0.000161185528943802,-3.56944392424441e-06,0.00134327109345005
11575.2869486794,-5.71316323836235e-06,-0.000176247776677971,-2.13138868670279e-06,-0.00146827161342593,2.32414534587756e-07,0.000160075261247553,-3.52044307781894e-06,0.00133401947031398
11655.5632816306,-5.63475085792962e-06,-0.000175032734200796,-2.10215039169218e-06,-0.00145815766774733,2.29225730482015e-07,0.000158972642876294,-3.47211493426422e-06,0.00132483156665509
11736.3963428651,-5.55741448575152e-06,-0.000173826083913409,-2.07331291566038e-06,-0.00144811340933292,2.26080655786864e-07,0.000157877621095204,-3.42445025774676e-06,0.00131570694361289
11817.7899933763,-5.48113936158651e-06,-0.000172627767528864,-2.04487077128327e-06,-0.00143813835763227,2.22978711423443e-07,0.00015679014353371,-3.37743993925507e-06,0.00130664516534951
11899.7481209338,-5.40591092752625e-06,-0.000171437727171641,-2.01681854615827e-06,-0.00142823203541672,2.19919306503685e-07,0.000155710158182962,-3.33107499485771e-06,0.00129764579902886
11982.2746402699,-5.33171482522559e-06,-0.000170255905374611,-1.98915090178684e-06,-0.00141839396875628,2.16901858218776e-07,0.000154637613393317,-3.28534656398518e-06,0.00128870841479595
12065.3734932659,-5.25853689317099e-06,-0.000169082245076018,-1.96186257257081e-06,-0.00140862368699666,2.13925791729125e-07,0.000153572457871845,-3.2402459077356e-06,0.00127983258575636
12149.0486491407,-5.18636316398562e-06,-0.000167916689616494,-1.93494836482195e-06,-0.00139892072273646,2.10990540055811e-07,0.000152514640679854,-3.19576440720343e-06,0.00127101788795587
12233.3041046402,-5.11517986177181e-06,-0.000166759182736095,-1.90840315578515e-06,-0.00138928461180456,2.08095543973515e-07,0.000151464111230427,-3.15189356183147e-06,0.00126226390036019
12318.1438842285,-5.04497339948929e-06,-0.000165609668571359,-1.88222189267443e-06,-0.00137971489323759,2.05240251904875e-07,0.000150420819285984,-3.10862498778516e-06,0.00125357020483484
12403.5720402798,-4.97573037636967e-06,-0.000164468091652396,-1.8563995917222e-06,-0.00137021110925771,2.02424119816295e-07,0.000149384714955854,-3.06595041634951e-06,0.00124493638612522
12489.5926532723,-4.90743757536584e-06,-0.000163334396899989,-1.83093133724102e-06,-0.00136077280525033,1.99646611115138e-07,0.000148355748693868,-3.02386169234791e-06,0.00123636203183672
12576.2098319827,-4.84008196063653e-06,-0.000162208529622734,-1.80581228069827e-06,-0.00135139952974223,1.96907196548334e-07,0.00014733387129597,-2.98235077258273e-06,0.00122784673241507
12663.427713683,-4.77365067506497e-06,-0.000161090435514189,-1.78103763980303e-06,-0.00134209083437961,1.94205354102337e-07,0.000146319033897837,-2.94140972429727e-06,0.00121939008112673
12751.2504643373,-4.70813103781164e-06,-0.000159980060650058,-1.75660269760545e-06,-0.0013328462739065,1.91540568904456e-07,0.000145311187972531,-2.90103072365896e-06,0.00121099167403953
12839.6822788018,-4.64351054190026e-06,-0.000158877351485391,-1.73250280160808e-06,-0.00132366540614312,1.889123331255e-07,0.00014431028532815,-2.86120605426331e-06,0.00120265111000329
12928.7273810244,-4.57977685183698e-06,-0.000157782254851805,-1.70873336288933e-06,-0.00131454779196458,1.86320145883763e-07,0.000143316278105508,-2.82192810565851e-06,0.00119436799063075
13018.3900242466,-4.51691780126184e-06,-0.000156694717954734,-1.68528985523858e-06,-0.00130549299527962,1.83763513150294e-07,0.000142329118775825,-2.78318937189012e-06,0.00118614192027846
13108.6744912069,-4.45492139063257e-06,-0.000155614688370701,-1.6621678143031e-06,-0.0012965005830095,1.81241947655453e-07,0.000141348760138438,-2.74498245006605e-06,0.00117797250602793
13199.5850943454,-4.39377578493981e-06,-0.000154542114044602,-1.63936283674637e-06,-0.0012875701250671,1.78754968796735e-07,0.000140375155318522,-2.70730003894094e-06,0.00116985935766685
13291.1261760091,-4.33346931145377e-06,-0.000153476943287022,-1.61687057941777e-06,-0.00127870119433614,1.76302102547844e-07,0.000139408257764834,-2.67013493752029e-06,0.00116180208767045
13383.3021086605,-4.27399045750144e-06,-0.000152419124771574,-1.5946867585335e-06,-0.00126989336665051,1.73882881368994e-07,0.000138448021247465,-2.63348004368347e-06,0.00115380031118301
13476.1172950852,-4.2153278682744e-06,-0.000151368607532245,-1.5728071488685e-06,-0.00126114622077378,1.71496844118425e-07,0.000137494399855617,-2.59732835282593e-06,0.00114585364599942
13569.576168603,-4.15747034466649e-06,-0.000150325340960783,-1.55122758295935e-06,-0.0012524593383789,1.6914353596513e-07,0.000136547347995387,-2.56167295651988e-06,0.001137961712547
13663.6831932795,-4.10040684114097e-06,-0.000149289274804088,-1.52994395031783e-06,-0.00124383230402793,1.66822508302748e-07,0.000135606820387571,-2.52650704119345e-06,0.00113012413386732
13758.4428641392,-4.04412646362699e-06,-0.000148260359161634,-1.5089521966552e-06,-0.00123526470515203,1.6453331866464e-07,0.000134672772065485,-2.491823886828e-06,0.00112234053559819
13853.8597073802,-3.98861846744464e-06,-0.000147238544482908,-1.48824832311687e-06,-0.00122675613203149,1.62275530640105e-07,0.000133745158372794,-2.45761686567323e-06,0.00111461054595582
13949.9382805904,-3.93387225525855e-06,-0.000146223781564867,-1.46782838552747e-06,-0.00121830617777603,1.60048713791737e-07,0.000132823934961368,-2.42387944098016e-06,0.00110693379571704
14046.6831729655,-3.87987737505925e-06,-0.000145216021549421,-1.44768849364606e-06,-0.00120991443830505,1.5785244357391e-07,0.000131909057789141,-2.39060516575123e-06,0.00109930991820163
14144.0990055278,-3.82662351817235e-06,-0.000144215215920931,-1.42782481043149e-06,-0.00120158051232822,1.55686301252354e-07,0.00013100048311799,-2.35778768150787e-06,0.00109173854925487
14242.190431347,-3.77410051729474e-06,-0.000143221316503727,-1.40823355131758e-06,-0.00119330400132607,1.53549873824837e-07,0.000130098167511633,-2.32542071707473e-06,0.00108421932723009
14340.9621357626,-3.72229834455787e-06,-0.000142234275459652,-1.38891098349822e-06,-0.00118508450953078,1.51442753942915e-07,0.000129202067833536,-2.29349808738084e-06,0.00107675189297145
14440.4188366077,-3.67120710961718e-06,-0.000141254045285615,-1.36985342522202e-06,-0.00117692164390708,1.49364539834744e-07,0.000128312141244835,-2.26201369227704e-06,0.0010693358897967
14540.5652844341,-3.62081705776807e-06,-0.000140280578811171,-1.35105724509658e-06,-0.0011688150141333,1.47314835228949e-07,0.000127428345202276,-2.23096151536988e-06,0.00106197096348026
14641.4062627396,-3.57111856808724e-06,-0.000139313829196117,-1.33251886140213e-06,-0.0011607642325825,1.45293249279516e-07,0.000126550637456167,-2.2003356228713e-06,0.0010546567622362
14742.946588196,-3.52210215159976e-06,-0.00013835374992811,-1.31423474141452e-06,-0.00115276891430386,1.43299396491707e-07,0.000125678976048344,-2.17013016246432e-06,0.00104739293670148
14845.1911108798,-3.47375844947097e-06,-0.000137400294820296,-1.29620140073725e-06,-0.00114482867700405,1.41332896648986e-07,0.000124813319310153,-2.14033936218415e-06,0.00104017913991926
14948.1447145032,-3.42607823122332e-06,-0.00013645341800897,-1.2784154026427e-06,-0.00113694314102882,1.39393374740934e-07,0.000123953625860446,-2.11095752931482e-06,0.00103301502732233
15051.8123166476,-3.3790523929774e-06,-0.000135513073951239,-1.26087335742211e-06,-0.00112911192934472,1.37480460892143e-07,0.000123099854603587,-2.08197904930081e-06,0.00102590025671663
15156.1988689989,-3.33267195571722e-06,-0.000134579217422719,-1.24357192174454e-06,-0.0011213346675209,1.35593790292077e-07,0.00012225196472748,-2.05339838467382e-06,0.00101883448826495
15261.3093575835,-3.28692806357903e-06,-0.000133651803515235,-1.22650779802433e-06,-0.00111361098371105,1.33733003125886e-07,0.000121409915701602,-2.02521007399405e-06,0.00101181738447064
15367.1488030065,-3.24181198216376e-06,-0.000132730787634551,-1.20967773379731e-06,-0.00110594050863555,1.31897744506162e-07,0.000120573667275055,-1.99740873080629e-06,0.00100484861016153
15473.7222606918,-3.19731509687232e-06,-0.000131816125498112,-1.19307852110528e-06,-0.0010983228755636,1.30087664405621e-07,0.000119743179474631,-1.96998904261009e-06,0.000997927832473921
15581.0348211234,-3.1534289112639e-06,-0.000130907773132801,-1.17670699588901e-06,-0.0010907577202956,1.28302417590702e-07,0.00011891841260289,-1.9429457698443e-06,0.000991054720836659
15689.0916100885,-3.11014504543651e-06,-0.00013000568687272,-1.1605600373893e-06,-0.0010832446811456,1.26541663556064e-07,0.000118099327236248,-1.91627374488535e-06,0.000984228946955363
15797.8977889225,-3.06745523442992e-06,-0.000129109823356985,-1.1446345675563e-06,-0.00107578339892385,1.24805066459984e-07,0.000117285884223087,-1.88996787105954e-06,0.000977450184796747
15907.4585547554,-3.02535132665018e-06,-0.000128220139527533,-1.12892755046676e-06,-0.00106837351691954,1.23092295060618e-07,0.000116478044681869,-1.86402312166862e-06,0.000970718110573035
16017.7791407599,-2.98382528231598e-06,-0.000127336592626956,-1.11343599174918e-06,-0.00106101468088362,1.2140302265315e-07,0.000115675769999271,-1.838434539029e-06,0.000964032402726507
16128.8648164017,-2.94286917192602e-06,-0.000126459140196344,-1.09815693801679e-06,-0.0010537065390117,1.19736927007774e-07,0.000114879021828321,-1.81319723352394e-06,0.000957392741914128
16240.720887691,-2.90247517474758e-06,-0.000125587740073145,-1.08308747630826e-06,-0.00104644874192718,1.18093690308538e-07,0.000114087762086565,-1.78830638266901e-06,0.00095079881099231
16353.352697436,-2.86263557732552e-06,-0.000124722350389048,-1.06822473353583e-06,-0.00103924094266436,1.16472999093008e-07,0.000113301952954231,-1.7637572301901e-06,0.000944250295001746
16466.765625498,-2.823342772012e-06,-0.000123862929567873,-1.05356587594119e-06,-0.00103208279665181,1.14874544192759e-07,0.000112521556872413,-1.73954508511437e-06,0.000937746881152381
16580.9650890484,-2.78458925551599e-06,-0.000123009436323482,-1.03910810855848e-06,-0.00102497396169573,1.13298020674677e-07,0.000111746536541266,-1.71566532087346e-06,0.000931288258808458
16695.9565428276,-2.74636762747293e-06,-0.00012216182965771,-1.0248486746848e-06,-0.00101791409796352,1.11743127783054e-07,0.000110976854918215,-1.69211337441918e-06,0.000924874119473697
16811.7454794054,-2.70867058903372e-06,-0.000121320068858303,-1.01078485535772e-06,-0.00101090286796739,1.10209568882479e-07,0.000110212475216176,-1.66888474535124e-06,0.000918504156776542
16928.3374294433,-2.67149094147325e-06,-0.000120484113496877,-9.96913968840053e-07,-0.00100393993654819,1.08697051401502e-07,0.000109453360901785,-1.64597499505703e-06,0.000912178066455542
17045.737961959,-2.63482158481776e-06,-0.000119653923426893,-9.832333701115e-07,-0.000997024970859191,1.07205286777063e-07,0.000108699475693648,-1.62337974586319e-06,0.000905895546344804
17163.9526845917,-2.59865551649119e-06,-0.000118829458781645,-9.69740450367272e-07,-0.000990157640350162,1.05733990399687e-07,0.000107950783560596,-1.60109468019882e-06,0.000899656296359576
17282.9872438709,-2.56298582997989e-06,-0.000118010679972266,-9.56432636523474e-07,-0.000983337616751417,1.04282881559414e-07,0.000107207248719956,-1.57911553977019e-06,0.000893460018481897
17402.8473254854,-2.52780571351578e-06,-0.000117197547685744,-9.43307390729261e-07,-0.000976564574058054,1.02851683392475e-07,0.00010646883563583,-1.55743812474683e-06,0.000887306416746378
17523.5386545551,-2.49310844877735e-06,-0.000116390022882962,-9.30362209885575e-07,-0.000969838188514258,1.01440122828687e-07,0.000105735509017392,-1.53605829295872e-06,0.000881195197226048
17645.0669959044,-2.45888740960862e-06,-0.000115588066796742,-9.17594625170457e-07,-0.000963158138597753,1.00047930539571e-07,0.00010500723381719,-1.51497195910456e-06,0.000875126068018334
17767.4381543379,-2.42513606075553e-06,-0.000114791640929912,-9.05002201570782e-07,-0.000956524105004325,9.86748408871743e-08,0.000104283975229466,-1.49417509397092e-06,0.000869098739231099
17890.6579749169,-2.39184795661969e-06,-0.000114000707053385,-8.92582537420401e-07,-0.000949935770632486,9.73205918735887e-08,0.000103565698688486,-1.47366372366206e-06,0.000863112922968811
18014.7323432395,-2.35901674002912e-06,-0.000113215227204252,-8.80333263944503e-07,-0.000943392820568217,9.59849250911591e-08,0.000102852369866876,-1.4534339288404e-06,0.00085716833331878
18139.667185721,-2.32663614102596e-06,-0.000112435163683887,-8.68252044810242e-07,-0.000936894942069842,9.46675856733717e-08,0.000102143954673979,-1.43348184397739e-06,0.000851264686337513
18265.4684698776,-2.29469997567061e-06,-0.000111660479056074,-8.56336575683409e-07,-0.000930441824552989,9.33683222464066e-08,0.000101440419254217,-1.41380365661462e-06,0.000845401700037136
18392.1422046107,-2.26320214486241e-06,-0.00011089113614514,-8.44584583791194e-07,-0.000924033159575668,9.20868868813585e-08,0.000100741729985464,-1.39439560663518e-06,0.000839579094371943
18519.6944404947,-2.23213663317629e-06,-0.000110127098034102,-8.32993827490835e-07,-0.000917668640823442,9.08230350471006e-08,0.000100047853477438,-1.37525398554491e-06,0.000833796591225002
18648.1312700654,-2.2014975077156e-06,-0.000109368328062839,-8.21562095844204e-07,-0.00091134796409472,8.95765255637994e-08,9.93587565700907e-05,-1.35637513576366e-06,0.000828053914394886
18777.4588281112,-2.17127891698036e-06,-0.000108614789826261,-8.1028720819811e-07,-0.000905070827286126,8.83471205570561e-08,9.86744063320243e-05,-1.33775544992613e-06,0.00082235078958247
18907.6832919665,-2.14147508975124e-06,-0.000107866447172507,-7.9916701377037e-07,-0.000898836930377995,8.71345854126787e-08,9.79947700589057e-05,-1.31939137019243e-06,0.000816686944377829
19038.810881806,-2.11208033398876e-06,-0.000107123264201146,-7.88199391241493e-07,-0.00089264597541996,8.59386887320694e-08,9.73198152719003e-05,-1.30127938756808e-06,0.000811062108247238
19170.8478609426,-2.08308903574748e-06,-0.000106385205261395,-7.77382248351904e-07,-0.000886497666516632,8.4759202288218e-08,9.66495097161123e-05,-1.28341604123327e-06,0.000805476012520234
19303.8005361258,-2.0544956581052e-06,-0.000105652234950354,-7.66713521504691e-07,-0.000880391709813398,8.35959009823014e-08,9.59838213590384e-05,-1.26579791788151e-06,0.000799928390376796
19437.6752578439,-2.0262947401067e-06,-0.000104924318111248,-7.5619117537371e-07,-0.000874327813482293,8.2448562800868e-08,9.53227183890301e-05,-1.24842165106712e-06,0.00079441897683459
19572.4784206263,-1.99848089572208e-06,-0.000104201419831685,-7.45813202517085e-07,-0.000868305687708004,8.13169687736136e-08,9.4666169213769e-05,-1.23128392056191e-06,0.000788947508736323
19708.2164633496,-1.97104881281925e-06,-0.000103483505441928,-7.35577622995912e-07,-0.000862325044673934,8.0200902931727e-08,9.40141424587499e-05,-1.21438145172056e-06,0.00078351372473716
19844.8958695448,-1.94399325215056e-06,-0.000102770540513176,-7.25482483998206e-07,-0.000856385598548394,7.91001522668094e-08,9.3366606965778e-05,-1.19771101485476e-06,0.000778117365292256
19982.5231677076,-1.91730904635329e-06,-0.000102062490855865,-7.15525859467928e-07,-0.00085048706547087,7.80145066903497e-08,9.27235317914723e-05,-1.18126942461591e-06,0.000772758172644345
20121.1049316092,-1.89099109896388e-06,-0.000101359322517972,-7.05705849739112e-07,-0.000844629163538407,7.69437589937582e-08,9.20848862057837e-05,-1.16505353938638e-06,0.000767435890811438
20260.6477806113,-1.86503438344556e-06,-0.00010066100178334,-6.96020581174918e-07,-0.000838811612792058,7.58877048089398e-08,9.14506396905198e-05,-1.14906026067903e-06,0.000762150265574588
20401.1583799816,-1.83943394222945e-06,-9.99674951700101e-05,-6.8646820581167e-07,-0.000833034135203462,7.48461425694116e-08,9.08207619378827e-05,-1.13328653254503e-06,0.000756901044465758
20542.6434412127,-1.81418488576863e-06,-9.92787694285694e-05,-6.77046901007676e-07,-0.000827296454661484,7.38188734719454e-08,9.01952228490147e-05,-1.11772934098981e-06,0.000751687976755748
20685.1097223421,-1.78928239160534e-06,-9.85947915405081e-05,-6.67754869096905e-07,-0.000821598296958975,7.28057014387399e-08,8.95739925325561e-05,-1.10238571339703e-06,0.000746510813442233
20828.5640282755,-1.7647217034508e-06,-9.79155287165904e-05,-6.58590337047308e-07,-0.000815939389779598,7.18064330801032e-08,8.89570413032113e-05,-1.08725271796045e-06,0.000741369307237856
20973.0132111114,-1.74049813027781e-06,-9.72409483952381e-05,-6.4955155612387e-07,-0.000810319462684773,7.0820877657651e-08,8.83443396803264e-05,-1.07232746312359e-06,0.000736263212558431
21118.464170469,-1.71660704542557e-06,-9.65710182409241e-05,-6.40636801556198e-07,-0.000804738247100687,6.98488470480014e-08,8.77358583864748e-05,-1.05760709702714e-06,0.000731192285511195
21264.923853817,-1.69304388571703e-06,-9.59057061425796e-05,-6.31844372210677e-07,-0.000799195476305415,6.88901557069719e-08,8.71315683460554e-05,-1.04308880696388e-06,0.000726156283883179
21412.3992568061,-1.66980415058804e-06,-9.52449802120116e-05,-6.23172590267074e-07,-0.000793690885416113,6.79446206342589e-08,8.65314406838967e-05,-1.02876981884113e-06,0.000721154967129615
21560.8974236026,-1.64688340122872e-06,-9.45888087823338e-05,-6.14619800899569e-07,-0.000788224211376324,6.70120613386048e-08,8.59354467238753e-05,-1.01464739665064e-06,0.000716188096362471
21710.4254472254,-1.62427725973637e-06,-9.39371604064061e-05,-6.06184371962118e-07,-0.000782795192943337,6.60922998034379e-08,8.53435579875388e-05,-1.0007188419456e-06,0.000711255434339021
21860.9904698845,-1.60198140828013e-06,-9.32900038552894e-05,-5.97864693678132e-07,-0.000777403570675674,6.5185160452984e-08,8.47557461927433e-05,-9.86981493324994e-07,0.000706356745450527
22012.599683322,-1.57999158827699e-06,-9.26473081167081e-05,-5.89659178334353e-07,-0.000772049086920629,6.42904701188377e-08,8.41719832522958e-05,-9.73432725924949e-07,0.00070149179571097
22165.260329156,-1.55830359957922e-06,-9.20090423935266e-05,-5.81566259978949e-07,-0.000766731485801922,6.34080580069943e-08,8.35922412726103e-05,-9.60069950917106e-07,0.000696660352745892
22318.9796992262,-1.53691329967276e-06,-9.13751761022347e-05,-5.73584394123683e-07,-0.000761450513207411,6.25377556653292e-08,8.30164925523689e-05,-9.46890615013834e-07,0.000691862185781281
22473.7651359423,-1.51581660288679e-06,-9.07456788714468e-05,-5.65712057450189e-07,-0.000756205916776922,6.16793969515241e-08,8.24447095811965e-05,-9.33892199980301e-07,0.000687097065632557
22629.6240326348,-1.49500947961394e-06,-9.01205205404084e-05,-5.57947747520213e-07,-0.000750997445890128,6.08328180014277e-08,8.1876865038341e-05,-9.21072222153181e-07,0.00068236476469362
22786.5638339077,-1.47448795554138e-06,-8.94996711575179e-05,-5.50289982489851e-07,-0.000745824851654543,5.99978571978548e-08,8.13129317913651e-05,-9.08428231966029e-07,0.000677665056925983
22944.592035995,-1.45424811089226e-06,-8.88831009788546e-05,-5.42737300827641e-07,-0.000740687886893578,5.91743551398046e-08,8.07528828948457e-05,-8.95957813481121e-07,0.000672997717847971
23103.7161871177,-1.43428607967772e-06,-8.82707804667219e-05,-5.35288261036551e-07,-0.000735586306134697,5.83621546121069e-08,8.01966915890839e-05,-8.83658583927772e-07,0.000668362524524003
23263.9438878451,-1.41459804895902e-06,-8.76626802881971e-05,-5.27941441379717e-07,-0.000730519865597638,5.7561100555477e-08,7.96443312988214e-05,-8.71528193246939e-07,0.000663759255553937
23425.2827914574,-1.39518025811988e-06,-8.7058771313695e-05,-5.20695439609958e-07,-0.000725488323182731,5.67710400369847e-08,7.90957756319693e-05,-8.59564323642141e-07,0.000659187691062503
23587.7406043117,-1.37602899814869e-06,-8.64590246155394e-05,-5.13548872702958e-07,-0.000720491438459284,5.59918222209234e-08,7.8550998378342e-05,-8.47764689136478e-07,0.000654647612688791
23751.3250862094,-1.3571406109307e-06,-8.58634114665473e-05,-5.06500376594119e-07,-0.000715528972654066,5.52232983400807e-08,7.8009973508403e-05,-8.36127035135797e-07,0.000650138803575834
23916.0440507678,-1.33851148854976e-06,-8.52719033386212e-05,-4.99548605918971e-07,-0.00071060068863985,5.44653216673985e-08,7.74726751720171e-05,-8.24649137997802e-07,0.000645661048360235
24081.9053657923,-1.32013807259975e-06,-8.46844719013536e-05,-4.92692233757164e-07,-0.000705706350924054,5.37177474880239e-08,7.6939077697213e-05,-8.13328804607122e-07,0.000641214133161893
24248.9169536531,-1.30201685350537e-06,-8.41010890206397e-05,-4.85929951379924e-07,-0.000700845725637446,5.29804330717388e-08,7.64091555889527e-05,-8.02163871956182e-07,0.000636797845573775
24417.0867916629,-1.28414436985234e-06,-8.35217267573024e-05,-4.79260468000984e-07,-0.000696018580522942,5.22532376457702e-08,7.58828835279118e-05,-7.91152206731862e-07,0.000632411974651785
24586.4229124585,-1.26651720772663e-06,-8.29463573657245e-05,-4.72682510530891e-07,-0.000691224684924463,5.15360223679686e-08,7.53602363692652e-05,-7.80291704907789e-07,0.000628056310904671
24756.933404384,-1.24913200006289e-06,-8.2374953292494e-05,-4.66194823334693e-07,-0.000686463809775893,5.08286503003569e-08,7.48411891414846e-05,-7.69580291342278e-07,0.000623730646284036
24928.6264118777,-1.23198542600175e-06,-8.1807487175056e-05,-4.5979616799292e-07,-0.000681735727590088,5.01309863830372e-08,7.43257170451408e-05,-7.59015919381744e-07,0.000619434774174386
25101.5101358603,-1.21507421025594e-06,-8.12439318403772e-05,-4.53485323065837e-07,-0.000677040212447988,4.94428974084586e-08,7.38137954517179e-05,-7.48596570469607e-07,0.000615168489383271
25275.5928341276,-1.19839512248509e-06,-8.06842603036177e-05,-4.4726108386091e-07,-0.000672377039987775,4.87642519960328e-08,7.33053999024323e-05,-7.38320253760517e-07,0.000610931588131477
25450.882821744,-1.18194497667913e-06,-8.01284457668143e-05,-4.41122262203463e-07,-0.000667745987394137,4.80949205671006e-08,7.28005061070629e-05,-7.28185005739927e-07,0.0006067238680433
25627.3884714405,-1.16572063055009e-06,-7.95764616175716e-05,-4.3506768621045e-07,-0.000663146833387579,4.74347753202382e-08,7.22990899427866e-05,-7.18188889848845e-07,0.00060254512813687
25805.1182140139,-1.14971898493235e-06,-7.90282814277645e-05,-4.29096200067339e-07,-0.000658579358213828,4.67836902069028e-08,7.18011274530248e-05,-7.08329996113774e-07,0.000598395168814562
25984.08053873,-1.13393698319092e-06,-7.84838789522476e-05,-4.23206663808022e-07,-0.000654043343633302,4.61415409074104e-08,7.13065948462949e-05,-6.98606440781708e-07,0.00059427379185345
26164.2839937291,-1.11837161063807e-06,-7.79432281275763e-05,-4.17397953097749e-07,-0.000649538572910651,4.55082048072432e-08,7.08154684950718e-05,-6.89016365960149e-07,0.00059018080039585
26345.7371864336,-1.10301989395778e-06,-7.7406303070736e-05,-4.1166895901903e-07,-0.00064506483080438,4.48835609736811e-08,7.03277249346574e-05,-6.79557939262079e-07,0.000586115998939913
26528.4487839603,-1.08787890063812e-06,-7.68730780778796e-05,-4.06018587860445e-07,-0.00064062190355653,4.42674901327508e-08,6.98433408620558e-05,-6.70229353455778e-07,0.000582079193330281
26712.4275135331,-1.07294573841149e-06,-7.63435276230766e-05,-4.00445760908364e-07,-0.000636209578882446,4.36598746464946e-08,6.93622931348589e-05,-6.61028826119486e-07,0.000578070190748826
26897.6821629011,-1.05821755470245e-06,-7.58176263570676e-05,-3.94949414241492e-07,-0.000631827645960596,4.30605984905453e-08,6.88845587701376e-05,-6.51954599300767e-07,0.000574088799705424
27084.2215807571,-1.04369153608315e-06,-7.52953491060318e-05,-3.89528498528243e-07,-0.000627475895422489,4.2469547232012e-08,6.84101149433426e-05,-6.43004939180594e-07,0.000570134830028826
27272.0546771616,-1.02936490773623e-06,-7.47766708703593e-05,-3.84181978826862e-07,-0.00062315411934263,4.18866080076657e-08,6.79389389872105e-05,-6.34178135742002e-07,0.000566208092857557
27461.1904239671,-1.01523493292509e-06,-7.42615668234362e-05,-3.78908834388305e-07,-0.000618862111228572,4.1311669502426e-08,6.74710083906802e-05,-6.2547250244333e-07,0.00056230840063091
27651.6378552475,-1.0012989124714e-06,-7.37500123104346e-05,-3.73708058461787e-07,-0.000614599666011021,4.07446219281392e-08,6.7006300797814e-05,-6.16886375895916e-07,0.000558435567079975
27843.4060677294,-9.87554184239842e-07,-7.32419828471146e-05,-3.68578658103014e-07,-0.000610366580034016,4.01853570026501e-08,6.65447940067286e-05,-6.08418115546248e-07,0.000554589407218754
28036.5042212264,-9.73998122629788e-07,-7.27374541186321e-05,-3.63519653985014e-07,-0.000606162651045174,3.96337679291574e-08,6.60864659685318e-05,-6.00066103362449e-07,0.000550769737335312
28230.9415390768,-9.60628138074105e-07,-7.22364019783577e-05,-3.58530080211578e-07,-0.000601987678186007,3.90897493758541e-08,6.56312947862674e-05,-5.91828743525098e-07,0.000546976374983013
28426.7273085842,-9.4744167654471e-07,-7.17388024467017e-05,-3.53608984133227e-07,-0.0005978414619823,3.85531974558439e-08,6.51792587138672e-05,-5.8370446212226e-07,0.000543209138971798
28623.8708814609,-9.34436219064983e-07,-7.12446317099492e-05,-3.48755426165722e-07,-0.000593723804334562,3.80240097073362e-08,6.47303361551103e-05,-5.75691706848747e-07,0.000539467849359538
28822.3816742749,-9.21609281228805e-07,-7.07538661191027e-05,-3.4396847961103e-07,-0.000589634508508535,3.75020850741075e-08,6.4284505662589e-05,-5.67788946709461e-07,0.000535752327443428
29022.2691688993,-9.08958412726261e-07,-7.02664821887335e-05,-3.39247230480766e-07,-0.000585573379125781,3.69873238862355e-08,6.38417459366834e-05,-5.59994671726852e-07,0.000532062395751464
29223.5429129655,-8.96481196875773e-07,-6.97824565958403e-05,-3.3459077732202e-07,-0.000581540222154318,3.64796278410918e-08,6.34020358245409e-05,-5.52307392652358e-07,0.000528397878033955
29426.2125203191,-8.84175250162722e-07,-6.93017661787176e-05,-3.29998231045598e-07,-0.000577534844899341,3.59788999845995e-08,6.29653543190651e-05,-5.44725640681841e-07,0.000524758599255114
29630.2876714792,-8.7203822178433e-07,-6.88243879358304e-05,-3.25468714756582e-07,-0.000573557055993981,3.54850446927434e-08,6.25316805579094e-05,-5.37247967174895e-07,0.000521144385584687
29835.7781141006,-8.60067793200847e-07,-6.83502990246985e-05,-3.21001363587235e-07,-0.000569606665390161,3.4997967653337e-08,6.21009938224798e-05,-5.29872943378039e-07,0.000517555064389662
30042.6936634399,-8.48261677692833e-07,-6.78794767607872e-05,-3.16595324532166e-07,-0.000565683484349479,3.45175758480353e-08,6.16732735369424e-05,-5.22599160151683e-07,0.000513990464226011
30251.0442028234,-8.36617619924574e-07,-6.74118986164076e-05,-3.1224975628578e-07,-0.000561787325434187,3.40437775345982e-08,6.12484992672398e-05,-5.15425227700872e-07,0.000510450414830511
30460.8396841202,-8.25133395513418e-07,-6.69475422196231e-05,-3.07963829081918e-07,-0.000557918002498208,3.35764822293924e-08,6.08266507201126e-05,-5.08349775309695e-07,0.000506934747112604
30672.0901282168,-8.13806810605091e-07,-6.64863853531651e-05,-3.03736724535725e-07,-0.000554075330678234,3.31156006901366e-08,6.04077077421291e-05,-5.01371451079372e-07,0.000503443293146328
30884.8056254963,-8.02635701454767e-07,-6.60284059533549e-05,-2.99567635487652e-07,-0.000550259126384864,3.26610448988806e-08,5.99916503187201e-05,-4.94488921669907e-07,0.000499975886162284
31098.9963363199,-7.91617934013945e-07,-6.55735821090356e-05,-2.95455765849613e-07,-0.000546469207293833,3.22127280452188e-08,5.95784585732227e-05,-4.87700872045319e-07,0.000496532360539687
31314.6724915125,-7.8075140352294e-07,-6.51218920605082e-05,-2.91400330453239e-07,-0.000542705392337265,3.17705645097325e-08,5.91681127659277e-05,-4.81006005222336e-07,0.000493112551798438
31531.8443928511,-7.70034034109013e-07,-6.4673314198479e-05,-2.87400554900209e-07,-0.000538967501695026,3.13344698476603e-08,5.87605932931364e-05,-4.74403042022579e-07,0.000489716296591282
31750.5224135575,-7.59463778389963e-07,-6.42278270630114e-05,-2.83455675414629e-07,-0.000535255356786099,3.09043607727908e-08,5.8355880686222e-05,-4.67890720828105e-07,0.000486343432695994
31970.7169987928,-7.49038617083208e-07,-6.37854093424875e-05,-2.79564938697438e-07,-0.000531568780260052,3.04801551415773e-08,5.79539556106988e-05,-4.61467797340352e-07,0.00048299379900764
32192.4386661572,-7.38756558620175e-07,-6.33460398725747e-05,-2.75727601782791e-07,-0.000527907595988537,3.00617719374682e-08,5.75547988652966e-05,-4.55133044342348e-07,0.000479667235530872
32415.6980061919,-7.28615638766033e-07,-6.29096976352024e-05,-2.71942931896428e-07,-0.000524271629056871,2.96491312554544e-08,5.71583913810428e-05,-4.48885251464227e-07,0.000476363583372299
32640.5056828852,-7.1861392024459e-07,-6.24763617575431e-05,-2.68210206315964e-07,-0.000520660705755657,2.92421542868263e-08,5.67647142203494e-05,-4.42723224951929e-07,0.000473082684732882
32866.8724341813,-7.08749492368384e-07,-6.20460115110034e-05,-2.64528712233104e-07,-0.000517074653572476,2.88407633041407e-08,5.63737485761079e-05,-4.36645787439104e-07,0.000469824382900411
33094.8090724944,-6.990204706738e-07,-6.16186263102196e-05,-2.60897746617733e-07,-0.000513513301183627,2.84448816463932e-08,5.59854757707888e-05,-4.30651777722121e-07,0.000466588522242008
33324.3264852235,-6.89424996561244e-07,-6.11941857120631e-05,-2.5731661608388e-07,-0.000509976478445933,2.80544337043943e-08,5.55998772555491e-05,-4.24740050538197e-07,0.000463374948196702
33555.4356352742,-6.79961236940198e-07,-6.07726694146498e-05,-2.53784636757501e-07,-0.000506464016388592,2.76693449063448e-08,5.52169346093442e-05,-4.18909476346535e-07,0.00046018350726804
33788.1475615808,-6.70627383879199e-07,-6.035405725636e-05,-2.50301134146088e-07,-0.000502975747205102,2.72895417036099e-08,5.48366295380472e-05,-4.13158941112507e-07,0.000457014047016761
34022.4733796346,-6.61421654260565e-07,-5.99383292148614e-05,-2.46865443010047e-07,-0.000499511504245219,2.69149515566874e-08,5.44589438735737e-05,-4.07487346094763e-07,0.000453866416053509
34258.4242820144,-6.52342289439912e-07,-5.95254654061429e-05,-2.43476907235856e-07,-0.000496071122006993,2.6545502921369e-08,5.4083859573013e-05,-4.01893607635293e-07,0.000450740464031605
34496.0115389212,-6.43387554910289e-07,-5.91154460835519e-05,-2.40134879710938e-07,-0.000492654436128841,2.61811252350897e-08,5.37113587177646e-05,-3.96376656952346e-07,0.000447636041639866
34735.2464987164,-6.34555739970969e-07,-5.87082516368406e-05,-2.36838722200268e-07,-0.000489261283381691,2.58217489034664e-08,5.33414235126821e-05,-3.90935439936217e-07,0.000444553000595474
34976.1405884643,-6.25845157400736e-07,-5.83038625912179e-05,-2.33587805224653e-07,-0.000485891501661162,2.54673052870185e-08,5.29740362852207e-05,-3.8556891694781e-07,0.000441491193636887
35218.7053144771,-6.17254143135704e-07,-5.7902259606409e-05,-2.30381507940691e-07,-0.000482544929979819,2.51177266880729e-08,5.26091794845935e-05,-3.80276062619998e-07,0.000438450474516816
35462.9522628655,-6.08781055951508e-07,-5.750342347572e-05,-2.27219218022364e-07,-0.000479221408459459,2.4772946337846e-08,5.22468356809307e-05,-3.75055865661678e-07,0.000435430697995227
35708.8931000911,-6.00424277149897e-07,-5.71073351251111e-05,-2.24100331544262e-07,-0.000475920778323474,2.44328983837052e-08,5.18869875644474e-05,-3.69907328664545e-07,0.000432431719832414
35956.5395735246,-5.92182210249586e-07,-5.67139756122748e-05,-2.21024252866398e-07,-0.000472642881889245,2.40975178766024e-08,5.15296179446141e-05,-3.64829467912493e-07,0.000429453396782103
36205.9035120061,-5.8405328068139e-07,-5.63233261257217e-05,-2.17990394520604e-07,-0.000469387562560603,2.37667407586822e-08,5.11747097493364e-05,-3.59821313193657e-07,0.000426495586584614
36456.9968264106,-5.76035935487505e-07,-5.59353679838713e-05,-2.14998177098483e-07,-0.000466154664820336,2.34405038510578e-08,5.08222460241368e-05,-3.54881907615016e-07,0.000423558147960063
36709.831510217,-5.68128643024933e-07,-5.55500826341511e-05,-2.12047029140895e-07,-0.00046294403422275,2.31187448417554e-08,5.04722099313453e-05,-3.50010307419551e-07,0.000420640940601613
36964.4196400802,-5.60329892672987e-07,-5.51674516521008e-05,-2.0913638702896e-07,-0.000459755517386281,2.28014022738247e-08,5.01245847492933e-05,-3.45205581805915e-07,0.000417743825168778
37220.7733764093,-5.5263819454477e-07,-5.47874567404827e-05,-2.06265694876543e-07,-0.000456588961986156,2.24884155336098e-08,4.97793538715144e-05,-3.40466812750568e-07,0.000414866663280759
37478.9049639467,-5.4505207920266e-07,-5.44100797283994e-05,-2.03434404424231e-07,-0.000453444216747108,2.21797248391838e-08,4.94365008059502e-05,-3.35793094832372e-07,0.000412009317509843
37738.8267323548,-5.37570097377657e-07,-5.40353025704164e-05,-2.00641974934739e-07,-0.000450321131436137,2.18752712289398e-08,4.90960091741612e-05,-3.31183535059569e-07,0.00040917165137483
38000.5510968034,-5.30190819692615e-07,-5.36631073456923e-05,-1.97887873089769e-07,-0.000447219556855329,2.15749965503393e-08,4.87578627105445e-05,-3.26637252699163e-07,0.000406353529334523
38264.0905585636,-5.22912836389236e-07,-5.32934762571136e-05,-1.95171572888267e-07,-0.000444139344834714,2.12788434488139e-08,4.84220452615551e-05,-3.22153379108618e-07,0.000403554816781244
38529.4577056047,-5.1573475705885e-07,-5.29263916304373e-05,-1.92492555546086e-07,-0.000441080348225182,2.09867553568209e-08,4.80885407849342e-05,-3.17731057569888e-07,0.000400775380034414
38796.6652131954,-5.08655210376849e-07,-5.25618359134376e-05,-1.89850309397013e-07,-0.000438042420891441,2.06986764830462e-08,4.77573333489414e-05,-3.13369443125709e-07,0.000398015086334162
39065.7258445091,-5.01672843840795e-07,-5.21997916750603e-05,-1.8724432979516e-07,-0.000435025417705035,2.04145518017581e-08,4.74284071315936e-05,-3.09067702418153e-07,0.000395273803834986
39336.6524512341,-4.94786323512098e-07,-5.1840241604582e-05,-1.84674119018684e-07,-0.00043202919453739,2.01343270423049e-08,4.7101746419908e-05,-3.04825013529382e-07,0.000392551401599451
39609.4579741865,-4.87994333761263e-07,-5.14831685107764e-05,-1.82139186174839e-07,-0.000429053608252936,1.98579486787572e-08,4.67773356091511e-05,-3.00640565824607e-07,0.000389847749591943
39884.1554439296,-4.81295577016604e-07,-5.11285553210846e-05,-1.7963904710631e-07,-0.000426098516702245,1.95853639196925e-08,4.64551592020921e-05,-2.96513559797187e-07,0.000387162718672451
40160.7579813948,-4.74688773516431e-07,-5.07763850807934e-05,-1.7717322429885e-07,-0.000423163778715248,1.93165206981192e-08,4.61352018082628e-05,-2.92443206915867e-07,0.000384496180590401
40439.2787985098,-4.6817266106462e-07,-5.04266409522175e-05,-1.7474124679017e-07,-0.000420249254094471,1.90513676615392e-08,4.58174481432205e-05,-2.88428729474096e-07,0.000381848007978529
40719.7311988284,-4.61745994789548e-07,-5.00793062138891e-05,-1.72342650080081e-07,-0.000417354803608336,1.87898541621467e-08,4.55018830278186e-05,-2.84469360441441e-07,0.000379218074346801
41002.1285781671,-4.55407546906325e-07,-4.97343642597513e-05,-1.69976976041866e-07,-0.000414480288984501,1.85319302471607e-08,4.51884913874796e-05,-2.80564343317012e-07,0.000376606254076364
41286.4844252437,-4.49156106482301e-07,-4.93917985983593e-05,-1.67643772834872e-07,-0.000411625572903249,1.82775466492912e-08,4.48772582514753e-05,-2.76712931984918e-07,0.000374012422413554
41572.812322323,-4.42990479205775e-07,-4.90515928520851e-05,-1.65342594818288e-07,-0.000408790518990917,1.80266547773348e-08,4.45681687522106e-05,-2.72914390571699e-07,0.000371436455463932
41861.1259458642,-4.36909487157897e-07,-4.87137307563299e-05,-1.63073002466121e-07,-0.000405974991813381,1.77792067069006e-08,4.42612081245128e-05,-2.69167993305723e-07,0.000368878230186369
42151.4390671752,-4.30911968587676e-07,-4.83781961587396e-05,-1.60834562283319e-07,-0.00040317885686957,1.75351551712618e-08,4.39563617049255e-05,-2.65473024378499e-07,0.000366337624387163
42443.7655530697,-4.24996777690101e-07,-4.80449730184285e-05,-1.58626846723061e-07,-0.000400401980585044,1.72944535523341e-08,4.36536149310082e-05,-2.61828777807914e-07,0.000363814516714213
42738.1193665299,-4.1916278438728e-07,-4.77140454052057e-05,-1.56449434105162e-07,-0.000397644230305598,1.70570558717762e-08,4.33529533406392e-05,-2.58234557303325e-07,0.000361308786651211
43034.5145673733,-4.13408874112611e-07,-4.73853974988095e-05,-1.54301908535617e-07,-0.000394905474290926,1.68229167822144e-08,4.30543625713248e-05,-2.5468967613253e-07,0.000358820314511895
43332.9653129246,-4.07733947597882e-07,-4.7059013588145e-05,-1.52183859827229e-07,-0.000392185581708315,1.65919915585856e-08,4.27578283595127e-05,-2.51193456990531e-07,0.000356348981434326
43633.4858586911,-4.02136920663324e-07,-4.67348780705286e-05,-1.50094883421335e-07,-0.000389484422626393,1.63642360895999e-08,4.24633365399097e-05,-2.47745231870137e-07,0.000353894669375214
43936.0905590448,-3.9661672401052e-07,-4.64129754509368e-05,-1.48034580310602e-07,-0.000386801868008915,1.613960686932e-08,4.21708730448049e-05,-2.44344341934308e-07,0.000351457261104277
44240.7938679069,-3.91172303018172e-07,-4.60932903412609e-05,-1.46002556962885e-07,-0.000384137789708594,1.59180609888567e-08,4.18804239033972e-05,-2.40990137390281e-07,0.000349036640198645
44547.6103394389,-3.8580261754066e-07,-4.57758074595663e-05,-1.43998425246117e-07,-0.000381492060460969,1.5699556128177e-08,4.15919752411271e-05,-2.376819773654e-07,0.000346632691037294
44856.5546287376,-3.80506641709373e-07,-4.54605116293577e-05,-1.42021802354246e-07,-0.000378864553878328,1.54840505480258e-08,4.13055132790139e-05,-2.3441922978467e-07,0.000344245298795531
45167.641492535,-3.75283363736757e-07,-4.51473877788489e-05,-1.40072310734171e-07,-0.000376255144443656,1.52715030819574e-08,4.10210243329964e-05,-2.31201271249978e-07,0.000341874349439498
45480.8857899031,-3.70131785723064e-07,-4.48364209402377e-05,-1.38149578013691e-07,-0.000373663707504642,1.50618731284772e-08,4.07384948132797e-05,-2.28027486920981e-07,0.000339519729720739
45796.3024829641,-3.6505092346574e-07,-4.45275962489865e-05,-1.36253236930431e-07,-0.000371090119267711,1.48551206432901e-08,4.04579112236844e-05,-2.24897270397621e-07,0.000337181327170779
46113.9066376045,-3.60039806271441e-07,-4.42208989431071e-05,-1.34382925261754e-07,-0.000368534256792112,1.46512061316563e-08,4.01792601610026e-05,-2.21810023604267e-07,0.000334859030095758
46433.713424195,-3.55097476770612e-07,-4.39163143624509e-05,-1.32538285755623e-07,-0.000365995997984036,1.44500906408507e-08,3.99025283143563e-05,-2.18765156675426e-07,0.000332552727571093
46755.7381183149,-3.50222990734633e-07,-4.36138279480043e-05,-1.30718966062423e-07,-0.00036347522159078,1.42517357527269e-08,3.96277024645619e-05,-2.15762087843048e-07,0.000330262309436185
47079.9961014825,-3.45415416895452e-07,-4.33134252411884e-05,-1.28924618667698e-07,-0.000360971807194949,1.40561035763825e-08,3.93547694834977e-05,-2.12800243325352e-07,0.000327987666289148
47406.5028618884,-3.40673836767709e-07,-4.30150918831644e-05,-1.27154900825835e-07,-0.000358485635208702,1.3863156740925e-08,3.90837163334767e-05,-2.09879057217206e-07,0.000325728689481594
47735.2739951367,-3.3599734447329e-07,-4.27188136141428e-05,-1.25409474494637e-07,-0.000356016586868028,1.36728583883371e-08,3.88145300666232e-05,-2.06997971381984e-07,0.000323485271113434
48066.3252049891,-3.31385046568298e-07,-4.24245762726989e-05,-1.236880062708e-07,-0.000353564544227078,1.34851721664399e-08,3.85471978242545e-05,-2.04156435344934e-07,0.00032125730402773
48399.6723041153,-3.26836061872388e-07,-4.21323657950911e-05,-1.21990167326281e-07,-0.000351129390152515,1.33000622219521e-08,3.82817068362651e-05,-2.01353906187983e-07,0.000319044681805575
48735.331214848,-3.22349521300455e-07,-4.18421682145863e-05,-1.20315633345524e-07,-0.000348711008317924,1.31174931936451e-08,3.80180444205178e-05,-1.98589848446016e-07,0.000316847298761011
49073.317969944,-3.17924567696624e-07,-4.15539696607876e-05,-1.18664084463562e-07,-0.000346309283198244,1.29374302055916e-08,3.77561979822361e-05,-1.95863734004547e-07,0.000314665049935976
49413.6487133493,-3.1356035567052e-07,-4.12677563589689e-05,-1.17035205204956e-07,-0.00034392410006425,1.27598388605067e-08,3.74961550134035e-05,-1.93175041998826e-07,0.000312497831095299
49756.3397009709,-3.09256051435785e-07,-4.09835146294123e-05,-1.15428684423578e-07,-0.000341555344977064,1.25846852331803e-08,3.72379030921644e-05,-1.90523258714302e-07,0.000310345538721714
50101.4073014524,-3.05010832650815e-07,-4.07012308867514e-05,-1.13844215243216e-07,-0.000339202904782713,1.24119358640002e-08,3.69814298822317e-05,-1.8790787748848e-07,0.000308208070010917
50448.8679969571,-3.00823888261674e-07,-4.04208916393185e-05,-1.12281494998995e-07,-0.000336866667106715,1.22415577525629e-08,3.67267231322958e-05,-1.85328398614101e-07,0.00030608532286666
50798.7383839539,-2.96694418347171e-07,-4.0142483488497e-05,-1.10740225179601e-07,-0.00033454652034871,1.20735183513732e-08,3.64737706754404e-05,-1.82784329243667e-07,0.000303977195895869
51151.0351740109,-2.92621633966061e-07,-3.98659931280771e-05,-1.09220111370297e-07,-0.000332242353677125,1.19077855596296e-08,3.62225604285599e-05,-1.80275183295271e-07,0.000301883588403803
51505.7751945938,-2.8860475700634e-07,-3.95914073436175e-05,-1.07720863196719e-07,-0.000329954057023874,1.17443277170947e-08,3.59730803917823e-05,-1.77800481359722e-07,0.000299804400389244
51862.9753898685,-2.84643020036615e-07,-3.93187130118105e-05,-1.06242194269446e-07,-0.000327681521079099,1.15831135980503e-08,3.57253186478962e-05,-1.75359750608939e-07,0.000297739532539722
52222.6528215118,-2.80735666159505e-07,-3.90478970998517e-05,-1.04783822129328e-07,-0.000325424637285943,1.1424112405335e-08,3.54792633617802e-05,-1.72952524705612e-07,0.000295688886226768
52584.8246695256,-2.76881948867061e-07,-3.8778946664815e-05,-1.0334546819356e-07,-0.000323183297835363,1.1267293764464e-08,3.5234902779838e-05,-1.70578343714096e-07,0.000293652363501209
52949.5082330576,-2.73081131898164e-07,-3.851184885303e-05,-1.01926857702504e-07,-0.000320957395660972,1.11126277178283e-08,3.49922252294366e-05,-1.6823675401253e-07,0.000291629867088481
53316.7209312277,-2.69332489097889e-07,-3.82465908994659e-05,-1.00527719667232e-07,-0.000318746824433929,1.09600847189758e-08,3.47512191183481e-05,-1.65927308206166e-07,0.00028962130038399
53686.4803039601,-2.65635304278786e-07,-3.79831601271184e-05,-9.91477868177932e-08,-0.000316551478557847,1.0809635626968e-08,3.4511872934196e-05,-1.63649565041877e-07,0.000287626567448494
54058.8040128205,-2.6198887108408e-07,-3.77215439464013e-05,-9.77867955521881e-08,-0.000314371253163755,1.06612517008167e-08,3.42741752439048e-05,-1.6140308932386e-07,0.000285645573003522
54433.709841861,-2.5839249285273e-07,-3.74617298545416e-05,-9.64444858860434e-08,-0.000312206044105076,1.05149045939953e-08,3.40381146931538e-05,-1.59187451830468e-07,0.00028367822242682
54811.215698468,-2.54845482486363e-07,-3.72037054349808e-05,-9.51206014029785e-08,-0.00031005574795266,1.03705663490259e-08,3.38036800058344e-05,-1.57002229232209e-07,0.000281724421747838
55191.3396142186,-2.51347162318009e-07,-3.69474583567773e-05,-9.38148892056478e-08,-0.000307920261989827,1.02282093921411e-08,3.35708599835109e-05,-1.54847004010855e-07,0.000279784077643233
55574.0997457415,-2.47896863982661e-07,-3.66929763740164e-05,-9.25270998674612e-08,-0.000305799484207472,1.00878065280181e-08,3.33396435048859e-05,-1.52721364379667e-07,0.000277857097432419
55959.5143755845,-2.44493928289589e-07,-3.6440247325221e-05,-9.12569873849599e-08,-0.000303693313299176,9.94933093458606e-09,3.31100195252683e-05,-1.50624904204717e-07,0.000275943389073133
56347.6019130871,-2.41137705096429e-07,-3.61892591327695e-05,-9.00043091308518e-08,-0.000301601648656373,9.81275615790388e-09,3.28819770760458e-05,-1.48557222927288e-07,0.000274042861157047
56738.380895261,-2.3782755318498e-07,-3.59399998023155e-05,-8.87688258076839e-08,-0.000299524390363536,9.67805610710851e-09,3.26555052641604e-05,-1.46517925487334e-07,0.000272155422905393
57131.8699876742,-2.34562840138718e-07,-3.56924574222125e-05,-8.75503014021579e-08,-0.000297461439193406,9.54520504943293e-09,3.24305932715884e-05,-1.44506622248004e-07,0.000270280984164635
57528.0879853436,-2.31342942221985e-07,-3.54466201629427e-05,-8.63485031400645e-08,-0.000295412696602245,9.4141776052917e-09,3.22072303548226e-05,-1.42522928921186e-07,0.000268419455402155
57927.053813632,-2.28167244260842e-07,-3.52024762765492e-05,-8.51632014418435e-08,-0.00029337806472513,9.28494874343484e-09,3.19854058443598e-05,-1.40566466494089e-07,0.000266570747701983
58328.7865291527,-2.25035139525549e-07,-3.49600140960728e-05,-8.39941698787452e-08,-0.00029135744637127,9.1574937761672e-09,3.176510914419e-05,-1.38636861156818e-07,0.000264734772760547
58733.3053206791,-2.21946029614666e-07,-3.47192220349922e-05,-8.28411851296012e-08,-0.00028935074501937,9.03178835463444e-09,3.15463297312911e-05,-1.36733744230956e-07,0.000262911442882456
59140.6295100621,-2.18899324340735e-07,-3.44800885866682e-05,-8.17040269381814e-08,-0.000287357864813008,8.90780846417271e-09,3.13290571551248e-05,-1.34856752099114e-07,0.000261100670976308
59550.7785531519,-2.15894441617546e-07,-3.42426023237922e-05,-8.05824780711408e-08,-0.00028537871055606,8.78553041972299e-09,3.11132810371383e-05,-1.33005526135466e-07,0.000259302370550538
59963.7720407286,-2.12930807348929e-07,-3.40067518978379e-05,-7.94763242765391e-08,-0.000283413187708148,8.66493086130756e-09,3.08989910702677e-05,-1.31179712637213e-07,0.000257516455709277
60379.6296994364,-2.10007855319098e-07,-3.37725260385171e-05,-7.83853542429327e-08,-0.000281461202380123,8.54598674956922e-09,3.06861770184458e-05,-1.29378962757012e-07,0.000255742841148256
60798.3713927276,-2.07125027084472e-07,-3.35399135532392e-05,-7.73093595590246e-08,-0.000279522661329576,8.42867536137105e-09,3.04748287161125e-05,-1.27602932436317e-07,0.000253981442150728
61220.0171218097,-2.04281771867006e-07,-3.33089033265752e-05,-7.62481346738713e-08,-0.000277597471956385,8.31297428545724e-09,3.02649360677298e-05,-1.25851282339642e-07,0.000252232174583424
61644.5870266023,-2.01477546448968e-07,-3.30794843197235e-05,-7.52014768576317e-08,-0.000275685542298283,8.19886141817278e-09,3.00564890472984e-05,-1.24123677789722e-07,0.000250494954892532
62072.1013866976,-1.98711815069172e-07,-3.2851645569982e-05,-7.41691861628576e-08,-0.000273786781026473,8.0863149592423e-09,2.98494776978797e-05,-1.2241978870357e-07,0.000248769700099709
62502.5806223305,-1.95984049320623e-07,-3.26253761902215e-05,-7.31510653863122e-08,-0.000271901097441252,7.97531340760667e-09,2.96438921311188e-05,-1.20739289529406e-07,0.000247056327798112
62936.0452953524,-1.93293728049584e-07,-3.24006653683644e-05,-7.21469200313164e-08,-0.000270028401467688,7.86583555731681e-09,2.94397225267732e-05,-1.19081859184457e-07,0.000245354756148469
63372.5161102152,-1.90640337256006e-07,-3.2177502366866e-05,-7.11565582706062e-08,-0.000268168603651305,7.75786049348358e-09,2.92369591322426e-05,-1.17447180993601e-07,0.000243664903875166
63812.0139149584,-1.88023369995347e-07,-3.19558765222004e-05,-7.01797909097049e-08,-0.000266321615153814,7.65136758828367e-09,2.90355922621034e-05,-1.15834942628873e-07,0.000241986690262364
64254.5597022062,-1.85442326281724e-07,-3.17357772443485e-05,-6.92164313507936e-08,-0.000264487347748866,7.5463364970198e-09,2.88356122976457e-05,-1.14244836049775e-07,0.000240320035150145
64700.1746101695,-1.82896712992396e-07,-3.15171940162911e-05,-6.82662955570808e-08,-0.000262665713817837,7.44274715423545e-09,2.86370096864138e-05,-1.12676557444431e-07,0.000238664858930684
65148.8799236562,-1.80386043773564e-07,-3.13001163935049e-05,-6.73292020176563e-08,-0.000260856626345637,7.3405797698824e-09,2.84397749417494e-05,-1.11129807171528e-07,0.000237021082544445
65600.697075087,-1.77909838947461e-07,-3.10845340034612e-05,-6.64049717128335e-08,-0.000259059998916556,7.23981482554139e-09,2.82438986423391e-05,-1.09604289703075e-07,0.000235388627476407
66055.6476455202,-1.7546762542071e-07,-3.08704365451298e-05,-6.54934280799594e-08,-0.000257275745710133,7.14043307069406e-09,2.80493714317631e-05,-1.08099713567925e-07,0.000233767415752309
66513.7533656814,-1.73058936593955e-07,-3.06578137884846e-05,-6.45943969797018e-08,-0.000255503781497054,7.04241551904663e-09,2.78561840180491e-05,-1.06615791296096e-07,0.000232157369934931
66975.0361170023,-1.70683312272713e-07,-3.04466555740137e-05,-6.37077066627916e-08,-0.000253744021635079,6.94574344490346e-09,2.76643271732279e-05,-1.05152239363835e-07,0.000230558413120392
67439.5179326655,-1.68340298579473e-07,-3.02369518122326e-05,-6.28331877372267e-08,-0.000251996382064999,6.85039837959086e-09,2.74737917328923e-05,-1.03708778139451e-07,0.000228970468934478
67907.2209986571,-1.66029447866973e-07,-3.00286924832007e-05,-6.19706731359223e-08,-0.000250260779306616,6.75636210792945e-09,2.72845685957596e-05,-1.02285131829887e-07,0.000227393461528993
68378.167654826,-1.63750318632699e-07,-2.98218676360415e-05,-6.11199980848079e-08,-0.00024853713045476,6.66361666475561e-09,2.70966487232365e-05,-1.00881028428021e-07,0.000225827315578136
68852.3803959518,-1.61502475434525e-07,-2.96164673884651e-05,-6.02810000713589e-08,-0.000246825353175317,6.57214433148982e-09,2.69100231389871e-05,-9.94961996606959e-08,0.000224271956274905
69329.8818728181,-1.59285488807543e-07,-2.94124819262957e-05,-5.94535188135629e-08,-0.000245125365701305,6.48192763275286e-09,2.67246829285044e-05,-9.8130380937464e-08,0.000222727309327523
69810.6948932956,-1.57098935182002e-07,-2.92099015030008e-05,-5.86373962293089e-08,-0.000243437086828961,6.39294933302788e-09,2.65406192386839e-05,-9.67833113000276e-08,0.000221193300955886
70294.8424234306,-1.54942396802406e-07,-2.90087164392246e-05,-5.78324764061996e-08,-0.000241760435913863,6.30519243336868e-09,2.63578232774009e-05,-9.54547333723827e-08,0.000219669857888045
70782.3475885425,-1.52815461647692e-07,-2.88089171223241e-05,-5.70386055717738e-08,-0.000240095332867073,6.21864016815275e-09,2.61762863130902e-05,-9.41443933116391e-08,0.000218156907356701
71273.2336743282,-1.50717723352531e-07,-2.86104940059088e-05,-5.62556320641422e-08,-0.000238441698151314,6.13327600187928e-09,2.59959996743292e-05,-9.28520407595228e-08,0.000216654377095733
71767.5241279742,-1.48648781129682e-07,-2.84134376093836e-05,-5.54834063030211e-08,-0.000236799452777169,6.04908362601076e-09,2.58169547494233e-05,-9.15774287945382e-08,0.000215162195336744
72265.2425592773,-1.46608239693437e-07,-2.82177385174941e-05,-5.47217807611674e-08,-0.000235168518299301,5.9660469558581e-09,2.56391429859944e-05,-9.03203138847901e-08,0.000213680290805631
72766.4127417709,-1.44595709184101e-07,-2.80233873798767e-05,-5.39706099362037e-08,-0.000233548816812714,5.88415012750853e-09,2.54625558905726e-05,-8.90804558414543e-08,0.000212208592719187
73271.058613862,-1.42610805093512e-07,-2.78303749106095e-05,-5.32297503228293e-08,-0.000231940270949023,5.80337749479543e-09,2.528718502819e-05,-8.78576177728828e-08,0.000210747030781713
73779.2042799737,-1.40653148191586e-07,-2.76386918877687e-05,-5.2499060385415e-08,-0.000230342803872758,5.72371362631003e-09,2.51130220219779e-05,-8.66515660393446e-08,0.000209295535181665
74290.8740116972,-1.38722364453867e-07,-2.74483291529863e-05,-5.17784005309702e-08,-0.000228756339277696,5.64514330245379e-09,2.49400585527667e-05,-8.54620702083818e-08,0.000207854036588318
74806.0922489501,-1.36818084990074e-07,-2.72592776110118e-05,-5.1067633082485e-08,-0.000227180801383212,5.56765151253164e-09,2.4768286358688e-05,-8.42889030107846e-08,0.000206422466148454
75324.8836011454,-1.34939945973625e-07,-2.70715282292765e-05,-5.03666222526342e-08,-0.000225616114930658,5.49122345188463e-09,2.45976972347801e-05,-8.3131840297165e-08,0.000205000755483073
75847.2728483651,-1.33087588572136e-07,-2.68850720374613e-05,-4.96752341178451e-08,-0.000224062205179771,5.41584451906233e-09,2.44282830325963e-05,-8.19906609951318e-08,0.000203588836684127
76373.2849425456,-1.31260658878861e-07,-2.66999001270666e-05,-4.89933365927191e-08,-0.000222518997905093,5.34150031303376e-09,2.42600356598149e-05,-8.08651470670484e-08,0.000202186642311278
76902.9450086679,-1.29458807845089e-07,-2.65160036509862e-05,-4.83207994048057e-08,-0.000220986419392436,5.26817663043681e-09,2.40929470798531e-05,-7.97550834683762e-08,0.000200794105388675
77436.2783459591,-1.27681691213454e-07,-2.63333738230838e-05,-4.76574940697207e-08,-0.000219464396435348,5.19585946286512e-09,2.39270093114827e-05,-7.86602581065837e-08,0.000199411159401755
77973.3104290997,-1.25928969452171e-07,-2.61520019177718e-05,-4.70032938666086e-08,-0.000217952856331625,5.12453499419257e-09,2.37622144284492e-05,-7.75804618006251e-08,0.000198037738294068
78514.0669094413,-1.24200307690169e-07,-2.5971879269594e-05,-4.63580738139387e-08,-0.000216451726879831,5.05418959793409e-09,2.35985545590924e-05,-7.65154882409711e-08,0.000196673776464117
79058.5736162311,-1.22495375653115e-07,-2.57929972728107e-05,-4.57217106456351e-08,-0.000214960936375851,4.98480983464297e-09,2.34360218859713e-05,-7.54651339501916e-08,0.000195319208762231
79606.8565578463,-1.20813847600321e-07,-2.56153473809865e-05,-4.50940827875341e-08,-0.000213480413609463,4.91638244934374e-09,2.32746086454895e-05,-7.44291982440766e-08,0.000193973970487446
80158.9419230357,-1.19155402262507e-07,-2.54389211065813e-05,-4.44750703341639e-08,-0.000212010087860938,4.84889436900039e-09,2.31143071275251e-05,-7.34074831932936e-08,0.000192637997384423
80714.8560821713,-1.17519722780429e-07,-2.52637100205439e-05,-4.38645550258429e-08,-0.000210549888897657,4.78233270001913e-09,2.29551096750621e-05,-7.23997935855685e-08,0.00019131122564037
81274.6255885071,-1.15906496644345e-07,-2.50897057519087e-05,-4.32624202260939e-08,-0.000209099746970762,4.71668472578572e-09,2.27970086838243e-05,-7.1405936888389e-08,0.000189993591882
81838.2771794484,-1.14315415634307e-07,-2.49168999873949e-05,-4.26685508993652e-08,-0.000207659592811814,4.65193790423628e-09,2.26399966019124e-05,-7.04257232122158e-08,0.000188685033172503
82405.8377778279,-1.12746175761281e-07,-2.47452844710084e-05,-4.20828335890607e-08,-0.000206229357629494,4.58807986546169e-09,2.24840659294431e-05,-6.94589652742039e-08,0.000187385487008537
82977.3344931927,-1.1119847720907e-07,-2.45748510036468e-05,-4.15051563958686e-08,-0.000204808973106306,4.52509840934464e-09,2.23292092181903e-05,-6.85054783624164e-08,0.000186094891317245
83552.7946230977,-1.09672024277036e-07,-2.44055914427071e-05,-4.09354089563897e-08,-0.000203398371395322,4.46298150322939e-09,2.21754190712301e-05,-6.7565080300535e-08,0.000184813184453291
84132.2456544116,-1.08166525323606e-07,-2.42374977016957e-05,-4.03734824220571e-08,-0.000201997485116932,4.40171727962315e-09,2.20226881425866e-05,-6.663759141305e-08,0.000183540305195913
84715.7152646274,-1.06681692710558e-07,-2.40705617498414e-05,-3.98192694383469e-08,-0.000200606247355632,4.34129403392936e-09,2.18710091368817e-05,-6.57228344909324e-08,0.000182276192745999
85303.2313231867,-1.05217242748063e-07,-2.39047756117113e-05,-3.92726641242721e-08,-0.000199224591656821,4.28170022221174e-09,2.17203748089856e-05,-6.48206347577735e-08,0.000181020786723185
85894.8218928089,-1.03772895640495e-07,-2.37401313668289e-05,-3.87335620521609e-08,-0.000197852452023629,4.22292445898942e-09,2.15707779636719e-05,-6.3930819836393e-08,0.00017977402716297
86490.5152308334,-1.0234837543297e-07,-2.35766211492949e-05,-3.82018602277082e-08,-0.000196489762913765,4.16495551506183e-09,2.14222114552724e-05,-6.30532197159017e-08,0.00017853585451385
87090.3397905676,-1.00943409958629e-07,-2.34142371474112e-05,-3.76774570703058e-08,-0.000195136459236381,4.10778231536395e-09,2.12746681873371e-05,-6.21876667192202e-08,0.000177306209634478
87694.3242226474,-9.95577307866404e-08,-2.32529716033067e-05,-3.71602523936375e-08,-0.000193792476348966,4.0513939368506e-09,2.11281411122942e-05,-6.13339954710396e-08,0.000176085033790831
88302.4973764047,-9.8191073170918e-08,-2.30928168125664e-05,-3.66501473865455e-08,-0.000192457750054256,3.99577960641002e-09,2.09826232311139e-05,-6.04920428662259e-08,0.000174872268653415
88914.8883012464,-9.68431759995395e-08,-2.29337651238622e-05,-3.61470445941542e-08,-0.000191132216597168,3.94092869880588e-09,2.08381075929736e-05,-5.96616480386544e-08,0.000173667856294471
89531.5262480405,-9.55137817448646e-08,-2.27758089385873e-05,-3.56508478992578e-08,-0.000189815812661753,3.88683073464773e-09,2.06945872949265e-05,-5.88426523304757e-08,0.000172471739185211
90152.440670515,-9.42026364143318e-08,-2.26189407104923e-05,-3.51614625039595e-08,-0.000188508475368169,3.83347537838915e-09,2.0552055481571e-05,-5.80348992617995e-08,0.00017128386019307
90777.661226663,-9.29094895019365e-08,-2.24631529453244e-05,-3.46787949115656e-08,-0.000187210142269682,3.78085243635345e-09,2.04105053447239e-05,-5.72382345007988e-08,0.000170104162578977
91407.217780161,-9.16340939403694e-08,-2.23084382004685e-05,-3.42027529087253e-08,-0.000185920751349675,3.72895185478639e-09,2.02699301230946e-05,-5.64525058342206e-08,0.000168932589994644
92041.1404017939,-9.03762060538173e-08,-2.21547890845913e-05,-3.37332455478186e-08,-0.000184640241018693,3.67776371793581e-09,2.01303231019624e-05,-5.56775631383048e-08,0.000167769086479876
92679.4593708925,-8.91355855114065e-08,-2.20021982572875e-05,-3.32701831295825e-08,-0.000183368550111495,3.62727824615729e-09,1.99916776128557e-05,-5.49132583500995e-08,0.000166613596459898
93322.2051767786,-8.79119952812904e-08,-2.18506584287289e-05,-3.28134771859794e-08,-0.000182105617884134,3.57748579404619e-09,1.98539870332333e-05,-5.41594454391724e-08,0.000165466064742698
93969.4085202226,-8.67052015853621e-08,-2.17001623593152e-05,-3.23630404632966e-08,-0.000180851384011054,3.52837684859499e-09,1.9717244786168e-05,-5.34159803797082e-08,0.000164326436516394
94621.1003149089,-8.55149738545939e-08,-2.15507028593282e-05,-3.19187869054813e-08,-0.00017960578858221,3.47994202737615e-09,1.95814443400325e-05,-5.26827211229919e-08,0.000163194657346614
95277.3116889132,-8.43410846849845e-08,-2.14022727885871e-05,-3.14806316377012e-08,-0.0001783687721002,3.43217207674976e-09,1.94465792081874e-05,-5.19595275702664e-08,0.000162070673173895
95938.0739861886,-8.31833097941161e-08,-2.12548650561078e-05,-3.10484909501339e-08,-0.00017714027547743,3.3850578700959e-09,1.93126429486711e-05,-5.12462615459665e-08,0.000160954430311105
96603.4187680637,-8.20414279783028e-08,-2.11084726197628e-05,-3.06222822819754e-08,-0.000175920240033286,3.33859040607116e-09,1.91796291638922e-05,-5.05427867713164e-08,0.000159845875440875
97273.3778147489,-8.0915221070332e-08,-2.0963088485945e-05,-3.0201924205671e-08,-0.000174708607491334,3.2927608068892e-09,1.9047531500324e-05,-4.98489688382933e-08,0.000158744955613051
97947.983126856,-7.98044738977814e-08,-2.08187057092328e-05,-2.97873364113602e-08,-0.000173505319976529,3.24756031662474e-09,1.89163436482005e-05,-4.91646751839455e-08,0.000157651618242169
98627.2669269249,-7.87089742419117e-08,-2.06753173920579e-05,-2.93784396915371e-08,-0.000172310320012461,3.20298029954106e-09,1.87860593412157e-05,-4.84897750650651e-08,0.000156565811104942
99311.2616609643,-7.76285127971208e-08,-2.05329166843753e-05,-2.89751559259195e-08,-0.000171123550518597,3.15901223844021e-09,1.86566723562235e-05,-4.78241395332068e-08,0.000155487482337762
100000,-7.65628831309576e-08,-2.0391496783336e-05,-2.85774080665272e-08,-0.000169944954807565,3.11564773303602e-09,1.85281765129407e-05,-4.71676414100515e-08,0.000154416580434228
