Frequency_Hz,Y11_Real,Y11_Imag,Y12_Real,Y12_Imag,Y21_Real,Y21_Imag,Y22_Real,Y22_Imag
0.1,0.244644903231069,-0.00128076668533254,-0.138388613399494,0.000201940333937724,-0.0857563082028587,0.000201933092260428,-0.278248616541552,-2.99812266124581e-05
0.100693514841637,0.244645011025621,-0.00128966327259644,-0.138388721204732,0.000203347160691493,-0.0857564059063324,0.000203339767942505,-0.278249112338167,-3.01647977511022e-05
0.10139183931163,0.244645120293109,-0.00129862185639049,-0.138388830500717,0.000204763876285874,-0.0857565049601335,0.00020475632932269,-0.278249615003754,-3.03491332629378e-05
0.102095006765465,0.244645231053269,-0.00130764287283714,-0.138388941307928,0.000206190552053739,-0.0857566053827899,0.000206182847668798,-0.27825012463303,-3.05342278431806e-05
0.102803050789954,0.244645343326093,-0.00131672676121041,-0.13838905364712,0.000207627259879653,-0.08575670719308,0.00020761939479901,-0.278250641322009,-3.07200759298611e-05
0.103516005204838,0.24464545713183,-0.00132587396396033,-0.138389167539328,0.000209074072204872,-0.0857568104100362,0.000209066043086831,-0.278251165168014,-3.09066716975438e-05
0.104233904064403,0.244645572490986,-0.00133508492673765,-0.138389283005873,0.000210531062032399,-0.0857569150529476,0.000210522865466124,-0.278251696269696,-3.10940090507902e-05
0.104956781659108,0.244645689424331,-0.00134436009841868,-0.138389400068365,0.000211998302932098,-0.0857570211413641,0.000211989935436194,-0.278252234727054,-3.12820816175778e-05
0.105684672517218,0.244645807952901,-0.00135369993113043,-0.138389518748706,0.000213475869045871,-0.085757128695099,0.000213467327066939,-0.27825278064145,-3.1470882742541e-05
0.106417611406461,0.244645928098,-0.00136310488027592,-0.138389639069093,0.000214963835092889,-0.0857572377342333,0.000214955115004046,-0.278253334115629,-3.16604054800725e-05
0.10715563333568,0.244646049881203,-0.00137257540455979,-0.138389761052025,0.00021646227637489,-0.0857573482791186,0.000216453374474268,-0.278253895253736,-3.18506425872576e-05
0.107898773556513,0.244646173324361,-0.00138211196601409,-0.138389884720303,0.000217971268781543,-0.0857574603503807,0.000217962181290748,-0.278254464161337,-3.20415865166755e-05
0.108647067565072,0.2446462984496,-0.0013917150300243,-0.138390010097038,0.000219490888795869,-0.0857575739689233,0.000219481611858417,-0.278255040945435,-3.22332294090504e-05
0.109400551103639,0.244646425279329,-0.00140138506535565,-0.138390137205651,0.00022102121349973,-0.0857576891559315,0.000221011743179447,-0.278255625714492,-3.24255630857369e-05
0.110159260162376,0.244646553836243,-0.00141112254417961,-0.138390266069881,0.000222562320579385,-0.0857578059328757,0.000222552652858775,-0.278256218578446,-3.26185790410181e-05
0.11092323098104,0.24464668414332,-0.00142092794210069,-0.138390396713786,0.000224114288331113,-0.0857579243215151,0.000224104419109694,-0.278256819648732,-3.28122684342888e-05
0.111692500050717,0.244646816223832,-0.00143080173818344,-0.138390529161747,0.000225677195666896,-0.0857580443439012,0.000225667120759503,-0.278257429038303,-3.30066220820512e-05
0.112467104115564,0.244646950101342,-0.00144074441497971,-0.138390663438478,0.000227251122120184,-0.0857581660223821,0.000227240837255239,-0.278258046861646,-3.32016304497029e-05
0.113247080174565,0.244647085799713,-0.00145075645855619,-0.138390799569021,0.000228836147851721,-0.085758289379606,0.000228825648669464,-0.278258673234809,-3.33972836431932e-05
0.114032465483296,0.244647223343105,-0.00146083835852219,-0.138390937578758,0.000230432353655441,-0.0857584144385251,0.000230421635706128,-0.278259308275414,-3.35935714005225e-05
0.114823297555707,0.244647362755984,-0.00147099060805764,-0.138391077493412,0.000232039820964445,-0.0857585412223997,0.000232028879706512,-0.278259952102684,-3.3790483082944e-05
0.115619614165913,0.244647504063121,-0.00148121370394143,-0.138391219339052,0.000233658631857038,-0.085758669754802,0.000233647462655224,-0.278260604837461,-3.39880076661581e-05
0.116421453349997,0.2446476472896,-0.00149150814657999,-0.138391363142097,0.000235288869062853,-0.0857588000596202,0.000235277467186289,-0.278261266602231,-3.41861337311428e-05
0.117228853407829,0.244647792460815,-0.00150187444003606,-0.138391508929321,0.000236930615969039,-0.0857589321610623,0.000236918976589297,-0.278261937521139,-3.43848494549215e-05
0.118041852904894,0.244647939602481,-0.00151231309205785,-0.138391656727859,0.000238583956626544,-0.0857590660836608,0.000238572074815642,-0.278262617720019,-3.45841426010289e-05
0.118860490674132,0.244648088740629,-0.00152282461410842,-0.138391806565209,0.000240248975756445,-0.0857592018522762,0.000240236846484828,-0.278263307326409,-3.4784000509859e-05
0.1196848058178,0.244648239901617,-0.00153340952139533,-0.138391958469237,0.000241925758756392,-0.0857593394921018,0.000241913376890848,-0.27826400646958,-3.49844100887738e-05
0.120514837709331,0.24464839311213,-0.00154406833290058,-0.138392112468186,0.000243614391707104,-0.0857594790286672,0.000243601752008665,-0.278264715280555,-3.51853578019791e-05
0.12135062599522,0.244648548399182,-0.00155480157141084,-0.138392268590674,0.000245314961378966,-0.0857596204878436,0.000245302058500743,-0.278265433892131,-3.53868296602278e-05
0.122192210596917,0.244648705790123,-0.00156560976354798,-0.138392426865705,0.000247027555238691,-0.0857597638958471,0.000247014383723683,-0.278266162438906,-3.55888112103069e-05
0.123039631712731,0.244648865312639,-0.00157649343979987,-0.13839258732267,0.000248752261456086,-0.0857599092792441,0.000248738815734942,-0.278266901057302,-3.579128752422e-05
0.123892929819754,0.244649026994759,-0.00158745313455149,-0.138392749991352,0.000250489168910893,-0.0857600566649548,0.000250475443299614,-0.278267649885585,-3.59942431882622e-05
0.124752145675793,0.244649190864856,-0.00159848938611632,-0.138392914901936,0.000252238367199697,-0.0857602060802586,0.000252224355897323,-0.278268409063895,-3.61976622917891e-05
0.125617320321316,0.244649356951651,-0.00160960273676808,-0.138393082085008,0.000253999946642972,-0.0857603575527978,0.00025398564372919,-0.278269178734266,-3.64015284157367e-05
0.126488495081411,0.244649525284218,-0.00162079373277271,-0.138393251571562,0.000255773998292161,-0.0857605111105831,0.000255759397724884,-0.278269959040653,-3.66058246209673e-05
0.127365711567764,0.244649695891985,-0.00163206292442073,-0.138393423393007,0.000257560613936887,-0.0857606667819974,0.000257545709549782,-0.278270750128959,-3.68105334363177e-05
0.128249011680643,0.244649868804741,-0.00164341086605982,-0.138393597581171,0.00025935988611223,-0.085760824595801,0.000259344671612198,-0.278271552147055,-3.70156368463895e-05
0.129138437610901,0.244650044052636,-0.00165483811612788,-0.138393774168306,0.000261171908106115,-0.0857609845811364,0.000261156377070717,-0.278272365244811,-3.72211162791222e-05
0.130034031841991,0.244650221666187,-0.00166634523718618,-0.138393953187095,0.000262996773966791,-0.0857611467675329,0.000262980919841621,-0.278273189574121,-3.74269525930809e-05
0.130935837151994,0.24465040167628,-0.00167793279595306,-0.138394134670655,0.000264834578510395,-0.0857613111849114,0.000264818394606413,-0.278274025288925,-3.76331260644666e-05
0.131843896615665,0.244650584114178,-0.00168960136333784,-0.138394318652544,0.000266685417328635,-0.0857614778635896,0.000266668896819427,-0.278274872545244,-3.7839616373915e-05
0.132758253606487,0.244650769011517,-0.00170135151447509,-0.138394505166767,0.000268549386796548,-0.0857616468342869,0.00026853252271556,-0.278275731501199,-3.80464025928999e-05
0.133678951798747,0.244650956400316,-0.00171318382875918,-0.138394694247779,0.000270426584080388,-0.0857618181281293,0.000270409369318073,-0.278276602317044,-3.82534631699731e-05
0.134606035169616,0.244651146312979,-0.00172509888987932,-0.138394885930496,0.000272317107145587,-0.0857619917766546,0.000272299534446521,-0.278277485155191,-3.84607759166787e-05
0.135539548001256,0.244651338782298,-0.00173709728585479,-0.138395080250295,0.000274221054764843,-0.0857621678118173,0.000274203116724774,-0.278278380180238,-3.86683179931131e-05
0.136479534882933,0.244651533841457,-0.00174917960907059,-0.138395277243024,0.000276138526526304,-0.0857623462659942,0.000276120215589138,-0.278279287558998,-3.88760658933014e-05
0.137426040713143,0.244651731524035,-0.0017613464563135,-0.138395476945004,0.000278069622841863,-0.0857625271719895,0.000278050931296605,-0.278280207460529,-3.90839954301121e-05
0.138379110701763,0.244651931864012,-0.00177359842880831,-0.13839567939304,0.000280014444955558,-0.0857627105630399,0.000279995364933175,-0.27828114005616,-3.92920817200298e-05
0.139338790372205,0.244652134895769,-0.00178593613225467,-0.138395884624422,0.000281973094952086,-0.0857628964728201,0.000281953618422323,-0.278282085519523,-3.95002991675115e-05
0.140305125563594,0.244652340654096,-0.00179836017686412,-0.138396092676934,0.00028394567576544,-0.0857630849354484,0.000283925794533566,-0.278283044026584,-3.97086214489681e-05
0.141278162432955,0.244652549174192,-0.00181087117739754,-0.13839630358886,0.00028593229118764,-0.0857632759854919,0.000285911996891132,-0.278284015755667,-3.99170214965446e-05
0.14225794745742,0.244652760491671,-0.00182346975320303,-0.138396517398988,0.000287933045877599,-0.0857634696579721,0.000287912329982762,-0.278285000887492,-4.01254714814878e-05
0.143244527436446,0.244652974642565,-0.00183615652825408,-0.138396734146622,0.000289948045370097,-0.0857636659883707,0.000289926899168614,-0.278285999605201,-4.03339427971737e-05
0.14423794949405,0.244653191663328,-0.00184893213118822,-0.138396953871579,0.000291977396084883,-0.0857638650126349,0.000291955810690299,-0.278287012094391,-4.05424060417603e-05
0.145238261081064,0.244653411590837,-0.001861797195346,-0.138397176614205,0.000294021205335892,-0.0857640667671835,0.000293999171680037,-0.278288038543146,-4.07508310005418e-05
0.146245509977397,0.244653634462402,-0.00187475235881037,-0.138397402415374,0.000296079581340593,-0.0857642712889125,0.000296057090169922,-0.278289079142065,-4.09591866279008e-05
0.147259744294318,0.244653860315762,-0.00188779826444649,-0.138397631316502,0.000298152633229456,-0.0857644786152006,0.000298129675101325,-0.2782901340843,-4.11674410288956e-05
0.148281012476756,0.244654089189095,-0.00190093555994193,-0.138397863359545,0.000300240471055554,-0.0857646887839157,0.000300217036334424,-0.278291203565587,-4.13755614404321e-05
0.149309363305612,0.244654321121017,-0.00191416489784731,-0.138398098587013,0.000302343205804296,-0.0857649018334203,0.00030231928465786,-0.278292287784275,-4.15835142121013e-05
0.150344845900091,0.244654556150589,-0.00192748693561725,-0.138398337041974,0.000304460949403278,-0.0857651178025779,0.000304436531798517,-0.278293386941365,-4.17912647866225e-05
0.151387509720044,0.244654794317319,-0.00194090233565189,-0.138398578768058,0.000306593814732293,-0.0857653367307588,0.000306568890431448,-0.278294501240541,-4.19987776798178e-05
0.152437404568337,0.244655035661166,-0.00195441176533875,-0.138398823809471,0.000308741915633457,-0.0857655586578464,0.000308716474189931,-0.278295630888202,-4.2206016460232e-05
0.153494580593225,0.244655280222544,-0.00196801589709501,-0.138399072210994,0.000310905366921482,-0.0857657836242433,0.000310879397675652,-0.278296776093502,-4.24129437283441e-05
0.154559088290748,0.244655528042324,-0.00198171540841031,-0.138399324017996,0.000313084284394086,-0.0857660116708775,0.000313057776469052,-0.278297937068382,-4.2619521095303e-05
0.155630978507143,0.244655779161839,-0.00199551098188985,-0.138399579276437,0.00031527878484256,-0.0857662428392087,0.000315251727139788,-0.278299114027604,-4.28257091612365e-05
0.156710302441275,0.244656033622888,-0.00200940330529814,-0.138399838032879,0.000317488986062453,-0.0857664771712348,0.000317461367257357,-0.278300307188788,-4.30314674931612e-05
0.15779711164708,0.244656291467737,-0.00202339307160297,-0.13840010033449,0.000319715006864443,-0.0857667147094982,0.000319686815401864,-0.27830151677245,-4.32367546024e-05
0.158891458036027,0.244656552739126,-0.00203748097902006,-0.138400366229054,0.000321956967085319,-0.0857669554970925,0.000321928191174924,-0.278302743002037,-4.34415279215485e-05
0.159993393879601,0.244656817480269,-0.002051667731058,-0.138400635764976,0.000324214987599141,-0.0857671995776686,0.000324185615210734,-0.278303986103962,-4.36457437809692e-05
0.161102971811794,0.244657085734859,-0.00206595403656378,-0.138400908991291,0.000326489190328553,-0.0857674469954418,0.000326459209187299,-0.278305246307646,-4.38493573847662e-05
0.162220244831628,0.244657357547073,-0.00208034060976875,-0.138401185957671,0.000328779698256241,-0.085767697795198,0.000328749095837788,-0.27830652384555,-4.40523227863941e-05
0.163345266305675,0.244657632961571,-0.00209482817033501,-0.138401466714433,0.000331086635436562,-0.0857679520223011,0.000331055398962078,-0.278307818953219,-4.42545928636129e-05
0.164478089970617,0.244657912023505,-0.00210941744340243,-0.138401751312546,0.000333410127007334,-0.0857682097226991,0.000333378243438446,-0.278309131869317,-4.44561192930459e-05
0.165618769935804,0.244658194778516,-0.00212410915963601,-0.138402039803641,0.00033575029920179,-0.0857684709429311,0.000335717755235425,-0.278310462835669,-4.46568525241456e-05
0.166767360685846,0.244658481272741,-0.00213890405527384,-0.138402332240014,0.000338107279360695,-0.0857687357301347,0.000338074061423827,-0.278311812097295,-4.48567417526899e-05
0.167923917083208,0.244658771552818,-0.00215380287217551,-0.13840262867464,0.000340481195944641,-0.0857690041320523,0.000340447290188933,-0.278313179902457,-4.50557348937244e-05
0.169088494370839,0.244659065665882,-0.00216880635787109,-0.138402929161176,0.000342872178546516,-0.0857692761970385,0.000342837570842862,-0.278314566502694,-4.52537785539282e-05
0.170261148174801,0.244659363659576,-0.00218391526561058,-0.138403233753973,0.000345280357904139,-0.0857695519740673,0.000345245033837103,-0.278315972152866,-4.54508180034383e-05
0.171441934506935,0.244659665582049,-0.00219913035441393,-0.138403542508081,0.000347705865913085,-0.085769831512739,0.00034766981077523,-0.278317397111192,-4.56467971471468e-05
0.172630909767531,0.244659971481961,-0.00221445238912153,-0.138403855479259,0.0003501488356397,-0.0857701148632875,0.000350112034425807,-0.278318841639296,-4.58416584952735e-05
0.173828130748022,0.244660281408483,-0.00222988214044531,-0.138404172723982,0.000352609401334247,-0.0857704020765876,0.000352571838735446,-0.278320306002246,-4.60353431336116e-05
0.1750336546337,0.244660595411304,-0.00224542038502031,-0.138404494299451,0.000355087698444331,-0.0857706932041623,0.000355049358842089,-0.278321790468595,-4.62277906928231e-05
0.176247539006444,0.244660913540631,-0.00226106790545693,-0.138404820263601,0.000357583863628432,-0.0857709882981903,0.000357544731088449,-0.27832329531043,-4.6418939317467e-05
0.177469841847474,0.24466123584719,-0.00227682549039358,-0.138405150675108,0.00036009803476967,-0.0857712874115133,0.000360058093035655,-0.278324820803409,-4.66087256341292e-05
0.178700621540116,0.244661562382234,-0.00229269393454998,-0.138405485593399,0.000362630350989767,-0.0857715905976437,0.000362589583477091,-0.278326367226809,-4.67970847190594e-05
0.179939936872594,0.244661893197539,-0.00230867403878106,-0.13840582507866,0.000365180952663189,-0.0857718979107719,0.000365139342452431,-0.278327934863568,-4.69839500651451e-05
0.181187847040838,0.24466222834541,-0.0023247666101314,-0.138406169191847,0.000367749981431515,-0.0857722094057743,0.00036770751126187,-0.278329524000332,-4.71692535481474e-05
0.182444411651309,0.244662567878682,-0.00234097246189022,-0.13840651799469,0.000370337580217999,-0.0857725251382206,0.000370294232480571,-0.278331134927497,-4.73529253923709e-05
0.183709690723849,0.244662911850724,-0.00235729241364706,-0.138406871549708,0.000372943893242333,-0.0857728451643818,0.000372899649973316,-0.278332767939258,-4.75348941354897e-05
0.184983744694544,0.244663260315438,-0.002373727291348,-0.138407229920211,0.000375569066035641,-0.085773169541238,0.000375523908909342,-0.278334423333655,-4.7715086592931e-05
0.186266634418617,0.244663613327263,-0.00239027792735249,-0.138407593170316,0.000378213245455681,-0.0857734983264861,0.000378167155777443,-0.278336101412617,-4.78934278211988e-05
0.187558421173328,0.244663970941175,-0.00240694516049079,-0.138407961364951,0.000380876579702267,-0.085773831578548,0.000380829538401234,-0.278337802482011,-4.80698410807827e-05
0.188859166660905,0.244664333212691,-0.00242372983612208,-0.138408334569868,0.000383559218332889,-0.0857741693565782,0.000383511205954672,-0.278339526851689,-4.82442477981321e-05
0.190168933011491,0.244664700197868,-0.00244063280619316,-0.138408712851646,0.000386261312278625,-0.0857745117204721,0.000386212308977783,-0.278341274835537,-4.84165675269897e-05
0.191487782786108,0.244665071953307,-0.00245765492929782,-0.13840909627771,0.000388983013860204,-0.085774858730874,0.00038893299939263,-0.278343046751522,-4.85867179088363e-05
0.192815778979652,0.244665448536151,-0.00247479707073679,-0.138409484916332,0.000391724476804356,-0.0857752104491853,0.000391673430519493,-0.278344842921743,-4.87546146327109e-05
0.194152985023894,0.24466583000409,-0.00249206010257842,-0.138409878836642,0.000394485856260368,-0.0857755669375725,0.000394433757093307,-0.278346663672477,-4.89201713940284e-05
0.195499464790516,0.244666216415358,-0.00250944490372004,-0.138410278108642,0.000397267308816917,-0.0857759282589758,0.000397214135280321,-0.278348509334234,-4.90832998528076e-05
0.196855282594159,0.244666607828737,-0.00252695235994987,-0.138410682803211,0.000400068992519101,-0.0857762944771169,0.000400014722694999,-0.278350380241801,-4.92439095908931e-05
0.198220503195496,0.244667004303555,-0.00254458336400973,-0.138411092992115,0.000402891066885753,-0.0857766656565077,0.000402835678417185,-0.2783522767343,-4.94019080684235e-05
0.199595191804325,0.244667405899688,-0.00256233881565838,-0.13841150874802,0.000405733692927004,-0.0857770418624587,0.000405677163009498,-0.278354199155233,-4.9557200579399e-05
0.200979414082682,0.24466781267756,-0.00258021962173558,-0.138411930144499,0.000408597033162075,-0.0857774231610872,0.000408539338534981,-0.278356147852538,-4.97096902064495e-05
0.202373236147981,0.244668224698143,-0.00259822669622678,-0.138412357256041,0.000411481251637359,-0.085777809619326,0.000411422368575019,-0.278358123178639,-4.98592777745978e-05
0.203776724576168,0.244668642022955,-0.00261636096032866,-0.138412790158063,0.000414386513944758,-0.0857782013049318,0.00041432641824752,-0.2783601254905,-5.00058618041824e-05
0.205189946404906,0.244669064714065,-0.00263462334251526,-0.138413228926921,0.000417312987240279,-0.0857785982864939,0.000417251654225342,-0.278362155149678,-5.01493384628508e-05
0.206612969136771,0.244669492834087,-0.00265301477860489,-0.138413673639917,0.000420260840262915,-0.0857790006334427,0.000420198244755011,-0.278364212522375,-5.02896015166371e-05
0.208045860742482,0.244669926446179,-0.00267153621182778,-0.13841412437531,0.00042323024335379,-0.0857794084160584,0.000423166359675698,-0.278366297979496,-5.04265422800187e-05
0.209488689664142,0.244670365614049,-0.00269018859289444,-0.138414581212327,0.000426221368475588,-0.0857798217054798,0.000426156170438475,-0.278368411896699,-5.05600495650411e-05
0.210941524818514,0.244670810401944,-0.00270897288006483,-0.138415044231174,0.000429234389232284,-0.0857802405737128,0.000429167850125876,-0.278370554654455,-5.06900096294109e-05
0.212404435600306,0.244671260874658,-0.00272789003921827,-0.138415513513043,0.000432269480889128,-0.0857806650936395,0.000432201573471692,-0.278372726638099,-5.08163061237188e-05
0.21387749188549,0.244671717097522,-0.00274694104392405,-0.138415989140127,0.000435326820392959,-0.0857810953390269,0.000435257516881122,-0.278374928237889,-5.09388200373578e-05
0.215360764034637,0.244672179136408,-0.00276612687551291,-0.138416471195625,0.000438406586392791,-0.0857815313845355,0.000438335858451169,-0.278377159849062,-5.10574296436681e-05
0.21685432289628,0.244672647057725,-0.00278544852314931,-0.138416959763758,0.000441508959260717,-0.0857819733057285,0.00044143677799136,-0.278379421871889,-5.11720104438632e-05
0.218358239810298,0.244673120928415,-0.00280490698390442,-0.138417454929774,0.000444634121113111,-0.0857824211790808,0.000444560457044753,-0.278381714711736,-5.12824351099721e-05
0.21987258661132,0.244673600815952,-0.00282450326282993,-0.138417956779964,0.000447782255832144,-0.0857828750819875,0.000447707078909271,-0.27838403877912,-5.13885734265071e-05
0.22139743563216,0.244674086788338,-0.00284423837303279,-0.138418465401668,0.000450953549087616,-0.0857833350927731,0.000450876828659341,-0.278386394489767,-5.14902922312058e-05
0.222932859707273,0.2446745789141,-0.00286411333575055,-0.138418980883288,0.000454148188359105,-0.0857838012907007,0.00045406989316784,-0.278388782264671,-5.15874553545098e-05
0.224478932176229,0.244675077262287,-0.00288412918042783,-0.138419503314298,0.000457366362958464,-0.0857842737559809,0.000457286461128388,-0.278391202530154,-5.16799235578957e-05
0.22603572688722,0.244675581902463,-0.00290428694479331,-0.138420032785256,0.000460608264052589,-0.0857847525697806,0.00046052672307794,-0.278393655717926,-5.17675544710605e-05
0.227603318200585,0.244676092904708,-0.0029245876749378,-0.138420569387812,0.00046387408468661,-0.0857852378142323,0.000463790871419728,-0.278396142265145,-5.18502025278131e-05
0.229181780992365,0.244676610339606,-0.00294503242539308,-0.138421113214721,0.000467164019807334,-0.0857857295724432,0.000467079100446535,-0.278398662614475,-5.19277189009112e-05
0.230771190657875,0.244677134278249,-0.00296562225921163,-0.138421664359854,0.000470478266287096,-0.0857862279285041,0.000470391606364315,-0.278401217214153,-5.19999514353928e-05
0.23237162311531,0.244677664792223,-0.00298635824804719,-0.138422222918207,0.000473817022947932,-0.0857867329674989,0.000473728587316148,-0.278403806518045,-5.20667445808795e-05
0.233983154809368,0.244678201953606,-0.00300724147223628,-0.138422788985915,0.000477180490586109,-0.0857872447755131,0.000477090243406567,-0.278406430985709,-5.21279393224383e-05
0.235605862714901,0.244678745834963,-0.00302827302088058,-0.138423362660259,0.000480568871997011,-0.0857877634396434,0.000480476776726205,-0.278409091082461,-5.21833731102483e-05
0.237239824340596,0.244679296509337,-0.00304945399193013,-0.138423944039679,0.000483982372000407,-0.0857882890480065,0.000483888391376856,-0.278411787279434,-5.2232879787735e-05
0.238885117732672,0.244679854050241,-0.00307078549226765,-0.138424533223786,0.00048742119746608,-0.0857888216897488,0.000487325293496863,-0.278414520053642,-5.22762895186005e-05
0.240541821478611,0.244680418531656,-0.00309226863779353,-0.138425130313372,0.000490885557339815,-0.0857893614550547,0.000490787691286886,-0.278417289888045,-5.23134287122029e-05
0.242210014710909,0.244680990028017,-0.00311390455351195,-0.13842573541042,0.000494375662669802,-0.0857899084351562,0.000494275795036057,-0.278420097271613,-5.23441199477975e-05
0.24388977711086,0.244681568614206,-0.00313569437361786,-0.138426348618116,0.000497891726633402,-0.085790462722342,0.000497789817148522,-0.278422942699388,-5.23681818970986e-05
0.24558118891236,0.244682154365545,-0.00315763924158489,-0.138426970040861,0.000501433964564294,-0.0857910244099666,0.000501329972170349,-0.278425826672553,-5.2385429245537e-05
0.247284330905736,0.244682747357787,-0.00317974031025424,-0.13842759978428,0.000505002593980057,-0.0857915935924589,0.00050489647681685,-0.278428749698492,-5.23956726120184e-05
0.24899928444161,0.244683347667102,-0.00320199874192453,-0.138428237955236,0.000508597834610116,-0.0857921703653319,0.000508489550000289,-0.278431712290862,-5.23987184671212e-05
0.250726131434783,0.244683955370071,-0.00322441570844272,-0.138428884661836,0.000512219908424125,-0.0857927548251915,0.000512109412858024,-0.278434714969654,-5.2394369049788e-05
0.252464954368146,0.244684570543672,-0.00324699239129578,-0.138429540013448,0.000515869039660738,-0.0857933470697452,0.000515756288781006,-0.278437758261259,-5.23824222825112e-05
0.254215836296621,0.24468519326527,-0.00326972998170364,-0.138430204120709,0.000519545454856819,-0.0857939471978115,0.000519430403442753,-0.278440842698542,-5.23626716848122e-05
0.25597886085113,0.244685823612606,-0.00329262968071294,-0.138430877095535,0.000523249382877072,-0.0857945553093287,0.000523131984828694,-0.278443968820898,-5.23349062852979e-05
0.257754112242586,0.244686461663781,-0.00331569269929187,-0.138431559051136,0.000526981054944096,-0.0857951715053634,0.000526861263265983,-0.27844713717433,-5.22989105318991e-05
0.259541675265918,0.244687107497246,-0.00333892025842597,-0.138432250102021,0.000530740704668882,-0.08579579588812,0.000530618471453716,-0.278450348311509,-5.22544642005268e-05
0.261341635304121,0.244687761191784,-0.00336231358921513,-0.138432950364015,0.000534528568081766,-0.0857964285609491,0.000534403844493609,-0.278453602791846,-5.22013423020704e-05
0.263154078332332,0.244688422826502,-0.00338587393297135,-0.138433659954268,0.000538344883663773,-0.0857970696283562,0.000538217619921091,-0.278456901181561,-5.21393149876398e-05
0.26497909092194,0.244689092480809,-0.00340960254131781,-0.138434378991262,0.00054218989237851,-0.0857977191960104,0.00054206003773689,-0.278460244053747,-5.20681474520251e-05
0.266816760244719,0.244689770234403,-0.00343350067628884,-0.138435107594828,0.000546063837704439,-0.0857983773707535,0.000545931340439044,-0.278463631988445,-5.19875998354416e-05
0.268667174076992,0.244690456167256,-0.00345756961043095,-0.138435845886155,0.000549966965667629,-0.0857990442606077,0.000549831773055355,-0.278467065572709,-5.18974271235331e-05
0.270530420803823,0.244691150359593,-0.00348181062690511,-0.138436593987797,0.000553899524875036,-0.0857997199747849,0.000553761583176394,-0.278470545400676,-5.1797379045336e-05
0.27240658942324,0.244691852891877,-0.00350622501958977,-0.13843735202369,0.00055786176654816,-0.0858004046236944,0.000557721020988869,-0.278474072073637,-5.16871999696258e-05
0.274295769550488,0.244692563844788,-0.00353081409318539,-0.138438120119157,0.000561853944557311,-0.0858010983189516,0.000561710339309567,-0.278477646200108,-5.15666287992378e-05
0.276198051422303,0.244693283299205,-0.00355557916331969,-0.138438898400922,0.000565876315456243,-0.0858018011733864,0.00056572979361973,-0.278481268395895,-5.14353988634586e-05
0.278113525901229,0.244694011336186,-0.00358052155665415,-0.13843968699712,0.000569929138517371,-0.0858025133010506,0.000569779642099933,-0.278484939284171,-5.12932378085237e-05
0.280042284479955,0.244694748036942,-0.00360564261099175,-0.138440486037307,0.000574012675767446,-0.0858032348172267,0.000573860145665484,-0.278488659495542,-5.11398674861649e-05
0.281984419285683,0.244695493482823,-0.00363094367538559,-0.138441295652471,0.000578127192023751,-0.0858039658384354,0.000577971568002293,-0.278492429668117,-5.09750038400897e-05
0.283940023084533,0.244696247755287,-0.00365642611024878,-0.138442115975043,0.00058227295493082,-0.0858047064824432,0.000582114175603277,-0.278496250447584,-5.07983567903658e-05
0.285909189285972,0.244697010935881,-0.00368209128746538,-0.138442947138905,0.000586450234997649,-0.0858054568682706,0.000586288237805268,-0.278500122487276,-5.06096301159317e-05
0.287892011947275,0.244697783106216,-0.00370794059050261,-0.138443789279402,0.000590659305635483,-0.0858062171161991,0.00059049402682647,-0.278504046448243,-5.04085213346855e-05
0.289888585778017,0.244698564347937,-0.00373397541452403,-0.138444642533352,0.000594900443196067,-0.0858069873477791,0.000594731817804396,-0.278508022999325,-5.01947215819018e-05
0.291899006144599,0.244699354742701,-0.00376019716650397,-0.138445507039055,0.00059917392701051,-0.0858077676858365,0.000599001888834397,-0.278512052817222,-4.99679154859142e-05
0.293923369074803,0.244700154372149,-0.00378660726534312,-0.138446382936303,0.000603480039428643,-0.0858085582544803,0.000603304521008689,-0.278516136586562,-4.97277810420915e-05
0.295961771262377,0.244700963317873,-0.00381320714198525,-0.138447270366393,0.000607819065858935,-0.0858093591791095,0.000607639998455953,-0.27852027499998,-4.94739894843083e-05
0.298014310071653,0.244701781661391,-0.00383999823953508,-0.138448169472131,0.000612191294809003,-0.0858101705864195,0.00061200860838148,-0.278524468758181,-4.92062051542438e-05
0.300081083542203,0.244702609484112,-0.00386698201337739,-0.138449080397845,0.000616597017926617,-0.085810992604409,0.000616410641107878,-0.278528718570016,-4.8924085368364e-05
0.302162190393513,0.244703446867309,-0.0038941599312972,-0.138450003289393,0.000621036530041357,-0.0858118253623865,0.000620846390116333,-0.278533025152553,-4.86272802825705e-05
0.304257730029708,0.244704293892081,-0.00392153347360126,-0.138450938294175,0.000625510129206783,-0.0858126689909759,0.000625316152088474,-0.278537389231145,-4.83154327544782e-05
0.306367802544292,0.24470515063932,-0.00394910413324063,-0.138451885561138,0.000630018116743206,-0.0858135236221233,0.000629820226948783,-0.278541811539505,-4.79881782032981e-05
0.308492508724934,0.244706017189679,-0.00397687341593443,-0.138452845240786,0.00063456079728106,-0.0858143893891023,0.000634358917907606,-0.278546292819772,-4.76451444673398e-05
0.31063195005828,0.244706893623531,-0.00400484284029495,-0.13845381748519,0.00063913847880485,-0.0858152664265194,0.000638932531504753,-0.278550833822586,-4.72859516589333e-05
0.312786228734801,0.244707780020931,-0.00403301393795368,-0.138454802447996,0.000643751472697716,-0.08581615487032,0.000643541377653699,-0.278555435307159,-4.69102120169568e-05
0.314955447653674,0.244708676461581,-0.00406138825368885,-0.138455800284431,0.000648400093786588,-0.0858170548577927,0.00064818576968638,-0.278560098041339,-4.65175297567691e-05
0.317139710427697,0.244709583024785,-0.00408996734555388,-0.138456811151316,0.000653084660387956,-0.0858179665275747,0.000652866024398589,-0.278564822801687,-4.61075009176165e-05
0.319339121388238,0.244710499789411,-0.00411875278500725,-0.138457835207069,0.000657805494354279,-0.0858188900196563,0.000657582462096035,-0.278569610373543,-4.56797132073472e-05
0.321553785590219,0.244711426833843,-0.00414774615704344,-0.138458872611713,0.000662562921120975,-0.0858198254753849,0.000662335406640932,-0.278574461551097,-4.52337458446139e-05
0.323783808817133,0.244712364235941,-0.0041769490603252,-0.138459923526886,0.0006673572697541,-0.0858207730374693,0.000667125185499332,-0.278579377137456,-4.47691693982524e-05
0.326029297586097,0.244713312072993,-0.00420636310731684,-0.138460988115848,0.000672188872998592,-0.0858217328499834,0.000671952129788977,-0.278584357944717,-4.42855456241273e-05
0.328290359152942,0.244714270421664,-0.00423598992441893,-0.138462066543485,0.000677058067327228,-0.0858227050583695,0.000676816574327875,-0.278589404794029,-4.37824272990009e-05
0.330567101517332,0.244715239357955,-0.00426583115210408,-0.138463158976318,0.000681965192990172,-0.0858236898094416,0.000681718857683465,-0.278594518515665,-4.3259358051842e-05
0.332859633427924,0.244716218957145,-0.00429588844505392,-0.138464265582507,0.000686910594065188,-0.0858246872513879,0.00068665932222246,-0.278599699949091,-4.27158721921714e-05
0.335168064387565,0.24471720929374,-0.00432616347229735,-0.13846538653186,0.00069189461850855,-0.0858256975337736,0.000691638314161335,-0.278604949943027,-4.21514945356458e-05
0.337492504658521,0.244718210441422,-0.00435665791734998,-0.138466521995837,0.000696917618206554,-0.0858267208075424,0.000696656183617484,-0.278610269355518,-4.15657402266165e-05
0.339833065267741,0.244719222472991,-0.00438737347835467,-0.138467672147555,0.000701979949027747,-0.085827757225019,0.000701713284661029,-0.278615659053998,-4.09581145579679e-05
0.342189858012163,0.244720245460311,-0.00441831186822338,-0.138468837161795,0.000707081970875796,-0.0858288069399098,0.000706809975367302,-0.278621119915354,-4.03281127878061e-05
0.344562995464054,0.244721279474244,-0.00444947481478018,-0.138470017215002,0.000712224047743053,-0.0858298701073041,0.000711946617870015,-0.278626652825993,-3.96752199532113e-05
0.346952590976386,0.244722324584598,-0.00448086406090539,-0.138471212485297,0.00071740654776483,-0.0858309468836746,0.000717123578415116,-0.278632258681902,-3.89989106810082e-05
0.349358758688252,0.244723380860059,-0.00451248136468093,-0.138472423152473,0.000722629843274264,-0.0858320374268773,0.000722341227415289,-0.278637938388711,-3.82986489953913e-05
0.351781613530314,0.244724448368126,-0.00454432849953688,-0.138473649398005,0.000727894310858016,-0.0858331418961516,0.000727599939505198,-0.27864369286176,-3.75738881224982e-05
0.354221271230298,0.244725527175049,-0.00457640725439919,-0.138474891405048,0.00073320033141256,-0.0858342604521194,0.000732900093597395,-0.278649523026152,-3.68240702918188e-05
0.356677848318515,0.244726617345758,-0.00460871943383843,-0.138476149358444,0.000738548290201207,-0.0858353932567835,0.000738242072938936,-0.278655429816818,-3.60486265344392e-05
0.359151462133436,0.244727718943791,-0.00464126685821992,-0.138477423444723,0.000743938576911841,-0.0858365404735262,0.000743626265168698,-0.278661414178577,-3.52469764779983e-05
0.361642230827288,0.244728832031226,-0.00467405136385477,-0.138478713852101,0.000749371585715367,-0.0858377022671071,0.00074905306237541,-0.278667477066188,-3.44185281386175e-05
0.364150273371703,0.244729956668603,-0.00470707480315218,-0.138480020770491,0.000754847715324858,-0.0858388788036604,0.000754522861156393,-0.278673619444412,-3.35626777092021e-05
0.366675709563398,0.244731092914851,-0.00474033904477285,-0.138481344391492,0.000760367369055425,-0.0858400702506912,0.000760036062677003,-0.278679842288068,-3.26788093448077e-05
0.369218660029898,0.244732240827205,-0.00477384597378339,-0.138482684908399,0.000765930954884824,-0.0858412767770725,0.000765593072730822,-0.278686146582082,-3.17662949443215e-05
0.371779246235299,0.24473340046113,-0.00480759749181201,-0.138484042516199,0.000771538885514764,-0.08584249855304,0.000771194301800544,-0.278692533321545,-3.08244939290214e-05
0.374357590486067,0.244734571870235,-0.00484159551720508,-0.138485417411571,0.000777191578432946,-0.0858437357501878,0.000776840165119603,-0.278699003511765,-2.98527530175202e-05
0.376953815936883,0.244735755106187,-0.00487584198518491,-0.138486809792884,0.000782889455975853,-0.0858449885414625,0.000782531082734529,-0.278705558168313,-2.88504059973924e-05
0.379568046596523,0.244736950218626,-0.0049103388480085,-0.1384882198602,0.00078863294539226,-0.0858462571011574,0.000788267479568019,-0.278712198317074,-2.78167734932208e-05
0.382200407333782,0.244738157255075,-0.00494508807512732,-0.138489647815263,0.000794422478907467,-0.0858475416049052,0.000794049785482772,-0.278718924994297,-2.67511627312297e-05
0.384851023883439,0.244739376260845,-0.00498009165334819,-0.138491093861507,0.000800258493788274,-0.0858488422296709,0.000799878435346029,-0.278725739246637,-2.56528673002326e-05
0.387520022852263,0.244740607278941,-0.005015351586995,-0.138492558204044,0.000806141432408732,-0.0858501591537441,0.000805753869094874,-0.2787326421312,-2.45211669091597e-05
0.390207531725059,0.244741850349966,-0.00505086989807151,-0.138494041049664,0.000812071742316574,-0.0858514925567292,0.000811676531802264,-0.278739634715586,-2.33553271407963e-05
0.392913678870758,0.244743105512022,-0.00508664862642515,-0.138495542606831,0.000818049876300433,-0.085852842619537,0.000817646873743806,-0.278746718077928,-2.21545992020664e-05
0.395638593548549,0.244744372800601,-0.00512268982991154,-0.138497063085676,0.000824076292457791,-0.0858542095243736,0.000823665350465271,-0.278753893306934,-2.09182196704502e-05
0.398382405914052,0.244745652248489,-0.00515899558456017,-0.138498602697991,0.000830151454263671,-0.0858555934547302,0.000829732422850858,-0.278761161501918,-1.96454102368987e-05
0.401145247025537,0.244746943885651,-0.00519556798474074,-0.138500161657224,0.000836275830640061,-0.0858569945953706,0.000835848557192197,-0.278768523772838,-1.83353774447989e-05
0.403927248850181,0.244748247739122,-0.00523240914333053,-0.138501740178471,0.000842449896026118,-0.0858584131323192,0.000842014225258094,-0.278775981240329,-1.69873124254497e-05
0.406728544270374,0.244749563832897,-0.00526952119188248,-0.138503338478467,0.000848674130449071,-0.0858598492528478,0.000848229904365037,-0.278783535035732,-1.56003906294569e-05
0.409549267090063,0.244750892187808,-0.00530690628079403,-0.138504956775579,0.000854949019595893,-0.0858613031454607,0.000854496077448412,-0.278791186301119,-1.41737715545348e-05
0.412389552041149,0.244752232821411,-0.00534456657947688,-0.138506595289795,0.000861275054885724,-0.0858627749998804,0.0008608132331345,-0.278798936189323,-1.27065984694419e-05
0.415249534789915,0.244753585747861,-0.00538250427652738,-0.138508254242712,0.000867652733543013,-0.0858642650070314,0.000867181865813183,-0.278806785863959,-1.1197998133948e-05
0.418129351943512,0.244754950977786,-0.00542072157989756,-0.138509933857531,0.000874082558671422,-0.0858657733590235,0.000873602475711418,-0.278814736499444,-9.64708051497121e-06
0.421029141056481,0.244756328518161,-0.00545922071706694,-0.138511634359036,0.000880565039328427,-0.0858673002491337,0.000880075568967412,-0.278822789281014,-8.05293849896749e-06
0.423949040637325,0.244757718372172,-0.00549800393521495,-0.138513355973591,0.000887100690600731,-0.0858688458717884,0.00088660165770559,-0.278830945404742,-6.41464760001154e-06
0.426889190155123,0.244759120539088,-0.00553707350139383,-0.138515098929118,0.000893690033680299,-0.0858704104225428,0.000893181260112209,-0.278839206077546,-4.73126566448434e-06
0.429849730046193,0.244760535014119,-0.00557643170270219,-0.138516863455086,0.00090033359594122,-0.0858719940980608,0.00089981490051178,-0.2788475725172,-3.00183257126441e-06
0.432830801720801,0.244761961788274,-0.00561608084645903,-0.138518649782495,0.000907031911017252,-0.0858735970960933,0.000906503109444196,-0.278856045952342,-1.22536992816502e-06
0.435832547569911,0.244763400848219,-0.00565602326037828,-0.138520458143861,0.000913785518880075,-0.0858752196154556,0.000913246423742534,-0.278864627622473,5.9911923542405e-07
0.438855110971994,0.244764852176129,-0.00569626129274366,-0.138522288773194,0.000920594965918285,-0.0858768618560032,0.000920045386611636,-0.278873318777961,2.47265078039821e-06
0.441898636299867,0.244766315749536,-0.00573679731258402,-0.138524141905984,0.000927460805017077,-0.0858785240186076,0.00092690054770735,-0.278882120680034,4.39625977321362e-06
0.444963268927599,0.244767791541174,-0.00577763370984887,-0.138526017779182,0.000934383595638636,-0.0858802063051298,0.000933812463216508,-0.278891034600774,6.37100080581876e-06
0.448049155237445,0.244769279518822,-0.00581877289558437,-0.138527916631173,0.000941363903903236,-0.0858819089183937,0.000940781695937571,-0.278900061823105,8.3979483190208e-06
0.451156442626847,0.244770779645141,-0.00586021730210936,-0.138529838701763,0.000948402302671019,-0.0858836320621573,0.000947808815362014,-0.278909203640783,1.04781969305009e-05
0.454285279515466,0.24477229187751,-0.00590196938319172,-0.138531784232148,0.000955499371624443,-0.0858853759410836,0.000954894397756319,-0.278918461358371,1.26128617663618e-05
0.457435815352278,0.244773816167856,-0.0059440316142247,-0.138533753464898,0.00096265569735144,-0.0858871407607098,0.000962039026244714,-0.278927836291224,1.48030787970599e-05
0.46060820062271,0.244775352462481,-0.00598640649240344,-0.138535746643925,0.000969871873429192,-0.0858889267274152,0.000969243290892527,-0.278937329765457,1.70500051773076e-05
0.463802586855826,0.244776900701886,-0.00602909653690134,-0.138537764014462,0.000977148500508597,-0.0858907340483885,0.000976507788790234,-0.278946943117918,1.93548195900062e-05
0.467019126631568,0.244778460820592,-0.00607210428904662,-0.138539805823033,0.000984486186399387,-0.0858925629315925,0.000983833124138132,-0.278956677696152,2.171872259428e-05
0.470257973588042,0.244780032746951,-0.00611543231249839,-0.138541872317425,0.000991885546155832,-0.085894413585729,0.000991219908331625,-0.278966534858363,2.4142936977542e-05
0.473519282428857,0.244781616402966,-0.00615908319342288,-0.13854396374666,0.000999347202163103,-0.0858962862202011,0.000998668760047196,-0.27897651597337,2.66287081116673e-05
0.476803208930514,0.24478321170409,-0.00620305954066918,-0.138546080360958,0.00100687178422427,-0.0858981810450749,0.0010061803053289,-0.278986622420558,2.91773043130106e-05
0.480109909949849,0.244784818559035,-0.0062473639859449,-0.138548222411715,0.00101445992964784,-0.0859000982710391,0.00101375517767558,-0.278996855589827,3.17900172068647e-05
0.483439543431522,0.244786436869573,-0.00629199918399102,-0.138550390151458,0.0010221122833359,-0.0859020381093641,0.0010213940181285,-0.279007216881531,3.44681620953746e-05
0.486792268415562,0.244788066530328,-0.00633696781275678,-0.138552583833817,0.00102982949787287,-0.0859040007718585,0.00102909747535975,-0.279017707706419,3.72130783299757e-05
0.490168245044966,0.244789707428568,-0.00638227257357363,-0.13855480371349,0.00103761223361477,-0.085905986470825,0.001036866205761,-0.279028329485564,4.00261296874538e-05
0.493567634573345,0.244791359443997,-0.00642791619132879,-0.138557050046197,0.001045461158779,-0.0859079954190146,0.00104470087353292,-0.27903908365029,4.29087047500581e-05
0.496990599372628,0.244793022448531,-0.00647390141463801,-0.138559323088649,0.00105337694953474,-0.0859100278295784,0.00105260215077515,-0.279049971642094,4.5862217289791e-05
0.500437302940819,0.244794696306085,-0.00652023101601754,-0.138561623098502,0.00106136029009374,-0.0859120839160191,0.00106057071757664,-0.27906099491256,4.88881066560143e-05
0.503907909909802,0.24479638087234,-0.00656690779205533,-0.138563950334321,0.00106941187280168,-0.0859141638921401,0.00106860726210656,-0.279072154923271,5.19878381676497e-05
0.50740258605321,0.244798075994519,-0.00661393456358118,-0.138566305055528,0.00107753239822996,-0.085916267971993,0.00107671248070575,-0.279083453145709,5.51629035086959e-05
0.510921498294339,0.24479978151115,-0.00666131417583595,-0.138568687522364,0.00108572257526795,-0.0859183963698235,0.0010848870779784,-0.279094891061159,5.84148211275753e-05
0.514464814714125,0.244801497251829,-0.00670904949863948,-0.138571097995837,0.00109398312121568,-0.0859205493000159,0.00109313176688442,-0.279106470160592,6.17451366407146e-05
0.518032704559168,0.244803223036975,-0.0067571434265576,-0.138573536737679,0.00110231476187688,-0.0859227269770352,0.00110144726883199,-0.279118191944559,6.51554232391355e-05
0.52162533824982,0.244804958677584,-0.00680559887906752,-0.138576004010292,0.00111071823165251,-0.0859249296153681,0.00110983431377066,-0.279130057923063,6.8647282099224e-05
0.525242887388322,0.24480670397498,-0.00685441880072191,-0.138578500076697,0.00111919427363453,-0.0859271574294617,0.00111829364028465,-0.279142069615433,7.22223427970653e-05
0.528885524767003,0.244808458720552,-0.00690360616131157,-0.138581025200481,0.00112774363970009,-0.085929410633661,0.00112682599568662,-0.279154228550192,7.58822637258877e-05
0.532553424376533,0.244810222695498,-0.00695316395602648,-0.138583579645744,0.001136367090606,-0.0859316894421433,0.00113543213611166,-0.279166536264912,7.96287325176559e-05
0.536246761414231,0.244811995670558,-0.00700309520561497,-0.13858616367704,0.00114506539608347,-0.0859339940688523,0.00114411282661158,-0.279178994306065,8.34634664675787e-05
0.539965712292437,0.244813777405743,-0.00705340295654134,-0.138588777559319,0.00115383933493316,-0.0859363247274294,0.00115286884124949,-0.279191604228869,8.73882129622111e-05
0.543710454646936,0.244815567650063,-0.00710409028114135,-0.138591421557869,0.00116268969512041,-0.0859386816311427,0.0011617009631945,-0.279204367597124,9.14047499107618e-05
0.547481167345445,0.244817366141243,-0.00715516027777588,-0.138594095938249,0.00117161727387066,-0.0859410649928151,0.00117060998481678,-0.279217285983038,9.55148861797317e-05
0.551278030496154,0.244819172605442,-0.00720661607098223,-0.138596800966231,0.0011806228777651,-0.0859434750247493,0.00117959670778256,-0.27923036096705,9.9720462030467e-05
0.55510122545633,0.244820986756965,-0.00725846081162345,-0.138599536907731,0.00118970732283644,-0.0859459119386515,0.00118866194314949,-0.279243594137644,0.000104023349559945
0.558950934840979,0.244822808297964,-0.00731069767703503,-0.138602304028743,0.00119887143466471,-0.0859483759455528,0.00119780651146192,-0.279256987091151,0.000108425453144448
0.56282734253157,0.244824636918148,-0.0073633298711694,-0.138605102595267,0.00120811604847324,-0.0859508672557281,0.0012070312428463,-0.279270541431549,0.000112928709885968
0.566730633684818,0.244826472294472,-0.00741636062473758,-0.138607932873242,0.00121744200922468,-0.0859533860786139,0.00121633697710666,-0.279284258770248,0.000117535090061599
0.570660994741526,0.244828314090836,-0.00746979319534829,-0.13861079512847,0.00122685017171686,-0.0859559326227229,0.00122572456382002,-0.27929814072587,0.000122246597575412
0.574618613435493,0.244830161957767,-0.00752363086764425,-0.138613689626539,0.00123634140067888,-0.085958507095557,0.00123519486243174,-0.279312188924022,0.000127065270412841
0.578603678802477,0.244832015532107,-0.00757787695343537,-0.138616616632749,0.0012459165708669,-0.0859611097035178,0.00124474874235082,-0.279326404997055,0.000131993181097537
0.582616381189231,0.244833874436687,-0.00763253479182896,-0.138619576412033,0.00125557656715996,-0.0859637406518149,0.00125438708304508,-0.279340790583816,0.000137032437150658
0.586656912262587,0.244835738280002,-0.0076876077493568,-0.138622569228873,0.00126532228465558,-0.0859664001443727,0.00126411077413613,-0.279355347329396,0.000142185181551915
0.590725465018618,0.244837606655883,-0.00774309922009885,-0.138625595347219,0.00127515462876524,-0.0859690883837335,0.00127392071549419,-0.279370076884857,0.000147453593203117
0.594822233791852,0.244839479143154,-0.00779901262580332,-0.138628655030401,0.00128507451530954,-0.0859718055709594,0.00128381781733259,-0.279384980906962,0.000152839887393244
0.598947414264556,0.244841355305299,-0.0078553514160035,-0.138631748541045,0.00129508287061321,-0.0859745519055315,0.00129380300030204,-0.279400061057883,0.000158346316265615
0.603101203476082,0.244843234690114,-0.00791211906813048,-0.138634876140981,0.00130518063159967,-0.085977327585247,0.00130387719558448,-0.279415319004914,0.000163975169286179
0.607283799832281,0.244845116829355,-0.00796931908762248,-0.138638038091152,0.00131536874588537,-0.0859801328061131,0.00131404134498666,-0.279430756420154,0.000169728773713684
0.611495403114975,0.244847001238388,-0.00802695500802968,-0.138641234651519,0.0013256481718736,-0.0859829677622399,0.00132429640103309,-0.279446374980201,0.000175609495070783
0.615736214491506,0.244848887415827,-0.00808503039111544,-0.138644466080968,0.00133601987884794,-0.0859858326457292,0.00133464332705875,-0.279462176365817,0.000181619737616517
0.620006436524339,0.244850774843173,-0.00814354882695284,-0.138647732637208,0.00134648484706513,-0.0859887276465626,0.00134508309730107,-0.279478162261596,0.00018776194481944
0.624306273180741,0.244852662984443,-0.00820251393401705,-0.138651034576672,0.00135704406784747,-0.0859916529524855,0.00135561669699133,-0.279494334355613,0.000194038599831733
0.628635929842521,0.244854551285804,-0.0082619293592733,-0.138654372154417,0.00136769854367457,-0.0859946087488899,0.0013662451224456,-0.279510694339063,0.000200452225963571
0.632995613315842,0.244856439175189,-0.00832179877825988,-0.138657745624014,0.00137844928827448,-0.0859975952186937,0.00137696938115473,-0.279527243905896,0.00020700538715808
0.637385531841099,0.244858326061923,-0.00838212589516651,-0.138661155237446,0.00138929732671405,-0.0860006125422184,0.00138779049187381,-0.279543984752427,0.000213700688466462
0.641805895102865,0.244860211336332,-0.00844291444290795,-0.138664601244995,0.00140024369548866,-0.0860036608970637,0.00139870948471066,-0.279560918576949,0.000220540776522643
0.646256914239905,0.244862094369361,-0.00850416818319209,-0.138668083895131,0.00141128944261101,-0.0860067404579794,0.00140972740121356,-0.279578047079323,0.000227528340018185
0.650738801855265,0.244863974512172,-0.00856589090658334,-0.138671603434401,0.0014224356276991,-0.0860098513967352,0.00142084529445803,-0.279595371960566,0.00023466611017621
0.655251772026422,0.244865851095755,-0.00862808643256032,-0.13867516010731,0.00143368332206334,-0.0860129938819877,0.00143206422913259,-0.279612894922417,0.000241956861224954
0.659796040315516,0.244867723430523,-0.00869075860956825,-0.138678754156201,0.00144503360879255,-0.0860161680791448,0.00144338528162349,-0.279630617666896,0.000249403410869861
0.664371823779638,0.244869590805906,-0.00875391131506548,-0.13868238582114,0.00145648758283906,-0.0860193741502274,0.0014548095400984,-0.279648541895854,0.000257008620764998
0.668979340981204,0.244871452489945,-0.00881754845556474,-0.138686055339787,0.00146804635110267,-0.0860226122537288,0.00146633810458884,-0.279666669310504,0.000264775396982511
0.673618811998395,0.244873307728875,-0.00888167396666796,-0.138689762947274,0.00147971103251334,-0.0860258825444711,0.0014779720870714,-0.279685001610943,0.000272706690480476
0.678290458435663,0.244875155746716,-0.00894629181309545,-0.138693508876078,0.00149148275811294,-0.0860291851734591,0.00148971261154773,-0.279703540495659,0.000280805497568828
0.682994503434323,0.244876995744848,-0.00901140598870866,-0.138697293355887,0.00150336267113533,-0.086032520287732,0.00150156081412305,-0.27972228766103,0.000289074860372759
0.687731171683206,0.244878826901587,-0.00907702051652696,-0.138701116613473,0.0015153519270855,-0.0860358880302114,0.00151351784308331,-0.279741244800803,0.000297517867293651
0.692500689429393,0.244880648371764,-0.00914313944873762,-0.138704978872555,0.00152745169381698,-0.0860392885395482,0.00152558485897086,-0.279760413605566,0.000306137653467209
0.697303284489026,0.244882459286293,-0.00920976686669962,-0.13870888035366,0.00153966315160805,-0.0860427219499652,0.00153776303465846,-0.279779795762201,0.000314937401218129
0.70213918625818,0.244884258751739,-0.00927690688094053,-0.138712821273989,0.00155198749323614,-0.0860461883910981,0.00155005355542176,-0.279799392953332,0.000323920340511499
0.70700862572383,0.24488604584988,-0.00934456363114671,-0.138716801847272,0.00156442592405092,-0.086049687987834,0.00156245761900998,-0.279819206856748,0.000333089749400217
0.71191183547488,0.244887819637275,-0.00941274128614665,-0.138720822283626,0.00157697966204549,-0.0860532208601464,0.00157497643571485,-0.279839239144824,0.000342448954468402
0.716849049713269,0.244889579144819,-0.00948144404388703,-0.138724882789408,0.00158964993792595,-0.0860567871229283,0.0015876112284377,-0.279859491483917,0.000352001331270238
0.721820504265165,0.2448913233773,-0.00955067613140207,-0.138728983567069,0.0016024379951792,-0.0860603868858224,0.0016003632327546,-0.279879965533762,0.000361750304763958
0.726826436592224,0.244893051312957,-0.00962044180477503,-0.138733124815001,0.00161534509013873,-0.0860640202530487,0.0016132336969795,-0.279900662946838,0.000371699349740656
0.731867085802933,0.244894761903031,-0.00969074534909297,-0.138737306727389,0.00162837249204866,-0.0860676873232295,0.0016262238822253,-0.279921585367734,0.000381851991247809
0.736942692664033,0.244896454071312,-0.00976159107839359,-0.138741529494052,0.00164152148312564,-0.0860713881892121,0.00163933506246275,-0.27994273443249,0.000392211805006495
0.742053499612018,0.244898126713696,-0.0098329833356046,-0.138745793300287,0.00165479335861871,-0.0860751229378884,0.00165256852457714,-0.279964111767935,0.000402782417822656
0.747199750764715,0.244899778697724,-0.00990492649247556,-0.138750098326712,0.00166818942686708,-0.0860788916500124,0.00166592556842269,-0.279985718990999,0.000413567507991638
0.752381691932944,0.244901408862131,-0.00997742494950181,-0.138754444749106,0.00168171100935558,-0.086082694400015,0.00167940750687448,-0.28000755770802,0.000424570805695607
0.757599570632259,0.244903016016392,-0.0100504831358405,-0.138758832738242,0.00169535944076791,-0.0860865312558165,0.00169301566587802,-0.280029629514032,0.000435796093393601
0.762853636094773,0.244904598940264,-0.0101241055092189,-0.138763262459725,0.00170913606903758,-0.0860904022786359,0.00170675138449624,-0.280051935992039,0.000447247206203885
0.768144139281058,0.244906156383327,-0.0101982965558343,-0.138767734073824,0.00172304225539628,-0.086094307522799,0.00172061601495379,-0.280074478712278,0.000458928032277775
0.773471332892138,0.244907687064527,-0.0102730607902467,-0.138772247735304,0.00173707937441988,-0.0860982470355429,0.00173461092267882,-0.280097259231461,0.00047084251316519
0.778835471381553,0.24490918967172,-0.0103484027552615,-0.138776803593254,0.00175124881407185,-0.0861022208568186,0.00174873748634171,-0.280120279092011,0.000482994644170606
0.784236810967519,0.244910662861206,-0.0104243270218068,-0.138781401790915,0.001765551975744,-0.0861062290190914,0.00176299709789125,-0.280143539821278,0.000495388474700098
0.78967560964516,0.244912105257279,-0.0105008381887993,-0.138786042465503,0.00177999027429458,-0.0861102715471389,0.00177739116258766,-0.28016704293074,0.000508028108598055
0.795152127198837,0.244913515451759,-0.0105779408830041,-0.138790725748037,0.00179456513808348,-0.0861143484578463,0.00179192109903265,-0.280190789915194,0.000520917704473503
0.800666625214554,0.24491489200354,-0.0106556397588856,-0.138795451763156,0.00180927800900481,-0.08611845976,0.00180658833919647,-0.280214782251929,0.000534061476015868
0.806219367092452,0.24491623343813,-0.0107339394984491,-0.138800220628943,0.00182413034251637,-0.0861226054540786,0.0018213943284417,-0.28023902139989,0.000547463692299216
0.811810618059391,0.244917538247192,-0.0108128448110753,-0.138805032456742,0.00183912360766618,-0.0861267855320425,0.00183634052554376,-0.280263508798815,0.000561128678074771
0.817440645181619,0.24491880488809,-0.0108923604333454,-0.138809887350973,0.0018542592871161,-0.0861309999771202,0.00185142840270822,-0.280288245868378,0.000575060814051384
0.823109717377527,0.244920031783432,-0.0109724911288579,-0.13881478540895,0.00186953887716209,-0.0861352487635935,0.00186665944558458,-0.2803132340073,0.000589264537162945
0.828818105430497,0.244921217320621,-0.0110532416880374,-0.138819726720695,0.00188496388775161,-0.0861395318565805,0.00188203515327664,-0.280338474592452,0.000603744340823345
0.834566082001833,0.244922359851397,-0.0111346169279342,-0.138824711368747,0.00190053584249745,-0.0861438492118166,0.0018975570383492,-0.280363968977951,0.000618504775166895
0.840353921643785,0.244923457691391,-0.0112166216920161,-0.138829739427978,0.00191625627868847,-0.0861482007754334,0.00191322662683133,-0.280389718494232,0.000633550447275283
0.846181900812664,0.244924509119681,-0.0112992608499513,-0.138834810965399,0.00193212674729691,-0.0861525864837363,0.00192904545821567,-0.280415724447113,0.000648886021389766
0.852050297882047,0.244925512378339,-0.0113825392973831,-0.138839926039969,0.00194814881298223,-0.08615700626298,0.00194501508545411,-0.280441988116842,0.000664516219108055
0.857959393156072,0.244926465671995,-0.0114664619556962,-0.138845084702405,0.00196432405409153,-0.0861614600291424,0.00196113707494962,-0.280468510757138,0.00068044581956582
0.863909468882829,0.244927367167397,-0.0115510337717742,-0.138850286994987,0.00198065406265629,-0.0861659476876968,0.00197741300654398,-0.280495293594211,0.00069667965960217
0.86990080926784,0.244928214992973,-0.01163625971775,-0.138855532951362,0.00199714044438567,-0.086170469133383,0.00199384447350172,-0.280522337825772,0.000713222633908175
0.875933700487633,0.244929007238401,-0.0117221447907468,-0.138860822596351,0.00201378481865598,-0.0861750242499765,0.00201043308248984,-0.280549644620036,0.000730079695158758
0.882008430703416,0.244929741954178,-0.011808694012611,-0.138866155945751,0.00203058881849658,-0.0861796129100562,0.00202718045355336,-0.280577215114703,0.000747255854126494
0.888125290074835,0.244930417151197,-0.0118959124296382,-0.13887153300614,0.00204755409057181,-0.0861842349747715,0.00204408822008685,-0.280605050415932,0.000764756179777865
0.894284570773836,0.244931030800328,-0.0119838051122901,-0.138876953774677,0.00206468229515932,-0.086188890293608,0.00206115802880148,-0.280633151597309,0.000782585799350519
0.900486566998624,0.244931580831997,-0.0120723771549037,-0.138882418238905,0.0020819751061243,-0.086193578704151,0.00207839153968778,-0.280661519698789,0.000800749898411349
0.906731574987708,0.244932065135783,-0.0121616336753935,-0.138887926376552,0.00209943421089005,-0.0861983000318498,0.00209579042597412,-0.280690155725642,0.000819253720895433
0.913019893034057,0.244932481560004,-0.0122515798149451,-0.138893478155335,0.00211706131040424,-0.0862030540897799,0.00211335637408051,-0.280719060647378,0.000838102569124283
0.919351821499347,0.244932827911321,-0.0123422207377019,-0.138899073532755,0.00213485811910147,-0.0862078406784042,0.0021310910835681,-0.280748235396667,0.000857301803803959
0.925727662828307,0.244933101954341,-0.0124335616304447,-0.138904712455904,0.00215282636486164,-0.0862126595853346,0.00214899626708396,-0.280777680868247,0.000876856844001919
0.932147721563161,0.244933301411231,-0.0125256077022636,-0.138910394861259,0.00217096778896423,-0.0862175105850916,0.00216707365030126,-0.280807397917818,0.000896773167101933
0.938612304358183,0.244933423961328,-0.0126183641842228,-0.13891612067449,0.00218928414603846,-0.0862223934388647,0.00218532497185479,-0.280837387360938,0.000917056308737604
0.945121719994339,0.244933467240769,-0.0127118363290195,-0.138921889810254,0.00220777720400929,-0.0862273078942712,0.00220375198327175,-0.280867649971898,0.000937711862702403
0.951676279394036,0.244933428842115,-0.0128060294106353,-0.138927702172002,0.00222644874403935,-0.0862322536851156,0.00222235644889776,-0.280898186482593,0.000958745480837658
0.958276295635973,0.24493330631399,-0.0129009487239814,-0.138933557651775,0.00224530056046644,-0.0862372305311481,0.00224114014581803,-0.280928997581389,0.00098016287289629
0.964922083970099,0.244933097160726,-0.0129965995845377,-0.13893945613001,0.00226433446073694,-0.0862422381378241,0.00226010486377364,-0.280960083911976,0.00100196980638247
0.971613961832666,0.244932798842005,-0.0130929873279862,-0.13894539747534,0.002283552265335,-0.0862472761960619,0.00227925240507306,-0.28099144607222,0.00102417210636753
0.978352248861393,0.244932408772528,-0.013190117309838,-0.138951381544402,0.00230295580770727,-0.0862523443820028,0.00229858458449855,-0.281023084613,0.00104677565528019
0.985137266910738,0.244931924321672,-0.0132879949050553,-0.138957408181634,0.00232254693418358,-0.0862574423567696,0.00231810322920775,-0.281055000037052,0.00106978639267194
0.991969340067262,0.244931342813165,-0.0133866255076682,-0.138963477219087,0.00234232750389314,-0.0862625697662265,0.00233781017863018,-0.281087192797792,0.00109321031495627
0.998848794665118,0.24493066152477,-0.0134860145303862,-0.138969588476225,0.00236229938867647,-0.0862677262407396,0.0023577072843588,-0.281119663298149,0.00111705347512195
1.00577595930163,0.24492987768797,-0.0135861674042053,-0.138975741759739,0.00238246447299313,-0.0862729113949369,0.00237779641003643,-0.281152411889384,0.00114132198241947
1.01275116485301,0.244928988487667,-0.0136870895780107,-0.138981936863352,0.00240282465382497,-0.0862781248274712,0.00239807943123722,-0.281185438869909,0.00116602200202044
1.01977474449012,0.244927991061892,-0.0137887865181752,-0.13898817356763,0.00242338184057523,-0.0862833661207815,0.00241855823534306,-0.281218744484102,0.00119115975464998
1.02684703369442,0.244926882501514,-0.013891263708154,-0.138994451639793,0.00244413795496326,-0.0862886348408572,0.00243923472141473,-0.281252328921121,0.00121674151619061
1.033968370274,0.244925659849965,-0.0139945266480762,-0.139000770833532,0.00246509493091499,-0.0862939305370027,0.00246011080005826,-0.281286192313717,0.0012427736172585
1.04113909437969,0.244924320102977,-0.0140985808543327,-0.139007130888821,0.00248625471444906,-0.0862992527416038,0.0024811883932859,-0.281320334737043,0.00126926244275108
1.0483595485213,0.244922860208318,-0.0142034318591619,-0.139013531531737,0.00250761926355888,-0.086304600969895,0.00250246943437224,-0.281354756207466,0.00129621443136564
1.05563007758401,0.244921277065547,-0.0143090852102324,-0.139019972474278,0.00252919054809021,-0.0863099747197285,0.00252395586770515,-0.281389456681375,0.00132363607508923
1.06295102884484,0.244919567525773,-0.0144155464702243,-0.139026453414186,0.00255097054961485,-0.0863153734713457,0.00254564964863164,-0.281424436054,0.00135153391865842
1.07032275198921,0.244917728391422,-0.014522821216408,-0.139032974034773,0.00257296126129988,-0.0863207966871496,0.00256755274329873,-0.281459694158222,0.0013799145589902
1.07774559912768,0.244915756416022,-0.0146309150402222,-0.139039534004746,0.00259516468777301,-0.0863262438114795,0.00258966712848924,-0.281495230763392,0.00140878464458201
1.08521992481272,0.244913648303986,-0.0147398335468512,-0.139046132978034,0.00261758284498368,-0.0863317142703883,0.00261199479145261,-0.281531045574152,0.00143815087488239
1.0927460860557,0.244911400710415,-0.0148495823548008,-0.139052770593628,0.0026402177600603,-0.0863372074714215,0.00263453772973075,-0.281567138229263,0.00146801999963062
1.1003244423439,0.2449090102409,-0.0149601670954745,-0.139059446475409,0.00266307147116332,-0.0863427228033993,0.00265729795097885,-0.281603508300434,0.00149839881816613
1.10795535565772,0.244906473451349,-0.0150715934127506,-0.139066160231991,0.00268614602733457,-0.0863482596362002,0.00268027747278146,-0.281640155291161,0.00152929417870681
1.11563919048792,0.244903786847803,-0.0151838669625583,-0.139072911456561,0.00270944348834259,-0.086353817320549,0.00270347832246354,-0.281677078635574,0.00156071297759686
1.12337631385307,0.244900946886282,-0.015296993412457,-0.139079699726724,0.00273296592452427,-0.0863593951878058,0.00272690253689681,-0.281714277697284,0.00159266215852318
1.13116709531708,0.244897949972629,-0.015410978441215,-0.139086524604352,0.00275671541662272,-0.0863649925497596,0.00275055216230133,-0.281751751768254,0.00162514871170072
1.13901190700682,0.244894792462362,-0.0155258277383917,-0.139093385635437,0.00278069405562148,-0.086370608698424,0.0027744292540423,-0.281789500067662,0.00165817967302712
1.14691112362992,0.244891470660546,-0.015641547003921,-0.139100282349944,0.00280490394257519,-0.0863762429058366,0.00279853587642232,-0.281827521740791,0.00169176212320535
1.15486512249268,0.244887980821665,-0.0157581419476986,-0.139107214261677,0.00282934718843683,-0.0863818944238622,0.00282287410246906,-0.281865815857917,0.00172590318683594
1.16287428351806,0.244884319149505,-0.0158756182891713,-0.139114180868134,0.00285402591388146,-0.0863875624839989,0.00284744601371835,-0.281904381413224,0.00176061003147709
1.17093898926384,0.244880481797052,-0.0159939817569305,-0.139121181650384,0.00287894224912676,-0.086393246297188,0.00287225369999305,-0.281943217323718,0.00179588986667498
1.1790596249409,0.24487646486639,-0.0161132380883102,-0.139128216072931,0.00290409833375033,-0.0863989450536286,0.00289729925917737,-0.281982322428166,0.00183174994296148
1.18723657843162,0.244872264408615,-0.0162333930289888,-0.139135283583598,0.00292949631650395,-0.086404657922595,0.00292258479698712,-0.282021695486048,0.00186819755082204
1.19547024030838,0.244867876423758,-0.0163544523325958,-0.139142383613403,0.0029551383551248,-0.0864103840522591,0.00294811242673568,-0.282061335176525,0.00190524001963233
1.20376100385228,0.244863296860708,-0.0164764217603246,-0.139149515576446,0.00298102661614392,-0.0864161225695168,0.00297388426909606,-0.282101240097424,0.00194288471656442
1.21210926507183,0.244858521617155,-0.0165993070805503,-0.139156678869801,0.00300716327469177,-0.0864218725798182,0.00299990245185894,-0.282141408764241,0.00198113904546243
1.22051542272196,0.244853546539534,-0.016723114068454,-0.13916387287341,0.00303355051430133,-0.0864276331670036,0.00302616910968681,-0.282181839609172,0.0020200104456882
1.22897987832301,0.244848367422977,-0.0168478485056544,-0.139171096949983,0.00306019052670869,-0.0864334033931427,0.00305268638386461,-0.28222253098015,0.00205950639093694
1.23750303617991,0.244842980011275,-0.0169735161798451,-0.139178350444903,0.0030870855116512,-0.0864391822983798,0.00307945642204654,-0.282263481139917,0.00209963438802355
1.24608530340153,0.244837379996848,-0.0171001228844403,-0.139185632686139,0.00311423767666343,-0.0864449689007827,0.00310648137799949,-0.282304688265111,0.00214040197563947
1.25472708992008,0.244831563020716,-0.0172276744182285,-0.139192942984159,0.00314164923687121,-0.0864507621961975,0.00313376341134323,-0.282346150445382,0.0021818167230814
1.26342880851072,0.244825524672487,-0.0173561765850343,-0.139200280631852,0.00316932241478352,-0.0864565611581085,0.00316130468728723,-0.282387865682529,0.00222388622895039
1.27219087481126,0.244819260490343,-0.017485635193388,-0.139207644904454,0.00319725944008281,-0.0864623647375021,0.00318910737636449,-0.282429831889663,0.00226661811982498
1.28101370734203,0.244812765961031,-0.0176160560562059,-0.139215035059484,0.00322546254941358,-0.0864681718627378,0.00321717365416248,-0.282472046890402,0.00231002004890485
1.28989772752585,0.244806036519869,-0.0177474449904789,-0.139222450336674,0.00325393398616955,-0.0864739814394233,0.00324550570105122,-0.282514508418084,0.00235409969462913
1.29884335970818,0.244799067550749,-0.017879807816971,-0.13922988995792,0.00328267600027963,-0.0864797923502952,0.00327410570190885,-0.282557214115022,0.00239886475926818
1.30785103117738,0.244791854386145,-0.0180131503599281,-0.139237353127229,0.00331169084799257,-0.0864856034551063,0.00330297584584463,-0.282600161531773,0.00244432296748925
1.31692117218509,0.244784392307129,-0.0181474784467979,-0.139244839030671,0.00334098079166097,-0.0864914135905171,0.00333211832591974,-0.282643348126454,0.0024904820648978
1.32605421596686,0.24477667654339,-0.0182827979079595,-0.139252346836344,0.00337054809952416,-0.0864972215699946,0.00336153533886586,-0.282686771264079,0.00253734981655396
1.33525059876274,0.244768702273256,-0.0184191145764649,-0.13925987569434,0.00340039504549091,-0.0865030261837156,0.00339122908480185,-0.282730428215933,0.00258493400546631
1.34451075983821,0.244760464623716,-0.0185564342877918,-0.139267424736716,0.0034305239089213,-0.0865088261984766,0.00342120176694859,-0.282774316158976,0.00263324243106169
1.3538351415051,0.244751958670449,-0.0186947628796079,-0.139274993077476,0.00346093697440877,-0.0865146203576098,0.00345145559134231,-0.282818432175288,0.00268228290763481
1.36322418914273,0.244743179437853,-0.0188341061915477,-0.139282579812554,0.00349163653156192,-0.0865204073809045,0.00348199276654633,-0.282862773251542,0.00273206326277486
1.37267835121923,0.244734121899073,-0.0189744700650011,-0.139290184019808,0.0035226248747865,-0.0865261859645353,0.0035128155033617,-0.282907336278522,0.00278259133577341
1.38219807931287,0.244724780976034,-0.0191158603429143,-0.139297804759015,0.00355390430306791,-0.0865319547809961,0.00354392601453674,-0.282952118050669,0.0028338749760124
1.39178382813373,0.244715151539471,-0.0192582828696042,-0.139305441071875,0.0035854771197541,-0.0865377124790399,0.00357532651447568,-0.282997115265669,0.00288592204133414
1.40143605554534,0.24470522840896,-0.019401743490585,-0.139313091982024,0.00361734563233932,-0.0865434576836258,0.00360701921894667,-0.283042324524086,0.00293874039639372
1.4111552225866,0.244695006352947,-0.019546248052408,-0.139320756495049,0.0036495121522489,-0.086549188995871,0.00363900634478935,-0.283087742329023,0.00299233791099568
1.42094179349378,0.244684480088775,-0.0196918024025147,-0.139328433598507,0.00368197899462502,-0.08655490499301,0.003671290109622,-0.283133365085834,0.00304672245841467
1.43079623572268,0.244673644282712,-0.0198384123891033,-0.139336122261959,0.00371474847811415,-0.0865606042283599,0.00370387273154882,-0.283179189101868,0.00310190191370341
1.440719019971,0.244662493549971,-0.0199860838610088,-0.139343821437005,0.00374782292465585,-0.0865662852312916,0.00373675642886722,-0.283225210586263,0.00315788415198628
1.45071062020079,0.24465102245473,-0.0201348226675962,-0.139351530057322,0.00378120465927344,-0.0865719465072076,0.00376994341977542,-0.28327142564978,0.00321467704674241
1.46077151366109,0.244639225510148,-0.0202846346586678,-0.139359247038712,0.00381489600986685,-0.0865775865375261,0.00380343592208068,-0.283317830304676,0.00327228846807748
1.47090218091073,0.244627097178372,-0.0204355256843836,-0.13936697127916,0.00384889930700736,-0.086583203779671,0.00383723615290823,-0.283364420464624,0.00333072628098666
1.48110310584131,0.244614631870543,-0.0205875015951965,-0.13937470165889,0.00388321688373527,-0.0865887966670687,0.00387134632841118,-0.283411191944681,0.00338999834360945
1.49137477570027,0.244601823946794,-0.0207405682417995,-0.139382437040433,0.00391785107535976,-0.086594363609151,0.00390576866348153,-0.283458140461294,0.00345011250547794
1.50171768111418,0.244588667716238,-0.0208947314750881,-0.139390176268698,0.00395280421926188,-0.0865999029913633,0.00394050537146269,-0.283505261632354,0.00351107660575956
1.5121323161122,0.244575157436955,-0.0210499971461354,-0.139397918171053,0.00398807865470071,-0.0866054131751804,0.00397555866386345,-0.2835525509773,0.00357289847149589
1.52261917814963,0.244561287315965,-0.021206371106181,-0.139405661557406,0.00402367672262255,-0.086610892498127,0.00401093075007381,-0.283600003917261,0.0036355859158391
1.53317876813171,0.24454705150919,-0.0213638592066329,-0.139413405220296,0.00405960076547393,-0.0866163392738054,0.00404662383708284,-0.283647615775251,0.00369914673628688
1.54381159043753,0.244532444121415,-0.0215224672990832,-0.139421147934991,0.00409585312701815,-0.086621751791928,0.00408264012919873,-0.283695381776407,0.00376358871291796
1.55451815294413,0.24451745920623,-0.0216822012353366,-0.139428888459587,0.00413243615215586,-0.0866271283183569,0.00411898182777119,-0.283743297048278,0.00382891960662879
1.56529896705074,0.244502090765962,-0.0218430668674516,-0.139436625535118,0.00416935218674984,-0.086632467095148,0.00415565113091664,-0.283791356621158,0.0038951471573741
1.57615454770323,0.2444863327516,-0.0220050700477943,-0.139444357885666,0.004206603577454,-0.0866377663406021,0.00419265023324607,-0.283839555428466,0.00396227908241159
1.58708541341869,0.244470179062701,-0.0221682166291056,-0.139452084218481,0.00424419267154715,-0.0866430242493204,0.00422998132559605,-0.283887888307175,0.00403032307455295
1.5980920863102,0.244453623547286,-0.0223325124645785,-0.139459803224104,0.00428212181677143,-0.0866482389922663,0.00426764659476289,-0.283936349998291,0.0040992868004226
1.60917509211179,0.24443666000172,-0.0224979634079494,-0.139467513576499,0.00432039336117574,-0.0866534087168325,0.00430564822324031,-0.283984935147372,0.00416917789872545
1.62033496020352,0.244419282170581,-0.0226645753135994,-0.13947521393318,0.00435900965296445,-0.0866585315469129,0.00434398838896069,-0.284033638305106,0.00424000397852617
1.63157222363676,0.244401483746507,-0.0228323540366674,-0.139482902935355,0.00439797304035136,-0.0866636055829799,0.00438266926504019,-0.284082453927923,0.00431177261753946
1.64288741915971,0.244383258370031,-0.0230013054331734,-0.139490579208072,0.00443728587141941,-0.0866686289021671,0.00442169301952776,-0.284131376378666,0.00438449136043537
1.65428108724297,0.244364599629399,-0.0231714353601526,-0.139498241360357,0.00447695049398596,-0.086673599558356,0.00446106181515851,-0.2841803999273,0.00445816771715959
1.6657537721054,0.244345501060367,-0.023342749675799,-0.13950588798538,0.00451696925547426,-0.0866785155822678,0.00450077780911137,-0.284229518751678,0.00453280916127075
1.67730602174008,0.244325956145987,-0.0235152542396188,-0.1395135176606,0.0045573445027909,-0.0866833749815601,0.00454084315277123,-0.28427872693834,0.00460842312829626
1.68893838794052,0.24430595831636,-0.0236889549125918,-0.139521128947935,0.00459807858220968,-0.0866881757409275,0.004581259991496,-0.284328018483371,0.00468501701410848
1.70065142632699,0.244285500948387,-0.0238638575573422,-0.139528720393921,0.00463917383926194,-0.0866929158222059,0.00462203046438831,-0.284377387293295,0.00476259817332228
1.71244569637308,0.244264577365485,-0.0240399680383163,-0.139536290529885,0.0046806326186336,-0.0866975931644823,0.00466315670407246,-0.284426827186021,0.00484117391771624
1.72432176143241,0.244243180837291,-0.0242172922219679,-0.139543837872115,0.00472245726406893,-0.0867022056842065,0.00470464083647645,-0.284476331891829,0.00492075151467794
1.73628018876552,0.244221304579339,-0.0243958359769504,-0.139551360922036,0.00476465011828158,-0.0867067512753081,0.00474648498061947,-0.284525895054403,0.00500133818567666
1.74832154956701,0.244198941752719,-0.024575605174314,-0.139558858166391,0.00480721352287249,-0.0867112278093157,0.00478869124840478,-0.284575510231904,0.00508294110476284
1.7604464189928,0.244176085463707,-0.0247566056877092,-0.139566328077419,0.00485014981825525,-0.0867156331354798,0.00483126174441829,-0.284625170898088,0.00516556739709748
1.77265537618758,0.244152728763381,-0.0249388433935944,-0.139573769113044,0.00489346134358887,-0.0867199650808989,0.00487419856573289,-0.284674870443465,0.00524922413751205
1.78494900431252,0.244128864647206,-0.0251223241714475,-0.13958117971706,0.00493715043671818,-0.0867242214506476,0.00491750380171866,-0.284724602176501,0.00533391834910113
1.79732789057308,0.244104486054596,-0.0253070539039807,-0.139588558319319,0.00498121943412196,-0.086728400027908,0.00496117953385906,-0.284774359324854,0.0054196570018484
1.80979262624709,0.244079585868451,-0.0254930384773574,-0.139595903335926,0.0050256706708688,-0.0867324985741028,0.00500522783557331,-0.284824135036657,0.00550644701128761
1.82234380671297,0.244054156914671,-0.0256802837814113,-0.13960321316943,0.00507050648058109,-0.0867365148290309,0.00504965077204486,-0.284873922381833,0.00559429523720087
1.83498203147818,0.244028191961642,-0.0258687957098662,-0.139610486209019,0.00511572919540697,-0.0867404465110046,0.00509445040005628,-0.28492371435345,0.00568320848235407
1.84770790420785,0.244001683719697,-0.0260585801605554,-0.139617720830717,0.00516134114600051,-0.0867442913169878,0.00513962876783043,-0.28497350386911,0.00577319349127162
1.86052203275364,0.243974624840546,-0.0262496430356406,-0.13962491539758,0.00520734466151015,-0.0867480469227369,0.00518518791487821,-0.285023283772375,0.00586425694905232
1.87342502918271,0.243947007916688,-0.0264419902418294,-0.139632068259898,0.00525374206957552,-0.0867517109829411,0.00523112987185269,-0.285073046834224,0.00595640548022633
1.88641750980704,0.243918825480784,-0.0266356276905899,-0.139639177755388,0.00530053569633268,-0.0867552811313645,0.00527745666040995,-0.285122785754545,0.00604964564765545
1.89950009521279,0.243890070005013,-0.0268305612983622,-0.139646242209396,0.005347727866428,-0.0867587549809885,0.00532417029307651,-0.285172493163656,0.00614398395147772
1.91267341029,0.243860733900394,-0.027026796986765,-0.139653259935097,0.00539532090304039,-0.0867621301241543,0.00537127277312343,-0.285222161623852,0.00623942682809719
1.92593808426241,0.243830809516077,-0.027224340682798,-0.139660229233692,0.00544331712791244,-0.0867654041327051,0.00541876609444706,-0.285271783630992,0.00633598064921986
1.93929475071751,0.243800289138616,-0.0274231983190371,-0.139667148394606,0.00549171886139011,-0.0867685745581288,0.00546665224145666,-0.285321351616097,0.00643365172093774
1.95274404763682,0.243769164991201,-0.0276233758338231,-0.139674015695688,0.00554052842247117,-0.0867716389316994,0.00551493318896855,-0.285370857946987,0.00653244628286098
1.96628661742637,0.243737429232866,-0.0278248791714422,-0.139680829403405,0.00558974812886246,-0.0867745947646174,0.00556361090210716,-0.28542029492993,0.00663237050729915
1.97992310694735,0.243705073957673,-0.0280277142822975,-0.139687587773036,0.0056393802970459,-0.0867774395481499,0.00561268733621275,-0.285469654811325,0.00673343049849359
1.99365416754703,0.243672091193856,-0.0282318871230702,-0.139694289048867,0.00568942724235337,-0.0867801707537685,0.00566216443675579,-0.285518929779393,0.00683563229190054
2.00748045508988,0.243638472902943,-0.0284374036568707,-0.139700931464386,0.00573989127905034,-0.0867827858332856,0.00571204413925801,-0.285568111965899,0.00693898185352579
2.0214026299889,0.243604210978848,-0.0286442698533764,-0.139707513242463,0.00579077472042836,-0.0867852822189887,0.00576232836922026,-0.285617193447882,0.00704348507931324
2.03542135723711,0.243569297246932,-0.0288524916889578,-0.139714032595547,0.00584207987890641,-0.0867876573237733,0.00581301904205665,-0.285666166249404,0.0071491477945855
2.0495373064394,0.243533723463029,-0.0290620751467896,-0.139720487725843,0.0058938090661409,-0.0867899085412713,0.00586411806303547,-0.285715022343314,0.00725597575353942
2.06375115184445,0.243497481312455,-0.0292730262169478,-0.139726876825494,0.00594596459314463,-0.0867920332459784,0.00591562732722645,-0.285763753653022,0.00736397463879604
2.07806357237695,0.243460562408975,-0.0294853508964898,-0.139733198076762,0.00599854877041426,-0.0867940287933777,0.00596754871945437,-0.285812352054282,0.0074731500610051
2.09247525167004,0.243422958293745,-0.0296990551895181,-0.139739449652198,0.00605156390806673,-0.0867958925200592,0.00601988411425905,-0.28586080937699,0.0075835075585062
2.10698687809795,0.243384660434228,-0.0299141451072258,-0.139745629714813,0.00610501231598399,-0.086797621743837,0.00607263537586139,-0.285909117406979,0.00769505259704434
2.12159914480891,0.243345660223075,-0.0301306266679232,-0.139751736418245,0.0061588963039666,-0.0867992137638611,0.00612580435813552,-0.285957267887827,0.00780779056954312
2.1363127497582,0.24330594897698,-0.0303485058970436,-0.139757767906918,0.00621321818189567,-0.0868006658607259,0.00617939290458693,-0.286005252522662,0.0079217267959332
2.15112839574156,0.243265517935505,-0.0305677888271295,-0.139763722316202,0.00626798025990319,-0.0868019752965739,0.00623340284833639,-0.286053062975973,0.00803686652303864
2.1660467904287,0.243224358259874,-0.0307884814977948,-0.139769597772559,0.00632318484855089,-0.0868031393151941,0.00628783601210946,-0.286100690875416,0.00815321492451881
2.18106864639712,0.243182461031744,-0.0310105899556652,-0.139775392393694,0.00637883425901699,-0.0868041551421166,0.00634269420823162,-0.286148127813621,0.0082707771008679
2.19619468116618,0.243139817251945,-0.0312341202542944,-0.139781104288693,0.00643493080329153,-0.0868050199847003,0.00639797923862866,-0.286195365349991,0.00838955807947098
2.21142561723131,0.243096417839186,-0.0314590784540541,-0.139786731558159,0.0064914767943793,-0.086805731032216,0.00645369289483225,-0.286242395012494,0.00850956281471676
2.22676218209858,0.243052253628742,-0.0316854706219992,-0.139792272294336,0.00654847454651094,-0.0868062854559239,0.00650983695799058,-0.286289208299456,0.00863079618816706
2.24220510831939,0.243007315371111,-0.0319133028317049,-0.139797724581239,0.00660592637536168,-0.086806680409144,0.00656641319888372,-0.286335796681328,0.00875326300878268
2.25775513352553,0.242961593730642,-0.0321425811630763,-0.13980308649476,0.00666383459827777,-0.0868069130273209,0.00662342337794357,-0.286382151602456,0.00887696801320517
2.27341300046436,0.242915079284135,-0.0323733117021281,-0.139808356102784,0.00672220153451039,-0.0868069804280823,0.00668086924527821,-0.286428264482824,0.00900191586609442
2.28917945703428,0.24286776251942,-0.0326055005407356,-0.139813531465286,0.00678102950545687,-0.0868068797112896,0.00673875254070049,-0.286474126719797,0.00912811116052203
2.30505525632052,0.242819633833909,-0.0328391537763527,-0.139818610634426,0.0068403208349091,-0.0868066079590828,0.00679707499376043,-0.286519729689827,0.00925555841841905
2.32104115663104,0.242770683533115,-0.0330742775117001,-0.139823591654631,0.00690007784930903,-0.0868061622359174,0.00685583832378139,-0.286565064750156,0.00938426209107812
2.33713792153279,0.242720901829161,-0.0333108778544188,-0.139828472562682,0.0069603028780108,-0.0868055395885936,0.00691504423989965,-0.28661012324049,0.00951422655970974
2.35334631988814,0.242670278839247,-0.0335489609166907,-0.139833251387775,0.00702099825354979,-0.0868047370462788,0.00697469444110725,-0.28665489648465,0.00964545613605139
2.36966712589169,0.24261880458411,-0.0337885328148242,-0.139837926151585,0.00708216631191799,-0.0868037516205217,0.00703479061629775,-0.286699375792202,0.00977795506302911
2.38610111910714,0.24256646898645,-0.034029599668804,-0.139842494868321,0.00714380939284566,-0.0868025803052579,0.00709533444431456,-0.286743552460054,0.00991172751547062
2.40264908450462,0.242513261869337,-0.0342721676018047,-0.139846955544768,0.00720592984008907,-0.0868012200768082,0.0071563275940018,-0.286787417774035,0.0100467776008694
2.41931181249812,0.242459172954596,-0.0345162427396664,-0.139851306180321,0.00726853000172416,-0.0867996678938682,0.00721777172425714,-0.286830963010432,0.0101831093601981
2.43609009898327,0.242404191861169,-0.0347618312103325,-0.139855544767013,0.00733161223044582,-0.0867979206974887,0.00727966848408657,-0.286874179437503,0.0103207267687723
2.45298474537537,0.242348308103463,-0.0350089391432481,-0.139859669289529,0.00739517888387262,-0.0867959754110486,0.00734201951266058,-0.286917058316959,0.0104596337371597
2.46999655864764,0.242291511089668,-0.0352575726687183,-0.139863677725212,0.0074592323248568,-0.0867938289402179,0.00740482643937162,-0.286959590905402,0.0105998341121392
2.48712635136979,0.242233790120062,-0.0355077379172261,-0.13986756804406,0.00752377492179922,-0.0867914781729123,0.0074680908838924,-0.287001768455736,0.0107413316777031
2.50437494174681,0.242175134385298,-0.0357594410187084,-0.139871338208716,0.00758880904896904,-0.0867889199792384,0.00753181445623491,-0.287043582218536,0.0108841301561057
2.52174315365806,0.242115532964668,-0.0360126881017893,-0.139874986174436,0.00765433708682807,-0.0867861512114299,0.00759599875680947,-0.287085023443378,0.011028233208954
2.53923181669665,0.242054974824358,-0.0362674852929709,-0.139878509889063,0.00772036142235928,-0.0867831687037744,0.00766064537648399,-0.287126083380129,0.0111736444383418
2.55684176620901,0.241993448815676,-0.0365238387157794,-0.139881907292976,0.00778688444939931,-0.0867799692725305,0.0077257558966426,-0.287166753280194,0.0113203673880233
2.57457384333485,0.241930943673279,-0.0367817544898672,-0.139885176319041,0.00785390856897502,-0.0867765497158359,0.00779133188924379,-0.287207024397723,0.0114684055446272
2.59242889504728,0.241867448013366,-0.0370412387300692,-0.139888314892535,0.00792143618964329,-0.0867729068136056,0.00785737491687724,-0.287246887990771,0.0116177623389084
2.61040777419332,0.241802950331877,-0.0373022975454127,-0.139891320931078,0.00798946972783432,-0.08676903732742,0.0079238865328194,-0.287286335322409,0.0117684411470367
2.6285113395346,0.241737439002665,-0.0375649370380814,-0.139894192344539,0.00805801160819792,-0.0867649380004045,0.00799086828108733,-0.287325357661796,0.0119204452919204
2.64674045578839,0.241670902275663,-0.0378291633023305,-0.139896927034935,0.00812706426395242,-0.0867606055570978,0.0080583216964903,-0.287363946285197,0.0120737780445636
2.6650959936689,0.241603328275034,-0.038094982423355,-0.139899522896325,0.00819663013723641,-0.0867560367033119,0.00812624830467913,-0.287402092476953,0.0122284426254562
2.68357882992886,0.241534704997316,-0.0383624004761086,-0.139901977814681,0.00826671167946237,-0.0867512281259808,0.00819464962219251,-0.287439787530402,0.0123844422059941
2.70218984740145,0.241465020309555,-0.0386314235240725,-0.139904289667756,0.00833731135167255,-0.0867461764930008,0.00826352715650035,-0.28747702274875,0.0125417799099283
2.72092993504239,0.241394261947426,-0.0389020576179754,-0.139906456324938,0.00840843162489639,-0.0867408784530598,0.00833288240604349,-0.287513789445886,0.0127004588148423
2.73979998797246,0.241322417513353,-0.0391743087944618,-0.139908475647091,0.00848007498050953,-0.0867353306354572,0.00840271686026955,-0.28755007894715,0.0128604819536543
2.75880090752022,0.241249474474618,-0.0394481830747093,-0.139910345486385,0.00855224391059381,-0.0867295296499145,0.00847303199966458,-0.287585882590041,0.013021852316144
2.77793360126509,0.241175420161458,-0.0397236864629944,-0.139912063686111,0.00862494091829837,-0.0867234720863748,0.00854382929578009,-0.287621191724878,0.0131845728505021
2.79719898308069,0.241100241765174,-0.0400008249452056,-0.139913628080492,0.00869816851820121,-0.0867171545147942,0.00861511021125511,-0.287655997715399,0.0133486464649004
2.81659797317847,0.241023926336212,-0.0402796044873032,-0.139915036494472,0.00877192923667121,-0.0867105734849221,0.00868687619983291,-0.28769029193931,0.0135140760290807
2.83613149815172,0.240946460782266,-0.0405600310337264,-0.139916286743499,0.00884622561223018,-0.0867037255260725,0.00875912870637211,-0.287724065788774,0.0136808643759618
2.85580049101974,0.240867831866355,-0.040842110505746,-0.139917376633291,0.00892106019591471,-0.0866966071468856,0.00883186916685166,-0.287757310670847,0.0138490143032612
2.87560589127251,0.240788026204918,-0.0411258487997623,-0.139918303959597,0.00899643555163761,-0.0866892148350802,0.00890509900836949,-0.287790018007852,0.0140185285751318
2.89554864491548,0.240707030265898,-0.0414112517855485,-0.13991906650794,0.00907235425654859,-0.0866815450571959,0.00897881964913431,-0.287822179237704,0.0141894099238093
2.91562970451479,0.240624830366828,-0.0416983253044388,-0.139919662053344,0.00914881890139387,-0.0866735942583273,0.00905303249845046,-0.287853785814166,0.0143616610512721
2.93585002924278,0.240541412672919,-0.0419870751674597,-0.13992008836006,0.00922583209087459,-0.0866653588618473,0.00912773895669506,-0.287884829207055,0.0145352846309075
2.95621058492378,0.240456763195156,-0.0422775071534059,-0.139920343181267,0.00930339644400365,-0.0866568352691232,0.00920294041528754,-0.287915300902392,0.0147102833091866
2.97671234408028,0.240370867788388,-0.0425696270068587,-0.139920424258771,0.00938151459446075,-0.0866480198592221,0.00927863825665089,-0.287945192402482,0.0148866597073438
2.99735628597932,0.240283712149428,-0.0428634404361476,-0.139920329322683,0.00946018919094523,-0.086638908988609,0.00935483385416442,-0.287974495225949,0.0150644164230592
3.01814339667932,0.240195281815164,-0.0431589531112543,-0.139920056091089,0.00953942289752677,-0.0866294989908353,0.00943152857210764,-0.288003200907703,0.0152435560321439
3.03907466907719,0.240105562160661,-0.0434561706616579,-0.139919602269708,0.00961921839399327,-0.0866197861762192,0.00950872376559495,-0.288031300998853,0.0154240810902241
3.06015110295567,0.240014538397289,-0.0437550986741229,-0.139918965551536,0.00969957837619598,-0.0866097668315177,0.00958642078050073,-0.288058787066562,0.015605994134424
3.08137370503119,0.239922195570848,-0.044055742690427,-0.139918143616474,0.00978050555639145,-0.0865994372195904,0.00966462095337469,-0.288085650693838,0.0157892976850455
3.10274348900188,0.239828518559705,-0.0443581082050309,-0.139917134130954,0.00986200266358008,-0.0865887935790559,0.00974332561134681,-0.288111883479275,0.0159739942472419
3.12426147559604,0.239733492072944,-0.0446622006626877,-0.139915934747538,0.00994407244384103,-0.0865778321239395,0.00982253607202184,-0.288137477036731,0.0161600863126859
3.14592869262085,0.239637100648525,-0.0449680254559929,-0.139914543104515,0.0100267176606633,-0.0865665490433141,0.00990225364336304,-0.288162422994948,0.0163475763612285
3.16774617501149,0.239539328651463,-0.0452755879228738,-0.139912956825486,0.0101099410952724,-0.0865549405009337,0.00998247962356454,-0.288186712997115,0.0165364668625477
3.18971496488059,0.239440160272006,-0.0455848933440185,-0.139911173518928,0.010193745546953,-0.0865430026348598,0.0100632153009123,-0.288210338700378,0.0167267602777858
3.21183611156796,0.239339579523848,-0.0458959469402442,-0.139909190777752,0.0102781338333668,-0.0865307315570805,0.0101444619536334,-0.288233291775288,0.0169184590611731
3.23411067169074,0.23923757024234,-0.0462087538698034,-0.139907006178852,0.010363108790865,-0.0865181233531237,0.0102262208497329,-0.288255563905196,0.0171115656616374
3.25653970919388,0.239134116082733,-0.0465233192256299,-0.139904617282628,0.0104486732747965,-0.0865051740816635,0.0103084932468185,-0.288277146785589,0.0173060825243955
3.27912429540095,0.239029200518424,-0.0468396480325214,-0.139902021632516,0.0105348301598104,-0.0864918797741207,0.0103912803919128,-0.288298032123375,0.0175020120925289
3.30186550906528,0.23892280683924,-0.0471577452442617,-0.139899216754487,0.0106215823401522,-0.0864782364342571,0.0104745835212518,-0.288318211636112,0.0176993568085379
3.32476443642155,0.238814918149726,-0.0474776157406789,-0.139896200156549,0.0107089327299555,-0.0864642400377649,0.0105584038600708,-0.28833767705118,0.0178981191158765
3.3478221712376,0.238705517367464,-0.0477992643246413,-0.139892969328225,0.0107968842635262,-0.0864498865318504,0.0106427426223767,-0.288356420104903,0.0180983014604633
3.37103981486675,0.238594587221412,-0.0481226957189916,-0.139889521740027,0.0108854398956217,-0.0864351718348124,0.0107276010107059,-0.288374432541619,0.0182999062921701
3.39441847630035,0.23848211025027,-0.0484479145634158,-0.139885854842914,0.0109746026017226,-0.0864200918356171,0.0108129802158692,-0.288391706112694,0.0185029360662847
3.41795927222076,0.238368068800866,-0.0487749254112502,-0.139881966067741,0.0110643753782981,-0.0864046423934668,0.0108988814166809,-0.288408232575488,0.0187073932449463
3.44166332705473,0.238252445026572,-0.0491037327262238,-0.139877852824689,0.0111547612430645,-0.0863888193373665,0.0109853057796746,-0.288424003692268,0.0189132802985549
3.46553177302703,0.238135220885752,-0.0494343408791372,-0.139873512502697,0.0112457632352362,-0.0863726184656853,0.0110722544588035,-0.288439011229078,0.0191205997071494
3.48956575021462,0.238016378140227,-0.049766754144477,-0.139868942468864,0.0113373844157697,-0.0863560355457151,0.011159728595126,-0.288453246954547,0.0193293539617575
3.51376640660105,0.237895898353784,-0.0501009766969659,-0.139864140067855,0.0114296278675998,-0.0863390663132256,0.0112477293164753,-0.288466702638666,0.019539545565712
3.53813489813128,0.237773762890704,-0.0504370126080478,-0.139859102621288,0.0115224966958675,-0.0863217064720175,0.0113362577371144,-0.2884793700515,0.0197511770359355
3.56267238876697,0.237649952914335,-0.0507748658423087,-0.139853827427108,0.0116159940281413,-0.0863039516934725,0.0114253149573745,-0.288491240961873,0.0199642509041905
3.58738005054197,0.237524449385685,-0.0511145402538319,-0.139848311758954,0.0117101230146284,-0.0862857976161014,0.0115149020632779,-0.288502307135989,0.0201787697182953
3.61225906361841,0.237397233062066,-0.0514560395824876,-0.139842552865513,0.0118048868283789,-0.0862672398450904,0.0116050201261448,-0.288512560336021,0.0203947360433019
3.63731061634298,0.237268284495758,-0.0517993674501586,-0.139836547969861,0.0119002886654811,-0.0862482739518466,0.0116956702021831,-0.288521992318653,0.0206121524626393
3.66253590530377,0.237137584032726,-0.0521445273568984,-0.139830294268793,0.0119963317452471,-0.0862288954735419,0.0117868533320622,-0.28853059483358,0.0208310215792157
3.68793613538733,0.237005111811365,-0.0524915226770245,-0.139823788932142,0.0120930193103907,-0.0862090999126563,0.01187857054047,-0.288538359621965,0.0210513460164837
3.71351251983634,0.236870847761291,-0.052840356655146,-0.139817029102091,0.0121903546271951,-0.0861888827365218,0.0119708228356527,-0.288545278414859,0.0212731284194644
3.73926628030746,0.236734771602176,-0.0531910324021242,-0.139810011892465,0.0122883409856716,-0.0861682393768652,0.0120636112089375,-0.28855134293158,0.0214963714557297
3.76519864692972,0.236596862842618,-0.0535435528909673,-0.13980273438802,0.0123869816997087,-0.0861471652293523,0.0121569366342384,-0.28855654487805,0.0217210778163444
3.7913108583633,0.236457100779065,-0.0538979209526592,-0.139795193643717,0.012486280107211,-0.0861256556531331,0.012250800067544,-0.288560875945102,0.0219472502167637
3.81760416185865,0.23631546449478,-0.054254139271921,-0.139787386683985,0.012586239570229,-0.0861037059703875,0.0123452024463879,-0.288564327806748,0.022174891397688
3.84407981331609,0.236171932858856,-0.0546122103829059,-0.139779310501976,0.0126868634750777,-0.0860813114658738,0.0124401446893018,-0.288566892118409,0.0224040041258732
3.87073907734582,0.23602648452528,-0.0549721366648283,-0.139770962058804,0.0127881552324457,-0.0860584673864783,0.0125356276952501,-0.288568560515113,0.0226345911948955
3.89758322732826,0.235879097932044,-0.0553339203375246,-0.139762338282781,0.0128901182774929,-0.0860351689407686,0.012631652343047,-0.288569324609662,0.0228666554258707
3.92461354547494,0.235729751300316,-0.0556975634569485,-0.139753436068633,0.0129927560699383,-0.0860114112985486,0.0127282194907548,-0.288569175990768,0.0231001996681266
3.95183132288971,0.235578422633656,-0.0560630679105987,-0.139744252276712,0.0130960720941366,-0.0859871895904178,0.0128253299750648,-0.288568106221152,0.0233352267998287
3.97923785963041,0.235425089717295,-0.0564304354128794,-0.139734783732195,0.0132000698591431,-0.0859624989073341,0.0129229846106594,-0.288566106835617,0.0235717397285572
4.00683446477099,0.235269730117469,-0.0567996675003942,-0.139725027224276,0.0133047528987684,-0.0859373343001811,0.0130211841895554,-0.2885631693391,0.0238097413918366
4.03462245646401,0.235112321180805,-0.0571707655271731,-0.139714979505337,0.0134101247716204,-0.0859116907793394,0.0131199294804297,-0.28855928520468,0.0240492347576158
4.06260316200361,0.234952840033781,-0.0575437306598319,-0.139704637290124,0.0135161890611361,-0.0858855633142639,0.0132192212279254,-0.288554445871578,0.0242902228246985
4.09077791788892,0.234791263582232,-0.0579185638726651,-0.139693997254898,0.0136229493755995,-0.0858589468330659,0.0133190601519397,-0.288548642743116,0.024532708623124
4.11914806988789,0.234627568510935,-0.0582952659426721,-0.139683056036586,0.0137304093481497,-0.0858318362221019,0.0134194469468932,-0.288541867184666,0.0247766952144974
4.14771497310157,0.234461731283251,-0.0586738374445157,-0.139671810231917,0.0138385726367752,-0.0858042263255681,0.0135203822809794,-0.288534110521562,0.025022185692269
4.17647999202884,0.234293728140834,-0.0590542787454148,-0.139660256396548,0.0139474429242959,-0.0857761119451025,0.013621866795397,-0.288525364037003,0.0252691831819623
4.20544450063156,0.234123535103412,-0.0594365899999701,-0.13964839104418,0.0140570239183334,-0.0857474878393938,0.013723901103561,-0.288515618969924,0.0255176908413496
4.23460988240025,0.233951127968642,-0.0598207711449229,-0.139636210645668,0.0141673193512675,-0.0857183487237988,0.0138264857902972,-0.288504866512859,0.0257677118605769
4.26397753042013,0.233776482312031,-0.0602068218938484,-0.139623711628109,0.01427833298018,-0.0856886892699671,0.0139296214110158,-0.288493097809771,0.0260192494622353
4.29354884743766,0.233599573486936,-0.0605947417317822,-0.139610890373938,0.0143900685867854,-0.0856585041054757,0.0140333084908668,-0.288480303953878,0.0262723069013798
4.32332524592758,0.233420376624643,-0.0609845299097814,-0.139597743219997,0.0145025299773475,-0.0856277878134723,0.0141375475238766,-0.288466475985455,0.0265268874654955
4.35330814816033,0.233238866634519,-0.0613761854394197,-0.139584266456604,0.0146157209825838,-0.0855965349323277,0.0142423389720647,-0.28845160488962,0.0267829944744097
4.38349898627002,0.233055018204252,-0.0617697070872173,-0.139570456326608,0.014729645457554,-0.0855647399552998,0.014347683264542,-0.288435681594109,0.0270406312801513
4.41389920232282,0.232868805800163,-0.0621650933690063,-0.139556309024436,0.0148443072815364,-0.0855323973302069,0.0144535807965898,-0.288418696967037,0.0272998012667557
4.44451024838583,0.23268020366762,-0.0625623425442302,-0.139541820695131,0.0149597103578882,-0.0854995014591134,0.0145600319287198,-0.288400641814643,0.0275605078500159
4.47533358659646,0.232489185831521,-0.0629614526101806,-0.139526987433374,0.0150758586138931,-0.0854660466980258,0.0146670369857151,-0.288381506879027,0.0278227544771797
4.50637068923228,0.232295726096877,-0.0633624212961692,-0.139511805282504,0.0151927560005923,-0.0854320273566022,0.0147745962556522,-0.288361282835877,0.0280865446265914
4.53762303878129,0.232099798049486,-0.0637652460576364,-0.139496270233526,0.0153104064926021,-0.0853974376978738,0.0148827099889039,-0.288339960292183,0.0283518818072803
4.56909212801278,0.231901375056696,-0.0641699240701977,-0.139480378224106,0.0154288140879148,-0.0853622719379794,0.0149913783971236,-0.288317529783945,0.0286187695584936
4.60077946004862,0.231700430268268,-0.0645764522236275,-0.139464125137558,0.0155479828076859,-0.085326524245914,0.0151006016522107,-0.288293981773875,0.0288872114491743
4.63268654843505,0.231496936617332,-0.0649848271157805,-0.139447506801826,0.0156679166960037,-0.0852901887432913,0.015210379885257,-0.288269306649088,0.0291572110773849
4.66481491721498,0.231290866821455,-0.0653950450464536,-0.139430518988446,0.0157886198196443,-0.0852532595041214,0.0153207131854745,-0.28824349471879,0.0294287720696751
4.69716610100076,0.231082193383794,-0.0658071020111865,-0.139413157411512,0.0159100962678095,-0.0852157305546027,0.0154316015991053,-0.288216536211965,0.0297018980803949
4.72974164504755,0.230870888594372,-0.0662209936950023,-0.139395417726618,0.0160323501518491,-0.0851775958729308,0.0155430451283115,-0.28818842127505,0.0299765927909521
4.76254310532705,0.230656924531451,-0.0666367154660906,-0.139377295529804,0.0161553856049656,-0.0851388493891226,0.0156550437300485,-0.288159139969612,0.0302528599090143
4.79557204860185,0.230440273063018,-0.0670542623694316,-0.139358786356481,0.0162792067819023,-0.0850994849848579,0.0157675973149185,-0.288128682270027,0.0305307031676561
4.82883005250031,0.230220905848383,-0.0674736291203638,-0.139339885680357,0.0164038178586138,-0.085059496493338,0.0158807057460068,-0.28809703806115,0.03081012632445
4.86231870559183,0.229998794339894,-0.0678948100980957,-0.139320588912341,0.0165292230319193,-0.0850188776991624,0.0159943688377,-0.28806419713599,0.0310911331605022
4.89603960746281,0.229773909784767,-0.0683177993391617,-0.139300891399454,0.0166554265191378,-0.0849776223382234,0.0161085863544856,-0.288030149193382,0.0313737274794325
4.92999436879299,0.229546223227036,-0.0687425905308255,-0.139280788423713,0.0167824325577047,-0.0849357240976202,0.016223358009735,-0.287994883835669,0.0316579131062993
4.96418461143244,0.229315705509634,-0.0691691770044296,-0.139260275201022,0.0169102454047708,-0.0848931766155923,0.0163386834644683,-0.287958390566374,0.0319436938864678
4.99861196847899,0.229082327276581,-0.0695975517286936,-0.139239346880039,0.0170388693367812,-0.0848499734814731,0.0164545623261016,-0.287920658787884,0.0322310736844234
5.03327808435624,0.228846058975323,-0.0700277073029629,-0.139217998541048,0.0171683086490363,-0.0848061082356634,0.0165709941471779,-0.287881677799141,0.0325200563825291
5.06818461489212,0.228606870859182,-0.0704596359504079,-0.139196225194809,0.0172985676552326,-0.0847615743696272,0.0166879784240804,-0.287841436793324,0.0328106458797272
5.10333322739797,0.228364732989954,-0.0708933295111757,-0.139174021781408,0.0174296506869837,-0.0847163653259078,0.016805514595729,-0.287799924855554,0.0331028460901851
5.13872560074817,0.228119615240632,-0.071328779435497,-0.139151383169095,0.017561562093321,-0.0846704744981679,0.0169236020422611,-0.287757130960593,0.0333966609418852
5.17436342546036,0.227871487298274,-0.0717659767767475,-0.139128304153109,0.0176943062401745,-0.0846238952312505,0.0170422400836952,-0.287713043970557,0.0336920943751601
5.21024840377617,0.227620318667013,-0.0722049121844675,-0.139104779454503,0.0178278875098321,-0.0845766208212652,0.0171614279785793,-0.287667652632635,0.0339891503411703
5.24638224974252,0.227366078671209,-0.0726455758973403,-0.139080803718953,0.0179623103003776,-0.0845286445156967,0.0172811649226226,-0.287620945576817,0.0342878328003276
5.2827666892935,0.227108736458749,-0.073087957736132,-0.13905637151556,0.018097579025107,-0.0844799595135392,0.0174014500473132,-0.287572911313635,0.0345881457206621
5.31940346033281,0.226848261004497,-0.073532047096594,-0.139031477335643,0.0182336981119235,-0.0844305589654548,0.0175222824185187,-0.287523538231908,0.0348900930761329
5.35629431281677,0.226584621113896,-0.0739778329423307,-0.139006115591526,0.0183706720027089,-0.0843804359739587,0.0176436610350739,-0.287472814596504,0.0351936788448844
5.39344100883792,0.226317785426729,-0.074425303797634,-0.138980280615314,0.0185085051526727,-0.0843295835936295,0.0177655848273529,-0.287420728546115,0.0354989070074452
5.43084532270915,0.226047722421037,-0.0748744477402873,-0.13895396665766,0.018647202029678,-0.084277994831347,0.0178880526558266,-0.287367268091041,0.0358057815448724
5.4685090410485,0.225774400417195,-0.0753252523943416,-0.138927167886529,0.0187867671135434,-0.0842256626465574,0.0180110633096078,-0.287312421110989,0.0361143064368389
5.50643396286443,0.225497787582158,-0.0757777049228648,-0.138899878385945,0.0189272048953209,-0.0841725799515663,0.0181346155049813,-0.287256175352888,0.0364244856596665
5.54462189964184,0.22521785193387,-0.0762317920206682,-0.138872092154738,0.0190685198765488,-0.0841187396118599,0.018258707883922,-0.28719851842872,0.0367363231843012
5.58307467542852,0.224934561345847,-0.0766874999070121,-0.138843803105278,0.0192107165684801,-0.0840641344464565,0.0183833390125994,-0.287139437813362,0.0370498229742342
5.6217941269223,0.22464788355193,-0.0771448143182927,-0.138815005062206,0.0193537994912849,-0.0840087572282858,0.018508507379871,-0.287078920842453,0.0373649889833659
5.66078210355879,0.224357786151211,-0.0776037205007146,-0.138785691761152,0.0194977731732269,-0.0839526006846009,0.0186342113957624,-0.287016954710272,0.037681825153815
5.70004046759971,0.224064236613149,-0.0780642032029506,-0.13875585684745,0.0196426421498133,-0.083895657497419,0.0187604493899371,-0.286953526467636,0.0380003354136705
5.73957109422183,0.223767202282856,-0.0785262466687915,-0.138725493874842,0.0197884109629178,-0.0838379203039946,0.0188872196101548,-0.286888623019819,0.0383205236746888
5.77937587160657,0.223466650386571,-0.0789898346297913,-0.138694596304178,0.0199350841598759,-0.083779381697325,0.0190145202207198,-0.286822231124491,0.038642393829934
5.81945670103016,0.223162548037324,-0.0794549502979079,-0.138663157502108,0.0200826662925524,-0.0837200342266873,0.0191423493009184,-0.286754337389675,0.0389659497513626
5.85981549695445,0.22285486224079,-0.0799215763581453,-0.138631170739767,0.0202311619163801,-0.0836598703982101,0.019270704843448,-0.286684928271729,0.039291195287352
5.90045418711838,0.222543559901331,-0.0803896949612001,-0.138598629191453,0.0203805755893691,-0.0835988826754775,0.0193995847528364,-0.286613990073345,0.0396181342601729
5.94137471263004,0.222228607828241,-0.0808592877161143,-0.1385655259333,0.0205309118710875,-0.083537063480168,0.0195289868438535,-0.286541508941581,0.0399467704634052
5.9825790280594,0.221909972742181,-0.0813303356829414,-0.138531853941944,0.0206821753216101,-0.0834744051927288,0.0196589088399145,-0.286467470865907,0.0402771076592984
6.02406910153166,0.221587621281828,-0.0818028193654264,-0.138497606093182,0.0208343705004382,-0.0834109001530849,0.019789348371476,-0.286391861676278,0.0406091495760746
6.06584691482126,0.221261520010711,-0.0822767187037061,-0.138462775160633,0.0209875019653868,-0.0833465406613842,0.0199203029744264,-0.28631466704124,0.0409428999051768
6.10791446344653,0.220931635424271,-0.0827520130670322,-0.138427353814378,0.0211415742714399,-0.0832813189787794,0.0200517700884686,-0.286235872466049,0.0412783622984589
6.15027375676503,0.220597933957117,-0.0832286812465228,-0.138391334619614,0.021296591969574,-0.0832152273282471,0.0201837470554996,-0.286155463290833,0.0416155403653211
6.19292681806951,0.2202603819905,-0.0837067014479456,-0.138354710035289,0.0214525596055478,-0.0831482578954447,0.0203162311179832,-0.286073424688769,0.0419544376697869
6.23587568468454,0.219918945860002,-0.0841860512845385,-0.13831747241274,0.0216094817186578,-0.0830804028296044,0.0204492194173204,-0.285989741664295,0.0422950577275256
6.27912240806387,0.219573591863439,-0.0846667077698707,-0.138279613994323,0.0217673628404607,-0.0830116542444675,0.0205827089922158,-0.28590439905135,0.0426374040028162
6.32266905388835,0.219224286268981,-0.085148647310751,-0.138241126912046,0.0219262074934594,-0.0829420042192572,0.0207166967770415,-0.28581738151165,0.0429814799054561
6.36651770216467,0.218870995323502,-0.0856318457001866,-0.138202003186186,0.0220860201897541,-0.0828714447996906,0.0208511796001997,-0.285728673532985,0.0433272887876118
6.41067044732463,0.218513685261145,-0.0861162781103987,-0.138162234723922,0.0222468054296572,-0.0827999679990321,0.0209861541824835,-0.285638259427559,0.0436748339406138
6.45512939832527,0.218152322312117,-0.0866019190858992,-0.138121813317945,0.0224085677002705,-0.0827275657991866,0.0211216171354386,-0.285546123330358,0.0440241185916937
6.49989667874954,0.217786872711711,-0.0870887425366344,-0.138080730645084,0.0225713114740251,-0.0826542301518348,0.0212575649597243,-0.285452249197553,0.0443751459006651
6.54497442690774,0.217417302709558,-0.0875767217312014,-0.138038978264918,0.0227350412071835,-0.0825799529796096,0.0213939940434774,-0.285356620804941,0.0447279189565465
6.5903647959397,0.217043578579113,-0.0880658292901421,-0.137996547618393,0.0228997613383019,-0.0825047261773148,0.0215309006606768,-0.285259221746416,0.0450824407741277
6.63606995391757,0.21666566662737,-0.0885560371793217,-0.137953430026438,0.0230654762866531,-0.082428541613187,0.0216682809695133,-0.285160035432484,0.0454387142904792
6.68209208394941,0.216283533204818,-0.089047316703396,-0.137909616688581,0.0232321904506091,-0.0823513911301997,0.0218061310107615,-0.285059045088816,0.0457967423614032
6.72843338428345,0.215897144715631,-0.0895396384993753,-0.137865098681563,0.0233999082059826,-0.0822732665474117,0.021944446706158,-0.284956233754832,0.0461565277578285
6.77509606841313,0.215506467628096,-0.0900329725302905,-0.137819866957958,0.0235686339043267,-0.0821941596613592,0.0220832238567854,-0.284851584282339,0.0465180731621474
6.82208236518274,0.215111468485284,-0.090527288078967,-0.137773912344789,0.0237383718711918,-0.0821140622474923,0.0222224581414628,-0.284745079334196,0.0468813811644947
6.86939451889399,0.214712113915957,-0.0910225537419137,-0.137727225542153,0.0239091264043402,-0.0820329660616557,0.0223621451151447,-0.284636701383029,0.04724645425897
6.91703478941313,0.214308370645725,-0.0915187374233343,-0.137679797121843,0.0240809017719152,-0.0819508628416155,0.022502280207329,-0.284526432709994,0.0476132948398019
6.96500545227891,0.21390020550844,-0.092015806329266,-0.13763161752598,0.0242537022105676,-0.0818677443086304,0.0226428587204744,-0.284414255403573,0.0479819051974546
7.0133087988113,0.213487585457835,-0.0925137269618536,-0.137582677065642,0.0244275319235345,-0.0817836021690694,0.0227838758284297,-0.284300151358426,0.0483522875146768
7.06194713622089,0.213070477579412,-0.0930124651137668,-0.137532965919506,0.0246023950786745,-0.0816984281160755,0.0229253265748743,-0.284184102274284,0.0487244438624929
7.11092278771915,0.212648849102568,-0.0935119858627656,-0.137482474132493,0.0247782958064538,-0.081612213831275,0.0230672058717731,-0.284066089654897,0.0490983761961368
7.16023809262934,0.212222667412977,-0.0940122535664237,-0.137431191614414,0.0249552381978861,-0.0815249509865347,0.0232095084978449,-0.283946094807018,0.0494740863509271
7.20989540649828,0.211791900065206,-0.0945132318570155,-0.137379108138639,0.0251332263024239,-0.0814366312457649,0.0233522290970468,-0.283824098839454,0.0498515760380857
7.25989710120885,0.211356514795588,-0.0950148836365753,-0.137326213340754,0.0253122641258009,-0.08134724626677,0.0234953621770753,-0.28370008266216,0.0502308468404973
7.31024556509332,0.210916479535334,-0.0955171710721355,-0.137272496717248,0.0254923556278241,-0.0812567877031463,0.0236389021078853,-0.283574026985384,0.0506119002084122
7.36094320304735,0.21047176242389,-0.0960200555911526,-0.137217947624195,0.0256735047201163,-0.0811652472062273,0.0237828431202283,-0.283445912318871,0.0509947374550912
7.41199243664497,0.210022331822545,-0.0965234978771288,-0.137162555275954,0.0258557152638066,-0.0810726164270766,0.0239271793042106,-0.283315718971125,0.0513793597523921
7.46339570425412,0.209568156328277,-0.0970274578654356,-0.137106308743884,0.0260389910671695,-0.0809788870185285,0.0240719046078741,-0.283183427048721,0.0517657681262995
7.51515546115323,0.209109204787844,-0.0975318947393507,-0.137049196955067,0.0262233358832114,-0.0808840506372763,0.0242170128357989,-0.283049016455679,0.0521539634523964
7.56727417964842,0.208645446312117,-0.0980367669263133,-0.136991208691046,0.0264087534072035,-0.0807880989460091,0.024362497647731,-0.282912466892901,0.0525439464512785
7.61975434919166,0.208176850290655,-0.098542032094408,-0.136932332586585,0.0265952472741608,-0.0806910236155954,0.0245083525572351,-0.282773757857665,0.0529357176839113
7.67259847649959,0.207703386406516,-0.0990476471490857,-0.136872557128437,0.0267828210562663,-0.0805928163273155,0.0246545709303744,-0.282632868643182,0.0533292775469299
7.72580908567334,0.207225024651307,-0.0995535682301291,-0.136811870654138,0.0269714782602401,-0.0804934687751419,0.0248011459844184,-0.282489778338221,0.0537246262678811
7.77938871831903,0.206741735340467,-0.100059750708873,-0.136750261350814,0.0271612223246523,-0.0803929726680666,0.0249480707865813,-0.282344465826798,0.0541217639004096
7.83333993366922,0.206253489128784,-0.100566149185685,-0.136687717254011,0.0273520566171786,-0.0802913197324765,0.0250953382527896,-0.28219690978793,0.0545206903193866
7.8876653087051,0.205760257026142,-0.101072717487721,-0.136624226246551,0.0275439844317995,-0.0801885017145772,0.0252429411464842,-0.28204708869546,0.0549214052159821
7.94236743827963,0.205262010413488,-0.101579408666958,-0.136559776057401,0.0277370089859411,-0.0800845103828627,0.0253908720774545,-0.281894980817956,0.055323908092681
7.99744893524145,0.204758721059038,-0.10208617499852,-0.136494354260578,0.0279311334175563,-0.0799793375306335,0.0255391235007091,-0.281740564218674,0.0557281982582428
8.0529124305597,0.204250361134682,-0.102592967979295,-0.136427948274073,0.0281263607821488,-0.0798729749785609,0.0256876877153824,-0.281583816755602,0.0561342748226058
8.10876057344967,0.203736903232625,-0.103099738326866,-0.136360545358801,0.0283226940497351,-0.0797654145772981,0.0258365568636797,-0.281424716081581,0.0565421366917362
8.16499603149936,0.203218320382226,-0.10360643597876,-0.136292132617589,0.0285201361017474,-0.0796566482101379,0.0259857229298619,-0.281263239644492,0.0569517825624209
8.22162149079689,0.202694586067052,-0.104113010092014,-0.136222696994186,0.0287186897278756,-0.0795466677957158,0.0261351777392713,-0.281099364687537,0.0573632109170069
8.27863965605879,0.202165674242132,-0.104619409043082,-0.136152225272304,0.0289183576228469,-0.0794354652907588,0.0262849129574001,-0.28093306824959,0.0577764200180852
8.33605325075921,0.201631559351412,-0.105125580428086,-0.136080704074705,0.0291191423831443,-0.0793230326928795,0.026434920089003,-0.280764327165633,0.0581914079031219
8.39386501726,0.201092216345398,-0.105631471063419,-0.136008119862307,0.0293210465036623,-0.0792093620434142,0.0265851904772553,-0.280593118067282,0.0586081723790349
8.45207771694168,0.200547620698989,-0.106137026986709,-0.135934458933341,0.0295240723742997,-0.0790944454303055,0.0267357153029585,-0.280419417383392,0.0590267110167183
8.51069413033537,0.199997748429493,-0.106642193458154,-0.135859707422538,0.0297282222764892,-0.0789782749910277,0.0268864855837939,-0.280243201340753,0.0594470211455142
8.56971705725559,0.199442576114813,-0.107146914962244,-0.135783851300362,0.0299334983796633,-0.0788608429155551,0.0270374921736274,-0.28006444596488,0.0598690998476325
8.62914931693396,0.198882080911802,-0.107651135209863,-0.135706876372283,0.0301399027376559,-0.0787421414493729,0.027188725761865,-0.279883127080886,0.0602929439525206
8.68899374815392,0.198316240574785,-0.108154797140796,-0.135628768278096,0.0303474372850398,-0.0786221628965285,0.0273401768728623,-0.279699220314462,0.0607185500311809
8.74925320938629,0.197745033474224,-0.108657842926647,-0.135549512491284,0.0305561038333995,-0.0785008996227236,0.0274918358653883,-0.279512701092939,0.0611459143904404
8.80993057892579,0.197168438615539,-0.109160213974162,-0.135469094318434,0.030765904067539,-0.078378344058446,0.0276436929321459,-0.279323544646459,0.0615750330671702
8.87102875502857,0.19658643565806,-0.109661850928991,-0.135387498898702,0.0309768395416242,-0.0782544887021403,0.0277957380993497,-0.279131726009241,0.0620059018224569
8.93255065605059,0.195999004934112,-0.110162693679876,-0.135304711203325,0.0311889116752606,-0.0781293261234158,0.0279479612263639,-0.278937220020951,0.0624385161357273
8.99449922058705,0.195406127468219,-0.110662681363284,-0.135220716035196,0.0314021217495055,-0.0780028489662916,0.0281003520054001,-0.278740001328177,0.0628728711988263
9.05687740761275,0.19480778499642,-0.111161752368493,-0.135135498028492,0.0316164709028138,-0.0778750499524777,0.0282528999612784,-0.278540044386004,0.0633089619100496
9.11968819662343,0.194203959985685,-0.111659844343139,-0.135049041648362,0.0318319601269196,-0.0777459218846896,0.0284055944512512,-0.278337323459711,0.0637467828681319
9.18293458777804,0.193594635653425,-0.112156894199228,-0.134961331190677,0.0320485902626512,-0.0776154576499978,0.028558424664894,-0.278131812626565,0.0641863283661919
9.2466196020421,0.192979795987084,-0.112652838119623,-0.134872350781838,0.0322663619956816,-0.0774836502232082,0.0287113796240609,-0.277923485777736,0.0646275923856349
9.31074628133199,0.1923594257638,-0.113147611565027,-0.134782084378662,0.0324852758522127,-0.0773504926702744,0.0288644481829097,-0.277712316620325,0.0650705685900152
9.3753176886602,0.191733510570126,-0.11364114928144,-0.134690515768324,0.0327053321945956,-0.0772159781517391,0.0290176190279967,-0.27749827867951,0.0655152503188579
9.44033690828169,0.191102036821798,-0.114133385308132,-0.134597628568381,0.0329265312168845,-0.0770800999262038,0.0291708806784412,-0.277281345300811,0.0659616305814429
9.50580704584117,0.190464991783546,-0.114624252986115,-0.134503406226857,0.0331488729403278,-0.0769428513538255,0.0293242214861642,-0.277061489652478,0.0664097020505517
9.57173122852146,0.189822363588923,-0.115113684967131,-0.134407832022417,0.0333723572087932,-0.0768042258998383,0.0294776296361994,-0.276838684728001,0.0668594570561792
9.63811260519287,0.189174141260144,-0.115601613223158,-0.13431088906461,0.0335969836841308,-0.0766642171380995,0.0296310931470801,-0.276612903348752,0.0673108875792104
9.70495434656358,0.188520314727935,-0.11608796905645,-0.134212560294198,0.0338227518414713,-0.0765228187546568,0.0297845998713023,-0.276384118166749,0.067763985245066
9.7722596453311,0.187860874851352,-0.116572683110107,-0.134112828483565,0.0340496609644627,-0.076380024551337,0.0299381374958653,-0.276152301667557,0.0682187413173165
9.84003171633479,0.187195813437587,-0.117055685379182,-0.134011676237217,0.0342777101404447,-0.0762358284493527,0.0300916935428915,-0.27591742617332,0.0686751466912678
9.90827379670937,0.186525123261723,-0.117536905222339,-0.133909085992366,0.0345068982555613,-0.0760902244929265,0.0302452553703263,-0.275679463845927,0.0691331918875189
9.97698914603959,0.185848798086434,-0.118016271374063,-0.133805040019612,0.0347372239898135,-0.0759432068529304,0.0303988101727188,-0.275438386690322,0.0695928670454956
10.0461810465159,0.185166832681616,-0.118493711957415,-0.13369952042371,0.0349686858120517,-0.0757947698305379,0.0305523449820855,-0.275194166557951,0.0700541619169593
10.1158528030912,0.184479222843929,-0.118969154497365,-0.133592509144446,0.0352012819749105,-0.075644907860888,0.0307058466688572,-0.27494677515035,0.0705170658594964
10.1860077436388,0.183785965416244,-0.119442525934671,-0.133483987957603,0.0354350105096849,-0.0754936155167591,0.0308593019429105,-0.274696184022886,0.0709815678299871
10.2566492191112,0.18308705830696,-0.119913752640343,-0.133373938476036,0.0356698692211502,-0.0753408875122489,0.0310126973546842,-0.274442364588636,0.0714476563780582
10.3277806037004,0.182382500509206,-0.120382760430669,-0.133262342150851,0.035905855682327,-0.075186718706461,0.0311660192963834,-0.274185288122425,0.0719153196395211
10.3994052949988,0.181672292119871,-0.120849474582821,-0.133149180272692,0.0361429672291922,-0.0750311041071937,0.0313192540032699,-0.273924925765009,0.0723845453297978
10.4715267141616,0.180956434358492,-0.121313819851036,-0.13303443397314,0.0363812009553375,-0.0748740388746304,0.0314723875550406,-0.273661248527424,0.0728553207373372
10.5441483060703,0.180234929585937,-0.121775720483379,-0.132918084226227,0.0366205537065761,-0.0747155183250285,0.0316254058772961,-0.273394227295477,0.0733276327170242
10.6172735394972,0.179507781322903,-0.122235100239089,-0.132800111850071,0.0368610220755017,-0.0745555379344048,0.0317782947430974,-0.273123832834411,0.0738014676835851
10.6909059072708,0.178774994268186,-0.122691882406502,-0.132680497508619,0.0371026023959982,-0.0743940933422153,0.031931039774614,-0.272850035793727,0.0742768116049903
10.7650489264432,0.178036574316726,-0.123145989821561,-0.132559221713531,0.0373452907377042,-0.0742311803550264,0.0320836264448625,-0.272572806712162,0.0747536499958592
10.8397061384575,0.177292528577385,-0.123597344886914,-0.132436264826177,0.0375890829004342,-0.0740667949501764,0.0322360400795365,-0.272292116022853,0.075231967910869
10.9148811093176,0.176542865390464,-0.124045869591586,-0.132311607059769,0.0378339744085562,-0.0739009332794229,0.0323882658589289,-0.272007934058648,0.0757117499381711
10.9905774297578,0.175787594344926,-0.124491485531238,-0.13218522848162,0.0380799605053319,-0.0737335916725759,0.0325402888199459,-0.271720231057605,0.0761929801928175
11.0667987154147,0.17502672629531,-0.124934113929006,-0.132057109015549,0.0383270361472171,-0.0735647666411122,0.0326920938582139,-0.271428977168657,0.0766756423102011
11.1435486070002,0.174260273378317,-0.125373675656917,-0.131927228444412,0.0385751959981288,-0.0733944548817692,0.0328436657302793,-0.271134142457453,0.0771597194395139
11.2208307704748,0.173488249029053,-0.125810091257885,-0.131795566412781,0.0388244344236783,-0.0732226532801169,0.0329949890559013,-0.270835696912381,0.0776451942372245
11.2986488972231,0.1727106679969,-0.126243280968269,-0.131662102429767,0.0390747454853752,-0.0730493589141024,0.0331460483204378,-0.270533610450762,0.0781320488605812
11.3770067042298,0.17192754636101,-0.12667316474101,-0.131526815871985,0.0393261229348039,-0.072874569057568,0.0332968278773243,-0.270227852925242,0.0786202649611416
11.4559079342577,0.171138901545387,-0.127099662269324,-0.131389685986676,0.0395785602077754,-0.0726982811837371,0.0334473119506462,-0.26991839413035,0.0791098236783356
11.535356356026,0.170344752333554,-0.127522693010959,-0.131250691894976,0.0398320504184577,-0.0725204929686671,0.033597484637804,-0.269605203809255,0.0796007056330623
11.6153557643908,0.169545118882771,-0.127942176212994,-0.131109812595342,0.0400865863534879,-0.0723412022946665,0.0337473299122707,-0.269288251660707,0.0800928909213281
11.6959099805258,0.168740022737794,-0.1283580309372,-0.130967026967141,0.0403421604660693,-0.072160407253672,0.0338968316264423,-0.268967507346169,0.0805863591079275
11.7770228521052,0.167929486844149,-0.128770176085919,-0.130822313774389,0.0405987648700566,-0.0719781061505852,0.0340459735145797,-0.268642940497137,0.0810810892201726
11.8586982534876,0.16711353556091,-0.12917853042849,-0.130675651669671,0.0408563913340324,-0.0717942975065642,0.0341947391958429,-0.268314520722664,0.081577059741675
11.9409400859005,0.166292194672954,-0.129583012628188,-0.130527019198208,0.0411150312753798,-0.0716089800622686,0.0343431121774151,-0.267982217617065,0.0820742486061841
12.0237522776272,0.165465491402673,-0.129983541269675,-0.130376394802109,0.0413746757543529,-0.0714221527810544,0.0344910758577177,-0.267646000767835,0.082572633191488
12.1071387841942,0.164633454421134,-0.130380034886956,-0.130223756824786,0.0416353154681518,-0.071233814852117,0.0346386135297148,-0.267305839763752,0.0830721903133791
12.1911035885602,0.163796113858653,-0.130772411991822,-0.13006908351555,0.0418969407450027,-0.0710439656935783,0.0347857083843062,-0.266961704203189,0.0835728962196928
12.2756507013062,0.162953501314781,-0.131160591102778,-0.129912353034374,0.0421595415382502,-0.0708526049555168,0.034932343513808,-0.266613563702625,0.0840747265844202
12.3607841608273,0.162105649867664,-0.131544490774432,-0.129753543456844,0.0424231074204651,-0.0706597325229365,0.0350785019155204,-0.266261387905359,0.084577656501903
12.4465080335254,0.161252594082777,-0.13192402962734,-0.12959263277929,0.0426876275775708,-0.0704653485186728,0.0352241664953801,-0.265905146490429,0.0850816604811148
12.5328264140034,0.160394370020998,-0.132299126378295,-0.129429598924098,0.042953090802995,-0.0702694533062323,0.035369320071698,-0.265544809181736,0.0855867124400333
12.6197434252612,0.159531015246021,-0.132669699871035,-0.129264419745205,0.0432194854918499,-0.070072047492565,0.0355139453789795,-0.265180345757375,0.0860927857001099
12.7072632188919,0.158662568831066,-0.133035669107367,-0.129097073033793,0.0434867996351462,-0.0698731319307639,0.0356580250718261,-0.264811726059173,0.0865998529808418
12.7953899752808,0.157789071364898,-0.133396953278681,-0.12892753652416,0.0437550208140457,-0.069672707722692,0.035801541728918,-0.264438920002437,0.087107886394452
12.8841279038047,0.156910564957109,-0.13375347179785,-0.128755787899791,0.0440241361941577,-0.0694707762215333,0.0359444778570739,-0.264061897585905,0.0876168574406835
12.9734812430331,0.156027093242672,-0.134105144331478,-0.128581804799618,0.0442941325198841,-0.0692673390342634,0.0360868158953889,-0.26368062890192,0.0881267370017131
13.0634542609305,0.155138701385727,-0.134451890832502,-0.128405564824477,0.0445649961088191,-0.0690623980240412,0.0362285382194467,-0.263295084146797,0.0886374953371909
13.1540512550606,0.1542454360826,-0.134793631573112,-0.128227045543762,0.0448367128462086,-0.068855955312515,0.0363696271456054,-0.262905233631415,0.0891491020794115
13.2452765527909,0.15334734556404,-0.135130287177976,-0.128046224502276,0.045109268179474,-0.0686480132820437,0.0365100649353539,-0.262511047792009,0.0896615262286239
13.3371345115004,0.152444479596637,-0.135461778657747,-0.127863079227279,0.0453826471128086,-0.0684385745778293,0.0366498337997384,-0.262112497201182,0.0901747361484848
13.4296295187868,0.151536889483441,-0.135788027442839,-0.12767758723574,0.0456568342018485,-0.0682276421099591,0.036788915903855,-0.26170955257912,0.0906886995616634
13.5227659926764,0.150624628063734,-0.136108955417436,-0.127489726041789,0.0459318135484287,-0.0680152190553544,0.0369272933714082,-0.261302184805022,0.0912033835456026
13.6165483818355,0.14970774971197,-0.136424484953731,-0.127299473164366,0.0462075687954261,-0.0678013088596254,0.0370649482893307,-0.260890364928738,0.0917187545284454
13.7109811657822,0.148786310335845,-0.136734538946349,-0.127106806135084,0.046484083121698,-0.067585915238828,0.0372018627124644,-0.260474064182615,0.0922347782851304
13.806068855101,0.147860367373513,-0.137039040846957,-0.126911702506281,0.0467613392371223,-0.0673690421811225,0.0373380186682988,-0.260053253993558,0.0927514199336654
13.9018159916578,0.146929979789903,-0.137337914699009,-0.126714139859285,0.0470393193777445,-0.0671506939483304,0.0374733981617643,-0.259627905995288,0.0932686439315854
13.998227148817,0.145995208072162,-0.137631085172629,-0.126514095812882,0.0473180053010393,-0.0669308750773896,0.0376079831800785,-0.259197992040818,0.0937864140726017
14.0953069316601,0.145056114224184,-0.137918477599585,-0.126311548031982,0.0475973782812925,-0.0667095903817039,0.0377417556976417,-0.258763484215125,0.0943046934834491
14.1930599772055,0.144112761760238,-0.138200018008338,-0.12610647423649,0.0478774191051106,-0.0664868449523873,0.0378746976809806,-0.258324354848035,0.0948234446209384
14.2914909546299,0.143165215697666,-0.138475633159142,-0.125898852210387,0.0481581080670643,-0.0662626441593995,0.0380067910937355,-0.257880576527297,0.0953426292692228
14.3906045654914,0.142213542548667,-0.138745250579164,-0.125688659811002,0.0484394249654726,-0.0660369936525727,0.0381380179016889,-0.257432122111873,0.0958622085372825
14.4904055439544,0.14125781031114,-0.139008798597595,-0.125475874978492,0.0487213490983356,-0.0658098993625277,0.0382683600778336,-0.256978964745411,0.0963821428566384
14.5908986570152,0.140298088458587,-0.13926620638073,-0.125260475745523,0.0490038592594216,-0.0655813675014772,0.0383977996074748,-0.256521077869927,0.0969023919792991
14.6920887047298,0.13933444792908,-0.139517403966988,-0.125042440247145,0.0492869337345162,-0.0653514045639169,0.0385263184933662,-0.256058435239668,0.0974229149759513
14.7939805204436,0.138366961113269,-0.139762322301839,-0.124821746730869,0.0495705502978406,-0.065120017327201,0.0386538987608744,-0.255591010935175,0.0979436702343997
14.8965789710218,0.137395701841449,-0.140000893272615,-0.124598373566939,0.0498546862086464,-0.0648872128520033,0.0387805224631701,-0.25511877937753,0.0984646154582637
14.999888957082,0.136420745369665,-0.14023304974317,-0.124372299258795,0.050139318207994,-0.0646529984826613,0.0389061716864426,-0.254641715342781,0.0989857076659402
15.1039154132284,0.13544216836487,-0.140458725588371,-0.124143502453733,0.0504244225157213,-0.0644173818474034,0.0390308285551331,-0.254159793976558,0.0995069031898386
15.2086633082875,0.13446004888912,-0.140677855728375,-0.123911961953747,0.050709974827611,-0.0641803708584582,0.0391544752371862,-0.253672990808861,0.100028157675896
15.3141376455451,0.133474466382823,-0.140890376162674,-0.123677656726566,0.0509959503127638,-0.0639419737120454,0.0392770939493133,-0.253181281769014,0.10054942608338
15.4203434629857,0.132485501647027,-0.141096224003875,-0.123440565916871,0.0512823236111839,-0.063702198888248,0.0393986669622672,-0.252684643200802,0.10107066268499
15.5272858335329,0.131493236824768,-0.141295337511183,-0.123200668857687,0.0515690688315849,-0.0634610551507646,0.0395191766061223,-0.252183051877756,0.101591821067259
15.6349698652918,0.130497755381462,-0.141487656123561,-0.122957945081963,0.0518561595494241,-0.0632185515465431,0.0396386052755598,-0.251676485018609,0.102112854131266
15.7434007017931,0.129499142084364,-0.141673120492532,-0.122712374334315,0.0521435688051712,-0.062974697405294,0.0397569354351513,-0.251164920302898,0.102633714093673
15.8525835222385,0.128497482981088,-0.141851672514596,-0.122463936582949,0.0524312691028197,-0.0627295023388846,0.0398741496246403,-0.250648335886722,0.103154352488082
15.9625235417481,0.127492865377199,-0.142023255363234,-0.122212612031737,0.0527192324086485,-0.0624829762406131,0.0399902304642168,-0.250126710418633,0.103674720166732
16.07322601161,0.126485377812886,-0.142187813520463,-0.121958381132467,0.0530074301502404,-0.0622351292843639,0.0401051606597818,-0.249600023055673,0.104194767302532
16.1846962195303,0.125475110038726,-0.142345292807918,-0.121701224597235,0.0532958332157653,-0.0619859719236439,0.0402189230081988,-0.249068253479534,0.104714443391451
16.2969394898867,0.124462152990543,-0.142495640417428,-0.121441123411003,0.0535844119535348,-0.0617355148904997,0.0403315004025287,-0.24853138191285,0.105233697255257
16.4099611839816,0.123446598763383,-0.142638804941055,-0.121178058844288,0.0538731361718369,-0.0614837691943172,0.0404428758372448,-0.247989389135599,0.10575247704463
16.5237667002994,0.122428540584605,-0.142774736400578,-0.120912012466002,0.0541619751390552,-0.0612307461205042,0.0405530324134247,-0.247442256501617,0.106270730242636
16.6383614747635,0.121408072786115,-0.142903386276371,-0.120642966156421,0.0544508975840825,-0.060976457229056,0.040661953343916,-0.246889965955215,0.106788403668592
16.7537509809962,0.120385290775751,-0.143024707535672,-0.120370902120282,0.0547398716970342,-0.0607209143530056,0.0407696219584721,-0.246332500047892,0.107305443482308
16.8699407305804,0.11936029100783,-0.143138654660194,-0.120095802900002,0.0550288651302682,-0.0604641295967592,0.040876021708856,-0.245769841955131,0.107821795188727
16.9869362733223,0.118333170952878,-0.143245183673062,-0.119817651389014,0.0553178449997191,-0.0602061153343186,0.0409811361739076,-0.245201975493276,0.108337403642966
17.1047431975172,0.117304029066569,-0.143344252165048,-0.119536430845206,0.0556067778865528,-0.0599468842073907,0.0410849490645722,-0.244628885136479,0.108852213055764
17.2233671302159,0.116272964757875,-0.143435819320065,-0.119252124904466,0.0558956298391473,-0.059686449123387,0.0411874442288878,-0.244050556033701,0.109366166999342
17.3428137374936,0.115240078356457,-0.143519845939915,-0.118964717594311,0.0561843663754074,-0.0594248232533128,0.0412886056569264,-0.243466974025774,0.109879208413684
17.4630887247206,0.114205471079321,-0.143596294468242,-0.118674193347612,0.0564729524854182,-0.059162020029549,0.0413884174856888,-0.242878125662493,0.110391279613251
17.5841978368348,0.113169244996747,-0.143665129013687,-0.118380537016389,0.0567613526344449,-0.0588980531435273,0.0414868640039475,-0.242283998219751,0.11090232229412
17.7061468586161,0.11213150299753,-0.143726315372195,-0.118083733885671,0.0570495307662825,-0.058632936543301,0.0415839296570376,-0.241684579716686,0.111412277541567
17.8289416149627,0.111092348753546,-0.143779821048485,-0.117783769687425,0.0573374503069641,-0.0583666844310134,0.0416795990515905,-0.241079858932841,0.111921085838093
17.9525879711692,0.110051886683669,-0.143825615276619,-0.117480630614525,0.0576250741688301,-0.0580993112602641,0.0417738569602097,-0.240469825425325,0.112428687071904
18.0770918332073,0.109010221917063,-0.143863669039682,-0.117174303334771,0.0579123647549663,-0.0578308317333783,0.041866688326085,-0.239854469545959,0.112935020545841
18.2024591480069,0.107967460255886,-0.143893955088534,-0.116864775004933,0.0581992839640134,-0.0575612607985779,0.0419580782675434,-0.239233782458404,0.113440024986778
18.3286959037413,0.106923708137418,-0.143916447959619,-0.116552033284823,0.0584857931953551,-0.057290613647058,0.0420480120825338,-0.238607756155247,0.113943638555477
18.4558081301122,0.105879072595647,-0.143931123991807,-0.11623606635137,0.0587718533546877,-0.0570189057099721,0.0421364752530435,-0.237976383475042,0.114445798856926
18.5838018986386,0.104833661222345,-0.143937961342255,-0.115916862912706,0.0590574248599757,-0.0567461526553256,0.0422234534494441,-0.237339658119298,0.114946442951137
18.7126833229461,0.10378758212766,-0.143936940001271,-0.115594412222235,0.0593424676477984,-0.0564723703847827,0.0423089325347655,-0.236697574669379,0.115445507364435
18.8424585590593,0.102740943900251,-0.143928041806154,-0.11526870409269,0.0596269411800894,-0.0561975750303875,0.0423928985688947,-0.236050128603337,0.115942928101221
18.9731338056957,0.101693855567007,-0.143911250454008,-0.114939728910151,0.0599108044512747,-0.0559217829512015,0.0424753378126983,-0.23539731631263,0.116438640656222
19.1047153045619,0.100646426552362,-0.1438865515135,-0.114607477648024,0.0601940159958106,-0.0556450107298617,0.0425562367320677,-0.234739135118738,0.116932580027236
19.2372093406515,0.0995987666372647,-0.143853932435565,-0.114271941880969,0.060476533896125,-0.05536727516906,0.0426355820018833,-0.234075583289646,0.117424680728357
19.3706222425457,0.0985509859178055,-0.143813382563035,-0.113933113798758,0.0607583157909646,-0.0550885932879474,0.0427133605098981,-0.233406660056192,0.117914876803701
19.5049603827152,0.0975031947635606,-0.143764893139175,-0.113590986220059,0.0610393188841503,-0.0548089823184656,0.0427895593605384,-0.232732365628258,0.118403101841624
19.6402301778248,0.0964555037756667,-0.143708457315135,-0.11324555260613,0.0613194999537416,-0.0545284597016088,0.0428641658786198,-0.232052701210787,0.118889288989439
19.7764380890397,0.0954080237446712,-0.143644070156287,-0.11289680707441,0.0615988153616129,-0.0542470430836169,0.0429371676129782,-0.231367669019627,0.119373370968626
19.9135906223344,0.0943608656081863,-0.143571728647458,-0.112544744411995,0.0618772210634417,-0.0539647503121056,0.043008552340014,-0.230677272297163,0.119855280090544
20.0516943288031,0.0933141404083846,-0.143491431697035,-0.112189360088995,0.0621546726191092,-0.0536815994321331,0.043078308067149,-0.229981515327744,0.120334948272636
20.1907558049731,0.0922679592493694,-0.143403180139953,-0.11183065027174,0.0624311252035149,-0.0533976086822083,0.0431464230361942,-0.229280403452874,0.120812307055141
20.3307816931193,0.0912224332544534,-0.143306976739544,-0.111468611835842,0.0627065336178036,-0.0531127964902415,0.0432128857266285,-0.228573943086164,0.12128728761829
20.4717786815819,0.090177673523383,-0.143202826188264,-0.111103242379092,0.0629808523010048,-0.0528271814694425,0.0432776848587875,-0.227862141728019,0.121759820800008
20.6137535050858,0.0891337910895425,-0.143090735107277,-0.110734540234173,0.063254035342084,-0.052540782414166,0.0433408093969612,-0.227145007980046,0.122229837114106
20.756712945062,0.0880908968771721,-0.142970712044908,-0.110362504481186,0.0635260364924043,-0.0522536182957094,0.0434022485524009,-0.226422551559172,0.122697266768962
20.900663829972,0.0870491016586366,-0.142842767473959,-0.10998713495997,0.0637968091785956,-0.0519657082580642,0.0434619917862343,-0.225694783311453,0.123162039686696
21.0456130356336,0.0860085160117791,-0.142706913787897,-0.109608432282207,0.0640663065158309,-0.0516770716136248,0.0435200288122886,-0.224961715225559,0.123624085522824
21.1915674855492,0.084969250277395,-0.142563165295903,-0.109226397843289,0.0643344813215048,-0.0513877278388558,0.0435763495998218,-0.224223360445909,0.124083333686398
21.338534151237,0.083931414516861,-0.142411538216806,-0.108841033833947,0.0646012861293139,-0.0510976965699223,0.0436309443761615,-0.22347973328546,0.124539713360624
21.4865200525637,0.0828951184699546,-0.14225205067189,-0.108452343251617,0.0648666732037324,-0.0508069975982836,0.0436838036292514,-0.22273084923811,0.124993153523944
21.6355322580795,0.0818604715128977,-0.14208472267659,-0.108060329911536,0.0651305945548809,-0.0505156508662548,0.0437349181101063,-0.221976724990718,0.125443582971591
21.7855778853565,0.0808275826166594,-0.141909576131082,-0.107664998457557,0.0653930019537837,-0.0502236764625378,0.0437842788351745,-0.221217378434714,0.125890930337605
21.9366641013278,0.0797965603055514,-0.141726634809778,-0.107266354372654,0.0656538469480085,-0.0499310946177239,0.0438318770886086,-0.22045282867728,0.126335124117298
22.0887981226306,0.0787675126161506,-0.141535924349733,-0.106864403989129,0.0659130808776836,-0.0496379256997707,0.0438777044244448,-0.219683096052098,0.126776092690167
22.2419872159503,0.0777405470565805,-0.14133747223798,-0.106459154498487,0.066170654891888,-0.0493441902094564,0.0439217526686921,-0.218908202129637,0.127213764343244
22.396238698368,0.0767157705661862,-0.141131307797805,-0.106050613960969,0.066426519965405,-0.0490499087758117,0.0439640139213294,-0.218128169726969,0.127648067294879
22.5515599377096,0.0756932894756334,-0.140917462173963,-0.10563879131474,0.0666806269158352,-0.0487551021515342,0.0440044805582145,-0.217343022917087,0.128078929718939
22.7079583528983,0.0746732094674642,-0.140695968316879,-0.10522369638471,0.06693292642106,-0.0484597912083848,0.0440431452329021,-0.216552787037733,0.128506279769419
22.8654414143084,0.0736556355371409,-0.140466860965814,-0.104805339890978,0.0671833690370483,-0.0481639969325705,0.0440800008783747,-0.21575748869969,0.128930045605454
23.0240166441225,0.0726406719546079,-0.140230176631043,-0.104383733456884,0.0674319052159972,-0.0478677404201135,0.0441150407086842,-0.214957155794543,0.129350155416723
23.1836916166905,0.0716284222264017,-0.139985953575048,-0.103958889616662,0.0676784853247994,-0.0475710428722105,0.0441482582205077,-0.214151817501888,0.129766537449223
23.3444739588916,0.0706189890583378,-0.139734231792742,-0.103530821822675,0.0679230596638263,-0.0472739255905823,0.0441796471946161,-0.213341504295967,0.130179120031416
23.5063713504986,0.0696124743188046,-0.139475052990758,-0.103099544452222,0.0681655784860176,-0.0469764099728167,0.0442092016972579,-0.212526247951727,0.130587831600724
23.6693915245447,0.068608979002689,-0.139208460565815,-0.102665072813911,0.0684059920162684,-0.0466785175077064,0.0442369160814582,-0.211706081550274,0.130992600730367
23.8335422676926,0.0676086031959637,-0.138934499582178,-0.102227423153577,0.0686442504711003,-0.0463802697705823,0.0442627849882349,-0.210881039483719,0.13139335615652
23.9988314206069,0.0666114460409598,-0.138653216748246,-0.101786612659739,0.0688803040786079,-0.0460816884186451,0.0442868033477316,-0.210051157459392,0.131790026805788
24.1652668783283,0.0656176057023518,-0.138364660392288,-0.101342659468582,0.0691141030986682,-0.0457827951862967,0.0443089663802694,-0.209216472503419,0.132182541822969
24.3328565906507,0.0646271793338767,-0.138068880437343,-0.100895582668462,0.0693455978433994,-0.0454836118804713,0.0443292695973188,-0.20837702296364,0.132570830599101
24.5016085625011,0.0636402630458135,-0.137765928375323,-0.100445402303907,0.0695747386978593,-0.0451841603759693,0.0443477088023916,-0.207532848511866,0.132954822799768
24.6715308543219,0.0626569518732435,-0.137455857240332,-0.0999921393791207,0.0698014761409674,-0.0448844626107945,0.044364280091855,-0.206683990145445,0.133334448393658
24.8426315824557,0.0616773397451123,-0.137138721581238,-0.0995358158609667,0.0700257607666399,-0.0445845405814954,0.044378979855668,-0.205830490188146,0.133709637681338
25.0149189195333,0.0607015194541167,-0.136814577433522,-0.0990764546814349,0.0702475433051208,-0.0442844163385125,0.0443918047780425,-0.20497239229033,0.134080321324251
25.1884010948637,0.0597295826274319,-0.136483482290423,-0.0986140797395691,0.0704667746444988,-0.0439841119815323,0.0444027518380283,-0.204109741428407,0.134446430373896
25.3630863948277,0.0587616196983004,-0.13614549507342,-0.0981487159028575,0.0706834058523911,-0.0436836496548482,0.0444118183100258,-0.203242583903572,0.134807896301183
25.538983163273,0.0577977198784988,-0.135800676102079,-0.0976803890080713,0.0708973881977822,-0.0433830515427313,0.0444190017642239,-0.202370967339791,0.135164651025937
25.7160998019135,0.0568379711316978,-0.135449087063284,-0.097209125861548,0.0711086731730014,-0.043082339864809,0.0444243000669678,-0.201494940681056,0.135516626946541
25.89444477073,0.0558824601477321,-0.135090790979888,-0.0967349542389088,0.0713172125158226,-0.0427815368714549,0.0444277113810548,-0.200614554187868,0.135863756969682
26.0740265883745,0.0549312723177929,-0.134725852178822,-0.0962579028842061,0.0715229582316707,-0.042480664839189,0.0444292341659612,-0.199729859432972,0.136205974540189
26.2548538325773,0.0539844917105555,-0.134354336258673,-0.0957780015084926,0.0717258626159199,-0.0421797460660889,0.044428867178,-0.198840909296303,0.136543213670942
26.4369351405564,0.0530422010492563,-0.13397631005679,-0.095295280787808,0.0719258782762635,-0.0418788028672141,0.0444266094704108,-0.197947757959165,0.136875408972823
26.6202792094301,0.0521044816897262,-0.133591841615914,-0.0948097723605774,0.0721229581551427,-0.0415778575700423,0.0444224603933834,-0.19705046089762,0.137202495684695
26.8048947966327,0.0511714135993926,-0.133201000150401,-0.0943215088244162,0.0723170555522129,-0.0412769325099181,0.0444164195940144,-0.196149074875085,0.137524409703374
26.9907907203326,0.0502430753372571,-0.132803856012038,-0.0938305237323383,0.0725081241468339,-0.040976050025516,0.0444084870161998,-0.19524365793413,0.137841087613587
27.1779758598533,0.0493195440348566,-0.132400480655499,-0.0933368515883637,0.0726961180205627,-0.0406752324543173,0.0443986629004629,-0.194334269387483,0.138152466717876
27.3664591560979,0.0484008953782138,-0.131990946603478,-0.092840527842522,0.0728809916796344,-0.0403745021280999,0.0443869477837181,-0.193420969808219,0.138458485066439
27.556249611976,0.0474872035907816,-0.131575327411513,-0.0923415888852507,0.0730627000774094,-0.0400738813684445,0.0443733424989733,-0.192503821019152,0.138759081486867
27.7473562928336,0.0465785414173866,-0.131153697632548,-0.091840072041185,0.0732411986367727,-0.0397733924822533,0.0443578481749687,-0.19158288608141,0.139054195613771
27.9397883268864,0.0456749801091725,-0.13072613278126,-0.0913360155623393,0.0734164432724626,-0.0394730577572857,0.0443404662357557,-0.190658229282211,0.13934376791826
28.1335549056553,0.0447765894095468,-0.130292709298178,-0.0908294586206786,0.0735883904133143,-0.0391728994577073,0.0443211984002135,-0.189729916121812,0.13962773973725
28.3286652844062,0.0438834375411305,-0.129853504513636,-0.0903204413000814,0.0737569970243962,-0.0388729398196561,0.0443000466815069,-0.188798013299662,0.139906053302586
28.5251287825912,0.0429955911937103,-0.129408596611578,-0.0898090045876928,0.0739222206290225,-0.0385732010468221,0.0442770133864828,-0.187862588699742,0.140178651769933
28.7229547842946,0.042113115513192,-0.12895806459326,-0.0892951903646716,0.0740840193306227,-0.0382737053060444,0.044252101115009,-0.186923711375097,0.140445479247435
28.9221527386804,0.0412360740915522,-0.128501988240864,-0.0887790413963307,0.0742423518344484,-0.0379744747229231,0.0442253127592526,-0.185981451531566,0.140706480824094
29.1227321604441,0.040364528957785,-0.128040448081075,-0.0882606013216764,0.0743971774690992,-0.0376755313774469,0.0441966515029007,-0.185035880510716,0.140961602597865
29.324702630267,0.0394985405698389,-0.127573525348628,-0.0877399146423473,0.0745484562078496,-0.0373768972996376,0.0441661208203226,-0.184087070771975,0.14121079170342
29.5280737952738,0.0386381678075374,-0.127101301949877,-0.0872170267109581,0.0746961486897559,-0.0370785944652098,0.0441337244756738,-0.183135095873988,0.14145399633957
29.7328553694936,0.0377834679664779,-0.126623860426395,-0.0866919837188527,0.0748402162405273,-0.0367806447912477,0.0440994665219424,-0.182180030455178,0.141691165796319
29.9390571343235,0.0369344967529012,-0.126141283918653,-0.0861648326832722,0.0749806208931397,-0.0364830701318977,0.0440633512999372,-0.181221950213546,0.141922250481517
30.1466889389963,0.0360913082795218,-0.125653656129793,-0.085635621433943,0.0751173254081762,-0.0361858922740781,0.0440253834372194,-0.180260931885697,0.142147201947093
30.3557607010504,0.0352539550623108,-0.125161061289528,-0.0851043985990921,0.0752502932938736,-0.035889132933205,0.0439855678469751,-0.179297053225119,0.142365972914842
30.566282406804,0.0344224880182207,-0.124663584118198,-0.0845712135908967,0.0753794888258591,-0.0355928137489358,0.0439439097268316,-0.178330392979703,0.142578517301744
30.7782641118319,0.033596956463841,-0.124161309791009,-0.084036116590376,0.0755048770665568,-0.0352969562809292,0.0439004145576152,-0.177361030868546,0.142784790244777
30.9917159414457,0.0327774081149725,-0.123654323902472,-0.0834991585317343,0.0756264238842482,-0.0350015820046235,0.0438550881020521,-0.176389047558024,0.142984748125225
31.2066480911777,0.0319638890871072,-0.12314271243109,-0.0829603910861627,0.0757440959717676,-0.0347067123070317,0.0438079364034108,-0.175414524637152,0.14317834859243
31.4230708272674,0.0311564438968011,-0.122626561704289,-0.0824198666451122,0.0758578608648169,-0.0344123684825549,0.043758965784087,-0.174437544592256,0.143365550586982
31.6409944871527,0.0303551154639248,-0.122105958363641,-0.0818776383030457,0.0759676869598805,-0.0341185717288146,0.0437081828441301,-0.17345819078097,0.143546314363322
31.8604294799627,0.0295599451147771,-0.121580989330398,-0.0813337598396817,0.0760735435317257,-0.0338253431425029,0.0436555944597115,-0.172476547405553,0.143720601511724
32.0813862870155,0.0287709725860461,-0.121051741771346,-0.0807882857017402,0.0761754007504712,-0.0335327037152525,0.0436012077815343,-0.171492699485578,0.143888374979651
32.3038754623189,0.0279882360296012,-0.120518303065021,-0.0802412709842047,0.0762732296982086,-0.0332406743295259,0.0435450302331843,-0.170506732829975,0.144049599092446
32.5279076330741,0.0272117720180995,-0.1199807607683,-0.0796927714111107,0.0763670023851596,-0.0329492757545251,0.0434870695094216,-0.169518734008472,0.144204239573351
32.7534935001834,0.026441615551388,-0.119439202583383,-0.0791428433158762,0.0764566917653562,-0.0326585286421219,0.0434273335744125,-0.168528790322441,0.144352263562826
32.9806438387618,0.0256778000636848,-0.118893716325196,-0.0785915436211866,0.076542271751827,-0.0323684535228093,0.0433658306599029,-0.167536989775168,0.144493639637148
33.2093694986511,0.0249203574315203,-0.118344389889231,-0.0780389298184498,0.0766237172312771,-0.0320790708016755,0.0433025692633297,-0.166543421041575,0.144628337826272
33.4396814049384,0.0241693179824178,-0.117791311219833,-0.0774850599468344,0.0767010040782464,-0.0317904007543997,0.0432375581458738,-0.165548173437409,0.144756329630939
33.6715905584778,0.023424710504297,-0.117234568278974,-0.0769299925719089,0.0767741091687336,-0.031502463523272,0.0431708063304505,-0.164551336887922,0.144877588039004
33.9051080364161,0.022686562255577,-0.116674249015501,-0.076373786763896,0.0768430103932738,-0.0312152791132379,0.0431023230996405,-0.163553001896064,0.144992087540977
34.1402449927217,0.0219548989759611,-0.116110441334905,-0.0758165020755589,0.0769076866694567,-0.0309288673879668,0.0430321179935582,-0.162553259510214,0.145099804144753
34.3770126587175,0.0212297448978808,-0.115543233069599,-0.0752581985197363,0.0769681179538733,-0.0306432480659478,0.0429602008076588,-0.161552201291474,0.145200715389518
34.6154223436172,0.0205111227585795,-0.114972711949744,-0.074698936546544,0.0770242852534816,-0.0303584407166121,0.0428865815904836,-0.160549919280543,0.145294800358819
34.8554854350656,0.0197990538128133,-0.114398965574617,-0.0741387770202595,0.0770761706363792,-0.0300744647564831,0.0428112706413427,-0.159546505964209,0.145382039692772
35.0972133996824,0.0190935578461473,-0.113822081384546,-0.0735777811959084,0.0771237572419744,-0.0297913394453564,0.0427342785079348,-0.158542054241469,0.145462415599418
35.3406177836102,0.0183946531888271,-0.113242146633424,-0.0730160106955705,0.0771670292905446,-0.0295090838825096,0.042655615983905,-0.157536657389321,0.145535911865185
35.5857102130658,0.0177023567302014,-0.112659248361804,-0.0724535274844251,0.0772059720921756,-0.029227717002944,0.0425752941063383,-0.156530409028238,0.145602513864475
35.8325023948954,0.0170166839336746,-0.112073473370596,-0.0718903938465528,0.0772405720550726,-0.0289472575736587,0.0424933241531915,-0.15552340308736,0.145662208568334
36.081006117134,0.0163376488521675,-0.111484908195371,-0.0713266723605148,0.077270816693235,-0.028667724189959,0.0424097176406603,-0.154515733769436,0.145714984552225
36.3312332495683,0.0156652641440621,-0.110893639081282,-0.0707624258747279,0.0772966946334901,-0.0283891352718001,0.0423244863204832,-0.153507495515525,0.145760832002879
36.5831957443038,0.0149995410896096,-0.110299751958606,-0.070197717482655,0.0773181956218781,-0.0281115090601677,0.0422376421771828,-0.152498782969512,0.145799742724214
36.8369056363357,0.014340489607778,-0.109703332418924,-0.0696326104978321,0.0773353105293842,-0.027834863613496,0.0421491974252418,-0.15148969094244,0.145831710142327
37.0923750441235,0.0136881182735171,-0.109104465691936,-0.0690671684287501,0.0773480313570126,-0.0275592168041269,0.042059164506217,-0.150480314376708,0.145856729309545
37.3496161701702,0.0130424343354185,-0.108503236622919,-0.0685014549536128,0.0773563512401984,-0.0272845863148086,0.0419675560857892,-0.149470748310148,0.145874796907532
37.6086413016048,0.0124034437337474,-0.107899729650838,-0.0679355338949916,0.0773602644525553,-0.0270109896352383,0.0418743850507492,-0.148461087840023,0.145885911249451
37.8694628107695,0.0117711511188244,-0.107294028787107,-0.0673694691943953,0.0773597664089554,-0.0267384440586482,0.0417796645059216,-0.147451428086966,0.145890072281174
38.1320931558105,0.0111455598697349,-0.106686217595009,-0.0668033248867781,0.0773548536679396,-0.0264669666784376,0.041683407771025,-0.146441864158895,0.145887281581544
38.3965448812729,0.0105266721133428,-0.106076379169774,-0.0662371650750043,0.0773455239334583,-0.0261965743848528,0.0415856283774695,-0.145432491114925,0.145877542361681
38.6628306187004,0.00991448874358855,-0.105464596119319,-0.0656710539042912,0.0773317760559409,-0.0259272838617158,0.0414863400650927,-0.144423403929325,0.145860859463338
38.9309630872381,0.00930900944104657,-0.104850950545651,-0.0651050555366494,0.0773136100326962,-0.0256591115832035,0.0413855567788329,-0.143414697455524,0.145837239356313
39.2009550942403,0.00871023269272343,-0.10423552402693,-0.064539234125343,0.077291027007642,-0.0253920738106804,0.0412832926653415,-0.142406466390211,0.145806690134905
39.4728195358824,0.00811815581207285,-0.103618397600198,-0.0639736537893874,0.0772640292703692,-0.025126186589584,0.0411795620695349,-0.141398805237565,0.145769221513435
39.7465693977764,0.00753277495920743,-0.10299965174477,-0.0634083785881066,0.0772326202545396,-0.0248614657463673,0.0410743795310853,-0.140391808273616,0.14572484482082
40.0222177555915,0.0069540851612858,-0.102379366366281,-0.0628434724957701,0.0771968045356227,-0.024597926885498,0.0409677597808536,-0.139385569510804,0.145673572994221
40.2997777756789,0.00638208033305397,-0.101757620781395,-0.0622789993763275,0.0771565878279749,-0.0243355853865179,0.0408597177372619,-0.138380182662728,0.145615420571758
40.5792627157,0.00581675329752127,-0.101134493703168,-0.0617150229582632,0.0771119769812648,-0.0240744564011623,0.04075026850261,-0.137375741109139,0.145550403684314
40.8606859252603,0.00525809580674972,-0.100510063227058,-0.061151606809588,0.0770629799762505,-0.0238145548505429,0.0406394273593337,-0.136372337861191,0.145478540046419
41.1440608465467,0.00470609856273772,-0.0998844068175915,-0.0605888143129885,0.0770096059199155,-0.0235558954223944,0.0405272097662079,-0.135370065526987,0.145399848946243
41.4294010149697,0.00416075123837826,-0.0992576012956636,-0.0600267086411528,0.0769518650399679,-0.0232984925683882,0.0404136313544952,-0.134369016277438,0.145314351234689
41.7167200598098,0.00362204249847231,-0.0986297228264796,-0.0594653527322912,0.0768897686787114,-0.0230423605015123,0.0402987079240401,-0.133369281812465,0.145222069313617
42.0060317048688,0.00308996002077924,-0.0980008469081277,-0.0589048092658696,0.0768233292862954,-0.0227875131935222,0.0401824554393115,-0.13237095332758,0.145123027123194
42.2973497691249,0.00256449051708525,-0.0973710483607763,-0.0583451406385753,0.0767525604133531,-0.0225339643724618,0.040064890025394,-0.13137412148085,0.145017250128394
42.5906881673929,0.00204561975427219,-0.0967404013164898,-0.0577864089405305,0.0766774767030349,-0.0222817275202571,0.0399460279639288,-0.130378876360296,0.144904765304659
42.8860609109892,0.0015333325753692,-0.0961089792096551,-0.0572286759317734,0.0765980938824493,-0.0220308158703842,0.0398258856890078,-0.129385307451729,0.144785601122735
43.1834821084004,0.00102761292057004,-0.0954768547680111,-0.0566720030190211,0.0765144287535185,-0.021781242405613,0.0397044797830192,-0.12839350360706,0.144659787532701
43.4829659659579,0.000528443848199328,-0.0948441000042734,-0.0561164512327333,0.0764264991832617,-0.0215330198558273,0.039581826972449,-0.127403553013102,0.144527355947207
43.7845267885158,3.5807555611618e-05,-0.0942107862083446,-0.0555620812044906,0.0763343240935151,-0.021286160695925,0.0394579441236385,-0.126415543160893,0.144388339223933
44.0881789801347,-0.000450314599992429,-0.0935769839401014,-0.0550089531447052,0.0762379234501025,-0.0210406771437966,0.0393328482385001,-0.12542956081555,0.144242771647297
44.3939370447695,-0.000929942080848277,-0.0929427630227498,-0.0544571268206764,0.0761373182514663,-0.020796581158386,0.0392065564501929,-0.124445691986691,0.144090688909425
44.701815586962,-0.00140309514802279,-0.092308192536737,-0.0539066615350087,0.0760325305167733,-0.020553884437834,0.0390790860187599,-0.123464021899434,0.143932128090398
45.0118293125388,-0.00186979484093697,-0.0916733408142109,-0.0533576161044033,0.0759235832735069,-0.0203125984177045,0.038950454326729,-0.122484634965996,0.143767127637808
45.3239930293136,-0.00233006295702985,-0.0910382754340169,-0.0528100488388394,0.0758105005445605,-0.0200727342692973,0.0388206788746792,-0.121507614757915,0.143595727345635
45.6383216477945,-0.00278392203157718,-0.0904030632172193,-0.0522640175211565,0.075693307334844,-0.0198343028980459,0.0386897772767748,-0.120533043978908,0.143417968332462
45.954830181896,-0.00323139531767752,-0.0897677702231383,-0.0517195793870514,0.0755720296174197,-0.0195973149420026,0.0385577672562685,-0.119561004438386,0.143233893019064
46.2735337496566,-0.00367250676641819,-0.0891324617458901,-0.0511767911055005,0.0754466943191804,-0.0193617807704119,0.0384246666409766,-0.11859157702564,0.143043545105386
46.5944475739604,-0.00410728100723288,-0.0884972023114178,-0.0506357087596209,0.0753173293060856,-0.0191277104823734,0.0382904933587278,-0.11762484168472,0.142846969546923
46.9175869832646,-0.00453574332846243,-0.0878620556750032,-0.0500963878279785,0.07518396336797,-0.0188951139055937,0.0381552654327876,-0.116660877390008,0.142644212530541
47.2429674123316,-0.00495791965812927,-0.0872270848192442,-0.0495588831663556,0.0750466262029405,-0.0186640005952297,0.0380190009772614,-0.115699762122522,0.142435321449761
47.5706044029659,-0.00537383654493625,-0.0865923519524893,-0.0490232489899865,0.074905348401377,-0.0184343798328228,0.0378817181924774,-0.114741572846939,0.142220344879515
47.9005136047569,-0.00578352113949947,-0.085957918507713,-0.0484895388562707,0.0747601614295524,-0.0182062606253255,0.0377434353603521,-0.113786385489365,0.141999332550414
48.2327107758263,-0.00618700117582428,-0.0853238451418219,-0.0479578056479714,0.0746110976128891,-0.0179796517042201,0.0376041708397411,-0.112834274915864,0.141772335322551
48.5672117835806,-0.00658430495303356,-0.0846901917353782,-0.0474281015569083,0.0744581901188666,-0.0177545615247308,0.0374639430617768,-0.111885314911743,0.141539405158853
48.904032605469,-0.00697546131735636,-0.0840570173927263,-0.0469004780681508,0.0743014729395983,-0.0175309982651288,0.0373227705251954,-0.110939578161624,0.141300595098017
49.243189329747,-0.00736049964438473,-0.0834243804425116,-0.0463749859447197,0.0741409808740918,-0.0173089698261316,0.0371806717916565,-0.109997136230283,0.141055959227059
49.5846981562442,-0.00773944982160605,-0.0827923384385768,-0.0458516752128019,0.0739767495102125,-0.0170884838303957,0.0370376654810559,-0.109058059544297,0.140805552653485
49.9285753971387,-0.00811234223121762,-0.082160948161223,-0.0453305951474843,0.0738088152063634,-0.0168695476221032,0.036893770266836,-0.108122417374477,0.140549431477129
50.2748374777359,-0.00847920773322977,-0.0815302656188226,-0.044811794259013,0.0736372150729011,-0.0166521682666438,0.0367490048712947,-0.107190277819113,0.140287652761669
50.6235009372529,-0.00884007764886344,-0.0809003460497703,-0.0442953202795791,0.0734619869533032,-0.016436352550389,0.0366033880608955,-0.106261707788019,0.140020274505854
50.974582429609,-0.00919498374424717,-0.0802712439247594,-0.0437812201506383,0.0732831694051037,-0.016222106980562,0.0364569386415816,-0.105336772987398,0.139747355614468
51.3280987242209,-0.00954395821441905,-0.0796430129493694,-0.0432695400107645,0.0731008016806137,-0.0160094377852005,0.0363096754540962,-0.104415537905524,0.139468955869054
51.6840667068035,-0.00988703366763698,-0.0790157060669526,-0.0427603251840418,0.072914923707445,-0.0157983509132131,0.036161617369311,-0.103498065799235,0.139185135898419
52.0425033801768,-0.010224243110002,-0.0783893754618055,-0.0422536201689964,0.0727255760688507,-0.0155888520345297,0.0360127832835657,-0.102584418681255,0.138895957148963
52.4034258650778,-0.0105556199303975,-0.0777640725626123,-0.0417494686280686,0.0725327999839028,-0.0153809465403436,0.0358631921140202,-0.101674657308329,0.138601481854833
52.7668514009784,-0.0108811978857481,-0.0771398480461472,-0.0412479133776281,0.0723366372875201,-0.0151746395434471,0.0357128627940233,-0.100768841170185,0.138301773007946
53.1327973469088,-0.0112010110865996,-0.0765167518412228,-0.0407489963785303,0.0721371304103654,-0.0149699358786575,0.0355618142684976,-0.0998670284793071,0.137996894327901
53.5012811822866,-0.0115150939830225,-0.0758948331328703,-0.0402527587272155,0.0719343223586261,-0.0147668401033359,0.0354100654893463,-0.0989692761615334,0.137686910231797
53.8723205077517,-0.0118234813508417,-0.0752741403667411,-0.0397592406473486,0.0717282566936961,-0.0145653564979949,0.0352576354108804,-0.0980756398474644,0.137371885803998
54.2459330460073,-0.0121262082781918,-0.0746547212537138,-0.0392684814819996,0.0715189775117738,-0.0143654890669965,0.0351045429852715,-0.0971861738646821,0.137051886765849
54.6221366426659,-0.0124233101524003,-0.0740366227746969,-0.0387805196863609,0.0713065294233923,-0.0141672415393392,0.0349508071580313,-0.0963009312307764,0.136726979445387
55.0009492671021,-0.0127148226471983,-0.0734198911856125,-0.0382953928210021,0.0710909575328969,-0.0139706173695322,0.0347964468635189,-0.0954199636471724,0.136397230747051
55.3823890133107,-0.0130007817102589,-0.0728045720225501,-0.0378131375456561,0.0708723074178866,-0.0137756197385564,0.0346414810204801,-0.0945433214937523,0.136062708121436
55.7664741007712,-0.013281223551063,-0.0721907101070769,-0.0373337896135365,0.0706506251086323,-0.0135822515549122,0.034485928527619,-0.0936710538242668,0.135723479535094
56.1532228753178,-0.0135561846290915,-0.0715783495516943,-0.0368573838661804,0.0704259570674887,-0.0133905154557506,0.0343298082592047,-0.0928032083625278,0.135379613440412
56.5426538100157,-0.0138257016423428,-0.0709675337654266,-0.0363839542288133,0.0701983501683137,-0.0132004138080889,0.0341731390607145,-0.0919398314993735,0.1350311787456
56.9347855060436,-0.0140898115161741,-0.0703583054595322,-0.0359135337062317,0.0699678516759084,-0.0130119487101076,0.0340159397445168,-0.0910809682903994,0.134678244784787
57.3296366935823,-0.0143485513924648,-0.069750706653324,-0.035446154379198,0.069734509225494,-0.0128251219925295,0.033858229085594,-0.0902266624544433,0.134320881288271
57.7272262327089,-0.014601958619099,-0.0691447786800894,-0.0349818474013429,0.069498370802237,-0.0126399352200769,0.033700025817308,-0.0893769563728169,0.133959158352926
58.1275731142982,-0.0148500707397663,-0.0685405621930973,-0.0345206429965691,0.0692594847208373,-0.0124563896930086,0.0335413486272099,-0.0885318910892715,0.133593146412797
58.5306964609293,-0.0150929254840752,-0.0679380971716827,-0.0340625704569506,0.0690178996051917,-0.012274486448732,0.0333822161528959,-0.0876915063106879,0.133222916209889
58.9366155277994,-0.0153305607579791,-0.0673374229273964,-0.0336076581411209,0.0687736643681463,-0.0120942262634922,0.0332226469779109,-0.0868558404084783,0.132848538765192
59.3453497036433,-0.0155630146345092,-0.066738578110212,-0.0331559334731436,0.0685268281913485,-0.0119156096541333,0.0330626596277004,-0.0860249304206884,0.132470085349935
59.7569185116595,-0.0157903253448107,-0.0661416007147765,-0.032707422941858,0.0682774405052125,-0.011738636879933,0.0329022725656144,-0.0851988120547868,0.132087627457108
60.1713416104428,-0.0160125312694799,-0.0655465280866992,-0.0322621521006933,0.0680255509690085,-0.0115633079445071,0.0327415041889627,-0.0843775196911288,0.131701236773248
60.5886387949234,-0.0162296709301952,-0.064953396928864,-0.0318201455679425,0.0677712094510878,-0.0113896225977836,0.0325803728251234,-0.0835610863870812,0.131310985150531
61.0088299973121,-0.0164417829816406,-0.0643622433077606,-0.0313814270274888,0.0675144660092536,-0.0112175803380429,0.0324188967277076,-0.0827495438817936,0.130916944579165
61.4319352880526,-0.0166489062037134,-0.0637731026598223,-0.0309460192299767,0.0672553708712899,-0.0110471804140254,0.032257094072779,-0.0819429226016032,0.130519187160111
61.8579748767801,-0.0168510794940143,-0.0631860097977623,-0.0305139439944189,0.0669939744156563,-0.0108784218271013,0.0320949829551315,-0.0811412516660559,0.130117785078143
62.2869691132868,-0.0170483418606119,-0.0626009989169011,-0.0300852222102311,0.0667303271523604,-0.010711303333503,0.0319325813846257,-0.0803445588945319,0.129712810575259
62.7189384884933,-0.0172407324150782,-0.062018103601475,-0.0296598738396845,0.0664644797040161,-0.0105458234466189,0.0317699072825844,-0.0795528708134584,0.129304335924464
63.1539036354283,-0.0174282903657878,-0.0614373568309189,-0.0292379179207695,0.0661964827870979,-0.0103819804393441,0.031606978478249,-0.0787662126640936,0.128892433403932
63.5918853302131,-0.0176110550114758,-0.0608587909861155,-0.0288193725704593,0.0659263871933976,-0.0102197723464892,0.0314438127052979,-0.0779846084108676,0.128477175271562
64.032904493055,-0.0177890657350482,-0.0602824378556026,-0.0284042549883656,0.0656542437716955,-0.0100591969672433,0.0312804275984271,-0.0772080807502634,0.128058633739938
64.4769821892457,-0.0179623619976383,-0.0597083286417333,-0.0279925814607758,0.065380103409649,-0.00990025186769104,0.0311168406899944,-0.076436651120221,0.127636880951705
64.9241396301678,-0.0181309833329026,-0.0591364939667796,-0.0275843673650642,0.0651040170159111,-0.00974293438338018,0.0309530694067272,-0.0756703397100496,0.127211988955372
65.3743981743082,-0.0182949693415502,-0.0585669638789759,-0.0271796271744654,0.0648260355024822,-0.00958724162193908,0.0307891310664963,-0.0749091654708298,0.126784029681556
65.827779328278,-0.0184543596860981,-0.0579997678584931,-0.0267783744632017,0.0645462097673037,-0.00943317046574201,0.0306250428751542,-0.0741531461262902,0.126353074919662
66.2843047478397,-0.0186091940858472,-0.0574349348233404,-0.0263806219119547,0.0642645906770994,-0.0092807175746202,0.0304608219234399,-0.073402298184141,0.125919196295033
66.7439962389419,-0.0187595123120694,-0.0568724931351868,-0.0259863813136707,0.0639812290504709,-0.0091298793886171,0.0302964851839504,-0.0726566369478476,0.125482465246545
67.2068757587607,-0.0189053541834018,-0.0563124706050982,-0.0255956635796907,0.0636961756412517,-0.00898065213078587,0.0301320495081796,-0.0719161765288274,0.125042953004688
67.6729654167483,-0.0190467595614385,-0.0557548944991848,-0.0252084787461953,0.0634094811221272,-0.00883303181002736,0.0299675316236237,-0.0711809298590529,0.124600730570114
68.1422874756894,-0.0191837683465143,-0.0551997915441546,-0.0248248359809536,0.0631211960685229,-0.00868701422396679,0.0298029481309564,-0.0704509087040435,0.124155868692671
68.6148643527643,-0.0193164204736716,-0.0546471879327673,-0.0244447435903676,0.0628313709427681,-0.00854259496186727,0.0296383155012701,-0.0697261236762294,0.123708437850929
69.0907186206199,-0.0194447559088051,-0.0540971093291865,-0.0240682090268018,0.0625400560785372,-0.00839976940757864,0.0294736500733874,-0.0690065842486706,0.123258508232197
69.5698730084476,-0.0195688146449745,-0.0535495808742241,-0.0236952388961879,0.0622473016655739,-0.00825853274251946,0.0293089680512403,-0.0682922987691139,0.122806149713035
70.0523504030693,-0.0196886366988802,-0.0530046271904762,-0.0233258389658946,0.0619531577347001,-0.0081188799486908,0.0291442855013184,-0.0675832744743707,0.122351431840278
70.5381738500302,-0.0198042621074926,-0.0524622723873443,-0.0229600141728544,0.061657674143116,-0.00798080581171995,0.0289796183501865,-0.066879517504999,0.121894423812554
71.0273665547,-0.0199157309248286,-0.0519225400659417,-0.0225977686319352,0.06136090055999,-0.00784430492393233,0.0288149823820706,-0.0661810329202735,0.121435194462318
71.5199518833807,-0.0200230832188673,-0.0513854533238805,-0.0222391056445494,0.0610628864523448,-0.00770937168744997,0.028650393236513,-0.0654878247134257,0.120973812238395
72.0159533644237,-0.0201263590685979,-0.050851034759938,-0.0218840277074896,0.0607636810712398,-0.00757600031731484,0.0284858664060969,-0.0647998958271384,0.120510345189033
72.5153946893524,-0.0202255985611916,-0.0503193064786006,-0.0215325365219821,0.0604633334382525,-0.00744418484463566,0.0283214172342391,-0.0641172481692794,0.120044860945471
73.0182997139948,-0.020320841789291,-0.049790290094483,-0.0211846330029481,0.0601618923322609,-0.00731391911975616,0.0281570609130524,-0.0634398826288558,0.119577426706021
73.5246924596224,-0.0204121288484087,-0.0492640067366211,-0.0208403172884646,0.0598594062765279,-0.00718519681544353,0.0279928124812756,-0.0627677990921746,0.119108109220664
74.0345971140979,-0.0204994998344277,-0.0487404770526388,-0.0204995887494143,0.0595559235260889,-0.00705801143009546,0.0278286868222728,-0.0621009964591935,0.118636974776159
74.5480380330304,-0.0205829948411974,-0.0482197212127864,-0.0201624459993167,0.059251492055444,-0.00693235629096414,0.0276646986621003,-0.0614394726600462,0.118164089181667
75.0650397409388,-0.0206626539582167,-0.047701758913851,-0.0198288869043306,0.0589461595465551,-0.00680822455739584,0.027500862567642,-0.0607832246717265,0.117689517754881
75.585626932423,-0.0207385172683971,-0.0471866093829378,-0.0194989085934203,0.0586399733771479,-0.00668560922408454,0.0273371929448116,-0.0601322485349171,0.117213325308679
76.1098244733437,-0.0208106248458995,-0.0466742913811237,-0.0191725074686746,0.0583329806093205,-0.00656450312433819,0.0271737040368234,-0.0594865393709466,0.116735576138268
76.6376574020103,-0.0208790167540372,-0.046164823206982,-0.0188496792157736,0.0580252279784566,-0.00644489893335622,0.0270104099225285,-0.0588460913988621,0.116256334008849
77.1691509303763,-0.0209437330432369,-0.0456582226999795,-0.0185304188145905,0.0577167618824447,-0.00632678917151689,0.026847324514819,-0.0582108979526008,0.11577566214377
77.7043304452438,-0.0210048137490538,-0.0451545072437465,-0.0182147205499244,0.0574076283712018,-0.00621016620767314,0.0266844615590976,-0.0575809514982486,0.115293623213195
78.2432215094763,-0.0210622988902308,-0.0446536937692213,-0.017902578022353,0.0570978731365017,-0.00609502226245568,0.0265218346318127,-0.0569562436513702,0.114810279323252
78.7858498632195,-0.0211162284667972,-0.0441557987576696,-0.0175939841591978,0.0567875415021063,-0.00598134941158193,0.0263594571390599,-0.0563367651943983,0.114325692005685
79.3322414251308,-0.0211666424581996,-0.0436608382435811,-0.0172889312255959,0.0564766784142,-0.00586913958916966,0.026197342315247,-0.0557225060940684,0.113839922207985
79.8824222936175,-0.0212135808214593,-0.0431688278174444,-0.0169874108356674,0.0561653284321245,-0.0057583845910541,0.0260355032218245,-0.0551134555188855,0.113353030284008
80.436418748083,-0.0212570834893489,-0.0426797826284029,-0.0166894139637739,0.0558535357194142,-0.00564907607810724,0.0258739527460788,-0.0545096018566116,0.112865075985071
80.9942572501823,-0.0212971903685829,-0.0421937173867937,-0.0163949309558589,0.0555413440351295,-0.00554120557955826,0.0257127035999896,-0.0539109327317606,0.112376118451515
81.555964445086,-0.0213339413380164,-0.0417106463665706,-0.016103951540864,0.055228796725487,-0.00543476449631389,0.02555176831915,-0.0533174350230879,0.111886216204743
82.121567162753,-0.021367376246845,-0.0412305834076167,-0.0158164648422126,0.054915936715785,-0.00532974410427767,0.0253911592617478,-0.0527290948810659,0.111395427139709
82.6910924192116,-0.0213975349128018,-0.0407535419179463,-0.0155324593893554,0.0546028065026214,-0.00522613555766695,0.02523088860761,-0.0521458977453305,0.110903808517872
83.2645674178507,-0.0214244571203455,-0.0402795348758008,-0.0152519231293704,0.0542894481464027,-0.00512392989232667,0.0250709683573069,-0.0515678283620901,0.110411416960586
83.8420195507184,-0.0214481826188336,-0.0398085748316424,-0.0149748434386111,0.0539759032641426,-0.00502311802903886,0.0249114103313178,-0.0509948708014857,0.109918308442948
84.423476399831,-0.0214687511206764,-0.0393406739100466,-0.0147012071343956,0.0536622130225458,-0.00492369077682686,0.0247522261692559,-0.0504270084748912,0.109424538288065
85.0089657384898,-0.0214862022994675,-0.0388758438114997,-0.0144310004867316,0.0533484181313774,-0.00482563883625333,0.0245934273291528,-0.0498642241521451,0.108930161161758
85.5985155326084,-0.0215005757880844,-0.0384140958141031,-0.0141642092300705,0.0530345588371128,-0.00472895280271114,0.0244350250868017,-0.0493064999787025,0.108435231067688
86.1921539420481,-0.0215119111767563,-0.0379554407751899,-0.0139008185750844,0.0527206749168677,-0.00463362316970616,0.0242770305351585,-0.0487538174926997,0.107939801342886
86.7899093219629,-0.0215202480110943,-0.0374998891328553,-0.0136408132204609,0.0524068056726039,-0.00453964033213108,0.0241194545838009,-0.0482061576419207,0.107443924653706
87.3918102241541,-0.0215256257900793,-0.0370474509074082,-0.0133841773647093,0.0520929899256092,-0.00444699458952949,0.0239623079584433,-0.0476635008006587,0.106947652992155
87.9978853984339,-0.0215280839640049,-0.0365981357027455,-0.013130894717973,0.0517792660112486,-0.00435567614934928,0.0238056012005095,-0.0471258267864624,0.106451037672636
88.6081637939989,-0.0215276619323708,-0.0361519527076551,-0.0128809485138434,0.0514656717739832,-0.00426567513018461,0.0236493446667592,-0.0465931148767615,0.105954129329054
89.2226745608124,-0.0215243990417234,-0.0357089106970511,-0.0126343215211687,0.0511522445626546,-0.00417698156500553,0.0234935485289713,-0.0460653438253606,0.105456977912313
89.8414470509972,-0.0215183345834406,-0.0352690180331467,-0.0123909960558535,0.0508390212260317,-0.00408958540437475,0.0233382227736805,-0.0455424918787978,0.104959632688171
90.4645108202374,-0.021509507791458,-0.0348322826665686,-0.0121509539926443,0.0505260381086162,-0.00400347651965048,0.0231833772019676,-0.0450245367925584,0.104462142235453
91.0918956291901,-0.0214979578399332,-0.0343987121374184,-0.0119141767768954,0.0502133310467055,-0.00391864470617484,0.0230290214293037,-0.0445114558471371,0.103964554444623
91.7236314449071,-0.0214837238408455,-0.0339683135762857,-0.0116806454363115,0.0499009353647076,-0.00383507968644706,0.0228751648854464,-0.0440032258639448,0.103466916516687
92.3597484422661,-0.0214668448415303,-0.033541093705217,-0.0114503405926614,0.0495888858717063,-0.0037527711132807,0.022721816814388,-0.0434998232210509,0.102969274962441
93.0002770054119,-0.0214473598221439,-0.0331170588386467,-0.0112232424734592,0.049277216858274,-0.00367170857294436,0.0225689862743552,-0.0430012238687573,0.102471675602036
93.645247729208,-0.0214253076930581,-0.0326962148842938,-0.0109993309236087,0.0489659620935271,-0.00359188158828503,0.0224166821378592,-0.0425074033449981,0.101974163564865
94.2946914206979,-0.0214007272921834,-0.0322785673440312,-0.0107785854170057,0.0486551548224224,-0.00351327962183359,0.022264913091796,-0.0420183367905606,0.101476783289756
94.9486391005764,-0.0213736573822184,-0.0318641213147301,-0.0105609850680966,0.048344827763291,-0.00343589207889176,0.0221136876375966,-0.0415339989641213,0.100979578525469
95.6071220046713,-0.0213441366478246,-0.0314528814890873,-0.0103465086433857,0.0480350131056051,-0.00335970831059985,0.0219630140914252,-0.0410543642570939,0.100482592331482
96.2701715854358,-0.0213122036927258,-0.0310448521564382,-0.010135134572892,0.0477257425079769,-0.00328471761698474,0.0218129005844265,-0.0405794067082847,0.0999858670790599
96.9378195134503,-0.0212778970367318,-0.0306400372035624,-0.00992684096154682,0.0474170470963835,-0.00321090924998749,0.0216633550630202,-0.0401091000183511,0.0994894444526024
97.6100976789355,-0.0212412551126853,-0.0302384401154862,-0.00972160560053343,0.0471089574626172,-0.00313827241646997,0.0215143852892428,-0.0396434175640599,0.0989933654512545
98.2870381932754,-0.0212023162633315,-0.0298400639762862,-0.00951940597856118,0.0468015036629554,-0.00306679628119994,0.021365998841136,-0.039182332412342,0.0984976703907779
98.9686733905512,-0.0211611187381118,-0.0294449114699011,-0.00932021929307345,0.0464947152170489,-0.00299646996981403,0.0212182031131804,-0.0387258173341405,0.0980023989056723
99.6550358290861,-0.0211177006898805,-0.029052984880955,-0.00912402246138493,0.0461886211070236,-0.0029272825717581,0.0210710053167751,-0.0382738448180494,0.0975075899515383
100.346158292999,-0.0210721001715451,-0.0286642860955974,-0.00893079213174525,0.045883249776794,-0.00285922314320424,0.020924412480762,-0.0378263870837402,0.0970132818076737
101.042073793774,-0.0210243551326314,-0.0282788166023663,-0.00874050469432586,0.0455786291315829,-0.00279228070994414,0.0207784314519937,-0.0373834160951737,0.0965195120798958
101.742815571832,-0.0209745034157741,-0.0278965774930766,-0.0085531362921274,0.0452747865376465,-0.00272644427025817,0.0206330688959454,-0.0369449035735967,0.0960263177035819
102.448417098122,-0.0209225827531339,-0.0275175694637413,-0.00836866283180427,0.0449717488221996,-0.00266170279775955,0.02048833129737,-0.0365108210103191,0.095533734946918
103.15891207572,-0.0208686307627417,-0.0271417928155286,-0.00818705999440371,0.0446695422735387,-0.0025980452442132,0.0203442249609943,-0.036081139679272,0.0950417994143502
103.874334441436,-0.0208126849447729,-0.0267692474557596,-0.0080083032460168,0.0443681926413591,-0.0025354605423288,0.0202007560122588,-0.0356558306493449,0.0945505460502296
104.594718367439,-0.0207547826777524,-0.026399932898952,-0.0078323678483385,0.0440677251372626,-0.00247393760852745,0.0200579303980971,-0.0352348647964999,0.0940600091426435
105.320098262886,-0.0206949612146917,-0.026033848267913,-0.0076592288691342,0.0437681644354534,-0.00241346534568141,0.0199157538877569,-0.0348182128156636,0.0935702223274246
106.050508775566,-0.0206332576791622,-0.0256709922948876,-0.00748886119261032,0.0434695346736176,-0.00235403264582657,0.0197742320736605,-0.0344058452323949,0.0930812185923316
106.785984793556,-0.0205697090613043,-0.0253113633227638,-0.00732123952968647,0.0431718594539839,-0.002295628392847,0.0196333703723048,-0.0339977324143284,0.0925930302813931
107.526561446888,-0.0205043522137769,-0.0249549593063412,-0.0071563384281668,0.0428751618445615,-0.00223824146513116,0.0194931740252005,-0.0335938445823931,0.0921056890994079
108.272274109224,-0.0204372238476488,-0.0246017778136664,-0.00699413228280823,0.042579464380553,-0.00218186073819935,0.019353648099849,-0.0331941518218067,0.091619226116594
109.023158399549,-0.0203683605282348,-0.0242518160274372,-0.00683459534528342,0.042284789065937,-0.00212647508730174,0.0192147974907572,-0.0327986240928453,0.0911336717733795
109.779250183872,-0.0202977986708802,-0.0239050707464827,-0.00667770173403622,0.0419911573752197,-0.00207207338998676,0.0190766269204893,-0.0324072312413882,0.0906490558853282
110.540585576935,-0.020225574536695,-0.023561538387319,-0.00652342544402751,0.0416985902553495,-0.00201864452863913,0.0189391409407553,-0.0320199430092392,0.0901654076481942
111.307200943943,-0.020151724228244,-0.023221214985787,-0.00637174035636944,0.0414071081277937,-0.00196617739298726,0.0188023439335348,-0.0316367290442249,0.0896827556430962
112.079132902301,-0.0200762836851925,-0.022884096198774,-0.00622262024784614,0.0411167308907721,-0.00191466088257945,0.018666240112236,-0.031257558910069,0.0892011278418077
112.856418323356,-0.0199992886799141,-0.0225501773060221,-0.0060760388003189,0.0408274779216452,-0.00186408390922849,0.0185308335228903,-0.0308824020960467,0.0887205516121551
113.639094334169,-0.0199207748130625,-0.0222194532120267,-0.00593196961001399,0.0405393680794537,-0.00181443539942416,0.0183961280453791,-0.0305112280264171,0.0882410537235173
114.427198319278,-0.0198407775091118,-0.0218919184480282,-0.00579038619669147,0.040252419707605,-0.00176570429671329,0.0182621273946959,-0.0301440060696362,0.0877626603524213
115.220767922492,-0.0197593320118688,-0.0215675671740986,-0.00565126201269304,0.0399666506367055,-0.00171787956404677,0.0181288351222392,-0.0297807055473526,0.087285397088227
116.019841048683,-0.0196764733799608,-0.0212463931813256,-0.00551457045186752,0.0396820781875326,-0.00167095018609329,0.0179962546171389,-0.0294212957431858,0.0868092889388958
116.824455865599,-0.0195922364823041,-0.020928389894097,-0.00538028485837213,0.039398719174145,-0.00162490517151926,0.0178643891076131,-0.0290657459112887,0.0863343603368371
117.634650805689,-0.0195066559935561,-0.0206135503724864,-0.00524837853534821,0.0391165899071283,-0.00157973355523437,0.0177332416623563,-0.0287140252846984,0.085860635144826
118.450464567934,-0.0194197663895557,-0.0203018673147435,-0.00511882475346969,0.0388357061969707,-0.00153542440060278,0.0176028151919572,-0.0283661030834732,0.085388136661989
119.271936119701,-0.0193316019427562,-0.0199933330598885,-0.00499159675936314,0.0385560833575671,-0.00149196680161901,0.0174731124503459,-0.0280219485226211,0.0849168876298493
120.099104698599,-0.0192421967176546,-0.0196879395904138,-0.0048666677838978,0.0382777362098477,-0.00144934988504858,0.0173441360362702,-0.0276815308198202,0.0844469102384289
120.932009814357,-0.019151584566223,-0.0193856785350943,-0.00474401105034431,0.0380006790855284,-0.00140756281253274,0.0172158883947993,-0.0273448192029333,0.083978226132401
121.77069125071,-0.0190597991233439,-0.0190865411719053,-0.00462359978240109,0.0377249258309781,-0.00136659478265707,0.0170883718188552,-0.0270117829173184,0.0835108564172884
122.615189067297,-0.0189668738022566,-0.0187905184310516,-0.00450540721208686,0.0374504898112014,-0.00132643503298345,0.0169615884507704,-0.0266823912329385,0.0830448216657023
123.46554360158,-0.0188728417900174,-0.0184976008981067,-0.00438940658749839,0.037177383913933,-0.00128707284204511,0.0168355402838721,-0.0263566134512724,0.0825801419236177
124.321795470765,-0.0187777360429787,-0.0182077788172625,-0.00427557118043231,0.0369056205538386,-0.00124849753130445,0.0167102291640903,-0.0260344189120282,0.08211683671668
125.183985573745,-0.0186815892822909,-0.0179210420946913,-0.00416387429386998,0.0366352116768226,-0.00121069846707323,0.0165856567915916,-0.0257157769996634,0.081654925056539
126.052155093052,-0.0185844339894324,-0.0176373803020183,-0.00405428926932438,0.0363661687644352,-0.00117366506239476,0.0164618247224356,-0.0254006571497128,0.0811944254472056
126.926345496825,-0.0184863024017715,-0.0173567826799059,-0.00394678949404828,0.0360985028383788,-0.00113738677888788,0.0163387343702552,-0.0250890288549274,0.080735355891427
127.806598540793,-0.0183872265081648,-0.0170792381417492,-0.00384134840810265,0.0358322244651086,-0.00110185312855239,0.0162163870079579,-0.0247808616712274,0.0802777338970764
128.692956270265,-0.0182872380445966,-0.016804735277481,-0.00373793951128462,0.0355673437605251,-0.00106705367553557,0.0160947837694494,-0.0244761252234708,0.0798215764835536
129.585461022141,-0.0181863684898636,-0.0165332623574881,-0.00363653636991431,0.0353038703947537,-0.00103297803785961,0.015973925651377,-0.0241747892110409,0.0793669001881927
130.484155426934,-0.0180846490613088,-0.0162648073366354,-0.00353711262347975,0.0350418135970103,-0.000999615889109637,0.0158538135148936,-0.0238768234132566,0.0789137210726723
131.389082410804,-0.0179821107106101,-0.0159993578583984,-0.0034396419911394,0.0347811821605475,-0.000966956960082061,0.0157344480874399,-0.0235821976946055,0.0784620547294261
132.300285197614,-0.0178787841196265,-0.0157369012591032,-0.00334409827808159,0.0345219844476793,-0.000934991040393092,0.015615829964545,-0.0232908820098062,0.0780119162880496
133.217807310988,-0.0177746996963065,-0.0154774245722704,-0.00325045538174059,0.0342642283948801,-0.000903707980047116,0.015497959611645,-0.0230028464086991,0.0775633204216996
134.141692576393,-0.0176698875706631,-0.0152209145330644,-0.00315868729786864,0.0340079215179562,-0.000873097690964797,0.015380837365917,-0.0227180610409716,0.077116281353484
135.071985123233,-0.0175643775908197,-0.0149673575828438,-0.00306876812646391,0.0337530709172847,-0.000843150148470675,0.0152644634381294,-0.0224364961607184,0.0766708128628386
136.008729386957,-0.017458199319129,-0.0147167398738128,-0.00298067207755373,0.0334996832831171,-0.000813855392740111,0.0151488379145078,-0.0221581221308413,0.0762269282918872
136.951970111177,-0.0173513820283718,-0.0144690472737701,-0.00289437347683318,0.0332477649009458,-0.000785203530205422,0.0150339607586132,-0.0218829094272902,0.0757846405517833
137.901752349813,-0.0172439546980363,-0.0142242653709546,-0.00280984677115866,0.0329973216569271,-0.000757184734921087,0.0149198318132353,-0.0216108286431492,0.0753439621290308
138.858121469236,-0.0171359460106839,-0.0139823794789848,-0.00272706653389652,0.0327483590433611,-0.000729789249887862,0.0148064508022966,-0.0213418504925704,0.07490490509178
139.821123150444,-0.017027384348404,-0.0137433746418886,-0.0026460074701265,0.0325008821642218,-0.000703007388335786,0.0146938173327691,-0.0210759458145582,0.0744674810960972
140.790803391236,-0.016918297789361,-0.0135072356392231,-0.00256664442170026,0.0322548957407372,-0.000676829534965911,0.0145819308966008,-0.020813085576607,0.074031701392206
141.767208508414,-0.0168087141044376,-0.0132739469912793,-0.00248895237215482,0.0320104041170131,-0.000651246147150757,0.0144707908726526,-0.0205532408781955,0.0735975768306969
142.750385139995,-0.0166986607539773,-0.0130434929643703,-0.00241290645148141,0.0317674112657007,-0.000626247756093461,0.0143603965286439,-0.0202963829541408,0.0731651178687046
143.740380247435,-0.0165881648846288,-0.0128158575761998,-0.00233848194074961,0.0315259207937016,-0.000601824967945536,0.0142507470231059,-0.020042483177814,0.0727343345760494
144.737241117876,-0.0164772533262955,-0.0125910246013074,-0.00226565427658725,0.0312859359479095,-0.00057796846488331,0.0141418414073426,-0.0197915130642217,0.0723052366413416
145.741015366405,-0.0163659525891936,-0.0123689775765873,-0.00219439905551654,0.0310474596209839,-0.000554669006143032,0.014033678627398,-0.0195434442729555,0.0718778333780476
146.751750938323,-0.0162542888610198,-0.0121496998068788,-0.00212469203814653,0.0308104943571533,-0.000531917429014698,0.013926257526028,-0.0192982486110125,0.071452133730515
147.769496111443,-0.0161422880042334,-0.0119331743706224,-0.00205650915322275,0.0305750423580445,-0.000509704649794651,0.0138195768446785,-0.0190558980354893,0.0710281462799553
148.794299498388,-0.0160299755534527,-0.0117193841255805,-0.00198982650153431,0.0303411054885354,-0.000488021664697066,0.0137136352254654,-0.0188163646561538,0.0706058792503831
149.826210048919,-0.0159173767129703,-0.0115083117146184,-0.00192462035967923,0.0301086852826274,-0.000466859550724373,0.0136084312131583,-0.0185796207378953,0.0701853405145102
150.865277052271,-0.0158045163543878,-0.0112999395715406,-0.00186086718368864,0.0298777829493353,-0.000446209466496822,0.0135039632571667,-0.0183456387030575,0.0697665375995927
151.911550139505,-0.0156914190143724,-0.0110942499269815,-0.00179854361251054,0.0296483993785905,-0.000426062653041244,0.0134002297135261,-0.0181143911336572,0.0693494776932309
152.965079285884,-0.0155781088925372,-0.0108912248143439,-0.0017376264713541,0.0294205351471561,-0.000406410434539276,0.0132972288468855,-0.0178858507734897,0.0689341676491195
154.025914813254,-0.0154646098494471,-0.0106908460757827,-0.0016780927748951,0.0291941905245491,-0.000387244219035143,0.0131949588324936,-0.0176599905301261,0.0685206139927483
155.094107392451,-0.0153509454047516,-0.0104930953682312,-0.00161991973034375,0.0289693654789685,-0.0003685554991033,0.0130934177581838,-0.0174367834768027,0.0681088229270513
156.169708045722,-0.0152371387354449,-0.0102979541694632,-0.00156308474037566,0.028746059683225,-0.000350335852476082,0.0129926036263572,-0.0172162028542073,0.0676988003380036
157.25276814916,-0.0151232126742565,-0.0101054037841898,-0.00150756540592709,0.0285242725206706,-0.000332576942631688,0.0128925143559622,-0.0169982220721635,0.0672905518001663
158.34333943516,-0.0150091897081719,-0.00991542535018538,-0.00145333952885563,0.0283040030911243,-0.000315270519342709,0.0127931477844703,-0.0167828147112169,0.0668840825821757
159.441473994887,-0.0148950919770842,-0.00972799984443869,-0.00140038511446748,0.028085250216792,-0.00029840841918554,0.0126945016698469,-0.0165699545241238,0.06647939765218
160.547224280766,-0.0147809412725778,-0.00954310808932636,-0.00134868037391243,0.027868012448177,-0.000281982566010973,0.0125965736925173,-0.0163596154372478,0.0660765016832195
161.66064310899,-0.0146667590368457,-0.00936073075880331,-0.00129820372644808,0.0276522880699796,-0.000265984971376288,0.0124993614573259,-0.0161517715518637,0.0656753990585512
162.781783662036,-0.0145525663617382,-0.00918084838460699,-0.0012489338015744,0.0274380751069814,-0.000250407734939232,0.0124028624954877,-0.0159463971453735,0.0652760938769172
163.910699491214,-0.0144383839879462,-0.00900344136247108,-0.00120084944104016,0.0272253713299137,-0.000235243044814219,0.0123070742665334,-0.0157434666724363,0.0648785899577561
165.047444519217,-0.0143242323043178,-0.00882848995834484,-0.00115392970072261,0.0270141742613063,-0.000220483177891167,0.0122119941602447,-0.0155429547660129,0.0644828908463572
166.192073042701,-0.0142101313473074,-0.00865597431461389,-0.00110815385238204,0.0268044811813136,-0.000206120500117381,0.0121176194985802,-0.0153448362383302,0.0640889998189567
167.344639734876,-0.0140961008005589,-0.00848587445631885,-0.00106350138529256,0.0265962891335177,-0.000192147466742891,0.0120239475375922,-0.0151490860817657,0.063696919887776
168.505199648122,-0.0139821599946222,-0.00831817029736742,-0.00101995200775089,0.0263895949307036,-0.000178556622529711,0.0119309754693316,-0.0149556794696549,0.0633066538060021
169.673808216612,-0.0138683279068006,-0.00815284164673647,-0.000977485648464733,0.026184395160606,-0.000165340601925461,0.0118387004237415,-0.0147645917570239,0.0629182040727089
170.850521258965,-0.013754623161132,-0.00798986821466,-0.000936082457822368,0.0259806861916245,-0.000152492129201863,0.0117471194705395,-0.0145757984812491,0.0625315729377199
172.03539498091,-0.0136410640284997,-0.00782922961879926,-0.000895722809045302,0.0257784641785054,-0.00014000401855856,0.0116562296210854,-0.0143892753626474,0.0621467624064127
173.228485977972,-0.0135276684268747,-0.00767090539039127,-0.00085638729922567,0.0255777250679877,-0.000127869174192806,0.011566027830237,-0.0142049983049966,0.0617637742444634
174.429851238172,-0.0134144539216866,-0.00751487498037203,-0.000818056750250241,0.025378464604411,-0.000116080590335539,0.0114765109981904,-0.0140229433959903,0.0613826099825332
175.639548144754,-0.0133014377263228,-0.00736111776547071,-0.000780712209612865,0.0251806783352837,-0.000104631351254374,0.0113876759723066,-0.0138430869076286,0.0610032709208952
176.857634478922,-0.0131886367027549,-0.00720961305427135,-0.000744334951117262,0.0249843616168098,-9.35146312240689e-05,0.0112995195489216,-0.0136654052965458,0.0606257581340028
178.084168422602,-0.0130760673622908,-0.0070603400932384,-0.000708906475472063,0.0247895096193709,-8.2723694465043e-05,0.0112120384751411,-0.0134898752042784,0.0602500724749989
179.319208561219,-0.0129637458664503,-0.00691327807270286,-0.00067440851078006,0.0245961173329631,-7.22518950505022e-05,0.0111252294506185,-0.0133164734574741,0.0598762145801661
180.562813886497,-0.0128516880279644,-0.0067684061328054,-0.000640823012923666,0.0244041795725865,-6.20926767827901e-05,0.0110390891293157,-0.0131451770680443,0.059504184873319
181.815043799277,-0.0127399093118942,-0.00662570336939334,-0.000608132165848571,0.0242136909835853,-5.22395730395485e-05,0.0109536141212459,-0.0129759632332622,0.0591339835701372
183.075958112354,-0.01262842483687,-0.00648514883986822,-0.000576318381747664,0.0240246460469369,-4.26862065903005e-05,0.0108688009941988,-0.0128088093358073,0.0587656106824402
184.345617053333,-0.0125172493764467,-0.00634672156898081,-0.000545364301147252,0.0238370390844885,-3.34262893840944e-05,0.0107846462754462,-0.0126436929437586,0.0583990660224047
185.624081267505,-0.0124063973605753,-0.00621040055457055,-0.000515252792897705,0.0236508642641398,-2.44536223088182e-05,0.0107011464534297,-0.012480591810539,0.0580343492067235
186.911411820748,-0.0122958828771869,-0.00607616477324645,-0.000485966954070581,0.02346611560497,-1.57620949228414e-05,0.0106182979794271,-0.0123194838748108,0.057671459660707
188.207670202438,-0.0121857196738878,-0.00594399318600661,-0.000457490109764416,0.0232827869823077,-7.34568515962995e-06,0.0105360972692003,-0.0121603472603253,0.0573103966223275
189.512918328392,-0.0120759211597635,-0.00581386474379353,-0.000429805812821259,0.0231008721327426,8.01540994019257e-07,0.0104545407046214,-0.012003160275728,0.0569511591462066
190.827218543819,-0.0119665004072894,-0.00568575839298268,-0.000402897843456165,0.0229203646590778,8.68542984545331e-06,0.0103736246352789,-0.0118479014143202,0.0565937461075458
192.150633626303,-0.0118574701543448,-0.00555965308080158,-0.000376750208801766,0.0227412580352205,1.63117403686837e-05,0.0102933453800616,-0.0116945493537789,0.0562381562060009
193.483226788801,-0.0117488428063292,-0.00543552776067704,-0.000351347142370153,0.0225635456110115,2.36861446012765e-05,0.0102136992287222,-0.0115430829558371,0.0558843879695005
194.82506168266,-0.0116406304383772,-0.00531336139750827,-0.000326673103434169,0.0223872206169911,3.08142280649457e-05,0.0101346824434171,-0.0113934812659245,0.0555324397580094
196.176202400658,-0.0115328447976706,-0.00519313297286331,-0.000302712776330426,0.0222122761691009,3.77014902091513e-05,0.0100562912602258,-0.0112457235127714,0.0551823097672361
197.536713480066,-0.011425497305843,-0.00507482149009701,-0.000279451069686126,0.0220387052733208,4.43533448770393e-05,0.00997852189064637,-0.011099789107977,0.0548339960322864
198.906659905733,-0.0113185990614775,-0.00495840597938814,-0.000256873115571952,0.0218665008302391,5.07751207930206e-05,0.00990137052306845,-0.0109556576455417,0.0544874964312625
200.286107113184,-0.011212160842691,-0.00484386550269397,-0.000234964268583256,0.0216956556395571,5.69720620713025e-05,0.00982483332422327,-0.0108133089013676,0.054142808688808
201.675120991751,-0.0111061931098053,-0.0047311791586203,-0.000213710104851636,0.0215261624045245,6.29493287447043e-05,0.00974890644061009,-0.0106727228327261,0.0537999303796005
203.073767887718,-0.011000706008101,-0.00462032608720529,-0.000193096420989211,0.0213580137363077,6.87119973130398e-05,0.00967358599989913,-0.0105338795776943,0.05345885893179
204.482114607491,-0.0108957093706509,-0.00451128547461538,-0.000173109232967743,0.0211912021582884,7.42650613103945e-05,0.00959886811231074,-0.0103967594545629,0.0531195916303863
205.900228420788,-0.0107912127212312,-0.00440403655775194,-0.000153734774934757,0.0210257201102926,7.96134318906108e-05,0.00952474887197047,-0.0102613429612139,0.0527821256205937
207.32817706385,-0.0106872252773068,-0.00429855862876703,-0.000134959497968902,0.0208615599527498,8.47619384302879e-05,0.00945122435824024,-0.0101276107744729,0.0524464579110944
208.766028742684,-0.0105837559530877,-0.00419483103948712,-0.000116770068776651,0.020698713970781,8.97153291486111e-05,0.00937829063702501,-0.00999554374943344,0.0521125853772813
210.213852136311,-0.0104808133626546,-0.00409283320574349,-9.91533683325657e-05,0.0205371743782166,9.4478271743341e-05,0.00930594376205527,-0.00986512291875696,0.0517805047644404
211.671716400053,-0.0103784058231493,-0.00399254461160824,-8.20964904651939e-05,0.0203769333215417,9.90553540422703e-05,0.00923417977614491,-0.0097363294919485,0.051450212690883
213.139691168835,-0.0102765413580283,-0.00389394481353487,-6.55867403907811e-05,0.0202179828837702,0.000103451084669485,0.00916299471242463,-0.00960914485460913,0.0511217056510292
214.617846560511,-0.0101752277003756,-0.00379701344440261,-4.9611633196894e-05,0.0200603150882477,0.000107669893725749,0.00909238459555061,-0.00948355056766629,0.050794980018442
216.10625317921,-0.010074472296273,-0.00370173021746363,-3.41588922780117e-05,0.0199039219023809,0.000111716133482366,0.00902234544288864,-0.00935952836658285,0.0504700320488134
217.604982118714,-0.00997428230822294,-0.00360807493019251,-1.92164477252226e-05,0.0197487952412957,0.000115594079087835,0.00895287326567344,-0.00923706016054592,0.0501468578829028
219.114104965849,-0.00987466461862385,-0.00351602746803731,-4.77243467202721e-06,0.0195949269714223,0.00011930792928666,0.00888396407014332,-0.00911612803163628,0.0498254535494282
220.633693803907,-0.00977562583329216,-0.00342556780807178,9.18480840171034e-06,0.0194423089140086,0.000122861807149673,0.00881561385865015,-0.00899671423397931,0.0495058149679107
222.163821216089,-0.00967717228502998,-0.00333667602254831,2.26667414056345e-05,0.0192909328485605,0.000126259760815216,0.00874781863074454,-0.00887880119287818,0.0491879379514728
223.704560288971,-0.00957931003723487,-0.00324933228235132,3.56846244126312e-05,0.0191407905162101,0.00012950576424055,0.00868057438423656,-0.00876237150393029,0.0488718182095911
225.255984615994,-0.00948204488754892,-0.0031635168603508,4.82495194684684e-05,0.0189918736230121,0.000132603717962888,0.00861387711623166,-0.00864740793212762,0.0485574513508043
226.818168300982,-0.00938538237154433,-0.00307921013465604,6.03722924353788e-05,0.0188441738431671,0.000135557449869389,0.0085477228241422,-0.00853389341094183,0.0482448328853764
228.391185961678,-0.00928932776644266,-0.00299639259176928,7.20636148677308e-05,0.0186976828221746,0.000138370715975569,0.00848210750667453,-0.00842181104139489,0.0479339582279157
229.975112733314,-0.00919388609486491,-0.00291504482963954,8.33339659178554e-05,0.0185523921799126,0.000141047201211456,0.00841702716479165,-0.00831114409111584,0.047624822699951
231.570024272191,-0.00909906212860989,-0.00283514756061665,9.41936342702364e-05,0.0184082935136475,0.000143590520214965,0.00835247780265172,-0.00820187599338459,0.0473174215324645
233.175996759301,-0.00900486039245785,-0.00275668161430573,0.000104652720102223,0.0182653784009716,0.000146004218131867,0.00828845542852245,-0.00809399034616324,0.0470117498683821
234.793106903962,-0.00891128516799691,-0.00267962794032236,0.000114721137069455,0.0181236384026714,0.000148291771421795,0.00822495605567147,-0.00798747091111577,0.0467078027650227
236.421431947482,-0.00881834049746963,-0.00260396761094889,0.000124408614314308,0.0179830650655241,0.000150456588669738,0.00816197570323298,-0.00788230161261659,0.0464055751965053
238.061049666849,-0.00872603018763698,-0.00252968182369229,0.000133724698495571,0.0178436499250257,0.000152502011402446,0.00809951039705068,-0.00777846653674868,0.046105062056116
239.712038378445,-0.00863435781365736,-0.002456751903744,0.000142678755837734,0.0177053845080491,0.000154431314909226,0.00803755617049725,-0.00767594993029189,0.0458062581586345
241.374476941791,-0.00854332672297789,-0.00238515930634253,0.000151279974198159,0.0175682603354334,0.000156247709066603,0.00797610906527053,-0.00757473619970201,0.0455091582426207
243.048444763306,-0.00845294003923579,-0.00231488561903923,0.000159537365150587,0.0174322689245054,0.000157954339166298,0.00791516513216667,-0.00747480991008113,0.0452137569726626
244.734021800108,-0.00836320066616719,-0.00224591256386816,0.000167459766083343,0.0172974017915328,0.000159554286746052,0.00785472043183032,-0.00737615578413988,0.044920048941585
246.431288563827,-0.00827411129152114,-0.00217822199942068,0.000175055842310715,0.0171636504541109,0.000161050570422772,0.00779477103548222,-0.0072787587011521,0.0446280286726206
248.140326124455,-0.00818567439097645,-0.00211179592282573,0.000182334089195981,0.0170310064334829,0.000162446146727536,0.00773531302562432,-0.00718260369590243,0.0443376906215428
249.861216114214,-0.00809789223205907,-0.00204661647163658,0.000189302834284606,0.0168994612567938,0.000163743910941959,0.00767634249672274,-0.00708767595762732,0.0440490291787621
251.594040731461,-0.00801076687805784,-0.00198266592562506,0.000195970239446183,0.0167690064592798,0.000164946697935488,0.00761785555586874,-0.00699396082894995,0.043762038671385
253.338882744608,-0.00792430019193641,-0.00191992670848425,0.000202344303023671,0.0166396335863934,0.000166057283003148,0.00755984832341803,-0.00690144380480959,0.0434767133652377
255.09582549608,-0.00783849384023926,-0.00185838138944073,0.00020843286198861,0.0165113341958645,0.000167078382703326,0.00750231693360862,-0.00681011053138575,0.0431930474668534
256.864952906292,-0.00775334929698971,-0.00179801268477739,0.000214243594100928,0.016384099859699,0.000168012655695148,0.00744525753515751,-0.0067199468050176,0.0429110351254248
258.646349477661,-0.00766886784757797,-0.00173880345926803,0.00021978402007209,0.0162579221661148,0.000168862703575043,0.00738866629183649,-0.00663093857111919,0.0426306704347216
260.440100298641,-0.0075850505926373,-0.00168073672752487,0.000225061505730293,0.0161327927214173,0.000169631071712103,0.00733253938302734,-0.0065430719230907,0.0423519474349746
262.246291047787,-0.00750189845190638,-0.00162379565526028,0.000230083264186488,0.0160087031518137,0.000170320250081823,0.00727687300425668,-0.00645633310122629,0.042074860114725
264.065007997846,-0.00741941216807601,-0.00156796356046387,0.000234856358000062,0.0158856451051684,0.000170932674097877,0.00722166336771082,-0.00637070849161879,0.041799402412641
265.896338019882,-0.00733759231061848,-0.00151322391449631,0.000239387701343006,0.0157636102526984,0.00017147072544153,0.00716690670273086,-0.00628618462506181,0.0415255682193021
267.740368587419,-0.00725643927959789,-0.00145956034310122,0.000243684062161461,0.0156425902906124,0.00017193673288836,0.00711259925628837,-0.00620274817594931,0.0412533513789498
269.597187780627,-0.00717595330945962,-0.00140695662733641,0.000247752064333556,0.0155225769416916,0.000172332973131936,0.00705873729344194,-0.0061203859611734,0.040982745691208
271.466884290521,-0.0070961344727976,-0.00135539670442595,0.000251598189822523,0.0154035619568145,0.000172661671604122,0.00700531709777493,-0.0060390849390203,0.0407137449127704
273.349547423206,-0.00701698268409764,-0.00130486466853439,0.000255228780824034,0.0152855371164275,0.000172925003291692,0.0069523349718147,-0.00595883220806504,0.0404463427590583
275.245267104134,-0.00693849770345545,-0.0012553447714646,0.000258650041906831,0.0151684942319593,0.000173125093548949,0.00689978723743371,-0.00587961500606524,0.040180532905847
277.154133882404,-0.00686067914026796,-0.00120682142328072,0.000261868042145696,0.0150524251471836,0.000173264018906052,0.00684767023623268,-0.00580142070885399,0.0399163089908625
279.07623893509,-0.00678352645689646,-0.00115927919285759,0.000264888717245839,0.0149373217395284,0.000173343807872775,0.00679598032990631,-0.00572423682923257,0.0396536646153482
281.011674071587,-0.00670703897230045,-0.00111270280835829,0.000267717871657881,0.0148231759213336,0.000173366441737415,0.00674471390059171,-0.00564805101586287,0.0393925933456029
282.960531738006,-0.00663121586564072,-0.00106707715764113,0.000270361180682555,0.0147099796410587,0.000173333855360598,0.00669386735119995,-0.00557285105216001,0.0391330887144896
284.922905021585,-0.00655605617985066,-0.00102238728859773,0.000272824192564346,0.0145977248844397,0.00017324793796373,0.00664343710573111,-0.00549862485518552,0.0388751442229157
286.898887655133,-0.00648155882517468,-0.000978618409423672,0.000275112330573312,0.0144864036755984,0.000173110533911862,0.00659341960957306,-0.00542536047454103,0.038618753341286
288.888574021513,-0.0064077225826725,-0.000935755888823245,0.000277230895074324,0.0143760080781026,0.000172923443490729,0.0065438113297843,-0.00535304609126303,0.0383639095109271
290.892059158146,-0.00633454610768841,-0.000893785256149851,0.000279185065583049,0.014266530195981,0.000172688423677757,0.00649460875536129,-0.00528167001671877,0.0381106061454854
292.909438761552,-0.00626202793328454,-0.000852692201483579,0.000280979902808002,0.0141579621746902,0.000172407188906838,0.0064458083974905,-0.00521122069150361,0.0378588366322983
294.940809191919,-0.00619016647363724,-0.000812462575647547,0.000282620350678016,0.0140502962020388,0.000172081411826655,0.00639740678978559,-0.00514168668433999,0.0376085943337382
296.986267477709,-0.00611896002739555,-0.000773082390164521,0.00028411123835454,0.0139435245090656,0.000171712724052404,0.00634940048850993,-0.00507305669097829,0.0373598725885317
299.045911320291,-0.00604840678100127,-0.000734537817155392,0.000285457282228174,0.0138376393708759,0.00017130271691071,0.00630178607278491,-0.00500531953309979,0.037112664713052
301.119839098607,-0.00597850481196948,-0.000696815189181037,0.000286663087898901,0.0137326331074354,0.000170852942177591,0.00625456014478437,-0.00493846415722185,0.0368669640025874
303.208149873869,-0.00590925209212915,-0.000659900999029129,0.000287733152139501,0.0136284980843222,0.000170364912809302,0.0062077193299153,-0.00487247963360565,0.0366227637325832
305.310943394298,-0.00584064649082303,-0.000623781899447437,0.000288671864841652,0.0135252267134397,0.000169840103665931,0.00616126027698535,-0.00480735515516656,0.0363800571598609
307.428320099879,-0.00577268577806615,-0.000588444702825141,0.000289483510944252,0.013422811453689,0.000169279952227586,0.0061151796583574,-0.00474308003638737,0.0361388375238121
309.560381127168,-0.00570536762766253,-0.000553876380823712,0.000290172272343546,0.0133212448116036,0.000168685859303073,0.00606947417009141,-0.0046796437122346,0.035899098047569
311.707228314113,-0.00563868962027947,-0.00052006406395886,0.000290742229784631,0.0132205193419465,0.000168059189730924,0.00602414053207405,-0.00461703573707792,0.0356608319391516
313.868964204927,-0.00557264924647895,-0.000486995041135082,0.000291197364733973,0.0131206276482699,0.000167401273072686,0.00597917548813619,-0.00455524578361308,0.0354240323925915
316.045692054981,-0.00550724390970586,-0.000454656759134297,0.000291541561232573,0.0130215623834408,0.000166713404298348,0.0059345758061589,-0.00449426364178824,0.0351886925890335
318.237515835737,-0.00544247092923243,-0.000423036822060073,0.000291778607729455,0.0129233162501301,0.000165996844463841,0.00589033827816786,-0.00443407921773406,0.0349548056978141
320.444540239715,-0.00537832754305877,-0.000392122990738908,0.000291912198895173,0.012825882001269,0.000165252821380501,0.00584645972041685,-0.00437468253269761,0.0347223648775189
322.666870685493,-0.00531481091076909,-0.000361903182080037,0.000291945937415049,0.0127292524404719,0.000164482530276433,0.00580293697346042,-0.00431606372198024,0.0344913632770176
324.904613322743,-0.00525191811634332,-0.000332365468395243,0.000291883335761885,0.0126334204224271,0.000163687134449707,0.00575976690221609,-0.0042582130338796,0.0342617940364774
327.1578750373,-0.00518964617092405,-0.000303498076680045,0.000291727817947929,0.0125383788532562,0.00016286776591332,0.00571694639601642,-0.00420112082863584,0.0340336502883566
329.426763456268,-0.00512799201553843,-0.000275289387857742,0.000291482721255845,0.0124441206908436,0.000162025526031872,0.00567447236865118,-0.00414477757738225,0.0338069251583758
331.711386953162,-0.00506695252377504,-0.000247727935987688,0.000291151297948542,0.0123506389451359,0.000161161486149916,0.00563234175839994,-0.00408917386110035,0.0335816117664704
334.011854653082,-0.00500652450441557,-0.000220802407439175,0.000290736716957643,0.0122579266784122,0.000160276688211926,0.00559055152805541,-0.00403430036957963,0.0333577032277213
336.328276437929,-0.00494670470402112,-0.00019450164003231,0.000290242065550479,0.0121659770055279,0.000159372145373871,0.00554909866493771,-0.00398014790038198,0.0331351926532673
338.660762951648,-0.00488748980947334,-0.000168814622147213,0.00028967035097545,0.0120747830941295,0.000158448842606352,0.00550798018090001,-0.00392670735781097,0.0329140731511972
341.009425605519,-0.00482887645047014,-0.00014373049180288,0.000289024502085661,0.0119843381648448,0.000157507737289286,0.00546719311232561,-0.00387396975188606,0.0326943378274228
343.374376583475,-0.00477086120197612,-0.000119238535707003,0.000288307370940712,0.0118946354914465,0.000156549759798131,0.00542673452011695,-0.00382192619732189,0.0324759797865332
345.75572884746,-0.00471344058662782,-9.53281882780396e-05,0.000287521734386596,0.0118056684009914,0.000155575814081625,0.0053866014896766,-0.00377056791251262,0.0322589921326307
348.153596142828,-0.00465661107709372,-7.19890306408039e-05,0.000286670295613613,0.0117174302739359,0.000154586778231062,0.00534679113088074,-0.0037198862185216,0.0320433679701479
350.568093003772,-0.00460036909838927,-4.92107895968073e-05,0.000285755685692277,0.0116299145442277,0.000153583505041077,0.00530730057804512,-0.00366987253807625,0.0318291004046469
352.999334758797,-0.00454471103014695,-2.69833365705821e-05,0.000284780465087181,0.0115431146993758,0.000152566822561979,0.00526812698988399,-0.00362051839456845,0.0316161825436013
355.44743753623,-0.00448963320884162,-5.2966865331822e-06,0.000283747125148801,0.011457024280498,0.000151537534643616,0.00522926754946209,-0.00357181541106028,0.0314046074971603
357.912518269762,-0.00443513192997129,1.58590030959547e-05,0.000282658089583254,0.0113716368823479,0.000150496421470816,0.00519071946414006,-0.00352375530929545,0.0311943683788955
360.39469470404,-0.00438120345019355,3.64934335676402e-05,0.000281515715900014,0.0112869461533215,0.000149444240090399,0.0051524799655134,-0.00347632990871625,0.0309854583065311
362.894085400285,-0.00432784398941793,5.66161659409244e-05,0.000280322296837617,0.011202945795444,0.000148381724929813,0.00511454630934533,-0.00342953112548628,0.0307778704026577
365.410809741959,-0.00427504973285429,7.6236622239337e-05,0.000279080061767406,0.011119629564338,0.000147309588307411,0.00507691577549373,-0.0033833509715189,0.0305715977954288
367.944987940466,-0.00422281683301779,9.53640866242934e-05,0.000277791178075361,0.0110369912691727,0.000146228520934398,0.00503958566783233,-0.00333778155351149,0.0303666336192424
370.496741040893,-0.00417114141169043,0.0001140077065846,0.000276457752522086,0.0109550247725968,0.000145139192408503,0.0050025533141665,-0.00329281507198569,0.0301629710154059
373.066190927794,-0.00412001956183976,0.000132176494141033,0.000275081832581033,0.010873723990653,0.000144042251699411,0.00496581606614378,-0.00324844382033351,0.0299606031327858
375.653460331008,-0.00406944734949483,0.000149879327064964,0.000273665407755043,0.0107930828926771,0.000142938327625993,0.00492937129915931,-0.00320466018386942,0.0297595231284417
378.258672831527,-0.00401942081557998,0.000167124950110048,0.000272210410871323,0.0107130955011812,0.000141828029325403,0.00489321641225659,-0.00316145663888859,0.0295597241682459
380.881952867393,-0.00396993597770662,0.000183921976256,0.000270718719354944,0.0106337558917213,0.000140711946714071,0.00485734882802344,-0.00311882575173117,0.0293611994274874
383.523425739646,-0.00392098883192356,0.000200278887963528,0.000269192156481,0.0105550581927512,0.000139590650940671,0.00482176599248369,-0.00307676017785269,0.0291639420914617
386.183217618305,-0.00387257535442616,0.000216204038439486,0.000267632492605553,0.0104769965854619,0.000138464694831108,0.00478646537498458,-0.00303525266090073,0.0289679453560462
388.861455548399,-0.00382469150322472,0.000231705652911373,0.000266041446375487,0.0103995653036075,0.000137334613325586,0.00475144446808014,-0.00299429603179772,0.0287732024282615
391.558267456034,-0.00377733321977268,0.000246791829910275,0.000264420685917432,0.0103227586333187,0.000136200923907832,0.0047167007874108,-0.00295388320783012,0.0285797065268185
394.273782154498,-0.00373049643055488,0.00026147054256142,0.000262771830005906,0.0102465709129039,0.000135064127026532,0.00468223187157923,-0.00291400719174382,0.0283874508826526
397.008129350424,-0.00368417704863635,0.000275749639881519,0.000261096449210834,0.0101709965326383,0.000133924706509049,0.00464803528202283,-0.00287466107084591,0.0281964287394434
399.761439649975,-0.00363837097517223,0.000289636848082082,0.000259396067024614,0.0100960299345421,0.000132783129967501,0.00461410860288283,-0.0028358380161128,0.0280066333541222
402.533844565089,-0.00359307410087915,0.000303139771877922,0.000257672160968894,0.0100216656121475,0.000131639849197266,0.00458044944087029,-0.00279753128130477,0.0278180579973657
405.325476519761,-0.00354828230746855,0.0003162658958001,0.000255926163681259,0.00994789811025618,0.000130495300567987,0.00454705542512916,-0.00275973420208688,0.0276306959540777
408.136468856361,-0.00350399146904252,0.000329022585512572,0.000254159463981991,0.00987472202468616,0.000129349905407166,0.00451392420709654,-0.00272244019515642,0.0274445405238576
410.966955842014,-0.0034601974534525,0.000341417089131812,0.000252373407921112,0.00980213200200996,0.000128204070376406,0.00448105346036021,-0.00268564275737671,0.0272595850214568
413.817072675003,-0.00341689612362151,0.000353456538548738,0.000250569299805888,0.00973012273928369,0.000127058187840398,0.00444844088051381,-0.00264933546491746,0.027075822777223
416.686955491232,-0.00337408333883023,0.000365147950752245,0.000248748403209014,0.00965868898376774,0.000125912636228726,0.00441608418500956,-0.00261351197240163,0.0268932471375327
419.576741370729,-0.0033317549559676,0.000376498229153719,0.000246911941957666,0.00958782553263953,0.000124767780390579,0.00438398111300886,-0.0025781660120588,0.0267118514652119
422.486568344193,-0.00328990683074634,0.000387514164911896,0.000245061101103642,0.00951752723269869,0.000123623971942435,0.0043521294252308,-0.00254329139288502,0.0265316291399448
425.416575399583,-0.00324853481888398,0.000398202438257444,0.000243197027874792,0.00944778898006508,0.000122481549608837,0.00432052690379876,-0.00250888199980931,0.0263525735586722
428.366902488763,-0.00320763477724983,0.000408569619816705,0.00024132083260797,0.00937860571987008,0.000121340839556304,0.0042891713520852,-0.00247493179286658,0.0261746781359776
431.337690534184,-0.00316720256497851,0.000418622171934008,0.000239433589663705,0.00930997244594151,0.000120202155720499,0.00425806059455488,-0.00244143480637725,0.0259979363044636
434.329081435613,-0.00312723404455057,0.000428366449992027,0.000237536338322834,0.00924188420048256,0.000119065800126726,0.00422719247660645,-0.00240838514813333,0.0258223415151163
437.341218076915,-0.00308772508284054,0.000437808703729635,0.000235630083665297,0.00917433607374509,0.000117932063203835,0.00419656486441269,-0.00237577699859108,0.0256478872376605
440.374244332875,-0.00304867155213326,0.000446955078556761,0.000233715797431345,0.00910732320369767,0.000116801224091647,0.00416617564475944,-0.00234360461007034,0.025474566960903
443.428305076071,-0.00301006933110872,0.000455811616865762,0.000231794418865375,0.00904084077568866,0.000115673550941967,0.00413602272488337,-0.0023118623059603,0.0253023741930673
446.503546183793,-0.0029719143057961,0.000464384259338823,0.000229866855542612,0.00897488402210475,0.000114549301213284,0.00410610403230869,-0.00228054447993195,0.0251313024621172
449.600114545014,-0.0029342023704975,0.000472678846250956,0.000227933984178901,0.00890944822202519,0.000113428721959247,0.00407641751468286,-0.00224964559515703,0.0249613453160709
452.718158067401,-0.00289692942868193,0.000480701118768145,0.000225996651423797,0.00884452870087204,0.000112312050111003,0.00404696113961153,-0.00221916018353359,0.0247924963233059
455.857825684385,-0.00286009139385001,0.000488456720240229,0.000224055674637229,0.00878012083005684,0.000111199512753491,0.00401773289449263,-0.00218908284491811,0.0246247490728535
459.01926736227,-0.00282368419036998,0.000495951197488125,0.000222111842649944,0.00871622002662383,0.000110091327395788,0.00398873078634988,-0.00215940824636415,0.024458097174685
462.202634107401,-0.00278770375428552,0.000503190002085002,0.000220165916507977,0.00865282175289014,0.000108987702235576,0.00395995284166569,-0.0021301311213676,0.024292534259988
465.408077973374,-0.00275214603409594,0.000510178491631051,0.000218218630201373,0.0085899215160832,0.000107888836417849,0.00393139710621366,-0.00210124626911838,0.0241280539814346
468.635752068297,-0.00271700699150916,0.000516921931021487,0.000216270691377416,0.00852751486797552,0.000106794920287928,0.00390306164489059,-0.00207274855375878,0.0239646500134395
471.885810562108,-0.00268228260216818,0.000523425493707466,0.000214322782038572,0.0084655974045173,0.000105706135638882,0.00387494454154829,-0.00204463290364824,0.023802316052411
475.158408693936,-0.00264796885635138,0.000529694262949584,0.000212375559225403,0.00840416476546693,0.000104622655953444,0.00384704389882511,-0.00201689431063464,0.0236410458169923
478.453702779515,-0.00261406175964728,0.000535733233063665,0.000210429655684681,0.00834321263401976,0.00010354464664052,0.00381935783797739,-0.00198952782933215,0.0234808330482953
481.771850218653,-0.00258055733360423,0.000541547310658544,0.000208485680522929,0.00828273673643526,0.000102472265266355,0.00379188449871077,-0.00196252857640544,0.0233216715101256
485.113009502749,-0.00254745161635555,0.00054714131586558,0.000206544219845628,0.00822273284166282,0.000101405661780477,0.00376462203901158,-0.00193589172986047,0.0231635549892001
488.477340222363,-0.00251474066322063,0.00055251998355962,0.000204605837382331,0.00816319676096656,0.000100344978736485,0.00373756863497828,-0.00190961252834161,0.0230064772953563
491.865003074839,-0.00248242054728248,0.000557687964571202,0.000202671075097895,0.00810412434754906,9.92903515077745e-05,0.00371072248065305,-0.00188368627043529,0.0228504322617542
495.276159871982,-0.00245048735994223,0.000562649826889724,0.000200740453790082,0.00804551149617447,9.82419084982906e-05,0.00368408178785357,-0.00185810831397995,0.0226954137450703
498.710973547785,-0.0024189372114511,0.00056741005685739,0.000198814473673751,0.00798735414279112,9.71997713483934e-05,0.00365764478600515,-0.00183287407538248,0.0225414156256846
502.169608166212,-0.00238776623142031,0.000571973060353719,0.000196893614951865,0.00792964826415371,9.61640551359203e-05,0.00363140972197306,-0.00180797902894089,0.0223884318078601
505.652228929035,-0.00235697056930936,0.000576343163970414,0.000194978338373548,0.00787238987744541,9.5134868572535e-05,0.00360537485989541,-0.00178341870617345,0.022236456219915
509.159002183727,-0.0023265463948933,0.000580524616176414,0.000193069085779407,0.00781557503989999,9.41123141954422e-05,0.00357953848101634,-0.00175918869515408,0.0220854828143884
512.690095431402,-0.00229648989870929,0.000584521588472972,0.000191166280634361,0.00775919984842402,9.30964885545569e-05,0.00355389888351981,-0.00173528463985399,0.0219355055681988
516.245677334823,-0.0022667972924831,0.000588338176538574,0.000189270328548173,0.00770326043921956,9.20874823952103e-05,0.00352845438236384,-0.0017117022394897,0.0217865184827957
519.825917726449,-0.00223746480953585,0.00059197840136357,0.000187381617783934,0.00764775298740723,9.10853808364732e-05,0.00350320330911544,-0.0016884372478772,0.0216385155843052
523.430987616559,-0.00220848870517154,0.000595446210374378,0.000185500519754691,0.00759267370664992,9.00902635451806e-05,0.00347814401178614,-0.00166548547279236,0.0214914909236686
527.061059201407,-0.00217986525704581,0.000598745478547125,0.000183627389508459,0.00753801884877735,8.91022049057403e-05,0.00345327485466818,-0.0016428427753375,0.0213454385767749
530.716305871459,-0.00215159076551641,0.000601880009510624,0.000181762566201811,0.00748378470341146,8.81212741857995e-05,0.00342859421817144,-0.0016205050693142,0.0212003526445873
534.396902219665,-0.0021236615539757,0.000604853536638557,0.000179906373562278,0.00742996759759284,8.71475356978565e-05,0.00340410049866122,-0.00159846832060212,0.0210562272532631
538.103024049808,-0.00209607396916576,0.000607669724130794,0.000178059120339751,0.0073765638954084,8.61810489568911e-05,0.00337979210829668,-0.00157672854654401,0.0209130565542681
541.834848384891,-0.00206882438147651,0.000610332168083734,0.000176221100747107,0.00732356999762019,8.52218688340921e-05,0.00335566747487023,-0.00155528181533674,0.0207708347244851
545.592553475602,-0.00204190918522714,0.000612844397549618,0.000174392594890261,0.00727098234129566,8.42700457067594e-05,0.00333172504164774,-0.00153412424542841,0.0206295559663165
549.376318808822,-0.00201532479893143,0.000615209875584702,0.000172573869187843,0.0072187973994395,8.33256256044581e-05,0.00330796326720971,-0.00151325200492142,0.0204892145077817
553.1863251162,-0.00198906766554732,0.000617432000286276,0.00017076517678071,0.00716701168062688,8.23886503514953e-05,0.0032843806252933,-0.00149266131098155,0.0203498046026083
557.022754382788,-0.00196313425271107,0.000619514105818438,0.000168966757931483,0.00711562172863853,8.1459157705797e-05,0.00326097560463539,-0.00147234842925296,0.0202113205303187
560.885789855729,-0.00193752105295649,0.000621459463426591,0.000167178840414313,0.00706462412209756,8.05371814942582e-05,0.0032377467088166,-0.00145230967327911,0.0200737565963114
564.775616053012,-0.00191222458391958,0.000623271282440628,0.000165401639895068,0.00701401547410812,7.96227517446355e-05,0.00321469245610636,-0.00143254140392957,0.0199371071319361
568.692418772287,-0.00188724138852906,0.000624952711266762,0.000163635360302132,0.00696379243189601,7.8715894814056e-05,0.00319181137930899,-0.00141304002883263,0.0198013664945654
572.636385099737,-0.00186256803518298,0.000626506838367985,0.000161880194188003,0.00691395167645134,7.78166335142124e-05,0.00316910202561084,-0.00139380200181375,0.0196665290676604
576.607703419018,-0.00183820111791206,0.000627936693233138,0.000160136323081883,0.00686448992217329,7.69249872333106e-05,0.00314656295642857,-0.0013748238223398,0.0195325892608317
580.606563420252,-0.00181413725652983,0.00062924524733457,0.00015840391783344,0.00681540391651697,7.6040972054843e-05,0.00312419274725848,-0.00135610203496897,0.0193995415098959
584.633156109091,-0.00179037309677018,0.000630435415074402,0.000156683138947921,0.00676669043964263,7.51646008732492e-05,0.00310198998752698,-0.00133763322880643,0.0192673802769278
588.687673815838,-0.00176690531041255,0.000631510054719367,0.000154974136912808,0.00671834630406706,7.42958835065347e-05,0.00307995328044224,-0.00131941403696568,0.0191361000503069
592.77031020464,-0.0017437305953951,0.000632471969324267,0.000153277052516171,0.0066703683543174,7.34348268059098e-05,0.00305808124284693,-0.00130144113603546,0.019005695344761
596.881260282727,-0.00172084567591625,0.000633323907644023,0.000151592017156922,0.00662275346658733,7.25814347625154e-05,0.00303637250507221,-0.00128371124555225,0.0188761607014042
601.020720409738,-0.00169824730252499,0.000634068565034367,0.000149919153147107,0.00657549854839577,7.17357086112967e-05,0.00301482571079281,-0.00126622112747845,0.0187474906877718
605.188888307094,-0.00167593225220009,0.00063470858434118,0.000148258574006438,0.00652860053824799,7.08976469320885e-05,0.00299343951688343,-0.0012489675856859,0.01861967989785
609.385963067442,-0.00165389732841875,0.000635246556778508,0.000146610384749207,0.00648205640529938,7.00672457479728e-05,0.00297221259327625,-0.00123194746544498,0.0184927229521021
613.612145164168,-0.00163213936121491,0.000635685022795291,0.000144974682163762,0.00643586314902177,6.92444986209685e-05,0.00295114362281971,-0.00121515765291915,0.0183666144974912
617.867636460969,-0.00161065520722752,0.000636026472930831,0.00014335155508469,0.00639001779887231,6.84293967451148e-05,0.00293023130113848,-0.00119859507466487,0.0182413492074979
622.152640221499,-0.00158944174973908,0.00063627334865906,0.000141741084657888,0.00634451741396515,6.76219290370018e-05,0.00290947433649473,-0.00118225669713686,0.0181169217821355
626.467361119072,-0.00156849589870487,0.000636428043221628,0.000140143344598649,0.00629935908274574,6.68220822238116e-05,0.0028888714496506,-0.00116613952619873,0.0179933269479606
630.812005246445,-0.00154781459077292,0.000636492902449885,0.000138558401442946,0.00625453992266784,6.6029840928922e-05,0.00286842137373193,-0.00115024060663888,0.0178705594580804
635.186780125658,-0.00152739478929528,0.000636470225575781,0.000136986314792042,0.00621005707987333,6.52451877551286e-05,0.00284812285409325,-0.00113455702169162,0.0177486140921565
639.591894717946,-0.00150723348433066,0.000636362266031771,0.000135427137550588,0.00616590772887479,6.44681033655419e-05,0.00282797464818403,-0.00111908589256352,0.0176274856564056
644.027559433723,-0.00148732769263888,0.00063617123223976,0.00013388091615835,0.0061220890722409,6.36985665622113e-05,0.0028079755254162,-0.00110382437796497,0.0175071689835961
648.493986142629,-0.00146767445766724,0.000635899288389161,0.000132347690815707,0.00607859834028461,6.29365543625281e-05,0.00278812426703296,-0.00108876967364674,0.0173876589330422
652.991388183652,-0.00144827084952925,0.00063554855520413,0.000130827495703061,0.00603543279075421,6.21820420734601e-05,0.0027684196659788,-0.00107391901194177,0.0172689503905942
657.519980375318,-0.00142911396497581,0.000635121110700054,0.000129320359194305,0.00599258970852721,6.14350033636676e-05,0.00274886052677088,-0.00105926966131193,0.017151038268626
662.07997902595,-0.00141020092735923,0.000634618990929341,0.000127826304064472,0.00595006640530713,6.06954103335515e-05,0.00272944566537159,-0.00104481892589982,0.0170339175060199
666.671601944003,-0.00139152888659026,0.000634044190716612,0.000126345347691705,0.00590786021932315,5.99632335832816e-05,0.00271017390906248,-0.00103056414508549,0.0169175830681474
671.295068448464,-0.00137309501908839,0.00063339866438336,0.000124877502253689,0.00586596851503266,5.92384422788529e-05,0.00269104409631939,-0.00101650269304813,0.0168020299468483
675.950599379332,-0.00135489652772569,0.000632684326462146,0.000123422774918647,0.00582438868282666,5.85210042162158e-05,0.00267205507668891,-0.00100263197833267,0.0166872531604062
680.638417108163,-0.00133693064176439,0.000631903052400428,0.000121981168031059,0.00578311813873818,5.78108858835309e-05,0.00265320571066603,-0.000988949443421145,0.0165732477535214
685.358745548692,-0.0013191946167884,0.000631056679254094,0.000120552679292202,0.00574215432415347,5.71080525215858e-05,0.00263449486957317,-0.000975452564308948,0.0164600087972814
690.11181016753,-0.00130168573462908,0.000630147006370792,0.000119137301935646,0.00570149470552619,5.64124681824261e-05,0.00261592143544039,-0.000962138850085806,0.0163475313891285
694.897837994932,-0.00128440130328536,0.000629175796063136,0.000117735024897818,0.0056611367740945,5.57240957862394e-05,0.00259748430088694,-0.000949005842521492,0.016235810652825
699.717057635642,-0.00126733865683858,0.000628144774271877,0.000116345832983762,0.00562107804560102,5.50428971765353e-05,0.00257918236900395,-0.000936051115656225,0.0161248417384156
704.569699279812,-0.00125049515536206,0.000627055631219139,0.00011496970702819,0.00558131606001578,5.43688331736647e-05,0.00256101455323853,-0.000923272275395712,0.016014619822188
709.455994713995,-0.00123386818482574,0.00062591002205179,0.000113606624051964,0.00554184838126196,5.37018636267191e-05,0.00254297977727901,-0.000910666959110802,0.0159051401066306
714.376177332221,-0.00121745515699611,0.000624709567475063,0.000112256557414088,0.00550267259694464,5.30419474638486e-05,0.00252507697494147,-0.000898232835241688,0.015796397820388
719.33048214714,-0.00120125350933143,0.000623455854376507,0.000110919476959344,0.0054637863180824,5.23890427410382e-05,0.00250730509005751,-0.000885967602906653,0.0156883882182147
724.31914580125,-0.00118526070487275,0.000622150436440361,0.000109595349161664,0.00542518717884179,5.17431066893835e-05,0.00248966307636326,-0.000873868991515291,0.0155811065809258
729.342406578201,-0.0011694742321305,0.000620794834752452,0.000108284137263348,0.00538687283627471,5.11040957608992e-05,0.0024721498973896,-0.000861934760386167,0.0154745482153466
734.400504414174,-0.00115389160496726,0.000619390538395721,0.000106985801410224,0.00534884097005867,5.04719656729008e-05,0.00245476452635362,-0.000850162698368892,0.015368708454259
739.493680909344,-0.00113851036247653,0.000617939005036451,0.000105700298782851,0.00531108928223986,4.98466714509944e-05,0.00243750594605133,-0.000838550623470553,0.0152635826563472
744.622179339418,-0.00112332806885791,0.000616441661501319,0.000104427583723873,0.00527361549697915,4.92281674707088e-05,0.00242037314875149,-0.000827096382486472,0.0151591662061402
749.786244667259,-0.00110834231328866,0.000614899904345359,0.000103167607861601,0.00523641736030081,4.86164074978075e-05,0.00240336513609076,-0.000815797850635247,0.0150554545139534
754.98612355458,-0.00109355070979203,0.000613315100410934,0.00010192032022993,0.00519949263984418,4.80113447273114e-05,0.00238648091896994,-0.000804652931198038,0.0149524430158278
760.222064373731,-0.00107895089710228,0.00061168858737782,0.000100685667384683,0.00516283912461808,4.74129318212666e-05,0.00236971951745148,-0.000793659555162061,0.0148501271734673
765.494317219563,-0.00106454053852669,0.000610021674304508,9.94635935164578e-05,0.00512645462475799,4.68211209452913e-05,0.00235307996065809,-0.000782815680868235,0.0147485024741749
770.803133921369,-0.00105031732180469,0.000608315642160804,9.82540405600859e-05,0.00509033697128612,4.62358638039302e-05,0.00233656128667264,-0.000772119293662977,0.0146475644307867
776.148768054917,-0.00103627895896418,0.000606571744351857,9.70569483007702e-05,0.00505448401587409,4.56571116748513e-05,0.00232016254243908,-0.000761568405554062,0.0145473085816045
781.531474954562,-0.00102242318617532,0.00060479120723369,9.58722544769929e-05,0.00501889363060849,4.50848154419115e-05,0.00230388278366461,-0.000751161054870546,0.0144477304903265
786.951511725437,-0.00100874776360174,0.000602975230620346,9.46998948802802e-05,0.0049835637077591,4.45189256271253e-05,0.002287721074723,-0.000740895305926684,0.0143488257459769
792.40913725574,-0.000995250475249463,0.000601124988282756,9.35398034518969e-05,0.00494849215954984,4.39593924215605e-05,0.00227167648855897,-0.000730769248689834,0.0142505899628339
797.904612229097,-0.00098192912881364,0.000599241628439413,9.23919123765538e-05,0.0049136769179324,4.34061657151942e-05,0.00225574810659376,-0.000720780998452278,0.0141530187803557
803.438199137013,-0.000968781555523113,0.000597326274238974,9.12561521732034e-05,0.00487911593436254,4.28591951257537e-05,0.00223993501863185,-0.000710928695506943,0.0140561078631061
809.01016229141,-0.000955805609983078,0.00059538002423487,9.01324517830006e-05,0.00484480717957909,4.23184300265697e-05,0.00222423632276867,-0.000701210504826976,0.0139598529006778
814.620767837254,-0.000942999170015869,0.000593403952852041,8.90207386545e-05,0.0048107486433855,4.17838195734712e-05,0.00220865112529954,-0.000691624615749133,0.0138642496076152
820.270283765263,-0.000930360136500022,0.000591399110845894,8.79209388261633e-05,0.00477693833443411,4.12553127307432e-05,0.00219317854062961,-0.000682169241660946,0.0137692937233349
825.958979924714,-0.000917886433207704,0.000589366525753568,8.68329770062471e-05,0.00474337428001288,4.07328582961779e-05,0.00217781769118494,-0.000672842619691637,0.0136749810120463
831.687128036326,-0.000905576006640639,0.000587307202337632,8.5756776650139e-05,0.00471005452583482,4.02164049252389e-05,0.00216256770732459,-0.000663643010406725,0.0135813072626696
837.455001705243,-0.000893426825864627,0.000585222123022297,8.46922600352103e-05,0.00467697713582986,3.97059011543677e-05,0.00214742772725382,-0.000654568697506306,0.0134882682887542
843.262876434102,-0.000881436882342751,0.000583112248322247,8.36393483332497e-05,0.00464414019193934,3.92012954234517e-05,0.00213239689693834,-0.000645617987526957,0.013395859928394
849.111029636188,-0.00086960418976739,0.000580978517264185,8.25979616805444e-05,0.00461154179391293,3.87025360974797e-05,0.00211747437001954,-0.000636789209547236,0.013304078044144
854.999740648693,-0.000857926783891112,0.000578821847801207,8.15680192456686e-05,0.00457918005910807,3.82095714874066e-05,0.00210265930773083,-0.000628080714896729,0.0132129185229338
860.92929074605,-0.000846402722356559,0.000576643137220071,8.05494392950427e-05,0.00454705312229185,3.77223498702477e-05,0.00208795087881495,-0.000619490876868624,0.0131223772759811
866.899963153375,-0.000835030084525406,0.000574443262541499,7.95421392563224e-05,0.00451515913544536,3.72408195084279e-05,0.0020733482594423,-0.00061101809043576,0.0130324502387044
872.91204305999,-0.000823806971306486,0.000572223080913573,7.85460357796764e-05,0.0044834962675704,3.67649286684021e-05,0.00205885063313025,-0.000602660771970121,0.012943133370634
878.965817633049,-0.000812731504983157,0.00056998342999834,7.75610447970096e-05,0.00445206270449862,3.62946256385713e-05,0.00204445719066349,-0.000594417358965746,0.012854422655323
885.061576031251,-0.000801801829040008,0.000567725128351723,7.65870815791873e-05,0.00442085664870301,3.58298587465115e-05,0.00203016713001532,-0.000586286309765003,0.0127663141002564
891.199609418655,-0.000791016107988969,0.000565448975796823,7.56240607913159e-05,0.00438987631911174,3.5370576375537e-05,0.00201597965626989,-0.00057826610328821,0.0126788037367609
897.380210978585,-0.000780372527194915,0.00056315575379071,7.4671896546132e-05,0.0043591199509243,3.49167269806156e-05,0.00200189398154545,-0.000570355238766554,0.0125918876199119
903.603675927636,-0.000769869292700827,0.000560846225784807,7.37305024555531e-05,0.00432858579542997,3.44682591036551e-05,0.0019879093249185,-0.000562552235478279,0.0125055618284417
909.870301529772,-0.000759504631052595,0.000558521137578944,7.27997916804395e-05,0.00429827211982853,3.40251213881793e-05,0.00197402491234893,-0.000554855632488105,0.0124198224646456
916.18038711053,-0.000749276789123517,0.000556181217669182,7.18796769786175e-05,0.0042681772070532,3.35872625934102e-05,0.00196023997660598,-0.00054726398838985,0.0123346656542881
922.534234071309,-0.000739184033938582,0.000553827177589504,7.09700707512123e-05,0.00423829935559587,3.31546316077756e-05,0.00194655375719528,-0.00053977588105221,0.0122500875465077
928.932145903777,-0.000729224652498582,0.000551459712247456,7.00708850873368e-05,0.00420863687933446,3.27271774618558e-05,0.00193296550028663,-0.000532389907367676,0.012166084313722
935.374428204358,-0.000719396951604125,0.000549079500253831,6.91820318071834e-05,0.0041791881073625,3.23048493407892e-05,0.00191947445864278,-0.000525104683004539,0.0120826521515312
941.861388688833,-0.000709699257679618,0.000546687204246479,6.83034225035637e-05,0.0041499513838208,3.18875965961513e-05,0.00190607989154908,-0.000517918842161965,0.0119997872786219
948.39333720704,-0.000700129916597261,0.000544283471208353,6.74349685819382e-05,0.00412092506773136,3.14753687573211e-05,0.00189278106474396,-0.000510831037328094,0.0119174859366695
954.970585757668,-0.000690687293501127,0.000541868932779844,6.65765812989811e-05,0.00409210753283324,3.10681155423534e-05,0.0018795772503503,-0.000503839939041138,0.0118357443902409
961.593448503166,-0.000681369772631364,0.000539444205565528,6.57281717997197e-05,0.00406349716742065,3.0665786868369e-05,0.0018664677268077,-0.000496944235653437,0.0117545589266961
968.262241784745,-0.000672175757148595,0.000537009891435385,6.48896511532904e-05,0.00403509237418295,3.02683328614785e-05,0.0018534517788055,-0.000490142633098456,0.0116739258560894
974.977284137491,-0.000663103668958538,0.000534566577820586,6.40609303873509e-05,0.00400689157004682,2.98757038662542e-05,0.00184052869721675,-0.000483433854660667,0.0115938415110704
981.738896305574,-0.000654151948536927,0.000532114838003931,6.3241920521186e-05,0.00397889318602034,2.94878504547624e-05,0.00182769777903286,-0.000476816640748306,0.0115143022467846
988.547401257578,-0.00064531905475475,0.000529655231405024,6.2432532597546e-05,0.00395109566703911,2.91047234351707e-05,0.00181495832729924,-0.000470289748668959,0.011435304440773
995.403124201917,-0.000636603464703872,0.000527188303860263,6.16326777132538e-05,0.00392349747181427,2.87262738599426e-05,0.00180230965105155,-0.000463851952407957,0.0113568444928721
1002.30639260238,-0.000628003673523081,0.000524714587897727,6.0842267048617e-05,0.00389609707268253,2.83524530336333e-05,0.00178975106525295,-0.000457502042409534,0.011278918825113
1009.25753619375,-0.000619518194224587,0.000522234603007042,6.00612118956783e-05,0.00386889295545808,2.79832125202967e-05,0.00177728189073193,-0.000451238825360731,0.0112015238816204
1016.2568869976,-0.000611145557521028,0.00051974885590431,5.92894236853413e-05,0.00384188361928634,2.76185041505183e-05,0.00176490145412108,-0.000445061123978002,0.0111246561285112
1023.30477933808,-0.000602884311653032,0.000517257840792178,5.85268140134021e-05,0.00381506757649969,2.72582800280844e-05,0.00175260908779654,-0.000438967776796515,0.011048312053793
1030.40154985798,-0.000594733022217323,0.000514762039615112,5.77732946655189e-05,0.0037884433524749,2.69024925362985e-05,0.00174040412981822,-0.000432957637962071,0.0109724881672617
1037.5475375347,-0.000586690271995485,0.000512261922309978,5.70287776411546e-05,0.00376200948549254,2.6551094343957e-05,0.0017282859238708,-0.000427029577025682,0.0108971810004001
1044.74308369654,-0.000578754660783331,0.000509757947051985,5.62931751765175e-05,0.00373576452659804,2.62040384109954e-05,0.00171625381920537,-0.000421182478740693,0.0108223871062744
1051.98853203895,-0.000570924805220994,0.000507250560496076,5.55663997665366e-05,0.00370970703946462,2.58612779938135e-05,0.00170430717058197,-0.000415415242862503,0.0107481030594326
1059.28422864097,-0.000563199338623688,0.000504740198013838,5.48483641858933e-05,0.00368383560025795,2.55227666502927e-05,0.00169244533821263,-0.000409726783950782,0.0106743254558011
1066.63052198171,-0.00055557691081326,0.000502227283926007,5.41389815091456e-05,0.00365814879750253,2.51884582445126e-05,0.00168066768770533,-0.000404116031174218,0.0106010509125817
1074.02776295709,-0.000548056187950457,0.000499712231730633,5.34381651299649e-05,0.00363264523194974,2.48583069511786e-05,0.0016689735900085,-0.000398581928117704,0.0105282760681485
1081.4763048965,-0.000540635852368047,0.000497195444326992,5.27458287795188e-05,0.00360732351644771,2.45322672597697e-05,0.00165736242135631,-0.000393123432592001,0.0104559975819449
1088.97650357974,-0.000533314602404717,0.000494677314235299,5.20618865440212e-05,0.00358218227581268,2.42102939784143e-05,0.00164583356321458,-0.00038773951644579,0.0103842121343795
1096.52871725401,-0.000526091152239859,0.000492158223812304,5.1386252881479e-05,0.00355722014670215,2.38923422375046e-05,0.00163438640222741,-0.000382429165380123,0.0103129164267232
1104.13330665098,-0.00051896423172919,0.00048963854546283,5.07188426376562e-05,0.00353243577748952,2.35783674930575e-05,0.00162302033016443,-0.000377191378765227,0.0102421071810052
1111.79063500406,-0.000511932586241311,0.000487118641847331,5.00595710612851e-05,0.0035078278281405,2.32683255298312e-05,0.00161173474386875,-0.000372025169459651,0.0101717811399093
1119.50106806575,-0.000504994976495139,0.000484598866085535,4.94083538185413e-05,0.00348339497009088,2.2962172464204e-05,0.0016005290452055,-0.000366929563631696,0.0101019350666703
1127.26497412507,-0.000498150178398312,0.000482079561956227,4.87651070068126e-05,0.00345913588612611,2.26598647468257e-05,0.0015894026410111,-0.000361903600583149,0.0100325657449701
1135.0827240252,-0.000491396982886523,0.000479561064093256,4.81297471677773e-05,0.00343504927026218,2.23613591650477e-05,0.00157835494304303,-0.000356946332575238,0.00996366997883396
1142.95469118117,-0.000484734195763855,0.000477043698177816,4.75021912998197e-05,0.00341113382762817,2.20666128451403e-05,0.00156738536793035,-0.000352056824656842,0.00989524459252636
1150.8812515977,-0.000478160637544077,0.000474527781127066,4.68823568697993e-05,0.00338738827435025,2.17755832543032e-05,0.00155649333712475,-0.000347234154494866,0.00982728643044743
1158.86278388715,-0.000471675143292982,0.000472013621279168,4.62701618241969e-05,0.00336381133743718,2.14882282024788e-05,0.00154567827685224,-0.000342477412206821,0.00975979235702903
1166.89966928762,-0.000465276562471715,0.000469501518574774,4.56655245996563e-05,0.00334040175466719,2.12045058439727e-05,0.00153493961806539,-0.000337785700195519,0.00969275925663085
1174.99229168114,-0.000458963758781174,0.000466991764735062,4.50683641329431e-05,0.00331715827447643,2.09243746788901e-05,0.00152427679639628,-0.000333158132985912,0.00962618403343678
1183.14103761204,-0.000452735610007427,0.000464484643436335,4.44785998703351e-05,0.00329407965584869,2.06477935543929e-05,0.00151368925210984,-0.000328593837064012,0.00956006361135101
1191.34629630538,-0.000446591007868224,0.000461980430481297,4.38961517764689e-05,0.00327116466820665,2.03747216657863e-05,0.00150317643005796,-0.000324091950717888,0.00949439493389455
1199.60845968555,-0.000440528857860562,0.000459479393967005,4.33209403426546e-05,0.00324841209130441,2.01051185574382e-05,0.00149273777963403,-0.000319651623880704,0.0094291749641015
1207.92792239501,-0.00043454807910936,0.000456981794449613,4.27528865946817e-05,0.00322582071512147,1.98389441235406e-05,0.00148237275472806,-0.000315272017975787,0.00936440068441569
1216.3050818131,-0.000428647604217207,0.00045448788510591,4.21919121001267e-05,0.00320338933975795,1.95761586087152e-05,0.00147208081368243,-0.000310952305763673,0.00930006909658715
1224.74033807505,-0.000422826379115243,0.000451997911891754,4.16379389751863e-05,0.00318111677533126,1.93167226084733e-05,0.00146186141924808,-0.000306691671191152,0.00923617722156897
1233.23409409112,-0.000417083362915129,0.000449512113697426,4.10908898910445e-05,0.00315900184187391,1.90605970695307e-05,0.00145171403854128,-0.000302489309242233,0.00917272209941402
1241.78675556577,-0.000411417527762173,0.000447030722499976,4.05506880797966e-05,0.00313704336923282,1.88077432899879e-05,0.00144163814300095,-0.000298344425791064,0.00910970078917203
1250.39873101711,-0.000405827858689557,0.000444553963512602,4.00172573399387e-05,0.00311524019696968,1.85581229193761e-05,0.00143163320834644,-0.000294256237456725,0.00904711036878661
1259.07043179635,-0.000400313353473727,0.000442082055331124,3.94905220414433e-05,0.00309359117426275,1.83116979585782e-05,0.00142169871453589,-0.000290223971459924,0.00898494793499262
1267.80227210752,-0.000394873022490914,0.000439615210077603,3.8970407130429e-05,0.00307209515980974,1.80684307596266e-05,0.00141183414572507,-0.000286246865481533,0.00892321060321352
1276.5946690272,-0.000389505888574807,0.000437153633541145,3.84568381334448e-05,0.00305075102173203,1.78282840253842e-05,0.00140203899022667,-0.000282324167522967,0.00886189550745902
1285.44804252445,-0.000384210986875395,0.000434697525315966,3.79497411613781e-05,0.00302955763748004,1.75912208091138e-05,0.00139231274047016,-0.000278455135768374,0.00880099980022288
1294.36281548089,-0.000378987364718948,0.000432247078936733,3.74490429129996e-05,0.00300851389373974,1.73572045139374e-05,0.0013826548929621,-0.000274639038448603,0.00874052065238085
1303.33941371088,-0.00037383408146918,0.000429802482011263,3.69546706781616e-05,0.00298761868634043,1.71261988921944e-05,0.00137306494824693,-0.000270875153706958,0.00868045525308892
1312.37826598188,-0.000368750208389568,0.000427363916350596,3.64665523406569e-05,0.00296687092016357,1.6898168044698e-05,0.00136354241086822,-0.000267162769466677,0.00862080080968158
1321.47980403488,-0.000363734828506851,0.000424931558096529,3.59846163807548e-05,0.00294626950905282,1.66730764198983e-05,0.00135408678933041,-0.000263501183300158,0.00856155454757059
1330.6444626051,-0.000358787036475684,0.000422505577846606,3.55087918774231e-05,0.00292581337572515,1.64508888129523e-05,0.00134469759606099,-0.000259889702299862,0.00850271371014365
1339.87267944269,-0.000353905938444496,0.000420086140776665,3.50390085102494e-05,0.00290550145168308,1.62315703647084e-05,0.00133537434737315,-0.000256327642950927,0.00844427555866359
1349.16489533366,-0.000349090651922486,0.000417673406760938,3.45751965610703e-05,0.00288533267712798,1.60150865606052e-05,0.00132611656342883,-0.000252814331005414,0.00838623737216755
1358.52155412096,-0.000344340305647832,0.000415267530489787,3.41172869153223e-05,0.00286530600087452,1.58014032294916e-05,0.00131692376820231,-0.00024934910135822,0.00832859644736662
1367.94310272563,-0.000339654039457049,0.000412868661585091,3.36652110631215e-05,0.00284542038026602,1.559048654237e-05,0.00130779548944412,-0.000245931297924592,0.00827135009854556
1377.42999116818,-0.000335031004155541,0.000410476944713345,3.32189011000861e-05,0.00282567478109107,1.53823030110663e-05,0.00129873125864544,-0.000242560273519257,0.00821449565746296
1386.98267259009,-0.000330470361389318,0.000408092519696501,3.27782897279062e-05,0.00280606817750093,1.51768194868299e-05,0.00128973061100292,-0.000239235389737117,0.00815803047325143
1396.60160327544,-0.000325971283517905,0.000405715521620607,3.23433102546771e-05,0.00278659955192815,1.49740031588679e-05,0.00128079308538391,-0.000235956016835523,0.00810195191231833
1406.2872426727,-0.000321532953488401,0.000403346080942266,3.19138965949982e-05,0.00276726789500603,1.47738215528144e-05,0.00127191822429206,-0.000232721533618071,0.00804625735824654
1416.04005341668,-0.000317154564710744,0.000400984323592973,3.14899832698533e-05,0.00274807220548923,1.45762425291414e-05,0.00126310557383342,-0.00022953132731994,0.00799094421169572
1425.86050135065,-0.000312835320934109,0.000398630371081353,3.10715054062743e-05,0.00272901149017515,1.43812342815097e-05,0.00125435468368283,-0.000226384793494718,0.00793600989030367
1435.74905554856,-0.000308574436124519,0.000396284340593358,3.06583987368035e-05,0.00271008476382646,1.41887653350674e-05,0.0012456651070508,-0.000223281335902722,0.00788145182858818
1445.70618833745,-0.000304371134343577,0.00039394634509044,3.02505995987566e-05,0.00269129104909445,1.39988045446948e-05,0.0012370364006507,-0.000220220366400778,0.00782726747784899
1455.73237532004,-0.000300224649628404,0.000391616493405756,2.98480449332983e-05,0.00267262937644335,1.38113210932007e-05,0.00122846812466636,-0.000217201304833457,0.00777345430607024
1465.8280953974,-0.000296134225872708,0.000389294890338424,2.94506722843371e-05,0.00265409878407557,1.36262844894714e-05,0.00121995984272009,-0.000214223578925731,0.00772000979782307
1475.99383079187,-0.000292099116709028,0.000386981636745891,2.90584197972461e-05,0.00263569831785785,1.34436645665768e-05,0.001211511121841,-0.000211286624177047,0.00766693145416867
1486.23006707006,-0.000288118585392123,0.000384676829634414,2.86712262174173e-05,0.00261742703124826,1.32634314798323e-05,0.00120312153243374,-0.000208389883756794,0.00761421679256156
1496.53729316606,-0.000284191904683517,0.00038238056224773,2.82890308886577e-05,0.00259928398522414,1.30855557048237e-05,0.00119479064824758,-0.000205532808401143,0.00756186334675328
1506.9160014048,-0.000280318356737186,0.000380092924153907,2.79117737514318e-05,0.00258126824821085,1.29100080353928e-05,0.00118651804634583,-0.000202714856311253,0.00750986866669628
1517.36668752555,-0.000276497232986392,0.000377814001330451,2.7539395340959e-05,0.00256337889601143,1.27367595815889e-05,0.00117830330707569,-0.000199935493052812,0.00745823031844835
1527.88985070559,-0.000272727834031645,0.000375543876247665,2.71718367851713e-05,0.00254561501173701,1.25657817675872e-05,0.00117014601403831,-0.000197194191456903,0.00740694588407716
1538.4859935841,-0.000269009469529814,0.000373282627950319,2.68090398025383e-05,0.00252797568573816,1.2397046329576e-05,0.00116204575405933,-0.000194490431522188,0.00735601296156533
1549.15562228612,-0.000265341458084341,0.000371030332137657,2.64509466997631e-05,0.00251046001553701,1.22305253136147e-05,0.00115400211715968,-0.00019182370031837,0.00730542916471571
1559.89924644673,-0.000261723127136603,0.00036878706124176,2.60975003693599e-05,0.00249306710576011,1.20661910734655e-05,0.00114601469652672,-0.000189193491890943,0.00725519212305719
1570.71737923542,-0.000258153812858373,0.000366552884504311,2.57486442871125e-05,0.00247579606807221,1.19040162683986e-05,0.00113808308848574,-0.000186599307167185,0.00720529948175057
1581.61053738059,-0.000254632860045401,0.000364327868051793,2.54043225094248e-05,0.00245864602111073,1.17439738609754e-05,0.00113020689247176,-0.000184040653863418,0.00715574890149517
1592.57924119422,-0.000251159622012094,0.000362112074969127,2.50644796705652e-05,0.00244161609042103,1.15860371148085e-05,0.00112238571100162,-0.000181517046393469,0.00710653805843542
1603.62401459674,-0.000247733460487305,0.00035990556537182,2.47290609798112e-05,0.00242470540839245,1.14301795923023e-05,0.00111461914964645,-0.000179028005778362,0.00705766464406814
1614.74538514202,-0.000244353745511204,0.000357708396476607,2.43980122184989e-05,0.00240791311419509,1.12763751523753e-05,0.00110690681700442,-0.000176573059557197,0.00700912636514992
1625.94388404263,-0.000241019855333249,0.000355520622670652,2.40712797369833e-05,0.00239123835371733,1.11245979481647e-05,0.00109924832467377,-0.000174151741699213,0.00696092094360511
1637.22004619516,-0.000237731176311222,0.000353342295579309,2.37488104515107e-05,0.00237468027950408,1.09748224247161e-05,0.00109164328722616,-0.000171763592517016,0.00691304611643396
1648.57441020578,-0.00023448710281136,0.000351173464132496,2.34305518410131e-05,0.00235823805069575,1.0827023316659e-05,0.00108409132218034,-0.000169408158580959,0.00686549963562135
1660.00751841599,-0.000231287037109533,0.000349014174629678,2.31164519438231e-05,0.00234191083296794,1.06811756458694e-05,0.00107659204997611,-0.000167084992634653,0.00681827926804567
1671.51991692849,-0.000228130389293497,0.000346864470803521,2.28064593543184e-05,0.0023256977984718,1.05372547191215e-05,0.00106914509394852,-0.000164793653511612,0.00677138279538832
1683.11215563331,-0.000225016577166197,0.000344724393882209,2.2500523219496e-05,0.0023095981257751,1.03952361257289e-05,0.00106175008030239,-0.00016253370605299,0.00672480801404339
1694.78478823403,-0.000221945026150119,0.000342593982650477,2.21985932354838e-05,0.002293610999804,1.02550957351774e-05,0.00105440663808714,-0.000160304721026423,0.00667855273502788
1706.53837227424,-0.000218915169192675,0.000340473273509363,2.19006196439893e-05,0.00227773561178539,1.01168096947498e-05,0.00104711439917186,-0.000158106275045944,0.00663261478389214
1718.37346916419,-0.000215926446672636,0.000338362300534723,2.16065532286933e-05,0.00226197115919009,9.98035442714481e-06,0.00103987299822065,-0.000155937950492966,0.00658699200063093
1730.2906442076,-0.000212978306307572,0.000336261095534515,2.13163453115887e-05,0.00224631684567644,9.84570662809003e-06,0.00103268207266825,-0.000153799335438309,0.00654168223959461
1742.29046662864,-0.000210070203062331,0.000334169688104899,2.10299477492699e-05,0.00223077188103477,9.71284326395106e-06,0.00102554126269593,-0.000151690023565284,0.00649668336940098
1754.37350959913,-0.00020720159905851,0.00033208810568514,2.0747312929175e-05,0.00221533548113233,9.58174156933712e-06,0.00101845021120764,-0.000149609614093774,0.00645199327284724
1766.54035026596,-0.000204371963484945,0.00033001637361138,2.04683937657849e-05,0.00220000686785895,9.45237904470467e-06,0.00101140856380642,-0.00014755771170535,0.0064076098468226
1778.79156977856,-0.00020158077250919,0.000327954515169273,2.01931436967815e-05,0.00218478526907328,9.32473345395964e-06,0.0010044159687711,-0.000145533926469376,0.00636353100222118
1791.12775331676,-0.000198827509189984,0.000325902551645505,1.99215166791688e-05,0.0021696699185496,9.19878282205904e-06,0.000997472077033161,-0.000143537873770095,0.00631975466385522
1803.54949011869,-0.000196111663390705,0.000323860502378239,1.96534671853591e-05,0.0021546600559253,9.07450543261364e-06,0.000990576542153936,-0.000141569174234696,0.0062762787703689
1816.05737350894,-0.000193432731693791,0.000321828384806489,1.93889501992271e-05,0.00213975492664889,8.95187982549121e-06,0.000983729020302025,-0.000139627453662335,0.00623310127415231
1828.65200092687,-0.000190790217316132,0.000319806214518457,1.91279212121363e-05,0.00212495378192861,8.83088479442278e-06,0.000976929170230952,-0.000137712342954107,0.00619022014125609
1841.33397395519,-0.000188183630025416,0.000317794005298833,1.88703362189362e-05,0.00211025587868164,8.711499384611e-06,0.00097017665325704,-0.000135823478043951,0.00614763335130619
1854.10389834867,-0.00018561248605743,0.000315791769175111,1.8616151713939e-05,0.00209566047948383,8.59370289034301e-06,0.000963471133237568,-0.00013396049983048,0.00610533889741932
1866.9623840631,-0.000183076308034296,0.000313799516462902,1.83653246868707e-05,0.00208116685251998,8.47747485260682e-06,0.00095681227654911,-0.00013212305410972,0.00606333478611856
1879.91004528435,-0.000180574624883654,0.0003118172558103,1.81178126188065e-05,0.00206677427153477,8.36279505671374e-06,0.000950199752066142,-0.000130310791508751,0.00602161903724955
1892.94750045783,-0.000178106971758756,0.00030984499424129,1.78735734780865e-05,0.00205248201578408,8.24964352992559e-06,0.000943633231139852,-0.000128523367420231,0.00598018968389697
1906.0753723179,-0.000175672889959491,0.000307882737198241,1.76325657162181e-05,0.00203828936998701,8.1380005390892e-06,0.000937112387577189,-0.000126760441937803,0.00593904477230153
1919.29428791772,-0.000173271926854318,0.000305930488583477,1.73947482637645e-05,0.00202419562427823,8.02784658827707e-06,0.000930636897620112,-0.000125021679792362,0.00589818236177722
1932.60487865912,-0.000170903635803098,0.000303988250799975,1.71600805262231e-05,0.00201020007416109,7.91916241643628e-06,0.000924206439925086,-0.000123306750289171,0.00585760052462919
1946.00778032282,-0.000168567576080826,0.000302056024791175,1.69285223798942e-05,0.00199630202046097,7.81192899504489e-06,0.000917820695542757,-0.000121615327245832,0.0058172973460718
1959.50363309877,-0.000166263312802249,0.000300133810079945,1.67000341677437e-05,0.00198250076927943,7.70612752577765e-06,0.000911479347897874,-0.000119947088931073,0.00577727092414725
1973.09308161673,-0.000163990416847359,0.000298221604806703,1.64745766952595e-05,0.00196879563194858,7.6017394381801e-06,0.000905182082769386,-0.000118301718004368,0.00573751936964452
1986.77677497706,-0.000161748464787766,0.000296319405766723,1.62521112263046e-05,0.00195518592498614,7.49874638735301e-06,0.000898928588270778,-0.000116678901456359,0.00569804080601883
2000.55536678172,-0.000159537038813923,0.000294427208446625,1.60325994789687e-05,0.00194167097005088,7.39713025164627e-06,0.000892718554830579,-0.000115078330550078,0.00565883336931131
2014.42951516552,-0.000157355726663218,0.000292545007060091,1.58160036214191e-05,0.00192825009389862,7.29687313036389e-06,0.000886551675173099,-0.000113499700762963,0.00561989520806938
2028.39988282751,-0.000155204121548905,0.000290672794582796,1.56022862677524e-05,0.00191492262833858,7.1979573414793e-06,0.000880427644299336,-0.000111942711729643,0.00558122448326718
2042.46713706267,-0.000153081822089877,0.000288810562786587,1.53914104738499e-05,0.00190168791019035,7.10036541936263e-06,0.000874346159468109,-0.0001104070671855,0.00554281936822679
2056.63194979376,-0.000150988432241271,0.000286958302272915,1.51833397332355e-05,0.00188854528124116,7.00408011251904e-06,0.00086830692017735,-0.000108892474910982,0.00550467804853947
2070.89499760343,-0.000148923561225902,0.000285116002505547,1.49780379729409e-05,0.00187549408820377,6.90908438133977e-06,0.000862309628145622,-0.000107398646676669,0.0054667987219877
2085.25696176653,-0.000146886823466496,0.000283283651842554,1.47754695493754e-05,0.00186253368267463,6.81536139586491e-06,0.000856353987293791,-0.000105925298189076,0.00542917959846728
2099.71852828265,-0.000144877838518757,0.000281461237567614,1.45755992442056e-05,0.00184966342109264,6.72289453355952e-06,0.000850439703726911,-0.000104472149037179,0.0053918188999101
2114.2803879089,-0.000142896231005207,0.000279648745920613,1.43783922602423e-05,0.00183688266469823,6.63166737710219e-06,0.000844566485716272,-0.000103038922639668,0.00535471486020716
2128.94323619287,-0.000140941630549839,0.000277846162127594,1.41838142173393e-05,0.00182419077949294,6.54166371218744e-06,0.000838734043681641,-0.000101625346192908,0.00531786572513209
2143.7077735059,-0.00013901367171354,0.000276053470430031,1.39918311483024e-05,0.00181158713619938,6.45286752534124e-06,0.000832942090173674,-0.000100231150619592,0.00528126975226498
2158.57470507649,-0.000137111993930306,0.000274270654113476,1.38024094948111e-05,0.00179907111022164,6.3652630017507e-06,0.000827190339856515,-9.88560705180939e-05,0.00524492521091679
2173.54474102402,-0.000135236241444207,0.000272497695535555,1.36155161033539e-05,0.00178664208160608,6.27883452310752e-06,0.000821478509490545,-9.74998441125001e-05,0.00520883038205393
2188.61859639264,-0.00013338606324713,0.000270734576153368,1.34311182211776e-05,0.00177429943500256,6.19356666546613e-06,0.000815806317915336,-9.61622132033138e-05,0.00517298355822347
2203.79699118545,-0.000131561113017267,0.000268981276550261,1.32491834922517e-05,0.00176204255962603,6.10944419711588e-06,0.000810173486032743,-9.48429231188212e-05,0.00513738304347862
2219.08065039887,-0.000129761049058352,0.000267237776462025,1.30696799532494e-05,0.00174987084921859,6.02645207646831e-06,0.000804579736790187,-9.35417226671169e-05,0.00510202715330466
2234.47030405729,-0.000127985534239631,0.000265504054802494,1.28925760295446e-05,0.00173778370201182,5.94457544995901e-06,0.000799024795164082,-9.22583640887708e-05,0.00506691421454528
2249.9666872479,-0.000126234235936574,0.000263780089688591,1.27178405312278e-05,0.00172578052068963,5.8637996499649e-06,0.000793508388143446,-9.09926030101386e-05,0.00503204256532931
2265.57054015586,-0.000124506825972297,0.000262065858464803,1.25454426491394e-05,0.00171386071235138,5.78411019273626e-06,0.000788030244713654,-8.97441983972954e-05,0.00499741055499784
2281.28260809959,-0.000122802980559709,0.000260361337727114,1.23753519509225e-05,0.00170202368847545,5.70549277634454e-06,0.000782590095840366,-8.85129125105962e-05,0.00496301654403183
2297.10364156645,-0.000121122380244361,0.000258666503346405,1.22075383770955e-05,0.00169026886488316,5.62793327864542e-06,0.000777187674453597,-8.72985108598449e-05,0.00492885890397996
2313.0343962485,-0.000119464709848005,0.000256981330491324,1.20419722371456e-05,0.00167859566170301,5.55141775525768e-06,0.000771822715431955,-8.61007621600718e-05,0.00489493601738706
2329.07563307866,-0.000117829658412834,0.000255305793650644,1.18786242056423e-05,0.00166700350333536,5.47593243755757e-06,0.00076649495558702,-8.49194382879034e-05,0.0048612462777228
2345.22811826701,-0.000116216919146416,0.000253639866655121,1.1717465318374e-05,0.00165549181841739,5.40146373068931e-06,0.000761204133647888,-8.37543142385267e-05,0.00482778808931089
2361.49262333744,-0.000114626189367306,0.000251983522698853,1.15584669685054e-05,0.00164406003978848,5.32799821159122e-06,0.000755949990245847,-8.2605168083228e-05,0.00479455986725854
2377.86992516445,-0.000113057170451332,0.00025033673436016,1.14016009027587e-05,0.00163270760445587,5.25552262703828e-06,0.000750732267899218,-8.1471780927512e-05,0.00476156003738651
2394.36080601029,-0.000111509567778532,0.000248699473621988,1.12468392176173e-05,0.00162143395356073,5.18402389170027e-06,0.000745550710998325,-8.03539368697797e-05,0.00472878703615937
2410.96605356231,-0.00010998309068077,0.000247071711891854,1.10941543555537e-05,0.00161023853234451,5.11348908621656e-06,0.000740405065790624,-7.92514229605707e-05,0.00469623931061628
2427.6864609706,-0.000108477452389982,0.00024545342002133,1.0943519101281e-05,0.00159912079011566,5.04390545528682e-06,0.000735295080365959,-7.81640291623509e-05,0.00466391531830209
2444.52282688584,-0.000106992369987075,0.000243844568325091,1.07949065780292e-05,0.00158808018021666,4.97526040577816e-06,0.000730220504641976,-7.70915483098485e-05,0.00463181352719888
2461.4759554975,-0.000105527564351462,0.000242245126599518,1.06482902438469e-05,0.00157711615999138,4.9075415048485e-06,0.000725181090349654,-7.60337760709217e-05,0.00459993241565789
2478.54665657221,-0.000104082760111222,0.000240655064140884,1.05036438879267e-05,0.00156622819075278,4.84073647808626e-06,0.000720176591018985,-7.49905109079586e-05,0.00456827047233178
2495.73574549243,-0.000102657685593884,0.000239074349763114,1.03609416269584e-05,0.00155541573775089,4.77483320766669e-06,0.000715206761964802,-7.39615540397993e-05,0.00453682619610741
2513.04404329547,-0.000101252072777826,0.000237502951815143,1.0220157901506e-05,0.00154467827014114,4.70981973052411e-06,0.000710271360272707,-7.29467094041692e-05,0.00450559809603883
2530.47237671259,-9.98656572442847e-05,0.00023594083819787,1.00812674724124e-05,0.001534015260953,4.64568423654117e-06,0.000705370144785164,-7.19457836206263e-05,0.00447458469128087
2548.02157820863,-9.84981781299609e-05,0.000234387976380716,9.94424541722957e-06,0.00152342618705884,4.58241506675389e-06,0.0007005028760877,-7.09585859540041e-05,0.00444378451102288
2565.69248602162,-9.71493780802267e-05,0.000232844333417806,9.80906712667637e-06,0.00151291052914324,4.52000071157373e-06,0.000695669316495252,-6.99849282783546e-05,0.00441319609442308
2583.48594420295,-9.58190032029143e-05,0.000231309875963769,9.6757083011223e-06,0.00150246777167247,4.45842980902558e-06,0.00069086923003862,-6.90246250413744e-05,0.00438281799054313
2601.4028026576,-9.45068030226929e-05,0.00022978457028917,9.54414494709934e-06,0.00149209740286433,4.39769114300247e-06,0.000686102382451073,-6.80774932293173e-05,0.00435264875828318
2619.4439171848,-9.3212530436014e-05,0.000228268382295586,9.41435337384036e-06,0.00148179891465825,4.33777364153647e-06,0.000681368541155049,-6.71433523323774e-05,0.00432268696631726
2637.61014951883,-9.19359416666312e-05,0.000226761277530321,9.28631018984574e-06,0.00147157180268569,4.27866637508615e-06,0.000676667475249005,-6.62220243105458e-05,0.00429293119302906
2655.90236737027,-9.06767962216763e-05,0.000225263221200782,9.15999229947709e-06,0.00146141556624084,4.22035855484016e-06,0.000671998955494365,-6.53133335599247e-05,0.00426338002644807
2674.32144446737,-8.9434856848297e-05,0.000223774178188513,9.03537689957924e-06,0.00145132970825154,4.16283953103728e-06,0.00066736275430261,-6.44171068795036e-05,0.00423403206418615
2692.86826059784,-8.82098894908376e-05,0.000222294113062897,8.91244147612983e-06,0.00144131373525056,4.10609879130265e-06,0.000662758645722463,-6.353317343838e-05,0.00420488591337441
2711.54370165082,-8.70016632485683e-05,0.000220822990094539,8.7911638009173e-06,0.00143136715734708,4.05012595900031e-06,0.000658186405427214,-6.26613647434299e-05,0.00417594019060053
2730.34865965925,-8.58099503339463e-05,0.00021936077326832,8.67152192824667e-06,0.00142148948819847,3.99491079160181e-06,0.00065364581070214,-6.18015146074112e-05,0.00414719352184638
2749.28403284242,-8.4634526031412e-05,0.000217907426296155,8.55349419167394e-06,0.00141168024498236,3.94044317907107e-06,0.000649136640432055,-6.09534591175054e-05,0.0041186445424261
2768.35072564895,-8.34751686567048e-05,0.000216462912629428,8.43705920076838e-06,0.00140193894836893,3.88671314226518e-06,0.000644658675088962,-6.01170366042798e-05,0.00409029189692447
2787.54964879989,-8.2331659516702e-05,0.000215027195471149,8.32219583790365e-06,0.00139226512249345,3.83371083135146e-06,0.000640211696719827,-5.92920876110762e-05,0.00406213423913572
2806.88171933232,-8.12037828697649e-05,0.000213600237787799,8.20888325507683e-06,0.00138265829492917,3.78142652424015e-06,0.000635795488934449,-5.84784548638107e-05,0.00403417023200262
2826.34786064308,-8.00913258865968e-05,0.000212182002320909,8.0971008707564e-06,0.00137311799666034,3.72985062503332e-06,0.000631409836893458,-5.76759832411866e-05,0.00400639854755605
2845.94900253294,-7.89940786115946e-05,0.000210772451598339,7.98682836675807e-06,0.00136364376205553,3.67897366248935e-06,0.000627054527296397,-5.6884519745308e-05,0.00397881786685482
2865.68608125093,-7.79118339247023e-05,0.000209371547945304,7.87804568514977e-06,0.00135423512884128,3.62878628850342e-06,0.00062272934836994,-5.61039134726964e-05,0.00395142687992597
2885.56003953913,-7.68443875037458e-05,0.000207979253495109,7.77073302518441e-06,0.00134489163807583,3.57927927660341e-06,0.00061843408985618,-5.53340155856962e-05,0.0039242242857053
2905.57182667768,-7.57915377872573e-05,0.000206595530199645,7.66487084026163e-06,0.00133561283412324,3.53044352046168e-06,0.000614168543001059,-5.45746792842732e-05,0.00389720879197841
2925.72239853012,-7.47530859377706e-05,0.00020522033983961,7.56043983491754e-06,0.00132639826462765,3.48227003242214e-06,0.000609932500542868,-5.38257597781912e-05,0.00387037911532192
2946.01271758903,-7.37288358055936e-05,0.000203853644034488,7.4574209618433e-06,0.00131724748048787,3.43474994204301e-06,0.000605725756700871,-5.30871142595707e-05,0.00384373398104528
2966.44375302203,-7.27185938930418e-05,0.000202495404252279,7.35579541893153e-06,0.00130816003583207,3.38787449465471e-06,0.000601548107164016,-5.23586018758174e-05,0.00381727212313267
2987.01648071805,-7.17221693191364e-05,0.000201145581818988,7.25554464635152e-06,0.00129913548799285,3.3416350499332e-06,0.000597399349079755,-5.16400837029204e-05,0.0037909922841855
3007.73188333398,-7.07393737847533e-05,0.000199804137927878,7.1566503236522e-06,0.00129017339748242,3.29602308048844e-06,0.000593279281042955,-5.09314227191113e-05,0.00376489321536507
3028.59095034155,-6.97700215382251e-05,0.000198471033648495,7.05909436689374e-06,0.0012812733279681,3.25103017046797e-06,0.000589187703084916,-5.02324837788837e-05,0.00373897367633575
3049.59467807464,-6.88139293413839e-05,0.000197146229935464,6.96285892580684e-06,0.00127243484624791,3.20664801417547e-06,0.000585124416662466,-4.95431335873627e-05,0.00371323243520832
3070.74406977686,-6.7870916436046e-05,0.000195829687637067,6.86792638098039e-06,0.00126365752222655,3.1628684147043e-06,0.00058108922464718,-4.88632406750263e-05,0.00368766826848386
3092.04013564946,-6.69408045109265e-05,0.000194521367503596,6.77427934107661e-06,0.00125494092889147,3.11968328258576e-06,0.000577081931314664,-4.8192675372767e-05,0.00366227996099784
3113.48389289956,-6.60234176689859e-05,0.000193221230195513,6.68190064007463e-06,0.0012462846422892,3.07708463445222e-06,0.000573102342333951,-4.75313097872953e-05,0.00363706630586462
3135.07636578881,-6.51185823951954e-05,0.000191929236291381,6.59077333454108e-06,0.00123768824150187,3.03506459171466e-06,0.000569150264756979,-4.68790177768755e-05,0.00361202610442225
3156.8185856822,-6.42261275247252e-05,0.000190645346295607,6.50088070092906e-06,0.00122915130862398,2.993615379255e-06,0.000565225507008172,-4.62356749273935e-05,0.00358715816617772
3178.71159109747,-6.33458842115397e-05,0.000189369520645981,6.41220623290379e-06,0.00122067342873936,2.95272932413256e-06,0.000561327878874092,-4.56011585287477e-05,0.00356246130875236
3200.75642775457,-6.24776858974062e-05,0.000188101719721026,6.32473363869651e-06,0.0012122541898983,2.91239885430512e-06,0.0005574571914932,-4.49753475515641e-05,0.00353793435782781
3222.9541486257,-6.16213682813016e-05,0.000186841903847146,6.23844683848482e-06,0.00120389318309494,2.87261649736396e-06,0.000553613257345688,-4.43581226242247e-05,0.0035135761470921
3245.30581398558,-6.07767692892212e-05,0.000185590033305608,6.15332996180079e-06,0.00119559000224479,2.83337487928319e-06,0.000549795890243415,-4.37493660102119e-05,0.00348938551818626
3267.81249146208,-5.99437290443763e-05,0.00018434606833932,6.06936734496573e-06,0.00118734424416256,2.79466672318292e-06,0.000546004905319912,-4.31489615857582e-05,0.00346536132065112
3290.47525608724,-5.91220898377843e-05,0.00018310996915945,5.9865435285519e-06,0.00117915550854005,2.75648484810652e-06,0.000542240119020485,-4.25567948178028e-05,0.00344150241187456
3313.29519034861,-5.83116960992381e-05,0.000181881695951858,5.90484325487086e-06,0.00117102339792433,2.71882216781145e-06,0.000538501349092396,-4.19727527422455e-05,0.00341780765703896
3336.27338424092,-5.75123943686581e-05,0.000180661208883366,5.82425146548864e-06,0.00116294751769607,2.68167168957397e-06,0.000534788414575132,-4.13967239424994e-05,0.00339427592906913
3359.41093531822,-5.67240332678147e-05,0.000179448468107857,5.7447532987669e-06,0.00115492747604809,2.64502651300726e-06,0.000531101135790746,-4.08285985283331e-05,0.00337090610858041
3382.70894874623,-5.59464634724233e-05,0.000178243433772213,5.66633408743083e-06,0.00114696288396405,2.60887982889317e-06,0.000527439334334299,-4.0268268115003e-05,0.00334769708382726
3406.16853735517,-5.51795376846014e-05,0.000177046066022094,5.58897935616267e-06,0.00113905335519737,2.5732249180271e-06,0.000523802833064358,-3.97156258026682e-05,0.00332464775065201
3429.7908216929,-5.44231106056895e-05,0.00017585632500756,5.51267481922168e-06,0.00113119850625032,2.53805515007638e-06,0.0005201914560936,-3.91705661560872e-05,0.00330175701243407
3453.57693007845,-5.36770389094235e-05,0.000174674170888538,5.43740637808938e-06,0.00112339795635328,2.50336398245157e-06,0.00051660502877947,-3.86329851845894e-05,0.00327902378003939
3477.5279986559,-5.29411812154623e-05,0.000173499563840149,5.36316011914072e-06,0.00111565132744417,2.46914495919083e-06,0.000513043377714937,-3.81027803223212e-05,0.00325644697177024
3501.64517144866,-5.22153980632613e-05,0.000172332464057875,5.2899223113407e-06,0.00110795824414812,2.43539170985734e-06,0.00050950633071932,-3.75798504087606e-05,0.00323402551331535
3525.92960041413,-5.14995518862875e-05,0.000171172831762601,5.21767940396597e-06,0.0011003183337572,2.40209794844928e-06,0.000505993716829183,-3.70640956694961e-05,0.00321175833770029
3550.38244549867,-5.07935069865753e-05,0.000170020627205498,5.14641802435187e-06,0.00109273122621047,2.36925747232265e-06,0.000502505366289323,-3.655541769727e-05,0.00318964438523829
3575.00487469309,-5.00971295096138e-05,0.000168875810672786,5.0761249756641e-06,0.00108519655407405,2.33686416112662e-06,0.000499041110543813,-3.60537194332769e-05,0.00316768260348121
3599.79806408833,-4.94102874195678e-05,0.000167738342490355,5.00678723469535e-06,0.0010777139525215,2.30491197575138e-06,0.00049560078222714,-3.55589051487205e-05,0.00314587194717098
3624.76319793175,-4.87328504748205e-05,0.000166608183028256,4.9383919496862e-06,0.00107028305931424,2.27339495728816e-06,0.000492184215155396,-3.50708804266185e-05,0.00312421137819125
3649.9014686836,-4.80646902038424e-05,0.000165485292705069,4.87092643817081e-06,0.00106290351478224,2.24230722600177e-06,0.000488791244317561,-3.45895521438586e-05,0.00310269986551936
3675.21407707406,-4.74056798813738e-05,0.000164369631992138,4.80437818484626e-06,0.00105557496180481,2.21164298031497e-06,0.000485421705866839,-3.41148284534961e-05,0.00308133638517866
3700.7022321605,-4.67556945049252e-05,0.000163261161417695,4.73873483946642e-06,0.00104829704579158,2.18139649580508e-06,0.000482075437112086,-3.36466187672956e-05,0.0030601199201911
3726.36715138533,-4.61146107715837e-05,0.000162159841570855,4.67398421475918e-06,0.00104106941466365,2.15156212421225e-06,0.000478752276509286,-3.31848337385089e-05,0.00303904946053013
3752.21006063407,-4.54823070551292e-05,0.000161065633105498,4.61011428436766e-06,0.00103389171883485,2.12213429245979e-06,0.000475452063653118,-3.27293852448888e-05,0.0030181240030739
3778.23219429398,-4.48586633834485e-05,0.000159978496744037,4.54711318081454e-06,0.0010267636111932,2.09310750168588e-06,0.000472174639268576,-3.22801863719336e-05,0.00299734255155878
3804.43479531291,-4.42435614162522e-05,0.000158898393281079,4.48496919348993e-06,0.00101968474708256,2.06447632628709e-06,0.000468919845202668,-3.18371513963613e-05,0.00297670411653314
3830.81911525882,-4.36368844230816e-05,0.000157825283586963,4.423670766662e-06,0.00101265478428433,2.03623541297312e-06,0.000465687524416176,-3.14001957698082e-05,0.00295620771531147
3857.3864143794,-4.30385172616105e-05,0.000156759128611212,4.36320649751072e-06,0.00100567338299938,2.00837947983311e-06,0.000462477520975487,-3.09692361027508e-05,0.00293585237192875
3884.13796166242,-4.24483463562304e-05,0.000155699889385861,4.30356513418402e-06,0.00099874020583014,1.9809033154129e-06,0.000459289680044489,-3.05441901486457e-05,0.00291563711709516
3911.07503489621,-4.18662596769225e-05,0.000154647527028695,4.24473557387671e-06,0.000991854917762795,1.9538017778037e-06,0.000456123847876534,-3.01249767882879e-05,0.00289556098815107
3938.19892073078,-4.12921467184061e-05,0.000153602002746385,4.18670686093132e-06,0.000985017186149636,1.92706979374146e-06,0.00045297987180646,-2.97115160143799e-05,0.00287562302902228
3965.51091473924,-4.07258984795669e-05,0.000152563277837526,4.12946818496137e-06,0.000978226680691586,1.90070235771744e-06,0.00044985760024269,-2.93037289163147e-05,0.0028558222901756
3993.0123214797,-4.01674074431542e-05,0.000151531313695578,4.07300887899621e-06,0.000971483073420837,1.87469453109921e-06,0.000446756882659378,-2.89015376651629e-05,0.00283615782857469
4020.70445455755,-3.96165675557512e-05,0.000150506071811718,4.01731841764786e-06,0.000964786038683657,1.84904144126272e-06,0.00044367756958864,-2.85048654988676e-05,0.00281662870763621
4048.58863668828,-3.90732742080075e-05,0.000149487513777595,3.962386415299e-06,0.000958135253123314,1.82373828073454e-06,0.000440619512612818,-2.81136367076395e-05,0.0027972339971862
4076.66619976054,-3.85374242151372e-05,0.000148475601288009,3.90820262431261e-06,0.00095153039566317,1.79878030634489e-06,0.00043758256435684,-2.77277766195528e-05,0.00277797277341683
4104.93848489989,-3.80089157976731e-05,0.000147470296143483,3.85475693326242e-06,0.000944971147489878,1.77416283839076e-06,0.00043456657848061,-2.73472115863362e-05,0.00275884411884335
4133.40684253274,-3.74876485624796e-05,0.00014647156025277,3.80203936518445e-06,0.000938457192036753,1.74988125980945e-06,0.000431571409671485,-2.69718689693597e-05,0.00273984712226133
4162.07263245095,-3.6973523484015e-05,0.000145479355635268,3.7500400758491e-06,0.000931988214967246,1.7259310153621e-06,0.000428596913636787,-2.66016771258105e-05,0.00272098087870425
4190.93722387671,-3.64664428858461e-05,0.00014449364442335,3.69874935205406e-06,0.000925563904158586,1.7023076108274e-06,0.000425642947096402,-2.62365653950605e-05,0.00270224448940129
4220.00199552799,-3.59663104224057e-05,0.000143514388864626,3.64815760993703e-06,0.000919183949685518,1.67900661220507e-06,0.000422709367775411,-2.58764640852168e-05,0.0026836370617354
4249.26833568435,-3.54730310609959e-05,0.000142541551324118,3.59825539330917e-06,0.000912848043804213,1.65602364492927e-06,0.0004197960343968,-2.55213044598587e-05,0.00266515770920168
4278.73764225332,-3.49865110640281e-05,0.000141575094286362,3.54903337200797e-06,0.000906555880936271,1.63335439309162e-06,0.000416902806674215,-2.51710187249539e-05,0.00264680555136601
4308.41132283705,-3.45066579715031e-05,0.000140614980357441,3.50048234027016e-06,0.000900307157652885,1.61099459867395e-06,0.000414029545304786,-2.48255400159546e-05,0.00262857971382398
4338.2907947997,-3.40333805837207e-05,0.000139661172266942,3.45259321512405e-06,0.000894101572659108,1.58894006079044e-06,0.00041117611196199,-2.44848023850685e-05,0.00261047932816
4368.37748533501,-3.35665889442241e-05,0.000138713632869837,3.40535703480127e-06,0.00088793882677827,1.56718663493923e-06,0.000408342369288594,-2.41487407887061e-05,0.0025925035319068
4398.67283153455,-3.31061943229679e-05,0.00013777232514831,3.3587649571676e-06,0.000881818622936495,1.54573023226329e-06,0.00040552818088963,-2.38172910750962e-05,0.00257465146850512
4429.17828045629,-3.26521091997139e-05,0.000136837212213502,3.31280825817288e-06,0.000875740666147371,1.52456681882051e-06,0.000402733411325446,-2.34903899720738e-05,0.00255692228726364
4459.89528919383,-3.22042472476464e-05,0.000135908257307197,3.26747833031953e-06,0.000869704663496715,1.5036924148629e-06,0.000399957926104791,-2.31679750750324e-05,0.00253931514331925
4490.82532494586,-3.17625233172077e-05,0.000134985423803447,3.22276668114992e-06,0.000863710324127485,1.4831030941248e-06,0.000397201591677975,-2.28499848350427e-05,0.00252182919759754
4521.96986508636,-3.13268534201489e-05,0.000134068675210128,3.1786649317518e-06,0.000857757359224789,1.46279498311985e-06,0.000394464275430067,-2.25363585471323e-05,0.00250446361677351
4553.33039723509,-3.08971547137942e-05,0.000133157975170437,3.13516481528228e-06,0.000851845482001042,1.44276426044702e-06,0.000391745845674153,-2.22270363387266e-05,0.00248721757323265
4584.90841932869,-3.04733454855151e-05,0.000132253287464334,3.09225817550954e-06,0.000845974407681206,1.42300715610508e-06,0.000389046171644645,-2.19219591582469e-05,0.00247009024503212
4616.7054396922,-3.00553451374134e-05,0.000131354576009921,3.04993696537264e-06,0.000840143853488187,1.40351995081586e-06,0.000386365123490646,-2.1621068763865e-05,0.00245308081586234
4648.72297711114,-2.96430741712076e-05,0.000130461804864761,3.00819324555872e-06,0.000834353538628308,1.38429897535589e-06,0.000383702572269354,-2.13243077124108e-05,0.0024361884750087
4680.96256090399,-2.92364541733233e-05,0.000129574938227152,2.96701918309793e-06,0.000828603184276935,1.36534060989657e-06,0.000381058389939541,-2.10316193484323e-05,0.00241941241731363
4713.42573099534,-2.88354078001816e-05,0.000128693940437336,2.92640704997538e-06,0.000822892513564184,1.34664128335256e-06,0.000378432449355053,-2.07429477934046e-05,0.00240275184313886
4746.11403798933,-2.84398587636863e-05,0.000127818775978666,2.88634922176044e-06,0.00081722125156077,1.32819747273847e-06,0.000375824624258388,-2.04582379350865e-05,0.00238620595832794
4779.02904324382,-2.80497318169037e-05,0.000126949409478705,2.84683817625273e-06,0.000811589125263938,1.31000570253359e-06,0.000373234789274299,-2.01774354170227e-05,0.00236977397416899
4812.17231894485,-2.76649527399364e-05,0.000126085805710296,2.80786649214503e-06,0.000805995863583538,1.29206254405478e-06,0.000370662819903474,-1.99004866281897e-05,0.00235345510735775
4845.54544818188,-2.72854483259845e-05,0.000125227929592564,2.76942684770263e-06,0.000800441197328176,1.27436461483722e-06,0.000368108592516233,-1.96273386927828e-05,0.00233724857996083
4879.1500250233,-2.69111463675952e-05,0.000124375746191881,2.73151201945911e-06,0.0007949248591915,1.256908578023e-06,0.000365571984346301,-1.93579394601432e-05,0.00232115361937917
4912.98765459257,-2.65419756430968e-05,0.000123529220722782,2.69411488092834e-06,0.000789446583738583,1.23969114175758e-06,0.000363052873484616,-1.90922374948229e-05,0.00230516945831185
4947.05995314498,-2.61778659032136e-05,0.000122688318548832,2.65722840133241e-06,0.000784006107392408,1.22270905859378e-06,0.000360551138873184,-1.88301820667849e-05,0.00228929533472001
4981.36854814472,-2.58187478578625e-05,0.000121853005183452,2.62084564434554e-06,0.000778603168420471,1.20595912490352e-06,0.000358066660298985,-1.85717231417379e-05,0.00227353049179115
5015.91507834275,-2.54645531631244e-05,0.0001210232462907,2.58495976685356e-06,0.000773237506921473,1.18943818029691e-06,0.000355599318387925,-1.8316811371603e-05,0.00225787417790348
5050.70119385496,-2.51152144083935e-05,0.000120199007686012,2.54956401772898e-06,0.000767908864812136,1.17314310704882e-06,0.000353148994598835,-1.80653980851112e-05,0.00224232564659071
5085.72855624109,-2.47706651036966e-05,0.000119380255336897,2.51465173662127e-06,0.000762616985814097,1.15707082953282e-06,0.00035071557121751,-1.78174352785285e-05,0.00222688415650692
5120.998838584,-2.44308396671852e-05,0.000118566955363595,2.48021635276252e-06,0.00075736161544093,1.14121831366224e-06,0.000348298931350805,-1.75728756065093e-05,0.00221154897139177
5156.51372556965,-2.40956734127939e-05,0.000117759074039698,2.44625138378776e-06,0.000752142500985242,1.12558256633852e-06,0.000345898958920763,-1.73316723730734e-05,0.00219631936003582
5192.27491356752,-2.37651025380662e-05,0.000116956577792725,2.41275043457049e-06,0.000746959391505901,1.11016063490653e-06,0.000343515538658798,-1.70937795227079e-05,0.00218119459624623
5228.28411071172,-2.34390641121429e-05,0.000116159433204669,2.37970719607253e-06,0.000741812037815321,1.09494960661689e-06,0.000341148556099916,-1.68591516315894e-05,0.00216617395881256
5264.54303698245,-2.31174960639136e-05,0.000115367607012499,2.34711544420862e-06,0.000736700192466896,1.07994660809527e-06,0.000338797897576985,-1.66277438989277e-05,0.00215125673147287
5301.0534242883,-2.28003371703262e-05,0.000114581066108634,2.31496903872516e-06,0.000731623609742479,1.0651488048184e-06,0.000336463450215043,-1.63995121384265e-05,0.00213644220287998
5337.81701654885,-2.2487527044855e-05,0.000113799777541377,2.28326192209326e-06,0.000726582045640002,1.05055340059695e-06,0.000334145101925654,-1.61744127698627e-05,0.00212172966656808
5374.83556977805,-2.21790061261231e-05,0.000113023708515316,2.25198811841567e-06,0.000721575257861159,1.03615763706491e-06,0.000331842741401301,-1.59524028107788e-05,0.00210711842091939
5412.11085216805,-2.18747156666797e-05,0.000112252826391695,2.22114173234769e-06,0.000716603005799206,1.02195879317572e-06,0.00032955625810983,-1.57334398682907e-05,0.00209260776913119
5449.64464417369,-2.15745977219263e-05,0.000111487098688751,2.19071694803164e-06,0.000711665050526837,1.00795418470477e-06,0.000327285542288927,-1.55174821310071e-05,0.00207819701918297
5487.43873859751,-2.12785951391945e-05,0.000110726493082019,2.16070802804497e-06,0.000706761154784171,9.94141163758421e-07,0.000325030484940644,-1.53044883610589e-05,0.00206388548380389
5525.49494067543,-2.09866515469694e-05,0.000109970977404607,2.13110931236164e-06,0.00070189108296681,9.80517118289307e-07,0.00032279097782596,-1.50944178862384e-05,0.00204967248044036
5563.81506816292,-2.06987113442597e-05,0.000109220519647446,2.10191521732682e-06,0.000697054601114013,9.67079471617941e-07,0.000320566913459389,-1.48872305922463e-05,0.00203555733122391
5602.40095142188,-2.04147196901095e-05,0.000108475087959498,2.07312023464456e-06,0.000692251476896932,9.53825681960492e-07,0.000318358185103621,-1.46828869150432e-05,0.00202153936293921
5641.254433508,-2.01346224932538e-05,0.000107734650647956,2.04471893037847e-06,0.00068748147960697,9.40753241962726e-07,0.000316164686764213,-1.44813478333084e-05,0.00200761790699242
5680.37737025889,-1.98583664019114e-05,0.000106999176178396,2.01670594396507e-06,0.000682744380144193,9.27859678239941e-07,0.00031398631318431,-1.4282574860999e-05,0.00199379229937957
5719.77163038263,-1.95858987937175e-05,0.000106268633174917,1.98907598723987e-06,0.000678039951005865,9.15142550922916e-07,0.000311822959839416,-1.40865300400137e-05,0.00198006188065535
5759.43909554709,-1.93171677657907e-05,0.000105542990420249,1.96182384347575e-06,0.000673367966275037,9.02599453209726e-07,0.000309674522932191,-1.38931759329544e-05,0.00196642599590193
5799.38166046975,-1.90521221249353e-05,0.000104822216855834,1.93494436643385e-06,0.000668728201609253,8.90228010923427e-07,0.000307540899387302,-1.37024756159893e-05,0.00195288399469815
5839.60123300829,-1.87907113779752e-05,0.000104106281581889,1.90843247942647e-06,0.000664120434229314,8.78025882075445e-07,0.000305421986846296,-1.35143926718112e-05,0.00193943523108878
5880.09973425162,-1.85328857222193e-05,0.000103395153857437,1.88228317439213e-06,0.000659544442908153,8.65990756434707e-07,0.00030331768366253,-1.33288911826951e-05,0.00192607906355404
5920.87909861173,-1.82785960360543e-05,0.000102688803100322,1.85649151098242e-06,0.000655000007959772,8.54120355102337e-07,0.00030122788889612,-1.31459357236478e-05,0.00191281485497939
5961.94127391598,-1.80277938696664e-05,0.000101987198887196,1.83105261566066e-06,0.000650486911228278,8.42412430091946e-07,0.000299152502308945,-1.29654913556539e-05,0.0018996419726254
6003.28822150028,-1.77804314358871e-05,0.000101290310953484,1.80596168081213e-06,0.000646004936076993,8.30864763915364e-07,0.000297091424359671,-1.27875236190125e-05,0.00188655978809788
6044.92191630263,-1.75364616011635e-05,0.000100598109193337,1.7812139638658e-06,0.000641553867377652,8.19475169173811e-07,0.000295044556198828,-1.26119985267661e-05,0.00187356767731828
6086.84434695757,-1.72958378766506e-05,9.99105636595471e-05,1.75680478642736e-06,0.000637133491499673,8.0824148815439e-07,0.00029301179966391,-1.24388825582189e-05,0.00186066502049412
6129.05751589107,-1.70585144094241e-05,9.92276445634586e-05,1.73272953342349e-06,0.000632743596299526,7.97161592431888e-07,0.000290993057274527,-1.22681426525446e-05,0.00184785120208982
6171.56343941625,-1.68244459738118e-05,9.85493222748496e-05,1.7089836522571e-06,0.000628383971110156,7.86233382475753e-07,0.000288988232227571,-1.20997462024806e-05,0.00183512561079754
6214.36414782964,-1.65935879628432e-05,9.78755673217989e-05,1.68556265197366e-06,0.000624054406730512,7.75454787262264e-07,0.000286997228392442,-1.193366104811e-05,0.00182248763950838
6257.46168550822,-1.63658963798136e-05,9.72063503905317e-05,1.6624621024381e-06,0.000619754695415132,7.64823763891733e-07,0.000285019950306291,-1.17698554707271e-05,0.00180993668528361
6300.85811100697,-1.61413278299639e-05,9.65416423252497e-05,1.63967763352265e-06,0.000615484630863827,7.54338297210794e-07,0.00028305630316931,-1.16082981867887e-05,0.00179747214932625
6344.55549715731,-1.59198395122714e-05,9.58814141279406e-05,1.61720493430489e-06,0.000611244008211418,7.43996399439578e-07,0.000281106192840044,-1.14489583419463e-05,0.00178509343695272
6388.55593116599,-1.57013892113536e-05,9.5225636958174e-05,1.59503975227658e-06,0.000607032624017577,7.33796109803853e-07,0.000279169525830756,-1.12918055051622e-05,0.00177279995756478
6432.86151471492,-1.54859352894797e-05,9.45742821328771e-05,1.57317789256242e-06,0.000602850276256715,7.23735494171945e-07,0.000277246209302805,-1.1136809662904e-05,0.00176059112462153
6477.47436406142,-1.52734366786927e-05,9.39273211260979e-05,1.55161521714922e-06,0.000598696764307978,7.13812644696481e-07,0.000275336151062079,-1.09839412134204e-05,0.00174846635561178
6522.39661013943,-1.5063852873036e-05,9.32847255687493e-05,1.53034764412495e-06,0.000594571888945282,7.04025679460799e-07,0.000273439259554441,-1.08331709610941e-05,0.00173642507202638
6567.63039866118,-1.48571439208869e-05,9.26464672483408e-05,1.50937114692782e-06,0.000590475452327455,6.94372742130069e-07,0.000271555443861228,-1.06844701108733e-05,0.00172446669933099
6613.17789021977,-1.4653270417393e-05,9.20125181086936e-05,1.488681753605e-06,0.000586407257988424,6.84852001606954e-07,0.000269684613694767,-1.05378102627781e-05,0.00171259066693879
6659.0412603923,-1.44521934970124e-05,9.13828502496431e-05,1.46827554608119e-06,0.000582367110827503,6.75461651691864e-07,0.000267826679393935,-1.03931634064834e-05,0.00170079640818355
6705.22269984387,-1.42538748261537e-05,9.07574359267252e-05,1.44814865943654e-06,0.000578354817099724,6.66199910747642e-07,0.000265981551919747,-1.02505019159751e-05,0.00168908336029281
6751.7244144321,-1.40582765959168e-05,9.01362475508523e-05,1.4282972811942e-06,0.000574370184406267,6.57065021368733e-07,0.000264149142850974,-1.01097985442801e-05,0.00167745096436123
6798.54862531261,-1.3865361514932e-05,8.95192576879728e-05,1.40871765061703e-06,0.000570413021684938,6.48055250054665e-07,0.0002623293643798,-9.97102641826811e-06,0.00166589866532415
6845.69756904508,-1.36750928022955e-05,8.89064390587207e-05,1.38940605801356e-06,0.000566483139200731,6.39168886887877e-07,0.000260522129307502,-9.83415903352498e-06,0.0016544259119313
6893.17349769999,-1.34874341806024e-05,8.82977645380522e-05,1.3703588440531e-06,0.000562580348536463,6.30404245215821e-07,0.000258727351040172,-9.69917024929608e-06,0.00164303215672074
6940.97867896634,-1.33023498690724e-05,8.76932071548692e-05,1.35157239908971e-06,0.000558704462583459,6.21759661337218e-07,0.000256944943584457,-9.56603428349887e-06,0.00163171685599289
6989.11539625983,-1.31198045767701e-05,8.70927400916335e-05,1.33304316249513e-06,0.000554855295532331,6.13233494192529e-07,0.000255174821543348,-9.43472570780419e-06,0.00162047946978486
7037.58594883204,-1.29397634959169e-05,8.64963366839677e-05,1.31476762200036e-06,0.000551032662863803,6.04824125058472e-07,0.000253416900111979,-9.30521944278441e-06,0.00160931946184477
7086.39265188015,-1.27621922952939e-05,8.59039704202475e-05,1.29674231304605e-06,0.00054723638133962,5.96529957246628e-07,0.000251671095073473,-9.17749075312862e-06,0.00159823629960647
7135.53783665763,-1.25870571137342e-05,8.53156149411811e-05,1.27896381814117e-06,0.000543466268993509,5.88349415806011e-07,0.000249937322794812,-9.05151524292285e-06,0.00158722945416422
7185.02385058548,-1.24143245537034e-05,8.47312440393814e-05,1.26142876623041e-06,0.000539722145122227,5.80280947229607e-07,0.000248215500222735,-8.92726885099544e-06,0.00157629840024769
7234.85305736446,-1.22439616749682e-05,8.41508316589257e-05,1.2441338320696e-06,0.000536003830276648,5.72323019164787e-07,0.000246505544879671,-8.80472784632576e-06,0.00156544261619703
7285.02783708791,-1.20759359883498e-05,8.35743518949085e-05,1.22707573560962e-06,0.000532311146252942,5.6447412012759e-07,0.000244807374859696,-8.68386882351628e-06,0.0015546615839382
7335.55058635552,-1.19102154495633e-05,8.30017789929826e-05,1.2102512413882e-06,0.000528643916083796,5.56732759220764e-07,0.000243120908824527,-8.56466869832622e-06,0.00154395478895839
7386.42371838768,-1.174676845314e-05,8.24330873488946e-05,1.1936571579299e-06,0.000525001964029721,5.49097465855599e-07,0.000241446065999533,-8.44710470326691e-06,0.00153332172028162
7437.64966314091,-1.1585563826433e-05,8.18682515080084e-05,1.17729033715389e-06,0.000521385115570402,5.41566789477419e-07,0.000239782766169789,-8.33115438325701e-06,0.00152276187044455
7489.23086742376,-1.14265708237037e-05,8.13072461648237e-05,1.1611476737896e-06,0.000517793197396127,5.34139299294754e-07,0.000238130929676151,-8.21679559133774e-06,0.00151227473547243
7541.16979501382,-1.12697591202889e-05,8.07500461624841e-05,1.14522610480007e-06,0.000514226037399269,5.26813584012093e-07,0.000236490477411355,-8.10400648444639e-06,0.00150185981485515
7593.46892677528,-1.11150988068478e-05,8.01966264922799e-05,1.12952260881292e-06,0.00051068346466584,5.19588251566215e-07,0.000234861330816156,-7.9927655192482e-06,0.00149151661152358
7646.13076077758,-1.09625603836861e-05,7.9646962293141e-05,1.11403420555881e-06,0.000507165309467091,5.12461928866017e-07,0.000233243411875485,-7.8830514480249e-06,0.00148124463182594
7699.15781241454,-1.08121147551585e-05,7.91010288511259e-05,1.09875795531737e-06,0.000503671403251194,5.05433261535821e-07,0.000231636643114639,-7.77484331462012e-06,0.00147104338550444
7752.55261452471,-1.06637332241462e-05,7.85588015989004e-05,1.08369095837044e-06,0.000500201578634962,4.98500913662089e-07,0.000230040947595495,-7.6681204504398e-06,0.00146091238567199
7806.31771751215,-1.05173874866108e-05,7.80202561152127e-05,1.06883035446251e-06,0.000496755669395654,4.91663567543535e-07,0.000228456248912758,-7.56286247050799e-06,0.00145085114878913
7860.45568946846,-1.03730496262211e-05,7.74853681243606e-05,1.05417332226839e-06,0.000493333510462815,4.84919923444544e-07,0.000226882471190222,-7.45904926957619e-06,0.00144085919464104
7914.96911629522,-1.0230692109054e-05,7.69541134956534e-05,1.03971707886785e-06,0.000489934937910197,4.78268699351916e-07,0.000225319539077079,-7.3566610182865e-06,0.00143093604631485
7969.86060182773,-1.00902877783667e-05,7.64264682428673e-05,1.02545887922726e-06,0.000486559788947718,4.7170863073482e-07,0.000223767377744233,-7.25567815938691e-06,0.00142108123017693
8025.13276795918,-9.95180984944061e-06,7.59024085236963e-05,1.01139601568811e-06,0.000483207901913504,4.65238470308e-07,0.000222225912880658,-7.15608140399886e-06,0.00141129427585045
8080.78825476607,-9.81523190449546e-06,7.53819106391963e-05,9.97525817462295e-07,0.000479879116265961,4.5885698779809e-07,0.000220695070689768,-7.05785172793566e-06,0.00140157471619305
8136.82972063413,-9.68052788767238e-06,7.48649510332262e-05,9.83845650134157e-07,0.000476573272575929,4.52562969713113e-07,0.000219174777885826,-6.96097036807165e-06,0.00139192208727468
8193.25984238548,-9.54767210008526e-06,7.43515062918811e-05,9.70352915169045e-07,0.000473290212518878,4.46355219115006e-07,0.000217664961690369,-6.86541881876082e-06,0.00138233592835555
8250.08131540631,-9.41663919493999e-06,7.38415531429247e-05,9.57045049428496e-07,0.000470029778867167,4.40232555395233e-07,0.000216165549828663,-6.77117882830489e-06,0.00137281578186431
8307.29685377578,-9.28740417271951e-06,7.33350684552129e-05,9.43919524691809e-07,0.000466791815482355,4.34193814053374e-07,0.000214676470526185,-6.6782323954694e-06,0.00136336119337629
8364.90919039556,-9.15994237643509e-06,7.28320292381173e-05,9.30973847184019e-07,0.000463576167307573,4.28237846478691e-07,0.000213197652505124,-6.58656176604801e-06,0.00135397171159192
8422.92107712043,-9.03422948694172e-06,7.23324126409411e-05,9.182055571101e-07,0.000460382680359944,4.22363519734609e-07,0.000211729024980915,-6.49614942947342e-06,0.00134464688831533
8481.33528488963,-8.91024151831788e-06,7.18361959523341e-05,9.05612228195447e-07,0.000457211201723068,4.16569716346102e-07,0.000210270517658794,-6.40697811547528e-06,0.00133538627843307
8540.15460385936,-8.78795481330771e-06,7.1343356599701e-05,8.93191467232382e-07,0.000454061579539546,4.10855334089903e-07,0.000208822060730375,-6.31903079078334e-06,0.00132618943989292
8599.38184353586,-8.66734603882585e-06,7.08538721486097e-05,8.80940913632808e-07,0.00045093366300358,4.05219285787556e-07,0.000207383584870256,-6.23229065587638e-06,0.00131705593368297
8659.01983290984,-8.54839218152299e-06,7.03677203021925e-05,8.68858238986717e-07,0.000447827302353598,3.99660499101212e-07,0.00020595502123265,-6.1467411417752e-06,0.0013079853238107
8719.07142059136,-8.43107054341241e-06,6.98848789005476e-05,8.56941146626696e-07,0.000444742348864964,3.94177916332196e-07,0.000204536301448034,-6.06236590688002e-06,0.00129897717728234
8779.53947494611,-8.31535873755561e-06,6.94053259201346e-05,8.4518737119814e-07,0.000441678654842709,3.8877049422225e-07,0.000203127357619827,-5.97914883385084e-06,0.00129003106408223
8840.42688423224,-8.20123468380725e-06,6.89290394731701e-05,8.33594678235285e-07,0.000438636073614344,3.83437203757468e-07,0.000201728122321092,-5.89707402653094e-06,0.00128114655715244
8901.73655673848,-8.08867660461761e-06,6.84559978070179e-05,8.22160863742843e-07,0.000435614459522696,3.78177029974836e-07,0.000200338528591258,-5.81612580691225e-06,0.00127232323237247
8963.47142092288,-7.97766302089282e-06,6.79861793035788e-05,8.10883753783267e-07,0.000432613667918824,3.72988971771403e-07,0.000198958509932871,-5.73628871214262e-06,0.0012635606685391
9025.63442555289,-7.86817274791097e-06,6.75195624786768e-05,7.99761204069493e-07,0.00042963355515496,3.67872041715988e-07,0.00019758800030836,-5.65754749157378e-06,0.00125485844734635
9088.228539846,-7.7601848912945e-06,6.70561259814439e-05,7.88791099563168e-07,0.000426673978577521,3.62825265863438e-07,0.000196226934136834,-5.57988710385022e-06,0.00124621615336564
9151.25675361174,-7.65367884303696e-06,6.65958485937018e-05,7.77971354078207e-07,0.000423734796520158,3.57847683571364e-07,0.000194875246290898,-5.50329271403748e-06,0.00123763337402603
9214.72207739435,-7.54863427758448e-06,6.61387092293436e-05,7.67299909889701e-07,0.000420815868296863,3.52938347319368e-07,0.000193532872093493,-5.42774969079031e-06,0.00122910969959459
9278.6275426167,-7.44503114797025e-06,6.56846869337112e-05,7.56774737348002e-07,0.000417917054195118,3.48096322530669e-07,0.000192199747314755,-5.35324360355925e-06,0.00122064472315697
9342.97620172496,-7.34284968200209e-06,6.52337608829735e-05,7.46393834498039e-07,0.000415038215469101,3.43320687396163e-07,0.000190875808168905,-5.27976021983585e-06,0.00121223804059803
9407.77112833456,-7.24207037850176e-06,6.4785910383501e-05,7.36155226703671e-07,0.000412179214332936,3.38610532700818e-07,0.000189560991311149,-5.20728550243536e-06,0.00120388925058264
9473.0154173768,-7.14267400359585e-06,6.43411148712411e-05,7.26056966277123e-07,0.000409339913953992,3.33964961652442e-07,0.000188255233834612,-5.135805606817e-06,0.00119559795453657
9538.71218524687,-7.04464158705703e-06,6.38993539110904e-05,7.16097132113347e-07,0.000406520178446229,3.29383089712721e-07,0.000186958473267283,-5.06530687844067e-06,0.00118736375662758
9604.86456995261,-6.94795441869533e-06,6.34606071962665e-05,7.06273829329314e-07,0.000403719872863596,3.2486404443056e-07,0.000185670647568993,-4.99577585016008e-06,0.0011791862637466
9671.47573126437,-6.85259404479887e-06,6.30248545476796e-05,6.96585188908141e-07,0.000400938863193471,3.20406965277661e-07,0.000184391695128404,-4.92719923965173e-06,0.00117106508548901
9738.54885086602,-6.75854226462276e-06,6.25920759133016e-05,6.8702936734796e-07,0.000398177016350149,3.16011003486309e-07,0.000183121554760024,-4.85956394687883e-06,0.00116299983413608
9806.08713250685,-6.66578112692635e-06,6.21622513675361e-05,6.77604546315552e-07,0.000395434200168383,3.11675321889362e-07,0.000181860165701249,-4.79285705159035e-06,0.00115499012463655
9874.09380215466,-6.57429292655741e-06,6.17353611105864e-05,6.68308932304578e-07,0.000392710283396956,3.07399094762379e-07,0.00018060746760941,-4.72706581085407e-06,0.00114703557458831
9942.57210814976,-6.48406020108328e-06,6.1311385467824e-05,6.59140756298444e-07,0.00039000513569232,3.03181507667897e-07,0.000179363400558862,-4.66217765662376e-06,0.00113913580422022
10011.5253213603,-6.39506572746759e-06,6.08903048891553e-05,6.50098273437651e-07,0.000387318627612259,2.9902175730179e-07,0.000178127905038074,-4.5981801933394e-06,0.00113129043637401
10080.9567353381,-6.30729251879287e-06,6.04720999483902e-05,6.41179762691657e-07,0.000384650630609616,2.94919051341721e-07,0.000176900921946755,-4.53506119556063e-06,0.00112349909648639
10150.8696664767,-6.22072382102745e-06,6.00567513426076e-05,6.32383526535118e-07,0.000382001017026046,2.90872608297619e-07,0.000175682392592989,-4.47280860563237e-06,0.00111576141257121
10221.267454169,-6.13534310983683e-06,5.96442398915232e-05,6.23707890628502e-07,0.000379369660085833,2.86881657364198e-07,0.000174472258690397,-4.41141053138274e-06,0.00110807701520176
10292.1534609671,-6.05113408743838e-06,5.92345465368556e-05,6.15151203502976e-07,0.000376756433889736,2.82945438275441e-07,0.000173270462355318,-4.35085524385224e-06,0.00110044553749319
10363.5310727429,-5.96808067949925e-06,5.88276523416938e-05,6.06711836249567e-07,0.000374161213408887,2.79063201161075e-07,0.000172076946104009,-4.29113117505442e-06,0.00109286661508509
10435.4036988501,-5.88616703207631e-06,5.84235384898632e-05,5.98388182212459e-07,0.000371583874478725,2.7523420640497e-07,0.000170891652849861,-4.23222691576692e-06,0.00108533988612409
10507.7747722864,-5.8053775085983e-06,5.80221862852936e-05,5.90178656686469e-07,0.000369024293792984,2.71457724505455e-07,0.000169714525900646,-4.1741312133531e-06,0.00107786499124673
10580.647749858,-5.7256966868888e-06,5.76235771513856e-05,5.82081696618547e-07,0.000366482348897713,2.67733035937521e-07,0.00016854550895577,-4.11683296961333e-06,0.00107044157356225
10654.0261123446,-5.64710935623023e-06,5.72276926303794e-05,5.74095760313342e-07,0.000363957918185346,2.64059431016895e-07,0.000167384546103554,-4.06032123866594e-06,0.00106306927863572
10727.9133646656,-5.56960051446766e-06,5.68345143827219e-05,5.66219327142687e-07,0.000361450880888809,2.60436209765935e-07,0.000166231581818531,-4.00458522485701e-06,0.00105574775447109
10802.3130360475,-5.4931553651525e-06,5.64440241864369e-05,5.58450897259055e-07,0.000358961117075672,2.56862681781364e-07,0.000165086560958765,-3.94961428069913e-06,0.00104847665149447
10877.2286801926,-5.41775931472487e-06,5.60562039364924e-05,5.50788991312812e-07,0.000356488507642342,2.53338166103762e-07,0.000163949428763183,-3.89539790483807e-06,0.0010412556225375
10952.6638754485,-5.34339796973486e-06,5.56710356441728e-05,5.43232150173345e-07,0.000354032934308297,2.49861991088858e-07,0.000162820130848935,-3.8419257400477e-06,0.0010340843228208
11028.6222249794,-5.2700571341014e-06,5.52885014364479e-05,5.35778934653898e-07,0.000351594279610358,2.46433494280534e-07,0.000161698613208761,-3.78918757125212e-06,0.0010269624099376
11105.1073569377,-5.19772280640891e-06,5.49085835553453e-05,5.28427925240163e-07,0.000349172426897008,2.43052022285565e-07,0.000160584822208388,-3.73717332357517e-06,0.00101988954383738
11182.1229246378,-5.12638117724062e-06,5.45312643573228e-05,5.21177721822492e-07,0.000346767260322743,2.39716930650053e-07,0.000159478704583938,-3.68587306041644e-06,0.00101286538680975
11259.6726067303,-5.05601862654859e-06,5.41565263126416e-05,5.14026943431765e-07,0.000344378664842474,2.36427583737531e-07,0.000158380207439357,-3.63527698155391e-06,0.00100588960346832
11337.7601073777,-4.98662172105949e-06,5.37843520047404e-05,5.06974227978779e-07,0.000342006526205956,2.33183354608715e-07,0.000157289278243861,-3.58537542127243e-06,0.00099896186073476
11416.3891564316,-4.918177211716e-06,5.34147241296117e-05,5.00018231997201e-07,0.000339650730952265,2.29983624902896e-07,0.000156205864829402,-3.53615884651806e-06,0.000992081827822941
11495.5635096105,-4.85067203115301e-06,5.30476254951775e-05,4.93157630389946e-07,0.000337311166404313,2.26827784720925e-07,0.000155129915388149,-3.48761785507747e-06,0.00098524917622317
11575.2869486794,-4.78409329120855e-06,5.26830390206675e-05,4.8639111617903e-07,0.0003349877206634,2.23715232509799e-07,0.00015406137846999,-3.43974317378263e-06,0.00097846357968657
11655.5632816306,-4.7184282804685e-06,5.23209477359978e-05,4.79717400258753e-07,0.0003326802826038,2.20645374948795e-07,0.000153000202980049,-3.39252565673982e-06,0.000971724714209523
11736.3963428651,-4.65366446184516e-06,5.19613347811518e-05,4.73135211152262e-07,0.0003303887418674,2.17617626837163e-07,0.000151946338176219,-3.3459562835832e-06,0.000965032258018264
11817.7899933763,-4.58978947018861e-06,5.1604183405561e-05,4.66643294771362e-07,0.000328112988858358,2.14631410983328e-07,0.000150899733666719,-3.30002615775209e-06,0.000958385891553534
11899.7481209338,-4.52679110993107e-06,5.12494769674887e-05,4.60240414179625e-07,0.000325852914737814,2.11686158095609e-07,0.000149860339407662,-3.25472650479217e-06,0.000951785297455385
11982.2746402699,-4.46465735276314e-06,5.08971989334141e-05,4.53925349358642e-07,0.000323608411418627,2.08781306674404e-07,0.00014882810570064,-3.21004867067965e-06,0.000945230160548046
12065.3734932659,-4.40337633534217e-06,5.05473328774184e-05,4.47696896977495e-07,0.000321379371560162,2.05916302905857e-07,0.00014780298319033,-3.16598412016876e-06,0.000938720167824932
12149.0486491407,-4.3429363570316e-06,5.01998624805722e-05,4.415538701653e-07,0.000319165688563097,2.03090600556944e-07,0.000146784922862117,-3.1225244351616e-06,0.000932255008433714
12233.3041046402,-4.2833258776716e-06,4.9854771530325e-05,4.3549509828687e-07,0.000316967256564284,2.00303660872008e-07,0.000145773876039726,-3.07966131310068e-06,0.000925834373661536
12318.1438842285,-4.22453351537987e-06,4.95120439198949e-05,4.29519426721368e-07,0.000314783970431631,1.97554952470677e-07,0.000144769794382879,-3.03738656538318e-06,0.000919457956920288
12403.5720402798,-4.1665480443828e-06,4.91716636476625e-05,4.23625716644005e-07,0.000312615725759034,1.94843951247183e-07,0.000143772629884969,-2.99569211579725e-06,0.000913125453732024
12489.5926532723,-4.10935839287604e-06,4.88336148165633e-05,4.1781284481065e-07,0.000310462418861333,1.92170140271036e-07,0.00014278233487074,-2.95456999897954e-06,0.000906836561714438
12576.2098319827,-4.05295364091461e-06,4.84978816334851e-05,4.12079703345389e-07,0.000308323946769311,1.89533009689059e-07,0.000141798861993997,-2.91401235889409e-06,0.000900590980566476
12663.427713683,-3.99732301833162e-06,4.81644484086643e-05,4.06425199530944e-07,0.000306200207224721,1.86932056628739e-07,0.000140822164235317,-2.87401144733187e-06,0.000894388412054015
12751.2504643373,-3.94245590268567e-06,4.78332995550862e-05,4.00848255601934e-07,0.000304091098675363,1.84366785102907e-07,0.000139852194899796,-2.83455962243115e-06,0.000888228559995672
12839.6822788018,-3.88834181723618e-06,4.7504419587886e-05,3.95347808540944e-07,0.000301996520270173,1.81836705915699e-07,0.000138888907614789,-2.79564934721794e-06,0.000882111130248674
12928.7273810244,-3.83497042894658e-06,4.71777931237518e-05,3.89922809877348e-07,0.000299916371854367,1.79341336569802e-07,0.000137932256327683,-2.75727318816664e-06,0.000876035830694862
13018.3900242466,-3.78233154651463e-06,4.68534048803301e-05,3.84572225488863e-07,0.000297850553964608,1.76880201174958e-07,0.000136982195303678,-2.71942381378026e-06,0.000870002371226755
13108.6744912069,-3.73041511842991e-06,4.65312396756326e-05,3.792950354058e-07,0.00029579896782421,1.74452830357715e-07,0.000136038679123586,-2.68209399319035e-06,0.000864010463733746
13199.5850943454,-3.67921123105768e-06,4.62112824274451e-05,3.74090233617956e-07,0.000293761515338378,1.72058761172399e-07,0.000135101662681641,-2.64527659477585e-06,0.000858059822088356
13291.1261760091,-3.62871010674918e-06,4.5893518152739e-05,3.68956827884134e-07,0.000291738099089477,1.696975370133e-07,0.000134171101183336,-2.60896458480119e-06,0.000852150162132614
13383.3021086605,-3.57890210197757e-06,4.55779319670839e-05,3.63893839544246e-07,0.000289728622332337,1.67368707528053e-07,0.000133246950143257,-2.57315102607281e-06,0.000846281201664507
13476.1172950852,-3.52977770549955e-06,4.52645090840631e-05,3.58900303333958e-07,0.000287732988989589,1.65071828532191e-07,0.000132329165382949,-2.53782907661431e-06,0.000840452660424533
13569.576168603,-3.48132753654212e-06,4.4953234814691e-05,3.53975267201864e-07,0.000285751103647041,1.62806461924871e-07,0.00013141770302879,-2.50299198835969e-06,0.000834664260082356
13663.6831932795,-3.43354234301406e-06,4.46440945668317e-05,3.49117792129122e-07,0.000283782871549071,1.60572175605733e-07,0.000130512519509875,-2.46863310586447e-06,0.000828915724223523
13758.4428641392,-3.38641299974199e-06,4.43370738446216e-05,3.44326951951556e-07,0.000281828198594072,1.58368543392901e-07,0.000129613571555925,-2.43474586503465e-06,0.000823206778336307
13853.8597073802,-3.33993050673053e-06,4.40321582478922e-05,3.3960183318416e-07,0.000279886991329912,1.56195144942091e-07,0.000128720816195205,-2.40132379187291e-06,0.000817537149798614
13949.9382805904,-3.29408598744634e-06,4.37293334715968e-05,3.34941534847995e-07,0.000277959156949437,1.54051565666829e-07,0.000127834210752455,-2.36836050124222e-06,0.000811906567864997
14046.6831729655,-3.2488706871255e-06,4.34285853052377e-05,3.30345168299423e-07,0.000276044603285998,1.51937396659745e-07,0.000126953712846836,-2.33584969564621e-06,0.000806314763653742
14144.0990055278,-3.20427597110429e-06,4.31298996322972e-05,3.25811857061678e-07,0.000274143238809016,1.49852234614944e-07,0.000126079280389898,-2.30378516402646e-06,0.000800761470134064
14242.190431347,-3.16029332317261e-06,4.28332624296699e-05,3.21340736658708e-07,0.000272254972619573,1.47795681751436e-07,0.00012521087158355,-2.27216078057614e-06,0.000795246422113364
14340.9621357626,-3.11691434395008e-06,4.25386597670978e-05,3.16930954451286e-07,0.000270379714446036,1.45767345737599e-07,0.000124348444918053,-2.24097050357006e-06,0.000789769356224607
14440.4188366077,-3.07413074928428e-06,4.22460778066069e-05,3.1258166947534e-07,0.00026851737463971,1.4376683961668e-07,0.000123491959170026,-2.21020837421065e-06,0.000784330010913747
14540.5652844341,-3.03193436867104e-06,4.19555028019474e-05,3.08292052282484e-07,0.000266667864170528,1.41793781733308e-07,0.000122641373400459,-2.17986851548988e-06,0.000778928126427278
14641.4062627396,-2.99031714369623e-06,4.16669210980348e-05,3.04061284782717e-07,0.00026483109462276,1.39847795661002e-07,0.000121796646952751,-2.1499451310667e-06,0.000773563444799834
14742.946588196,-2.94927112649897e-06,4.13803191303945e-05,2.99888560089258e-07,0.000263006978190761,1.37928510130675e-07,0.000120957739450752,-2.12043250416e-06,0.000768235709841908
14845.1911108798,-2.90878847825586e-06,4.10956834246077e-05,2.95773082365485e-07,0.000261195427674745,1.36035558960105e-07,0.000120124610796824,-2.09132499645661e-06,0.000762944667127624
14948.1447145032,-2.868861467686e-06,4.08130005957611e-05,2.91714066673977e-07,0.000259396356476593,1.34168580984371e-07,0.000119297221169914,-2.06261704703448e-06,0.000757690063982618
15051.8123166476,-2.82948246957637e-06,4.0532257347897e-05,2.8771073882757e-07,0.00025760967859568,1.32327219987233e-07,0.000118475531023641,-2.03430317130037e-06,0.000752471649471984
15156.1988689989,-2.79064396332761e-06,4.02534404734679e-05,2.83762335242483e-07,0.000255835308624744,1.30511124633454e-07,0.000117659501084394,-2.00637795994242e-06,0.000747289174388317
15261.3093575835,-2.75233853151948e-06,3.99765368527916e-05,2.79868102793404e-07,0.000254073161745776,1.28719948402034e-07,0.000116849092349447,-1.97883607789684e-06,0.000742142391239822
15367.1488030065,-2.71455885849617e-06,3.97015334535108e-05,2.76027298670577e-07,0.00025232315372594,1.26953349520362e-07,0.000116044266085083,-1.95167226332896e-06,0.000737031054238527
15473.7222606918,-2.67729772897083e-06,3.94284173300524e-05,2.72239190238806e-07,0.000250585200913522,1.25210990899263e-07,0.000115244983824737,-1.92488132662808e-06,0.000731954919288548
15581.0348211234,-2.64054802664935e-06,3.91571756230924e-05,2.68503054898404e-07,0.000248859220233909,1.23492540068929e-07,0.000114451207367146,-1.89845814941635e-06,0.000726913743974465
15689.0916100885,-2.60430273287286e-06,3.888779555902e-05,2.64818179948014e-07,0.000247145129185595,1.21797669115724e-07,0.000113662898774514,-1.87239768357097e-06,0.000721907287549751
15797.8977889225,-2.56855492527894e-06,3.86202644494074e-05,2.61183862449308e-07,0.00024544284583621,1.20126054619857e-07,0.000112880020370689,-1.8466949502601e-06,0.000716935310925301
15907.4585547554,-2.53329777648108e-06,3.8354569690479e-05,2.57599409093521e-07,0.000243752288818588,1.18477377593888e-07,0.000112102534739357,-1.82134503899172e-06,0.000711997576658022
16017.7791407599,-2.4985245527663e-06,3.80906987625856e-05,2.54064136069811e-07,0.000242073377326851,1.16851323422095e-07,0.000111330404722243,-1.79634310667578e-06,0.000707093848939523
16128.8648164017,-2.46422861281055e-06,3.78286392296794e-05,2.505773689354e-07,0.000240406031112525,1.15247581800649e-07,0.000110563593417327,-1.77168437669906e-06,0.000702223893584855
16240.720887691,-2.43040340641177e-06,3.75683787387922e-05,2.47138442487492e-07,0.000238750170480688,1.13665846678616e-07,0.000109802064177074,-1.74736413801279e-06,0.000697387478021356
16353.352697436,-2.39704247324022e-06,3.73099050195159e-05,2.43746700636929e-07,0.000237105716286134,1.12105816199758e-07,0.00010904578060667,-1.72337774423277e-06,0.000692584371277549
16466.765625498,-2.36413944160606e-06,3.7053205883486e-05,2.40401496283578e-07,0.000235472589929574,1.10567192645131e-07,0.000108294706562282,-1.6997206127519e-06,0.000687814343972139
16580.9650890484,-2.33168802724364e-06,3.67982692238663e-05,2.37102191193397e-07,0.000233850713353857,1.09049682376464e-07,0.000107548806149315,-1.67638822386475e-06,0.000683077168303058
16695.9565428276,-2.29968203211266e-06,3.65450830148378e-05,2.338481558772e-07,0.000232240009040222,1.07552995780316e-07,0.000106808043720696,-1.65337611990433e-06,0.000678372618036618
16811.7454794054,-2.26811534321554e-06,3.62936353110889e-05,2.30638769471046e-07,0.000230640400004571,1.06076847212984e-07,0.000106072383875159,-1.63067990439052e-06,0.000673700468496703
16928.3374294433,-2.23698193143117e-06,3.60439142473084e-05,2.27473419618288e-07,0.000229051809793776,1.04620954946173e-07,0.000105341791455548,-1.60829524119033e-06,0.00066906049655407
17045.737961959,-2.20627585036452e-06,3.57959080376814e-05,2.24351502353198e-07,0.000227474162482,1.03185041113403e-07,0.000104616231547129,-1.5862178536896e-06,0.000664452480615694
17163.9526845917,-2.17599123521206e-06,3.55496049753872e-05,2.21272421986207e-07,0.000225907382667055,1.01768831657152e-07,0.000103895669475914,-1.56444352397611e-06,0.000659876200614209
17282.9872438709,-2.14612230164275e-06,3.53049934320997e-05,2.18235590990687e-07,0.000224351395466779,1.00372056276707e-07,0.000103180070806998,-1.54296809203385e-06,0.000655331437997398
17402.8473254854,-2.11666334469434e-06,3.50620618574914e-05,2.15240429891289e-07,0.000222806126515441,9.89944483767485e-08,0.000102469401342907,-1.52178745494844e-06,0.000650817975717788
17523.5386545551,-2.08760873768473e-06,3.4820798778738e-05,2.12286367153797e-07,0.000221271501960169,9.76357450166156e-08,0.000101763627121958,-1.50089756612333e-06,0.000646335598222273
17645.0669959044,-2.05895293113841e-06,3.45811928000275e-05,2.0937283907649e-07,0.000219747448457404,9.62956868602782e-08,0.000101062714416626,-1.48029443450687e-06,0.000641884091441856
17767.4381543379,-2.03069045172744e-06,3.43432326020703e-05,2.06499289682973e-07,0.000218233893169379,9.49740181269847e-08,0.000100366629731932,-1.45997412382989e-06,0.00063746324278142
17890.6579749169,-2.00281590122703e-06,3.41069069416131e-05,2.03665170616489e-07,0.000216730763760623,9.36704865425874e-08,9.96753398038305e-05,-1.43993275185387e-06,0.000633072841109595
18014.7323432395,-1.97532395548545e-06,3.38722046509539e-05,2.0086994103565e-07,0.000215237988394485,9.23848432915294e-08,9.89888115976181e-05,-1.42016648962924e-06,0.000628712676748683
18139.667185721,-1.948209363408e-06,3.36391146374613e-05,1.98113067511607e-07,0.000213755495729692,9.11168429694918e-08,9.83070123063471e-05,-1.40067156076408e-06,0.000624382541464661
18265.4684698776,-1.92146694595491e-06,3.34076258830941e-05,1.95394023926616e-07,0.000212283214916917,8.98662435366809e-08,9.7629909349252e-05,-1.38144424070265e-06,0.000620082228457241
18392.1422046107,-1.89509159515309e-06,3.31777274439259e-05,1.92712291373987e-07,0.000210821075595387,8.86328062717612e-08,9.69574703701881e-05,-1.36248085601398e-06,0.000615811532350008
18519.6944404947,-1.8690782731212e-06,3.29494084496701e-05,1.90067358059397e-07,0.000209369007889497,8.74162957264105e-08,9.62896632360783e-05,-1.34377778369011e-06,0.00061157024918062
18648.1312700654,-1.84342201110832e-06,3.2722658103209e-05,1.87458719203558e-07,0.000207926942405465,8.62164796805015e-08,9.56264560353744e-05,-1.32533145045406e-06,0.000607358176391082
18777.4588281112,-1.81811790854564e-06,3.24974656801239e-05,1.84885876946199e-07,0.000206494810227996,8.50331290978909e-08,9.49678170765248e-05,-1.3071383320772e-06,0.000603175112818076
18907.6832919665,-1.7931611321112e-06,3.22738205282292e-05,1.82348340251371e-07,0.000205072542916979,8.38660180828165e-08,9.43137148864557e-05,-1.28919495270604e-06,0.000599020858683369
19038.810881806,-1.76854691480749e-06,3.20517120671083e-05,1.79845624814038e-07,0.000203660072504203,8.27149238368881e-08,9.36641182090633e-05,-1.27149788419829e-06,0.00059489521558428
19170.8478609426,-1.74427055505157e-06,3.18311297876515e-05,1.77377252967942e-07,0.000202257331490092,8.15796266166648e-08,9.30189960037135e-05,-1.25404374546794e-06,0.000590797986484215
19303.8005361258,-1.72032741577784e-06,3.16120632515979e-05,1.74942753594732e-07,0.000200864252840472,8.04599096918162e-08,9.2378317443755e-05,-1.23682920183944e-06,0.000586728975703263
19437.6752578439,-1.69671292355294e-06,3.13945020910779e-05,1.72541662034322e-07,0.000199480769983352,7.93555593038493e-08,9.17420519150409e-05,-1.21985096441063e-06,0.000582687988908864
19572.4784206263,-1.6734225677029e-06,3.11784360081597e-05,1.70173519996487e-07,0.000198106816805734,7.82663646254058e-08,9.1110169014462e-05,-1.20310578942453e-06,0.000578674833106536
19708.2164633496,-1.65045189945218e-06,3.09638547743977e-05,1.67837875473653e-07,0.000196742327650435,7.71921177201108e-08,9.04826385484881e-05,-1.18659047764961e-06,0.000574689316630663
19844.8958695448,-1.62779653107458e-06,3.07507482303837e-05,1.65534282654888e-07,0.000195387237312947,7.61326135029734e-08,8.98594305317229e-05,-1.17030187376875e-06,0.000570731249135356
19982.5231677076,-1.6054521350557e-06,3.05391062852995e-05,1.63262301841057e-07,0.000194041481038301,7.50876497013254e-08,8.92405151854644e-05,-1.15423686577638e-06,0.000566800441585363
20121.1049316092,-1.58341444326702e-06,3.03289189164739e-05,1.61021499361149e-07,0.00019270499451797,7.40570268162993e-08,8.86258629362801e-05,-1.13839238438408e-06,0.00056289670624706
20260.6477806113,-1.5616792461511e-06,3.01201761689404e-05,1.5881144748973e-07,0.000191377713886776,7.30405480848257e-08,8.80154444145875e-05,-1.12276540243416e-06,0.00055901985667948
20401.1583799816,-1.54024239191822e-06,2.99128681549982e-05,1.56631724365539e-07,0.000190059575719835,7.20380194421572e-08,8.74092304532488e-05,-1.10735293432151e-06,0.000555169707725429
20542.6434412127,-1.51909978575372e-06,2.97069850537759e-05,1.54481913911187e-07,0.000188750517029514,7.10492494848989e-08,8.68071920861714e-05,-1.09215203542312e-06,0.000551346075502642
20685.1097223421,-1.49824738903651e-06,2.95025171107967e-05,1.52361605753955e-07,0.000187450475262407,7.00740494345499e-08,8.62093005469213e-05,-1.07715980153566e-06,0.000547548777395014
20828.5640282755,-1.47768121856808e-06,2.92994546375471e-05,1.50270395147672e-07,0.00018615938829634,6.91122331015374e-08,8.56155272673436e-05,-1.06237336832064e-06,0.00054377763204388
20973.0132111114,-1.45739734581218e-06,2.90977880110476e-05,1.48207882895667e-07,0.000184877194437392,6.81636168497487e-08,8.50258438761949e-05,-1.04778991075726e-06,0.00054003245933937
21118.464170469,-1.43739189614489e-06,2.88975076734255e-05,1.46173675274763e-07,0.000183603832416936,6.72280195615421e-08,8.44402221977827e-05,-1.03340664260271e-06,0.000536313080411803
21264.923853817,-1.41766104811499e-06,2.86986041314912e-05,1.44167383960321e-07,0.000182339241388704,6.63052626032422e-08,8.38586342506169e-05,-1.01922081585993e-06,0.000532619317623162
21412.3992568061,-1.39820103271445e-06,2.8501067956315e-05,1.42188625952295e-07,0.000181083360925867,6.53951697911024e-08,8.32810522460677e-05,-1.00522972025261e-06,0.000528950994558606
21560.8974236026,-1.379008132659e-06,2.8304889782809e-05,1.40237023502315e-07,0.000179836131018143,6.44975673577359e-08,8.27074485870363e-05,-9.914306827075e-07,0.000525307936018065
21710.4254472254,-1.36007868167839e-06,2.81100603093089e-05,1.38312204041745e-07,0.000178597492068918,6.36122839190032e-08,8.2137795866631e-05,-9.77821066843701e-07,0.000521689968007862
21860.9904698845,-1.3414090638166e-06,2.79165702971597e-05,1.36413800110745e-07,0.000177367384892388,6.27391504413571e-08,8.15720668668559e-05,-9.64398272469072e-07,0.000518096917732426
22012.599683322,-1.32299571274148e-06,2.77244105703033e-05,1.34541449288287e-07,0.000176145750710726,6.18780002096278e-08,8.10102345573058e-05,-9.51159735083461e-07,0.000514528613586035
22165.260329156,-1.30483511106393e-06,2.75335720148686e-05,1.32694794123138e-07,0.000174932531151264,6.10286687952552e-08,8.0452272093873e-05,-9.38102925388834e-07,0.00051098488514463
22318.9796992262,-1.28692378966641e-06,2.73440455787637e-05,1.30873482065775e-07,0.000173727668243694,6.0190994024951e-08,7.98981528174601e-05,-9.25225348806053e-07,0.00050746556315768
22473.7651359423,-1.26925832704065e-06,2.71558222712715e-05,1.29077165401249e-07,0.000172531104417292,5.9364815949793e-08,7.93478502527046e-05,-9.12524544998356e-07,0.00050397047954011
22629.6240326348,-1.25183534863442e-06,2.69688931626457e-05,1.27305501182941e-07,0.00017134278249816,5.85499768147388e-08,7.88013381067093e-05,-8.99998087401312e-07,0.000500499467364268
22786.5638339077,-1.2346515262073e-06,2.67832493837116e-05,1.25558151167254e-07,0.000170162645706482,5.77463210285609e-08,7.82585902677851e-05,-8.87643582759282e-07,0.000497052360851973
22944.592035995,-1.21770357719525e-06,2.65988821254672e-05,1.23834781749166e-07,0.00016899063765381,5.69536951341881e-08,7.77195808041984e-05,-8.754586706682e-07,0.000493628995366586
23103.7161871177,-1.20098826408393e-06,2.64157826386879e-05,1.22135063898693e-07,0.000167826702340357,5.61719477794579e-08,7.71842839629313e-05,-8.63441023124667e-07,0.000490229207405171
23263.9438878451,-1.18450239379057e-06,2.62339422335329e-05,1.204586730982e-07,0.000166670784152317,5.54009296882648e-08,7.66526741684469e-05,-8.51588344081191e-07,0.000486852834590672
23425.2827914574,-1.16824281705435e-06,2.60533522791544e-05,1.18805289280583e-07,0.000165522827859201,5.46404936321068e-08,7.61247260214655e-05,-8.39898369007579e-07,0.000483499715664181
23587.7406043117,-1.15220642783513e-06,2.58740042033087e-05,1.17174596768283e-07,0.000164382778611186,5.38904944020183e-08,7.56004142977479e-05,-8.283688644583e-07,0.000480169690477226
23751.3250862094,-1.1363901627204e-06,2.56958894919698e-05,1.1556628421315e-07,0.000163250581936496,5.315078878089e-08,7.50797139468884e-05,-8.16997627645836e-07,0.00047686259998414
23916.0440507678,-1.12079100034045e-06,2.55189996889453e-05,1.13980044537114e-07,0.000162126183738786,5.24212355161652e-08,7.45626000911144e-05,-8.05782486019839e-07,0.000473578286234461
24081.9053657923,-1.10540596079141e-06,2.5343326395495e-05,1.1241557487368e-07,0.000161009530294554,5.17016952929119e-08,7.40490480240961e-05,-7.94721296852109e-07,0.000470316592365396
24248.9169536531,-1.09023210506639e-06,2.51688612699505e-05,1.10872576510212e-07,0.000159900568250565,5.0992030707261e-08,7.35390332097631e-05,-7.83811946827228e-07,0.000467077362594335
24417.0867916629,-1.07526653449425e-06,2.49955960273392e-05,1.09350754831018e-07,0.000158799244621301,5.02921062402112e-08,7.30325312811308e-05,-7.73052351638855e-07,0.000463860442211415
24586.4229124585,-1.06050639018617e-06,2.48235224390081e-05,1.07849819261202e-07,0.000157705506786415,4.96017882317895e-08,7.2529518039132e-05,-7.62440455591514e-07,0.000460665677572131
24756.933404384,-1.04594885248979e-06,2.46526323322521e-05,1.06369483211294e-07,0.00015661930248822,4.89209448555679e-08,7.20299694514607e-05,-7.51974231207897e-07,0.000457492916090011
24928.6264118777,-1.0315911404508e-06,2.4482917589943e-05,1.04909464022632e-07,0.000155540579829179,4.82494460935264e-08,7.15338616514197e-05,-7.4165167884151e-07,0.000454342006229322
25101.5101358603,-1.017430511282e-06,2.43143701501617e-05,1.03469482913491e-07,0.000154469287269423,4.75871637112632e-08,7.10411709367796e-05,-7.31470826294681e-07,0.000451212797497848
25275.5928341276,-1.0034642598395e-06,2.41469820058318e-05,1.02049264925954e-07,0.000153405373624284,4.6933971233541e-08,7.05518737686432e-05,-7.21429728441765e-07,0.000448105140439695
25450.882821744,-9.89689718106278e-07,2.39807452043564e-05,1.00648538873501e-07,0.000152348788061842,4.62897439201712e-08,7.00659467703197e-05,-7.11526466857567e-07,0.000445018886628168
25627.3884714405,-9.76104254682672e-07,2.3815651847256e-05,9.92670372893271e-08,0.00015129948010049,4.56543587422254e-08,6.95833667262048e-05,-7.01759149450819e-07,0.000441953888658678
25805.1182140139,-9.62705274283958e-07,2.36516940898098e-05,9.79044963753562e-08,0.000150257399606521,4.50276943585756e-08,6.91041105806706e-05,-6.9212591010273e-07,0.000438910000141708
25984.08053873,-9.49490217244763e-07,2.34888641406984e-05,9.65606559519598e-08,0.000149222496791723,4.44096310927528e-08,6.86281554369611e-05,-6.82624908310467e-07,0.000435887075695826
26164.2839937291,-9.36456559030301e-07,2.33271542616485e-05,9.52352594083606e-08,0.000148194722210996,4.3800050910124e-08,6.8155478556097e-05,-6.73254328835536e-07,0.000432884970940744
26345.7371864336,-9.23601809754324e-07,2.3166556767081e-05,9.39280536537183e-08,0.000147174026759988,4.31988373953827e-08,6.76860573557875e-05,-6.64012381357012e-07,0.000429903542490429
26528.4487839603,-9.10923513703642e-07,2.30070640237595e-05,9.26387890688782e-08,0.000146160361672742,4.26058757303443e-08,6.72198694093491e-05,-6.54897300129484e-07,0.000426942647946252
26712.4275135331,-8.98419248869226e-07,2.28486684504425e-05,9.13672194587888e-08,0.000145153678519359,4.202105267205e-08,6.67568924446327e-05,-6.45907343645745e-07,0.000424002145890197
26897.6821629011,-8.86086626483674e-07,2.26913625175373e-05,9.01131020055628e-08,0.000144153929203683,4.14442565311664e-08,6.62971043429575e-05,-6.37040794304067e-07,0.000421081895878105
27084.2215807571,-8.73923290565096e-07,2.25351387467552e-05,8.88761972221866e-08,0.000143161065960999,4.08753771506846e-08,6.58404831380529e-05,-6.2829595808008e-07,0.000418181758432974
27272.0546771616,-8.61926917467179e-07,2.23799897107702e-05,8.76562689068585e-08,0.000142175041355741,4.03143058849072e-08,6.53870070150067e-05,-6.19671164203122e-07,0.000415301595038296
27461.1904239671,-8.500952154355e-07,2.22259080328789e-05,8.64530840979567e-08,0.000141195808279228,3.97609355787272e-08,6.49366543092224e-05,-6.11164764837066e-07,0.00041244126813145
27651.6378552475,-8.38425924169854e-07,2.20728863866626e-05,8.52664130296195e-08,0.000140223319947406,3.92151605471874e-08,6.44894035053809e-05,-6.02775134765486e-07,0.000409600641097128
27843.4060677294,-8.26916814392646e-07,2.19209174956521e-05,8.40960290879368e-08,0.000139257529898607,3.86768765553218e-08,6.40452332364127e-05,-5.94500671081192e-07,0.00040677957826082
28036.5042212264,-8.15565687423159e-07,2.17699941329935e-05,8.29417087677389e-08,0.000138298391991329,3.81459807982717e-08,6.36041222824741e-05,-5.8633979287998e-07,0.000403977944882332
28230.9415390768,-8.04370374757699e-07,2.16201091211175e-05,8.18032316299795e-08,0.000137345860402024,3.76223718816757e-08,6.31660495699332e-05,-5.78290940958624e-07,0.000401195607149357
28426.7273085842,-7.93328737655457e-07,2.14712553314094e-05,8.0680380259699e-08,0.000136399889622908,3.71059498023264e-08,6.27309941703602e-05,-5.70352577516983e-07,0.000398432432171084
28623.8708814609,-7.82438666730105e-07,2.13234256838822e-05,7.95729402245666e-08,0.000135460434459779,3.65966159290947e-08,6.22989352995275e-05,-5.62523185864224e-07,0.000395688287971857
28822.3816742749,-7.71698081546941e-07,2.11766131468509e-05,7.84807000339872e-08,0.000134527450029857,3.6094272984112e-08,6.18698523164143e-05,-5.54801270129047e-07,0.00039296304348487
29022.2691688993,-7.61104930225608e-07,2.10308107366098e-05,7.74034510987714e-08,0.000133600891759638,3.55988250242142e-08,6.14437247222195e-05,-5.47185354973924e-07,0.000390256568545913
29223.5429129655,-7.5065718904822e-07,2.08860115171107e-05,7.63409876913533e-08,0.000132680715382755,3.51101774226359e-08,6.10205321593808e-05,-5.39673985313219e-07,0.000387568733887158
29426.2125203191,-7.40352862072906e-07,2.07422085996443e-05,7.52931069065587e-08,0.000131766876937864,3.46282368509588e-08,6.06002544106014e-05,-5.3226572603522e-07,0.000384899411130986
29630.2876714792,-7.30189980752614e-07,2.05993951425225e-05,7.42596086229049e-08,0.000130859332766538,3.41529112613047e-08,6.01828713978818e-05,-5.24959161727942e-07,0.000382248472783856
29835.7781141006,-7.2016660355919e-07,2.04575643507639e-05,7.32402954644353e-08,0.000129958039511181,3.36841098687749e-08,5.97683631815602e-05,-5.17752896408739e-07,0.000379615792230226
30042.6936634399,-7.10280815612563e-07,2.03167094757797e-05,7.22349727630722e-08,0.000129062954112951,3.3221743134128e-08,5.9356709959358e-05,-5.10645553257587e-07,0.000377001243726497
30251.0442028234,-7.00530728315071e-07,2.01768238150637e-05,7.12434485214906e-08,0.000128174033809697,3.27657227466971e-08,5.89478920654332e-05,-5.03635774354057e-07,0.000374404702395019
30460.8396841202,-6.90914478990752e-07,2.00379007118819e-05,7.02655333764939e-08,0.00012729123613392,3.23159616075386e-08,5.85418899694389e-05,-4.96722220417877e-07,0.000371826044218123
30672.0901282168,-6.81430230529632e-07,1.98999335549659e-05,6.93010405628974e-08,0.000126414518910733,3.1872373812815e-08,5.813868427559e-05,-4.89903570553077e-07,0.000369265146032204
30884.8056254963,-6.72076171036849e-07,1.97629157782078e-05,6.83497858779026e-08,0.000125543840255847,3.14348746374026e-08,5.77382557217342e-05,-4.8317852199562e-07,0.000366721885521837
31098.9963363199,-6.62850513486634e-07,1.96268408603562e-05,6.74115876459612e-08,0.000124679158573571,3.10033805187254e-08,5.73405851784321e-05,-4.76545789864527e-07,0.000364196141213943
31314.6724915125,-6.53751495380994e-07,1.94917023247151e-05,6.64862666841189e-08,0.000123820432554813,3.05778090408101e-08,5.69456536480409e-05,-4.70004106916382e-07,0.000361687792471979
31531.8443928511,-6.44777378413124e-07,1.93574937388447e-05,6.55736462678362e-08,0.00012296762117511,3.01580789185596e-08,5.65534422638068e-05,-4.63552223303248e-07,0.000359196719490191
31750.5224135575,-6.35926448135393e-07,1.92242087142631e-05,6.4673552097275e-08,0.000122120683692663,2.97441099822418e-08,5.61639322889615e-05,-4.57188906333865e-07,0.000356722803287883
31970.7169987928,-6.27197013631928e-07,1.90918409061514e-05,6.37858122640492e-08,0.00012127957964639,2.93358231621919e-08,5.57771051158274e-05,-4.50912940238163e-07,0.000354265925703743
32192.4386661572,-6.18587407195644e-07,1.89603840130591e-05,6.2910257218428e-08,0.000120444268853987,2.89331404737227e-08,5.53929422649261e-05,-4.44723125934971e-07,0.000351825969390198
32415.6980061919,-6.10095984009757e-07,1.88298317766131e-05,6.20467197369925e-08,0.000119614711410008,2.85359850022436e-08,5.5011425384096e-05,-4.38618280802954e-07,0.000349402817807814
32640.5056828852,-6.01721121833616e-07,1.87001779812266e-05,6.1195034890731e-08,0.000118790867683957,2.81442808885819e-08,5.46325362476136e-05,-4.3259723845465e-07,0.000346996355219728
32866.8724341813,-5.93461220692888e-07,1.85714164538119e-05,6.03550400135751e-08,0.000117972698318388,2.77579533145067e-08,5.42562567553223e-05,-4.26658848513654e-07,0.000344606466686124
33094.8090724944,-5.85314702573958e-07,1.84435410634934e-05,5.9526574671364e-08,0.000117160164227026,2.73769284884497e-08,5.38825689317667e-05,-4.20801976394821e-07,0.000342233038058745
33324.3264852235,-5.77280011122557e-07,1.83165457213233e-05,5.8709480631237e-08,0.000116353226592897,2.70011336314234e-08,5.35114549253329e-05,-4.15025503087516e-07,0.000339875955975445
33555.4356352742,-5.6935561134649e-07,1.81904243799991e-05,5.79036018314414e-08,0.000115551846866469,2.66304969631307e-08,5.31428970073947e-05,-4.09328324941813e-07,0.000337535107854771
33788.1475615808,-5.61539989322477e-07,1.80651710335827e-05,5.7108784351559e-08,0.000114755986763811,2.62649476882664e-08,5.27768775714661e-05,-4.03709353457657e-07,0.000335210381890592
34022.4733796346,-5.53831651906982e-07,1.7940779717221e-05,5.63248763831356e-08,0.00011396560826476,2.59044159830049e-08,5.24133791323588e-05,-3.98167515076891e-07,0.000332901667046758
34258.4242820144,-5.46229126451044e-07,1.78172445068693e-05,5.55517282007173e-08,0.000113180673611101,2.55488329816746e-08,5.20523843253466e-05,-3.92701750978166e-07,0.000330608853051802
34496.0115389212,-5.38730960518989e-07,1.76945595190153e-05,5.47891921332801e-08,0.000112401145304765,2.51981307636139e-08,5.16938759053346e-05,-3.87311016874633e-07,0.000328331830393667
34735.2464987164,-5.31335721611032e-07,1.75727189104059e-05,5.40371225360538e-08,0.000111626986106031,2.48522423402081e-08,5.13378367460351e-05,-3.81994282814452e-07,0.000326070490314489
34976.1405884643,-5.24041996889654e-07,1.74517168777749e-05,5.32953757627298e-08,0.000110858159031749,2.45111016421033e-08,5.09842498391476e-05,-3.76750532984001e-07,0.000323824724805391
35218.7053144771,-5.16848392909766e-07,1.73315476575733e-05,5.2563810138052e-08,0.000110094627353569,2.41746435065964e-08,5.0633098293547e-05,-3.71578765513815e-07,0.000321594426601335
35462.9522628655,-5.09753535352541e-07,1.72122055257004e-05,5.18422859307803e-08,0.000109336354596182,2.3842803665197e-08,5.02843653344745e-05,-3.66477992287166e-07,0.000319379489175995
35708.8931000911,-5.02756068762936e-07,1.70936847972378e-05,5.11306653270289e-08,0.000108583304535581,2.35155187313609e-08,4.99380343027364e-05,-3.61447238751293e-07,0.000317179806736674
35956.5395735246,-4.95854656290776e-07,1.69759798261841e-05,5.04288124039648e-08,0.000107835441197325,2.31927261883908e-08,4.95940886539071e-05,-3.56485543731201e-07,0.000314995274219251
36205.9035120061,-4.8904797943543e-07,1.68590850051917e-05,4.9736593103872e-08,0.000107092728854818,2.28743643775035e-08,4.92525119575382e-05,-3.51591959246037e-07,0.000312825787283163
36456.9968264106,-4.82334737793955e-07,1.67429947653057e-05,4.90538752085667e-08,0.000106355132027604,2.25603724860606e-08,4.8913287896373e-05,-3.46765550327965e-07,0.000310671242306424
36709.831510217,-4.75713648812717e-07,1.66277035757036e-05,4.83805283141658e-08,0.000105622615479666,2.22506905359597e-08,4.85764002655658e-05,-3.42005394843544e-07,0.000308531536380676
36964.4196400802,-4.69183447542425e-07,1.65132059434378e-05,4.77164238062014e-08,0.000104895144217743,2.19452593721866e-08,4.8241832971908e-05,-3.37310583317556e-07,0.00030640656730628
37220.7733764093,-4.62742886396503e-07,1.63994964131789e-05,4.70614348350739e-08,0.000104172683489657,2.16440206515227e-08,4.79095700330577e-05,-3.32680218759238e-07,0.000304296233587427
37478.9049639467,-4.563907349128e-07,1.6286569566961e-05,4.64154362918448e-08,0.000103455198782649,2.13469168314078e-08,4.75795955767763e-05,-3.28113416490919e-07,0.0003022004344273
37738.8267323548,-4.50125779518556e-07,1.61744200239288e-05,4.57783047843581e-08,0.000102742655821733,2.10538911589561e-08,4.72518938401689e-05,-3.23609303978993e-07,0.000300119069723254
38000.5510968034,-4.43946823298605e-07,1.60630424400861e-05,4.51499186136921e-08,0.000102035020568051,2.07648876601221e-08,4.69264491689317e-05,-3.19167020667224e-07,0.000298052040062044
38264.0905585636,-4.37852685766742e-07,1.5952431508046e-05,4.45301577509311e-08,0.00010133225921725,2.04798511290154e-08,4.66032460166024e-05,-3.14785717812328e-07,0.000295999246715068
38529.4577056047,-4.31842202640253e-07,1.58425819567831e-05,4.39189038142584e-08,0.000100634338197865,2.0198727117362e-08,4.62822689438178e-05,-3.10464558321823e-07,0.000293960591633661
38796.6652131954,-4.25914225617505e-07,1.57334885513866e-05,4.33160400463601e-08,9.99412241697103e-05,1.99214619241099e-08,4.59635026175754e-05,-3.06202716594095e-07,0.00029193597744441
39065.7258445091,-4.20067622158626e-07,1.56251460928158e-05,4.27214512921419e-08,9.92528840222892e-05,1.96480025851779e-08,4.56469318105003e-05,-3.01999378360671e-07,0.000289925307444501
39336.6524512341,-4.14301275269156e-07,1.55175494176565e-05,4.21350239767486e-08,9.85692848732089e-05,1.93782968633436e-08,4.53325414001171e-05,-2.9785374053064e-07,0.000287928485597108
39609.4579741865,-4.08614083286704e-07,1.54106933978798e-05,4.15566460838874e-08,9.7890394066609e-05,1.91122932382719e-08,4.50203163681275e-05,-2.93765011037227e-07,0.000285945416526802
39884.1554439296,-4.030049596705e-07,1.53045729406014e-05,4.09862071344456e-08,9.72161791715991e-05,1.88499408966782e-08,4.47102417996914e-05,-2.89732408686462e-07,0.000283976005514996
40160.7579813948,-3.97472832793863e-07,1.51991829878439e-05,4.04235981654044e-08,9.65466079807095e-05,1.85911897226287e-08,4.44023028827149e-05,-2.85755163007932e-07,0.000282020158495426
40439.2787985098,-3.9201664573949e-07,1.50945185162991e-05,3.98687117090392e-08,9.58816485083499e-05,1.83359902879714e-08,4.40964849071416e-05,-2.81832514107577e-07,0.000280077782049657
40719.7311988284,-3.86635356097583e-07,1.49905745370932e-05,3.93214417724073e-08,9.52212689892814e-05,1.80842938429005e-08,4.37927732642496e-05,-2.77963712522509e-07,0.000278148783402621
41002.1285781671,-3.81327935766716e-07,1.48873460955525e-05,3.87816838171147e-08,9.45654378770966e-05,1.78360523066484e-08,4.34911534459528e-05,-2.74148019077826e-07,0.000276233070418188
41286.4844252437,-3.76093370757462e-07,1.47848282709717e-05,3.82493347393619e-08,9.39141238427123e-05,1.75912182583066e-08,4.31916110441081e-05,-2.70384704745389e-07,0.000274330551594766
41572.812322323,-3.70930660998694e-07,1.46830161763827e-05,3.77242928502625e-08,9.32672957728707e-05,1.73497449277717e-08,4.28941317498258e-05,-2.66673050504532e-07,0.000272441136060932
41861.1259458642,-3.65838820146562e-07,1.45819049583257e-05,3.72064578564322e-08,9.26249227686531e-05,1.71115861868163e-08,4.25987013527863e-05,-2.63012347204702e-07,0.00027056473357109
42151.4390671752,-3.6081687539607e-07,1.4481489796621e-05,3.66957308408427e-08,9.19869741440011e-05,1.68766965402812e-08,4.23053057405604e-05,-2.59401895429956e-07,0.000268701254501166
42443.7655530697,-3.55863867295267e-07,1.43817659041436e-05,3.61920142439406e-08,9.13534194242512e-05,1.664503111739e-08,4.20139308979348e-05,-2.5584100536535e-07,0.000266850609844324
42738.1193665299,-3.50978849561955e-07,1.42827285265978e-05,3.56952118450216e-08,9.07242283446766e-05,1.64165456631811e-08,4.17245629062423e-05,-2.52328996665133e-07,0.000265012711206716
43034.5145673733,-3.46160888902944e-07,1.41843729422942e-05,3.52052287438641e-08,9.00993708490411e-05,1.61911965300588e-08,4.14371879426963e-05,-2.48865198322777e-07,0.000263187470803264
43332.9653129246,-3.41409064835762e-07,1.40866944619282e-05,3.47219713426108e-08,8.94788170881615e-05,1.59689406694589e-08,4.11517922797302e-05,-2.45448948542762e-07,0.000261374801453466
43633.4858586911,-3.36722469512833e-07,1.39896884283595e-05,3.42453473279023e-08,8.88625374184817e-05,1.57497356236297e-08,4.08683622843413e-05,-2.42079594614151e-07,0.00025957461657723
43936.0905590448,-3.32100207548044e-07,1.38933502163931e-05,3.37752656532523e-08,8.82505024006541e-05,1.55335395175248e-08,4.05868844174388e-05,-2.38756492785875e-07,0.000257786830190743
44240.7938679069,-3.27541395845721e-07,1.37976752325626e-05,3.33116365216676e-08,8.7642682798134e-05,1.53203110508081e-08,4.03073452331972e-05,-2.35479008143749e-07,0.000256011356902367
44547.6103394389,-3.23045163431923e-07,1.37026589149135e-05,3.28543713685038e-08,8.70390495757801e-05,1.51100094899672e-08,4.00297313784129e-05,-2.3224651448916e-07,0.000254248111908552
44856.5546287376,-3.18610651288077e-07,1.36082967327892e-05,3.24033828445584e-08,8.64395738984685e-05,1.49025946605366e-08,3.9754029591867e-05,-2.29058394219438e-07,0.000252497010989798
45167.641492535,-3.14237012186872e-07,1.3514584186618e-05,3.19585847993933e-08,8.58442271297121e-05,1.46980269394255e-08,3.94802267036902e-05,-2.2591403820985e-07,0.000250757970506623
45480.8857899031,-3.0992341053043e-07,1.34215168077011e-05,3.15198922648885e-08,8.52529808302937e-05,1.44962672473532e-08,3.92083096347344e-05,-2.22812845697228e-07,0.000249030907395575
45796.3024829641,-3.05669022190672e-07,1.33290901580027e-05,3.10872214390194e-08,8.46658067569053e-05,1.42972770413859e-08,3.89382653959467e-05,-2.19754224165189e-07,0.000247315739165263
46113.9066376045,-3.01473034351901e-07,1.3237299829941e-05,3.06604896698579e-08,8.40826768607986e-05,1.4101018307578e-08,3.86700810877495e-05,-2.1673758923093e-07,0.000245612383892418
46433.713424195,-2.97334645355521e-07,1.31461414461807e-05,3.02396154397915e-08,8.35035632864437e-05,1.39074535537125e-08,3.8403743899423e-05,-2.13762364533579e-07,0.000243920760217979
46755.7381183149,-2.93253064546906e-07,1.30556106594272e-05,2.98245183499609e-08,8.29284383701984e-05,1.37165458021422e-08,3.81392411084938e-05,-2.10827981624078e-07,0.000242240787343213
47079.9961014825,-2.89227512124359e-07,1.29657031522217e-05,2.94151191049082e-08,8.23572746389848e-05,1.35282585827289e-08,3.78765600801259e-05,-2.07933879856575e-07,0.000240572385025849
47406.5028618884,-2.85257218990153e-07,1.28764146367378e-05,2.90113394974389e-08,8.17900448089773e-05,1.3342555925879e-08,3.76156882665179e-05,-2.05079506281313e-07,0.00023891547357625
47735.2739951367,-2.81341426603601e-07,1.27877408545798e-05,2.86131023936883e-08,8.12267217842972e-05,1.31594023556746e-08,3.73566132063023e-05,-2.0226431553898e-07,0.000237269973853609
48066.3252049891,-2.77479386836166e-07,1.2699677576582e-05,2.82203317183956e-08,8.06672786557188e-05,1.29787628831e-08,3.70993225239506e-05,-1.9948776975652e-07,0.000235635807262165
48399.6723041153,-2.73670361828535e-07,1.26122206026092e-05,2.78329524403773e-08,8.0111688699382e-05,1.28006029993593e-08,3.68438039291814e-05,-1.96749338444364e-07,0.000234012895747452
48735.331214848,-2.69913623849674e-07,1.25253657613589e-05,2.74508905582023e-08,7.95599253755161e-05,1.26248886692871e-08,3.65900452163735e-05,-1.9404849839508e-07,0.000232401161792575
49073.317969944,-2.66208455157801e-07,1.24391089101648e-05,2.70740730860613e-08,7.90119623271701e-05,1.2451586324849e-08,3.6338034263982e-05,-1.91384733583407e-07,0.000230800528414499
49413.6487133493,-2.62554147863283e-07,1.23534459348013e-05,2.67024280398321e-08,7.8467773378954e-05,1.22806628587313e-08,3.60877590339595e-05,-1.88757535067671e-07,0.000229210919160382
49756.3397009709,-2.58950003793401e-07,1.22683727492896e-05,2.6335884423334e-08,7.79273325357868e-05,1.21120856180187e-08,3.58392075711805e-05,-1.86166400892539e-07,0.000227632258103917
50101.4073014524,-2.55395334358983e-07,1.21838852957049e-05,2.5974372214772e-08,7.73906139816548e-05,1.19458223979588e-08,3.559236800287e-05,-1.83610835993126e-07,0.000226064469841712
50448.8679969571,-2.51889460422853e-07,1.20999795439851e-05,2.56178223533667e-08,7.68575920783769e-05,1.17818414358117e-08,3.53472285380363e-05,-1.81090352100402e-07,0.000224507479489683
50798.7383839539,-2.48431712170101e-07,1.20166514917404e-05,2.52661667261676e-08,7.63282413643804e-05,1.1620111404785e-08,3.51037774669076e-05,-1.78604467647911e-07,0.000222961212679481
51151.0351740109,-2.45021428980123e-07,1.19338971640649e-05,2.49193381550466e-08,7.58025365534825e-05,1.14606014080506e-08,3.48620031603719e-05,-1.7615270767976e-07,0.000221425595554941
51505.7751945938,-2.41657959300419e-07,1.18517126133485e-05,2.4577270383871e-08,7.52804525336829e-05,1.13032809728448e-08,3.46218940694215e-05,-1.73734603759873e-07,0.000219900554768552
51862.9753898685,-2.38340660522129e-07,1.17700939190909e-05,2.4239898065852e-08,7.47619643659638e-05,1.11481200446486e-08,3.43834387246016e-05,-1.71349693882503e-07,0.000218386017477956
52222.6528215118,-2.35068898857268e-07,1.16890371877163e-05,2.3907156751066e-08,7.42470472830965e-05,1.09950889814482e-08,3.41466257354612e-05,-1.68997522383948e-07,0.000216881911342471
52584.8246695256,-2.31842049217654e-07,1.16085385523898e-05,2.35789828741484e-08,7.37356766884596e-05,1.08441585480742e-08,3.39114437900096e-05,-1.66677639855507e-07,0.000215388164519633
52949.5082330576,-2.2865949509549e-07,1.15285941728344e-05,2.32553137421547e-08,7.32278281548617e-05,1.06952999106179e-08,3.36778816541754e-05,-1.64389603057604e-07,0.000213904705661764
53316.7209312277,-2.25520628445595e-07,1.14492002351499e-05,2.29360875225901e-08,7.27234774233756e-05,1.05484846309256e-08,3.34459281712698e-05,-1.62132974835117e-07,0.00021243146391257
53686.4803039601,-2.22424849569241e-07,1.13703529516329e-05,2.2621243231601e-08,7.22226004021772e-05,1.04036846611665e-08,3.32155722614534e-05,-1.59907324033844e-07,0.000210968368903751
54058.8040128205,-2.19371566999592e-07,1.12920485605971e-05,2.23107207223302e-08,7.17251731653957e-05,1.02608723384772e-08,3.29868029212066e-05,-1.57712225418135e-07,0.000209515350751647
54433.709841861,-2.16360197388708e-07,1.12142833261965e-05,2.20044606734308e-08,7.12311719519691e-05,1.01200203796775e-08,3.2759609222804e-05,-1.55547259589645e-07,0.000208072340053891
54811.215698468,-2.1339016539611e-07,1.11370535382481e-05,2.1702404577739e-08,7.07405731645092e-05,9.98110187606069e-09,3.25339803137923e-05,-1.53412012907205e-07,0.000206639267886105
55191.3396142186,-2.10460903578863e-07,1.10603555120568e-05,2.14044947311003e-08,7.02533533681732e-05,9.84409028825417e-09,3.2309905416471e-05,-1.51306077407792e-07,0.0002052160657986
55574.0997457415,-2.07571852283177e-07,1.09841855882412e-05,2.11106742213508e-08,6.97694892895449e-05,9.70895944115079e-09,3.20873738273784e-05,-1.49229050728586e-07,0.000203802665813113
55959.5143755845,-2.04722459537489e-07,1.09085401325607e-05,2.08208869174483e-08,6.92889578155211e-05,9.57568351890976e-09,3.18663749167793e-05,-1.47180536030091e-07,0.000202399000419556
56347.6019130871,-2.0191218094702e-07,1.08334155357433e-05,2.05350774587542e-08,6.88117359922081e-05,9.44423706002646e-09,3.16468981281573e-05,-1.45160141920324e-07,0.000201005002572793
56738.380895261,-1.99140479589767e-07,1.0758808213315e-05,2.02531912444601e-08,6.83378010238239e-05,9.31459495246926e-09,3.14289329777107e-05,-1.43167482380024e-07,0.00019962060568944
57131.8699876742,-1.96406825913938e-07,1.06847146054308e-05,1.99751744231615e-08,6.78671302716099e-05,9.18673242888374e-09,3.1212469053851e-05,-1.41202176688914e-07,0.000198245743644683
57528.0879853436,-1.93710697636781e-07,1.06111311767052e-05,1.97009738825736e-08,6.73997012527478e-05,9.06062506186214e-09,3.09974960167056e-05,-1.39263849352949e-07,0.00019688035076912
57927.053813632,-1.91051579644813e-07,1.05380544160461e-05,1.94305372393883e-08,6.6935491639286e-05,8.93624875927824e-09,3.0784003597624e-05,-1.37352130032581e-07,0.000195524361845627
58328.7865291527,-1.88428963895404e-07,1.04654808364876e-05,1.91638128292701e-08,6.64744792570721e-05,8.81357975968565e-09,3.05719815986865e-05,-1.35466653472003e-07,0.000194177712106239
58733.3053206791,-1.85842349319731e-07,1.03934069750259e-05,1.89007496969901e-08,6.60166420846942e-05,8.69259462777989e-09,3.03614198922175e-05,-1.33607059429359e-07,0.000192840337229061
59140.6295100621,-1.83291241727047e-07,1.03218293924546e-05,1.86412975866942e-08,6.55619582524268e-05,8.57327024992211e-09,3.01523084203013e-05,-1.31772992607921e-07,0.000191512173335194
59550.7785531519,-1.80775153710272e-07,1.02507446732024e-05,1.83854069323061e-08,6.51104060411878e-05,8.45558382972484e-09,2.99446371943015e-05,-1.29964102588208e-07,0.000190193156985685
59963.7720407286,-1.78293604552878e-07,1.01801494251712e-05,1.81330288480601e-08,6.46619638814987e-05,8.33951288369768e-09,2.97383962943836e-05,-1.28180043761026e-07,0.000188883225178494
60379.6296994364,-1.75846120137053e-07,1.01100402795756e-05,1.78841151191665e-08,6.42166103524556e-05,8.22503523695331e-09,2.95335758690415e-05,-1.2642047526145e-07,0.000187582315345492
60798.3713927276,-1.73432232853122e-07,1.00404138907829e-05,1.76386181926018e-08,6.37743241807038e-05,8.11212901897192e-09,2.93301661346259e-05,-1.24685060903686e-07,0.000186290365349465
61220.0171218097,-1.71051481510222e-07,9.97126693615552e-06,1.73964911680286e-08,6.33350842394231e-05,8.00077265942426e-09,2.91281573748777e-05,-1.22973469116849e-07,0.000185007313481152
61644.5870266023,-1.68703411248183e-07,9.9025961158927e-06,1.71576877888372e-08,6.28988695473165e-05,7.89094488405148e-09,2.89275399404631e-05,-1.21285372881608e-07,0.000183733098456293
62072.1013866976,-1.66387573450641e-07,9.83439815287479e-06,1.69221624333119e-08,6.24656592676091e-05,7.78262471060196e-09,2.87283042485132e-05,-1.19620449667708e-07,0.000182467659412709
62502.5806223305,-1.64103525659326e-07,9.76666979250767e-06,1.66898701059178e-08,6.20354327070511e-05,7.67579144482352e-09,2.85304407821651e-05,-1.17978381372347e-07,0.000181210935907386
62936.0452953524,-1.6185083148954e-07,9.69940780256871e-06,1.64607664287076e-08,6.16081693149301e-05,7.57042467651099e-09,2.83339400901082e-05,-1.16358854259402e-07,0.000179962867913597
63372.5161102152,-1.59629060546781e-07,9.63260897305344e-06,1.62348076328452e-08,6.11838486820882e-05,7.46650427560758e-09,2.81387927861321e-05,-1.14761558899483e-07,0.00017872339581803
63812.0139149584,-1.57437788344526e-07,9.56627011602358e-06,1.60119505502475e-08,6.07624505399475e-05,7.36401038836028e-09,2.79449895486783e-05,-1.13186190110817e-07,0.000177492460417941
64254.5597022062,-1.5527659622313e-07,9.50038806545578e-06,1.57921526053388e-08,6.0343954759541e-05,7.26292343352738e-09,2.77525211203942e-05,-1.11632446900938e-07,0.00017627000291833
64700.1746101695,-1.53145071269848e-07,9.43495967709167e-06,1.55753718069197e-08,5.99283413505512e-05,7.16322409863871e-09,2.7561378307692e-05,-1.1010003240918e-07,0.000175055964929128
65148.8799236562,-1.51042806239947e-07,9.36998182828866e-06,1.53615667401471e-08,5.95155904603544e-05,7.06489333630655e-09,2.73715519803082e-05,-1.08588653849961e-07,0.000173850288462414
65600.697075087,-1.48969399478906e-07,9.30545141787199e-06,1.51506965586245e-08,5.91056823730729e-05,6.96791236058772e-09,2.7183033070868e-05,-1.07098022456842e-07,0.000172652915929639
66055.6476455202,-1.46924454845682e-07,9.24136536598761e-06,1.49427209766002e-08,5.86985975086318e-05,6.87226264339513e-09,2.69958125744519e-05,-1.05627853427354e-07,0.000171463790138881
66513.7533656814,-1.44907581637027e-07,9.17772061395619e-06,1.47376002612733e-08,5.82943164218246e-05,6.77792591095895e-09,2.68098815481656e-05,-1.04177865868587e-07,0.000170282854292112
66975.0361170023,-1.42918394512849e-07,9.11451412412791e-06,1.45352952252049e-08,5.78928198013829e-05,6.68488414033601e-09,2.66252311107124e-05,-1.0274778274352e-07,0.000169110051982481
67439.5179326655,-1.40956513422594e-07,9.05174287973858e-06,1.43357672188333e-08,5.74940884690548e-05,6.59311955596744e-09,2.64418524419692e-05,-1.01337330818093e-07,0.000167945327191628
67907.2209986571,-1.39021563532635e-07,8.98940388476632e-06,1.41389781230921e-08,5.70981033786874e-05,6.5026146262831e-09,2.62597367825648e-05,-9.99462406090002e-08,0.000166788624287002
68378.167654826,-1.37113175154669e-07,8.9274941637896e-06,1.39448903421299e-08,5.67048456153179e-05,6.41335206035317e-09,2.60788754334616e-05,-9.85742463322059e-08,0.000165639888019206
68852.3803959518,-1.35230983675082e-07,8.86601076184591e-06,1.3753466796129e-08,5.63142963942687e-05,6.32531480458516e-09,2.58992597555398e-05,-9.72210858521601e-08,0.000164499063519359
69329.8818728181,-1.33374629485296e-07,8.8049507442917e-06,1.35646709142235e-08,5.59264370602506e-05,6.2384860394666e-09,2.57208811691848e-05,-9.58865006317188e-08,0.000163366096296475
69810.6948932956,-1.31543757913062e-07,8.74431119666296e-06,1.33784666275142e-08,5.55412490864712e-05,6.15284917635219e-09,2.55437311538769e-05,-9.45702356827447e-08,0.00016224093223486
70294.8424234306,-1.29738019154708e-07,8.68408922453702e-06,1.31948183621795e-08,5.51587140737498e-05,6.06838785429527e-09,2.53678012477851e-05,-9.32720395173922e-08,0.000161123517591527
70782.3475885425,-1.27957068208303e-07,8.6242819533951e-06,1.30136910326804e-08,5.47788137496378e-05,5.98508593692257e-09,2.51930830473615e-05,-9.19916641000553e-08,0.00016001379899363
71273.2336743282,-1.2620056480775e-07,8.56488652848591e-06,1.28350500350596e-08,5.44015299675462e-05,5.90292750935198e-09,2.50195682069411e-05,-9.07288647999808e-08,0.000158911723435916
71767.5241279742,-1.24468173357778e-07,8.50590011469007e-06,1.26588612403315e-08,5.40268447058784e-05,5.82189687515248e-09,2.48472484383421e-05,-8.94834003445268e-08,0.00015781723827819
72265.2425592773,-1.22759562869824e-07,8.44731989638556e-06,1.24850909879635e-08,5.36547400671689e-05,5.74197855334592e-09,2.46761155104703e-05,-8.82550327730664e-08,0.000156730291242805
72766.4127417709,-1.21074406898804e-07,8.38914307731404e-06,1.23137060794472e-08,5.32851982772285e-05,5.66315727544999e-09,2.45061612489261e-05,-8.70435273915235e-08,0.000155650830412162
73271.058613862,-1.19412383480741e-07,8.33136688044799e-06,1.21446737719564e-08,5.29182016842945e-05,5.58541798256148e-09,2.43373775356133e-05,-8.58486527275303e-08,0.000154578804226232
73779.2042799737,-1.17773175071259e-07,8.27398854785897e-06,1.1977961772094e-08,5.25537327581883e-05,5.50874582247999e-09,2.41697563083519e-05,-8.46701804862046e-08,0.000153514161480091
74290.8740116972,-1.16156468484912e-07,8.21700534058649e-06,1.18135382297227e-08,5.21917740894767e-05,5.43312614687063e-09,2.40032895604925e-05,-8.35078855065293e-08,0.000152456851321478
74806.0922489501,-1.14561954835355e-07,8.16041453850806e-06,1.16513717318821e-08,5.18323083886409e-05,5.35854450846618e-09,2.38379693405339e-05,-8.23615457183357e-08,0.000151406823248365
75324.8836011454,-1.12989329476326e-07,8.10421344020987e-06,1.14914312967882e-08,5.14753184852499e-05,5.28498665830713e-09,2.36737877517431e-05,-8.1230942099872e-08,0.000150364027106543
75847.2728483651,-1.11438291943451e-07,8.04839936285855e-06,1.13336863679159e-08,5.11207873271406e-05,5.21243854302004e-09,2.35107369517783e-05,-8.011585863596e-08,0.000149328413087229
76373.2849425456,-1.09908545896834e-07,7.99296964207367e-06,1.11781068081617e-08,5.07686979796027e-05,5.14088630213291e-09,2.3348809152314e-05,-7.90160822767201e-08,0.000148299931724685
76902.9450086679,-1.08399799064443e-07,7.9379216318012e-06,1.10246628940883e-08,5.04190336245697e-05,5.07031626542765e-09,2.3187996618669e-05,-7.79314028968688e-08,0.000147278533893857
77436.2783459591,-1.06911763186274e-07,7.88325270418771e-06,1.08733253102457e-08,5.00717775598154e-05,5.00071495032864e-09,2.30282916694365e-05,-7.68616132555699e-08,0.000146264170808028
77973.3104290997,-1.05444153959279e-07,7.82896024945559e-06,1.07240651435728e-08,4.97269131981561e-05,4.93206905932741e-09,2.28696866761179e-05,-7.5806508956841e-08,0.00014525679401649
78514.0669094413,-1.03996690983043e-07,7.77504167577896e-06,1.05768538778738e-08,4.93844240666575e-05,4.86436547744234e-09,2.27121740627575e-05,-7.4765888410499e-08,0.000144256355402224
79058.5736162311,-1.02569097706225e-07,7.72149440916058e-06,1.04316633883716e-08,4.90442938058485e-05,4.79759126971355e-09,2.25557463055811e-05,-7.37395527936476e-08,0.000143262807179609
79606.8565578463,-1.01161101373712e-07,7.66831589330938e-06,1.02884659363357e-08,4.87065061689386e-05,4.73173367873188e-09,2.24003959326364e-05,-7.27273060126865e-08,0.000142276101892135
80158.9419230357,-9.9772432974517e-08,7.61550358951915e-06,1.01472341637831e-08,4.83710450210428e-05,4.666780122202e-09,2.22461155234359e-05,-7.17289546658491e-08,0.000141296192410139
80714.8560821713,-9.84028271903776e-08,7.56305497654765e-06,1.0007941088253e-08,4.80378943384097e-05,4.60271819053882e-09,2.20928977086026e-05,-7.07443080062481e-08,0.000140323031928552
81274.6255885071,-9.7052022345073e-08,7.51096755049696e-06,9.87056009765257e-09,4.77070382076568e-05,4.53953564449701e-09,2.19407351695178e-05,-6.9773177905434e-08,0.000139356573964664
81838.2771794484,-9.57197603544253e-08,7.45923882469429e-06,9.7350649451735e-09,4.73784608250092e-05,4.47722041283285e-09,2.17896206379714e-05,-6.88153788174486e-08,0.000138396772355905
82405.8377778279,-9.44057866769965e-08,7.40786632957386e-06,9.60142974427857e-09,4.70521464955458e-05,4.41576058999849e-09,2.16395468958148e-05,-6.7870727743377e-08,0.000137443581257639
82977.3344931927,-9.31098502654543e-08,7.3568476125594e-06,9.46962896375653e-09,4.67280796324483e-05,4.35514443386748e-09,2.1490506774616e-05,-6.69390441963817e-08,0.000136496955140975
83552.7946230977,-9.18317035186122e-08,7.30618023794762e-06,9.33963742284554e-09,4.64062447562572e-05,4.29536036349184e-09,2.13424931553171e-05,-6.60201501672203e-08,0.000135556848790592
84132.2456544116,-9.05711022341226e-08,7.2558617867923e-06,9.21143028642284e-09,4.60866264941321e-05,4.23639695688968e-09,2.11954989678943e-05,-6.51138700902335e-08,0.000134623217302581
84715.7152646274,-8.93278055618237e-08,7.20588985678933e-06,9.08498306026093e-09,4.57692095791173e-05,4.17824294886335e-09,2.10495171910199e-05,-6.4220030809803e-08,0.000133696016082296
85303.2313231867,-8.81015759577222e-08,7.15626206216238e-06,8.96027158634851e-09,4.54539788494119e-05,4.12088722884736e-09,2.09045408517272e-05,-6.33384615472664e-08,0.00013277520084223
85894.8218928089,-8.68921791386126e-08,7.10697603354957e-06,8.83727203827602e-09,4.51409192476464e-05,4.06431883878611e-09,2.07605630250771e-05,-6.24689938682904e-08,0.000131860727599895
86490.5152308334,-8.56993840373145e-08,7.05802941789057e-06,8.71596091668393e-09,4.48300158201624e-05,4.00852697104031e-09,2.06175768338273e-05,-6.16114616506874e-08,0.000130952552675723
87090.3397905676,-8.4522962758529e-08,7.0094198783149e-06,8.5963150447742e-09,4.45212537162989e-05,3.95350096632268e-09,2.0475575448104e-05,-6.07657010526779e-08,0.000130050632690981
87694.3242226474,-8.33626905352963e-08,6.96114509403057e-06,8.4783115638827e-09,4.4214618187682e-05,3.89923031166146e-09,2.03345520850753e-05,-5.99315504815852e-08,0.000129154924565697
88302.4973764047,-8.22183456860561e-08,6.91320276021383e-06,8.36192792911283e-09,4.39100945875214e-05,3.84570463839228e-09,2.01945000086272e-05,-5.9108850562963e-08,0.000128265385516603
88914.8883012464,-8.10897095722918e-08,6.86559058789939e-06,8.2471419050288e-09,4.36076683699094e-05,3.79291372017728e-09,2.00554125290421e-05,-5.82974441101437e-08,0.000127381973055093
89531.5262480405,-7.99765665567621e-08,6.81830630387164e-06,8.13393156140821e-09,4.33073250891272e-05,3.74084747105165e-09,1.99172830026788e-05,-5.74971760942076e-08,0.000126504644985191
90152.440670515,-7.88787039622998e-08,6.77134765055638e-06,8.02227526905272e-09,4.30090503989536e-05,3.68949594349681e-09,1.97801048316555e-05,-5.67078936143615e-08,0.000125633359401539
90777.661226663,-7.77959120311823e-08,6.7247123859135e-06,7.91215169565645e-09,4.27128300519805e-05,3.63884932654019e-09,1.96438714635342e-05,-5.59294458687268e-08,0.000124768074687391
91407.217780161,-7.67279838850535e-08,6.6783982833302e-06,7.80353980173076e-09,4.24186498989319e-05,3.5888979438809e-09,1.95085763910079e-05,-5.51616841255258e-08,0.000123908749512631
92041.1404017939,-7.56747154854018e-08,6.63240313151512e-06,7.6964188365854e-09,4.21264958879878e-05,3.53963225204132e-09,1.937421315159e-05,-5.44044616946664e-08,0.000123055342831794
92679.4593708925,-7.46359055945758e-08,6.58672473439303e-06,7.59076833436432e-09,4.18363540641131e-05,3.49104283854392e-09,1.92407753273049e-05,-5.36576338997137e-08,0.000122207813882107
93322.2051767786,-7.36113557373389e-08,6.54136091100038e-06,7.48656811013633e-09,4.1548210568391e-05,3.44312042011321e-09,1.91082565443819e-05,-5.29210580502496e-08,0.000121366122181544
93969.4085202226,-7.26008701629479e-08,6.49630949538141e-06,7.38379825603901e-09,4.12620516373605e-05,3.39585584090221e-09,1.89766504729506e-05,-5.21945934146087e-08,0.000120530227526889
94621.1003149089,-7.16042558077561e-08,6.4515683364852e-06,7.28243913747596e-09,4.09778636023592e-05,3.34924007074345e-09,1.88459508267386e-05,-5.14781011929916e-08,0.000119700089991819
95277.3116889132,-7.06213222583257e-08,6.40713529806311e-06,7.18247138936579e-09,4.06956328888703e-05,3.30326420342385e-09,1.87161513627709e-05,-5.07714444909441e-08,0.000118875669924997
95938.0739861886,-6.96518817150509e-08,6.36300825856725e-06,7.08387591244305e-09,4.04153460158739e-05,3.25791945498333e-09,1.8587245881072e-05,-5.00744882932034e-08,0.000118056927948174
96603.4187680637,-6.86957489562753e-08,6.31918511104936e-06,6.98663386960951e-09,4.01369895952031e-05,3.21319716203672e-09,1.84592282243693e-05,-4.93870994379006e-08,0.000117243824954312
97273.3778147489,-6.77527413029073e-08,6.2756637630606e-06,6.89072668233583e-09,3.98605503309045e-05,3.16908878011878e-09,1.83320922777996e-05,-4.87091465911203e-08,0.000116436322105717
97947.983126856,-6.68226785835157e-08,6.23244213655187e-06,6.79613602711236e-09,3.95860150186027e-05,3.12558588205185e-09,1.82058319686161e-05,-4.80405002218059e-08,0.00011563438083218
98627.2669269249,-6.59053830999099e-08,6.18951816777494e-06,6.70284383194894e-09,3.93133705448699e-05,3.08268015633595e-09,1.80804412658993e-05,-4.73810325770131e-08,0.000114837962829138
99311.2616609643,-6.50006795931871e-08,6.14688980718409e-06,6.61083227292244e-09,3.90426038865989e-05,3.040363405561e-09,1.7955914180268e-05,-4.67306176574999e-08,0.000114047030055843
100000,-6.41083952102509e-08,6.10455501933864e-06,6.52008377077191e-09,3.87737021103817e-05,2.9986275448408e-09,1.78322447635939e-05,-4.60891311936539e-08,0.000113261544733547
